lights,T1,RH_1,T2,RH_2,T3,RH_3,T4,RH_4,T5,RH_5,T6,RH_6,T7,RH_7,T8,RH_8,T9,RH_9,T_out,Press_mm_hg,RH_out,Windspeed,Visibility,Tdewpoint,rv1,rv2,Appliances
0,19.2,40.76,18.6333333333333,39.9,19.3566666666667,42.433333333333294,19.1333333333333,40.863333333333294,17.39,49.4,7.72666666666667,51.863333333333294,18.445,36.145,18.463333333333296,43.433333333333294,16.89,41.23,6.35,757.35,66.0,5.0,40.0,0.45,38.53685214417055,38.53685214417055,30
0,19.2675,40.745,18.7,39.8266666666667,19.29,42.29,19.2,40.6566666666667,17.39,49.26,7.69,52.245,18.6333333333333,35.8633333333333,18.533333333333296,43.1333333333333,17.0,41.1333333333333,6.36666666666667,757.366666666667,65.0,4.66666666666667,40.0,0.266666666666667,1.3893561204895375,1.3893561204895375,40
0,19.29,40.5666666666667,18.73,39.56,19.29,42.1333333333333,19.29,40.5,17.39,49.1266666666667,7.626666666666669,51.823333333333295,18.7,35.73,18.6666666666667,43.0,17.0,41.0,6.383333333333329,757.3833333333331,64.0,4.3333333333333295,40.0,0.0833333333333333,26.36553884949535,26.36553884949535,80
0,19.39,40.53,18.79,39.5,19.29,42.0,19.29,40.5,17.39,49.09,7.43333333333333,52.0966666666667,18.823333333333295,35.9333333333333,18.7633333333333,43.3266666666667,17.0,41.1266666666667,6.4,757.4,63.0,4.0,40.0,-0.1,44.01595344534144,44.01595344534144,70
0,19.39,40.59,18.79,39.6266666666667,19.29,42.0,19.29,40.363333333333294,17.39,49.09,7.15666666666667,52.1333333333333,18.963333333333296,36.0,18.89,43.4666666666667,17.0666666666667,41.2,6.16666666666667,757.3833333333331,64.3333333333333,3.8333333333333295,40.0,-0.0666666666666667,18.653168599121273,18.653168599121273,80
0,19.39,40.6266666666667,18.79,39.7,19.29,41.933333333333294,19.29,40.29,17.39,49.0,7.03,52.5266666666667,18.89,36.1266666666667,19.0,43.73,17.0666666666667,41.06,5.93333333333333,757.366666666667,65.6666666666667,3.6666666666666705,40.0,-0.0333333333333333,2.397956582717597,2.397956582717597,70
0,19.39,40.7,18.79,39.7,19.29,42.0,19.2,40.2,17.39,49.0,6.7,52.63,18.89,36.7333333333333,19.066666666666695,43.93,17.0,40.933333333333294,5.7,757.35,67.0,3.5,40.0,0.0,6.931412336416543,6.931412336416543,80
10,21.6333333333333,36.66666666666671,20.296666666666695,35.6966666666667,20.6666666666667,38.393333333333295,18.1,42.29,18.0,55.723333333333294,2.4,86.2266666666667,18.39,42.1633333333333,19.0,48.23,17.39,46.73,3.2,752.7999999999998,78.0,8.0,40.0,-0.3,17.427517543546855,17.427517543546855,50
10,21.36,34.4,19.63,33.29,19.593333333333305,35.79,18.1,42.29,18.0,55.933333333333294,2.4,87.0,18.39,42.03,19.0,48.06,17.39,46.45,3.2,752.866666666667,78.3333333333333,8.33333333333333,40.0,-0.25,6.416393746621907,6.416393746621907,50
10,21.066666666666695,33.4333333333333,19.15,32.95,19.3266666666667,36.53,18.1,42.4,17.9266666666667,56.06,2.43333333333333,86.98999999999998,18.29,41.76,19.0,47.933333333333294,17.39,46.26,3.2,752.9333333333329,78.6666666666667,8.66666666666667,40.0,-0.2,19.403924443759024,19.403924443759024,150
20,21.0,33.56,19.323333333333295,33.53,19.663333333333295,37.09,18.1,42.3266666666667,17.89,56.1333333333333,2.5,85.3966666666667,18.29,41.3666666666667,18.9266666666667,47.723333333333294,17.39,46.1266666666667,3.2,753.0,79.0,9.0,40.0,-0.15,46.40887741697952,46.40887741697952,390
10,20.89,33.86,19.53,33.99,19.93,37.223333333333294,18.2633333333333,42.4666666666667,17.89,55.8,2.53,85.5666666666667,18.245,40.295,18.9266666666667,47.39,17.29,45.723333333333294,3.2,753.0666666666668,79.3333333333333,9.33333333333333,40.0,-0.1,40.21953856572509,40.21953856572509,390
10,20.89,34.1933333333333,19.66,34.618,20.05,37.395,18.656666666666695,42.3266666666667,17.89,55.4,2.59,85.1666666666667,18.1666666666667,39.49,18.89,46.93,17.29,45.39,3.2,753.1333333333331,79.6666666666667,9.66666666666667,40.0,-0.05,37.93484035413712,37.93484035413712,380
10,20.79,34.6666666666667,19.7,34.7666666666667,20.1,37.6566666666667,19.3,42.2,17.89,55.0,2.56,85.1333333333333,18.1,39.1566666666667,18.89,46.6566666666667,17.29,44.9,3.2,753.2,80.0,10.0,40.0,0.0,47.86249444587156,47.86249444587156,400
10,20.79,35.1933333333333,19.7,35.1,20.1,37.93,19.6933333333333,41.9266666666667,17.89,54.6333333333333,2.5,85.1333333333333,18.1,38.7966666666667,18.8566666666667,46.0633333333333,17.29,44.5,3.2,753.283333333333,80.3333333333333,9.83333333333333,40.0,0.05,49.695693934336305,49.695693934336305,370
10,20.76,35.9266666666667,19.79,35.4633333333333,20.2,38.2666666666667,20.066666666666695,41.363333333333294,17.8233333333333,54.3,2.59,85.19333333333331,18.1,38.53,18.79,45.6566666666667,17.29,44.2,3.2,753.366666666667,80.6666666666667,9.66666666666667,40.0,0.1,30.322049732785672,30.322049732785672,310
10,20.76,36.4,19.8566666666667,35.7966666666667,20.2,38.5266666666667,20.3266666666667,41.1566666666667,17.8566666666667,53.9,2.59,85.0,18.066666666666695,38.19333333333329,18.79,45.33333333333329,17.29,44.1266666666667,3.2,753.45,81.0,9.5,40.0,0.15,1.4688582741655407,1.4688582741655407,40
0,20.79,36.69333333333329,19.9266666666667,36.39,20.2,38.6633333333333,20.5,40.8,17.84,53.57,2.7,84.6266666666667,18.0,37.933333333333294,18.73,45.0666666666667,17.29,44.06,3.2,753.533333333333,81.3333333333333,9.33333333333333,40.0,0.2,16.822267894167453,16.822267894167453,50
10,20.79,37.0266666666667,20.0,36.723333333333294,20.2,38.723333333333294,20.3566666666667,40.59,17.79,53.3266666666667,2.76,84.3666666666667,18.0,37.76,18.7,44.83333333333329,17.29,43.933333333333294,3.2,753.616666666667,81.6666666666667,9.16666666666667,40.0,0.25,13.88290433678776,13.88290433678776,70
10,20.89,37.36,20.033333333333296,37.0666666666667,20.2,38.963333333333296,20.29,40.463333333333296,17.79,53.06,2.73,83.06,18.0,37.6266666666667,18.7,44.6266666666667,17.29,43.723333333333294,3.2,753.7,82.0,9.0,40.0,0.3,5.859877506736666,5.859877506736666,60
10,20.89,37.6333333333333,20.1,37.33333333333329,20.26,39.223333333333294,20.2,40.363333333333294,17.79,53.0,2.86333333333333,82.3333333333333,17.9633333333333,37.4666666666667,18.7,44.4666666666667,17.29,43.59,3.31666666666667,753.7999999999998,82.0,8.83333333333333,38.16666666666669,0.43333333333333296,2.1609129500575364,2.1609129500575364,90
10,20.89,37.8,20.2,37.5,20.323333333333295,39.29,20.1333333333333,40.29,17.79,52.9,3.03,80.7566666666667,17.9633333333333,37.4,18.6333333333333,44.19333333333329,17.29,43.4,3.43333333333333,753.9,82.0,8.66666666666667,36.33333333333329,0.566666666666667,18.51548928534612,18.51548928534612,60
0,22.0,39.223333333333294,21.1,37.95,20.89,40.99,20.1,40.223333333333294,21.6666666666667,79.7933333333333,4.49666666666667,96.2266666666667,19.89,42.1966666666667,20.23,49.33333333333329,18.0,44.463333333333296,5.9,763.7,66.0,5.0,27.0,0.0,39.4547236035578,39.4547236035578,90
0,21.89,39.4,21.0,38.79,21.0,41.29,20.39,41.9,19.79,62.19333333333329,5.19,96.3666666666667,20.6,39.69333333333329,20.6,45.93,18.2,43.9,5.4,763.7,71.3333333333333,6.0,40.0,0.433333333333334,21.17792092030868,21.17792092030868,50
10,21.89,39.4,20.963333333333296,38.863333333333294,20.963333333333296,41.29,20.39,41.6633333333333,19.79,60.7333333333333,4.923333333333329,96.33,20.6,39.43,20.533333333333296,45.59666666666671,18.2,43.9,5.3,763.7,69.1666666666667,6.5,40.0,-0.08333333333333348,26.541218208149076,26.541218208149076,60
10,21.89,39.4,20.963333333333296,38.79,20.89,41.363333333333294,20.39,41.59,19.7,59.5633333333333,4.39666666666667,96.12333333333329,20.6,39.23,20.5,45.1,18.2,43.9,5.2,763.7,67.0,7.0,40.0,-0.6,47.13523811660706,47.13523811660706,70
10,21.89,39.26,20.89,38.6633333333333,20.8566666666667,41.363333333333294,20.29,41.33333333333329,19.6333333333333,58.823333333333295,4.06,96.09,20.6,38.93,20.5,44.7666666666667,18.1666666666667,43.76,5.01666666666667,763.8833333333331,67.6666666666667,6.5,44.16666666666669,-0.633333333333333,35.611227969639,35.611227969639,80
10,21.823333333333295,39.1266666666667,20.89,38.53,20.79,41.363333333333294,20.29,41.2,19.6,57.96,4.0,96.09,20.6,38.6566666666667,20.39,44.223333333333294,18.1,43.6266666666667,4.8333333333333295,764.0666666666668,68.3333333333333,6.0,48.33333333333329,-0.666666666666667,36.2245287746191,36.2245287746191,70
10,21.76,39.06,20.79,38.363333333333294,20.79,41.4,20.29,41.09,19.533333333333296,57.5,3.9666666666666694,96.12333333333329,20.6,38.33333333333329,20.34,43.8975,18.1,43.5266666666667,4.65,764.25,69.0,5.5,52.5,-0.7,23.506430885754526,23.506430885754526,370
20,21.7,38.933333333333294,20.79,38.23,20.79,41.4,20.43,41.4233333333333,19.5,56.863333333333294,3.82666666666667,96.19,20.575,37.975,20.323333333333295,43.5666666666667,18.1,43.2225,4.46666666666667,764.4333333333329,69.6666666666667,5.0,56.66666666666669,-0.733333333333333,6.014112790580839,6.014112790580839,410
10,21.7,38.93,20.76,38.2,20.79,41.29,20.9266666666667,41.7,19.5,56.39,3.82666666666667,96.19,20.5,37.5666666666667,20.29,43.363333333333294,18.1,43.03,4.28333333333333,764.616666666667,70.3333333333333,4.5,60.83333333333329,-0.766666666666667,39.15488354396075,39.15488354396075,250
10,21.7,38.79,20.7,38.2,20.79,41.29,21.4666666666667,41.5,19.39,55.7966666666667,4.02666666666667,96.26333333333329,20.463333333333296,37.223333333333294,20.29,43.1566666666667,18.1,42.9,4.1,764.7999999999998,71.0,4.0,65.0,-0.8,21.907869854476303,21.907869854476303,80
10,21.65,38.69,20.7,38.1633333333333,20.79,41.4,21.6666666666667,40.9,19.39,55.39,4.36666666666667,96.3333333333333,20.39,37.03,20.2,42.863333333333294,18.033333333333296,42.8266666666667,3.6833333333333296,764.733333333333,73.8333333333333,3.8333333333333295,60.83333333333329,-0.7,21.572798991110172,21.572798991110172,70
20,21.29,38.5,20.463333333333296,37.7,20.6,40.83333333333329,20.89,39.26,19.033333333333296,52.433333333333294,2.0266666666666695,95.96666666666668,19.89,36.8266666666667,20.6,43.09,17.89,41.363333333333294,2.5,764.7,78.0,7.0,40.0,-1.0,16.68027575360611,16.68027575360611,280
0,22.1,37.933333333333294,21.1966666666667,35.1333333333333,21.8566666666667,41.1,21.8566666666667,39.1,18.1,50.0666666666667,0.1,96.35,19.463333333333296,37.9,20.26,45.6266666666667,17.89,41.433333333333294,1.85,765.5,81.5,1.5,29.0,-1.05,45.50304634030908,45.50304634030908,250
0,22.033333333333296,37.4,20.89,34.4266666666667,21.79,40.6333333333333,21.79,38.6333333333333,18.1,49.723333333333294,0.2666666666666669,96.43333333333328,19.533333333333296,37.8266666666667,20.29,45.26,17.89,41.29,2.03333333333333,765.533333333333,79.6666666666667,1.66666666666667,29.0,-1.2,42.28013048414141,42.28013048414141,280
0,22.033333333333296,37.9266666666667,20.963333333333296,34.96,22.1,40.745,21.76,38.5,18.1,49.39,0.3333333333333329,96.46666666666668,19.6,37.8266666666667,20.29,45.2,17.89,41.29,2.2166666666666694,765.5666666666668,77.8333333333333,1.8333333333333297,29.0,-1.35,38.927232008427374,38.927232008427374,460
0,22.1,38.25,21.1333333333333,35.5966666666667,22.323333333333295,40.6333333333333,21.7,38.56,18.1,49.1633333333333,0.4,96.4,19.7,37.76,20.39,45.363333333333294,18.0,41.1633333333333,2.4,765.6,76.0,2.0,29.0,-1.5,20.0421714107506,20.0421714107506,120
0,22.1,38.2666666666667,21.26,35.99,22.463333333333296,40.433333333333294,21.6666666666667,38.59,18.1,49.03,0.5,96.53,19.7225,37.595,20.39,44.963333333333296,18.0,41.09,2.4833333333333294,765.5833333333329,75.1666666666667,2.0,30.8333333333333,-1.58333333333333,28.840232943184677,28.840232943184677,120
0,22.1,38.26,21.29,36.3266666666667,22.39,39.93,21.6,38.59,18.1,49.0,0.5666666666666669,96.53,19.8566666666667,37.56,20.39,44.645,18.0,40.863333333333294,2.56666666666667,765.5666666666668,74.3333333333333,2.0,32.66666666666669,-1.66666666666667,3.817972308024764,3.817972308024764,110
0,22.1,38.26,21.29,36.4666666666667,22.323333333333295,39.73,21.6,38.7,18.1666666666667,49.0,0.6999999999999998,96.69,19.89,37.33333333333329,20.533333333333296,44.33333333333329,18.0,40.6566666666667,2.65,765.5499999999998,73.5,2.0,34.5,-1.75,43.648742535151534,43.648742535151534,130
0,22.033333333333296,38.23,21.29,36.59,22.2,39.4,21.533333333333296,38.76,18.1,48.9,0.833333333333333,96.76333333333329,19.963333333333296,37.0666666666667,20.6666666666667,44.1266666666667,18.0,40.363333333333294,2.7333333333333294,765.533333333333,72.6666666666667,2.0,36.33333333333329,-1.8333333333333297,47.8142867796123,47.8142867796123,110
0,22.1,38.23,21.29,36.59,22.1333333333333,39.4,21.5,38.95,18.1,48.8266666666667,0.933333333333333,96.8,20.1333333333333,36.69333333333329,20.73,43.863333333333294,18.0,40.1566666666667,2.81666666666667,765.516666666667,71.8333333333333,2.0,38.16666666666669,-1.91666666666667,25.276553991716355,25.276553991716355,120
0,22.1,38.06,21.29,36.59,22.1,39.363333333333294,21.5,38.9,18.1,48.79,1.0,96.8,20.26,36.433333333333294,20.8566666666667,43.73,18.0,39.9666666666667,2.9,765.5,71.0,2.0,40.0,-2.0,46.21831818949431,46.21831818949431,120
0,22.1,38.06,21.26,36.56,22.1,39.23,21.5,38.9,18.1,48.79,1.06666666666667,96.8333333333333,20.39,36.1633333333333,21.163333333333295,43.4666666666667,18.066666666666695,39.9,2.91666666666667,765.483333333333,69.6666666666667,2.0,40.0,-2.25,6.725676637142897,6.725676637142897,120
0,22.066666666666695,38.1633333333333,21.1333333333333,36.56,22.0,39.1633333333333,21.5,39.09,18.1,48.6633333333333,1.26,96.96666666666668,20.39,35.9633333333333,21.3566666666667,43.2666666666667,18.1,39.83,2.93333333333333,765.466666666667,68.3333333333333,2.0,40.0,-2.5,11.936850158963352,11.936850158963352,130
0,22.0,38.09,21.1,36.59,22.0,39.1633333333333,21.5,38.89,18.1,48.59,1.32333333333333,97.0,20.39,35.6633333333333,21.39,43.1633333333333,18.1666666666667,40.6966666666667,2.95,765.45,67.0,2.0,40.0,-2.75,24.498131102882326,24.498131102882326,120
0,22.0,38.23,21.1,36.6633333333333,21.963333333333296,39.2,21.39,38.4666666666667,18.1,48.59,1.39,97.0,20.39,35.39,21.39,43.09,18.2,40.893333333333295,2.9666666666666694,765.4333333333329,65.6666666666667,2.0,40.0,-3.0,23.703004838898774,23.703004838898774,120
0,22.0,38.23,21.0,36.5633333333333,21.89,39.2,21.39,38.4,18.1,48.59,1.53333333333333,97.19,20.39,35.065,21.533333333333296,43.4,18.2225,40.35,2.9833333333333294,765.4166666666669,64.3333333333333,2.0,40.0,-3.25,21.7497079516761,21.7497079516761,410
0,22.0,37.0266666666667,20.775,34.79,21.8566666666667,38.893333333333295,21.3566666666667,37.5633333333333,18.1,48.4475,1.6,97.19,20.39,34.64,21.6,42.7333333333333,18.29,40.56,3.0,765.4,63.0,2.0,40.0,-3.5,1.962448004633188,1.962448004633188,420
0,21.9266666666667,34.9,20.416,32.39,21.663333333333295,37.9666666666667,21.29,37.23,18.1,48.2675,1.7,97.3,20.531666666666695,34.41,21.6,41.8,18.29,40.5,3.0166666666666706,765.366666666667,62.33333333333329,2.0,40.0,-3.6333333333333298,32.21655075903982,32.21655075903982,140
0,21.8566666666667,33.13,20.0966666666667,31.16,21.463333333333296,36.3,21.26,36.5933333333333,18.1,48.0666666666667,1.73,97.2266666666667,20.6333333333333,33.9233333333333,21.6,41.1,18.29,40.433333333333294,3.03333333333333,765.3333333333329,61.66666666666671,2.0,40.0,-3.7666666666666706,35.778360010590404,35.778360010590404,60
0,21.73,32.4633333333333,19.7633333333333,30.16,21.2633333333333,35.2333333333333,21.2,36.0666666666667,18.1,47.4175,1.79,97.2266666666667,20.76,33.2566666666667,21.6,40.0933333333333,18.39,39.7666666666667,3.05,765.2999999999998,61.0,2.0,40.0,-3.9,17.583336064126343,17.583336064126343,60
10,21.6333333333333,32.0233333333333,19.73,30.366666666666696,21.1,35.03,21.2,35.8633333333333,18.1,46.69333333333329,1.79,97.2266666666667,20.9266666666667,32.9666666666667,21.6,39.5,18.39,39.5,3.06666666666667,765.266666666667,60.33333333333329,2.0,40.0,-4.03333333333333,47.32783744111657,47.32783744111657,70
0,21.7,32.6966666666667,19.8566666666667,31.233333333333295,20.96,35.2966666666667,21.2,35.73,18.1,46.33333333333329,1.79,97.2266666666667,21.066666666666695,32.8266666666667,21.6333333333333,39.26,18.39,39.4666666666667,3.0833333333333295,765.233333333333,59.66666666666671,2.0,40.0,-4.16666666666667,37.1553253615275,37.1553253615275,80
0,21.7,33.4266666666667,19.9842857142857,32.3271428571429,20.84,35.995,21.2,35.6633333333333,18.1,46.1266666666667,1.79,97.2266666666667,21.276,32.94,21.7736363636364,39.069090909090896,18.39,39.3266666666667,3.1,765.2,59.0,2.0,40.0,-4.3,2.5392960174940526,2.5392960174940526,100
0,21.7,33.96,20.08125,33.115,20.89,36.5,21.2,35.59,18.05,46.045,1.79,97.3,21.4670588235294,32.7529411764706,21.84,39.045,18.39,39.26,3.03333333333333,765.1833333333329,59.16666666666671,1.8333333333333297,40.0,-4.3,49.01823904365301,49.01823904365301,80
0,21.7,34.245,20.1461538461538,33.6038461538462,20.963333333333296,36.433333333333294,21.2,35.56,18.088888888888896,46.05,1.79,97.3,21.588888888888896,32.38,21.9664285714286,39.1642857142857,18.39,39.2,2.9666666666666694,765.1666666666669,59.33333333333329,1.66666666666667,40.0,-4.3,10.891122627072036,10.891122627072036,80
0,21.7,34.5666666666667,20.2,33.976,21.0,36.4,21.2,35.5,18.066666666666695,46.06,1.73,97.3,21.6416666666667,32.1175,22.125,39.29,18.39,39.1266666666667,2.9,765.15,59.5,1.5,40.0,-4.3,1.8098001019097865,1.8098001019097865,70
0,21.7,34.8333333333333,20.29,34.5133333333333,21.0,36.4,21.2,35.53,18.0916666666667,46.0825,1.66666666666667,97.26333333333329,21.7,31.8928571428571,22.2933333333333,39.43,18.39,39.33333333333329,2.8333333333333295,765.1333333333331,59.66666666666671,1.33333333333333,40.0,-4.3,13.035193271934986,13.035193271934986,80
0,21.7,35.0666666666667,20.3185714285714,34.7257142857143,21.1,36.59,21.2,35.53,18.1,46.145,1.6,97.19,21.757272727272696,31.5063636363636,22.445,39.53,18.39,39.83,2.7666666666666706,765.116666666667,59.83333333333329,1.16666666666667,40.0,-4.3,36.02078929543495,36.02078929543495,80
0,21.76,35.26,20.39,34.9111111111111,21.1,36.6633333333333,21.2,35.545,18.1,46.2,1.46333333333333,97.1266666666667,21.79,31.235,22.525,39.515,18.39,40.363333333333294,2.7,765.1,60.0,1.0,40.0,-4.3,12.394709058571607,12.394709058571607,90
0,21.73,35.4333333333333,20.39,35.0,21.1333333333333,36.8266666666667,21.1,35.59,18.1,46.2,1.32333333333333,97.0,21.79,31.0444444444444,22.658333333333296,39.5,18.5,41.19333333333329,2.38333333333333,765.0666666666668,62.16666666666671,1.16666666666667,40.0,-4.18333333333333,11.745789577253163,11.745789577253163,80
0,21.79,35.56,20.434,35.116,21.2,36.9,21.1,35.6633333333333,18.05,46.145,1.2,96.8333333333333,21.79,30.79,22.7,39.475,18.5,41.4666666666667,2.06666666666667,765.033333333333,64.3333333333333,1.33333333333333,40.0,-4.06666666666667,1.0505921440199015,1.0505921440199015,80
0,21.7,35.6266666666667,20.39,35.3266666666667,21.1,36.933333333333294,21.066666666666695,35.79,18.0,46.09,1.2,96.9,21.79,30.736,22.76,39.4,18.2233333333333,37.8966666666667,1.75,765.0,66.5,1.5,40.0,-3.95,13.231031387113035,13.231031387113035,80
0,21.7,35.7,20.365,35.675,21.1,37.0,21.0,35.79,18.0,46.09,0.733333333333333,96.29666666666668,21.79,30.825,22.76,39.1,17.89,36.43,1.43333333333333,764.966666666667,68.6666666666667,1.66666666666667,40.0,-3.8333333333333295,34.59008097415789,34.59008097415789,80
10,21.7,35.59,20.3566666666667,35.9,21.066666666666695,37.06,20.89,35.8266666666667,18.0,46.09,0.325,95.82,21.73,30.89,22.566666666666695,37.7666666666667,18.0,36.8,1.11666666666667,764.9333333333329,70.8333333333333,1.8333333333333297,40.0,-3.7166666666666694,1.733469555620104,1.733469555620104,80
10,21.7,35.59,20.29,35.975,21.0,37.06,20.89,36.1,18.0,46.09,-0.0333333333333332,95.3966666666667,21.675,30.9725,22.5,37.2225,18.1,37.03,0.8,764.9,73.0,2.0,40.0,-3.6,3.139306476805359,3.139306476805359,90
10,21.6,35.73,20.23,35.7966666666667,20.963333333333296,37.2,20.89,36.463333333333296,18.0,46.0064285714286,-0.2666666666666669,95.23,21.5214285714286,30.945,22.4511111111111,37.4755555555556,18.1,37.1633333333333,0.533333333333333,764.8833333333331,74.6666666666667,2.0,40.0,-3.56666666666667,19.885304593481123,19.885304593481123,130
20,21.6,35.79,20.15,35.825,20.89,37.26,20.89,36.6633333333333,18.0,46.0,-0.5333333333333329,94.96333333333328,21.5,31.033333333333296,22.434,37.79,18.1,37.2,0.266666666666667,764.866666666667,76.3333333333333,2.0,40.0,-3.53333333333333,24.501421244349327,24.501421244349327,380
10,21.5,36.76,20.1,36.07727272727271,20.79,37.26,21.0,36.8266666666667,18.03,46.027,-0.833333333333333,94.9266666666667,21.412,31.1,22.5,38.858,18.1,37.26,0.0,764.85,78.0,2.0,40.0,-3.5,31.55243737855926,31.55243737855926,800
0,18.0,37.345,17.29,36.5,18.033333333333296,38.6266666666667,17.9266666666667,36.9,16.3677777777778,42.4,0.8,94.8666666666667,16.225,30.38,18.088888888888896,38.1794444444444,15.7633333333333,36.4,2.9,764.35,61.0,1.0,20.5,-4.05,28.100296121556312,28.100296121556312,50
0,18.033333333333296,37.3266666666667,17.29,36.5,18.1,38.7,18.0,36.9,16.3733333333333,42.3694444444444,0.933333333333333,94.93333333333328,16.3572222222222,30.2716666666667,18.1388888888889,38.075,15.69,36.2666666666667,3.13333333333333,764.2999999999998,59.33333333333329,1.0,20.3333333333333,-4.2,16.826205397956073,16.826205397956073,50
10,18.1,37.3266666666667,17.29,36.4666666666667,18.1,38.7,17.9266666666667,36.8266666666667,16.3844444444444,42.02833333333329,1.16333333333333,95.09,16.5155555555556,30.1922222222222,18.225,37.95,15.69,36.1633333333333,3.36666666666667,764.25,57.66666666666671,1.0,20.166666666666696,-4.35,27.032114053145047,27.032114053145047,50
0,18.1,37.1633333333333,17.29,36.4,18.1,38.7,17.89,36.9,16.39,41.66,1.4725,95.3475,16.6388888888889,30.0327777777778,18.3572222222222,37.8572222222222,15.7633333333333,36.03,3.6,764.2,56.0,1.0,20.0,-4.5,45.66156109794974,45.66156109794974,50
0,18.1,37.09,17.29,36.363333333333294,18.1,38.6633333333333,17.815,36.645,16.39,41.465,1.72666666666667,95.7,16.7,29.8744444444444,18.5155555555556,37.745,15.8,35.8633333333333,3.7333333333333294,764.15,56.0,1.16666666666667,27.5,-4.383333333333329,19.344037957489487,19.344037957489487,50
0,18.1,37.0,17.29,36.29,18.1,38.59,17.79,36.36,16.39,41.2872222222222,2.0666666666666695,96.1933333333333,16.7,29.7294444444444,18.6,37.5477777777778,15.8,35.73,3.86666666666667,764.1,56.0,1.33333333333333,35.0,-4.26666666666667,48.01335820229724,48.01335820229724,290
0,18.1,37.06,17.29,36.26,18.1,38.56,17.7633333333333,36.4,16.39,41.103333333333296,2.3333333333333295,96.5266666666667,16.7,29.5833333333333,18.6,37.3561111111111,15.89,36.03,4.0,764.0499999999998,56.0,1.5,42.5,-4.15,19.23432956682518,19.23432956682518,360
0,18.1,37.1633333333333,17.29,36.2,18.1,38.5,18.156666666666695,36.4,16.445,41.0,2.53,96.69,16.715,29.4572222222222,18.6611111111111,37.255,15.89,36.5633333333333,4.133333333333329,764.0,56.0,1.66666666666667,50.0,-4.03333333333333,47.08009896567091,47.08009896567091,230
0,18.1666666666667,37.09,17.29,36.245,18.0,38.29,18.533333333333296,36.2966666666667,16.5,40.9155555555556,2.66333333333333,96.8966666666667,16.77,29.3622222222222,18.7,37.1105555555556,15.9633333333333,36.4666666666667,4.26666666666667,763.95,56.0,1.8333333333333297,57.5,-3.9166666666666705,34.03178285807371,34.03178285807371,60
0,18.2,36.863333333333294,17.3233333333333,36.23,18.0,38.29,18.6666666666667,35.89,16.5277777777778,40.71,2.93333333333333,96.69,16.8066666666667,29.215,18.7,36.9994444444444,15.89,36.3266666666667,4.4,763.9,56.0,2.0,65.0,-3.8,45.13211768353358,45.13211768353358,70
0,18.26,36.73,17.39,36.03,18.0,38.2,18.6,35.4666666666667,16.5555555555556,40.3666666666667,3.0,96.62333333333329,16.945,29.15,18.7,36.8988888888889,16.0,36.4,4.45,763.866666666667,55.16666666666671,1.8333333333333297,57.5,-3.95,12.689853284973651,12.689853284973651,70
0,18.323333333333295,36.4,17.5333333333333,36.0,18.0,38.1266666666667,18.533333333333296,35.1933333333333,16.6277777777778,39.9172222222222,3.12666666666667,97.0,17.0777777777778,29.055,18.7,36.7961111111111,15.9266666666667,36.4666666666667,4.5,763.8333333333329,54.33333333333329,1.66666666666667,50.0,-4.1,20.30485647264868,20.30485647264868,80
0,18.39,36.3266666666667,17.6666666666667,36.06,18.033333333333296,38.0,18.39,35.09,16.735,39.70888888888889,3.2,96.93333333333328,17.245,28.8855555555556,18.7,36.725,16.0,36.645,4.55,763.7999999999998,53.5,1.5,42.5,-4.25,0.712430675048381,0.712430675048381,60
0,18.533333333333296,36.5,17.8233333333333,36.0,18.1,37.933333333333294,18.39,35.1633333333333,16.84,39.6144444444444,3.29,97.0,17.4161111111111,28.8183333333333,18.775,36.603333333333296,15.9633333333333,36.8266666666667,4.6,763.766666666667,52.66666666666671,1.33333333333333,35.0,-4.4,5.5223897099494925,5.5223897099494925,60
0,18.6666666666667,36.76,17.89,35.86,18.1333333333333,37.76,18.323333333333295,35.4633333333333,16.9383333333333,39.58,3.36333333333333,97.0,17.5888888888889,28.698888888888895,18.84,36.4988888888889,15.9633333333333,36.9,4.65,763.733333333333,51.83333333333329,1.16666666666667,27.5,-4.55,25.07688959594816,25.07688959594816,40
0,18.823333333333295,36.9,18.033333333333296,35.7,18.2,37.7,18.39,35.6633333333333,17.0666666666667,39.515,3.4,96.93333333333328,17.7438888888889,28.588888888888896,18.9627777777778,36.4055555555556,16.0,36.9,4.7,763.7,51.0,1.0,20.0,-4.7,18.576332402881235,18.576332402881235,50
0,18.963333333333296,36.9,18.1666666666667,35.6266666666667,18.23,37.73,18.39,35.86,17.2438888888889,39.4327777777778,3.4,96.93333333333328,17.84,28.4755555555556,19.1055555555556,36.345,16.0,36.9666666666667,4.66666666666667,763.766666666667,52.5,1.0,20.3333333333333,-4.36666666666667,40.2957777143456,40.2957777143456,50
0,19.163333333333295,36.863333333333294,18.4266666666667,35.53,18.29,37.79,18.463333333333296,36.19333333333329,17.4338888888889,39.3144444444444,3.32666666666667,96.6266666666667,17.9627777777778,28.3472222222222,19.2038888888889,36.1722222222222,16.0,37.1566666666667,4.633333333333329,763.8333333333329,54.0,1.0,20.666666666666696,-4.03333333333333,0.3961421782150864,0.3961421782150864,40
0,19.3566666666667,36.73,18.566666666666695,35.59,18.39,37.79,18.5,36.5,17.5827777777778,39.2772222222222,3.4666666666666694,96.6266666666667,18.066666666666695,28.245,19.34,36.065,16.0,37.363333333333294,4.6,763.9,55.5,1.0,21.0,-3.7,41.82560296030715,41.82560296030715,40
0,19.55,36.645,18.823333333333295,35.59,18.39,37.79,18.566666666666695,36.56,17.76,39.1855555555556,3.5,96.545,18.1611111111111,28.1827777777778,19.4627777777778,35.9827777777778,16.0,37.1566666666667,4.56666666666667,763.966666666667,57.0,1.0,21.3333333333333,-3.36666666666667,18.841958965640515,18.841958965640515,40
0,19.73,36.59,18.963333333333296,35.6633333333333,18.39,37.79,18.6,36.6266666666667,17.8794444444444,39.3588888888889,3.36333333333333,96.13333333333328,18.2,28.33,19.566666666666695,36.1105555555556,16.0,37.43,4.53333333333333,764.033333333333,58.5,1.0,21.666666666666696,-3.03333333333333,19.262426660861816,19.262426660861816,50
0,19.79,36.6633333333333,19.1333333333333,35.9,18.4266666666667,37.86,18.533333333333296,36.7,17.9877777777778,39.525,3.23,95.66,18.255,28.5483333333333,19.683333333333305,36.2811111111111,16.1,37.73,4.5,764.1,60.0,1.0,22.0,-2.7,47.576528775971376,47.576528775971376,40
0,19.823333333333295,36.73,19.2,35.9666666666667,18.5,38.0,18.5,36.745,18.0,39.6083333333333,3.0266666666666695,95.1666666666667,18.29,28.7038888888889,19.725,36.3988888888889,16.1,37.79,4.133333333333329,764.1333333333331,61.66666666666671,1.0,29.166666666666696,-2.7,23.78371197264641,23.78371197264641,50
0,19.89,36.863333333333294,19.23,36.1266666666667,18.5,38.09,18.463333333333296,36.863333333333294,18.0,39.725,2.82666666666667,94.5666666666667,18.29,28.8472222222222,19.785,36.5555555555556,16.1,37.79,3.7666666666666706,764.1666666666669,63.33333333333329,1.0,36.33333333333329,-2.7,27.604689716827124,27.604689716827124,40
0,19.89,36.9,19.29,36.26,18.566666666666695,38.09,18.39,36.863333333333294,18.061111111111096,39.8572222222222,2.43,93.43333333333328,18.29,28.9877777777778,19.72,36.7127777777778,16.1,37.863333333333294,3.4,764.2,65.0,1.0,43.5,-2.7,46.73581625102088,46.73581625102088,40
0,19.89,36.9,19.26,36.4,18.6,38.2,18.3566666666667,36.9,18.0277777777778,39.8572222222222,2.23,93.0333333333333,18.235,29.088888888888896,19.71,36.8627777777778,16.1,37.933333333333294,3.03333333333333,764.233333333333,66.6666666666667,1.0,50.66666666666669,-2.7,43.1718128034845,43.1718128034845,40
0,19.89,36.933333333333294,19.2,36.4,18.6,38.2,18.29,36.8266666666667,18.0277777777778,39.8572222222222,1.8,91.7666666666667,18.1722222222222,29.1888888888889,19.7,37.01388888888889,16.1,38.0,2.66666666666667,764.266666666667,68.3333333333333,1.0,57.83333333333329,-2.7,12.995724217034876,12.995724217034876,40
0,19.89,37.0,19.2,36.5,18.6,38.2,18.2,36.56,18.0555555555556,39.9044444444444,1.46,91.16,18.1222222222222,29.3138888888889,19.6111111111111,37.0961111111111,16.1,38.1266666666667,2.3,764.2999999999998,70.0,1.0,65.0,-2.7,34.38499172916636,34.38499172916636,50
0,19.79,37.03,19.1,36.6266666666667,18.6,38.26,18.2,36.433333333333294,18.0277777777778,39.9277777777778,0.9,89.9333333333333,18.0722222222222,29.445,19.511111111111095,37.2127777777778,16.1,38.2,1.9666666666666697,764.366666666667,71.1666666666667,1.0,65.0,-2.8,22.3953623091802,22.3953623091802,40
0,19.79,37.09,19.1,36.76,18.6,38.29,18.1,36.7666666666667,18.0,39.9,0.5666666666666669,89.7266666666667,18.0,29.6594444444444,19.4572222222222,37.3205555555556,16.1,38.23,1.63333333333333,764.4333333333329,72.3333333333333,1.0,65.0,-2.9,10.900813795160502,10.900813795160502,20
0,19.79,37.2,19.0,36.73,18.6,38.23,18.033333333333296,36.9,18.0,39.8816666666667,0.2,89.43,17.9633333333333,29.8177777777778,19.39,37.363333333333294,16.0333333333333,38.23,1.3,764.5,73.5,1.0,65.0,-3.0,34.31184075307101,34.31184075307101,20
10,20.29,39.6266666666667,19.6,38.6333333333333,20.5,40.2,19.1,38.59,18.4388888888889,50.9277777777778,4.8333333333333295,92.8,19.2,34.7933333333333,21.39,41.4611111111111,18.6,39.963333333333296,4.5,743.2,76.3333333333333,5.3333333333333295,40.0,0.633333333333333,49.427255929913365,49.427255929913365,650
0,20.29,39.33333333333329,19.6,38.36,20.533333333333296,40.3266666666667,19.1,38.59,18.4877777777778,50.8816666666667,4.96666666666667,92.6,19.2,34.645,21.4816666666667,41.5144444444444,18.5,39.9,4.65,743.1,75.6666666666667,5.16666666666667,40.0,0.666666666666667,9.19344127178192,9.19344127178192,680
0,20.29,39.2,19.6,38.29,20.726666666666695,40.7333333333333,19.1,38.59,18.4388888888889,50.74,4.79666666666667,91.83,19.205,34.57,21.5277777777778,41.4111111111111,18.5,39.9,4.8,743.0,75.0,5.0,40.0,0.7,16.47238628938794,16.47238628938794,390
0,20.29,39.66666666666671,19.6,38.29,21.033333333333296,41.1566666666667,19.1,38.6633333333333,18.4205555555556,50.6572222222222,4.463333333333329,90.35666666666668,19.28,34.5172222222222,21.6611111111111,41.4944444444444,18.5,39.9,4.71666666666667,742.8333333333329,74.6666666666667,5.16666666666667,40.0,0.55,19.027393579017367,19.027393579017367,310
0,20.29,40.2666666666667,19.6,38.29,21.226666666666695,41.29,19.1,38.8266666666667,18.39,50.53,4.19,90.445,19.3288888888889,34.3277777777778,21.725,41.8283333333333,18.5,39.9,4.633333333333329,742.6666666666669,74.3333333333333,5.3333333333333295,40.0,0.4,25.23441364755854,25.23441364755854,300
0,20.39,40.8,19.675,38.4475,21.4266666666667,41.2,19.1666666666667,38.9,18.39,50.5,4.22666666666667,90.6666666666667,19.39,34.155,21.8572222222222,42.2155555555556,18.533333333333296,39.83333333333329,4.55,742.5,74.0,5.5,40.0,0.25,29.555801290553063,29.555801290553063,140
0,20.39,41.06,19.7,38.76,21.566666666666695,41.1266666666667,19.2,38.9,18.4022222222222,50.51,4.49333333333333,91.06,19.408333333333296,34.045,21.9388888888889,42.0294444444444,18.6,39.7,4.46666666666667,742.3333333333329,73.6666666666667,5.66666666666667,40.0,0.1,0.835516327060759,0.835516327060759,280
0,20.6333333333333,41.83333333333329,19.39,39.4666666666667,21.39,40.1633333333333,19.2,38.79,18.39,50.275,5.1,89.7933333333333,19.6,33.4888888888889,22.5044444444444,41.1377777777778,18.6,39.8266666666667,5.05,741.65,69.5,5.5,40.0,-0.2,46.97473678970709,46.97473678970709,390
0,20.7,41.3425,19.39,39.4,21.39,39.963333333333296,19.26,38.79,18.39,50.1694444444444,5.43333333333333,89.5333333333333,19.6883333333333,33.4216666666667,22.65,41.025,18.6666666666667,40.1,5.3,741.533333333333,68.3333333333333,5.3333333333333295,40.0,-0.2,19.980889419093728,19.980889419093728,190
0,20.7,40.963333333333296,19.4266666666667,39.3266666666667,21.29,39.79,19.29,38.8266666666667,18.39,50.075,5.66,88.3666666666667,19.78,33.2772222222222,22.7805555555556,40.9205555555556,18.7,40.433333333333294,5.55,741.4166666666669,67.1666666666667,5.16666666666667,40.0,-0.2,48.197239835280925,48.197239835280925,480
0,20.73,40.49,19.4266666666667,39.4,21.3566666666667,40.0633333333333,19.29,38.9,18.39,49.95,5.86666666666667,86.7,19.8916666666667,33.26,22.9094444444444,40.7144444444444,18.76,40.6333333333333,5.8,741.2999999999998,66.0,5.0,40.0,-0.2,35.76415779534727,35.76415779534727,350
0,20.79,40.23,19.5,39.5,21.5966666666667,41.5933333333333,19.29,38.8266666666667,18.39,49.8572222222222,6.06,85.65999999999998,20.0,33.12,23.0166666666667,40.3866666666667,18.79,40.9,5.8333333333333295,741.2,66.0,5.0,40.0,-0.166666666666667,9.56839375430718,9.56839375430718,340
0,20.823333333333295,40.36,19.5,39.56,21.9425,42.625,19.29,38.8266666666667,18.39,49.79,5.86666666666667,83.32666666666668,20.0722222222222,32.9833333333333,23.1,40.225,18.79,40.9,5.86666666666667,741.1,66.0,5.0,40.0,-0.133333333333333,37.38788680639117,37.38788680639117,530
0,20.89,40.56,19.5,39.59,22.26,42.9,19.29,38.79,18.39,49.715,5.93333333333333,83.8666666666667,20.088888888888896,32.835,23.198333333333295,40.033333333333296,18.79,40.745,5.9,741.0,66.0,5.0,40.0,-0.1,26.3216839870438,26.3216839870438,510
0,21.0,40.59,19.5,39.6633333333333,22.533333333333296,42.6,19.29,38.79,18.39,49.7,6.0,82.7266666666667,20.1388888888889,32.6988888888889,23.3066666666667,39.9722222222222,18.79,40.6633333333333,5.93333333333333,740.9,66.0,5.0,40.0,-0.0666666666666667,8.557579934131354,8.557579934131354,230
0,21.0,40.6633333333333,19.566666666666695,39.73,22.6666666666667,42.2666666666667,19.39,38.76,18.39,49.6572222222222,6.1233333333333295,82.29999999999998,20.245,32.6022222222222,23.378888888888895,39.735,18.79,40.59,5.96666666666667,740.7999999999998,66.0,5.0,40.0,-0.0333333333333333,13.959222368430346,13.959222368430346,110
0,21.033333333333296,40.363333333333294,19.566666666666695,39.6566666666667,22.7,41.4966666666667,19.39,38.7,18.39,49.6144444444444,6.19,82.36,20.285,32.5094444444444,23.39,39.5172222222222,18.79,40.59,6.0,740.7,66.0,5.0,40.0,0.0,25.30934070236981,25.30934070236981,80
0,21.1,39.963333333333296,19.6,39.5,22.566666666666695,40.7566666666667,19.39,38.6633333333333,18.39,49.585,6.14,80.25,20.275,32.3561111111111,23.3961111111111,39.253333333333295,18.79,40.53,5.98333333333333,740.6666666666669,66.0,5.0,40.0,-0.0166666666666667,26.81715616490692,26.81715616490692,80
0,21.1333333333333,39.86,19.6,39.5,22.3566666666667,40.33333333333329,19.39,38.59,18.39,49.56,6.09,78.86,20.3066666666667,32.2288888888889,23.4877777777778,39.1694444444444,18.79,40.5,5.96666666666667,740.6333333333331,66.0,5.0,40.0,-0.0333333333333333,29.596887121442705,29.596887121442705,80
0,21.2,40.1333333333333,19.6333333333333,39.4,22.29,40.26,19.39,38.59,18.39,49.5044444444444,6.09,77.59333333333329,20.461666666666705,32.1572222222222,23.6,39.045,18.8566666666667,41.16666666666671,5.95,740.6,66.0,5.0,40.0,-0.05,21.63866827031597,21.63866827031597,100
0,21.23,39.99,19.7,39.3175,22.2,40.0,19.39,38.53,18.39,49.433333333333294,6.02666666666667,79.79666666666668,20.5833333333333,32.1327777777778,23.745,38.96,18.89,42.0266666666667,5.93333333333333,740.5666666666668,66.0,5.0,40.0,-0.0666666666666667,18.881919002160426,18.881919002160426,110
0,21.29,39.6566666666667,19.7,39.363333333333294,22.1333333333333,39.933333333333294,19.39,38.5,18.39,49.3572222222222,5.69333333333333,78.8633333333333,20.511111111111095,32.0144444444444,23.79,38.8327777777778,18.89,41.7666666666667,5.91666666666667,740.533333333333,66.0,5.0,40.0,-0.0833333333333333,40.519732236862176,40.519732236862176,120
0,21.29,39.33333333333329,19.7,39.363333333333294,21.963333333333296,39.76,19.39,38.4,18.39,49.245,5.263333333333329,80.6566666666667,20.5055555555556,31.8288888888889,23.8066666666667,38.808333333333294,18.89,41.6566666666667,5.9,740.5,66.0,5.0,40.0,-0.1,29.075326398015022,29.075326398015022,110
0,21.29,39.1266666666667,19.76,39.23,21.963333333333296,39.6266666666667,19.39,38.3266666666667,18.39,49.1083333333333,5.19,81.4633333333333,20.566666666666695,31.6972222222222,23.9461111111111,38.735,18.89,41.79,5.75,740.5,66.5,4.8333333333333295,40.0,-0.133333333333333,27.742257050704207,27.742257050704207,110
0,21.323333333333295,39.06,19.79,39.09,21.89,39.56,19.39,38.26,18.39,49.045,5.3333333333333295,82.1566666666667,20.6277777777778,31.538888888888895,24.0722222222222,38.6511111111111,18.963333333333296,41.863333333333294,5.6,740.5,67.0,4.66666666666667,40.0,-0.166666666666667,12.828005815390496,12.828005815390496,100
0,21.39,40.2666666666667,19.8566666666667,39.03,21.89,39.56,19.39,38.2,18.39,48.9833333333333,5.4,81.3633333333333,20.6888888888889,31.4694444444444,24.198333333333295,38.545,18.963333333333296,41.79,5.45,740.5,67.5,4.5,40.0,-0.2,34.82715814607218,34.82715814607218,90
0,21.6,38.56,19.726666666666695,36.723333333333294,21.76,39.4,19.39,38.09,18.39,48.9,5.4,80.7666666666667,20.76,31.323888888888895,24.29,38.4294444444444,18.9266666666667,41.79,5.3,740.5,68.0,4.3333333333333295,40.0,-0.233333333333333,6.220115604810417,6.220115604810417,70
0,21.6,37.5,19.6,36.6633333333333,21.7,39.0,19.39,38.1633333333333,18.39,48.8177777777778,5.3333333333333295,80.4933333333333,20.7,31.21,24.235,38.3144444444444,18.9266666666667,41.6566666666667,5.15,740.5,68.5,4.16666666666667,40.0,-0.266666666666667,32.671255711466074,32.671255711466074,70
0,21.533333333333296,37.6333333333333,19.6,37.0666666666667,21.6,38.59,19.39,37.9666666666667,18.39,48.63,5.06,79.66333333333331,20.6611111111111,31.1611111111111,24.2,38.3727777777778,18.89,41.56,5.0,740.5,69.0,4.0,40.0,-0.3,35.05368222249672,35.05368222249672,200
0,21.463333333333296,37.73,19.6,37.26,21.533333333333296,38.53,19.39,37.7666666666667,18.39,48.4872222222222,4.7933333333333294,80.5233333333333,20.5833333333333,31.1,24.15,38.6611111111111,18.89,41.5,4.75,740.5499999999998,70.5,4.0,40.0,-0.25,2.826646203175187,2.826646203175187,280
0,21.39,37.99,19.566666666666695,37.59666666666671,21.5,38.59,19.29,37.59,18.39,48.3116666666667,4.52666666666667,80.5233333333333,20.5555555555556,31.1055555555556,24.1111111111111,39.0894444444444,18.89,41.33333333333329,4.5,740.6,72.0,4.0,40.0,-0.2,45.91644915053621,45.91644915053621,180
10,19.6,40.79,18.823333333333295,38.1266666666667,20.86,39.6266666666667,18.89,37.1633333333333,17.7,52.6966666666667,3.6633333333333296,66.9933333333333,18.89,31.8644444444444,20.5833333333333,38.2144444444444,17.89,39.5,4.0,758.533333333333,68.8333333333333,5.8333333333333295,40.0,-1.25,16.056025226134807,16.056025226134807,250
10,19.6,40.79,18.963333333333296,38.2,21.0,39.7,18.963333333333296,37.09,17.7,52.565,3.86,66.1666666666667,18.9022222222222,31.66,20.6,38.0694444444444,17.89,39.433333333333294,4.2,758.6666666666669,67.6666666666667,5.66666666666667,40.0,-1.3,42.39439732627943,42.39439732627943,210
20,19.7,40.9,19.033333333333296,38.23,21.1333333333333,39.723333333333294,19.033333333333296,37.03,17.6888888888889,52.448888888888895,4.06,63.3,18.9938888888889,31.498333333333296,20.6,37.8805555555556,17.9266666666667,39.23,4.4,758.7999999999998,66.5,5.5,40.0,-1.35,19.063519197516143,19.063519197516143,80
10,19.76,40.8266666666667,19.1,38.23,21.2675,39.42,19.1,37.03,17.65,52.2977777777778,4.22666666666667,62.363333333333294,19.0277777777778,31.3177777777778,20.6,37.6427777777778,17.9266666666667,39.29,4.6,758.9333333333329,65.3333333333333,5.3333333333333295,40.0,-1.4,13.756216107867658,13.756216107867658,70
10,19.79,40.49,19.1,38.2,21.23,38.89,19.1,37.0,17.6611111111111,52.1733333333333,4.36666666666667,61.5633333333333,19.116666666666696,31.198333333333295,20.6388888888889,37.4988888888889,17.89,39.2,4.8,759.0666666666668,64.1666666666667,5.16666666666667,40.0,-1.45,45.89717513881624,45.89717513881624,50
10,19.8566666666667,40.23,19.1,38.09,21.115,38.545,19.1,36.933333333333294,17.6333333333333,52.1266666666667,4.5,61.0,19.29,31.0,20.7,37.245,17.9175,39.245,5.0,759.2,63.0,5.0,40.0,-1.5,43.8472468056716,43.8472468056716,60
10,19.89,39.7966666666667,19.1,38.06,21.0,38.2,19.1,36.9666666666667,17.6222222222222,51.9205555555556,4.59,59.19333333333329,19.3916666666667,30.8472222222222,20.725,37.0955555555556,17.9266666666667,39.2,5.0,759.2999999999998,62.83333333333329,5.5,40.0,-1.53333333333333,16.32423980627209,16.32423980627209,50
10,19.963333333333296,39.53,19.1,38.0,21.0,38.09,19.1666666666667,36.9,17.6083333333333,51.7675,4.8,60.79,19.533333333333296,30.79,20.8566666666667,36.9777777777778,18.0,39.2,5.0,759.4,62.66666666666671,6.0,40.0,-1.56666666666667,4.561434045899659,4.561434045899659,50
20,20.1,39.43,19.18,37.9833333333333,20.89,37.9,19.2,36.79,17.6041666666667,51.58375,5.3,56.4,19.79,30.5,21.1,36.7,18.0,39.0,5.0,759.5,62.5,6.5,40.0,-1.6,9.929686435498295,9.929686435498295,50
10,20.1666666666667,39.1566666666667,19.26,37.9666666666667,20.865,37.8725,19.2,36.79,17.6,51.4,5.35,56.55,19.79,30.445,21.1,36.7,18.0,39.0,5.0,759.6,62.33333333333329,7.0,40.0,-1.63333333333333,8.864324307069182,8.864324307069182,530
10,20.26,39.0666666666667,19.2,37.845,20.79,37.79,19.2,36.79,17.6,51.2,5.4,56.2,19.79,30.39,21.1,36.59,18.0,39.0,5.0,759.7,62.16666666666671,7.5,40.0,-1.66666666666667,24.346686643548306,24.346686643548306,370
10,20.26,39.4,19.2,37.9,21.29,39.5,19.2,36.73,17.6,50.995,6.0,56.9,19.7,30.29,21.066666666666695,36.4666666666667,18.0,38.8816666666667,5.0,759.7999999999998,62.0,8.0,40.0,-1.7,7.065020781010388,7.065020781010388,300
10,20.29,39.33333333333329,19.29,38.09,21.34,39.545,19.2,36.79,17.6,50.79,5.95,56.525,19.79,30.2,21.1,36.433333333333294,18.0,38.863333333333294,5.0833333333333295,759.9,61.66666666666671,7.8333333333333295,40.0,-1.71666666666667,28.015715174842622,28.015715174842622,290
10,20.365,39.35,19.29,38.1633333333333,21.6333333333333,39.6266666666667,19.2,36.7,17.7,50.79,6.045,55.095,19.73,30.1333333333333,21.1,36.29,18.0,38.963333333333296,5.16666666666667,760.0,61.33333333333329,7.666666666666669,40.0,-1.73333333333333,3.668685455340892,3.668685455340892,270
10,20.39,39.4666666666667,19.29,38.29,21.76,39.7,19.2,36.7,17.6,50.6633333333333,5.9725,53.82,19.76,29.963333333333296,21.1,36.23,18.0,39.1633333333333,5.25,760.1,61.0,7.5,40.0,-1.75,46.06811290141195,46.06811290141195,240
20,20.4266666666667,39.53,19.29,38.29,21.88,39.495,19.1,36.7,17.6,50.565,5.94833333333333,54.51333333333329,19.825,29.9266666666667,21.15,36.115,18.05,39.93166666666671,5.3333333333333295,760.2,60.66666666666671,7.3333333333333295,40.0,-1.76666666666667,13.90102410223335,13.90102410223335,220
0,20.5,39.53,19.29,38.29,22.0,39.29,19.1666666666667,36.6266666666667,17.6,50.4666666666667,5.92416666666667,55.2066666666667,19.89,29.89,21.2,36.0,18.1,40.7,5.41666666666667,760.2999999999998,60.33333333333329,7.16666666666667,40.0,-1.78333333333333,1.7198090557940304,1.7198090557940304,150
0,20.533333333333296,39.5266666666667,19.3566666666667,38.363333333333294,22.033333333333296,39.26,19.2,36.56,17.6,50.4,5.9,55.9,19.963333333333296,29.823333333333295,21.2,35.8633333333333,18.1,40.7266666666667,5.5,760.4,60.0,7.0,40.0,-1.8,22.703513177111745,22.703513177111745,60
0,20.6,39.0666666666667,19.39,38.223333333333294,22.1,38.9266666666667,19.1333333333333,36.56,17.6,50.3266666666667,6.0,52.4,20.1,29.8566666666667,21.26,35.93,18.1666666666667,41.06,5.51666666666667,760.516666666667,60.33333333333329,7.0,40.0,-1.7,26.198084943462163,26.198084943462163,310
0,20.7,38.99,19.39,38.0225,22.0,38.49,19.2,36.56,17.6,50.26,6.045,52.245,20.226666666666695,29.73,21.29,35.9666666666667,18.2,41.3266666666667,5.53333333333333,760.6333333333331,60.66666666666671,7.0,40.0,-1.6,11.78241673624143,11.78241673624143,340
0,20.7,38.6566666666667,19.39,38.0,21.9266666666667,38.1566666666667,19.2,36.5,17.6,50.2,6.0675,54.4725,20.29,29.5,21.29,35.8175,18.1333333333333,41.6,5.55,760.75,61.0,7.0,40.0,-1.5,44.03922032797709,44.03922032797709,100
0,20.7,38.4666666666667,19.39,37.9,21.76,37.76,19.1,36.33333333333329,17.6,50.06,6.09,56.7,20.29,29.4266666666667,21.29,35.7,18.1666666666667,41.933333333333294,5.56666666666667,760.866666666667,61.33333333333329,7.0,40.0,-1.4,25.065830501262095,25.065830501262095,60
0,20.7,38.4,19.323333333333295,37.8266666666667,21.6333333333333,37.5666666666667,19.1,36.0,17.6,50.0,6.02666666666667,56.463333333333296,20.2,29.29,21.2,35.59,18.1,42.06,5.5833333333333295,760.983333333333,61.66666666666671,7.0,40.0,-1.3,18.79939953796565,18.79939953796565,60
0,20.7,38.26,19.29,37.76,21.566666666666695,37.29,19.1,35.9,17.6,49.863333333333294,5.76,55.39,20.2,29.29,21.2,35.53,18.2,42.2,5.6,761.1,62.0,7.0,40.0,-1.2,41.91336166113615,41.91336166113615,70
0,20.7,38.0666666666667,19.3566666666667,37.7,21.5,37.23,19.1,36.0266666666667,17.6,49.73,5.76,55.7266666666667,20.2633333333333,29.1666666666667,21.39,35.3633333333333,18.2,42.2,5.56666666666667,761.233333333333,62.0,7.0,40.0,-1.23333333333333,38.84253317955881,38.84253317955881,60
0,20.73,37.79,19.39,37.59,21.445,37.145,19.1,36.1633333333333,17.6,49.59,5.95,54.545,20.39,29.033333333333296,21.39,35.23,18.2,42.245,5.53333333333333,761.366666666667,62.0,7.0,40.0,-1.26666666666667,41.49169907905161,41.49169907905161,60
0,20.79,37.73,19.39,37.53,21.3566666666667,37.09,19.1,36.03,17.6,49.53,6.045,54.4575,20.39,28.945,21.5,35.2,18.2,42.2,5.5,761.5,62.0,7.0,40.0,-1.3,15.739179239608347,15.739179239608347,50
0,20.76,37.59,19.39,37.4666666666667,21.29,37.1633333333333,19.066666666666695,35.6933333333333,17.6,49.363333333333294,6.14,54.37,20.3566666666667,28.8566666666667,21.4266666666667,35.1266666666667,18.1333333333333,42.2,5.46666666666667,761.6333333333331,62.0,7.0,40.0,-1.33333333333333,2.1876572514884174,2.1876572514884174,50
0,20.7,37.59,19.323333333333295,37.4,21.26,37.09,19.066666666666695,35.5,17.6,49.23,5.9675,54.6025,20.29,28.79,21.323333333333295,35.09,18.1666666666667,42.1633333333333,5.43333333333333,761.766666666667,62.0,7.0,40.0,-1.36666666666667,38.78862620331346,38.78862620331346,40
0,20.7,37.4666666666667,19.323333333333295,37.29,21.2,37.03,19.0,35.345,17.6,49.1633333333333,5.795,54.835,20.39,28.76,21.39,35.03,18.1666666666667,42.09,5.4,761.9,62.0,7.0,40.0,-1.4,30.769566167145967,30.769566167145967,30
0,20.7,37.3266666666667,19.39,37.23,21.1,37.0,19.0,35.29,17.6,49.03,5.6225,55.0675,20.463333333333296,28.7,21.4266666666667,34.9333333333333,18.2,42.09,5.3333333333333295,762.0499999999998,62.33333333333329,6.66666666666667,40.0,-1.38333333333333,10.304205573629588,10.304205573629588,30
0,20.79,37.29,19.39,37.06,21.1,37.0,19.0,35.29,17.6,48.9,5.45,55.3,20.533333333333296,28.6666666666667,21.5,34.86,18.2,42.03,5.26666666666667,762.2,62.66666666666671,6.3333333333333295,40.0,-1.36666666666667,6.263880024198443,6.263880024198443,30
0,20.79,37.29,19.39,36.933333333333294,21.0,36.863333333333294,19.0,35.1633333333333,17.6,48.79,5.4,55.533333333333296,20.6666666666667,28.533333333333296,21.533333333333296,34.76,18.2,42.0,5.2,762.35,63.0,6.0,40.0,-1.35,48.13953678822145,48.13953678822145,50
0,20.79,37.2,19.39,36.863333333333294,21.0,36.79,19.0,35.09,17.6,48.79,5.4,54.86,20.7,28.463333333333296,21.6,34.6266666666667,18.2,42.0,5.133333333333329,762.5,63.33333333333329,5.66666666666667,40.0,-1.33333333333333,21.521217667032037,21.521217667032037,40
0,20.79,37.2,19.463333333333296,36.79,21.0,36.9,19.0,35.06,17.6,48.6633333333333,5.3333333333333295,54.4,20.76,28.323333333333295,21.7,34.59,18.2,42.0,5.06666666666667,762.65,63.66666666666671,5.3333333333333295,40.0,-1.31666666666667,31.76732050487772,31.76732050487772,50
0,20.79,37.2,19.5,36.79,21.0,36.9,19.0,35.0,17.6,48.59,5.4,54.7566666666667,20.79,28.2,21.7,34.53,18.2,42.0,5.0,762.7999999999998,64.0,5.0,40.0,-1.3,25.701092206873,25.701092206873,40
0,20.76,37.2,19.5,36.73,21.0,36.933333333333294,18.963333333333296,34.9,17.6,48.5,5.4,54.09,20.79,28.1333333333333,21.7,34.5,18.2,41.9666666666667,4.76666666666667,762.95,65.3333333333333,4.8333333333333295,40.0,-1.25,33.25187385780737,33.25187385780737,40
10,20.7,37.2,19.463333333333296,36.6333333333333,20.9266666666667,37.0,18.89,34.9,17.6,48.433333333333294,5.4,54.5,20.79,28.066666666666695,21.7,34.4333333333333,18.2,41.9,4.53333333333333,763.1,66.6666666666667,4.66666666666667,40.0,-1.2,12.622714403551072,12.622714403551072,60
0,20.7,37.223333333333294,19.315,36.5,20.89,37.0666666666667,18.89,35.1566666666667,17.6,48.363333333333294,5.25,56.6771428571429,20.73,28.0,21.6,34.4333333333333,18.2,41.9,4.3,763.25,68.0,4.5,40.0,-1.15,4.765757545828819,4.765757545828819,80
20,20.7,36.89,19.23,36.36,20.89,37.0666666666667,18.89,35.23,17.6,48.29,5.1,58.854285714285695,20.6666666666667,28.033333333333296,21.6,34.6333333333333,18.2,41.9,4.06666666666667,763.4,69.3333333333333,4.3333333333333295,40.0,-1.1,10.366981988772748,10.366981988772748,110
30,20.6,36.7,19.2,36.463333333333296,20.79,36.9,18.89,35.53,17.5666666666667,48.2,4.52666666666667,60.2966666666667,20.6,28.1666666666667,21.7,35.0666666666667,18.2,41.79,3.8333333333333295,763.5499999999998,70.6666666666667,4.16666666666667,40.0,-1.05,22.85216241143644,22.85216241143644,110
20,20.6,36.7,19.2,36.59,20.79,36.9666666666667,18.89,36.0633333333333,17.5,48.1266666666667,4.26,59.89,20.5,28.46,21.7675,35.295,18.2,41.73,3.6,763.7,72.0,4.0,40.0,-1.0,27.42509649833664,27.42509649833664,100
20,20.6333333333333,36.6566666666667,19.23,36.7666666666667,20.79,37.0,18.9266666666667,36.5,17.5,48.0,4.02666666666667,60.893333333333295,20.4266666666667,28.6,21.79,35.4666666666667,18.2,41.6633333333333,3.4,763.866666666667,73.3333333333333,3.8333333333333295,40.0,-0.95,44.67276004143059,44.67276004143059,140
20,20.7,36.79,19.3566666666667,36.9666666666667,20.79,37.0,19.0,36.5,17.5,47.933333333333294,3.7666666666666706,62.16666666666669,20.39,28.73,21.89,35.7666666666667,18.1333333333333,41.6633333333333,3.2,764.033333333333,74.6666666666667,3.6666666666666705,40.0,-0.9,26.30269716028124,26.30269716028124,310
20,20.79,36.8266666666667,19.4266666666667,37.23,20.79,37.0,19.0,36.1333333333333,17.5,47.9,3.49,63.3,20.323333333333295,28.79,21.89,35.9666666666667,18.15,41.745,3.0,764.2,76.0,3.5,40.0,-0.85,33.64458278520033,33.64458278520033,290
10,20.8566666666667,37.0266666666667,19.566666666666695,37.43,20.79,37.0,19.0,36.0,17.5666666666667,47.9,3.29,63.893333333333295,20.29,28.79,21.89,36.1266666666667,18.1,41.933333333333294,2.8,764.366666666667,77.3333333333333,3.3333333333333295,40.0,-0.8,2.10710046812892,2.10710046812892,250
0,20.29,39.03,19.1333333333333,37.76333333333329,22.03,36.6,19.76,35.7,18.39,41.83333333333329,1.7,86.46666666666668,18.6,29.4266666666667,20.23,36.76,17.9266666666667,37.7,2.7,772.216666666667,70.6666666666667,3.6666666666666705,44.0,-2.25,47.790106222964816,47.790106222964816,70
0,20.29,37.6966666666667,18.8566666666667,35.43,21.823333333333295,35.86,19.76,35.7,18.323333333333295,41.293333333333294,1.86,85.23333333333329,18.73,29.39,20.29,36.6266666666667,17.9266666666667,37.7,2.9,772.2,67.0,4.0,40.0,-2.7,10.401325416751204,10.401325416751204,40
0,20.315,36.8975,18.8566666666667,35.5633333333333,21.6666666666667,35.1633333333333,19.79,35.7,18.323333333333295,40.363333333333294,2.06,83.96666666666668,18.93,29.323333333333295,20.323333333333295,36.43,18.0,37.79,3.03333333333333,772.116666666667,66.6666666666667,4.0,40.0,-2.65,47.53078602952883,47.53078602952883,40
0,20.39,36.6266666666667,19.0,35.9633333333333,21.533333333333296,35.09,19.8566666666667,35.76,18.39,39.963333333333296,2.23,80.36,19.066666666666695,29.1666666666667,20.463333333333296,36.23,18.0,37.79,3.16666666666667,772.033333333333,66.3333333333333,4.0,40.0,-2.6,36.0825338284485,36.0825338284485,40
0,20.533333333333296,36.4666666666667,19.066666666666695,36.223333333333294,21.39,35.1266666666667,19.9266666666667,35.7,18.39,39.79,2.36333333333333,77.5,19.26,29.033333333333296,20.6333333333333,35.9666666666667,18.0,38.2266666666667,3.3,771.95,66.0,4.0,40.0,-2.55,45.516640087589614,45.516640087589614,60
0,20.6,36.2666666666667,19.15,36.4,21.323333333333295,35.26,20.0,35.6266666666667,18.39,39.73,2.62666666666667,74.56333333333329,19.46,28.79,20.76,35.8266666666667,18.0,38.893333333333295,3.43333333333333,771.866666666667,65.6666666666667,4.0,40.0,-2.5,14.866012334823608,14.866012334823608,80
0,20.73,36.29,19.23,36.463333333333296,21.29,35.23,20.0,35.59,18.4266666666667,39.7,2.8333333333333295,72.16333333333331,19.6666666666667,28.79,20.96,35.6633333333333,18.0,39.6333333333333,3.56666666666667,771.783333333333,65.3333333333333,4.0,40.0,-2.45,45.97289183875546,45.97289183875546,170
0,20.8566666666667,36.29,19.29,36.53,21.29,35.43,20.0,35.53,18.5,39.76,3.03,70.43,19.823333333333295,28.6,21.1,35.4633333333333,18.0,40.0266666666667,3.7,771.7,65.0,4.0,40.0,-2.4,46.461913199163966,46.461913199163966,70
0,20.9266666666667,36.33,19.323333333333295,36.59,21.39,35.5666666666667,20.0,35.5,18.533333333333296,39.8266666666667,3.09,68.83,19.963333333333296,28.533333333333296,21.323333333333295,35.26,18.0,40.3,3.8166666666666704,771.6833333333329,64.0,3.8333333333333295,40.0,-2.5166666666666706,22.593865916132927,22.593865916132927,60
0,21.066666666666695,36.53,19.39,36.59,21.39,35.7,20.0,35.5,18.6,39.9,3.345,66.85,20.1,28.463333333333296,21.463333333333296,35.1266666666667,18.033333333333296,40.53,3.9333333333333296,771.6666666666669,63.0,3.6666666666666705,40.0,-2.63333333333333,27.50761352945119,27.50761352945119,70
0,21.1,36.4,19.4266666666667,36.6266666666667,21.29,35.845,20.0,35.5,18.6333333333333,39.9,3.53,63.863333333333294,20.1,28.39,21.6333333333333,34.9666666666667,18.1,40.59,4.05,771.65,62.0,3.5,40.0,-2.75,31.04266170412302,31.04266170412302,60
0,21.1666666666667,36.3266666666667,19.5,36.7,21.29,35.9,19.9266666666667,35.5,18.7,39.9,3.59,60.4566666666667,20.2,28.26,21.7,34.7666666666667,18.1,40.56,4.16666666666667,771.6333333333331,61.0,3.3333333333333295,40.0,-2.86666666666667,40.496186527889215,40.496186527889215,70
0,21.2,36.26,19.5,36.59,21.29,35.9,19.963333333333296,35.4,18.7,39.863333333333294,3.82666666666667,59.5,20.2225,28.175,21.79,34.4666666666667,18.1666666666667,40.5,4.28333333333333,771.616666666667,60.0,3.16666666666667,40.0,-2.9833333333333294,15.063274942804128,15.063274942804128,80
0,21.2,36.26,19.5,36.59,21.29,36.03,19.9175,35.4,18.7,39.79,3.9,58.4266666666667,20.3566666666667,28.033333333333296,21.79,34.295,18.2,40.363333333333294,4.4,771.6,59.0,3.0,40.0,-3.1,15.825784020125864,15.825784020125864,70
0,21.29,36.26,19.566666666666695,36.59,21.29,36.09,19.9266666666667,35.3266666666667,18.73,39.79,3.9333333333333296,57.03,20.533333333333296,27.93,21.79,34.1266666666667,18.2,40.29,4.41666666666667,771.5,58.33333333333329,3.0,40.0,-3.2166666666666694,29.961718700360503,29.961718700360503,70
0,21.29,36.2,19.566666666666695,36.6633333333333,21.29,36.0,20.0,35.29,18.79,39.73,4.06,55.1566666666667,20.6666666666667,27.73,21.79,33.93,18.2,40.2,4.43333333333333,771.4,57.66666666666671,3.0,40.0,-3.3333333333333295,0.6225310382433235,0.6225310382433235,70
0,21.39,36.06,19.6,36.73,21.29,36.0,20.0,35.23,18.79,39.7,4.1233333333333295,53.83333333333329,20.823333333333295,27.566666666666695,21.8566666666667,33.79,18.2,40.1266666666667,4.45,771.2999999999998,57.0,3.0,40.0,-3.45,42.18948244815692,42.18948244815692,30
0,21.463333333333296,36.0,19.6,36.79,21.26,35.8633333333333,20.0,35.1633333333333,18.79,39.6266666666667,4.19,51.3666666666667,20.963333333333296,27.4266666666667,21.9266666666667,33.56,18.2,40.06,4.46666666666667,771.2,56.33333333333329,3.0,40.0,-3.56666666666667,25.31153640011325,25.31153640011325,30
0,21.533333333333296,35.8633333333333,19.6333333333333,36.73,21.26,35.79,20.0,35.03,18.84,39.645,4.3,51.13,21.1333333333333,27.1666666666667,22.066666666666695,33.4333333333333,18.26,40.06,4.48333333333333,771.1,55.66666666666671,3.0,40.0,-3.6833333333333296,43.59772288007662,43.59772288007662,30
0,21.6,35.73,19.7,36.79,21.2,35.7,20.033333333333296,35.0,18.9266666666667,39.59,4.3,51.05666666666671,21.26,27.033333333333296,22.1333333333333,33.1633333333333,18.29,40.09,4.5,771.0,55.0,3.0,40.0,-3.8,43.560900224838406,43.560900224838406,110
0,21.7,36.09666666666671,19.7,36.7,21.2,35.7,20.1,34.9333333333333,19.0,39.59,4.4,49.933333333333294,21.4266666666667,26.8266666666667,22.26,33.09,18.29,40.09,4.53333333333333,770.966666666667,54.33333333333329,2.8333333333333295,40.0,-3.9333333333333296,19.827542500570416,19.827542500570416,50
0,21.7,35.7725,19.7,36.2333333333333,21.26,35.8333333333333,20.033333333333296,34.8266666666667,19.0,39.0933333333333,4.46666666666667,49.9933333333333,21.5,26.6333333333333,22.4266666666667,32.9666666666667,18.29,40.2,4.56666666666667,770.9333333333329,53.66666666666671,2.66666666666667,40.0,-4.06666666666667,23.4973089536652,23.4973089536652,60
0,21.76,34.86,19.7,35.5266666666667,21.2,35.5,20.1,34.8266666666667,19.0,38.5666666666667,4.5,47.2333333333333,21.6333333333333,26.39,22.566666666666695,32.8266666666667,18.29,40.2,4.6,770.9,53.0,2.5,40.0,-4.2,3.3193175448104735,3.3193175448104735,50
0,21.79,34.73,19.76,35.4,21.23,35.2,20.1,34.76,19.033333333333296,38.4,4.5,46.7,21.76,26.2633333333333,22.6,32.6633333333333,18.29,40.2,4.633333333333329,770.866666666667,52.33333333333329,2.3333333333333295,40.0,-4.3333333333333295,16.4312178036198,16.4312178036198,50
0,21.79,34.73,19.84,35.45,21.29,35.2,20.1,34.6266666666667,19.1,38.4,4.59,44.9666666666667,21.89,26.03,22.6666666666667,32.53,18.29,40.2,4.66666666666667,770.8333333333329,51.66666666666671,2.16666666666667,40.0,-4.46666666666667,41.1384611041285,41.1384611041285,50
0,21.79,34.79,19.9266666666667,35.5,21.29,35.1633333333333,20.1,34.5,19.1333333333333,38.4,4.53,42.9666666666667,21.963333333333296,25.7633333333333,22.7,32.3633333333333,18.29,40.09,4.7,770.7999999999998,51.0,2.0,40.0,-4.6,30.12991698924452,30.12991698924452,40
0,21.79,34.73,20.0,35.4333333333333,21.29,35.09,20.1,34.4333333333333,19.2,38.4,4.5,43.145,22.0,25.6333333333333,22.76,32.23,18.29,40.09,4.6,770.716666666667,51.5,2.16666666666667,40.0,-4.5833333333333295,44.91486487677321,44.91486487677321,50
10,21.79,34.76,20.0,35.29,21.2,35.09,20.066666666666695,34.3333333333333,19.2,38.4,4.4,44.4666666666667,22.0,25.36,22.76,32.06,18.34,40.0,4.5,770.6333333333331,52.0,2.3333333333333295,40.0,-4.56666666666667,25.266121979802847,25.266121979802847,50
0,21.79,34.7,20.0,35.29,21.2,35.09,20.0,34.1266666666667,19.26,38.4,4.26,44.7266666666667,22.0,25.26,22.76,31.9266666666667,18.39,40.0,4.4,770.5499999999998,52.5,2.5,40.0,-4.55,49.44854263449088,49.44854263449088,50
0,21.79,34.6633333333333,20.0,35.1633333333333,21.2,35.045,20.0,33.9666666666667,19.2,38.26,4.06,45.2666666666667,22.0,25.1333333333333,22.79,31.6666666666667,18.39,39.933333333333294,4.3,770.466666666667,53.0,2.66666666666667,40.0,-4.53333333333333,8.377595816273242,8.377595816273242,60
0,21.79,34.53,20.0,35.03,21.2,35.0,20.0,33.6933333333333,19.26,38.2,4.0,44.66666666666669,22.0,24.963333333333296,22.79,31.533333333333296,18.39,39.9,4.2,770.3833333333331,53.5,2.8333333333333295,40.0,-4.51666666666667,9.75744714960456,9.75744714960456,40
0,21.79,34.29,20.0,34.8633333333333,21.2,35.0,19.963333333333296,33.4666666666667,19.2,37.9,3.9,44.9566666666667,22.0,24.823333333333295,22.79,31.39,18.39,39.9,4.1,770.2999999999998,54.0,3.0,40.0,-4.5,47.56356757134199,47.56356757134199,50
0,21.79,34.29,20.0,34.79,21.2,34.9,19.89,33.4,19.2,37.9,3.9,45.29,22.0,24.79,22.79,31.39,18.39,39.79,3.75,770.266666666667,55.83333333333329,3.0,40.0,-4.4,26.296240591909736,26.296240591909736,50
0,21.76,34.3083333333333,19.895,34.745,21.15,34.83,19.84,33.2,19.2,37.845,3.5466666666666695,46.4566666666667,21.963333333333296,24.695,22.745,31.31,18.39,39.79,3.4,770.233333333333,57.66666666666671,3.0,40.0,-4.3,20.54819985060021,20.54819985060021,50
0,21.73,34.3266666666667,19.79,34.7,21.1,34.76,19.79,33.0,19.2,37.79,3.19333333333333,47.6233333333333,21.9266666666667,24.6,22.7,31.23,18.39,39.79,3.05,770.2,59.5,3.0,40.0,-4.2,42.81130902236328,42.81130902236328,60
0,21.7,34.3266666666667,19.7,34.7,21.033333333333296,34.76,19.79,32.9333333333333,19.1333333333333,37.79,2.7966666666666695,48.6966666666667,21.8566666666667,24.53,22.7,31.29,18.39,39.73,2.7,770.1666666666669,61.33333333333329,3.0,40.0,-4.1,3.22173802414909,3.22173802414909,40
0,21.7,34.4,19.6333333333333,34.6266666666667,21.0,34.8266666666667,19.73,32.9,19.1,37.933333333333294,2.33,50.1566666666667,21.73,24.39,22.6666666666667,31.4266666666667,18.323333333333295,39.7,2.35,770.1333333333331,63.16666666666671,3.0,40.0,-4.0,18.60581779619679,18.60581779619679,70
0,21.6,34.2,19.566666666666695,34.7,20.9266666666667,34.9666666666667,19.73,32.9,19.1,38.0,1.76666666666667,52.16,21.6666666666667,24.463333333333296,22.6,31.566666666666695,18.323333333333295,39.7,2.0,770.1,65.0,3.0,40.0,-3.9,4.542135517112912,4.542135517112912,70
0,21.575,34.2225,19.5,34.7,20.89,34.9666666666667,19.6666666666667,33.06,19.1,38.0,1.23333333333333,53.4933333333333,21.6,24.463333333333296,22.7,31.86,18.3566666666667,39.56,1.85,770.116666666667,65.5,2.66666666666667,40.0,-3.95,48.108628357294954,48.108628357294954,90
0,21.5,34.29,19.5,34.86,20.823333333333295,34.9666666666667,19.6,33.0,19.1,37.933333333333294,0.6999999999999998,54.83333333333329,21.463333333333296,24.6333333333333,22.7,32.1333333333333,18.29,39.433333333333294,1.7,770.1333333333331,66.0,2.3333333333333295,40.0,-4.0,35.08903367910534,35.08903367910534,90
0,21.5,34.3266666666667,19.4725,35.0,20.8566666666667,34.9666666666667,19.566666666666695,33.03,19.033333333333296,37.79,0.225,56.3,21.39,24.8266666666667,22.7,32.36,18.29,39.26,1.55,770.15,66.5,2.0,40.0,-4.05,2.5073549244552846,2.5073549244552846,100
0,21.5,34.4,19.463333333333296,35.0,20.8566666666667,34.9666666666667,19.5,33.09,19.1,37.73,-0.2,57.6333333333333,21.3566666666667,25.066666666666695,22.7,32.56,18.29,39.1266666666667,1.4,770.1666666666669,67.0,1.66666666666667,40.0,-4.1,45.91147911269218,45.91147911269218,180
10,21.5,34.7333333333333,19.5,35.09,20.89,35.09,19.5,33.1266666666667,19.1333333333333,37.56,-0.5666666666666669,59.323333333333295,21.29,25.26,22.7,32.86,18.29,38.9666666666667,1.25,770.1833333333329,67.5,1.33333333333333,40.0,-4.15,10.850261547602711,10.850261547602711,390
20,21.5,35.9266666666667,19.5,35.03,20.89,35.1633333333333,19.4266666666667,33.0666666666667,19.2,37.433333333333294,-0.833333333333333,60.323333333333295,21.1666666666667,25.26,22.7,33.06,18.29,38.795,1.1,770.2,68.0,1.0,40.0,-4.2,43.50250294664875,43.50250294664875,370
20,21.6,39.2566666666667,19.6,35.6333333333333,20.89,35.4633333333333,19.39,33.4933333333333,19.23,37.793333333333294,-1.16333333333333,61.1966666666667,21.1,25.2,22.7,33.23,18.29,38.7,0.883333333333333,770.15,69.1666666666667,1.0,38.16666666666669,-4.2,25.30868991743773,25.30868991743773,120
10,21.6666666666667,40.05666666666671,19.6666666666667,36.3,20.9725,36.145,19.39,34.1,19.3566666666667,38.66666666666671,-1.35666666666667,62.463333333333296,20.963333333333296,25.39,22.7,33.1566666666667,18.29,38.7,0.666666666666667,770.1,70.3333333333333,1.0,36.33333333333329,-4.2,24.77341879857704,24.77341879857704,100
30,21.73,38.893333333333295,19.7,36.8266666666667,21.0,36.723333333333294,19.39,34.2,19.533333333333296,39.2,-1.73,63.5266666666667,20.823333333333295,25.39,22.6,32.9633333333333,18.29,38.7,0.45,770.0499999999998,71.5,1.0,34.5,-4.2,26.898258714936677,26.898258714936677,120
30,21.79,39.0266666666667,19.76,36.7666666666667,21.066666666666695,36.9,19.39,34.2,19.6,39.1266666666667,-1.845,65.15,20.76,25.39,22.6,33.2233333333333,18.29,38.53,0.233333333333333,770.0,72.6666666666667,1.0,32.66666666666669,-4.2,41.32387927966192,41.32387927966192,120
20,21.89,38.7566666666667,19.79,36.6633333333333,21.0,36.9,19.39,34.6,19.73,38.7666666666667,-1.9225,66.37,20.675,25.4725,22.6,33.8,18.29,38.59,0.0166666666666666,769.95,73.8333333333333,1.0,30.8333333333333,-4.2,41.959939734078944,41.959939734078944,100
20,21.89,37.4966666666667,19.79,36.53,21.0,36.9,19.5,35.5,19.79,38.3,-2.0,67.59,20.6,25.5,22.6666666666667,34.1933333333333,18.29,38.53,-0.2,769.9,75.0,1.0,29.0,-4.2,39.230464468710124,39.230464468710124,90
20,22.0,36.363333333333294,19.89,36.4666666666667,21.0,36.9,19.566666666666695,35.8333333333333,19.823333333333295,37.863333333333294,-2.0,68.06333333333329,20.5,25.6,22.6666666666667,34.3333333333333,18.29,38.53,-0.45,769.866666666667,76.5,1.0,28.166666666666696,-4.18333333333333,33.28830902464688,33.28830902464688,90
20,22.0,35.89,19.963333333333296,36.19333333333329,20.89,36.76,19.6333333333333,35.9,19.963333333333296,37.6566666666667,-2.045,68.14,20.4266666666667,25.533333333333296,22.575,33.8975,18.29,38.6266666666667,-0.7,769.8333333333329,78.0,1.0,27.3333333333333,-4.16666666666667,26.732058380730447,26.732058380730447,80
30,22.0,35.6633333333333,20.1,36.06,20.823333333333295,36.6266666666667,19.7,35.4266666666667,20.0,37.4666666666667,-2.32285714285714,68.6371428571429,20.3566666666667,25.6333333333333,22.5,33.39,18.29,38.7,-0.95,769.7999999999998,79.5,1.0,26.5,-4.15,43.4131046407856,43.4131046407856,120
20,22.0,35.53,20.1,35.9333333333333,20.79,36.59,19.73,35.39,20.066666666666695,37.4,-2.51454545454545,69.7272727272727,20.29,25.7,22.3566666666667,32.9666666666667,18.2,38.59,-1.2,769.766666666667,81.0,1.0,25.666666666666696,-4.133333333333329,25.65416732104495,25.65416732104495,110
20,22.033333333333296,35.26,20.2,35.9,20.79,36.59,19.79,35.4633333333333,20.1,37.54,-2.5,70.29,20.26,25.76,22.29,32.9,18.2,38.723333333333294,-1.45,769.733333333333,82.5,1.0,24.8333333333333,-4.11666666666667,11.487686075270176,11.487686075270176,140
20,22.1,35.1266666666667,20.26,35.9,20.823333333333295,36.4,19.823333333333295,35.5666666666667,21.6666666666667,80.7933333333333,-2.5,70.83,20.2,25.7,22.29,33.0933333333333,18.2,38.9,-1.7,769.7,84.0,1.0,24.0,-4.1,46.9885696307756,46.9885696307756,120
30,22.1,34.8633333333333,20.29,35.8633333333333,20.89,36.4,20.0966666666667,35.7,21.2,76.5333333333333,-2.64,70.3725,20.1,25.7,22.23,34.0333333333333,18.26,39.0266666666667,-1.66666666666667,769.6833333333329,83.8333333333333,1.0,24.166666666666696,-4.0833333333333295,0.9756009676493704,0.9756009676493704,110
10,22.1,34.695,20.29,35.73,20.89,36.29,20.733333333333295,35.56,20.6333333333333,76.06333333333329,-2.8175,70.7975,20.033333333333296,25.6333333333333,22.245,34.375,18.2,38.93,-1.63333333333333,769.6666666666669,83.6666666666667,1.0,24.3333333333333,-4.06666666666667,0.4044466535560786,0.4044466535560786,100
0,22.1,34.59,20.39,35.6633333333333,20.89,36.29,21.066666666666695,35.2266666666667,20.4266666666667,74.06333333333329,-3.0266666666666695,71.06,20.0,25.7,22.2,34.5,18.2,38.6566666666667,-1.6,769.65,83.5,1.0,24.5,-4.05,2.9049199423752725,2.9049199423752725,110
0,22.1,34.5,20.39,35.59,20.89,36.26,21.066666666666695,34.4,21.2633333333333,87.8333333333333,-3.2,71.36,20.0,25.7,22.2,34.6566666666667,18.2,38.4233333333333,-1.56666666666667,769.6333333333331,83.3333333333333,1.0,24.666666666666696,-4.03333333333333,28.32222591387108,28.32222591387108,80
0,22.1,34.5,20.323333333333295,35.59,20.89,36.1266666666667,20.9266666666667,34.0,21.1966666666667,86.09999999999998,-3.2,72.29999999999998,19.89,25.7,22.2,34.93,18.26,38.223333333333294,-1.53333333333333,769.616666666667,83.1666666666667,1.0,24.8333333333333,-4.01666666666667,15.685241238679737,15.685241238679737,90
0,22.1,34.5,20.29,35.56,20.89,36.1266666666667,20.76,33.5266666666667,20.8266666666667,81.93,-3.26666666666667,72.4633333333333,19.89,25.7,22.1666666666667,35.1266666666667,18.2,37.9666666666667,-1.5,769.6,83.0,1.0,25.0,-4.0,17.171375965699553,17.171375965699553,90
0,22.1,34.4333333333333,20.29,35.5,20.89,36.1266666666667,20.6333333333333,33.1933333333333,20.6333333333333,78.93,-3.4,73.1966666666667,19.79,25.7,22.1,35.2,18.2,37.7,-1.55,769.516666666667,83.3333333333333,1.0,24.5,-4.0,0.6527728051878511,0.6527728051878511,70
0,22.1,34.3633333333333,20.2,35.4,20.89,36.09,20.566666666666695,32.9666666666667,20.43,75.56333333333329,-3.36,73.73,19.79,25.7,22.066666666666695,35.2,18.2,37.433333333333294,-1.6,769.4333333333329,83.6666666666667,1.0,24.0,-4.0,2.020953129976988,2.020953129976988,70
0,22.033333333333296,34.23,20.2,35.3266666666667,20.865,36.0675,20.4266666666667,32.9,20.23,72.56333333333329,-3.5,73.8633333333333,19.7,25.79,22.066666666666695,35.3333333333333,18.2,37.223333333333294,-1.65,769.35,84.0,1.0,23.5,-4.0,5.886289745103568,5.886289745103568,50
10,22.0,34.09,20.2,35.2,20.79,36.06,20.3566666666667,32.9333333333333,20.1666666666667,69.3666666666667,-3.56,74.5333333333333,19.7,25.79,22.0,35.6266666666667,18.2,36.963333333333296,-1.7,769.266666666667,84.3333333333333,1.0,23.0,-4.0,12.194514856673775,12.194514856673775,40
0,22.0,34.1633333333333,20.066666666666695,35.1266666666667,20.6666666666667,36.2,20.29,33.3333333333333,20.033333333333296,67.6333333333333,-3.56,75.0,19.6333333333333,26.3,22.0,35.9,18.2,37.5666666666667,-1.75,769.1833333333329,84.6666666666667,1.0,22.5,-4.0,36.456475011073046,36.456475011073046,50
0,21.963333333333296,34.29,19.963333333333296,35.03,20.6,36.33333333333329,20.245,33.745,19.89,65.9666666666667,-3.53,75.79999999999998,19.7,26.6333333333333,21.963333333333296,36.39,18.2,38.1,-1.8,769.1,85.0,1.0,22.0,-4.0,22.223093477077786,22.223093477077786,50
0,21.89,34.3633333333333,19.89,35.09,20.5,36.53,20.1666666666667,34.1266666666667,19.823333333333295,64.3666666666667,-3.7233333333333296,75.4,19.7,27.05,21.89,36.723333333333294,18.2,38.59,-2.0,768.983333333333,85.5,1.0,29.0,-4.133333333333329,46.7502752202563,46.7502752202563,60
0,21.8566666666667,34.7,19.79,35.1266666666667,20.5,36.6633333333333,20.1,34.3333333333333,19.7,62.3966666666667,-4.03,75.35666666666668,19.7,27.323333333333295,21.9266666666667,37.4266666666667,18.2,38.723333333333294,-2.2,768.866666666667,86.0,1.0,36.0,-4.26666666666667,16.169537126552314,16.169537126552314,60
0,21.8566666666667,34.76,19.73,35.26,20.5,36.8266666666667,20.0,34.4333333333333,19.6333333333333,61.1233333333333,-4.15666666666667,75.62333333333329,19.6333333333333,27.463333333333296,22.0,37.83333333333329,18.2,38.9,-2.4,768.75,86.5,1.0,43.0,-4.4,32.067669881507754,32.067669881507754,60
0,21.79,34.8633333333333,19.6666666666667,35.4,20.5,36.9666666666667,20.0,34.56,19.6,59.893333333333295,-4.22666666666667,75.9633333333333,19.6,27.6333333333333,21.945,38.245,18.2,38.9666666666667,-2.6,768.6333333333331,87.0,1.0,50.0,-4.53333333333333,41.87207252252847,41.87207252252847,60
0,19.7,34.0266666666667,18.226666666666695,34.26,19.89,36.09,19.39,33.09,18.16,45.59,-1.56666666666667,83.76333333333329,18.323333333333295,27.726666666666695,20.2,35.6633333333333,17.5,35.5,0.05,761.75,79.5,1.0,43.0,-3.15,6.28887057537213,6.28887057537213,80
0,19.7,34.1933333333333,18.323333333333295,34.4333333333333,19.9842857142857,36.09,19.5,33.2,18.1,45.59,-1.32666666666667,83.9633333333333,18.323333333333295,27.533333333333296,20.2,35.59,17.6,35.545,0.333333333333333,761.6333333333331,78.3333333333333,1.0,35.66666666666669,-3.06666666666667,30.0831938511692,30.0831938511692,60
10,19.7,34.4666666666667,18.53,34.56,19.956,36.112,19.5,33.26,18.1,45.572,-1.0,84.29666666666668,18.3566666666667,27.26,20.2,35.4666666666667,17.6333333333333,35.6566666666667,0.616666666666667,761.516666666667,77.1666666666667,1.0,28.3333333333333,-2.9833333333333294,26.847913640085608,26.847913640085608,80
0,19.7,34.73,18.6333333333333,35.1566666666667,20.0,36.2,19.5,33.29,18.1,45.5,-0.6333333333333329,84.62333333333329,18.3566666666667,27.2,20.2,35.3266666666667,17.7,35.79,0.9,761.4,76.0,1.0,21.0,-2.9,43.48501568892971,43.48501568892971,90
0,19.76,34.99,18.76,35.5633333333333,20.0,36.156,19.5,33.3633333333333,18.1,45.4,-0.3666666666666669,84.83,18.39,27.1666666666667,20.1,35.0425,17.73,35.79,1.08333333333333,761.266666666667,75.3333333333333,1.16666666666667,21.3333333333333,-2.8333333333333295,37.28490871144459,37.28490871144459,70
0,19.79,36.033333333333296,18.823333333333295,35.5,20.0,36.1528571428571,19.6,33.4333333333333,18.0142857142857,45.3057142857143,-0.1333333333333329,84.62333333333329,18.463333333333296,27.1,20.1666666666667,34.8266666666667,17.79,35.73,1.26666666666667,761.1333333333331,74.6666666666667,1.33333333333333,21.666666666666696,-2.7666666666666706,18.911999883130193,18.911999883130193,50
0,19.8566666666667,37.5666666666667,18.963333333333296,35.5,20.06,36.358,19.6,33.5,18.0,45.376,0.1333333333333329,84.8966666666667,18.5,27.066666666666695,20.2,34.7,17.79,35.682,1.45,761.0,74.0,1.5,22.0,-2.7,39.985277340747416,39.985277340747416,60
0,20.0,38.6,19.033333333333296,35.6266666666667,20.1,36.6685714285714,19.6,33.5,18.0,45.515,0.44,84.816,18.5,27.0,20.2,34.5666666666667,17.79,35.634,1.63333333333333,760.866666666667,73.3333333333333,1.66666666666667,22.3333333333333,-2.63333333333333,39.759916462935514,39.759916462935514,120
10,20.0,37.66666666666671,19.1,35.76,20.125,36.9,19.6333333333333,33.7666666666667,18.0,45.59,0.6999999999999998,84.65,18.65,26.89,20.2,34.3333333333333,17.79,35.6633333333333,1.81666666666667,760.733333333333,72.6666666666667,1.8333333333333297,22.666666666666696,-2.56666666666667,43.2818949688226,43.2818949688226,40
0,20.1,38.0633333333333,19.1,35.79,20.2,37.0,19.7,34.16,17.9633333333333,45.59,0.8714285714285709,84.4414285714286,18.73,26.89,20.2,34.1266666666667,17.79,35.776,2.0,760.6,72.0,2.0,23.0,-2.5,43.99906094186008,43.99906094186008,90
0,20.1,37.323333333333295,19.1,35.73,20.0571428571429,36.7685714285714,19.73,34.5666666666667,17.89,45.645,1.098,84.12,18.79,26.823333333333295,20.29,34.06,17.8566666666667,35.9666666666667,2.1,760.4166666666669,71.6666666666667,2.0,22.666666666666696,-2.4833333333333294,36.15616955794393,36.15616955794393,50
10,20.1,36.69333333333329,19.1,35.3333333333333,20.0,36.814,19.79,34.96,17.89,45.59,1.46857142857143,83.59999999999998,18.89,26.79,20.29,34.0,17.89,36.09666666666671,2.2,760.233333333333,71.3333333333333,2.0,22.3333333333333,-2.4666666666666694,48.79694579867646,48.79694579867646,30
0,20.1,36.7666666666667,19.1,35.2,20.0,37.5257142857143,19.73,35.3333333333333,17.89,45.53,1.736,81.914,18.89,26.73,20.3566666666667,33.9,17.89,36.29,2.3,760.0499999999998,71.0,2.0,22.0,-2.45,25.76481670839712,25.76481670839712,60
0,20.2,36.5266666666667,19.2,35.2,20.0,38.054,19.73,35.2,17.89,45.363333333333294,1.9542857142857095,81.2671428571429,18.89,26.7,20.29,33.9,17.89,36.5,2.4,759.866666666667,70.6666666666667,2.0,21.666666666666696,-2.43333333333333,24.28002962842584,24.28002962842584,40
0,20.2,36.19333333333329,19.2,35.1266666666667,20.0,38.0257142857143,19.7,35.1333333333333,17.89,45.29,2.156,80.11799999999998,18.963333333333296,26.7,20.39,33.76,17.89,36.9,2.5,759.6833333333329,70.3333333333333,2.0,21.3333333333333,-2.41666666666667,27.862290351185948,27.862290351185948,50
0,20.29,35.8633333333333,19.2,35.0,20.0,37.98,19.7,34.86,17.89,45.26,2.2257142857142895,77.5257142857143,19.033333333333296,26.7,20.463333333333296,33.76,17.89,37.69333333333329,2.6,759.5,70.0,2.0,21.0,-2.4,26.418403908610344,26.418403908610344,60
0,20.29,35.5966666666667,19.2,34.9333333333333,20.0,37.94285714285711,19.6,34.49,17.89,45.1266666666667,2.29,75.1875,19.1666666666667,26.7,20.533333333333296,33.6633333333333,17.89,38.1,2.7333333333333294,759.3333333333329,69.5,1.8333333333333297,21.666666666666696,-2.36666666666667,22.906125220470127,22.906125220470127,50
0,20.39,35.2233333333333,19.2,34.6633333333333,20.06,37.96,19.6,34.23,17.84,44.995,2.4,73.074,19.23,26.7,20.6666666666667,33.59,17.9266666666667,38.19333333333329,2.86666666666667,759.1666666666669,69.0,1.66666666666667,22.3333333333333,-2.3333333333333295,44.565699133090675,44.565699133090675,60
10,20.463333333333296,35.03,19.2,34.59,20.0,37.9,19.6,34.06,17.8566666666667,44.863333333333294,2.53714285714286,72.5542857142857,19.29,26.6333333333333,20.84,33.545,18.0,37.86,3.0,759.0,68.5,1.5,23.0,-2.3,7.403056754264979,7.403056754264979,80
0,20.5,34.95,19.26,34.59,20.02,37.816,19.6,33.9333333333333,17.79,44.7514285714286,2.66333333333333,71.36,19.4266666666667,26.6333333333333,21.1333333333333,33.79,18.0,38.03,3.13333333333333,758.8333333333329,68.0,1.33333333333333,23.666666666666696,-2.2666666666666706,30.623898713383824,30.623898713383824,100
0,20.6,34.79,19.29,34.4,20.1,37.5957142857143,19.6,33.79,17.79,44.7,2.82666666666667,69.5,19.5,26.6333333333333,21.26,33.93,18.0,38.195,3.2666666666666706,758.6666666666669,67.5,1.16666666666667,24.3333333333333,-2.2333333333333294,3.4434279543347657,3.4434279543347657,100
0,20.6,34.73,19.29,34.4,20.1,37.356,19.6,33.79,17.8042857142857,44.6057142857143,2.9,68.1666666666667,19.6333333333333,26.6,21.39,34.1266666666667,18.0,38.363333333333294,3.4,758.5,67.0,1.0,25.0,-2.2,29.27144003333524,29.27144003333524,90
0,20.6333333333333,34.7,19.29,34.4,20.1,37.2228571428571,19.6,33.6633333333333,17.83,44.536,2.93333333333333,67.4666666666667,19.76,26.6,21.463333333333296,34.3333333333333,18.1,38.433333333333294,3.4833333333333294,758.366666666667,67.0,1.16666666666667,24.3333333333333,-2.13333333333333,28.28445722116157,28.28445722116157,100
0,20.7,34.6266666666667,19.29,34.4,20.1,37.016,19.6666666666667,33.6633333333333,17.79,44.47142857142861,3.06,67.4666666666667,19.9266666666667,26.566666666666695,21.6333333333333,34.5666666666667,18.1,38.5,3.56666666666667,758.233333333333,67.0,1.33333333333333,23.666666666666696,-2.06666666666667,45.77419717097655,45.77419717097655,100
0,20.79,34.4666666666667,19.39,34.4333333333333,20.1714285714286,36.8685714285714,19.6,33.56,17.79,44.4,3.23,67.1266666666667,20.066666666666695,26.5,21.7,34.7,18.1,38.53,3.65,758.1,67.0,1.5,23.0,-2.0,7.480953482445329,7.480953482445329,50
0,20.8566666666667,34.4666666666667,19.39,34.4333333333333,20.1,36.656,19.65,33.545,17.79,44.337142857142894,3.29,66.5333333333333,20.23,26.5,21.89,34.79,18.1,38.59,3.7333333333333294,757.966666666667,67.0,1.66666666666667,22.3333333333333,-1.93333333333333,40.61738780001178,40.61738780001178,50
0,20.9266666666667,34.4333333333333,19.4266666666667,34.53,20.1571428571429,36.3928571428571,19.6666666666667,33.5,17.79,44.356,3.36333333333333,65.8666666666667,20.3566666666667,26.4266666666667,21.89,34.79,18.1,38.49,3.8166666666666704,757.8333333333329,67.0,1.8333333333333297,21.666666666666696,-1.86666666666667,33.765241934452206,33.765241934452206,40
0,21.0,34.2266666666667,19.5,34.4633333333333,20.18,36.25,19.7,33.5,17.79,44.4,3.43,66.06,20.5,26.29,22.0,34.5266666666667,18.1,38.363333333333294,3.9,757.7,67.0,2.0,21.0,-1.8,25.349351402837783,25.349351402837783,50
0,21.0,34.0,19.5,34.26,20.1,36.0257142857143,19.6333333333333,33.4333333333333,17.79,44.29,3.6566666666666694,65.2,20.533333333333296,26.1666666666667,22.066666666666695,34.3266666666667,18.1,38.4,3.75,757.6333333333331,68.0,2.0,21.166666666666696,-1.73333333333333,36.95864501642063,36.95864501642063,60
0,21.0,34.0,19.5,34.1266666666667,20.2,35.856,19.6,33.3633333333333,17.79,44.15,3.73,64.2,20.6,26.033333333333296,22.2,34.06,18.1,38.4666666666667,3.6,757.5666666666668,69.0,2.0,21.3333333333333,-1.66666666666667,2.557210123632103,2.557210123632103,50
0,21.1,34.0,19.566666666666695,34.06,20.2,35.79,19.6,33.29,17.79,44.09,3.79,64.06333333333329,20.6,25.89,22.2,33.9333333333333,18.1,38.53,3.45,757.5,70.0,2.0,21.5,-1.6,49.265812907833606,49.265812907833606,60
0,21.1,33.9333333333333,19.5,34.0,20.2,35.714,19.6,33.2,17.79,44.0257142857143,3.8633333333333297,64.33,20.6,25.89,22.2,33.76,18.1,38.59,3.3,757.4333333333329,71.0,2.0,21.666666666666696,-1.53333333333333,23.001235479023308,23.001235479023308,60
0,21.0,33.79,19.5,34.0,20.264285714285695,35.6685714285714,19.6,33.2,17.79,43.9,4.16,63.96,20.5,25.89,22.2,33.7,18.1,38.59,3.15,757.366666666667,72.0,2.0,21.8333333333333,-1.46666666666667,37.77067111805081,37.77067111805081,60
0,21.0,33.79,19.5,34.0,20.2675,35.60875,19.5,33.26,17.7771428571429,43.884285714285696,4.4,63.25,20.4266666666667,25.823333333333295,22.1,33.6633333333333,18.1,38.59,3.0,757.2999999999998,73.0,2.0,22.0,-1.4,43.5343018732965,43.5343018732965,60
0,21.0,33.79,19.39,33.9,20.2,35.5,19.5,33.2,17.7,43.79,4.5,62.69333333333329,20.3566666666667,25.823333333333295,22.033333333333296,33.59,18.1,38.59,2.93333333333333,757.216666666667,73.6666666666667,2.16666666666667,21.8333333333333,-1.35,27.434132283087816,27.434132283087816,50
0,21.0,33.73,19.323333333333295,33.9,20.2,35.4714285714286,19.39,33.09,17.7385714285714,43.7642857142857,4.5,62.3,20.23,25.823333333333295,21.963333333333296,33.6266666666667,18.1,38.59,2.86666666666667,757.1333333333331,74.3333333333333,2.3333333333333295,21.666666666666696,-1.3,15.230562828946859,15.230562828946859,70
0,20.89,33.59,19.29,33.9,20.2,35.44,19.39,33.2233333333333,17.754,43.656,4.43333333333333,61.9666666666667,20.1666666666667,25.823333333333295,21.89,33.76,18.1,38.59,2.8,757.0499999999998,75.0,2.5,21.5,-1.25,22.19140868401155,22.19140868401155,90
0,20.89,33.59,19.2225,33.8175,20.2,35.4,19.39,33.4333333333333,17.7,43.5514285714286,4.15666666666667,61.66666666666669,20.1,25.963333333333296,21.89,34.03,18.033333333333296,38.53,2.7333333333333294,756.966666666667,75.6666666666667,2.66666666666667,21.3333333333333,-1.2,0.5249021691270171,0.5249021691270171,100
0,20.84,33.45,19.2,33.79,20.2,35.356,19.323333333333295,33.56,17.7,43.536,4.03,62.393333333333295,20.0,26.033333333333296,21.9725,34.2675,18.0,38.5,2.66666666666667,756.8833333333331,76.3333333333333,2.8333333333333295,21.166666666666696,-1.15,10.921319702174515,10.921319702174515,100
0,20.79,33.5,19.2,33.8266666666667,20.1714285714286,35.29,19.29,33.7666666666667,17.7,43.564285714285695,3.9666666666666694,62.933333333333294,20.0,26.226666666666695,22.0,34.4666666666667,18.0,38.5,2.6,756.7999999999998,77.0,3.0,21.0,-1.1,30.411475186701864,30.411475186701864,100
0,20.79,33.56,19.2,33.9,20.14,35.272,19.29,33.9,17.7,43.5,3.82666666666667,63.06,19.89,26.39,22.066666666666695,34.73,18.0,38.56,2.43333333333333,756.733333333333,78.1666666666667,2.8333333333333295,28.166666666666696,-1.05,24.630202935077246,24.630202935077246,80
0,20.76,33.6266666666667,19.1,33.9333333333333,20.1,35.2385714285714,19.26,33.9666666666667,17.6857142857143,43.47,3.6633333333333296,63.69333333333329,19.823333333333295,26.323333333333295,22.066666666666695,34.93,18.0,38.6266666666667,2.2666666666666706,756.6666666666669,79.3333333333333,2.66666666666667,35.3333333333333,-1.0,13.345672318246216,13.345672318246216,70
0,20.7,33.76,19.1,34.06,20.1,35.2,19.2,33.9666666666667,17.675,43.3725,3.53,64.0933333333333,19.76,26.4266666666667,22.1,35.1266666666667,18.0,38.7,2.1,756.6,80.5,2.5,42.5,-0.95,22.754021908622235,22.754021908622235,70
0,20.7,33.79,19.1,34.1266666666667,20.1,35.1528571428571,19.2,34.045,17.64,43.334,3.22333333333333,64.3233333333333,19.7,26.566666666666695,22.033333333333296,35.2,18.0,38.79,1.93333333333333,756.533333333333,81.6666666666667,2.3333333333333295,49.66666666666669,-0.9,22.78032167814672,22.78032167814672,70
0,20.7,33.73,19.033333333333296,34.0666666666667,20.1,35.178,19.1,34.09,17.6428571428571,43.2642857142857,2.9633333333333294,64.8633333333333,19.6666666666667,26.6666666666667,22.0,35.2,18.0,38.863333333333294,1.76666666666667,756.466666666667,82.8333333333333,2.16666666666667,56.83333333333329,-0.85,18.77284543588757,18.77284543588757,80
0,20.7,33.7,19.1,34.06,20.1,35.1371428571429,19.1,34.09,17.6,43.2,2.49,65.1,19.6,26.6666666666667,22.0,35.26,18.0,38.933333333333294,1.6,756.4,84.0,2.0,64.0,-0.8,22.7288713096641,22.7288713096641,90
0,20.7,33.7,19.1,34.06,20.1,35.09,19.1,34.23,17.6285714285714,43.2257142857143,2.09666666666667,65.7666666666667,19.5,26.79,22.0,35.29,18.0,39.0,1.4,756.3833333333331,84.8333333333333,2.0,63.66666666666669,-0.866666666666667,21.98795413132757,21.98795413132757,90
0,20.7,33.76,19.1,34.09,20.1,35.09,19.1,34.3633333333333,17.6,43.178,1.72666666666667,66.8966666666667,19.463333333333296,26.79,22.0,35.29,18.0,39.0,1.2,756.366666666667,85.6666666666667,2.0,63.33333333333329,-0.933333333333333,5.897172330878674,5.897172330878674,90
0,20.7,33.7,19.1,34.1633333333333,20.1,35.09,19.0,34.4333333333333,17.6,43.0257142857143,1.46,67.56333333333329,19.39,26.8566666666667,22.0,35.29,18.0,39.0,1.0,756.35,86.5,2.0,63.0,-1.0,34.08869253471494,34.08869253471494,90
0,20.73,33.7,19.23,34.23,20.1285714285714,35.09,19.0,34.5,17.6,43.054,1.26,68.6933333333333,19.39,26.9266666666667,22.0,35.3633333333333,18.0,39.0,0.8,756.3333333333329,87.3333333333333,2.0,62.66666666666669,-1.06666666666667,21.51551150018349,21.51551150018349,100
0,20.79,33.7,19.29,34.29,20.2,35.0,19.0,34.5,17.5571428571429,43.0257142857143,1.05,69.27,19.323333333333295,27.066666666666695,22.0,35.4,18.0,39.0,0.6,756.3166666666668,88.1666666666667,2.0,62.33333333333329,-1.13333333333333,30.82896068226546,30.82896068226546,90
0,20.823333333333295,33.73,19.4266666666667,34.3266666666667,20.2128571428571,34.9142857142857,19.0,34.4333333333333,17.6,43.0,0.933333333333333,69.9333333333333,19.29,27.1,22.0,35.4666666666667,18.0,39.0,0.4,756.2999999999998,89.0,2.0,62.0,-1.2,15.054575854446737,15.054575854446737,100
10,20.963333333333296,33.73,19.566666666666695,34.3266666666667,20.29,34.9,19.0,34.5,17.6,43.0257142857143,0.766666666666667,70.3933333333333,19.23,27.1,22.0,35.6566666666667,18.0,39.06,0.43333333333333296,756.283333333333,89.3333333333333,1.8333333333333297,61.83333333333329,-1.11666666666667,32.47910973150283,32.47910973150283,180
10,21.033333333333296,33.9566666666667,19.6,34.2,20.29,34.9,19.0,34.5,17.5,43.09,0.6999999999999998,71.2,19.2,27.1,22.0,35.8633333333333,18.0,39.09,0.46666666666666706,756.266666666667,89.6666666666667,1.66666666666667,61.66666666666669,-1.03333333333333,20.625459006987512,20.625459006987512,100
0,21.1,34.23,19.6666666666667,34.26,20.29,35.0,18.89,34.5,17.5857142857143,43.09,0.5666666666666669,71.3566666666667,19.2,27.1666666666667,22.0,35.5266666666667,18.0,39.09,0.5,756.25,90.0,1.5,61.5,-0.95,4.539419244974852,4.539419244974852,80
0,21.1333333333333,34.1266666666667,19.79,34.4333333333333,20.2385714285714,35.14,18.89,34.5,17.54,43.09,0.5,72.16333333333331,19.1,27.2,22.0,35.2666666666667,18.0,39.09,0.533333333333333,756.233333333333,90.3333333333333,1.33333333333333,61.33333333333329,-0.866666666666667,14.508675865363328,14.508675865363328,80
0,21.26,34.2,19.865,34.4475,20.2,35.296,18.963333333333296,34.59,17.5714285714286,43.09,0.5333333333333329,72.65999999999998,19.1,27.26,21.89,34.9666666666667,18.0,39.09,0.566666666666667,756.216666666667,90.6666666666667,1.16666666666667,61.16666666666669,-0.7833333333333331,33.77435258589685,33.77435258589685,60
0,21.29,34.06,19.89,34.23,20.1285714285714,35.5,18.963333333333296,34.59,17.5,43.09,0.5333333333333329,72.9933333333333,19.066666666666695,27.29,21.89,34.7666666666667,18.0,39.09,0.6,756.2,91.0,1.0,61.0,-0.7,16.525414655916393,16.525414655916393,70
0,21.365,33.8975,19.9266666666667,34.06,20.1375,35.5225,18.89,34.7,17.5428571428571,43.09,0.5999999999999999,73.4633333333333,19.0,27.29,21.79,34.45,18.0,39.1725,0.6,756.1333333333331,90.6666666666667,1.0,61.16666666666669,-0.75,16.216446040198207,16.216446040198207,60
0,21.39,33.73,20.0,34.0,20.1,35.59,18.89,34.7,17.5,43.09,0.5999999999999999,73.73,19.0,27.323333333333295,21.7,34.26,18.0,39.2,0.6,756.0666666666668,90.3333333333333,1.0,61.33333333333329,-0.8,14.257316791918129,14.257316791918129,80
10,21.39,33.6633333333333,20.0,34.0,20.1,35.59,18.9266666666667,34.79,17.6857142857143,50.9685714285714,0.6999999999999998,74.06333333333329,19.0,27.39,21.7,34.1266666666667,18.0,39.2,0.6,756.0,90.0,1.0,61.5,-0.85,13.931177160702644,13.931177160702644,70
0,21.463333333333296,33.6633333333333,20.0,33.9333333333333,20.12,35.572,18.9266666666667,34.79,20.736,83.59,0.6999999999999998,74.26333333333329,18.89,27.5,21.6666666666667,34.2933333333333,18.0,39.2,0.6,755.9333333333329,89.6666666666667,1.0,61.66666666666669,-0.9,48.272337415255606,48.272337415255606,100
0,21.39,33.6266666666667,20.0,34.1266666666667,20.2,35.5,18.89,34.79,19.9385714285714,84.3828571428571,0.6999999999999998,74.47799999999998,18.89,27.5,21.6,35.0333333333333,18.1,39.29,0.6,755.866666666667,89.3333333333333,1.0,61.83333333333329,-0.95,14.89529019454494,14.89529019454494,90
0,21.39,33.7,19.9266666666667,34.26,20.2,35.5,18.89,34.8266666666667,19.574,89.694,0.6333333333333329,74.53,18.89,27.5,21.6,35.83,18.033333333333296,39.29,0.6,755.7999999999998,89.0,1.0,62.0,-1.0,36.25027516391128,36.25027516391128,130
10,21.323333333333295,33.7666666666667,19.89,34.36,20.2,35.5,18.89,34.9,19.4971428571429,88.59714285714291,0.5,75.06333333333329,18.89,27.5,21.6,36.4233333333333,18.1,39.3266666666667,0.55,755.7999999999998,89.0,1.16666666666667,62.0,-1.05,39.609342894982554,39.609342894982554,100
0,21.323333333333295,34.0266666666667,19.89,34.6333333333333,20.2,35.518,18.89,34.9333333333333,18.83,80.0,0.5666666666666669,75.33,18.79,27.5,21.7,37.2266666666667,18.1,39.4,0.5,755.7999999999998,89.0,1.33333333333333,62.0,-1.1,30.96652504755184,30.96652504755184,100
0,21.39,34.23,19.9266666666667,34.86,20.2257142857143,35.6214285714286,18.823333333333295,34.9333333333333,18.952857142857095,69.3214285714286,0.5999999999999999,75.34999999999998,18.79,27.5,21.7,37.645,18.1,39.4666666666667,0.45,755.7999999999998,89.0,1.5,62.0,-1.15,15.974479902070016,15.974479902070016,90
0,21.39,34.43,20.0,35.06,20.2,35.7,18.8566666666667,35.0,19.0,60.10625,0.5333333333333329,75.15999999999998,18.79,27.5,21.79,38.3,18.1,39.2666666666667,0.4,755.7999999999998,89.0,1.66666666666667,62.0,-1.2,47.8549012215808,47.8549012215808,90
0,21.3566666666667,34.6266666666667,20.0,35.36,20.2,35.7928571428571,18.8566666666667,35.1333333333333,19.0,55.896,0.4,75.3666666666667,18.73,27.533333333333296,21.79,38.7666666666667,18.066666666666695,38.6333333333333,0.35,755.7999999999998,89.0,1.8333333333333297,62.0,-1.25,11.648372432682663,11.648372432682663,60
0,21.29,34.76,19.9266666666667,35.6333333333333,20.2,35.92,18.8566666666667,35.29,19.0,53.0285714285714,0.1333333333333329,74.96666666666668,18.73,27.6,21.823333333333295,39.09,18.0,38.2266666666667,0.3,755.7999999999998,89.0,2.0,62.0,-1.3,9.300895791966466,9.300895791966466,60
0,21.29,34.8266666666667,19.89,35.73,20.2,36.0257142857143,18.8566666666667,35.3633333333333,19.0,50.354,-0.2,74.96666666666668,18.7,27.6,21.89,39.03,18.0,37.5633333333333,0.0666666666666667,755.733333333333,89.5,2.0,62.0,-1.45,19.087530113756657,19.087530113756657,60
20,19.6,35.29,18.1666666666667,36.09,19.6,36.3214285714286,18.6,35.53,17.6,43.7,3.12666666666667,67.43,17.79,28.1,20.1,36.4,17.79,38.5,1.7,755.4,75.6666666666667,4.0,21.3333333333333,-2.16666666666667,48.378541483543806,48.378541483543806,50
30,19.7,35.3633333333333,18.23,36.03,19.6,36.2,18.6666666666667,35.8633333333333,17.5857142857143,43.712857142857104,3.35,65.9425,17.79,28.033333333333296,20.1,36.4,17.79,38.5,1.85,755.45,74.8333333333333,4.0,21.166666666666696,-2.18333333333333,27.75500408606604,27.75500408606604,130
20,19.7,35.43,18.29,36.03,19.6571428571429,36.2514285714286,18.8,36.1566666666667,17.54,43.754,3.6,65.0933333333333,17.79,28.033333333333296,20.066666666666695,36.33333333333329,17.79,38.36,2.0,755.5,74.0,4.0,21.0,-2.2,4.914168629329652,4.914168629329652,540
20,19.7,36.16,18.4266666666667,35.9333333333333,19.7,36.312,19.26,36.23,17.5428571428571,43.8685714285714,3.9333333333333296,63.55666666666671,17.79,28.0,20.0,36.2,17.79,38.1333333333333,2.11666666666667,755.533333333333,73.5,4.0,21.166666666666696,-2.16666666666667,6.655708292964846,6.655708292964846,510
20,19.76,36.9,18.566666666666695,36.06,19.7,36.4285714285714,19.86,35.8333333333333,17.56,43.834,4.12666666666667,62.4966666666667,17.79,28.0,20.0,36.2,17.79,37.933333333333294,2.2333333333333294,755.5666666666668,73.0,4.0,21.3333333333333,-2.13333333333333,41.5828715194948,41.5828715194948,200
30,19.823333333333295,37.0666666666667,18.6333333333333,36.09,19.7,36.5,20.0,35.5,17.5142857142857,43.9,4.3333333333333295,60.7666666666667,17.73,28.0,20.0,36.1266666666667,17.79,37.79,2.35,755.6,72.5,4.0,21.5,-2.1,13.701699255034328,13.701699255034328,200
20,19.963333333333296,37.66,18.7,36.09,19.7128571428571,36.5128571428571,20.0,35.6566666666667,17.56,43.92,4.475,59.9,17.79,28.0,20.0,36.06,17.79,37.73,2.4666666666666694,755.6333333333331,72.0,4.0,21.666666666666696,-2.06666666666667,29.597051558084782,29.597051558084782,180
20,20.0,38.59,18.76,36.1633333333333,19.79,36.59,20.0,35.8633333333333,17.5285714285714,44.0,4.6675,59.025,17.79,27.963333333333296,20.0,36.0,17.79,37.645,2.5833333333333295,755.6666666666669,71.5,4.0,21.8333333333333,-2.03333333333333,37.99055197741836,37.99055197741836,190
20,20.066666666666695,38.863333333333294,18.79,36.433333333333294,19.79,36.6685714285714,19.9266666666667,36.0,17.5,44.09,5.02666666666667,58.7333333333333,17.79,27.89,19.89,35.9666666666667,17.79,37.5,2.7,755.7,71.0,4.0,22.0,-2.0,40.290376031771295,40.290376031771295,100
20,20.1,38.395,18.79,36.56,19.79,36.79,19.9266666666667,36.0,17.5,44.2357142857143,5.16,56.963333333333296,17.79,27.89,19.89,35.9,17.79,37.433333333333294,2.81666666666667,755.7,70.6666666666667,4.3333333333333295,22.5,-1.9666666666666697,4.427132534328848,4.427132534328848,240
20,20.1333333333333,38.2966666666667,18.823333333333295,36.73,19.847142857142895,36.9928571428571,20.0,36.045,17.5,44.312,5.3,56.2966666666667,17.79,27.89,19.89,35.79,17.79,37.29,2.93333333333333,755.7,70.3333333333333,4.66666666666667,23.0,-1.93333333333333,46.04703893419355,46.04703893419355,140
30,20.2,37.89,18.89,36.73,19.89,37.09,20.0,36.06,17.5,44.4,5.3,55.4566666666667,17.79,27.89,19.823333333333295,35.73,17.79,37.29,3.05,755.7,70.0,5.0,23.5,-1.9,6.1751640983857214,6.1751640983857214,100
20,20.29,37.6333333333333,18.89,36.7,19.9685714285714,37.1528571428571,20.0,36.06,17.5,44.5,5.32857142857143,54.78,17.79,27.89,19.79,35.656,17.79,37.2,3.16666666666667,755.7,69.6666666666667,5.3333333333333295,24.0,-1.86666666666667,24.740398384165015,24.740398384165015,90
20,20.29,37.433333333333294,18.89,36.6266666666667,19.937142857142895,37.1214285714286,19.89,36.09,17.5,44.5,5.536,54.856,17.79,27.89,19.79,35.5675,17.79,37.1266666666667,3.28333333333333,755.7,69.3333333333333,5.66666666666667,24.5,-1.8333333333333297,49.0371105610393,49.0371105610393,70
30,20.29,36.9,18.89,36.43,19.956,37.0,19.89,36.03,17.5,44.44,5.59,53.57,17.79,27.823333333333295,19.79,35.5,17.79,37.06,3.4,755.7,69.0,6.0,25.0,-1.8,29.007241770159453,29.007241770159453,70
20,20.29,36.5666666666667,18.89,36.23,19.937142857142895,36.9857142857143,19.89,35.9666666666667,17.5,44.3214285714286,5.672,53.318,17.79,27.79,19.79,35.4428571428571,17.79,37.0,3.4,755.7,69.5,5.8333333333333295,25.0,-1.7,29.105697583872825,29.105697583872825,60
20,20.39,37.1233333333333,18.89,36.09,19.934,36.94,19.89,35.9,17.456,44.254,5.82857142857143,52.9214285714286,17.73,27.79,19.79,35.44,17.76,36.9666666666667,3.4,755.7,70.0,5.66666666666667,25.0,-1.6,0.1334011321887373,0.1334011321887373,60
0,20.323333333333295,36.59666666666671,18.89,36.03,19.937142857142895,36.9,19.89,35.76,17.4842857142857,44.2771428571429,5.9,52.476,17.79,27.79,19.7257142857143,35.4,17.7,36.8266666666667,3.4,755.7,70.5,5.5,25.0,-1.5,44.87750816624612,44.87750816624612,70
0,20.39,36.19333333333329,18.79,35.8633333333333,19.89,36.9,19.89,35.5666666666667,17.456,44.236,5.97,51.884285714285696,17.7,27.79,19.7,35.4,17.7,36.7,3.4,755.7,71.0,5.3333333333333295,25.0,-1.4,21.861412783619016,21.861412783619016,50
0,20.39,35.8,18.79,35.73,19.952857142857095,36.884285714285696,19.76,34.8333333333333,17.5,44.2,6.045,51.28625,17.7,27.79,19.7,35.3371428571429,17.7,36.6266666666667,3.4,755.7,71.5,5.16666666666667,25.0,-1.3,1.2773274444043636,1.2773274444043636,50
0,20.39,35.4,18.79,35.56,19.956,36.834,19.6333333333333,34.5,17.5,44.09,6.074,51.172,17.7,27.79,19.7,35.29,17.7,36.59,3.4,755.7,72.0,5.0,25.0,-1.2,39.859667082782835,39.859667082782835,50
0,20.463333333333296,35.1266666666667,18.79,35.4333333333333,19.952857142857095,36.79,19.566666666666695,34.1333333333333,17.5,44.0385714285714,6.22142857142857,50.2714285714286,17.76,27.79,19.7,35.2642857142857,17.7,36.53,3.45,755.716666666667,72.0,4.8333333333333295,24.3333333333333,-1.15,30.58035068679601,30.58035068679601,40
0,20.5,34.93,18.79,35.26,19.956,36.754,19.5,34.0,17.5,43.98,6.576,50.24,17.76,27.7,19.6,35.054,17.7,36.4,3.5,755.733333333333,72.0,4.66666666666667,23.666666666666696,-1.1,49.28422727389261,49.28422727389261,50
0,20.5,34.6566666666667,18.79,35.2,19.89,36.7,19.39,33.76,17.45875,43.8175,6.69,48.4,17.7,27.7,19.6,34.9428571428571,17.7,36.3214285714286,3.55,755.75,72.0,4.5,23.0,-1.05,13.285370089579372,13.285370089579372,40
0,20.5,34.4666666666667,18.79,35.06,19.89,36.678,19.323333333333295,33.7,17.4214285714286,43.6214285714286,6.69,48.933333333333294,17.7,27.73,19.6,34.9,17.7,36.156,3.6,755.766666666667,72.0,4.3333333333333295,22.3333333333333,-1.0,6.293910811655223,6.293910811655223,20
0,20.4266666666667,34.3266666666667,18.79,34.925,19.89,36.59,19.29,33.7,17.39,43.5,6.69,49.69333333333329,17.7,27.79,19.6,34.9,17.7,36.1057142857143,3.65,755.783333333333,72.0,4.16666666666667,21.666666666666696,-0.95,36.13416604930535,36.13416604930535,40
0,20.39,34.1633333333333,18.73,34.8266666666667,19.85,36.554,19.23,33.6266666666667,17.39,43.44285714285711,6.56333333333333,49.893333333333295,17.7,27.79,19.6,34.79,17.7,36.145,3.7,755.7999999999998,72.0,4.0,21.0,-0.9,29.57198715303093,29.57198715303093,20
0,20.39,34.09,18.7,34.8266666666667,19.79,36.4857142857143,19.1666666666667,33.59,17.39,43.378,6.263333333333329,50.9666666666667,17.7,27.79,19.5571428571429,34.8985714285714,17.7,36.072,3.6,755.85,73.6666666666667,3.8333333333333295,21.166666666666696,-0.7,46.6318347491324,46.6318347491324,40
0,20.39,34.0,18.6333333333333,34.7666666666667,19.79,36.4,19.1,33.59,17.39,43.29,6.19,51.3,17.7,27.89,19.54,35.0,17.7,36.0,3.5,755.9,75.3333333333333,3.6666666666666705,21.3333333333333,-0.5,25.451730634085838,25.451730634085838,50
0,20.29,33.9666666666667,18.6,34.7,19.79,36.3685714285714,19.05,33.545,17.39,43.2,6.22666666666667,50.863333333333294,17.7,27.89,19.5,35.0,17.7,35.96,3.4,755.95,77.0,3.5,21.5,-0.3,24.698736600112166,24.698736600112166,40
0,20.29,33.9,18.6,34.7,19.79,36.4,18.963333333333296,33.4,17.39,43.1371428571429,6.3,49.53,17.7,27.8566666666667,19.5,35.0,17.7,35.8371428571429,3.3,756.0,78.6666666666667,3.3333333333333295,21.666666666666696,-0.1,45.80362994456664,45.80362994456664,50
0,20.26,33.8633333333333,18.566666666666695,34.59,19.79,36.3528571428571,18.89,33.4,17.39,43.134,6.15666666666667,49.66666666666669,17.7,27.79,19.452857142857095,34.9571428571429,17.66,35.736,3.2,756.0499999999998,80.3333333333333,3.16666666666667,21.8333333333333,0.1,44.95043171336874,44.95043171336874,50
0,20.2,33.79,18.5,34.59,19.79,36.378,18.89,33.4,17.39,43.0514285714286,6.03,50.6,17.7,27.79,19.478,35.0,17.6285714285714,35.5957142857143,3.1,756.1,82.0,3.0,22.0,0.3,20.137164532206953,20.137164532206953,40
0,20.2,33.79,18.5,34.59,19.79,36.29,18.823333333333295,33.4,17.39,43.0,5.7,52.6,17.7,27.8925,19.4214285714286,35.0257142857143,17.64,35.44,3.1,756.116666666667,81.5,2.8333333333333295,23.166666666666696,0.2,17.479146586265415,17.479146586265415,50
0,20.1333333333333,33.79,18.4266666666667,34.59,19.79,36.29,18.76,33.5,17.39,42.9142857142857,5.43333333333333,54.86,17.7,28.066666666666695,19.39,35.09,17.6142857142857,35.3985714285714,3.1,756.1333333333331,81.0,2.66666666666667,24.3333333333333,0.1,24.897764553315938,24.897764553315938,50
10,20.066666666666695,33.79,18.39,34.59,19.79,36.212857142857104,18.7,33.56,17.39,42.9,5.23,56.8,17.7,28.1333333333333,19.39,35.1657142857143,17.6,35.29,3.1,756.15,80.5,2.5,25.5,0.0,46.746459102723755,46.746459102723755,80
0,20.0,33.79,18.39,34.6633333333333,19.77875,36.10875,18.7,33.73,17.39,42.8214285714286,5.09,57.9933333333333,17.7,28.26,19.39,35.35,17.6,35.29,3.1,756.1666666666669,80.0,2.3333333333333295,26.666666666666696,-0.1,8.388652582652867,8.388652582652867,90
0,20.0,33.9,18.39,34.8266666666667,19.736,36.218,18.7,33.79,17.35,42.856,5.045,59.395,17.7,28.39,19.4214285714286,35.6471428571429,17.6,35.29,3.1,756.1833333333329,79.5,2.16666666666667,27.8333333333333,-0.2,45.11735605774447,45.11735605774447,80
0,20.0,33.9666666666667,18.323333333333295,34.9,19.7257142857143,36.29,18.6666666666667,33.9333333333333,17.29,42.79,4.883333333333329,60.6083333333333,17.6333333333333,28.39,19.5,36.036,17.6,35.2771428571429,3.1,756.2,79.0,2.0,29.0,-0.3,24.613579234573994,24.613579234573994,100
0,20.0,34.1266666666667,18.36,35.0,19.754,36.254,18.6,34.06,17.29,42.79,4.8333333333333295,61.0633333333333,17.6,28.533333333333296,19.6125,36.20875,17.6,35.2,2.9833333333333294,756.233333333333,80.1666666666667,2.0,27.8333333333333,-0.216666666666667,28.28581554349512,28.28581554349512,100
0,20.0,34.26,18.6333333333333,34.9333333333333,19.7385714285714,36.2,18.6,34.1266666666667,17.29,42.7642857142857,4.62666666666667,62.033333333333296,17.6,28.6666666666667,19.7128571428571,36.4414285714286,17.6,35.2,2.86666666666667,756.266666666667,81.3333333333333,2.0,26.666666666666696,-0.133333333333333,6.164789060130715,6.164789060130715,80
0,19.89,34.4333333333333,18.6333333333333,34.79,19.7,36.178,18.6,34.26,17.29,42.7,4.2933333333333294,63.16666666666669,17.6,28.73,19.79,36.554,17.6,35.2,2.75,756.2999999999998,82.5,2.0,25.5,-0.05,37.72650737082586,37.72650737082586,80
0,19.89,34.56,18.6,34.86,19.7,36.09,18.566666666666695,34.3266666666667,17.29,42.7,4.12666666666667,64.0666666666667,17.6,28.79,19.79,36.6685714285714,17.5142857142857,35.2,2.63333333333333,756.3333333333329,83.6666666666667,2.0,24.3333333333333,0.0333333333333333,21.879655262455344,21.879655262455344,70
0,20.39,39.23,19.1,39.0666666666667,23.02,42.14,18.7,36.09,17.29,45.59,5.86666666666667,85.09999999999998,18.29,31.39,19.79,38.4,17.7,41.5,6.5,760.866666666667,76.0,4.0,32.66666666666669,2.5,44.94087455095723,44.94087455095723,140
0,20.39,39.4266666666667,19.1666666666667,38.4566666666667,23.0714285714286,41.2857142857143,18.76,35.9666666666667,17.29,45.554,6.09,83.3233333333333,18.29,31.39,19.79,38.29,17.7,41.5,6.65,760.7999999999998,74.5,4.0,34.5,2.35,15.484537882730365,15.484537882730365,70
0,20.39,39.2333333333333,19.1,37.73,22.66,39.09,18.76,35.9666666666667,17.29,45.5257142857143,6.29666666666667,81.79666666666668,18.3566666666667,31.39,19.8566666666667,38.275,17.7,41.5,6.8,760.733333333333,73.0,4.0,36.33333333333329,2.2,42.15150836389512,42.15150836389512,50
0,20.5,38.723333333333294,19.0,37.49,22.3814285714286,38.0271428571429,18.7,35.8633333333333,17.29,45.29,6.59,78.29,18.5,31.463333333333296,19.89,38.094,17.7,41.5,6.95,760.6666666666669,71.5,4.0,38.16666666666669,2.05,16.632444318383932,16.632444318383932,50
0,20.5,38.47,19.0,37.43,22.2,37.433333333333294,18.7,35.79,17.29,45.1371428571429,6.65666666666667,75.56333333333329,18.575,31.2925,19.89,38.0,17.718,41.5,7.1,760.6,70.0,4.0,40.0,1.9,0.4546248470433056,0.4546248470433056,110
0,20.5,38.23,19.033333333333296,37.6266666666667,22.066666666666695,37.113333333333294,18.73,35.8266666666667,17.29,45.0,7.1,73.59,18.6666666666667,31.26,19.9214285714286,37.97142857142861,17.79,41.4285714285714,7.05,760.5499999999998,69.3333333333333,4.16666666666667,40.0,1.71666666666667,19.553952233400196,19.553952233400196,350
0,20.533333333333296,38.1633333333333,19.1,37.7,21.89,36.9,18.79,35.9,17.29,45.0,7.8333333333333295,70.73,18.823333333333295,31.2,20.04,37.9,17.79,41.4,7.0,760.5,68.6666666666667,4.3333333333333295,40.0,1.53333333333333,0.8843300398439168,0.8843300398439168,210
0,20.6,38.03,19.1666666666667,37.7,21.79,36.79,18.79,35.9666666666667,17.29,44.94,8.03333333333333,66.9,18.963333333333296,31.066666666666695,20.1,37.856,17.79,41.2857142857143,6.95,760.45,68.0,4.5,40.0,1.35,9.821842319797724,9.821842319797724,50
0,20.6333333333333,38.1266666666667,19.1666666666667,37.7,21.7128571428571,36.79,18.79,35.9,17.29,45.0,8.195,64.8425,19.1333333333333,30.8566666666667,20.2,37.656,17.85,41.276,6.9,760.4,67.3333333333333,4.66666666666667,40.0,1.16666666666667,23.317675292491913,23.317675292491913,60
0,20.7,38.2,19.23,37.8266666666667,21.64,36.79,18.823333333333295,36.03,17.29,45.0,8.359999999999998,62.63,19.26,30.79,20.33,37.554,17.89,41.4,6.85,760.35,66.6666666666667,4.8333333333333295,40.0,0.9833333333333328,46.561075223144144,46.561075223144144,60
0,20.73,38.1633333333333,19.29,37.9,21.6,36.79,18.823333333333295,35.9633333333333,17.29,45.0,8.39,61.963333333333296,19.39,30.566666666666695,20.39,37.4,17.89,41.44,6.8,760.2999999999998,66.0,5.0,40.0,0.8,38.76370737561956,38.76370737561956,50
0,20.79,38.03,19.39,37.79,21.5,36.9,18.823333333333295,35.9,17.29,45.0,8.39,62.55666666666671,19.463333333333296,30.5,20.476,37.378,17.89,41.5,6.91666666666667,760.2999999999998,66.1666666666667,5.0,38.16666666666669,0.933333333333333,2.7549786260351534,2.7549786260351534,330
0,20.823333333333295,38.2266666666667,19.39,37.863333333333294,21.525,37.075,18.89,35.9666666666667,17.29,45.09,8.26333333333333,59.55666666666671,19.6,30.3266666666667,20.6,37.2257142857143,17.89,41.5,7.03333333333333,760.2999999999998,66.3333333333333,5.0,36.33333333333329,1.06666666666667,2.8485744609497488,2.8485744609497488,380
0,20.89,38.7666666666667,19.5,38.03,21.6971428571429,38.0285714285714,18.89,35.76,17.29,45.1528571428571,8.189999999999998,59.2966666666667,19.6666666666667,30.2,20.7,37.09,17.89,41.5,7.15,760.2999999999998,66.5,5.0,34.5,1.2,35.59998985147104,35.59998985147104,280
0,20.9266666666667,39.19333333333329,19.5,38.1633333333333,22.04,38.834,18.89,35.7,17.29,45.24,8.099999999999998,59.7566666666667,19.73,30.03,20.718,36.994,17.89,41.475,7.26666666666667,760.2999999999998,66.6666666666667,5.0,32.66666666666669,1.33333333333333,38.01465858705342,38.01465858705342,240
0,21.0,39.3266666666667,19.6,38.29,22.2225,38.925,18.89,35.59,17.29,45.4285714285714,8.099999999999998,60.363333333333294,19.8566666666667,29.89,20.79,36.7642857142857,17.934,41.4,7.383333333333329,760.2999999999998,66.8333333333333,5.0,30.8333333333333,1.46666666666667,45.389302738476545,45.389302738476545,220
0,21.0,39.23,19.6,38.29,22.39,38.9285714285714,18.89,35.53,17.29,45.59,8.189999999999998,60.363333333333294,19.8566666666667,29.8566666666667,20.79,36.7,17.9371428571429,41.4,7.5,760.2999999999998,67.0,5.0,29.0,1.6,7.389168394729494,7.389168394729494,190
0,21.0,39.29,19.6,38.4,22.5,38.9,18.84,35.45,17.29,45.7357142857143,8.13,59.89,19.79,29.79,20.79,36.678,17.89,41.4,7.3333333333333295,760.25,67.3333333333333,5.0,30.8333333333333,1.53333333333333,3.673986915964633,3.673986915964633,200
0,21.0,39.223333333333294,19.6,38.3175,22.5857142857143,38.6785714285714,18.8566666666667,35.3633333333333,17.29,45.812,8.03333333333333,58.5633333333333,19.79,29.76,20.79,36.59,17.9214285714286,41.4,7.16666666666667,760.2,67.6666666666667,5.0,32.66666666666669,1.46666666666667,30.111844860948622,30.111844860948622,120
0,21.0,39.03,19.6,38.23,22.66,38.418,18.79,35.23,17.29,45.9,7.8333333333333295,58.6233333333333,19.79,29.6333333333333,20.777142857142895,36.4985714285714,18.0,41.4,7.0,760.15,68.0,5.0,34.5,1.4,43.35178015753626,43.35178015753626,50
0,21.0,38.83333333333329,19.6,38.2,22.66,37.858,18.79,35.1633333333333,17.29,45.94,7.8,58.033333333333296,19.7,29.566666666666695,20.7,36.378,17.9214285714286,41.4,6.8333333333333295,760.1,68.3333333333333,5.0,36.33333333333329,1.33333333333333,24.96639280579984,24.96639280579984,50
0,21.0,38.6266666666667,19.533333333333296,38.1266666666667,22.414,37.356,18.79,35.09,17.29,45.94285714285711,7.8,57.5666666666667,19.6333333333333,29.4266666666667,20.7,36.29,17.934,41.4,6.66666666666667,760.0499999999998,68.6666666666667,5.0,38.16666666666669,1.26666666666667,12.449088203720748,12.449088203720748,60
0,21.0,38.33333333333329,19.566666666666695,38.0,22.29,37.11166666666671,18.73,35.2,17.29,45.9,7.656666666666669,58.4966666666667,19.6,29.39,20.7,36.212857142857104,17.89,41.3214285714286,6.5,760.0,69.0,5.0,40.0,1.2,5.994338029995561,5.994338029995561,40
0,21.0,38.07,19.5,38.0,22.1725,36.87,18.73,35.2,17.29,45.8214285714286,7.53,59.4966666666667,19.575,29.39,20.6285714285714,36.1214285714286,17.934,41.29,6.3333333333333295,759.966666666667,70.1666666666667,4.8333333333333295,40.0,1.26666666666667,13.459854072425514,13.459854072425514,50
0,21.0,37.9,19.463333333333296,37.863333333333294,22.04,36.736,18.7,35.29,17.29,45.79,7.33,60.3666666666667,19.5,29.463333333333296,20.6,36.2,17.9057142857143,41.29,6.16666666666667,759.9333333333329,71.3333333333333,4.66666666666667,40.0,1.33333333333333,47.973762184847146,47.973762184847146,90
0,20.963333333333296,37.6333333333333,19.39,37.79,21.934,36.674,18.7,35.3633333333333,17.29,45.7228571428571,7.0925,61.3725,19.463333333333296,29.566666666666695,20.5285714285714,36.2257142857143,17.89,41.272,6.0,759.9,72.5,4.5,40.0,1.4,20.270572986919433,20.270572986919433,410
0,20.89,37.5,19.29,37.8266666666667,21.976,37.052,18.6666666666667,35.4,17.29,45.59,6.7933333333333294,61.99,19.39,29.566666666666695,20.56,36.67,17.89,41.2,5.8333333333333295,759.866666666667,73.6666666666667,4.3333333333333295,40.0,1.46666666666667,38.18529911804944,38.18529911804944,320
0,20.89,37.7,19.29,38.0266666666667,22.15,37.545,18.6,35.4,17.29,45.59,6.39666666666667,62.8266666666667,19.3566666666667,29.7,20.5571428571429,37.0085714285714,17.89,41.09,5.66666666666667,759.8333333333329,74.8333333333333,4.16666666666667,40.0,1.53333333333333,4.978462134022266,4.978462134022266,310
0,20.823333333333295,37.7,19.26,38.23,22.35,37.59,18.6,35.4,17.29,45.59,5.99666666666667,63.2333333333333,19.29,29.7,20.6,37.2,17.89,41.1214285714286,5.5,759.7999999999998,76.0,4.0,40.0,1.6,49.89480329677463,49.89480329677463,280
0,20.89,38.03,19.2,38.363333333333294,22.54,37.516,18.6,35.4666666666667,17.29,45.6057142857143,5.52666666666667,64.46,19.2,29.6333333333333,20.7,37.536,17.89,41.112,5.26666666666667,759.8166666666668,77.0,3.8333333333333295,40.0,1.55,19.73751217592508,19.73751217592508,250
0,20.823333333333295,38.09,19.2,38.6266666666667,22.7,37.2257142857143,18.5,35.6266666666667,17.29,45.718,5.19333333333333,65.3333333333333,19.2,29.76,20.7,37.7225,17.89,41.2,5.03333333333333,759.8333333333329,78.0,3.6666666666666705,40.0,1.5,38.180854404345155,38.180854404345155,180
0,20.79,38.23,19.1333333333333,38.7,22.79,36.9,18.5,35.7,17.29,45.79,4.79666666666667,66.5333333333333,19.1,29.79,20.7,38.0357142857143,17.89,41.236,4.8,759.85,79.0,3.5,40.0,1.45,15.188554266933352,15.188554266933352,110
0,20.5,37.0,18.6,37.9,21.68,36.178,18.7,36.2,17.218,44.96,3.0,76.2,18.533333333333296,30.2,20.2385714285714,37.2,17.79,40.397142857142896,4.3,759.2999999999998,79.0,5.0,40.0,0.85,22.39066227339208,22.39066227339208,40
0,20.39,36.79,18.6,37.9,21.6,36.09,18.7,36.2,17.2257142857143,44.85,3.03,76.5,18.5,30.2,20.2,37.26,17.79,39.79,4.4,759.233333333333,78.0,5.3333333333333295,40.0,0.766666666666667,46.93530135555193,46.93530135555193,50
0,20.39,36.73,18.5,37.79,21.5857142857143,36.09,18.6666666666667,36.26,17.2,44.656,3.09,76.4333333333333,18.5,30.2,20.1666666666667,37.4,17.79,39.6333333333333,4.5,759.1666666666669,77.0,5.66666666666667,40.0,0.683333333333333,20.760766300372776,20.760766300372776,50
0,20.3566666666667,36.6633333333333,18.5,37.79,21.5,36.07875,18.6,36.2,17.2,44.5385714285714,3.23,76.2,18.39,30.1,20.1,37.4,17.79,39.36,4.6,759.1,76.0,6.0,40.0,0.6,32.56058894330636,32.56058894330636,50
0,20.29,36.59,18.39,37.59,21.5,36.0,18.566666666666695,36.2,17.2,44.48,3.29,75.9333333333333,18.39,30.1,20.1,37.4666666666667,17.76,39.0266666666667,4.5833333333333295,759.0499999999998,76.1666666666667,6.0,40.0,0.633333333333333,35.26614169823006,35.26614169823006,40
0,20.29,36.56,18.39,37.59,21.4214285714286,36.0,18.5,36.2,17.2,44.3685714285714,3.5,75.56,18.3566666666667,30.2,20.0,37.4,17.7,38.8266666666667,4.56666666666667,759.0,76.3333333333333,6.0,40.0,0.666666666666667,18.822307337541133,18.822307337541133,40
0,20.23,36.433333333333294,18.3566666666667,37.59,21.39,36.0,18.5,36.2,17.2,44.2,3.5,75.2266666666667,18.29,30.2,20.0,37.4,17.7,38.56,4.55,758.95,76.5,6.0,40.0,0.7,21.19839236838743,21.19839236838743,30
0,20.2,36.363333333333294,18.29,37.59,21.3328571428571,36.077142857142896,18.5,36.2,17.2,44.1371428571429,3.6266666666666705,74.83,18.26,30.2,19.963333333333296,37.4666666666667,17.7,38.5,4.53333333333333,758.9,76.6666666666667,6.0,40.0,0.733333333333333,39.2739687114954,39.2739687114954,20
0,20.2,36.29,18.29,37.59,21.272,36.09,18.39,36.2,17.16,44.072,3.76,74.43,18.26,30.2,19.89,37.4,17.7,38.43,4.51666666666667,758.85,76.8333333333333,6.0,40.0,0.766666666666667,2.424455538857728,2.424455538857728,30
0,20.1333333333333,36.29,18.23,37.53,21.2,36.1685714285714,18.39,36.26,17.2,43.97142857142861,3.82666666666667,73.83,18.26,30.26,19.89,37.4,17.7,38.23,4.5,758.7999999999998,77.0,6.0,40.0,0.8,28.73955931281671,28.73955931281671,50
0,20.1333333333333,36.23,18.2,37.4666666666667,21.16,36.2,18.39,36.2,17.2,43.856,3.9666666666666694,73.49666666666668,18.2,30.2,19.823333333333295,37.3266666666667,17.7,38.06,4.65,758.6666666666669,76.3333333333333,6.16666666666667,40.0,0.8,5.557439872063696,5.557439872063696,50
0,20.066666666666695,36.1633333333333,18.2,37.4,21.1,36.1371428571429,18.315,36.2675,17.2,43.7385714285714,4.22666666666667,72.8633333333333,18.2,30.23,19.79,37.29,17.7,37.933333333333294,4.8,758.533333333333,75.6666666666667,6.3333333333333295,40.0,0.8,36.02524255402386,36.02524255402386,50
0,20.0,36.09,18.2,37.4,21.1,36.09,18.29,36.29,17.2,43.678,4.36666666666667,72.1966666666667,18.2,30.29,19.79,37.29,17.6666666666667,37.76,4.95,758.4,75.0,6.5,40.0,0.8,47.45786655694246,47.45786655694246,40
0,20.0,36.09,18.125,37.4,21.1,36.09,18.29,36.4,17.2,43.59,4.43333333333333,71.0266666666667,18.1333333333333,30.29,19.76,37.29,17.6,37.6266666666667,5.1,758.266666666667,74.3333333333333,6.66666666666667,40.0,0.8,34.83604119392112,34.83604119392112,40
0,19.9266666666667,36.09,18.1,37.4,21.06,36.054,18.29,36.4666666666667,17.2,43.554,4.56,70.5,18.1333333333333,30.29,19.7,37.29,17.6,37.56,5.25,758.1333333333331,73.6666666666667,6.8333333333333295,40.0,0.8,45.916906150523566,45.916906150523566,50
0,19.963333333333296,36.09,18.066666666666695,37.363333333333294,21.0,36.0,18.29,36.5,17.2,43.4375,4.69,70.1566666666667,18.1,30.323333333333295,19.7,37.29,17.6,37.5,5.4,758.0,73.0,7.0,40.0,0.8,21.62064600270241,21.62064600270241,50
0,19.89,36.09,18.0,37.363333333333294,21.0,36.0,18.23,36.5,17.1571428571429,43.4,4.7975,70.0225,18.1,30.39,19.6333333333333,37.23,17.6,37.4,5.51666666666667,757.9,72.8333333333333,7.3333333333333295,40.0,0.883333333333333,38.82513630669564,38.82513630669564,30
0,19.89,36.09,18.0,37.363333333333294,21.0,36.0,18.2,36.5,17.12,43.378,4.9,70.0,18.05,30.39,19.6,37.29,17.6,37.29,5.633333333333329,757.7999999999998,72.6666666666667,7.666666666666669,40.0,0.966666666666667,42.55545609630644,42.55545609630644,50
0,19.823333333333295,36.03,18.0,37.29,20.89,36.0,18.2,36.5,17.2,43.29,5.03,69.7633333333333,18.0,30.39,19.6,37.29,17.6,37.29,5.75,757.7,72.5,8.0,40.0,1.05,38.0094114341773,38.0094114341773,50
0,19.79,36.0,18.0,37.4,20.937142857142895,35.9142857142857,18.2,36.5,17.16,43.2,5.15666666666667,69.56333333333329,18.0,30.463333333333296,19.6,37.29,17.5333333333333,37.2,5.86666666666667,757.6,72.3333333333333,8.33333333333333,40.0,1.13333333333333,31.297627091407772,31.297627091407772,50
10,19.79,36.0666666666667,18.0,37.4,20.89,35.9,18.2,36.56,17.1714285714286,43.2,5.3,69.4,18.0,30.533333333333296,19.533333333333296,37.29,17.6,37.2,5.98333333333333,757.5,72.1666666666667,8.66666666666667,40.0,1.21666666666667,8.859333104919642,8.859333104919642,40
0,19.79,36.26,17.9633333333333,37.53,20.89,35.9,18.2,36.59,17.14,43.2,5.3,69.5266666666667,18.0,30.726666666666695,19.533333333333296,37.6566666666667,17.5333333333333,37.19333333333329,6.1,757.4,72.0,9.0,40.0,1.3,2.9832465457729995,2.9832465457729995,30
0,19.7,36.463333333333296,17.89,37.6633333333333,20.89,36.0,18.2,36.6633333333333,17.1428571428571,43.2257142857143,5.4,69.7266666666667,18.0,30.9266666666667,19.6,37.99,17.6,37.6,6.133333333333329,757.283333333333,72.3333333333333,9.0,40.0,1.41666666666667,45.034231629688286,45.034231629688286,20
0,19.7,36.59,17.89,37.79,20.89,36.0514285714286,18.1,36.7,17.1,43.4,5.46666666666667,69.8666666666667,18.0,31.0,19.65,38.55,17.6,37.8266666666667,6.16666666666667,757.1666666666669,72.6666666666667,9.0,40.0,1.53333333333333,36.72381239011884,36.72381239011884,30
0,19.7,36.7,17.89,37.863333333333294,20.83,36.112,18.1,36.7,17.1,43.4571428571429,5.6233333333333295,69.8666666666667,18.0,31.1333333333333,19.7,39.0,17.6,37.9666666666667,6.2,757.0499999999998,73.0,9.0,40.0,1.65,32.93443525908515,32.93443525908515,50
0,19.7,36.7,17.89,37.933333333333294,20.79,36.2642857142857,18.1,36.73,17.1,43.554,5.763333333333329,69.66,18.0,31.2,19.6333333333333,39.26,17.6,38.1266666666667,6.23333333333333,756.9333333333329,73.3333333333333,9.0,40.0,1.76666666666667,48.78946135286242,48.78946135286242,50
0,19.6,36.6266666666667,17.89,38.0,20.79,36.4,18.1,36.79,17.1,43.6214285714286,5.8,69.53,18.0,31.323333333333295,19.6,39.433333333333294,17.6,38.33333333333329,6.26666666666667,756.8166666666668,73.6666666666667,9.0,40.0,1.88333333333333,6.647520931437612,6.647520931437612,50
0,19.6666666666667,36.83333333333329,17.8233333333333,38.0666666666667,20.8328571428571,36.537142857142896,18.0,36.73,17.1,43.79,5.86666666666667,69.99,18.0,31.39,19.533333333333296,39.56,17.6,38.4,6.3,756.7,74.0,9.0,40.0,2.0,30.961959948763248,30.961959948763248,60
0,20.323333333333295,40.69333333333329,19.533333333333296,39.9,20.5,39.0,20.2,37.4,18.1,50.76,4.43333333333333,87.8333333333333,18.976,34.536,19.79,40.03,18.1428571428571,39.837142857142894,6.1,759.1,70.0,2.0,40.0,0.9,10.535730654373763,10.535730654373763,70
0,20.39,40.6333333333333,19.6,39.6266666666667,20.566666666666695,39.0,20.26,37.4666666666667,18.1,50.6266666666667,4.56,87.8333333333333,19.1714285714286,34.3971428571429,19.89,39.9666666666667,18.12,39.856,6.11666666666667,759.0,68.1666666666667,2.0,40.0,0.5166666666666672,39.320710534229875,39.320710534229875,40
0,20.5,40.5633333333333,19.6,39.7,20.6,39.45,20.29,37.4,18.1,50.56,4.5,87.83,19.2,34.054,19.963333333333296,39.8266666666667,18.2,39.8685714285714,6.133333333333329,758.9,66.3333333333333,2.0,40.0,0.133333333333333,5.9165092767216265,5.9165092767216265,50
0,20.5,40.09666666666671,19.6,39.6266666666667,20.6333333333333,40.09666666666671,20.29,37.4,18.1,50.433333333333294,4.56,87.76333333333329,19.277142857142895,33.9271428571429,20.0,39.56,18.2,39.7,6.15,758.7999999999998,64.5,2.0,40.0,-0.25,26.370084146037694,26.370084146037694,50
10,20.5,39.723333333333294,19.6,39.363333333333294,20.7,40.29,20.29,37.29,18.1,50.26,4.8,87.8666666666667,19.29,33.772,20.0,39.5,18.2,39.6371428571429,6.16666666666667,758.7,62.66666666666671,2.0,40.0,-0.633333333333333,14.746055123396216,14.746055123396216,50
0,20.5,39.463333333333296,19.6,39.23,20.7,40.29,20.29,37.29,18.1,50.2,4.86666666666667,87.8666666666667,19.29,33.7,20.033333333333296,39.4,18.2,39.612,6.18333333333333,758.6,60.83333333333329,2.0,40.0,-1.01666666666667,1.5608792193233967,1.5608792193233967,50
0,20.6,39.223333333333294,19.6,39.0266666666667,20.7,40.29,20.29,37.29,18.1,50.06,5.06333333333333,87.9633333333333,19.39,33.5,20.1,39.3266666666667,18.2,39.7,6.2,758.5,59.0,2.0,40.0,-1.4,2.9863475938327606,2.9863475938327606,50
0,20.6,39.03,19.6,38.9,20.79,40.26,20.29,37.2675,18.1,49.86,5.3725,88.19249999999998,19.39,33.385,20.1,39.2,18.2,39.7,6.16666666666667,758.35,59.66666666666671,2.0,36.66666666666669,-1.26666666666667,49.547470943070955,49.547470943070955,140
0,20.6,38.8266666666667,19.6,38.6633333333333,20.73,40.2,20.29,37.26,18.1,49.6633333333333,5.76666666666667,88.4333333333333,19.4057142857143,33.29,20.1666666666667,39.1266666666667,18.2128571428571,39.712857142857104,6.133333333333329,758.2,60.33333333333329,2.0,33.3333333333333,-1.13333333333333,12.543993513099847,12.543993513099847,60
0,20.6,38.9666666666667,19.6,38.59,20.73,40.06,20.29,37.2,18.1,49.53,6.06333333333333,88.5,19.456,33.236,20.2,39.03,18.29,39.79,6.1,758.0499999999998,61.0,2.0,30.0,-1.0,27.69363288534805,27.69363288534805,240
0,20.6,38.93,19.6,38.59,20.73,39.933333333333294,20.29,37.2,18.1,49.4666666666667,6.19,88.56,19.5,33.1214285714286,20.26,39.223333333333294,18.29,39.7257142857143,6.06666666666667,757.9,61.66666666666671,2.0,26.666666666666696,-0.866666666666667,40.97650024341419,40.97650024341419,200
0,20.6,38.79,19.6,38.53,20.7,39.76,20.29,37.09,18.033333333333296,49.3266666666667,6.36666666666667,88.59,19.54,32.96,20.4266666666667,39.36,18.29,39.736,6.03333333333333,757.75,62.33333333333329,2.0,23.3333333333333,-0.733333333333333,24.387170921545476,24.387170921545476,230
0,20.6666666666667,38.723333333333294,19.6,38.4,20.7,39.7,20.29,37.03,18.1,49.26,6.3,88.53,19.6,32.7385714285714,20.6,39.5675,18.29,39.712857142857104,6.0,757.6,63.0,2.0,20.0,-0.6,11.073520651552826,11.073520651552826,90
0,20.6666666666667,38.6633333333333,19.6,38.4,20.6666666666667,39.5266666666667,20.29,37.0,18.033333333333296,49.1266666666667,6.19,88.2266666666667,19.66,32.572,20.76,39.6633333333333,18.29,39.638,6.06666666666667,757.5,62.16666666666671,2.0,23.3333333333333,-0.716666666666667,5.212753568775952,5.212753568775952,190
0,20.7,38.56,19.6,38.26,20.6,39.4,20.29,36.933333333333294,18.033333333333296,49.0,6.1233333333333295,88.15999999999998,19.7,32.3971428571429,20.9266666666667,39.8266666666667,18.3185714285714,39.79,6.133333333333329,757.4,61.33333333333329,2.0,26.666666666666696,-0.8333333333333329,41.06421596370637,41.06421596370637,90
0,20.7,38.32,19.6,38.1266666666667,20.6333333333333,39.29,20.29,36.863333333333294,18.025,48.8425,6.26,88.09999999999998,19.79,32.156,21.0,39.9666666666667,18.39,39.9,6.2,757.2999999999998,60.5,2.0,30.0,-0.95,30.192568176425997,30.192568176425997,90
0,20.76,38.2,19.6,38.045,20.7,39.23,20.29,36.79,18.0,48.64,6.52666666666667,88.2266666666667,19.8914285714286,31.9614285714286,21.1333333333333,40.2,18.39,40.2557142857143,6.26666666666667,757.2,59.66666666666671,2.0,33.3333333333333,-1.06666666666667,31.44977345364168,31.44977345364168,80
0,20.79,38.1633333333333,19.7,38.06,20.7,39.0266666666667,20.29,36.7,18.0,48.56,6.6233333333333295,87.96666666666668,20.0,31.752,21.26,40.1266666666667,18.39,40.7725,6.3333333333333295,757.1,58.83333333333329,2.0,36.66666666666669,-1.18333333333333,17.198906443081796,17.198906443081796,80
0,20.79,38.09,19.7,38.0,20.76,38.8266666666667,20.29,36.7,18.0,48.433333333333294,6.69,87.8333333333333,20.0714285714286,31.6,21.5,39.93,18.39,41.018,6.4,757.0,58.0,2.0,40.0,-1.3,32.72715078201145,32.72715078201145,230
0,20.79,38.1266666666667,19.7,37.9666666666667,20.7,38.79,20.26,36.59,18.066666666666695,48.43,6.52666666666667,87.09333333333329,20.06,31.35,21.566666666666695,39.6566666666667,18.39,41.29,6.4,756.9333333333329,57.5,2.0,40.0,-1.43333333333333,13.335802464280276,13.335802464280276,420
0,20.79,38.2,19.7,37.9,20.7225,38.7675,20.2,36.53,18.066666666666695,48.363333333333294,6.3333333333333295,87.09333333333329,20.0571428571429,31.224285714285696,21.6,39.4666666666667,18.39,41.254,6.4,756.866666666667,57.0,2.0,40.0,-1.56666666666667,0.7931036292575299,0.7931036292575299,150
0,20.79,38.26,19.7,37.79,20.73,38.6266666666667,20.2,36.5,18.033333333333296,48.23,6.263333333333329,86.76,20.08,31.058,21.6666666666667,39.3266666666667,18.39,41.024285714285696,6.4,756.7999999999998,56.5,2.0,40.0,-1.7,15.267701866105199,15.267701866105199,80
0,20.8566666666667,38.1266666666667,19.7,37.73,20.73,38.56,20.2,36.433333333333294,18.033333333333296,48.1566666666667,6.263333333333329,86.9,20.0714285714286,30.89,21.73,39.223333333333294,18.39,40.976,6.4,756.733333333333,56.0,2.0,40.0,-1.8333333333333297,1.387791091110557,1.387791091110557,90
0,20.89,38.0,19.7,37.56,20.79,38.5,20.2,36.363333333333294,18.0,48.09,6.53,86.4,20.1,30.83,21.79,39.03,18.39,40.8114285714286,6.4,756.6666666666669,55.5,2.0,40.0,-1.9666666666666697,28.419617295730855,28.419617295730855,110
0,20.963333333333296,37.86,19.7,37.433333333333294,20.79,38.363333333333294,20.2,36.363333333333294,18.0,47.95,6.895,87.095,20.1985714285714,30.9814285714286,21.9266666666667,38.9666666666667,18.5,40.71,6.4,756.6,55.0,2.0,40.0,-2.1,27.818292472511526,27.818292472511526,100
0,21.0,37.8,19.73,37.363333333333294,20.8566666666667,38.29,20.23,36.5666666666667,18.0,47.79,7.33,87.59999999999998,20.31,31.2,22.066666666666695,38.9,18.4685714285714,40.68,6.3333333333333295,756.533333333333,55.5,2.0,40.0,-2.05,13.208719331305474,13.208719331305474,100
0,21.066666666666695,38.0,19.79,37.29,20.89,38.1633333333333,20.29,36.7675,18.0,47.73,7.6233333333333295,87.29999999999998,20.4214285714286,31.2257142857143,22.23,38.76,18.5,41.116,6.26666666666667,756.466666666667,56.0,2.0,40.0,-2.0,48.00038682296872,48.00038682296872,100
0,21.1,37.79,19.89,37.29,20.89,38.09,20.29,36.79,18.066666666666695,47.76,7.69,85.29999999999998,20.54,31.2,22.3566666666667,38.6266666666667,18.5,41.4971428571429,6.2,756.4,56.5,2.0,40.0,-1.95,39.10552526358515,39.10552526358515,80
0,21.1,37.79,19.89,37.29,20.89,38.0,20.29,36.8266666666667,18.0,47.7,7.59,83.2,20.514285714285695,31.1285714285714,22.39,38.363333333333294,18.5,41.7,6.133333333333329,756.3333333333329,57.0,2.0,40.0,-1.9,41.39131481060758,41.39131481060758,70
0,21.1,37.8,19.79,37.2,20.89,38.0,20.3566666666667,36.8266666666667,18.0,47.7,7.53,82.65999999999998,20.478,31.04,22.39,38.29,18.5,41.6828571428571,6.06666666666667,756.266666666667,57.5,2.0,40.0,-1.85,23.866108409129083,23.866108409129083,80
0,21.1,37.933333333333294,19.79,37.26,20.8566666666667,37.9666666666667,20.3566666666667,36.76,18.066666666666695,47.76,7.5,83.59999999999998,20.39,30.9214285714286,22.4266666666667,38.23,18.456,41.438,6.0,756.2,58.0,2.0,40.0,-1.8,22.73562803165987,22.73562803165987,70
0,21.1,37.723333333333294,19.79,37.2,20.79,37.9,20.29,36.7,18.066666666666695,47.6633333333333,7.366666666666669,83.06,20.39,30.754,22.4266666666667,38.43,18.5,41.4657142857143,5.8,756.1333333333331,61.0,1.8333333333333297,40.0,-1.35,12.044285295996813,12.044285295996813,80
0,21.1,37.53,19.73,37.1266666666667,20.79,37.9,20.29,36.59,18.0,47.53,7.093333333333329,84.23,20.3042857142857,30.5414285714286,22.445,38.69,18.434,40.62,5.6,756.0666666666668,64.0,1.66666666666667,40.0,-0.9,44.909758877474815,44.909758877474815,90
0,21.1,37.29,19.7,37.09,20.79,37.8266666666667,20.29,36.53,18.0,47.4666666666667,6.69333333333333,83.8966666666667,20.2225,30.27,22.5,38.79,18.4057142857143,39.897142857142896,5.4,756.0,67.0,1.5,40.0,-0.45,44.124030089005835,44.124030089005835,80
0,21.1,37.2225,19.7,37.03,20.7,37.76,20.26,36.4,18.0,47.4,6.2,83.7566666666667,20.18,30.14,22.5,38.863333333333294,18.39,39.378,5.2,755.9333333333329,70.0,1.33333333333333,40.0,0.0,22.311376279685646,22.311376279685646,80
0,21.1,37.1266666666667,19.6,36.863333333333294,20.7,37.7,20.2,36.1266666666667,18.0,47.3266666666667,5.7933333333333294,82.8966666666667,20.1,30.1,22.5,39.19333333333329,18.39,38.9228571428571,5.0,755.866666666667,73.0,1.16666666666667,40.0,0.45,31.813568039797246,31.813568039797246,80
0,21.1,37.09,19.6,36.79,20.7,37.59,20.2,35.9666666666667,18.066666666666695,47.26,5.39666666666667,83.18999999999998,20.0,30.1,22.5,39.5266666666667,18.39,38.7,4.8,755.7999999999998,76.0,1.0,40.0,0.9,24.80606454191729,24.80606454191729,90
0,21.1,37.09,19.6,36.863333333333294,20.7,37.59,20.1333333333333,35.8266666666667,18.0,47.1266666666667,5.1233333333333295,83.5966666666667,19.9842857142857,30.1142857142857,22.5,39.7,18.375714285714295,38.3414285714286,4.61666666666667,755.8166666666668,76.0,1.0,40.0,0.733333333333333,49.45750359911472,49.45750359911472,100
10,21.1,37.06,19.566666666666695,37.0,20.7,37.59,20.1,35.7,18.0,47.06,4.83,84.03,19.89,30.238,22.5,39.7,18.29,37.954,4.43333333333333,755.8333333333329,76.0,1.0,40.0,0.566666666666667,46.848173660691835,46.848173660691835,90
10,21.1,37.06,19.5,37.06,20.7,37.545,20.033333333333296,35.6266666666667,18.0,47.0,4.6233333333333295,84.23,19.89,30.4971428571429,22.5,39.59,18.3328571428571,37.6942857142857,4.25,755.85,76.0,1.0,40.0,0.4,26.417831459548324,26.417831459548324,110
10,21.1,36.9666666666667,19.533333333333296,37.03,20.7,37.59,20.066666666666695,36.1566666666667,18.0,46.9,4.46666666666667,84.3333333333333,19.85,30.79,22.4266666666667,39.53,18.29,37.46,4.06666666666667,755.866666666667,76.0,1.0,40.0,0.233333333333333,5.861782003194094,5.861782003194094,120
30,21.1,36.9,19.6,37.09,20.76,37.4666666666667,20.066666666666695,36.49,18.0,46.8266666666667,4.2725,84.27249999999998,19.79,31.01,22.39,39.363333333333294,18.29,37.337142857142894,3.8833333333333298,755.8833333333331,76.0,1.0,40.0,0.0666666666666667,14.244758011773229,14.244758011773229,100
30,21.1333333333333,36.9,19.7,37.29,20.76,37.3266666666667,20.1333333333333,36.8266666666667,18.0,46.79,3.9633333333333294,83.8966666666667,19.79,31.296,22.39,39.23,18.245,37.1675,3.7,755.9,76.0,1.0,40.0,-0.1,22.10422196658328,22.10422196658328,190
10,21.26,37.16,19.76,37.23,20.823333333333295,37.3266666666667,20.2,36.9666666666667,18.0,46.79,3.69333333333333,83.3933333333333,19.7514285714286,31.5,22.3566666666667,38.99,18.236,37.052,3.45,755.9333333333329,77.0,1.16666666666667,40.0,-0.18333333333333296,34.98845272697508,34.98845272697508,100
10,21.323333333333295,38.13,19.89,37.1633333333333,20.89,37.4666666666667,20.29,37.29,18.0,46.79,3.3,82.59999999999998,19.736,31.6,22.29,38.6566666666667,18.2,36.9,3.2,755.966666666667,78.0,1.33333333333333,40.0,-0.266666666666667,9.677736414596438,9.677736414596438,100
10,21.39,38.2566666666667,19.89,37.1633333333333,20.89,37.6266666666667,20.29,37.2225,18.0,46.79,2.9,81.96666666666668,19.764285714285695,31.6428571428571,22.29,38.5,18.2,36.79,2.95,756.0,79.0,1.5,40.0,-0.35,34.431830781977624,34.431830781977624,90
0,21.39,38.16666666666671,20.0,37.2,20.963333333333296,37.7,20.23,37.0,18.0,46.79,2.5666666666666695,81.76,19.79,31.7,22.23,38.433333333333294,18.2,36.69714285714289,2.7,756.033333333333,80.0,1.66666666666667,40.0,-0.43333333333333296,14.664326829370111,14.664326829370111,70
20,20.26,41.0,19.5,39.6333333333333,21.4,41.69333333333329,22.1,37.0,17.89,48.5,4.36666666666667,86.1966666666667,19.0,31.752857142857096,20.39,37.933333333333294,18.2,37.26,4.95,756.95,70.0,3.5,30.5,-0.2,47.61750053148717,47.61750053148717,300
30,20.26,41.1333333333333,19.566666666666695,39.36,21.7633333333333,41.863333333333294,22.1333333333333,37.03,17.89,48.5,4.8333333333333295,86.59,19.02,31.64,20.39,37.6633333333333,18.2,37.33333333333329,5.1,756.966666666667,68.0,3.6666666666666705,33.66666666666669,-0.46666666666666706,43.11492590932176,43.11492590932176,270
20,20.39,41.4,19.6,39.26,22.03,41.6566666666667,22.2,36.963333333333296,17.89,48.5,5.4,84.26,19.1,31.5285714285714,20.463333333333296,37.59,18.23,37.6566666666667,5.25,756.983333333333,66.0,3.8333333333333295,36.83333333333329,-0.733333333333334,43.00419912906364,43.00419912906364,250
20,20.39,41.3266666666667,19.6,39.1266666666667,22.323333333333295,41.2966666666667,22.23,36.8266666666667,17.8614285714286,48.47142857142861,5.3333333333333295,82.86,19.1,31.35,20.39,37.33333333333329,18.23,37.73,5.4,757.0,64.0,4.0,40.0,-1.0,23.962649854365736,23.962649854365736,230
20,20.39,41.3,19.6,38.863333333333294,22.463333333333296,40.89,22.29,36.8266666666667,17.85,48.46,5.36666666666667,75.5,19.1571428571429,31.1414285714286,20.39,37.1266666666667,18.245,37.745,5.51666666666667,756.983333333333,62.83333333333329,3.8333333333333295,37.83333333333329,-1.13333333333333,7.300766510888934,7.300766510888934,210
30,20.463333333333296,40.9,19.6666666666667,38.79,22.6,40.49,22.323333333333295,36.76,17.89,48.4285714285714,5.8333333333333295,75.96666666666668,19.274,30.958,20.5,36.93,18.26,37.6333333333333,5.633333333333329,756.966666666667,61.66666666666671,3.6666666666666705,35.66666666666669,-1.26666666666667,12.57017235038802,12.57017235038802,160
20,20.6333333333333,40.9966666666667,19.73,38.8266666666667,22.533333333333296,40.1566666666667,22.39,36.5666666666667,17.89,48.4,6.6,73.45999999999998,19.4685714285714,30.6971428571429,20.566666666666695,36.73,18.26,37.56,5.75,756.95,60.5,3.5,33.5,-1.4,16.786802653223276,16.786802653223276,70
20,20.7,40.33,19.79,38.8266666666667,22.3566666666667,39.83333333333329,22.463333333333296,36.2966666666667,17.89,48.356,6.6,72.2666666666667,19.456,30.35,20.7,36.56,18.29,37.933333333333294,5.86666666666667,756.9333333333329,59.33333333333329,3.3333333333333295,31.3333333333333,-1.53333333333333,17.23717686254531,17.23717686254531,80
20,20.7,39.7966666666667,19.76,38.6633333333333,22.29,39.7,22.39,35.9633333333333,17.8757142857143,48.21,6.12666666666667,73.36,19.39,30.1557142857143,20.6333333333333,36.36,18.29,37.933333333333294,5.98333333333333,756.9166666666669,58.16666666666671,3.16666666666667,29.166666666666696,-1.66666666666667,11.67566271033138,11.67566271033138,350
30,20.7,39.53,19.7,38.53,22.2,39.59666666666671,22.39,35.6633333333333,17.85,48.036,5.86666666666667,71.9,19.412,30.1,20.6333333333333,36.2,18.23,37.8266666666667,6.1,756.9,57.0,3.0,27.0,-1.8,33.39079387951642,33.39079387951642,710
20,20.79,38.93,19.745,38.345,22.26,40.3966666666667,22.39,35.59,17.89,47.97142857142861,6.06666666666667,63.33333333333329,19.5285714285714,30.0285714285714,20.7,36.1266666666667,18.29,38.433333333333294,6.03333333333333,756.866666666667,57.16666666666671,3.16666666666667,29.166666666666696,-1.8333333333333297,16.112748358864337,16.112748358864337,450
20,20.865,38.5425,19.823333333333295,38.06,22.663333333333295,41.793333333333294,22.29,35.4333333333333,17.89,47.9,6.73333333333333,62.7333333333333,19.7,29.85,20.84,35.95,18.29,39.4266666666667,5.96666666666667,756.8333333333329,57.33333333333329,3.3333333333333295,31.3333333333333,-1.86666666666667,21.28144308226183,21.28144308226183,350
20,20.89,38.0666666666667,19.89,37.8,23.07,42.65,22.29,35.5,17.89,47.75428571428569,7.3333333333333295,61.2333333333333,19.777142857142895,29.667142857142895,20.89,35.6633333333333,18.29,39.9,5.9,756.7999999999998,57.5,3.5,33.5,-1.9,14.151866047177464,14.151866047177464,280
20,21.0,38.55666666666671,19.865,37.4225,23.3566666666667,42.8,22.3566666666667,35.59,17.89,47.7,7.259999999999998,59.6333333333333,19.736,29.478,20.823333333333295,35.4633333333333,18.29,40.23,5.8333333333333295,756.766666666667,57.66666666666671,3.6666666666666705,35.66666666666669,-1.93333333333333,8.009163197129965,8.009163197129965,300
20,21.0,39.09,19.823333333333295,37.3266666666667,23.5,41.5266666666667,22.29,35.6633333333333,17.89,47.6685714285714,7.14,61.395,19.7,29.3614285714286,20.8566666666667,35.3633333333333,18.29,40.23,5.76666666666667,756.733333333333,57.83333333333329,3.8333333333333295,37.83333333333329,-1.9666666666666697,45.78270281199366,45.78270281199366,250
30,21.0,39.16,19.79,37.4,23.566666666666695,40.5266666666667,22.39,35.7,17.89,47.59,7.093333333333329,52.5933333333333,19.6,29.1,20.79,35.23,18.29,39.9666666666667,5.7,756.7,58.0,4.0,40.0,-2.0,8.90786632662639,8.90786632662639,230
20,21.0,38.6333333333333,19.79,37.4,23.6333333333333,39.5633333333333,22.39,35.6266666666667,17.89,47.5128571428571,6.8333333333333295,53.9266666666667,19.6,29.1,20.7,35.2,18.29,39.7666666666667,5.51666666666667,756.716666666667,60.16666666666671,3.6666666666666705,40.0,-1.71666666666667,19.987572752870616,19.987572752870616,110
20,21.0,38.4,19.79,37.4,23.6333333333333,38.8966666666667,22.39,35.53,17.89,47.48,6.69,55.36,19.6,29.14,20.7,35.2,18.29,39.7,5.3333333333333295,756.733333333333,62.33333333333329,3.3333333333333295,40.0,-1.43333333333333,24.549502739682797,24.549502739682797,60
30,21.0,38.26,19.79,37.3266666666667,23.463333333333296,38.223333333333294,22.323333333333295,35.6633333333333,17.89,47.3214285714286,6.69,57.433333333333294,19.6,29.0714285714286,20.7,35.1633333333333,18.29,39.6266666666667,5.15,756.75,64.5,3.0,40.0,-1.15,41.975906433071934,41.975906433071934,60
20,21.0,38.0266666666667,19.76,37.0266666666667,23.323333333333295,38.09,22.29,35.7,17.89,47.2,6.03333333333333,58.8266666666667,19.6,29.0,20.7,35.09,18.29,39.4666666666667,4.96666666666667,756.766666666667,66.6666666666667,2.66666666666667,40.0,-0.866666666666667,24.78577494621277,24.78577494621277,300
20,20.9266666666667,38.1,19.7,36.9666666666667,23.1666666666667,38.0,22.29,35.6633333333333,17.8757142857143,47.0714285714286,4.89333333333333,64.76,19.5125,29.15,20.6666666666667,35.2,18.29,39.2666666666667,4.78333333333333,756.783333333333,68.8333333333333,2.3333333333333295,40.0,-0.5833333333333329,17.789210006594654,17.789210006594654,290
20,20.963333333333296,38.6566666666667,19.6,37.4566666666667,23.1,37.933333333333294,22.29,35.59,17.83,46.94,4.19,72.49666666666668,19.437142857142895,29.265714285714296,20.6,35.26,18.23,38.59,4.6,756.7999999999998,71.0,2.0,40.0,-0.3,15.42270629433915,15.42270629433915,250
20,20.963333333333296,38.99,19.6,38.0633333333333,23.1333333333333,37.9,22.2,35.53,17.8614285714286,46.97142857142861,4.33,75.83,19.39,29.496,20.533333333333296,35.4333333333333,18.29,38.53,4.6,756.766666666667,70.6666666666667,2.0,38.0,-0.35,15.309659554623067,15.309659554623067,230
20,21.0,39.5,19.5,38.69333333333329,23.2,37.8266666666667,22.2,35.6633333333333,17.89,47.036,4.43333333333333,77.0,19.39,29.7257142857143,20.533333333333296,35.56,18.2,38.1,4.6,756.733333333333,70.3333333333333,2.0,36.0,-0.4,21.396009740419682,21.396009740419682,220
30,21.0,39.83333333333329,19.5,39.0266666666667,23.29,37.76,22.2,35.9633333333333,17.89,47.1528571428571,4.56,77.59999999999998,19.39,29.934,20.5,35.8266666666667,18.2,38.03,4.6,756.7,70.0,2.0,34.0,-0.45,35.82895023282617,35.82895023282617,130
0,21.033333333333296,40.03,19.533333333333296,39.463333333333296,23.29,37.6266666666667,22.1333333333333,36.09,17.89,47.276,5.1,78.48999999999998,19.4842857142857,30.0714285714286,20.5,35.9,18.26,38.5633333333333,4.6,756.6666666666669,69.6666666666667,2.0,32.0,-0.5,28.758288151584566,28.758288151584566,80
0,21.1,40.09,19.6,39.723333333333294,23.26,37.5266666666667,22.1,35.8633333333333,17.89,47.4285714285714,5.49333333333333,77.42333333333329,19.5,30.0,20.533333333333296,35.9333333333333,18.26,39.0266666666667,4.6,756.6333333333331,69.3333333333333,2.0,30.0,-0.55,46.066277637146406,46.066277637146406,80
0,21.066666666666695,39.9666666666667,19.566666666666695,39.79,23.066666666666695,37.3266666666667,22.033333333333296,35.39,17.89,47.634,5.52666666666667,75.98999999999998,19.4685714285714,29.9685714285714,20.6,36.1333333333333,18.26,38.7666666666667,4.6,756.6,69.0,2.0,28.0,-0.6,34.625699336174875,34.625699336174875,80
0,21.0,39.8266666666667,19.5,39.79,22.79,37.29,21.89,35.06,17.89,47.712857142857104,5.26,75.3233333333333,19.39,29.89,20.7,36.433333333333294,18.26,38.5633333333333,4.66666666666667,756.6,68.5,2.0,30.0,-0.65,28.239673748612404,28.239673748612404,70
0,21.0,39.76,19.445,39.745,22.663333333333295,37.23,21.823333333333295,34.9333333333333,17.89,47.79,5.0,75.6333333333333,19.39,29.952857142857095,20.76,36.56,18.2,38.23,4.73333333333333,756.6,68.0,2.0,32.0,-0.7,47.64633935410529,47.64633935410529,80
10,21.0,39.595,19.39,39.6333333333333,22.463333333333296,37.29,21.7,34.76,17.89,47.79,4.86666666666667,75.5,19.37,30.0,20.89,36.8266666666667,18.2,38.2,4.8,756.6,67.5,2.0,34.0,-0.75,4.693322675302625,4.693322675302625,70
0,21.0,39.2266666666667,19.323333333333295,39.5,22.39,37.23,21.6333333333333,34.6266666666667,17.89,47.7,4.64,75.44499999999998,19.29,30.0714285714286,20.9175,36.9975,18.2,38.1266666666667,4.86666666666667,756.6,67.0,2.0,36.0,-0.8,49.72854384686798,49.72854384686798,80
0,20.89,39.0,19.29,39.26,22.29,37.0,21.566666666666695,34.7,17.89,47.59,4.72666666666667,76.3966666666667,19.29,30.1,21.066666666666695,37.1633333333333,18.2,38.0,4.93333333333333,756.6,66.5,2.0,38.0,-0.85,36.82760839583352,36.82760839583352,90
0,20.89,39.0,19.29,39.2,22.1666666666667,36.863333333333294,21.5,34.7,17.89,47.4985714285714,4.86666666666667,76.6566666666667,19.29,30.1857142857143,21.1,37.433333333333294,18.2,37.933333333333294,5.0,756.6,66.0,2.0,40.0,-0.9,34.960832248907536,34.960832248907536,90
0,20.89,38.863333333333294,19.26,39.06,22.1,36.73,21.463333333333296,34.76,17.89,47.378,4.93333333333333,76.9333333333333,19.272,30.236,21.1666666666667,37.56,18.2,37.9,4.91666666666667,756.6,67.1666666666667,2.3333333333333295,37.83333333333329,-0.733333333333333,44.39956267597154,44.39956267597154,80
0,20.89,38.73,19.2,39.0,21.963333333333296,36.6266666666667,21.323333333333295,34.7,17.8471428571429,47.29,5.0,71.0,19.2,30.1714285714286,21.2,37.6266666666667,18.2,37.8266666666667,4.8333333333333295,756.6,68.3333333333333,2.66666666666667,35.66666666666669,-0.566666666666667,9.30419482756406,9.30419482756406,80
0,20.8566666666667,38.723333333333294,19.2,38.863333333333294,21.89,36.6266666666667,21.29,34.73,17.89,47.254,4.9,65.9633333333333,19.2,30.1,21.2,37.7,18.2,37.76,4.75,756.6,69.5,3.0,33.5,-0.4,18.364374293014407,18.364374293014407,80
0,20.79,38.53,19.2,38.79,21.8566666666667,36.6633333333333,21.23,34.6566666666667,17.8757142857143,47.1242857142857,4.8333333333333295,66.56333333333329,19.1857142857143,30.042857142857095,21.29,37.7,18.2,37.5666666666667,4.66666666666667,756.6,70.6666666666667,3.3333333333333295,31.3333333333333,-0.233333333333333,38.33944371435791,38.33944371435791,100
0,20.823333333333295,38.5,19.2,38.56,21.79,36.59,21.2,34.59,17.85,46.98,4.59,67.3266666666667,19.1,29.978,21.29,37.6266666666667,18.1666666666667,37.363333333333294,4.5833333333333295,756.6,71.8333333333333,3.6666666666666705,29.166666666666696,-0.0666666666666667,44.29733704309911,44.29733704309911,90
20,20.823333333333295,38.16666666666671,19.2,38.3,21.6666666666667,36.4666666666667,21.1,34.095,17.89,46.8685714285714,4.53,67.9333333333333,19.1,29.89,21.29,37.4666666666667,18.1,37.23,4.5,756.6,73.0,4.0,27.0,0.1,6.162189203314483,6.162189203314483,100
30,20.79,37.76,19.2,37.83333333333329,21.6,36.4,21.0,33.79,17.85,46.62,4.46666666666667,68.1266666666667,19.1,30.1,21.3566666666667,37.3266666666667,18.1,37.06,4.25,756.6666666666669,74.3333333333333,3.5,27.3333333333333,0.0833333333333333,12.83634789288044,12.83634789288044,110
20,20.8566666666667,37.76,19.26,37.6266666666667,21.6,36.363333333333294,21.0,33.9,17.8757142857143,46.5114285714286,4.3333333333333295,68.0,19.1,30.31,21.39,37.1633333333333,18.1,36.933333333333294,4.0,756.733333333333,75.6666666666667,3.0,27.666666666666696,0.0666666666666667,46.615926583763205,46.615926583763205,720
20,20.9266666666667,39.0266666666667,19.323333333333295,37.5,21.6,36.29,21.0,33.9666666666667,17.83,46.316,4.263333333333329,66.83,19.1,30.58,21.463333333333296,37.09,18.1,36.745,3.75,756.7999999999998,77.0,2.5,28.0,0.05,35.84456138778478,35.84456138778478,530
0,20.1333333333333,37.7,18.6,38.26,20.5,36.7,19.76,35.4333333333333,18.2,44.837142857142894,5.56,71.7933333333333,18.52,32.616,19.89,40.23,17.89,38.93,3.9333333333333296,754.5,74.3333333333333,1.0,21.666666666666696,-0.3,43.684248812496655,43.684248812496655,50
0,20.1333333333333,37.6266666666667,18.675,38.15,20.5,36.7,19.79,35.29,18.2,44.79,5.72666666666667,69.9666666666667,18.5571428571429,32.5,19.8566666666667,40.1333333333333,17.89,38.73,4.15,754.45,72.5,1.0,22.5,-0.45,27.187952294480052,27.187952294480052,30
0,20.1333333333333,37.4666666666667,18.7,37.933333333333294,20.4266666666667,36.6266666666667,19.79,35.29,18.2,44.7257142857143,5.93333333333333,68.2333333333333,18.54,32.29,19.79,39.86,17.89,38.5,4.36666666666667,754.4,70.6666666666667,1.0,23.3333333333333,-0.6,37.98298885812983,37.98298885812983,40
0,20.2,37.4,18.7,37.76,20.39,36.59,19.76,35.1633333333333,18.2,44.7,6.4,65.75,18.514285714285695,32.15,19.79,39.76,17.89,38.5,4.5833333333333295,754.35,68.8333333333333,1.0,24.166666666666696,-0.75,28.827645699493587,28.827645699493587,50
0,20.2,37.245,18.76,37.6266666666667,20.39,36.53,19.76,35.09,18.2,44.656,6.66,63.66,18.5,31.9675,19.79,39.6266666666667,17.89,38.26,4.8,754.2999999999998,67.0,1.0,25.0,-0.9,30.663364368956536,30.663364368956536,390
0,20.2,37.3,18.79,37.59,20.39,36.723333333333294,19.79,35.09,18.2,44.554,6.99333333333333,62.8,18.5,31.83,19.79,39.5,17.89,38.2,4.86666666666667,754.233333333333,66.5,1.0,25.166666666666696,-0.95,23.749249649699777,23.749249649699777,410
0,20.2,37.433333333333294,18.79,37.6633333333333,20.566666666666695,37.55666666666671,19.79,35.09,18.2,44.5385714285714,7.43333333333333,60.5266666666667,18.5,31.7257142857143,19.79,39.36,17.89,37.9666666666667,4.93333333333333,754.1666666666669,66.0,1.0,25.3333333333333,-1.0,30.082748760469254,30.082748760469254,630
0,20.323333333333295,38.83,18.823333333333295,37.8666666666667,20.8266666666667,38.4233333333333,19.7,35.09,18.2,44.5,7.5,56.1333333333333,18.5,31.6,19.76,39.1333333333333,17.89,37.9,5.0,754.1,65.5,1.0,25.5,-1.05,44.00557939661667,44.00557939661667,450
0,20.463333333333296,41.63,18.89,39.0,21.2633333333333,38.963333333333296,19.7,35.09,18.2,44.5257142857143,7.96666666666667,54.1266666666667,18.542857142857095,31.437142857142895,19.7,38.975,17.89,37.863333333333294,5.06666666666667,754.033333333333,65.0,1.0,25.666666666666696,-1.1,48.848890454974025,48.848890454974025,420
0,20.533333333333296,41.23,19.0,40.36,21.5966666666667,39.1633333333333,19.79,35.1266666666667,18.1,44.736,8.233333333333329,51.7333333333333,18.5,31.272,19.7,38.8266666666667,17.89,37.73,5.133333333333329,753.966666666667,64.5,1.0,25.8333333333333,-1.15,47.47840125346556,47.47840125346556,370
0,20.6,41.23,19.066666666666695,41.0266666666667,21.89,39.29,19.79,35.295,18.1571428571429,45.0971428571429,8.46,48.9,18.5714285714286,31.1714285714286,19.76,38.79,17.89,37.6633333333333,5.2,753.9,64.0,1.0,26.0,-1.2,16.39707707799971,16.39707707799971,170
0,20.7,41.33333333333329,19.1333333333333,41.7966666666667,21.963333333333296,39.1566666666667,19.79,35.4666666666667,18.2,45.416,8.66,47.6333333333333,18.6,30.956,19.7,38.73,17.89,37.59,5.26666666666667,753.783333333333,62.66666666666671,1.0,26.0,-1.43333333333333,11.28800674341619,11.28800674341619,70
0,20.76,40.9266666666667,19.2,41.33,22.066666666666695,38.96,19.79,35.6266666666667,18.2,45.7257142857143,8.83,47.6233333333333,18.6,30.82,19.79,38.6633333333333,17.89,37.545,5.3333333333333295,753.6666666666669,61.33333333333329,1.0,26.0,-1.66666666666667,12.469764042180032,12.469764042180032,60
0,20.823333333333295,40.2966666666667,19.2,40.6333333333333,21.9266666666667,38.6266666666667,19.79,35.7,18.2,45.9,8.96333333333333,48.03,18.6,30.794,19.73,38.53,17.89,37.26,5.4,753.5499999999998,60.0,1.0,26.0,-1.9,32.024399435613304,32.024399435613304,60
0,20.89,39.83,19.2,40.2266666666667,21.76,38.26,19.79,35.6633333333333,18.2,45.9,9.1,48.1966666666667,18.6,30.7257142857143,19.7,38.43,17.89,37.0666666666667,5.46666666666667,753.4333333333329,58.66666666666671,1.0,26.0,-2.13333333333333,32.984286872670054,32.984286872670054,70
0,20.89,39.2966666666667,19.23,39.723333333333294,21.6333333333333,38.0666666666667,19.79,35.59,18.2,45.878,9.1,47.7966666666667,18.6,30.56,19.7,38.1566666666667,17.89,36.83333333333329,5.53333333333333,753.3166666666668,57.33333333333329,1.0,26.0,-2.36666666666667,18.340505310334265,18.340505310334265,70
0,20.89,38.963333333333296,19.29,39.39,21.6,37.723333333333294,19.79,35.4666666666667,18.175,45.70875,9.06666666666667,45.7266666666667,18.6,30.367142857142895,19.7,37.93,17.89,36.5666666666667,5.6,753.2,56.0,1.0,26.0,-2.6,13.93258738098666,13.93258738098666,60
0,20.89,38.5266666666667,19.29,38.99,21.533333333333296,37.463333333333296,19.79,35.4,18.2,45.564285714285695,9.06666666666667,42.2666666666667,18.6,30.16,19.7,37.73,17.89,36.363333333333294,5.66666666666667,753.1333333333331,54.16666666666671,1.16666666666667,28.3333333333333,-3.0166666666666706,36.88898374093696,36.88898374093696,70
0,20.89,38.2666666666667,19.3566666666667,38.59666666666671,21.463333333333296,37.223333333333294,19.79,35.29,18.2,45.356,8.89,38.19333333333329,18.6285714285714,30.0,19.7,37.43,17.89,36.09666666666671,5.73333333333333,753.0666666666668,52.33333333333329,1.33333333333333,30.666666666666696,-3.43333333333333,5.0633289152756324,5.0633289152756324,60
0,20.89,37.93,19.39,38.19333333333329,21.39,37.03,19.79,35.29,18.2,45.2228571428571,8.96333333333333,36.19333333333329,18.64,29.79,19.7,37.1566666666667,17.89,35.6933333333333,5.8,753.0,50.5,1.5,33.0,-3.85,30.336474184878167,30.336474184878167,40
0,20.89,37.73,19.4175,37.725,21.39,36.9,19.79,35.26,18.2,45.072,9.19,36.04,18.7,29.625714285714295,19.7,36.863333333333294,17.89,35.36,5.86666666666667,752.9333333333329,48.66666666666671,1.66666666666667,35.3333333333333,-4.26666666666667,9.244366036728024,9.244366036728024,40
0,20.89,37.43,19.5,37.3,21.323333333333295,36.8266666666667,19.8566666666667,35.2,18.1571428571429,44.85,9.39,35.33,18.7,29.37,19.76,36.73,17.89,35.1933333333333,5.93333333333333,752.866666666667,46.83333333333329,1.8333333333333297,37.66666666666669,-4.68333333333333,2.2442032815888524,2.2442032815888524,130
0,20.89,37.23,19.4266666666667,36.93,21.245,36.645,19.823333333333295,35.03,18.2,44.7,9.39,36.53,18.764285714285695,29.1971428571429,19.76,36.4666666666667,17.89,35.66,6.0,752.7999999999998,45.0,2.0,40.0,-5.1,34.61991909425706,34.61991909425706,40
0,20.89,36.995,19.5,36.73,21.1666666666667,36.53,19.89,34.9633333333333,18.1857142857143,44.54,9.33,34.1333333333333,18.79,28.956,19.7,36.3266666666667,18.0,36.9933333333333,5.93333333333333,752.716666666667,45.83333333333329,2.0,40.0,-4.91666666666667,31.73996172845364,31.73996172845364,50
0,20.79,36.6633333333333,19.463333333333296,36.5266666666667,21.1,36.53,19.823333333333295,34.79,18.16,44.378,9.33,34.3933333333333,18.79,28.752857142857096,19.7,36.26,18.0,37.5266666666667,5.86666666666667,752.6333333333331,46.66666666666671,2.0,40.0,-4.73333333333333,48.56426973128691,48.56426973128691,50
0,20.79,36.463333333333296,19.39,36.3266666666667,21.1,36.363333333333294,19.823333333333295,34.6566666666667,18.1285714285714,44.2257142857143,9.19,34.29,18.79,28.62,19.7,36.0666666666667,17.9266666666667,38.0,5.8,752.5499999999998,47.5,2.0,40.0,-4.55,35.10650753742084,35.10650753742084,60
0,20.79,36.26,19.3566666666667,36.1633333333333,21.1,36.29,19.79,34.3633333333333,18.14,44.09,8.99,34.43,18.764285714285695,28.5,19.7,35.8333333333333,18.0,38.0,5.73333333333333,752.466666666667,48.33333333333329,2.0,40.0,-4.36666666666667,47.024107340257615,47.024107340257615,40
0,20.79,36.1266666666667,19.29,36.03,21.066666666666695,36.1633333333333,19.79,34.23,18.1142857142857,43.9557142857143,8.39666666666667,35.2666666666667,18.7,28.39,19.7,35.6266666666667,18.0,37.7966666666667,5.66666666666667,752.3833333333331,49.16666666666671,2.0,40.0,-4.18333333333333,43.23153542354703,43.23153542354703,50
0,20.7,36.09,19.26,35.9666666666667,21.0,36.09,19.76,34.09,18.1,43.878,8.063333333333329,36.66666666666669,18.7,28.452857142857095,19.7,35.59,18.0,37.463333333333296,5.6,752.2999999999998,50.0,2.0,40.0,-4.0,6.723099679220468,6.723099679220468,40
0,20.7,36.03,19.2,35.8266666666667,20.963333333333296,36.1633333333333,19.7,34.0225,18.1,43.7642857142857,7.866666666666669,36.3966666666667,18.7,28.4175,19.7,35.56,18.0,37.26,5.55,752.233333333333,53.33333333333329,2.16666666666667,37.0,-3.3,5.031570210121572,5.031570210121572,50
0,20.7,35.8633333333333,19.2,35.76,20.89,36.03,19.7,33.9333333333333,18.1,43.59,7.8,36.73,18.7,28.37,19.6333333333333,35.4333333333333,18.0,37.1266666666667,5.5,752.1666666666669,56.66666666666671,2.3333333333333295,34.0,-2.6,28.516191476956006,28.516191476956006,40
0,20.7,35.79,19.2,35.6266666666667,20.963333333333296,36.2,19.7,33.8633333333333,18.1,43.5385714285714,8.13,36.6266666666667,18.7,28.2257142857143,19.6666666666667,35.4666666666667,17.945,36.895,5.45,752.1,60.0,2.5,31.0,-1.9,48.129471170250326,48.129471170250326,50
0,20.6666666666667,35.6333333333333,19.2,35.4666666666667,20.89,36.1266666666667,19.7,33.73,18.1,43.48,8.26333333333333,35.5,18.6,28.0,19.6,35.4,18.0,36.6633333333333,5.4,752.033333333333,63.33333333333329,2.66666666666667,28.0,-1.2,48.94593950593844,48.94593950593844,60
0,20.6,35.5,19.2,35.4,20.89,36.03,19.7,33.6633333333333,18.1,43.3685714285714,8.16,33.2566666666667,18.6,27.9842857142857,19.6,35.26,18.0,36.53,5.35,751.966666666667,66.6666666666667,2.8333333333333295,25.0,-0.5,8.736999949906021,8.736999949906021,50
0,20.6,35.4,19.1666666666667,35.26,20.89,36.03,19.6333333333333,33.53,18.1,43.254,8.099999999999998,32.1966666666667,18.6,27.89,19.6,35.1266666666667,17.89,36.223333333333294,5.3,751.9,70.0,3.0,22.0,0.2,46.029573515988886,46.029573515988886,50
0,20.6,35.3266666666667,19.1,35.2,20.8566666666667,36.06,19.6,33.5,18.1,43.1528571428571,7.83,31.53,18.6,27.89,19.6,35.0,17.89,36.03,5.16666666666667,751.8833333333331,70.5,3.0,22.166666666666696,0.166666666666667,44.126171607058495,44.126171607058495,40
0,20.5,35.2,19.0,35.09,20.79,36.0,19.6,33.5,18.06,43.08,7.563333333333331,31.463333333333296,18.5,27.89,19.533333333333296,34.9333333333333,17.89,35.8333333333333,5.03333333333333,751.866666666667,71.0,3.0,22.3333333333333,0.133333333333333,41.44456553040072,41.44456553040072,30
0,20.5,35.2,19.0,35.09,20.79,35.6333333333333,19.6,33.4,18.0285714285714,42.9285714285714,7.12666666666667,32.0233333333333,18.5,27.9842857142857,19.5,34.9,17.89,35.6266666666667,4.9,751.85,71.5,3.0,22.5,0.1,44.1515693673864,44.1515693673864,40
0,20.5,35.29,19.0,35.23,20.79,35.4333333333333,19.6,33.4,18.06,42.916,6.7975,32.7675,18.5,28.02,19.5,34.9666666666667,17.8566666666667,35.43,4.76666666666667,751.8333333333329,72.0,3.0,22.666666666666696,0.0666666666666667,29.15263620670885,29.15263620670885,60
0,20.4266666666667,35.23,18.9175,35.3175,20.7,35.2,19.566666666666695,33.5,18.0857142857143,42.8214285714286,6.463333333333329,35.9333333333333,18.5,28.1714285714286,19.6,35.0966666666667,17.8566666666667,35.23,4.633333333333329,751.8166666666668,72.5,3.0,22.8333333333333,0.0333333333333333,5.373717506881803,5.373717506881803,80
0,20.39,35.2,18.89,35.4666666666667,20.7,35.2,19.5,33.56,18.04,42.736,6.12666666666667,40.0666666666667,18.5,28.434,19.6666666666667,35.49,17.79,35.09,4.5,751.7999999999998,73.0,3.0,23.0,0.0,44.46823809994385,44.46823809994385,100
0,20.39,35.26,18.823333333333295,35.53,20.6,35.1266666666667,19.5,33.73,18.0,42.7,5.93333333333333,42.1266666666667,18.4842857142857,28.722857142857105,19.73,35.86,17.79,35.09,4.41666666666667,751.7999999999998,73.8333333333333,2.8333333333333295,22.8333333333333,0.0666666666666667,9.51277136337012,9.51277136337012,110
0,20.445,35.6,18.89,35.6633333333333,20.6,35.2225,19.5,33.8633333333333,18.0,42.7,5.65666666666667,44.33333333333329,18.39,28.872,19.8566666666667,36.2666666666667,17.79,35.1266666666667,4.3333333333333295,751.7999999999998,74.6666666666667,2.66666666666667,22.666666666666696,0.133333333333333,43.07466520695016,43.07466520695016,100
0,20.39,35.73,18.89,35.79,20.6,35.29,19.5,34.03,18.0,42.634,5.53,45.4666666666667,18.39,29.0285714285714,19.9266666666667,36.69333333333329,17.79,35.2,4.25,751.7999999999998,75.5,2.5,22.5,0.2,7.527421123813837,7.527421123813837,90
0,20.39,35.79,18.963333333333296,35.79,20.7,35.5,19.4266666666667,34.09,18.0,42.6528571428571,5.3,46.66666666666669,18.39,29.2,20.066666666666695,37.16,17.79,35.2,4.16666666666667,751.7999999999998,76.3333333333333,2.3333333333333295,22.3333333333333,0.266666666666667,21.164358337409794,21.164358337409794,110
0,20.39,35.7,19.0,35.9,20.6333333333333,35.4333333333333,19.463333333333296,34.29,18.0,42.656,5.16,47.533333333333296,18.39,29.2914285714286,20.1,37.53,17.79,35.2,4.0833333333333295,751.7999999999998,77.1666666666667,2.16666666666667,22.166666666666696,0.333333333333333,35.001823597121984,35.001823597121984,310
0,20.463333333333296,36.4266666666667,19.066666666666695,35.9666666666667,20.6333333333333,35.4333333333333,19.463333333333296,34.43,18.0,42.7,4.96666666666667,48.4966666666667,18.33,29.412,20.1666666666667,37.53,17.79,35.29,4.0,751.7999999999998,78.0,2.0,22.0,0.4,10.658066056203095,10.658066056203095,200
10,20.533333333333296,38.76333333333329,19.2,36.0,20.7,35.5,19.39,34.6,18.0,42.754,4.9,49.363333333333294,18.29,29.5285714285714,20.2,37.645,17.79,35.29,3.95,751.766666666667,78.1666666666667,2.16666666666667,21.8333333333333,0.38333333333333297,22.25030123954639,22.25030123954639,210
10,20.6666666666667,39.8966666666667,19.26,36.06,20.7,35.73,19.39,35.0,18.0,42.84,4.763333333333329,50.2333333333333,18.29,29.64,20.2,37.6,17.76,35.29,3.9,751.733333333333,78.3333333333333,2.3333333333333295,21.666666666666696,0.366666666666667,19.300046563148495,19.300046563148495,90
0,20.7,39.73,19.323333333333295,36.53,20.7,35.79,19.39,35.0,18.0,43.0,4.6233333333333295,51.033333333333296,18.29,29.7128571428571,20.2,37.2666666666667,17.7,35.29,3.85,751.7,78.5,2.5,21.5,0.35,37.3755173641257,37.3755173641257,90
10,20.76,40.1233333333333,19.39,36.93,20.7,36.0666666666667,19.39,34.93,18.0,43.2957142857143,4.46666666666667,51.8666666666667,18.29,29.81,20.2,37.2666666666667,17.7,35.345,3.8,751.6666666666669,78.6666666666667,2.66666666666667,21.3333333333333,0.333333333333333,3.774700511712581,3.774700511712581,100
10,20.79,39.3,19.5,37.36,20.7,36.26,19.39,34.79,18.0,43.536,4.4,52.0666666666667,18.3185714285714,29.9971428571429,20.26,37.4666666666667,17.7,35.4,3.75,751.6333333333331,78.8333333333333,2.8333333333333295,21.166666666666696,0.316666666666667,10.940041509456933,10.940041509456933,100
10,20.79,38.6333333333333,19.566666666666695,37.56,20.7,36.4,19.39,34.6633333333333,18.0,43.704285714285696,4.263333333333329,52.0266666666667,18.39,30.236,20.3566666666667,37.6266666666667,17.7,35.4,3.7,751.6,79.0,3.0,21.0,0.3,40.49267069203779,40.49267069203779,80
20,20.89,38.19333333333329,19.6333333333333,37.56,20.76,36.4,19.323333333333295,34.53,18.14,48.714,4.19,51.7666666666667,18.452857142857095,30.41,20.3566666666667,37.7,17.7,35.29,3.65,751.5666666666668,79.5,2.8333333333333295,20.8333333333333,0.333333333333333,22.182202804833647,22.182202804833647,90
40,20.89,37.8,19.7,37.433333333333294,20.79,36.4666666666667,19.39,34.6333333333333,18.6714285714286,66.6657142857143,4.02666666666667,51.6633333333333,18.5,30.625,20.4266666666667,37.79,17.7,35.29,3.6,751.533333333333,80.0,2.66666666666667,20.666666666666696,0.366666666666667,22.90513430489227,22.90513430489227,130
30,20.9266666666667,37.56,19.73,37.2666666666667,20.79,36.4,19.5966666666667,35.16,18.736,57.66,3.7675,52.4475,18.56,30.736,20.5,37.863333333333294,17.7,35.29,3.55,751.5,80.5,2.5,20.5,0.4,7.475103810429573,7.475103810429573,80
20,21.0,37.56,19.79,37.4,20.79,36.4,20.2666666666667,35.6266666666667,19.01,52.964285714285694,3.59,53.7333333333333,18.6,30.7257142857143,20.5,37.9,17.7,35.29,3.5,751.466666666667,81.0,2.3333333333333295,20.3333333333333,0.43333333333333296,0.4889984731562435,0.4889984731562435,90
0,21.033333333333296,37.6266666666667,19.89,37.53,20.79,36.4,20.866666666666696,35.7,19.274,49.62,3.4666666666666694,55.1233333333333,18.6,30.89,20.566666666666695,37.9666666666667,17.7,35.29,3.45,751.4333333333329,81.5,2.16666666666667,20.166666666666696,0.46666666666666706,27.373964269645512,27.373964269645512,100
10,21.1,37.43,20.0,37.53,20.76,36.4,21.1333333333333,34.8,20.874,83.016,3.26,57.1333333333333,18.66,31.218,20.7,38.09,17.6666666666667,35.26,3.35,751.3833333333331,81.6666666666667,2.0,20.166666666666696,0.416666666666667,22.183109726756808,22.183109726756808,100
0,21.1666666666667,37.23,20.033333333333296,37.29,20.823333333333295,36.4,20.963333333333296,34.4666666666667,21.055714285714295,79.6214285714286,3.12666666666667,57.933333333333294,18.7,31.3928571428571,20.7,38.09,17.6,35.2,3.3,751.366666666667,81.3333333333333,2.0,20.3333333333333,0.333333333333333,32.51616458874196,32.51616458874196,100
0,21.2,37.0,20.1,37.29,20.89,36.45,20.823333333333295,34.3266666666667,21.212,80.35599999999998,3.06,58.8966666666667,18.7,31.6,20.7,38.09,17.6666666666667,35.29,3.25,751.35,81.0,2.0,20.5,0.25,35.91902828775346,35.91902828775346,100
0,21.2675,37.0,20.1,37.26,20.89,36.4666666666667,20.6666666666667,34.1633333333333,22.2671428571429,86.9642857142857,3.0,59.5633333333333,18.7,31.6985714285714,20.7,38.5266666666667,17.6,35.29,3.2,751.3333333333329,80.6666666666667,2.0,20.666666666666696,0.166666666666667,42.31768128229305,42.31768128229305,100
0,21.29,37.0,20.1,37.2,20.89,36.5,20.6,34.09,21.314,90.14,2.9666666666666694,60.76333333333329,18.7,31.89,20.76,39.19333333333329,17.6,35.29,3.15,751.3166666666668,80.3333333333333,2.0,20.8333333333333,0.0833333333333333,45.58173730038106,45.58173730038106,80
0,21.29,36.9,20.1,37.09,20.89,36.5,20.5,34.09,20.8571428571429,90.6228571428571,2.9,61.6966666666667,18.7385714285714,32.09,20.79,39.53,17.6,35.29,3.1,751.2999999999998,80.0,2.0,21.0,0.0,32.311615464277565,32.311615464277565,90
10,21.29,36.8266666666667,20.1,37.09,20.79,36.5,20.4266666666667,34.03,20.68,89.06999999999998,2.86333333333333,62.1566666666667,18.7,32.09,20.8566666666667,39.6633333333333,17.6,35.29,3.0833333333333295,751.25,80.0,2.0,21.166666666666696,-0.0333333333333333,19.57493993686512,19.57493993686512,50
10,21.29,36.7,20.1,37.06,20.79,36.6333333333333,20.29,34.145,20.5714285714286,85.3657142857143,2.6566666666666694,62.49,18.7,32.22,20.89,39.8266666666667,17.6,35.3633333333333,3.06666666666667,751.2,80.0,2.0,21.3333333333333,-0.0666666666666667,6.34784089634195,6.34784089634195,50
0,21.29,36.7,20.033333333333296,36.8,20.7,36.73,20.29,34.5666666666667,20.40625,80.97499999999998,2.56,62.86,18.7,32.5,20.89,40.295,17.6333333333333,35.7633333333333,3.05,751.15,80.0,2.0,21.5,-0.1,26.75890557002276,26.75890557002276,50
0,21.29,36.59,19.963333333333296,36.7,20.7,36.79,20.23,34.76,20.2,78.354,2.36,63.1333333333333,18.7,32.7257142857143,20.89,40.9,17.7,36.7175,3.03333333333333,751.1,80.0,2.0,21.666666666666696,-0.133333333333333,11.305810266640036,11.305810266640036,50
0,21.23,36.59,19.89,36.76,20.7,36.933333333333294,20.2,34.9333333333333,20.1428571428571,77.12857142857139,2.29,63.9966666666667,18.7,32.976,20.8566666666667,41.2666666666667,17.7,37.06,3.0166666666666706,751.0499999999998,80.0,2.0,21.8333333333333,-0.166666666666667,39.35763582121581,39.35763582121581,40
0,21.2,36.7,19.8566666666667,36.79,20.7,37.0,20.1333333333333,35.0,20.04,76.176,2.29,64.19,18.7,33.2985714285714,20.79,41.5266666666667,17.7,37.23,3.0,751.0,80.0,2.0,22.0,-0.2,49.94549594121054,49.94549594121054,40
0,21.2,36.76,19.79,36.863333333333294,20.6,36.9,20.066666666666695,35.06,20.0,75.36857142857139,2.245,63.7,18.7,33.478,20.79,41.963333333333296,17.7,37.43,2.78333333333333,751.0,80.8333333333333,2.0,21.666666666666696,-0.266666666666667,21.47385533899069,21.47385533899069,40
0,21.1,36.933333333333294,19.7,37.0,20.6,36.9666666666667,20.0,35.06,19.85,74.7,1.99,63.0633333333333,18.7,33.6214285714286,20.79,42.223333333333294,17.7,37.6266666666667,2.56666666666667,751.0,81.6666666666667,2.0,21.3333333333333,-0.333333333333333,46.23066232306883,46.23066232306883,20
0,21.1,37.06,19.6333333333333,36.933333333333294,20.6,36.9,19.963333333333296,35.09,19.79,73.83428571428571,1.66333333333333,62.863333333333294,18.7,33.9,20.79,42.463333333333296,17.7,37.76,2.35,751.0,82.5,2.0,21.0,-0.4,0.9331975015811622,0.9331975015811622,20
0,21.1,37.36,19.566666666666695,37.0,20.533333333333296,36.9666666666667,19.89,35.1633333333333,19.736,72.836,1.22666666666667,63.23,18.7,34.0628571428571,20.73,42.6633333333333,17.7,37.9,2.13333333333333,751.0,83.3333333333333,2.0,20.666666666666696,-0.46666666666666706,31.324200995732095,31.324200995732095,30
0,20.89,37.29,19.26,36.9666666666667,20.5,37.09,19.7,35.2,19.39,67.8828571428571,1.16666666666667,64.69,18.73,34.6933333333333,20.6,42.863333333333294,17.7,38.5,1.95,750.7999999999998,82.0,2.5,21.0,-0.85,26.859170733951032,26.859170733951032,40
0,20.8566666666667,37.223333333333294,19.2,36.9666666666667,20.5,37.09,19.7,35.2,19.39,67.24,1.32333333333333,64.6566666666667,18.7,34.8057142857143,20.6,42.863333333333294,17.7,38.6566666666667,2.03333333333333,750.733333333333,81.0,2.66666666666667,21.3333333333333,-0.933333333333333,39.258506963960826,39.258506963960826,50
0,20.79,37.0675,19.1,37.0,20.5,37.1633333333333,19.7,35.2,19.3042857142857,66.5714285714286,1.39,64.59,18.7385714285714,34.9285714285714,20.5,43.0666666666667,17.7,38.863333333333294,2.11666666666667,750.6666666666669,80.0,2.8333333333333295,21.666666666666696,-1.01666666666667,35.534434858709574,35.534434858709574,50
0,20.79,37.0,19.1,37.0,20.5,37.2,19.6333333333333,35.1266666666667,19.272,65.714,1.5,64.56333333333329,18.79,35.09,20.5,43.26,17.7,39.03,2.2,750.6,79.0,3.0,22.0,-1.1,20.68756748922169,20.68756748922169,40
0,20.7,36.9,19.0,36.933333333333294,20.5,37.2,19.6,35.1633333333333,19.2,64.8942857142857,1.56666666666667,64.56333333333329,18.79,34.9985714285714,20.5,43.433333333333294,17.7,39.1633333333333,2.2,750.5833333333329,78.6666666666667,3.16666666666667,22.166666666666696,-1.15,36.8507693754509,36.8507693754509,60
0,20.7,36.9,19.0,37.06,20.5,37.2,19.6,35.09,19.16,64.014,1.6,64.2266666666667,18.736,34.96,20.4266666666667,43.6333333333333,17.7,39.4,2.2,750.5666666666668,78.3333333333333,3.3333333333333295,22.3333333333333,-1.2,14.652395329903811,14.652395329903811,50
0,20.6666666666667,36.863333333333294,18.89,37.09,20.5,37.2,19.6,35.09,19.1285714285714,63.26714285714289,1.66666666666667,64.3,18.764285714285695,35.0642857142857,20.39,44.03,17.7,39.4666666666667,2.2,750.5499999999998,78.0,3.5,22.5,-1.25,7.543547067325561,7.543547067325561,50
0,20.6,36.79,18.823333333333295,37.09,20.5,37.2,19.5,35.2,19.1,62.516,1.7,63.99,18.79,35.134,20.39,44.223333333333294,17.7,39.5,2.2,750.533333333333,77.6666666666667,3.6666666666666705,22.666666666666696,-1.3,19.590966892428696,19.590966892428696,40
0,20.6,36.79,18.79,37.1266666666667,20.5,37.26,19.5,35.2,19.0285714285714,61.6528571428571,1.7,63.565,18.79,35.2385714285714,20.39,44.69,17.7,39.595,2.2,750.516666666667,77.3333333333333,3.8333333333333295,22.8333333333333,-1.35,41.55631320318207,41.55631320318207,40
0,20.6,36.73,18.79,37.2,20.5,37.2,19.5,35.2,19.0,60.82,1.7,63.1566666666667,18.79,35.2,20.39,44.933333333333294,17.7,39.7,2.2,750.5,77.0,4.0,23.0,-1.4,25.550947221927345,25.550947221927345,30
0,20.5,36.7,18.76,37.23,20.5,37.2,19.4266666666667,35.1266666666667,18.952857142857095,60.3285714285714,1.7,63.1633333333333,18.764285714285695,35.1214285714286,20.39,45.0,17.7,39.73,2.11666666666667,750.4333333333329,77.5,3.8333333333333295,22.8333333333333,-1.41666666666667,7.944121619220822,7.944121619220822,30
0,20.5,36.7,18.7,37.29,20.5,37.2,19.463333333333296,35.1633333333333,18.934,59.816,1.63333333333333,62.83,18.7,35.09,20.29,44.9666666666667,17.7,39.79,2.03333333333333,750.366666666667,78.0,3.6666666666666705,22.666666666666696,-1.43333333333333,41.6948149795644,41.6948149795644,20
0,19.79,39.3266666666667,18.823333333333295,38.6333333333333,20.29,37.29,20.2,36.09,18.1,50.0,3.23,53.823333333333295,18.754,35.316,19.79,43.69333333333329,17.89,38.5,3.5,751.0,67.3333333333333,6.0,29.3333333333333,-2.16666666666667,4.043969337362796,4.043969337362796,60
10,19.79,39.1,18.89,38.36,20.2,37.1633333333333,20.26,36.1633333333333,18.1,49.9857142857143,3.36333333333333,52.29,18.79,34.7671428571429,19.79,43.3,17.89,38.1333333333333,3.75,751.0,65.5,6.0,32.0,-2.3,44.30225567193702,44.30225567193702,50
0,19.79,38.76,19.033333333333296,38.06,20.2,37.09,20.29,36.06,18.1,49.878,3.53,50.4966666666667,18.79,34.21,19.89,42.863333333333294,17.89,37.933333333333294,4.0,751.0,63.66666666666671,6.0,34.66666666666669,-2.43333333333333,28.060487506445497,28.060487506445497,130
0,19.79,38.6266666666667,19.1,37.933333333333294,20.2,37.0,20.29,35.8975,18.1,49.7257142857143,3.7233333333333296,49.63,18.8042857142857,34.3414285714286,19.823333333333295,42.26333333333329,17.89,37.7666666666667,4.25,751.0,61.83333333333329,6.0,37.33333333333329,-2.56666666666667,17.472539050504565,17.472539050504565,380
0,19.79,38.6266666666667,19.1,38.03,20.1333333333333,37.06,20.29,35.6566666666667,18.1,49.554,3.9633333333333294,49.393333333333295,18.956,34.736,19.9266666666667,41.723333333333294,17.89,37.9,4.5,751.0,60.0,6.0,40.0,-2.7,9.025334159377962,9.025334159377962,320
0,19.79,38.7,19.1,38.1633333333333,20.1333333333333,37.06,20.29,35.79,18.075,49.41,4.23,48.66666666666669,19.0714285714286,34.7385714285714,20.066666666666695,41.463333333333296,17.945,37.8,4.5833333333333295,751.0,59.0,6.16666666666667,40.0,-2.86666666666667,45.26309391949326,45.26309391949326,130
0,19.823333333333295,38.79,19.1,38.1266666666667,20.2,37.0,20.29,35.79,18.0142857142857,49.2385714285714,4.43333333333333,45.9966666666667,19.1,34.356,20.23,41.1633333333333,17.89,37.5266666666667,4.66666666666667,751.0,58.0,6.3333333333333295,40.0,-3.03333333333333,44.158709107432514,44.158709107432514,110
0,19.89,38.79,19.1,38.1266666666667,20.1333333333333,37.0,20.39,35.9,18.1,49.134,4.62666666666667,42.1966666666667,19.014285714285695,33.4185714285714,20.29,40.963333333333296,17.89,37.2666666666667,4.75,751.0,57.0,6.5,40.0,-3.2,16.75680081825703,16.75680081825703,100
0,19.89,38.79,19.15,38.045,20.2,36.86,20.39,35.8266666666667,18.0571428571429,48.98285714285711,4.86666666666667,39.26333333333329,19.0,32.516,20.445,40.645,17.89,37.0266666666667,4.8333333333333295,751.0,56.0,6.66666666666667,40.0,-3.36666666666667,45.47022843034937,45.47022843034937,100
10,19.89,38.73,19.2,37.9666666666667,20.2,36.9,20.39,35.7,18.0,48.754,5.12666666666667,37.6566666666667,19.0,31.7285714285714,20.533333333333296,40.5266666666667,17.89,36.7666666666667,4.91666666666667,751.0,55.0,6.8333333333333295,40.0,-3.53333333333333,48.02011573920026,48.02011573920026,100
0,19.89,38.56,19.2,37.8266666666667,20.2,36.9,20.463333333333296,35.7,18.0,48.6371428571429,5.22666666666667,34.1633333333333,19.04,31.04,20.6666666666667,40.2666666666667,17.89,36.4666666666667,5.0,751.0,54.0,7.0,40.0,-3.7,33.86986892437562,33.86986892437562,110
0,19.963333333333296,38.5,19.2,37.6633333333333,20.2,36.9,20.5,35.6633333333333,18.0,48.536,5.43333333333333,32.6966666666667,19.2085714285714,31.042857142857095,20.73,40.1333333333333,17.89,36.19333333333329,5.0833333333333295,750.966666666667,53.5,7.16666666666667,40.0,-3.75,14.542223245371131,14.542223245371131,100
0,20.0,38.1333333333333,19.2,37.59,20.2,36.9,20.5,35.53,18.0,48.4285714285714,5.72666666666667,30.4,19.372,31.0,20.8566666666667,39.933333333333294,17.89,35.99,5.16666666666667,750.9333333333329,53.0,7.3333333333333295,40.0,-3.8,47.66401587985456,47.66401587985456,90
0,20.066666666666695,37.933333333333294,19.23,37.53,20.2,36.9,20.6,35.43,18.0,48.29,5.86666666666667,29.8,19.5714285714286,30.9214285714286,21.033333333333296,39.6633333333333,17.89,35.73,5.25,750.9,52.5,7.5,40.0,-3.85,41.88711204333231,41.88711204333231,100
0,20.1,37.6633333333333,19.29,37.53,20.2,36.9,20.6,35.23,18.0,48.15,6.09,28.1,19.7,30.79,21.226666666666695,39.463333333333296,17.89,35.4666666666667,5.3333333333333295,750.866666666667,52.0,7.666666666666669,40.0,-3.9,41.660299012437456,41.660299012437456,100
0,20.1666666666667,37.53,19.29,37.363333333333294,20.23,36.8266666666667,20.6,35.09,18.0,48.072,6.36666666666667,28.8966666666667,19.82,30.862857142857095,21.36,39.1633333333333,17.9633333333333,35.3266666666667,5.41666666666667,750.8333333333329,51.5,7.8333333333333295,40.0,-3.95,22.79936531558633,22.79936531558633,70
0,20.23,37.433333333333294,19.29,37.2675,20.29,36.9,20.6666666666667,35.1633333333333,18.0,47.9285714285714,6.62666666666667,28.83,19.872,31.06,21.566666666666695,39.03,18.0,35.6266666666667,5.5,750.7999999999998,51.0,8.0,40.0,-4.0,3.7279915879480545,3.7279915879480545,70
10,20.29,37.6333333333333,19.29,37.1266666666667,20.245,36.845,20.6,34.93,18.0,47.754,6.69,27.233333333333295,20.075,31.125,21.73,38.863333333333294,18.0,35.8333333333333,5.633333333333329,750.783333333333,50.83333333333329,7.8333333333333295,40.0,-3.9166666666666705,27.47058040695265,27.47058040695265,70
0,20.323333333333295,37.6266666666667,19.39,37.09,20.2,36.863333333333294,20.6,34.53,18.0,47.7,6.763333333333329,27.8266666666667,20.1285714285714,30.9214285714286,21.79,38.6566666666667,18.0,36.1566666666667,5.76666666666667,750.766666666667,50.66666666666671,7.666666666666669,40.0,-3.8333333333333295,19.79157777968794,19.79157777968794,50
0,20.39,37.76,19.39,37.09,20.2,36.79,20.566666666666695,34.1333333333333,18.0,47.616,6.93333333333333,26.9666666666667,20.2,30.5,21.89,38.56,18.0,36.29,5.9,750.75,50.5,7.5,40.0,-3.75,19.862733769696202,19.862733769696202,120
0,20.39,37.395,19.39,36.9666666666667,20.2,36.79,20.5,34.0,18.0,47.5,7.12666666666667,26.0933333333333,20.2514285714286,30.5714285714286,21.963333333333296,38.2266666666667,18.0,36.76333333333329,6.03333333333333,750.733333333333,50.33333333333329,7.3333333333333295,40.0,-3.6666666666666705,42.34843949088826,42.34843949088826,480
0,20.5,37.0633333333333,19.39,36.9666666666667,20.2,36.99,20.5,34.03,18.0,47.46,7.1233333333333295,25.533333333333296,20.29,30.316,22.0,37.69333333333329,18.0,37.823333333333295,6.16666666666667,750.716666666667,50.16666666666671,7.16666666666667,40.0,-3.5833333333333295,4.89395207259804,4.89395207259804,330
10,20.5,36.93,19.4266666666667,36.5266666666667,20.46,37.8666666666667,20.5,34.09,18.0,47.2385714285714,7.19,26.066666666666695,20.3614285714286,29.8242857142857,22.066666666666695,37.36,18.0,38.59666666666671,6.3,750.7,50.0,7.0,40.0,-3.5,0.5340252537280321,0.5340252537280321,290
0,20.533333333333296,37.36,19.5,36.3266666666667,20.726666666666695,38.33333333333329,20.5,34.03,18.0,47.072,7.3333333333333295,26.033333333333296,20.5,29.56,22.1,36.9,18.066666666666695,38.99,6.3333333333333295,750.733333333333,49.66666666666671,6.8333333333333295,40.0,-3.56666666666667,23.9616114879027,23.9616114879027,260
0,20.6,37.5,19.5,36.2,21.1333333333333,38.56,20.5,33.9,18.0,46.97142857142861,7.3333333333333295,25.366666666666696,20.5571428571429,29.1971428571429,22.1,36.5666666666667,18.1,39.245,6.36666666666667,750.766666666667,49.33333333333329,6.66666666666667,40.0,-3.6333333333333298,31.31755089852959,31.31755089852959,220
0,20.7,37.73,19.5,36.1266666666667,21.3266666666667,38.5,20.5,33.9,18.0,46.9,7.1233333333333295,25.4966666666667,20.6,28.896,22.2,36.223333333333294,18.1,39.433333333333294,6.4,750.7999999999998,49.0,6.5,40.0,-3.7,1.5031490824185312,1.5031490824185312,190
0,20.76,37.79,19.5,36.09,21.533333333333296,38.2966666666667,20.5,33.76,18.0,46.8057142857143,7.19,26.096666666666696,20.6714285714286,28.6,22.2,35.9633333333333,18.1,39.56,6.43333333333333,750.8333333333329,48.66666666666671,6.3333333333333295,40.0,-3.7666666666666706,16.535489389207214,16.535489389207214,70
0,20.79,37.76,19.566666666666695,36.03,21.6,37.89,20.5,33.7,18.0,46.79,7.1233333333333295,25.8633333333333,20.736,28.254,22.23,35.76,18.1,39.7,6.46666666666667,750.866666666667,48.33333333333329,6.16666666666667,40.0,-3.8333333333333295,26.05108596617356,26.05108596617356,70
0,20.8566666666667,37.6266666666667,19.6,35.9666666666667,21.566666666666695,37.43,20.5,33.59,18.0,46.7257142857143,7.263333333333329,26.39,20.79,28.0414285714286,22.315,35.57,18.1,39.76,6.5,750.9,48.0,6.0,40.0,-3.9,16.80350675014779,16.80350675014779,60
0,20.89,37.43,19.6,35.8266666666667,21.4266666666667,37.09666666666671,20.5,33.59,18.0,46.656,7.366666666666669,25.666666666666696,20.85,27.852,22.39,35.3266666666667,18.1,39.79,6.43333333333333,750.95,48.0,6.16666666666667,40.0,-3.95,32.92625836329535,32.92625836329535,60
0,20.89,37.1566666666667,19.6,35.76,21.39,36.863333333333294,20.5,33.5,18.0,46.5385714285714,7.3,24.9333333333333,20.8614285714286,27.6428571428571,22.39,35.1333333333333,18.1666666666667,39.79,6.36666666666667,751.0,48.0,6.3333333333333295,40.0,-4.0,6.687991588842124,6.687991588842124,80
10,20.9266666666667,36.69333333333329,19.6,35.6266666666667,21.323333333333295,36.6566666666667,20.5,33.4333333333333,18.0,46.37,7.349999999999999,24.245,20.89,27.35,22.39,34.9333333333333,18.1333333333333,39.863333333333294,6.3,751.0499999999998,48.0,6.5,40.0,-4.05,3.1061079120263457,3.1061079120263457,60
0,21.0,36.36,19.7,35.56,21.29,36.4666666666667,20.5,33.4,18.0,46.272,7.366666666666669,24.726666666666695,20.9057142857143,27.1814285714286,22.5,34.8333333333333,18.2,39.863333333333294,6.23333333333333,751.1,48.0,6.66666666666667,40.0,-4.1,32.197164511308074,32.197164511308074,60
0,20.963333333333296,36.1633333333333,19.7,35.4333333333333,21.29,36.3266666666667,20.5,33.3266666666667,18.0,46.1214285714286,7.3,25.533333333333296,20.956,27.018,22.5,34.7,18.1333333333333,39.9,6.16666666666667,751.15,48.0,6.8333333333333295,40.0,-4.15,14.253484865184872,14.253484865184872,60
0,20.963333333333296,36.03,19.7,35.26,21.26,36.26,20.463333333333296,33.26,18.0,46.0,7.3,25.226666666666695,21.0,26.8185714285714,22.533333333333296,34.56,18.2,39.9,6.1,751.2,48.0,7.0,40.0,-4.2,30.36164694931358,30.36164694931358,60
0,21.0,35.8633333333333,19.7225,35.1725,21.2,36.1266666666667,20.39,33.1266666666667,18.0,45.8514285714286,7.22666666666667,24.96,21.0,26.66,22.6,34.4333333333333,18.1666666666667,39.8266666666667,6.0833333333333295,751.216666666667,48.66666666666671,6.8333333333333295,38.16666666666669,-4.03333333333333,25.23011213634163,25.23011213634163,70
0,21.0,35.73,19.79,35.03,21.2,36.0,20.39,33.09,18.0,45.772,7.19,24.9266666666667,21.0857142857143,26.6142857142857,22.6,34.26,18.1666666666667,39.9,6.06666666666667,751.233333333333,49.33333333333329,6.66666666666667,36.33333333333329,-3.86666666666667,36.11855775816366,36.11855775816366,40
0,21.0,35.59,19.79,34.9,21.1666666666667,35.8333333333333,20.39,33.09,18.0,45.7,7.19,25.4666666666667,21.1,26.478,22.6,34.1266666666667,18.2,39.79,6.05,751.25,50.0,6.5,34.5,-3.7,43.415572389494635,43.415572389494635,40
0,21.0,35.53,19.79,34.8266666666667,21.1,35.7,20.39,33.0,18.0,45.554,7.09,25.096666666666696,21.1,26.3614285714286,22.7,34.06,18.1333333333333,39.79,6.03333333333333,751.266666666667,50.66666666666671,6.3333333333333295,32.66666666666669,-3.53333333333333,32.25244852947071,32.25244852947071,50
0,21.033333333333296,35.4,19.79,34.7,21.1,35.56,20.39,32.9333333333333,18.0,45.44285714285711,7.03,25.4966666666667,21.2,26.16,22.7,34.0,18.2,39.79,6.01666666666667,751.283333333333,51.33333333333329,6.16666666666667,30.8333333333333,-3.36666666666667,21.86892544850707,21.86892544850707,60
0,21.025,35.175,19.79,34.5,21.033333333333296,35.5,20.29,32.6333333333333,18.0,45.36,6.86666666666667,25.96,21.1571428571429,26.042857142857095,22.7,33.9,18.2,39.79,6.0,751.2999999999998,52.0,6.0,29.0,-3.2,33.60960822319612,33.60960822319612,60
0,21.0,34.7666666666667,19.76,34.1633333333333,21.0,35.4,20.29,32.475,18.0,45.1214285714286,6.72666666666667,27.166666666666696,21.14,25.934,22.7,33.9,18.2,39.79,5.8,751.2999999999998,53.0,5.8333333333333295,29.0,-3.13333333333333,18.25735920574516,18.25735920574516,60
0,21.0,34.6266666666667,19.7,34.03,21.0,35.4,20.29,32.3266666666667,18.0,44.96,6.43333333333333,28.033333333333296,21.0714285714286,25.8185714285714,22.6,33.7,18.2,39.79,5.6,751.2999999999998,54.0,5.66666666666667,29.0,-3.06666666666667,35.04252885468304,35.04252885468304,70
10,21.0,34.76,19.6666666666667,33.8333333333333,20.963333333333296,35.29,20.2,32.09,18.0,44.7928571428571,6.1,29.4933333333333,20.9816666666667,25.73,22.533333333333296,33.7,18.15,39.79,5.4,751.2999999999998,55.0,5.5,29.0,-3.0,20.389822439756244,20.389822439756244,60
0,20.963333333333296,34.2233333333333,19.533333333333296,33.36,20.89,35.23,20.2,32.03,18.0,44.616,5.73,31.156666666666695,20.88,25.787,22.463333333333296,33.6333333333333,18.1666666666667,39.7,5.2,751.2999999999998,56.0,5.3333333333333295,29.0,-2.93333333333333,12.923531280830503,12.923531280830503,80
0,20.89,34.2233333333333,19.5,33.3266666666667,20.79,35.09,20.1666666666667,32.09,17.9528571428571,44.47142857142861,5.463333333333329,32.69,20.83,26.174,22.39,33.5675,18.1,39.7,5.0,751.2999999999998,57.0,5.16666666666667,29.0,-2.86666666666667,21.54639074578881,21.54639074578881,80
10,20.89,34.89,19.5,33.4666666666667,20.79,35.09,20.1,32.09,17.89,44.356,5.12666666666667,33.8666666666667,20.79,26.4685714285714,22.39,33.8266666666667,18.1,39.7,4.8,751.2999999999998,58.0,5.0,29.0,-2.8,42.3285492695868,42.3285492695868,90
0,20.89,35.03,19.463333333333296,33.6566666666667,20.79,35.03,20.0,32.0,17.89,44.29,4.86666666666667,34.66666666666669,20.7,26.716,22.39,33.9666666666667,18.1,39.7,4.633333333333329,751.366666666667,58.5,5.16666666666667,28.666666666666696,-2.85,37.41916574072093,37.41916574072093,100
10,20.8566666666667,34.8266666666667,19.39,33.93,20.79,35.09,20.0,32.0,17.89,44.272,4.495,36.05,20.7,27.2514285714286,22.39,34.145,18.1,39.7,4.46666666666667,751.4333333333329,59.0,5.3333333333333295,28.3333333333333,-2.9,43.15365002257749,43.15365002257749,90
0,20.79,34.9,19.39,34.1266666666667,20.73,35.06,19.963333333333296,32.0,17.89,44.2,4.23,37.393333333333295,20.7,27.5,22.3566666666667,34.4333333333333,18.1,39.7,4.3,751.5,59.5,5.5,28.0,-2.95,35.19820405635983,35.19820405635983,100
10,20.79,35.3266666666667,19.39,34.3333333333333,20.79,35.0,19.89,32.0,17.89,44.2,3.9633333333333294,38.33333333333329,20.6285714285714,27.3928571428571,22.3566666666667,34.6933333333333,18.1,39.7,4.133333333333329,751.5666666666668,60.0,5.66666666666667,27.666666666666696,-3.0,26.540496607776728,26.540496607776728,90
10,20.8566666666667,35.1933333333333,19.4266666666667,34.5966666666667,20.76,35.09,19.8566666666667,31.963333333333296,17.89,44.1057142857143,3.6633333333333296,39.49,20.56,27.254,22.39,35.33,18.1,39.7,3.9666666666666694,751.6333333333331,60.5,5.8333333333333295,27.3333333333333,-3.05,17.748825496528298,17.748825496528298,90
10,20.89,35.4266666666667,19.566666666666695,34.79,20.7,35.09,19.79,31.89,17.89,44.09,3.53,41.23,20.5,27.2,22.39,35.59,18.1,39.79,3.8,751.7,61.0,6.0,27.0,-3.1,19.589855289086696,19.589855289086696,80
10,20.963333333333296,35.96,19.6,34.79,20.73,35.1266666666667,19.76,31.89,17.89,44.1214285714286,3.43333333333333,41.29,20.434,27.08,22.29,35.29,18.1,39.79,3.6666666666666705,751.8333333333329,61.5,5.8333333333333295,26.8333333333333,-3.11666666666667,8.782599854748696,8.782599854748696,80
0,21.033333333333296,35.9666666666667,19.675,34.9475,20.79,35.26,19.7,31.89,17.89,44.2,3.43333333333333,41.29,20.3614285714286,27.0,22.29,35.43,18.066666666666695,39.76,3.53333333333333,751.966666666667,62.0,5.66666666666667,26.666666666666696,-3.13333333333333,26.50003145681694,26.50003145681694,80
0,21.1,35.7666666666667,19.76,35.3333333333333,20.79,35.29,19.7,31.963333333333296,17.89,44.2514285714286,3.22333333333333,41.0,20.29,27.0,22.29,36.09666666666671,18.066666666666695,39.7,3.4,752.1,62.5,5.5,26.5,-3.15,15.851621783804148,15.851621783804148,80
10,21.1333333333333,35.5,19.79,35.5,20.79,35.29,19.7,31.963333333333296,18.1075,55.72,2.9633333333333294,41.393333333333295,20.2385714285714,26.9985714285714,22.29,36.363333333333294,18.1,39.2333333333333,3.2666666666666706,752.233333333333,63.0,5.3333333333333295,26.3333333333333,-3.16666666666667,41.70530543196946,41.70530543196946,140
10,21.2,35.5,19.8566666666667,35.4333333333333,20.79,35.29,19.6,31.9933333333333,18.66,69.58,2.86333333333333,41.53,20.18,26.772,22.29,36.59,18.1,38.9666666666667,3.13333333333333,752.366666666667,63.5,5.16666666666667,26.166666666666696,-3.18333333333333,1.8036479479633272,1.8036479479633272,110
0,21.29,35.29,19.89,35.3266666666667,20.823333333333295,35.3266666666667,19.6666666666667,32.4,18.4214285714286,70.15,2.79,42.05666666666671,20.1,26.7,22.29,36.59,18.066666666666695,38.83333333333329,3.0,752.5,64.0,5.0,26.0,-3.2,15.053535404149441,15.053535404149441,100
10,21.315,35.2675,19.963333333333296,35.3266666666667,20.89,35.3266666666667,19.7,32.9266666666667,18.35,69.574,2.59,43.03,20.0,26.6,22.29,36.59,18.066666666666695,38.56,2.88333333333333,752.6,64.5,5.0,26.0,-3.2166666666666694,22.7358705480583,22.7358705480583,110
0,21.39,35.1266666666667,20.1,35.4,20.89,35.2,19.7,33.025,18.29,68.6114285714286,2.53,43.43,20.0,26.7628571428571,22.29,36.59,18.0,37.99,2.7666666666666706,752.7,65.0,5.0,26.0,-3.2333333333333294,39.88355246838182,39.88355246838182,100
0,21.4266666666667,35.1266666666667,20.1,35.4,20.963333333333296,35.1266666666667,19.7,32.8266666666667,18.236,67.214,2.3333333333333295,44.16666666666669,19.934,26.79,22.29,36.5,18.0,37.565,2.65,752.7999999999998,65.5,5.0,26.0,-3.25,38.854036992415786,38.854036992415786,100
0,21.5,35.1266666666667,20.23,35.4,21.0,35.09,19.6,32.56,18.2,65.49714285714289,2.12666666666667,44.9666666666667,19.89,26.79,22.29,36.433333333333294,18.0,37.1566666666667,2.53333333333333,752.9,66.0,5.0,26.0,-3.2666666666666706,37.98359376378357,37.98359376378357,110
0,21.6,35.09,20.29,35.4,21.0,35.09,19.6,32.4333333333333,18.1,62.76,2.09,46.36,19.85,26.754,22.29,36.26,18.066666666666695,36.9,2.41666666666667,753.0,66.5,5.0,26.0,-3.28333333333333,33.06733610806987,33.06733610806987,110
0,21.6,35.03,20.29,35.4,21.033333333333296,35.1266666666667,19.6,32.29,18.1285714285714,60.8085714285714,2.03,46.5,19.7514285714286,26.7,22.29,36.1266666666667,18.0,36.5666666666667,2.3,753.1,67.0,5.0,26.0,-3.3,0.9981709998100996,0.9981709998100996,110
0,21.7,35.0,20.3566666666667,35.4,21.1,35.1266666666667,19.6,32.23,18.1,59.13,1.95,47.145,19.772,26.7,22.29,36.06,18.0,36.363333333333294,2.25,753.1333333333331,66.8333333333333,5.0,26.0,-3.36666666666667,11.042589566204695,11.042589566204695,110
0,21.7,35.0,20.39,35.4,21.1,35.09,19.566666666666695,32.09,18.1,57.9228571428571,1.79,47.69333333333329,19.7,26.7257142857143,22.23,35.9333333333333,18.0,36.1566666666667,2.2,753.1666666666669,66.6666666666667,5.0,26.0,-3.43333333333333,12.345441721845418,12.345441721845418,100
0,21.7,35.0,20.39,35.4,21.1,35.09,19.5,32.03,18.04,56.71,1.79,48.3,19.66,26.754,22.2,35.6633333333333,18.0,35.9666666666667,2.15,753.2,66.5,5.0,26.0,-3.5,33.219269069377326,33.219269069377326,100
0,21.7,35.0,20.39,35.4666666666667,21.1,35.0,19.5,31.963333333333296,18.0571428571429,55.8957142857143,1.7,48.4266666666667,19.6,26.7,22.2,35.53,18.0,35.8266666666667,2.1,753.233333333333,66.3333333333333,5.0,26.0,-3.56666666666667,5.162593815475702,5.162593815475702,100
0,21.7,34.9,20.39,35.4666666666667,21.1,35.06,19.5,31.89,18.0,55.18,1.56666666666667,48.6266666666667,19.6,26.7,22.2,35.45,17.9266666666667,35.76,2.05,753.266666666667,66.1666666666667,5.0,26.0,-3.6333333333333298,5.915779492352158,5.915779492352158,90
10,21.7,34.8266666666667,20.39,35.4333333333333,21.1,35.0,19.5,31.79,18.0,54.4971428571429,1.5,49.2266666666667,19.5625,26.78,22.2,35.29,18.0,35.6266666666667,2.0,753.2999999999998,66.0,5.0,26.0,-3.7,43.8108118949458,43.8108118949458,90
10,21.7,34.9,20.39,35.4333333333333,21.1,35.0,19.4266666666667,31.8566666666667,18.0,54.054,1.5,49.5,19.5285714285714,27.2114285714286,22.2,35.43,17.9266666666667,35.6666666666667,1.95,753.35,66.5,5.0,25.8333333333333,-3.65,22.513730626087636,22.513730626087636,50
10,21.6333333333333,34.8266666666667,20.29,35.1933333333333,21.0,35.03,19.39,32.1266666666667,18.0,53.94285714285711,1.43,49.5,19.64,28.216,22.23,35.83,18.0,36.6,1.9,753.4,67.0,5.0,25.666666666666696,-3.6,7.363827095832675,7.363827095832675,60
0,21.6,34.76,20.2225,34.95,20.9266666666667,35.1633333333333,19.39,32.3333333333333,17.978,53.878,1.35666666666667,49.83333333333329,19.7,28.8985714285714,22.29,36.363333333333294,18.0,37.5,1.85,753.45,67.5,5.0,25.5,-3.55,14.243800460826604,14.243800460826604,50
0,21.6,34.7,20.1333333333333,35.0,20.945,35.345,19.39,32.4333333333333,17.89,53.79,1.35666666666667,50.1566666666667,19.7,29.376,22.323333333333295,36.8,18.0,37.76,1.8,753.5,68.0,5.0,25.3333333333333,-3.5,16.760916227940466,16.760916227940466,60
0,21.5,34.73,20.066666666666695,35.0,20.89,35.53,19.39,32.56,17.89,53.656,1.29,50.29,19.7,29.792857142857095,22.323333333333295,37.1333333333333,18.0,37.933333333333294,1.75,753.5499999999998,68.5,5.0,25.166666666666696,-3.45,37.166869454085834,37.166869454085834,80
0,21.5,34.8633333333333,20.0,35.06,20.823333333333295,35.59,19.39,32.6266666666667,17.89,53.5385714285714,1.16666666666667,50.3666666666667,19.7,30.14,22.29,37.5666666666667,18.0,38.06,1.7,753.6,69.0,5.0,25.0,-3.4,20.357680169399828,20.357680169399828,80
0,21.5,35.0,19.89,35.09,20.89,35.7,19.39,32.76,17.89,53.48,1.03333333333333,50.96,19.7,30.51,22.29,37.76,18.0,38.23,1.6,753.65,69.6666666666667,5.0,24.5,-3.38333333333333,29.88300701836124,29.88300701836124,80
0,21.4266666666667,35.0,19.823333333333295,35.03,20.823333333333295,35.7,19.39,32.9,17.89,53.4,1.06666666666667,51.6566666666667,19.7,30.872,22.39,37.963333333333296,18.0,38.29,1.5,753.7,70.3333333333333,5.0,24.0,-3.36666666666667,44.1516802413389,44.1516802413389,70
10,21.39,35.045,19.76,34.9666666666667,20.8566666666667,35.79,19.39,33.0,17.89,53.254,0.933333333333333,52.0633333333333,19.7,31.0714285714286,22.39,38.1633333333333,18.0,38.3266666666667,1.4,753.75,71.0,5.0,23.5,-3.35,16.742606565821916,16.742606565821916,80
0,21.3566666666667,35.1266666666667,19.7,34.9,20.79,35.79,19.323333333333295,33.0,17.89,53.2,0.766666666666667,52.323333333333295,19.7,31.14,22.323333333333295,38.2,18.0,38.3725,1.3,753.7999999999998,71.6666666666667,5.0,23.0,-3.3333333333333295,35.28237706050277,35.28237706050277,70
0,21.29,35.2,19.6666666666667,34.9666666666667,20.89,35.9,19.29,33.09,17.8471428571429,53.04,0.6999999999999998,53.1425,19.7,31.2514285714286,22.39,38.26,18.0,38.363333333333294,1.2,753.85,72.3333333333333,5.0,22.5,-3.31666666666667,34.64104712475091,34.64104712475091,60
0,21.29,35.29,19.533333333333296,34.9,20.89,35.9666666666667,19.29,33.1633333333333,17.81,52.9,0.6999999999999998,53.793333333333294,19.7,31.332,22.3566666666667,38.463333333333296,18.0,38.5,1.1,753.9,73.0,5.0,22.0,-3.3,23.221792420372367,23.221792420372367,50
0,21.23,35.23,19.5,34.8266666666667,20.89,36.0,19.29,33.2,17.8185714285714,52.7957142857143,0.6666666666666669,54.1,19.6285714285714,31.452857142857095,22.29,38.6633333333333,18.0,38.5,1.05,753.9,73.1666666666667,4.8333333333333295,22.0,-3.3,27.701466588769108,27.701466588769108,60
0,21.2,35.2,19.4266666666667,34.8266666666667,20.89,36.06,19.29,33.2,17.79,52.59,0.5333333333333329,54.4933333333333,19.64,31.64,22.29,38.86,18.0,38.5666666666667,1.0,753.9,73.3333333333333,4.66666666666667,22.0,-3.3,11.90899935318157,11.90899935318157,50
0,21.1333333333333,35.2,19.39,35.0666666666667,20.89,36.09,19.29,33.23,17.79,52.5385714285714,0.5999999999999999,55.0966666666667,19.6714285714286,31.91,22.23,39.0,18.0,38.83333333333329,0.95,753.9,73.5,4.5,22.0,-3.3,39.03699113288894,39.03699113288894,40
0,21.1,35.2,19.323333333333295,35.2,20.89,36.1633333333333,19.23,33.23,17.79,52.44,0.5999999999999999,55.363333333333294,19.64,32.076,22.2,39.1266666666667,18.0,38.933333333333294,0.9,753.9,73.6666666666667,4.3333333333333295,22.0,-3.3,34.6471746917814,34.6471746917814,60
0,21.1,35.2,19.26,35.29,20.89,36.23,19.2,33.23,17.79,52.3214285714286,0.5999999999999999,55.4,19.6714285714286,32.2642857142857,22.2,39.26,18.0,39.06,0.85,753.9,73.8333333333333,4.16666666666667,22.0,-3.3,44.887228263542056,44.887228263542056,30
0,21.0,35.09,19.2,35.29,20.89,36.29,19.2,33.23,17.79,52.2,0.5999999999999999,55.4,19.66,32.46,22.066666666666695,39.5,18.0,39.2,0.8,753.9,74.0,4.0,22.0,-3.3,22.876803646795448,22.876803646795448,40
0,21.0,35.09,19.1666666666667,35.4,20.89,36.29,19.2,33.23,17.79,52.1371428571429,0.5,55.66666666666669,19.6,32.5242857142857,22.0,39.5,18.0,39.26,0.7833333333333331,753.9166666666669,74.0,4.16666666666667,22.166666666666696,-3.3333333333333295,30.840175808407366,30.840175808407366,30
0,20.89,35.06,19.1,35.4,20.823333333333295,36.23,19.2,33.29,17.772,52.036,0.5,56.19333333333329,19.62,32.74,21.9266666666667,39.5,18.0,39.433333333333294,0.766666666666667,753.9333333333329,74.0,4.3333333333333295,22.3333333333333,-3.36666666666667,0.244371872395277,0.244371872395277,40
0,20.89,35.06,19.066666666666695,35.5,20.79,36.23,19.2,33.3266666666667,17.7642857142857,51.9285714285714,0.5,56.433333333333294,19.6285714285714,32.8528571428571,21.89,39.5,18.0,39.56,0.75,753.95,74.0,4.5,22.5,-3.4,22.493733279407024,22.493733279407024,50
0,20.89,35.09,19.0,35.5,20.79,36.29,19.2,33.4,17.7,51.856,0.433333333333333,56.56,19.6,32.9,21.823333333333295,39.56,18.0,39.7,0.733333333333333,753.966666666667,74.0,4.66666666666667,22.666666666666696,-3.43333333333333,41.475105180870735,41.475105180870735,60
0,20.823333333333295,35.03,18.89,35.59,20.79,36.29,19.2,33.4,17.7,51.7771428571429,0.466666666666667,56.4666666666667,19.6,33.037142857142896,21.79,39.73,18.0,39.7,0.716666666666667,753.983333333333,74.0,4.8333333333333295,22.8333333333333,-3.4666666666666694,41.63762021344155,41.63762021344155,50
0,20.79,35.0,18.8566666666667,35.59,20.79,36.29,19.2,33.4,17.736,51.7,0.3333333333333329,56.4,19.6,33.112,21.73,39.863333333333294,18.0,39.7,0.7,754.0,74.0,5.0,23.0,-3.5,34.12431292235851,34.12431292235851,50
0,20.73,35.0,18.79,35.59,20.79,36.29,19.2,33.4,17.7257142857143,51.6214285714286,0.2666666666666669,56.86,19.6,33.2,21.7,40.1566666666667,18.0,39.7,0.666666666666667,754.0499999999998,74.0,5.0,23.0,-3.53333333333333,41.6555249132216,41.6555249132216,60
0,20.7,35.0,18.79,35.7,20.73,36.4,19.1333333333333,33.4,17.7,51.554,0.2,56.66666666666669,19.6,33.29,21.7,40.43,18.033333333333296,39.79,0.633333333333333,754.1,74.0,5.0,23.0,-3.56666666666667,16.447908838745207,16.447908838745207,50
0,20.7,35.0,18.79,35.7,20.79,36.4,19.1,33.45,17.7,51.4857142857143,0.25,56.69,19.6,33.44,21.6333333333333,40.69333333333329,18.033333333333296,39.73,0.6,754.15,74.0,5.0,23.0,-3.6,10.918742499779908,10.918742499779908,60
0,20.6,35.0,18.7,35.73,20.79,36.4,19.1,33.5,17.7,51.4,0.1666666666666669,56.4266666666667,19.6,33.5128571428571,21.6333333333333,40.9,18.0,39.79,0.566666666666667,754.2,74.0,5.0,23.0,-3.6333333333333298,28.114152257330716,28.114152257330716,60
0,20.6,35.0,18.7,35.79,20.79,36.4,19.1,33.5,17.7,51.4,0.1,56.76,19.6,33.59,21.566666666666695,41.09666666666671,18.0,39.7675,0.533333333333333,754.25,74.0,5.0,23.0,-3.6666666666666705,14.241021347697824,14.241021347697824,40
0,20.6,35.0,18.6,35.7,20.79,36.5,19.0,33.4,17.7,51.29,0.0,56.7666666666667,19.6,33.5514285714286,21.5,41.363333333333294,18.066666666666695,39.76,0.5,754.2999999999998,74.0,5.0,23.0,-3.7,11.350495752412824,11.350495752412824,50
0,20.5,35.0,18.6,35.7,20.79,36.5,19.066666666666695,33.4666666666667,17.7,51.2771428571429,0.0,56.9,19.6,33.59,21.5,41.5,18.066666666666695,39.76,0.45,754.3166666666668,74.1666666666667,5.0,23.5,-3.7166666666666694,41.06782920425758,41.06782920425758,50
0,20.5,35.06,18.6,35.79,20.79,36.53,19.033333333333296,33.4333333333333,17.7,51.2,0.0,57.06,19.6,33.59,21.5,41.56,18.0,39.7,0.4,754.3333333333329,74.3333333333333,5.0,24.0,-3.7333333333333294,48.9392927265726,48.9392927265726,50
0,20.5,35.09,18.533333333333296,35.79,20.79,36.53,19.033333333333296,33.4333333333333,17.7,51.2,-0.1333333333333329,57.06,19.6,33.656,21.5,41.56,18.0,39.7,0.35,754.35,74.5,5.0,24.5,-3.75,33.92272252822295,33.92272252822295,40
0,20.5,35.09,18.463333333333296,35.8633333333333,20.73,36.5,19.0,33.4,17.7,51.09,-0.1,57.73,19.6,33.7,21.4266666666667,41.433333333333294,18.0,39.76,0.3,754.366666666667,74.6666666666667,5.0,25.0,-3.7666666666666706,27.27568498812616,27.27568498812616,30
0,20.39,35.09,18.463333333333296,35.8633333333333,20.73,36.5,19.0,33.4666666666667,17.6428571428571,50.9814285714286,-0.1666666666666669,57.6566666666667,19.6,33.7,21.463333333333296,41.4666666666667,18.0,39.79,0.25,754.3833333333331,74.8333333333333,5.0,25.5,-3.7833333333333297,12.31870661722496,12.31870661722496,30
0,20.323333333333295,35.09,18.39,35.9,20.7,36.5,19.0,33.4666666666667,17.6,50.9,-0.233333333333333,58.06,19.6,33.7671428571429,21.323333333333295,41.4,18.0,39.79,0.2,754.4,75.0,5.0,26.0,-3.8,45.87297640973702,45.87297640973702,40
0,20.3566666666667,35.09,18.39,35.9,20.7,36.5,19.0,33.4666666666667,17.6,50.878,-0.2999999999999999,58.33333333333329,19.58,33.92,21.39,41.29,18.0,39.79,0.15,754.483333333333,75.5,5.0,25.666666666666696,-3.75,40.854896511882544,40.854896511882544,50
0,20.29,35.1633333333333,18.29,35.9333333333333,20.7,36.5,18.9266666666667,33.5,17.6,50.79,-0.3333333333333329,58.53,19.542857142857095,34.0,21.39,41.23,18.0,39.79,0.1,754.5666666666668,76.0,5.0,25.3333333333333,-3.7,45.62637008493766,45.62637008493766,50
0,20.26,35.1633333333333,18.29,36.0,20.6333333333333,36.5,19.0,33.5,17.6,50.754,-0.4,58.59,19.5,34.09,21.29,41.145,18.0,39.79,0.05,754.65,76.5,5.0,25.0,-3.65,37.159901566337794,37.159901566337794,40
0,20.2,35.09,18.29,35.9666666666667,20.6666666666667,36.56,18.89,33.5,17.6,50.7,-0.5,59.433333333333294,19.5285714285714,34.0257142857143,21.26,41.06,18.0,39.863333333333294,0.0,754.733333333333,77.0,5.0,24.666666666666696,-3.6,11.905711144208908,11.905711144208908,50
10,19.79,35.9666666666667,18.0,36.06,20.2,35.9,18.6666666666667,32.3633333333333,17.434,48.052,0.466666666666667,57.6966666666667,19.254,32.378,20.6333333333333,38.7666666666667,18.0,38.83333333333329,0.6,757.0,73.0,6.0,23.0,-3.7,17.791981052141637,17.791981052141637,50
10,19.79,35.75,18.0,35.86,20.2,35.8266666666667,18.6666666666667,32.49,17.39,47.8685714285714,0.6666666666666669,56.4233333333333,19.29,32.1214285714286,20.6,38.6633333333333,18.0,38.425,0.75,757.0,72.3333333333333,6.16666666666667,23.5,-3.6833333333333296,29.078632430173457,29.078632430173457,70
0,19.79,35.5666666666667,18.1,35.7233333333333,20.1,35.79,18.7,32.9633333333333,17.39,47.554,0.866666666666667,55.16666666666669,19.29,31.85,20.6,38.53,18.0,38.0666666666667,0.9,757.0,71.6666666666667,6.3333333333333295,24.0,-3.6666666666666705,39.52046777121723,39.52046777121723,90
0,19.79,35.4333333333333,18.1666666666667,35.53,20.1,35.73,18.76,33.1633333333333,17.39,47.3,1.06666666666667,54.0933333333333,19.29,31.7385714285714,20.566666666666695,38.4666666666667,18.0,37.6,1.05,757.0,71.0,6.5,24.5,-3.65,36.80632326286286,36.80632326286286,150
0,19.73,36.2266666666667,18.23,35.4333333333333,20.1,35.7,18.79,33.1633333333333,17.39,47.096,1.13333333333333,52.93,19.29,31.794,20.5,38.4,18.066666666666695,37.2666666666667,1.2,757.0,70.3333333333333,6.66666666666667,25.0,-3.6333333333333298,30.84850439336151,30.84850439336151,70
0,19.79,36.7,18.29,35.5,20.1,35.6266666666667,18.8566666666667,33.2966666666667,17.39,46.8214285714286,1.32666666666667,52.323333333333295,19.29,31.8114285714286,20.533333333333296,38.5,18.0,36.6633333333333,1.35,757.0,69.6666666666667,6.8333333333333295,25.5,-3.61666666666667,43.81010913057253,43.81010913057253,50
0,19.73,36.16666666666671,18.39,35.26,20.1,35.56,18.89,33.3633333333333,17.39,46.79,1.53333333333333,51.16666666666669,19.33,32.236,20.6,38.7666666666667,18.0,36.59,1.5,757.0,69.0,7.0,26.0,-3.6,25.45985362958163,25.45985362958163,50
0,19.7,35.7233333333333,18.463333333333296,35.1266666666667,20.1,35.56,18.963333333333296,33.29,17.4371428571429,46.954285714285696,1.8,50.6266666666667,19.39,32.3842857142857,20.6,38.79,18.033333333333296,36.5666666666667,1.8333333333333297,757.0499999999998,67.6666666666667,7.3333333333333295,26.0,-3.5833333333333295,35.78710270812735,35.78710270812735,50
0,19.7,35.53,18.533333333333296,35.06,20.1,35.6266666666667,19.033333333333296,33.3266666666667,17.434,47.036,2.19,48.595,19.39,32.36,20.6,38.73,18.1,36.6266666666667,2.16666666666667,757.1,66.3333333333333,7.666666666666669,26.0,-3.56666666666667,43.2375283096917,43.2375283096917,50
0,19.7,35.4,18.726666666666695,35.0,20.1,35.7,19.1666666666667,33.4,17.39,47.0257142857143,2.62666666666667,46.863333333333294,19.39,32.0957142857143,20.5,38.79,18.1,37.2566666666667,2.5,757.15,65.0,8.0,26.0,-3.55,36.48637064034119,36.48637064034119,60
0,19.76,35.4,18.9266666666667,34.9666666666667,20.1,35.6266666666667,19.23,33.53,17.434,47.134,2.8333333333333295,46.323333333333295,19.39,31.89,20.566666666666695,38.6566666666667,18.1,38.05666666666671,2.8333333333333295,757.2,63.66666666666671,8.33333333333333,26.0,-3.53333333333333,21.781593351624903,21.781593351624903,50
0,19.79,35.3633333333333,19.066666666666695,34.9,20.1,35.7,19.23,33.53,17.4057142857143,47.1057142857143,3.0666666666666695,45.223333333333294,19.4175,31.8025,20.5,38.4666666666667,18.1,38.7266666666667,3.16666666666667,757.25,62.33333333333329,8.66666666666667,26.0,-3.5166666666666706,3.7872037850320335,3.7872037850320335,60
0,19.79,35.29,19.1,34.79,20.1,35.7,19.323333333333295,33.6266666666667,17.39,47.09,3.3333333333333295,44.4966666666667,19.5,31.7128571428571,20.5,38.3266666666667,18.1,39.1333333333333,3.5,757.2999999999998,61.0,9.0,26.0,-3.5,26.724164781626317,26.724164781626317,30
0,19.79,35.3266666666667,19.1666666666667,34.73,20.1,35.745,19.39,33.7,17.39,47.0257142857143,3.6266666666666705,42.0,19.5,31.62,20.55,38.245,18.1,39.433333333333294,3.65,757.2999999999998,59.83333333333329,9.0,26.0,-3.6,36.483391979709275,36.483391979709275,30
0,19.8566666666667,35.4666666666667,19.29,34.7,20.1,35.6266666666667,19.4266666666667,33.73,17.39,47.0,3.76,38.933333333333294,19.5,31.5,20.6,38.2,18.1,39.56,3.8,757.2999999999998,58.66666666666671,9.0,26.0,-3.7,25.33904273295775,25.33904273295775,30
0,19.89,35.5,19.39,34.56,20.066666666666695,35.6333333333333,19.5,33.79,17.39,46.94285714285711,4.06333333333333,37.5666666666667,19.5,31.5,20.6,38.1266666666667,18.2,39.73,3.95,757.2999999999998,57.5,9.0,26.0,-3.8,49.12369914818555,49.12369914818555,30
0,19.89,35.56,19.39,34.4333333333333,20.0,35.5,19.5,33.845,17.39,46.9,4.263333333333329,35.8333333333333,19.514285714285695,31.4057142857143,20.6,38.09,18.1333333333333,39.79,4.1,757.2999999999998,56.33333333333329,9.0,26.0,-3.9,27.984285459388047,27.984285459388047,50
0,19.9266666666667,35.56,19.4266666666667,34.4,20.0,35.53,19.6,33.9,17.39,46.9,4.49666666666667,35.6966666666667,19.62,31.312,20.6,38.03,18.2,39.9,4.25,757.2999999999998,55.16666666666671,9.0,26.0,-4.0,28.676621825434268,28.676621825434268,60
0,20.0,35.4333333333333,19.5,34.4,20.0,35.59,19.6666666666667,33.9666666666667,17.39,46.79,4.69,34.63,19.7257142857143,31.1714285714286,20.7,38.0,18.2,39.9666666666667,4.4,757.2999999999998,54.0,9.0,26.0,-4.1,34.27108940668404,34.27108940668404,60
0,20.033333333333296,35.29,19.5,34.4,20.0,35.53,19.73,34.0,17.39,46.79,4.8333333333333295,33.4666666666667,19.83,31.04,20.7,37.933333333333294,18.15,40.0,4.56666666666667,757.2999999999998,53.83333333333329,9.0,28.3333333333333,-4.01666666666667,10.437382094096392,10.437382094096392,50
0,20.125,35.2675,19.566666666666695,34.4666666666667,20.0,35.53,19.79,34.0,17.39,46.77875,4.96666666666667,32.9933333333333,19.9671428571429,31.042857142857095,20.86,37.863333333333294,18.1,40.0,4.73333333333333,757.2999999999998,53.66666666666671,9.0,30.666666666666696,-3.9333333333333296,40.56380275869743,40.56380275869743,50
0,20.26,35.2,19.6,34.53,20.1,35.4666666666667,19.89,34.0,17.39,46.7,5.16,32.26,20.12,30.958,21.066666666666695,37.79,18.1666666666667,40.06,4.9,757.2999999999998,53.5,9.0,33.0,-3.85,39.037088642362505,39.037088642362505,50
0,20.4266666666667,35.2,19.6666666666667,34.6633333333333,20.1,35.4,19.89,34.0,17.39,46.7,5.36666666666667,31.5933333333333,20.292857142857095,30.8328571428571,21.163333333333295,37.59,18.2,40.0,5.06666666666667,757.2999999999998,53.33333333333329,9.0,35.3333333333333,-3.7666666666666706,31.19851058581844,31.19851058581844,50
0,20.566666666666695,35.1266666666667,19.7,34.73,20.1,35.4,20.0,34.0,17.39,46.656,5.5,29.1266666666667,20.5,30.79,21.3566666666667,37.463333333333296,18.2,40.0,5.23333333333333,757.2999999999998,53.16666666666671,9.0,37.66666666666669,-3.6833333333333296,44.57867478486151,44.57867478486151,60
0,20.6333333333333,35.03,19.7,34.73,20.1,35.3266666666667,20.0,34.06,17.39,46.59,5.56,29.2,20.6428571428571,30.777142857142895,21.46,37.26,18.2,39.9666666666667,5.4,757.2999999999998,53.0,9.0,40.0,-3.6,29.513476765714582,29.513476765714582,50
0,20.76,35.03,19.79,34.7,20.1333333333333,35.3633333333333,20.0,34.1266666666667,17.39,46.59,5.745,27.995,20.774,30.7,21.6,37.1266666666667,18.2,39.9,5.45,757.2999999999998,52.83333333333329,8.83333333333333,38.0,-3.56666666666667,45.198402216192335,45.198402216192335,50
0,20.823333333333295,35.0,19.79,34.6266666666667,20.2,35.29,20.0,34.2,17.39,46.59,5.8,27.296666666666695,20.9214285714286,30.6285714285714,21.73,37.0266666666667,18.23,39.933333333333294,5.5,757.2999999999998,52.66666666666671,8.66666666666667,36.0,-3.53333333333333,22.842269390821457,22.842269390821457,60
0,20.89,34.9333333333333,19.79,34.6633333333333,20.2,35.29,20.033333333333296,34.23,17.39,46.554,5.8,27.43,21.1,30.5,21.8566666666667,36.9,18.29,39.933333333333294,5.55,757.2999999999998,52.5,8.5,34.0,-3.5,32.95068832812831,32.95068832812831,40
0,20.9266666666667,34.8633333333333,19.8566666666667,34.6633333333333,20.2,35.23,20.1,34.3633333333333,17.39,46.5,5.963333333333329,27.533333333333296,21.1571428571429,30.4228571428571,22.0,36.6633333333333,18.29,39.9,5.6,757.2999999999998,52.33333333333329,8.33333333333333,32.0,-3.4666666666666694,43.27167122391984,43.27167122391984,30
0,21.066666666666695,34.8633333333333,19.89,34.59,20.2,35.2,20.1,34.5,17.434,46.536,6.09,26.866666666666696,21.274,30.33,22.066666666666695,36.59,18.29,39.9,5.65,757.2999999999998,52.16666666666671,8.16666666666667,30.0,-3.43333333333333,19.507910346146673,19.507910346146673,30
0,21.1,34.79,19.89,34.6633333333333,20.2,35.2,20.1666666666667,34.5,17.39,46.4571428571429,6.3,26.19,21.4685714285714,30.29,22.2,36.363333333333294,18.323333333333295,39.79,5.7,757.2999999999998,52.0,8.0,28.0,-3.4,36.0987568856217,36.0987568856217,30
0,21.1666666666667,34.73,19.89,34.7,20.2,35.2,20.2,34.53,17.39,46.4,6.22666666666667,26.456666666666695,21.6,30.2,22.26,36.29,18.39,39.73,5.75,757.35,51.83333333333329,8.16666666666667,30.0,-3.43333333333333,31.12528318306431,31.12528318306431,50
0,21.2,34.59,19.89,34.76,20.2,35.2,20.2,34.59,17.4371428571429,46.44285714285711,6.22666666666667,26.693333333333296,21.737142857142896,30.1857142857143,22.323333333333295,36.1633333333333,18.39,39.7,5.8,757.4,51.66666666666671,8.33333333333333,32.0,-3.4666666666666694,18.79280067514628,18.79280067514628,60
0,21.26,34.59,20.0,34.79,20.2,35.2,20.2,34.6266666666667,17.39,46.4,6.3,26.566666666666695,21.872,30.08,22.4975,35.9975,18.39,39.7,5.85,757.45,51.5,8.5,34.0,-3.5,13.086351682431996,13.086351682431996,60
0,21.39,34.5,20.033333333333296,34.8266666666667,20.23,35.23,20.26,34.76,17.39,46.4,6.3333333333333295,24.8566666666667,22.0,29.9685714285714,22.6,35.8266666666667,18.5,39.7,5.9,757.5,51.33333333333329,8.66666666666667,36.0,-3.53333333333333,32.14752548374236,32.14752548374236,60
0,21.463333333333296,34.5,20.1,34.8266666666667,20.29,35.29,20.29,34.845,17.456,46.416,6.4,24.0633333333333,22.1,29.85,22.7,35.6633333333333,18.4266666666667,39.6266666666667,5.95,757.5499999999998,51.16666666666671,8.83333333333333,38.0,-3.56666666666667,46.86590055935085,46.86590055935085,50
0,21.533333333333296,34.4666666666667,20.1,34.79,20.29,35.29,20.29,34.9333333333333,17.4214285714286,46.3214285714286,6.3,24.06,22.237142857142896,29.79,22.7,35.53,18.5,39.7,6.0,757.6,51.0,9.0,40.0,-3.6,11.165089230053127,11.165089230053127,60
0,21.6,34.4,20.1666666666667,34.79,20.3566666666667,35.29,20.29,35.0,17.39,46.29,6.36666666666667,25.06,22.323333333333295,29.73,22.79,35.4,18.5,39.7,5.96666666666667,757.6333333333331,50.33333333333329,8.83333333333333,40.0,-3.8,34.76968820905313,34.76968820905313,40
0,21.6,34.4,20.2,34.76,20.39,35.29,20.39,35.03,17.39,46.29,6.4,24.5,22.4266666666667,29.6666666666667,22.8566666666667,35.4,18.5,39.59,5.93333333333333,757.6666666666669,49.66666666666671,8.66666666666667,40.0,-4.0,17.457314650528133,17.457314650528133,50
0,21.6666666666667,34.4,20.26,34.76,20.39,35.29,20.39,35.09,17.39,46.29,6.46666666666667,24.36,22.5,29.533333333333296,22.9266666666667,35.26,18.5,39.59,5.9,757.7,49.0,8.5,40.0,-4.2,43.518559203948826,43.518559203948826,50
0,21.7,34.4,20.29,34.76,20.39,35.29,20.39,35.09,17.39,46.29,6.46666666666667,24.1266666666667,22.5,29.463333333333296,23.0,35.2,18.5,39.59,5.86666666666667,757.733333333333,48.33333333333329,8.33333333333333,40.0,-4.4,0.4683237290009856,0.4683237290009856,50
0,21.7,34.3633333333333,20.29,34.7,20.463333333333296,35.3633333333333,20.39,35.09,17.39,46.29,6.3333333333333295,23.7933333333333,22.5,29.323333333333295,23.0,35.09,18.5,39.59,5.8333333333333295,757.766666666667,47.66666666666671,8.16666666666667,40.0,-4.6,44.59359897300601,44.59359897300601,60
0,21.7,34.03,20.226666666666695,33.6233333333333,20.463333333333296,35.3333333333333,20.226666666666695,32.2633333333333,17.4633333333333,46.363333333333294,6.245,23.5,22.463333333333296,29.26,23.0,35.09,18.5,39.59,5.8,757.7999999999998,47.0,8.0,40.0,-4.8,11.102325189858677,11.102325189858677,50
0,21.566666666666695,32.5933333333333,20.1,32.29,20.39,35.0,19.96,30.796666666666695,17.39,46.145,6.19,23.5633333333333,22.39,29.26,22.89,35.06,18.5,39.7,5.75,757.8333333333329,47.5,7.8333333333333295,40.0,-4.7,22.887597570661452,22.887597570661452,40
0,21.5,32.0666666666667,20.066666666666695,31.9266666666667,20.463333333333296,34.4,19.8566666666667,30.93,17.39,45.863333333333294,6.1233333333333295,23.43,22.3566666666667,29.2,22.823333333333295,34.9333333333333,18.5,39.76,5.7,757.866666666667,48.0,7.666666666666669,40.0,-4.6,33.90096988296136,33.90096988296136,30
0,21.463333333333296,31.76,20.0,31.6,20.323333333333295,34.1266666666667,19.79,30.7233333333333,17.4633333333333,45.73,6.09,23.866666666666696,22.23,29.1333333333333,22.76,34.8633333333333,18.5,39.79,5.65,757.9,48.5,7.5,40.0,-4.5,37.024649360682815,37.024649360682815,20
0,21.39,31.4266666666667,19.89,31.463333333333296,20.26,34.09,19.79,30.89,17.4266666666667,45.5,6.09,23.7933333333333,22.1666666666667,29.1,22.7,34.79,18.5,39.79,5.6,757.9333333333329,49.0,7.3333333333333295,40.0,-4.4,49.25718852318823,49.25718852318823,40
0,21.3566666666667,31.533333333333296,19.89,31.39,20.2,34.1633333333333,19.79,30.89,17.4266666666667,45.3,6.09,24.663333333333295,22.1,29.033333333333296,22.6,34.59,18.5,39.79,5.55,757.966666666667,49.5,7.16666666666667,40.0,-4.3,26.677917002234608,26.677917002234608,60
0,21.29,31.6666666666667,19.89,31.566666666666695,20.2,34.23,19.73,31.0,17.39,45.1633333333333,6.09,25.456666666666695,22.0,29.0,22.533333333333296,34.59,18.5,39.863333333333294,5.5,758.0,50.0,7.0,40.0,-4.2,1.0419605765491724,1.0419605765491724,40
0,21.29,31.9266666666667,19.823333333333295,31.7,20.2,34.29,19.73,31.066666666666695,17.39,45.03,5.96666666666667,25.963333333333296,21.9266666666667,28.9266666666667,22.463333333333296,34.59,18.5,39.9,5.4,758.0833333333329,50.5,6.8333333333333295,40.0,-4.16666666666667,19.768966315314174,19.768966315314174,60
0,21.29,32.06,19.79,31.956666666666695,20.2,34.4,19.7,31.23,17.4633333333333,45.06,5.8333333333333295,25.6966666666667,21.8566666666667,28.963333333333296,22.39,34.6633333333333,18.5,39.9,5.3,758.1666666666669,51.0,6.66666666666667,40.0,-4.133333333333329,28.15113926772028,28.15113926772028,60
0,21.26,32.26,19.73,32.2233333333333,20.2,34.4,19.7,31.3566666666667,17.39,45.0,5.763333333333329,25.5,21.79,28.963333333333296,22.29,34.79,18.463333333333296,39.863333333333294,5.2,758.25,51.5,6.5,40.0,-4.1,0.4263010458089411,0.4263010458089411,60
0,21.2,32.3333333333333,19.7,32.45,20.2,34.4,19.6666666666667,31.5,17.39,44.9,5.69,25.693333333333296,21.7,28.9266666666667,22.23,34.73,18.463333333333296,39.863333333333294,5.1,758.3333333333329,52.0,6.3333333333333295,40.0,-4.06666666666667,11.232017294969408,11.232017294969408,50
0,21.2,32.53,19.6666666666667,32.59,20.23,34.5,19.6,31.6333333333333,17.4633333333333,44.9666666666667,5.56,26.366666666666696,21.6333333333333,28.86,22.15,34.845,18.39,39.79,5.0,758.4166666666669,52.5,6.16666666666667,40.0,-4.03333333333333,13.852627493906766,13.852627493906766,50
0,21.2,32.6633333333333,19.6,32.6633333333333,20.29,34.56,19.6,31.795,17.39,44.9,5.36666666666667,27.3,21.6,28.89,22.066666666666695,35.0,18.463333333333296,39.863333333333294,4.9,758.5,53.0,6.0,40.0,-4.0,20.829361071810126,20.829361071810126,50
0,21.1,32.8266666666667,19.566666666666695,32.8266666666667,20.29,34.53,19.6,31.956666666666695,17.4633333333333,44.9666666666667,5.15666666666667,28.3633333333333,21.533333333333296,28.963333333333296,22.0,35.0,18.463333333333296,39.863333333333294,4.75,758.6,53.66666666666671,6.0,40.0,-3.9666666666666694,25.653678958769888,25.653678958769888,50
0,21.1,32.9,19.5,32.9666666666667,20.29,34.59,19.533333333333296,32.1633333333333,17.4266666666667,44.963333333333296,4.963333333333329,29.5566666666667,21.463333333333296,29.066666666666695,21.963333333333296,35.09,18.39,39.79,4.6,758.7,54.33333333333329,6.0,40.0,-3.9333333333333296,38.762742863036685,38.762742863036685,60
0,21.066666666666695,32.9333333333333,19.39,33.03,20.29,34.7,19.5,32.6266666666667,17.4266666666667,45.03,4.65666666666667,30.956666666666695,21.365,29.0,21.89,35.1633333333333,18.39,39.9,4.45,758.7999999999998,55.0,6.0,40.0,-3.9,43.01407658495009,43.01407658495009,40
0,21.0,33.0,19.323333333333295,33.1633333333333,20.23,34.7,19.5,32.7,17.39,45.0,4.53,31.23,21.29,29.066666666666695,21.76,35.1266666666667,18.39,39.9,4.3,758.9,55.66666666666671,6.0,40.0,-3.86666666666667,7.935975806321949,7.935975806321949,30
0,21.0,33.0,19.29,33.4,20.2,34.59,19.5,32.7,17.39,45.0,4.35,31.645,21.26,29.1666666666667,21.7,35.2,18.39,39.9,4.15,759.0,56.33333333333329,6.0,40.0,-3.8333333333333295,2.635101252235472,2.635101252235472,40
0,20.89,33.2,19.23,33.4,20.2,34.6633333333333,19.5,32.76,17.39,45.03,4.15666666666667,32.19,21.2,29.1666666666667,21.6666666666667,35.1633333333333,18.39,39.9,4.0,759.1,57.0,6.0,40.0,-3.8,8.632505661807954,8.632505661807954,40
0,20.89,33.26,19.2,33.6266666666667,20.2,34.7,19.39,32.73,17.39,45.09,4.03,33.26333333333329,21.1,29.23,21.6,35.1633333333333,18.39,39.9666666666667,3.9666666666666694,759.25,57.0,6.16666666666667,40.0,-3.85,9.172465675510466,9.172465675510466,50
0,20.8566666666667,33.3633333333333,19.1333333333333,33.76,20.2,34.7,19.39,32.6566666666667,17.39,45.09,3.8633333333333297,34.5,21.1,29.29,21.5,35.2,18.39,40.0,3.9333333333333296,759.4,57.0,6.3333333333333295,40.0,-3.9,24.35918796109036,24.35918796109036,60
0,20.79,33.3633333333333,19.1,33.9333333333333,20.2,34.79,19.39,32.59,17.3233333333333,45.09,3.79,34.96,21.0,29.39,21.5,35.26,18.323333333333295,40.0,3.9,759.5499999999998,57.0,6.5,40.0,-3.95,41.61638747900725,41.61638747900725,40
0,20.79,33.53,19.033333333333296,34.0,20.2,34.8633333333333,19.323333333333295,32.59,17.39,45.1633333333333,3.6633333333333296,35.5,21.0,29.463333333333296,21.39,35.29,18.29,40.0,3.86666666666667,759.7,57.0,6.66666666666667,40.0,-4.0,3.247460804414004,3.247460804414004,50
0,20.73,33.59,18.963333333333296,34.1266666666667,20.1666666666667,35.0666666666667,19.29,32.73,17.39,45.2,3.59,35.76,20.89,29.533333333333296,21.39,35.3633333333333,18.29,40.06,3.8333333333333295,759.85,57.0,6.8333333333333295,40.0,-4.05,39.59611968602985,39.59611968602985,50
0,20.7,33.7,18.89,34.2,20.1,35.2,19.29,32.79,17.39,45.2,3.5,36.03,20.89,29.6,21.29,35.4,18.3566666666667,40.09,3.8,760.0,57.0,7.0,40.0,-4.1,2.63599589234218,2.63599589234218,60
0,20.7,33.76,18.89,34.29,20.1,35.23,19.29,32.9333333333333,17.29,45.2,3.43333333333333,36.4233333333333,20.8566666666667,29.6666666666667,21.23,35.3266666666667,18.3566666666667,40.09,3.65,760.0499999999998,57.83333333333329,6.66666666666667,38.16666666666669,-4.03333333333333,30.845341412350532,30.845341412350532,60
10,20.7,33.79,18.823333333333295,34.29,20.1,35.29,19.29,33.06,17.29,45.2,3.36333333333333,36.89,20.79,29.6666666666667,21.2,35.4,18.29,40.09,3.5,760.1,58.66666666666671,6.3333333333333295,36.33333333333329,-3.9666666666666694,17.446446768008173,17.446446768008173,80
10,20.6333333333333,33.73,18.79,34.3266666666667,20.1,35.26,19.2,33.09,17.69,56.2666666666667,3.23,37.1633333333333,20.7,29.73,21.1333333333333,35.5266666666667,18.29,39.83,3.35,760.15,59.5,6.0,34.5,-3.9,11.598195822443811,11.598195822443811,130
20,20.6,33.73,18.79,34.4,20.1,35.2,19.2,33.1633333333333,19.163333333333295,81.3333333333333,3.16333333333333,37.8,20.7,29.79,21.1333333333333,35.86,18.29,39.933333333333294,3.2,760.2,60.33333333333329,5.66666666666667,32.66666666666669,-3.8333333333333295,17.624567670281976,17.624567670281976,110
10,20.6,33.79,18.7,34.59,20.1,35.2,19.2,33.0633333333333,19.9266666666667,86.6666666666667,3.09,38.2666666666667,20.6,29.6,21.26,36.0,18.29,39.933333333333294,3.05,760.25,61.16666666666671,5.3333333333333295,30.8333333333333,-3.7666666666666706,43.903819040860974,43.903819040860974,100
10,20.566666666666695,33.8633333333333,18.7,34.1,20.066666666666695,35.1333333333333,19.2,32.5925,20.3333333333333,88.79999999999998,2.86333333333333,38.9266666666667,20.533333333333296,29.6,21.29,35.5633333333333,18.29,39.4233333333333,2.9,760.2999999999998,62.0,5.0,29.0,-3.7,2.767534169834107,2.767534169834107,80
0,20.5,33.6566666666667,18.6333333333333,33.5666666666667,19.9266666666667,34.9333333333333,19.1333333333333,32.2666666666667,20.93,89.8333333333333,2.73,39.4,20.5,29.1933333333333,21.29,35.2725,18.29,39.1633333333333,2.8333333333333295,760.2999999999998,62.33333333333329,5.0,30.8333333333333,-3.6833333333333296,5.085345194675028,5.085345194675028,100
0,20.5,33.43,18.6,33.0266666666667,19.89,34.79,19.1,31.9,20.456666666666695,90.3,2.5,40.0666666666667,20.4266666666667,28.9266666666667,21.3566666666667,35.5266666666667,18.29,38.96,2.7666666666666706,760.2999999999998,62.66666666666671,5.0,32.66666666666669,-3.6666666666666705,6.686437618918717,6.686437618918717,110
0,20.4266666666667,33.1566666666667,18.6,32.9,19.89,34.79,19.1,31.6333333333333,19.9,92.23,2.43333333333333,40.8,20.39,29.1,21.4266666666667,35.73,18.29,38.5,2.7,760.2999999999998,63.0,5.0,34.5,-3.65,24.747322627808895,24.747322627808895,120
0,20.39,33.1266666666667,18.5,33.09,19.79,34.79,19.066666666666695,31.463333333333296,19.566666666666695,92.8966666666667,2.245,41.7,20.315,29.075,21.5,35.79,18.245,37.7,2.63333333333333,760.2999999999998,63.33333333333329,5.0,36.33333333333329,-3.6333333333333298,26.106510194949806,26.106510194949806,70
0,20.39,33.1266666666667,18.5,33.1633333333333,19.79,34.8633333333333,19.0,31.323333333333295,19.3566666666667,92.49,2.2,43.3,20.29,28.9266666666667,21.6,35.9633333333333,18.23,37.0266666666667,2.56666666666667,760.2999999999998,63.66666666666671,5.0,38.16666666666669,-3.61666666666667,39.10535386530682,39.10535386530682,70
0,20.3566666666667,33.09,18.5,33.23,19.79,34.79,18.963333333333296,31.29,19.23,91.63,2.12666666666667,43.83333333333329,20.2,28.76,21.533333333333296,36.09,18.23,36.6333333333333,2.5,760.2999999999998,64.0,5.0,40.0,-3.6,4.246771207544953,4.246771207544953,70
10,20.315,33.195,18.5,33.29,19.79,34.79,18.963333333333296,31.29,19.1666666666667,89.79666666666668,1.93,44.433333333333294,20.2,28.7,21.5,36.09,18.2,36.223333333333294,2.4,760.366666666667,65.0,5.16666666666667,40.0,-3.5166666666666706,9.301337692886593,9.301337692886593,60
0,20.323333333333295,33.3633333333333,18.5,33.36,19.76,34.79,18.9266666666667,31.5233333333333,19.033333333333296,87.73,1.8633333333333295,45.5666666666667,20.2,29.2633333333333,21.4266666666667,36.1633333333333,18.2,36.363333333333294,2.3,760.4333333333329,66.0,5.3333333333333295,40.0,-3.43333333333333,45.74308601440862,45.74308601440862,50
0,20.29,33.3266666666667,18.4266666666667,33.4333333333333,19.7,34.79,18.9266666666667,31.93,18.89,85.19499999999998,1.9,46.2666666666667,20.2,29.5966666666667,21.39,36.5,18.2,36.6266666666667,2.2,760.5,67.0,5.5,40.0,-3.35,33.142651221714914,33.142651221714914,50
0,20.29,33.4,18.39,33.5,19.7,34.9333333333333,18.89,32.1266666666667,18.79,82.8933333333333,1.8266666666666695,46.933333333333294,20.2,30.066666666666695,21.39,36.83333333333329,18.2,36.96,2.1,760.5666666666668,68.0,5.66666666666667,40.0,-3.2666666666666706,0.9872719994746147,0.9872719994746147,60
0,20.23,33.4,18.39,33.56,19.76,35.06,18.89,32.26,18.73,81.7,1.66666666666667,47.793333333333294,20.2,30.3266666666667,21.39,37.3,18.2,37.23,2.0,760.6333333333331,69.0,5.8333333333333295,40.0,-3.18333333333333,8.92463200725615,8.92463200725615,50
0,20.23,33.3266666666667,18.29,33.6266666666667,19.7,35.09,18.89,32.4,18.7,80.23,1.6,48.5933333333333,20.2,30.663333333333295,21.39,37.6333333333333,18.2,37.29,1.9,760.7,70.0,6.0,40.0,-3.1,8.035726193338633,8.035726193338633,30
0,20.2,33.29,18.29,33.76,19.76,35.09,18.89,32.4666666666667,18.6333333333333,79.0966666666667,1.5,49.66666666666669,20.2,30.996666666666705,21.39,37.963333333333296,18.2,37.4,1.86666666666667,760.7,70.0,6.0,40.0,-3.13333333333333,27.38915208028629,27.38915208028629,40
0,20.1333333333333,33.29,18.29,33.9333333333333,19.7,35.2,18.89,32.53,18.5,77.73,1.5,50.19333333333329,20.2,31.36,21.39,38.2966666666667,18.2,37.4666666666667,1.8333333333333297,760.7,70.0,6.0,40.0,-3.16666666666667,29.97269594343379,29.97269594343379,30
0,20.1,33.3633333333333,18.23,34.0,19.7,35.2,18.89,32.59,18.4266666666667,76.5966666666667,1.39,50.86,20.2,31.6333333333333,21.39,38.5666666666667,18.2,37.53,1.8,760.7,70.0,6.0,40.0,-3.2,7.221403997391462,7.221403997391462,40
0,20.1,33.29,18.2,34.09,19.6,35.145,18.79,32.59,18.39,75.48999999999998,1.39,51.19333333333329,20.1666666666667,31.9933333333333,21.39,38.83333333333329,18.2,37.6633333333333,1.76666666666667,760.7,70.0,6.0,40.0,-3.2333333333333294,7.183839147910476,7.183839147910476,60
0,20.1,33.3266666666667,18.1333333333333,34.1633333333333,19.6,35.2,18.79,32.59,18.39,74.62999999999998,1.35666666666667,51.3666666666667,20.1666666666667,32.4,21.29,39.39,18.2,37.7666666666667,1.73333333333333,760.7,70.0,6.0,40.0,-3.2666666666666706,40.56891017826273,40.56891017826273,50
0,20.033333333333296,33.3266666666667,18.1,34.3,19.6,35.26,18.79,32.7,18.29,73.45999999999998,1.29,51.96,20.2,32.73,21.29,39.723333333333294,18.2,37.9,1.7,760.7,70.0,6.0,40.0,-3.3,20.707113249227405,20.707113249227405,60
0,20.0,33.29,18.1,34.4,19.6,35.29,18.79,32.7,18.29,72.5333333333333,1.16666666666667,52.19333333333329,20.2,32.8633333333333,21.29,39.933333333333294,18.2,38.1566666666667,1.65,760.716666666667,70.5,6.0,40.0,-3.2333333333333294,11.098515288904307,11.098515288904307,70
0,20.0,33.3633333333333,18.033333333333296,34.3266666666667,19.6,35.29,18.79,32.76,18.2,71.4566666666667,1.1,52.8225,20.2,33.0,21.29,40.0,18.2,38.43,1.6,760.733333333333,71.0,6.0,40.0,-3.16666666666667,10.047272103838623,10.047272103838623,50
0,19.963333333333296,33.5,18.0,34.4333333333333,19.6,35.4,18.79,32.79,18.2,70.93,1.1,53.363333333333294,20.1333333333333,33.06,21.29,40.145,18.2,38.59,1.55,760.75,71.5,6.0,40.0,-3.1,45.5187713378109,45.5187713378109,50
0,19.89,33.5,18.0,34.56,19.6,35.4,18.73,32.79,18.1,70.3,1.1,53.7666666666667,20.1666666666667,33.09,21.2,40.09,18.2,38.723333333333294,1.5,760.766666666667,72.0,6.0,40.0,-3.03333333333333,37.24897145293653,37.24897145293653,60
0,19.89,33.53,17.89,34.59,19.6,35.4,18.7,32.9,18.1,69.5,1.1,53.9,20.1,33.1633333333333,21.2,40.09,18.2,39.1,1.45,760.783333333333,72.5,6.0,40.0,-2.9666666666666694,13.86583977146074,13.86583977146074,50
0,19.89,33.59,17.89,34.6633333333333,19.6,35.4,18.7,32.9,18.0,68.23,1.0,54.0966666666667,20.1,33.45,21.1666666666667,40.2666666666667,18.2,39.36,1.4,760.7999999999998,73.0,6.0,40.0,-2.9,33.718411275185645,33.718411275185645,40
0,19.8566666666667,33.59,17.89,34.73,19.6,35.4333333333333,18.7,32.9333333333333,18.0,67.29,1.0,54.363333333333294,20.1,33.59,21.1,40.5266666666667,18.2,39.56,1.4,760.8166666666668,73.0,6.0,40.0,-2.9,15.500654652714728,15.500654652714728,30
0,19.79,33.59,17.89,34.79,19.6,35.5,18.7,33.0,17.9633333333333,66.3933333333333,1.0,54.463333333333296,20.1,33.59,21.1,40.86,18.2,39.73,1.4,760.8333333333329,73.0,6.0,40.0,-2.9,39.406705636065446,39.406705636065446,40
0,19.79,33.59,17.79,34.79,19.6,35.5,18.7,33.0,17.89,65.6666666666667,1.0,54.723333333333294,20.1,33.7,21.1,41.06,18.2,39.863333333333294,1.4,760.85,73.0,6.0,40.0,-2.9,45.554488338530064,45.554488338530064,30
0,19.79,33.59,17.79,34.79,19.6,35.5,18.7,33.0,17.89,64.745,0.966666666666667,54.963333333333296,20.1,33.76,21.0,41.1266666666667,18.2,40.03,1.4,760.866666666667,73.0,6.0,40.0,-2.9,32.117151154670864,32.117151154670864,60
0,19.79,33.59,17.76,34.9,19.533333333333296,35.59,18.7,33.09,17.8566666666667,63.9233333333333,0.9,55.2966666666667,20.1,33.8633333333333,21.0,41.33333333333329,18.2,40.1633333333333,1.4,760.8833333333331,73.0,6.0,40.0,-2.9,49.54855202231556,49.54855202231556,50
0,19.7,33.7,17.7,34.9,19.533333333333296,35.59,18.7,33.09,17.8566666666667,63.463333333333296,0.866666666666667,55.79,20.1,33.8633333333333,21.0,41.7666666666667,18.2,40.3266666666667,1.4,760.9,73.0,6.0,40.0,-2.9,49.07541272696108,49.07541272696108,50
0,19.7,33.7,17.7,35.0,19.533333333333296,35.59,18.6,33.03,17.79,62.7966666666667,0.733333333333333,56.0633333333333,20.1,34.0,21.0,41.9666666666667,18.2,40.4,1.35,760.9333333333329,73.5,5.8333333333333295,40.0,-2.88333333333333,19.500087306369096,19.500087306369096,50
0,19.7,33.73,17.7,35.0,19.533333333333296,35.59,18.6,33.09,17.79,62.39,0.6666666666666669,56.03,20.033333333333296,34.0,20.963333333333296,42.1566666666667,18.2,40.53,1.3,760.966666666667,74.0,5.66666666666667,40.0,-2.86666666666667,23.57529684668407,23.57529684668407,60
0,19.6333333333333,33.73,17.6666666666667,35.0,19.533333333333296,35.6266666666667,18.6,33.09,17.79,61.99,0.466666666666667,56.43,20.0,34.03,20.89,42.363333333333294,18.2,40.59,1.25,761.0,74.5,5.5,40.0,-2.85,40.97701758146287,40.97701758146287,40
0,19.6,33.73,17.6666666666667,35.06,19.6,35.7,18.6,33.09,17.79,61.59666666666671,0.3333333333333329,57.4,20.0,34.1633333333333,20.89,42.59666666666671,18.1666666666667,40.7,1.2,761.033333333333,75.0,5.3333333333333295,40.0,-2.8333333333333295,29.008691769558936,29.008691769558936,60
0,19.6,33.79,17.6,35.0,19.6,35.7,18.6,33.1266666666667,17.76,61.2966666666667,0.0666666666666666,57.5933333333333,20.0,34.2,20.89,42.79,18.1,40.76,1.15,761.0666666666668,75.5,5.16666666666667,40.0,-2.81666666666667,12.55928367609158,12.55928367609158,60
0,19.6,33.79,17.6,35.0,19.7,35.9,18.6,33.1266666666667,17.7,61.03,-0.05,59.495,20.0,34.1266666666667,20.89,43.0,18.2,40.8266666666667,1.1,761.1,76.0,5.0,40.0,-2.8,3.151850285939872,3.151850285939872,50
0,19.0,35.03,18.1666666666667,35.1333333333333,19.29,35.4333333333333,18.5,33.2,17.2,53.93,1.76666666666667,59.6,19.2,30.93,20.066666666666695,38.59,18.2,37.6333333333333,2.13333333333333,762.95,73.6666666666667,5.8333333333333295,28.8333333333333,-2.15,30.145286780316383,30.145286780316383,40
0,19.0,34.9666666666667,18.323333333333295,34.7233333333333,19.29,35.29,18.533333333333296,33.09,17.26,53.6566666666667,2.0266666666666695,57.7266666666667,19.2,30.663333333333295,20.0,38.33333333333329,18.2,37.6266666666667,2.4,763.0,72.0,6.0,29.0,-2.2,33.64956168225035,33.64956168225035,40
0,19.066666666666695,34.9,18.39,34.4633333333333,19.29,35.3633333333333,18.6,33.03,17.2,53.2966666666667,2.36,55.5666666666667,19.2,30.26,20.0,38.0666666666667,18.2,37.925,2.61666666666667,762.966666666667,69.6666666666667,6.16666666666667,30.8333333333333,-2.4666666666666694,5.560982972383499,5.560982972383499,50
0,19.066666666666695,34.7966666666667,18.4266666666667,34.1266666666667,19.26,35.2233333333333,18.7,33.0,17.2,52.89,2.56,53.96,19.26,30.2,20.0,37.83333333333329,18.2,38.46,2.8333333333333295,762.9333333333329,67.3333333333333,6.3333333333333295,32.66666666666669,-2.7333333333333294,15.333306475076824,15.333306475076824,340
0,19.066666666666695,34.6633333333333,18.566666666666695,34.0666666666667,19.2,35.1633333333333,18.76,33.06,17.2,52.6333333333333,2.86,51.223333333333294,19.29,29.945,20.0,37.4975,18.2,38.83,3.05,762.9,65.0,6.5,34.5,-3.0,36.96111959870905,36.96111959870905,390
0,19.1,34.59,18.7,33.8633333333333,19.23,35.23,18.79,33.06,17.2,52.3,3.06,49.4233333333333,19.29,29.6333333333333,20.0,37.09666666666671,18.1333333333333,39.223333333333294,3.2666666666666706,762.866666666667,62.66666666666671,6.66666666666667,36.33333333333329,-3.2666666666666706,20.907819212879986,20.907819212879986,600
0,19.1,34.7175,18.76,33.6566666666667,19.29,35.3633333333333,18.8566666666667,33.1333333333333,17.2,51.93,3.245,45.995,19.29,29.36,20.0,36.723333333333294,18.2,39.433333333333294,3.4833333333333294,762.8333333333329,60.33333333333329,6.8333333333333295,38.16666666666669,-3.53333333333333,40.31722447834909,40.31722447834909,700
0,19.1,34.8333333333333,18.89,33.59,19.46,35.9933333333333,18.89,33.06,17.2,51.6566666666667,3.53,44.3,19.29,29.066666666666695,20.0,36.463333333333296,18.2,39.56,3.7,762.7999999999998,58.0,7.0,40.0,-3.8,25.5906279431656,25.5906279431656,430
0,19.2,34.9,18.963333333333296,33.59,19.726666666666695,36.6,18.89,32.9333333333333,17.2,51.3,3.6633333333333296,42.0266666666667,19.29,28.86,20.0,36.1333333333333,18.2,39.73,3.8333333333333295,762.8166666666668,57.83333333333329,7.0,37.83333333333329,-3.7333333333333294,34.25120685715228,34.25120685715228,320
0,19.26,35.0266666666667,19.033333333333296,33.53,20.066666666666695,36.8266666666667,19.0,32.8633333333333,17.1666666666667,50.93,3.9333333333333296,40.53,19.29,28.6333333333333,20.0,35.9333333333333,18.2,39.79,3.9666666666666694,762.8333333333329,57.66666666666671,7.0,35.66666666666669,-3.6666666666666705,48.99659418733791,48.99659418733791,250
0,19.323333333333295,35.1,19.1,33.4633333333333,20.26,36.7666666666667,19.0,32.6566666666667,17.1,50.6566666666667,4.12666666666667,38.13,19.29,28.4266666666667,20.1,35.76,18.2,39.79,4.1,762.85,57.5,7.0,33.5,-3.6,16.95875208824873,16.95875208824873,240
0,19.39,34.4333333333333,18.963333333333296,32.03,20.5,35.6333333333333,19.1,32.56,17.1,50.43,4.3333333333333295,35.8333333333333,19.39,28.1666666666667,20.033333333333296,35.5,18.2,39.79,4.23333333333333,762.866666666667,57.33333333333329,7.0,31.3333333333333,-3.53333333333333,11.053899419493971,11.053899419493971,140
0,19.39,33.3333333333333,18.89,31.3566666666667,20.5,34.4333333333333,19.1666666666667,32.36,17.1,50.23,4.46666666666667,35.16666666666669,19.463333333333296,28.033333333333296,20.1,35.3333333333333,18.1666666666667,39.9,4.36666666666667,762.8833333333331,57.16666666666671,7.0,29.166666666666696,-3.4666666666666694,39.76508737541735,39.76508737541735,70
0,19.463333333333296,33.2,18.9266666666667,31.46,20.566666666666695,33.9,19.23,32.1266666666667,17.1,49.9,4.53,33.8333333333333,19.6333333333333,27.79,20.1,35.0,18.1666666666667,39.8266666666667,4.5,762.9,57.0,7.0,27.0,-3.4,14.297444163821636,14.297444163821636,80
0,19.533333333333296,33.26,19.0,31.6666666666667,20.3925,33.595,19.29,32.1266666666667,17.1,49.5666666666667,4.65666666666667,33.96,19.76,27.663333333333295,20.23,34.76,18.1,39.863333333333294,4.61666666666667,762.85,56.16666666666671,7.0,27.166666666666696,-3.4833333333333294,4.909986001439393,4.909986001439393,110
0,19.6,33.2,19.033333333333296,31.956666666666695,20.23,33.4333333333333,19.323333333333295,32.09,17.1,49.223333333333294,4.8333333333333295,34.06,19.9266666666667,27.463333333333296,20.3566666666667,34.5666666666667,18.1666666666667,39.79,4.73333333333333,762.7999999999998,55.33333333333329,7.0,27.3333333333333,-3.56666666666667,47.61046596104279,47.61046596104279,660
0,19.823333333333295,34.9666666666667,19.125,32.2225,20.39,34.3233333333333,19.39,32.09,17.1,48.963333333333296,4.96666666666667,32.66666666666669,20.066666666666695,27.39,20.533333333333296,34.3333333333333,18.2,39.9,4.85,762.75,54.5,7.0,27.5,-3.65,49.32051178766415,49.32051178766415,610
0,19.89,34.9666666666667,19.2,32.4666666666667,20.53,35.1966666666667,19.463333333333296,32.09,17.1,48.76,5.03,32.83,20.23,27.2,20.6666666666667,34.1266666666667,18.2,39.9,4.96666666666667,762.7,53.66666666666671,7.0,27.666666666666696,-3.7333333333333294,3.0865659238770604,3.0865659238770604,390
0,20.033333333333296,34.8666666666667,19.29,32.73,20.96,36.13,19.5,32.09,17.1,48.7,5.15666666666667,31.623333333333296,20.3566666666667,27.066666666666695,20.86,33.8633333333333,18.2,39.79,5.0833333333333295,762.65,52.83333333333329,7.0,27.8333333333333,-3.8166666666666704,12.721248378511518,12.721248378511518,360
0,20.1666666666667,33.9266666666667,19.29,32.79,21.2933333333333,37.05666666666671,19.5,32.03,17.1,48.56,5.3333333333333295,31.693333333333296,20.533333333333296,27.066666666666695,21.066666666666695,33.73,18.2,39.73,5.2,762.6,52.0,7.0,28.0,-3.9,43.695248826406896,43.695248826406896,260
0,20.23,33.43,19.29,32.76,21.663333333333295,37.89,19.5,32.0,17.1,48.433333333333294,5.4,30.6333333333333,20.6666666666667,26.9266666666667,21.23,33.43,18.2,39.6633333333333,5.26666666666667,762.5499999999998,52.0,6.8333333333333295,30.0,-3.86666666666667,10.297814197838306,10.297814197838306,250
0,20.3566666666667,33.1566666666667,19.29,32.7,21.8566666666667,38.223333333333294,19.5,32.0,17.1,48.26,5.43333333333333,30.5933333333333,20.823333333333295,26.79,21.29,33.1566666666667,18.2,39.4975,5.3333333333333295,762.5,52.0,6.66666666666667,32.0,-3.8333333333333295,2.957496745511889,2.957496745511889,220
10,20.4266666666667,34.0666666666667,19.39,32.6266666666667,22.066666666666695,37.5666666666667,19.5,32.03,17.1,48.1266666666667,5.56,30.666666666666696,20.963333333333296,26.73,21.46,32.9666666666667,18.26,39.4,5.4,762.45,52.0,6.5,34.0,-3.8,47.37934723962098,47.37934723962098,150
0,20.566666666666695,34.4,19.39,32.76,21.9266666666667,36.4933333333333,19.5,32.09,17.1,48.0,5.745,28.245,21.1,26.566666666666695,21.625,32.7225,18.29,39.26,5.46666666666667,762.4,52.0,6.3333333333333295,36.0,-3.7666666666666706,34.062937437556684,34.062937437556684,100
0,20.6,34.3266666666667,19.39,33.23,21.76,35.49,19.6,32.06,17.1,47.933333333333294,5.8,27.763333333333296,21.1975,26.3425,21.76,32.53,18.29,39.2,5.53333333333333,762.35,52.0,6.16666666666667,38.0,-3.7333333333333294,16.641718614846468,16.641718614846468,600
0,20.6975,35.0,19.323333333333295,33.3633333333333,21.6333333333333,35.29,19.6,31.9266666666667,17.1,47.9,5.93333333333333,27.43,21.3566666666667,26.23,21.89,32.3633333333333,18.3566666666667,39.0,5.6,762.2999999999998,52.0,6.0,40.0,-3.7,25.713177619036287,25.713177619036287,590
0,20.79,35.26,19.29,33.4333333333333,21.7633333333333,35.6266666666667,19.6,31.89,17.1,47.9,5.9,25.166666666666696,21.5,26.03,21.963333333333296,32.23,18.29,38.933333333333294,5.68333333333333,762.283333333333,50.83333333333329,6.0,40.0,-3.9333333333333296,10.476518212817608,10.476518212817608,370
0,20.9266666666667,35.4333333333333,19.29,33.56,21.963333333333296,35.7,19.6,31.823333333333295,17.1,47.9,5.9,25.6266666666667,21.6333333333333,25.823333333333295,22.1333333333333,32.0233333333333,18.39,38.76,5.76666666666667,762.266666666667,49.66666666666671,6.0,40.0,-4.16666666666667,18.123764905612916,18.123764905612916,290
0,21.066666666666695,35.4333333333333,19.29,33.6266666666667,22.1333333333333,35.76,19.6333333333333,31.86,17.1,47.9,6.03,26.233333333333295,21.73,25.6,22.26,31.823333333333295,18.39,38.7,5.85,762.25,48.5,6.0,40.0,-4.4,8.447483577765523,8.447483577765523,230
0,21.2,35.1633333333333,19.29,33.7,22.3266666666667,35.7,19.7,32.1333333333333,17.1,47.8266666666667,6.15666666666667,24.9666666666667,21.8566666666667,25.533333333333296,22.4266666666667,31.566666666666695,18.39,38.7,5.93333333333333,762.233333333333,47.33333333333329,6.0,40.0,-4.633333333333329,8.632371528074145,8.632371528074145,250
0,21.26,35.03,19.39,33.7,22.4266666666667,35.5,19.7,32.29,17.1,47.76,6.1233333333333295,24.73,22.033333333333296,25.29,22.5,31.36,18.39,38.7,6.01666666666667,762.216666666667,46.16666666666671,6.0,40.0,-4.86666666666667,43.79222800489515,43.79222800489515,210
0,21.4266666666667,34.79,19.39,33.7,22.5,35.36,19.76,32.29,17.1,47.7,6.19,24.5233333333333,22.1,25.23,22.6,31.03,18.463333333333296,38.76,6.1,762.2,45.0,6.0,40.0,-5.1,32.166547246742994,32.166547246742994,130
0,21.5,34.73,19.4266666666667,33.7,22.533333333333296,35.0266666666667,19.73,32.1333333333333,17.1,47.59,6.22666666666667,23.963333333333296,22.23,25.0,22.726666666666695,31.03,18.463333333333296,38.5,6.1,762.233333333333,45.16666666666671,5.8333333333333295,40.0,-5.03333333333333,33.37452926207334,33.37452926207334,90
0,21.6,34.6266666666667,19.5,33.76,22.575,34.8725,19.79,32.0,17.1,47.53,6.36666666666667,23.5566666666667,22.3566666666667,25.0,22.79,31.03,18.5,38.5,6.1,762.266666666667,45.33333333333329,5.66666666666667,40.0,-4.96666666666667,1.5528829651884735,1.5528829651884735,580
0,21.6666666666667,34.5666666666667,19.533333333333296,33.9,22.5,34.93,19.79,31.84,17.1,47.5,6.5,23.86,22.4266666666667,24.8566666666667,22.8566666666667,30.89,18.5,38.433333333333294,6.1,762.2999999999998,45.5,5.5,40.0,-4.9,6.786114233545959,6.786114233545959,610
0,21.7,33.7966666666667,19.6,33.9,22.663333333333295,36.2333333333333,19.79,31.7,17.1,47.5,6.5,24.066666666666695,22.566666666666695,24.73,22.9266666666667,30.6,18.5,38.4,6.1,762.3333333333329,45.66666666666671,5.3333333333333295,40.0,-4.8333333333333295,27.20074829412624,27.20074829412624,390
0,21.7,33.39,19.65,33.79,22.8566666666667,37.0933333333333,19.79,31.6333333333333,17.1,47.4,6.4,24.19,22.6333333333333,24.6,23.0,30.46,18.5,38.3266666666667,6.1,762.366666666667,45.83333333333329,5.16666666666667,40.0,-4.76666666666667,6.895393016748129,6.895393016748129,320
0,21.73,33.0266666666667,19.7,33.56,23.23,37.9266666666667,19.79,31.6,17.1666666666667,47.3266666666667,6.4,24.263333333333296,22.7,24.46,23.033333333333296,30.29,18.5,38.29,6.1,762.4,46.0,5.0,40.0,-4.7,15.663014957681298,15.663014957681298,290
0,21.79,32.8266666666667,19.7,33.4333333333333,23.3566666666667,38.4,19.79,31.533333333333296,17.1,47.26,6.36666666666667,23.9666666666667,22.79,24.26,23.1,30.23,18.5,38.23,6.06666666666667,762.4166666666669,46.66666666666671,5.0,40.0,-4.56666666666667,40.14132065931335,40.14132065931335,270
0,21.73,32.9333333333333,19.79,33.26,23.6,38.4666666666667,19.79,31.463333333333296,17.1666666666667,47.2,6.3,22.76,22.79,24.1333333333333,23.1,30.066666666666695,18.5,38.2,6.03333333333333,762.4333333333329,47.33333333333329,5.0,40.0,-4.43333333333333,44.222519756294794,44.222519756294794,240
0,21.79,33.66,19.79,33.2,23.533333333333296,37.33333333333329,19.79,31.39,17.1,47.09,6.3,23.75,22.823333333333295,24.0,23.1,30.0,18.55,38.2,6.0,762.45,48.0,5.0,40.0,-4.3,14.525003649760036,14.525003649760036,230
0,21.79,33.7,19.79,33.2,23.5,36.05666666666671,19.76,31.4266666666667,17.1,47.09,6.3,25.2233333333333,22.89,23.9266666666667,23.1,29.89,18.566666666666695,38.2,5.96666666666667,762.466666666667,48.66666666666671,5.0,40.0,-4.16666666666667,46.74194437684491,46.74194437684491,190
0,21.79,33.5666666666667,19.79,33.0666666666667,23.5,35.39,19.76,31.566666666666695,17.1,47.0,6.22666666666667,24.823333333333295,22.79,23.6666666666667,23.1,29.823333333333295,18.6,38.03,5.93333333333333,762.483333333333,49.33333333333329,5.0,40.0,-4.03333333333333,11.744090914726256,11.744090914726256,70
0,21.79,33.3333333333333,19.79,32.9,23.5,35.1333333333333,19.73,31.73,17.1666666666667,46.933333333333294,6.19,25.63,22.84,23.575,23.1,29.7,18.533333333333296,38.09,5.9,762.5,50.0,5.0,40.0,-3.9,11.684221716132013,11.684221716132013,50
0,21.79,33.0,19.79,32.8266666666667,23.36,34.7266666666667,19.79,31.93,17.2,46.76,6.1233333333333295,26.63,22.79,23.4266666666667,23.1,29.675,18.6,38.09,5.66666666666667,762.5833333333329,52.0,4.8333333333333295,40.0,-3.6333333333333298,22.87889050785452,22.87889050785452,50
0,21.7,32.645,19.89,32.7233333333333,23.066666666666695,34.3333333333333,19.79,32.0,17.2,46.595,6.06,26.5633333333333,22.79,23.29,23.033333333333296,29.6,18.6,38.09,5.43333333333333,762.6666666666669,54.0,4.66666666666667,40.0,-3.36666666666667,20.106042141560465,20.106042141560465,60
0,21.7,32.4333333333333,19.89,32.39,22.86,34.0666666666667,19.73,31.9266666666667,17.2,46.433333333333294,5.93333333333333,26.956666666666695,22.73,23.29,22.963333333333296,29.6,18.5,38.2,5.2,762.75,56.0,4.5,40.0,-3.1,1.1013643234036863,1.1013643234036863,410
0,21.6333333333333,32.4333333333333,19.79,32.03,22.6666666666667,33.9,19.7,31.8566666666667,17.2,46.223333333333294,5.763333333333329,28.296666666666695,22.6666666666667,23.26,22.89,29.726666666666695,18.566666666666695,38.2,4.96666666666667,762.8333333333329,58.0,4.3333333333333295,40.0,-2.8333333333333295,27.67342026345432,27.67342026345432,340
0,21.6,32.9266666666667,19.73,32.1633333333333,22.6666666666667,34.3,19.7,31.8566666666667,17.2,46.03,5.6233333333333295,29.823333333333295,22.533333333333296,23.2,22.89,30.13,18.5,38.2,4.73333333333333,762.9166666666669,60.0,4.16666666666667,40.0,-2.56666666666667,3.656336502172053,3.656336502172053,280
20,21.6,33.26,19.6666666666667,32.3266666666667,22.96,35.1333333333333,19.7,32.1266666666667,17.26,46.06,5.29666666666667,32.86,22.463333333333296,23.23,22.89,30.53,18.5,38.2,4.5,763.0,62.0,4.0,40.0,-2.3,43.05547772673889,43.05547772673889,300
20,21.6,32.8633333333333,19.6,32.5266666666667,23.1,35.5266666666667,19.7,32.3333333333333,17.2,46.0,4.89666666666667,34.4666666666667,22.323333333333295,23.29,22.89,30.86,18.5,38.23,4.18333333333333,763.0666666666668,64.0,3.8333333333333295,38.0,-2.2,31.750137894414365,31.750137894414365,280
20,21.533333333333296,32.99,19.566666666666695,32.6933333333333,23.23,35.73,19.7,32.53,17.2,45.9666666666667,4.56,36.16,22.1666666666667,23.323333333333295,22.89,31.1333333333333,18.5,38.29,3.86666666666667,763.1333333333331,66.0,3.6666666666666705,36.0,-2.1,45.12686972739175,45.12686972739175,510
20,21.5,33.7566666666667,19.5,33.16,23.2225,35.42,19.7,32.6633333333333,17.2,45.9,4.36666666666667,37.433333333333294,22.033333333333296,23.463333333333296,22.89,31.46,18.5,38.29,3.55,763.2,68.0,3.5,34.0,-2.0,2.3851461824961007,2.3851461824961007,530
20,21.5,34.63,19.39,34.2,23.2,34.9633333333333,19.7,32.79,17.2,46.0666666666667,4.12666666666667,38.9666666666667,21.963333333333296,23.566666666666695,22.89,31.726666666666695,18.5,38.29,3.2333333333333294,763.266666666667,70.0,3.3333333333333295,32.0,-1.9,45.05312967812642,45.05312967812642,210
10,21.5,36.36,19.39,35.9266666666667,23.39,35.06,19.79,32.8333333333333,17.2,46.4,3.9333333333333296,40.1,21.89,23.76,22.89,32.0666666666667,18.5,38.29,2.91666666666667,763.3333333333329,72.0,3.16666666666667,30.0,-1.8,25.786329107359048,25.786329107359048,260
10,21.566666666666695,38.0266666666667,19.39,36.75,23.2633333333333,34.9333333333333,19.79,32.76,17.2,46.8,3.76,41.3966666666667,21.79,24.033333333333296,22.823333333333295,32.1266666666667,18.4266666666667,38.23,2.6,763.4,74.0,3.0,28.0,-1.7,18.370825878810138,18.370825878810138,110
10,21.5,37.83333333333329,19.29,37.0,23.066666666666695,34.8633333333333,19.76,33.1933333333333,17.2,47.19333333333329,3.6266666666666705,42.0633333333333,21.73,24.033333333333296,22.76,32.0966666666667,18.463333333333296,38.26,2.41666666666667,763.4333333333329,74.5,3.0,27.666666666666696,-1.76666666666667,17.999381420668215,17.999381420668215,100
20,21.566666666666695,37.36,19.29,36.8,23.0,34.79,19.7,33.4666666666667,17.2,47.4,3.3,43.045,21.566666666666695,24.033333333333296,22.7,32.43,18.39,38.2,2.2333333333333294,763.466666666667,75.0,3.0,27.3333333333333,-1.8333333333333297,36.35883736424148,36.35883736424148,90
0,21.6,37.06,19.29,36.43,22.76,34.6633333333333,19.7,33.4,17.26,47.4666666666667,2.9,44.5,21.5,24.1666666666667,22.7,32.7666666666667,18.39,38.23,2.05,763.5,75.5,3.0,27.0,-1.9,45.77768557937816,45.77768557937816,80
10,21.6,36.86,19.29,36.29,22.6333333333333,34.53,19.7,33.4,17.29,47.363333333333294,2.5,44.83333333333329,21.3566666666667,24.23,22.76,33.1,18.39,38.29,1.86666666666667,763.533333333333,76.0,3.0,26.666666666666696,-1.9666666666666697,41.07070309109986,41.07070309109986,100
10,21.6,36.69333333333329,19.29,36.1633333333333,22.5,34.5,19.6,33.26,17.23,47.23,1.9,45.7666666666667,21.29,24.3566666666667,22.79,33.4633333333333,18.39,38.29,1.68333333333333,763.5666666666668,76.5,3.0,26.3333333333333,-2.03333333333333,11.493306152988223,11.493306152988223,90
20,21.6,36.3,19.29,36.03,22.4266666666667,34.4333333333333,19.6,33.2,17.5,56.79,1.49333333333333,46.83333333333329,21.2,24.4266666666667,22.79,33.6633333333333,18.39,38.03,1.5,763.6,77.0,3.0,26.0,-2.1,47.49953637365252,47.49953637365252,130
30,21.6,35.9966666666667,19.39,35.89,22.39,34.4,19.6333333333333,33.6666666666667,18.1666666666667,73.73,1.06666666666667,48.7333333333333,21.1333333333333,24.566666666666695,22.79,34.03,18.39,38.03,1.25,763.6,77.5,2.8333333333333295,25.3333333333333,-2.25,13.904176303185523,13.904176303185523,120
20,21.6,35.53,19.39,36.4966666666667,22.39,34.4666666666667,19.9666666666667,34.1333333333333,18.033333333333296,61.0,1.0,51.1266666666667,21.05,24.7,22.79,34.2233333333333,18.39,37.963333333333296,1.0,763.6,78.0,2.66666666666667,24.666666666666696,-2.4,9.387048834469168,9.387048834469168,110
30,21.6,35.4666666666667,19.5,37.09,22.3566666666667,34.6266666666667,20.63,34.06,18.175,54.445,0.5999999999999999,51.23,21.0,24.79,22.79,34.45,18.39,38.09,0.75,763.6,78.5,2.5,24.0,-2.55,21.665932424366478,21.665932424366478,110
20,21.625,35.4,19.5,36.963333333333296,22.29,34.7,21.0966666666667,33.86,18.26,51.0666666666667,0.1333333333333329,51.5633333333333,20.9266666666667,24.8566666666667,22.73,34.6566666666667,18.39,38.2,0.5,763.6,79.0,2.3333333333333295,23.3333333333333,-2.7,49.25455079646781,49.25455079646781,100
20,21.7,35.3266666666667,19.6,36.6633333333333,22.26,34.7,21.6333333333333,33.4966666666667,18.4266666666667,48.59666666666671,-0.4,52.793333333333294,20.8566666666667,24.89,22.79,34.93,18.39,38.26,0.25,763.6,79.5,2.16666666666667,22.666666666666696,-2.85,29.166522598825395,29.166522598825395,80
20,21.79,35.1633333333333,19.6,36.53,22.2,34.7,21.7,32.89,18.5,47.1966666666667,-0.8,53.7333333333333,20.79,24.89,22.79,35.2666666666667,18.3566666666667,38.29,0.0,763.6,80.0,2.0,22.0,-3.0,38.132523198146366,38.132523198146366,80
30,21.79,35.03,19.7,36.4666666666667,22.1,34.7,21.6,32.59,18.6,45.63,-1.06666666666667,54.823333333333295,20.7,25.0,22.79,35.4666666666667,18.29,38.363333333333294,-0.0333333333333333,763.5666666666668,80.8333333333333,1.8333333333333297,21.666666666666696,-2.91666666666667,9.113278042059392,9.113278042059392,80
20,21.823333333333295,34.9666666666667,19.7,36.3266666666667,22.033333333333296,34.6266666666667,21.46,32.4633333333333,18.6666666666667,44.63,-1.26,55.823333333333295,20.6333333333333,25.0,22.73,35.6266666666667,18.3566666666667,38.29,-0.0666666666666667,763.533333333333,81.6666666666667,1.66666666666667,21.3333333333333,-2.8333333333333295,42.51140933483839,42.51140933483839,110
20,21.89,34.9,19.7,36.26,21.963333333333296,34.59,21.39,32.4333333333333,18.73,43.6233333333333,-1.53333333333333,56.7266666666667,20.6,25.033333333333296,22.79,35.7,18.3566666666667,38.29,-0.1,763.5,82.5,1.5,21.0,-2.75,40.19473041407764,40.19473041407764,110
30,21.89,34.76,19.7,36.1266666666667,21.89,34.59,21.323333333333295,32.4333333333333,18.79,43.03,-1.6,57.8,20.533333333333296,25.1,22.79,35.79,18.29,38.29,-0.133333333333333,763.466666666667,83.3333333333333,1.33333333333333,20.666666666666696,-2.66666666666667,7.052971888333559,7.052971888333559,110
20,21.89,34.7,19.7,36.0,21.89,34.645,21.2,32.29,18.823333333333295,42.4,-1.6,59.293333333333294,20.5,25.1333333333333,22.79,35.8633333333333,18.29,38.29,-0.166666666666667,763.4333333333329,84.1666666666667,1.16666666666667,20.3333333333333,-2.5833333333333295,29.90509711671621,29.90509711671621,110
20,21.89,34.56,19.7,36.0,21.8566666666667,34.6633333333333,21.1,32.2,18.89,42.0666666666667,-1.6975,59.795,20.4266666666667,25.2,22.79,36.09,18.29,38.29,-0.2,763.4,85.0,1.0,20.0,-2.5,15.882947272621095,15.882947272621095,100
30,21.89,34.4333333333333,19.745,35.845,21.79,34.53,21.1,32.2,19.0,41.6,-1.93,60.2333333333333,20.39,25.23,22.79,36.223333333333294,18.29,38.23,-0.4,763.466666666667,85.8333333333333,1.16666666666667,27.166666666666696,-2.55,25.680954090785235,25.680954090785235,90
20,21.963333333333296,34.5,19.76,35.9633333333333,21.79,34.53,21.0,32.1933333333333,19.0,41.3266666666667,-1.76,62.36,20.39,25.43,22.823333333333295,36.36,18.29,38.1633333333333,-0.6,763.533333333333,86.6666666666667,1.33333333333333,34.3333333333333,-2.6,23.60857075545937,23.60857075545937,60
20,21.89,34.7,19.7,36.1633333333333,21.73,34.7233333333333,21.0,32.5266666666667,19.0,41.4,-1.76,62.5666666666667,20.39,25.86,22.823333333333295,36.5,18.29,38.09,-0.8,763.6,87.5,1.5,41.5,-2.65,40.63785596517845,40.63785596517845,50
0,20.1,39.6633333333333,19.445,39.6,20.5,38.5,21.26,37.1633333333333,18.39,46.3266666666667,6.425,55.4725,18.5,36.33,19.79,41.1,18.29,40.1266666666667,5.91666666666667,746.5499999999998,72.8333333333333,6.66666666666667,40.0,1.33333333333333,28.646798490080982,28.646798490080982,70
0,20.1666666666667,39.59,19.65,39.27,20.4266666666667,38.433333333333294,21.2,37.03,18.39,46.4666666666667,6.56,55.3,18.5,35.5633333333333,19.79,41.433333333333294,18.2,38.7966666666667,6.2,746.5,70.0,7.0,40.0,1.1,26.65119123412296,26.65119123412296,90
10,20.2,39.4666666666667,19.76,38.8,20.5,38.5,21.29,37.09,18.3566666666667,46.5,6.69,55.0933333333333,18.5,35.0966666666667,19.79,41.2,18.2,38.723333333333294,6.25,746.5,69.3333333333333,7.3333333333333295,40.0,1.0,28.66158720571548,28.66158720571548,60
0,20.2,39.2666666666667,19.9266666666667,38.4,20.5,38.433333333333294,21.29,37.09,18.3566666666667,46.433333333333294,6.69,53.9,18.5,34.44,19.79,41.1266666666667,18.26,40.863333333333294,6.3,746.5,68.6666666666667,7.666666666666669,40.0,0.9,8.008656383026391,8.008656383026391,190
0,20.23,39.1266666666667,20.066666666666695,38.2,20.5,38.433333333333294,21.29,36.9,18.29,46.463333333333296,6.93333333333333,52.8266666666667,18.5,33.9,19.79,40.9,18.26,40.723333333333294,6.35,746.5,68.0,8.0,40.0,0.8,22.968829644378275,22.968829644378275,230
0,20.29,39.2,20.23,38.0,20.566666666666695,38.5,21.29,36.8266666666667,18.3566666666667,46.6633333333333,7.12666666666667,50.5666666666667,18.5,33.5666666666667,19.79,40.7666666666667,18.29,41.19333333333329,6.4,746.5,67.3333333333333,8.33333333333333,40.0,0.7,31.72149440506473,31.72149440506473,130
0,20.323333333333295,39.1633333333333,20.3566666666667,37.86,20.6,38.4666666666667,21.26,36.6633333333333,18.29,46.845,7.72666666666667,50.7666666666667,18.6,33.2233333333333,19.79,40.19333333333329,18.29,41.6,6.45,746.5,66.6666666666667,8.66666666666667,40.0,0.6,46.38436725363135,46.38436725363135,60
0,20.39,39.09,20.39,38.23,20.6,38.4,21.2,36.59,18.29,47.0,8.0,48.2333333333333,18.6,32.9633333333333,19.79,39.933333333333294,18.29,42.03,6.5,746.5,66.0,9.0,40.0,0.5,25.99539811490104,25.99539811490104,90
0,20.463333333333296,39.4,20.463333333333296,38.23,20.6,38.4,21.2,36.7,18.29,47.0,8.03333333333333,43.9666666666667,18.6,32.7233333333333,19.79,39.7966666666667,18.3566666666667,42.1633333333333,6.71666666666667,746.4333333333329,64.8333333333333,9.0,40.0,0.45,15.951656701508908,15.951656701508908,120
0,20.463333333333296,39.5266666666667,20.5,38.49,20.6,38.4,21.15,36.6725,18.29,47.09,8.16,43.3,18.6,32.4633333333333,19.79,39.463333333333296,18.39,42.2,6.93333333333333,746.366666666667,63.66666666666671,9.0,40.0,0.4,0.3041298827156424,0.3041298827156424,70
0,20.55,40.45,20.5,38.23,20.6,38.4,21.2,36.53,18.23,47.03,8.099999999999998,41.1966666666667,18.6,32.2233333333333,19.79,39.223333333333294,18.39,42.26,7.15,746.2999999999998,62.5,9.0,40.0,0.35,48.2847235049121,48.2847235049121,60
0,20.6333333333333,41.9266666666667,20.5,38.1266666666667,20.6,38.6266666666667,21.2,36.59,18.2,47.1266666666667,8.16,40.723333333333294,18.6666666666667,32.03,19.79,39.03,18.39,42.23,7.366666666666669,746.233333333333,61.33333333333329,9.0,40.0,0.3,31.435864488594238,31.435864488594238,110
0,20.7,41.66666666666671,20.5,38.2,20.6666666666667,38.76,21.2,36.59,18.2,47.26,8.3,38.63,18.79,31.6933333333333,19.823333333333295,38.863333333333294,18.39,42.23,7.5833333333333295,746.1666666666669,60.16666666666671,9.0,40.0,0.25,33.616651163902134,33.616651163902134,70
0,20.7,40.46,20.4266666666667,38.09,20.7,38.79,21.29,36.6566666666667,18.2,47.29,8.359999999999998,36.2966666666667,18.8566666666667,31.4266666666667,19.89,38.73,18.39,42.1633333333333,7.8,746.1,59.0,9.0,40.0,0.2,43.39389867382124,43.39389867382124,140
0,20.7,40.2,20.5,37.963333333333296,20.7,38.79,21.29,36.93,18.2,47.29,8.46,34.5566666666667,19.0,31.1666666666667,20.0,38.33333333333329,18.39,42.09,7.93333333333333,745.9333333333329,58.16666666666671,8.83333333333333,40.0,0.133333333333333,30.6613291031681,30.6613291031681,70
0,20.79,40.1966666666667,20.5,37.7,20.7,38.59,21.29,37.69333333333329,18.2,47.2,8.599999999999998,34.6966666666667,19.066666666666695,31.033333333333296,20.075,38.07,18.39,42.09,8.06666666666667,745.766666666667,57.33333333333329,8.66666666666667,40.0,0.0666666666666667,17.289865796919912,17.289865796919912,50
0,20.79,40.33,20.5,37.7,20.7,38.723333333333294,21.29,37.8266666666667,18.2,47.1266666666667,8.79333333333333,35.8,19.1,30.79,20.1,37.9,18.39,42.0,8.199999999999998,745.6,56.5,8.5,40.0,0.0,6.498214788734913,6.498214788734913,50
0,20.89,39.9,20.5,37.6266666666667,20.7,39.03,21.23,37.4,18.2,47.09,9.06666666666667,36.5266666666667,19.1,30.73,20.1,37.723333333333294,18.39,42.0,8.33333333333333,745.4333333333329,55.66666666666671,8.33333333333333,40.0,-0.0666666666666667,44.78085758164525,44.78085758164525,60
0,20.89,39.5,20.463333333333296,37.4,20.7,39.09,21.23,37.3266666666667,18.2,47.03,9.4,34.29,19.2,30.566666666666695,20.1666666666667,37.59,18.39,41.9666666666667,8.46666666666667,745.266666666667,54.83333333333329,8.16666666666667,40.0,-0.133333333333333,18.3134034043178,18.3134034043178,50
0,20.89,38.99,20.39,37.1266666666667,20.7,39.06,21.2,37.06,18.2,46.9,9.72666666666667,32.4566666666667,19.2,30.4266666666667,20.1666666666667,37.4,18.39,41.9,8.599999999999998,745.1,54.0,8.0,40.0,-0.2,27.516997035127133,27.516997035127133,150
0,20.963333333333296,38.79,20.39,36.9666666666667,20.7,38.933333333333294,21.1333333333333,36.66666666666671,18.2,46.8266666666667,9.93333333333333,31.3966666666667,19.2,30.26,20.1,37.3266666666667,18.39,41.9,8.38333333333333,744.9,57.0,8.33333333333333,40.0,0.266666666666667,49.682217941153795,49.682217941153795,40
0,21.033333333333296,38.9,20.39,36.9,20.7,38.76,21.1,36.1,18.1333333333333,46.6633333333333,10.1966666666667,31.656666666666695,19.2,30.2,20.1333333333333,37.3266666666667,18.39,41.9,8.16666666666667,744.7,60.0,8.66666666666667,40.0,0.733333333333333,42.997133219614625,42.997133219614625,80
0,21.1666666666667,39.9,20.463333333333296,36.53,20.7,38.7,21.033333333333296,35.7666666666667,18.2,46.59,10.6633333333333,30.8566666666667,19.34,30.15,20.3266666666667,37.5266666666667,18.39,41.9,7.95,744.5,63.0,9.0,40.0,1.2,15.789504372514784,15.789504372514784,80
0,21.1666666666667,37.5933333333333,20.323333333333295,35.4566666666667,20.6666666666667,38.6333333333333,20.963333333333296,35.5633333333333,18.1666666666667,46.5,10.59,31.06,19.39,29.963333333333296,20.533333333333296,37.59,18.39,41.8266666666667,7.733333333333332,744.2999999999998,66.0,9.33333333333333,40.0,1.66666666666667,24.337616050615903,24.337616050615903,100
10,21.1,37.0666666666667,20.23,35.3266666666667,20.6,38.36,20.89,35.23,18.1666666666667,46.36,9.79666666666667,38.2666666666667,19.39,29.963333333333296,20.6666666666667,37.6633333333333,18.39,41.79,7.51666666666667,744.1,69.0,9.66666666666667,40.0,2.13333333333333,20.902234409004446,20.902234409004446,70
0,21.1333333333333,36.9666666666667,20.29,35.4,20.6,38.1333333333333,20.823333333333295,35.1266666666667,18.15,46.045,9.733333333333329,42.2333333333333,19.4266666666667,30.1333333333333,20.823333333333295,37.86,18.463333333333296,41.863333333333294,7.3,743.9,72.0,10.0,40.0,2.6,26.902081526350226,26.902081526350226,70
0,21.2,36.9666666666667,20.29,35.5,20.6,37.86,20.823333333333295,35.1266666666667,18.1666666666667,45.863333333333294,9.793333333333328,41.5,19.5,30.2,20.963333333333296,37.86,18.463333333333296,41.863333333333294,7.46666666666667,743.7,70.5,9.83333333333333,38.16666666666669,2.41666666666667,3.7552473717369135,3.7552473717369135,70
0,21.29,37.09,20.29,35.56,20.6,37.56,20.79,35.1266666666667,18.1666666666667,45.73,8.733333333333329,51.2266666666667,19.6,30.323333333333295,21.033333333333296,37.8266666666667,18.463333333333296,41.863333333333294,7.633333333333329,743.5,69.0,9.66666666666667,36.33333333333329,2.2333333333333294,15.246080385986716,15.246080385986716,80
0,21.29,37.03,20.29,35.73,20.6,37.433333333333294,20.79,35.2675,18.1333333333333,45.59,8.66,51.3,19.6666666666667,30.463333333333296,21.1,37.8266666666667,18.5,41.9,7.8,743.2999999999998,67.5,9.5,34.5,2.05,13.596664264332505,13.596664264332505,60
0,21.29,37.09,20.29,35.8633333333333,20.65,37.4,20.73,35.23,18.1333333333333,45.53,8.83,47.29,19.7,30.533333333333296,21.2,37.6633333333333,18.5,41.9,7.96666666666667,743.1,66.0,9.33333333333333,32.66666666666669,1.86666666666667,40.911146777216345,40.911146777216345,70
0,21.29,37.0,20.29,35.9333333333333,20.7,37.363333333333294,20.7,35.2,18.1,45.5,9.09,44.8966666666667,19.7,30.533333333333296,21.1333333333333,37.59,18.5,41.863333333333294,8.13333333333333,742.9,64.5,9.16666666666667,30.8333333333333,1.68333333333333,4.416268283966929,4.416268283966929,60
0,21.29,37.0,20.29,35.9333333333333,20.7,37.29,20.6333333333333,35.0666666666667,18.1,45.5,9.66666666666667,40.3266666666667,19.6,30.3566666666667,21.1,37.4666666666667,18.5,41.79,8.3,742.7,63.0,9.0,29.0,1.5,17.459353548474606,17.459353548474606,60
0,21.29,36.9666666666667,20.26,35.8333333333333,20.7,37.29,20.6,34.93,18.1,45.4,9.8,36.8,19.6,30.23,21.1,37.4,18.5,41.76,8.05,742.6333333333331,64.1666666666667,9.16666666666667,28.166666666666696,1.53333333333333,42.59356337133795,42.59356337133795,60
0,21.29,36.9,20.26,35.7,20.6333333333333,37.23,20.6,34.79,18.1,45.3266666666667,9.86,34.39,19.6,30.066666666666695,21.1,37.2,18.5,41.7,7.8,742.5666666666668,65.3333333333333,9.33333333333333,27.3333333333333,1.56666666666667,49.01755341561511,49.01755341561511,60
0,21.23,36.79,20.1666666666667,35.59,20.6,37.2,20.566666666666695,34.7,18.1,45.26,9.72666666666667,33.9966666666667,19.6,29.9266666666667,21.1,37.2,18.445,41.645,7.55,742.5,66.5,9.5,26.5,1.6,44.98733342625201,44.98733342625201,80
0,21.23,36.59666666666671,20.075,35.5675,20.6,37.2,20.5,34.7,18.1,45.2,8.945,40.45,19.5,29.823333333333295,21.1,37.595,18.463333333333296,41.6333333333333,7.3,742.4333333333329,67.6666666666667,9.66666666666667,25.666666666666696,1.63333333333333,16.63182358024642,16.63182358024642,80
0,21.1666666666667,36.29,20.0,35.5,20.5,37.2,20.39,34.73,18.1,45.2,7.8,51.03,19.5,29.963333333333296,21.1333333333333,38.1333333333333,18.463333333333296,41.5,7.05,742.366666666667,68.8333333333333,9.83333333333333,24.8333333333333,1.66666666666667,30.378140986431394,30.378140986431394,80
0,21.1,36.363333333333294,19.89,35.6266666666667,20.5,37.2,20.39,34.79,18.1,45.2,7.133333333333329,57.4233333333333,19.39,30.066666666666695,21.26,38.86,18.4266666666667,41.433333333333294,6.8,742.2999999999998,70.0,10.0,24.0,1.7,13.223045028280467,13.223045028280467,80
0,21.1,36.53,19.823333333333295,35.7,20.5,37.2,20.3566666666667,34.9333333333333,18.1,45.09,5.82666666666667,62.033333333333296,19.39,30.26,21.29,39.83,18.4266666666667,41.5,6.3333333333333295,742.3333333333329,72.6666666666667,9.66666666666667,26.666666666666696,1.71666666666667,25.787735846824944,25.787735846824944,70
0,21.1,36.59,19.7,35.8266666666667,20.5,37.26,20.29,35.06,18.033333333333296,45.03,5.03333333333333,66.0333333333333,19.29,30.4266666666667,21.29,40.223333333333294,18.39,41.5,5.86666666666667,742.366666666667,75.3333333333333,9.33333333333333,29.3333333333333,1.73333333333333,10.87157049914822,10.87157049914822,80
0,21.0,36.5,19.7,35.9666666666667,20.5,37.23,20.2,35.0,18.1,45.06,4.8,68.5966666666667,19.29,30.5,21.323333333333295,40.59,18.39,41.5,5.4,742.4,78.0,9.0,32.0,1.75,5.232639505993575,5.232639505993575,90
0,21.0,36.56,19.6,36.0666666666667,20.5,37.29,20.2,35.06,18.033333333333296,45.0,4.8,69.3966666666667,19.2,30.55,21.39,40.53,18.39,41.4666666666667,4.93333333333333,742.4333333333329,80.6666666666667,8.66666666666667,34.66666666666669,1.76666666666667,27.235444088000804,27.235444088000804,80
0,20.9266666666667,36.6266666666667,19.6,36.26,20.5,37.29,20.1,35.1266666666667,18.066666666666695,44.9666666666667,4.93333333333333,70.03,19.2,30.6333333333333,21.533333333333296,40.4,18.39,41.4,4.46666666666667,742.466666666667,83.3333333333333,8.33333333333333,37.33333333333329,1.78333333333333,48.263187461998314,48.263187461998314,110
0,21.0,36.76,19.7,36.5,20.5,37.29,20.1,35.2,18.066666666666695,44.9666666666667,4.93333333333333,70.03,19.1333333333333,30.76,21.6,40.2666666666667,18.39,41.433333333333294,4.0,742.5,86.0,8.0,40.0,1.8,40.40067973546684,40.40067973546684,120
0,20.963333333333296,36.76,19.7,36.5,20.5,37.29,20.1,35.29,18.05,44.845,4.86666666666667,70.3666666666667,19.1,30.823333333333295,21.6333333333333,40.0,18.39,41.5,3.9166666666666705,742.516666666667,86.8333333333333,7.5,40.0,1.86666666666667,21.584555448498577,21.584555448498577,120
30,20.2128571428571,38.3528571428571,19.39,37.45,19.937142857142895,37.8528571428571,21.9214285714286,37.0,18.0,45.0,6.1233333333333295,83.69499999999998,18.7514285714286,32.1214285714286,20.29,39.29,18.478,41.518,5.86666666666667,747.6666666666669,80.6666666666667,5.3333333333333295,29.3333333333333,2.66666666666667,27.8257024474442,27.8257024474442,80
20,20.27,38.3511111111111,19.39,37.29,20.0,37.79,22.0,37.0,18.0,45.0,6.28777777777778,83.9,18.79,32.0128571428571,20.29,39.2,18.463333333333296,41.56,6.15,747.75,78.5,5.5,32.0,2.55,12.687589798588304,12.687589798588304,250
30,20.3328571428571,38.854285714285695,19.5,37.475,20.0,37.837142857142894,22.0,36.975,18.0,44.9125,6.3333333333333295,83.96666666666668,18.84,32.0225,20.34125,39.05625,18.5,41.7642857142857,6.43333333333333,747.8333333333329,76.3333333333333,5.66666666666667,34.66666666666669,2.43333333333333,29.009181435685605,29.009181435685605,80
20,20.437142857142895,38.8085714285714,19.5,37.5,20.0625,37.9625,22.042857142857095,37.0385714285714,18.0,44.9285714285714,6.4,83.19333333333331,19.1142857142857,31.847142857142895,20.533333333333296,38.9133333333333,18.5,41.8175,6.71666666666667,747.9166666666669,74.1666666666667,5.8333333333333295,37.33333333333329,2.31666666666667,40.81262873951346,40.81262873951346,90
20,20.55,38.6225,19.5625,37.5,20.1,38.0,22.1,37.0257142857143,17.9725,44.975,6.52,81.075,19.29375,31.68375,20.6971428571429,38.6814285714286,18.5,41.9,7.0,748.0,72.0,6.0,40.0,2.2,15.422440913971512,15.422440913971512,330
30,20.6714285714286,38.4,19.6,37.5,20.2,37.975,22.1,36.8828571428571,17.9842857142857,45.0,6.98,79.5066666666667,19.452857142857095,31.4685714285714,20.847142857142895,38.3685714285714,18.5,41.9,6.8333333333333295,748.0499999999998,73.0,6.0,40.0,2.2333333333333294,30.86222872370854,30.86222872370854,100
20,20.7,38.28,19.7,37.59,20.2,37.9,22.125,36.73375,17.98625,45.0,7.1688888888888895,74.9166666666667,19.5,31.3614285714286,20.89,38.2257142857143,18.5,41.9,6.66666666666667,748.1,74.0,6.0,40.0,2.2666666666666706,6.246475502848625,6.246475502848625,430
20,20.7514285714286,38.064285714285695,19.7,37.59,20.2,37.9,22.1857142857143,36.7,17.9842857142857,45.0,7.37,70.2542857142857,19.5285714285714,31.277142857142895,20.952857142857095,38.064285714285695,18.5125,41.9,6.5,748.15,75.0,6.0,40.0,2.3,30.573469575028863,30.573469575028863,80
30,20.8275,37.92375,19.77875,37.49875,20.2,37.9,22.2,36.5957142857143,17.95875,45.0,7.53,66.7266666666667,19.7225,31.175,21.1142857142857,37.9271428571429,18.542857142857095,41.837142857142894,6.3333333333333295,748.2,76.0,6.0,40.0,2.3333333333333295,13.57054099207744,13.57054099207744,240
20,20.9214285714286,37.7385714285714,19.79,37.3685714285714,20.2,37.9,22.2,36.4285714285714,17.9842857142857,45.0257142857143,7.93625,64.74625,19.8614285714286,31.0257142857143,21.2385714285714,37.7228571428571,18.6,41.75625,6.16666666666667,748.25,77.0,6.0,40.0,2.36666666666667,9.803092363290489,9.803092363290489,260
0,21.0,37.68428571428569,19.89,37.2675,20.2,37.97142857142861,22.2225,36.3175,18.0,45.0,8.3,61.9966666666667,19.945,30.85375,21.29,37.564285714285695,18.6,41.7,6.0,748.2999999999998,78.0,6.0,40.0,2.4,22.076822526287287,22.076822526287287,70
10,21.0714285714286,37.577142857142896,19.89,37.2,20.2,38.0,22.2,36.0828571428571,18.0,45.0,8.02571428571429,63.2071428571429,20.0,30.73,21.29,37.4128571428571,18.6,41.63125,6.28333333333333,748.35,76.6666666666667,5.66666666666667,40.0,2.41666666666667,35.23652694420889,35.23652694420889,80
0,21.0857142857143,37.47,19.89,37.27,20.2,38.0,22.075,35.785,18.0,45.0,7.12666666666667,65.5966666666667,19.95875,30.6875,21.264285714285695,37.2642857142857,18.6,41.7,6.56666666666667,748.4,75.3333333333333,5.3333333333333295,40.0,2.43333333333333,3.776278265286237,3.776278265286237,60
0,21.075,37.245,19.952857142857095,37.2257142857143,20.21125,37.9125,21.9685714285714,35.5,17.93125,44.9625,6.4414285714285695,64.6714285714286,19.8614285714286,30.6,21.2,37.1685714285714,18.6,41.7,6.85,748.45,74.0,5.0,40.0,2.45,9.207036299631,9.207036299631,60
0,21.1,37.2,20.0,37.1371428571429,20.277142857142895,37.8214285714286,21.89,35.2675,17.9214285714286,44.9,6.34,64.116,19.865,30.525,21.2,37.09,18.6,41.65875,7.133333333333329,748.5,72.6666666666667,4.66666666666667,40.0,2.4666666666666694,20.196796744130552,20.196796744130552,200
0,21.1714285714286,37.11428571428569,20.0,36.95,20.29,37.79,21.79,34.9333333333333,17.89,44.845,6.634,63.418,20.06,30.35,21.3566666666667,36.9966666666667,18.6,41.5514285714286,7.416666666666669,748.5499999999998,71.3333333333333,4.3333333333333295,40.0,2.4833333333333294,38.665099756326526,38.665099756326526,400
0,21.2128571428571,37.0385714285714,20.0,36.8214285714286,20.29,37.7,21.79,34.9,17.945,44.79,6.95,63.3,20.26875,30.24375,21.4971428571429,36.7642857142857,18.6375,41.53375,7.7,748.6,70.0,4.0,40.0,2.5,48.93265995196998,48.93265995196998,100
0,21.29,37.09,20.0625,36.85875,20.3328571428571,37.7,21.75625,34.9,17.9842857142857,44.79,7.344999999999998,61.55,20.437142857142895,30.1571428571429,21.6714285714286,36.59,18.7,41.5,7.71666666666667,748.65,69.0,4.16666666666667,40.0,2.31666666666667,10.885325272101907,10.885325272101907,50
0,21.375714285714295,37.01,20.1,36.82428571428569,20.39,37.59,21.7,34.845,17.9725,44.79,7.8375,57.14,20.525,29.9825,21.745,36.4375,18.7,41.47142857142861,7.733333333333332,748.7,68.0,4.3333333333333295,40.0,2.13333333333333,7.716979237738995,7.716979237738995,50
0,21.39,36.837142857142894,20.0857142857143,36.7257142857143,20.39,37.55,21.6222222222222,34.6044444444444,17.9511111111111,44.77,7.768571428571429,54.91,20.48625,29.84,21.7,36.28125,18.6625,41.4625,7.75,748.75,67.0,4.5,40.0,1.95,17.428531870245934,17.428531870245934,60
0,21.39,36.62,20.0,36.6057142857143,20.452857142857095,37.5514285714286,21.5571428571429,34.4857142857143,17.95875,44.71125,7.53375,54.07,20.39,29.65,21.65,36.1175,18.6285714285714,41.4285714285714,7.76666666666667,748.7999999999998,66.0,4.66666666666667,40.0,1.76666666666667,4.756112291943282,4.756112291943282,50
0,21.39,36.4571428571429,20.0,36.59,20.4266666666667,37.433333333333294,21.463333333333296,34.3633333333333,17.89,44.7,7.474999999999999,54.77,20.39,29.58,21.62,36.0,18.6142857142857,41.4142857142857,7.78333333333333,748.85,65.0,4.8333333333333295,40.0,1.58333333333333,31.866922066546977,31.866922066546977,40
0,21.4266666666667,36.4,20.0,36.5,20.5,37.5,21.4214285714286,34.3214285714286,17.89,44.6371428571429,7.568749999999999,55.3225,20.4725,29.5,21.7128571428571,35.9285714285714,18.6714285714286,41.4,7.8,748.9,64.0,5.0,40.0,1.4,13.439924828708172,13.439924828708172,50
0,21.5,36.337142857142894,20.0,36.4285714285714,20.5,37.4,21.39,34.3528571428571,17.9685714285714,44.59,7.62,57.75428571428569,20.5,29.452857142857095,21.79,35.7483333333333,18.7,41.4,7.666666666666669,748.95,64.3333333333333,4.8333333333333295,40.0,1.35,14.029692474287003,14.029692474287003,50
0,21.5,36.1942857142857,20.0,36.4,20.5,37.3175,21.3025,34.38625,17.89,44.5675,7.48888888888889,58.7866666666667,20.4685714285714,29.452857142857095,21.7225,35.995,18.7,41.4,7.53333333333333,749.0,64.6666666666667,4.66666666666667,40.0,1.3,42.35906105022877,42.35906105022877,70
0,21.5,36.1371428571429,20.0,36.4285714285714,20.5222222222222,37.23,21.2675,34.3725,17.9755555555556,44.5,7.371428571428569,58.3514285714286,20.39,29.39,21.77875,36.3225,18.65,41.345,7.4,749.0499999999998,65.0,4.5,40.0,1.25,41.91551492549479,41.91551492549479,80
0,21.4685714285714,36.407142857142894,20.0,36.47142857142861,20.6,37.09,21.2,34.33125,17.9371428571429,44.5,7.03125,58.0825,20.347142857142895,29.437142857142895,21.79,36.6114285714286,18.6428571428571,41.3114285714286,7.26666666666667,749.1,65.3333333333333,4.3333333333333295,40.0,1.2,10.124652937520295,10.124652937520295,230
0,21.5,37.1214285714286,20.0,36.53,20.6,37.1633333333333,21.2,34.44,17.9633333333333,44.5,6.97142857142857,59.4385714285714,20.39,29.5,21.89,36.92,18.6428571428571,41.25428571428569,7.133333333333329,749.15,65.6666666666667,4.16666666666667,40.0,1.15,4.057070869021118,4.057070869021118,280
0,21.6,39.11,20.0,37.42,20.6,37.4114285714286,21.1,34.55625,17.9371428571429,44.6214285714286,7.05625,57.9675,20.365,29.4175,21.9685714285714,37.0,18.7,41.29,7.0,749.2,66.0,4.0,40.0,1.1,46.26798548270017,46.26798548270017,240
0,21.7,39.283333333333296,20.0,38.3685714285714,20.6875,37.8,21.0714285714286,34.5642857142857,17.945,44.94375,7.07875,53.8075,20.39,29.28,22.0857142857143,37.0128571428571,18.7,41.2385714285714,6.85,749.266666666667,67.0,3.6666666666666705,40.0,1.13333333333333,10.99326373077929,10.99326373077929,220
0,21.6571428571429,40.8128571428571,20.0714285714286,38.74,20.7,38.06,21.0166666666667,34.515,18.0,45.28,6.871428571428569,53.7514285714286,20.3066666666667,29.2,22.12,37.036,18.675,41.1725,6.7,749.3333333333329,68.0,3.3333333333333295,40.0,1.16666666666667,5.109073629137129,5.109073629137129,100
0,21.6,39.3685714285714,20.0571428571429,38.72,20.7,38.2,21.0,34.5,18.0,45.515,6.7175,54.2975,20.29,29.18,22.2,36.9833333333333,18.6714285714286,41.1685714285714,6.55,749.4,69.0,3.0,40.0,1.2,30.820035038050264,30.820035038050264,110
0,21.6142857142857,38.8214285714286,20.0,38.4257142857143,20.7,38.156,20.978,34.5,18.0,45.612,6.545,54.58375,20.218,29.04,22.2675,36.925,18.6,41.09,6.4,749.466666666667,70.0,2.66666666666667,40.0,1.23333333333333,18.832159263547506,18.832159263547506,110
0,21.6428571428571,38.454285714285696,20.0,38.2642857142857,20.7,38.0514285714286,20.89,34.57875,17.9725,45.65875,6.3875,55.41,20.2,29.0571428571429,22.34,37.0,18.6285714285714,41.09,6.25,749.533333333333,71.0,2.3333333333333295,40.0,1.26666666666667,30.260680546052757,30.260680546052757,120
0,21.6,38.07,20.0,38.1371428571429,20.7,37.95,20.8614285714286,34.6528571428571,18.0,45.577142857142896,6.34285714285714,56.4214285714286,20.1285714285714,29.1,22.39,37.0,18.6142857142857,41.0128571428571,6.1,749.6,72.0,2.0,40.0,1.3,13.477115950081496,13.477115950081496,90
0,21.6428571428571,37.9228571428571,19.90375,37.99625,20.7,37.8114285714286,20.79,34.7675,17.9057142857143,45.5128571428571,6.4,56.9075,20.075,29.075,22.39,37.09,18.6142857142857,41.0128571428571,5.81666666666667,749.6833333333329,73.1666666666667,2.16666666666667,40.0,1.26666666666667,35.152386827394366,35.152386827394366,110
10,21.6,37.6266666666667,19.89,37.845,20.7,37.6725,20.79,34.8528571428571,17.89,45.4,6.29625,55.845,20.0,29.014285714285695,22.39,37.09,18.6428571428571,41.0385714285714,5.53333333333333,749.766666666667,74.3333333333333,2.3333333333333295,40.0,1.23333333333333,14.312447642441837,14.312447642441837,90
10,21.6,37.6685714285714,19.89,37.6925,20.7257142857143,37.59,20.75625,34.73375,17.9528571428571,45.2642857142857,5.89625,54.925,19.9685714285714,29.1,22.39,37.09,18.6,41.0,5.25,749.85,75.5,2.5,40.0,1.2,23.90378514537588,23.90378514537588,90
0,21.6142857142857,37.7642857142857,19.89,37.5385714285714,20.75625,37.59,20.7,34.7828571428571,17.89,45.2,5.565714285714289,56.2514285714286,19.89,29.1,22.3614285714286,37.1528571428571,18.6,41.09,4.96666666666667,749.9333333333329,76.6666666666667,2.66666666666667,40.0,1.16666666666667,14.303594455122948,14.303594455122948,90
10,21.6222222222222,37.5944444444444,19.90375,37.45,20.79,37.5,20.7,34.9428571428571,17.89,45.2,5.095,59.477,19.823333333333295,29.0833333333333,22.29,37.3266666666667,18.6,41.09,4.68333333333333,750.016666666667,77.8333333333333,2.8333333333333295,40.0,1.13333333333333,15.57235913351178,15.57235913351178,80
10,21.6571428571429,37.54,20.0,37.4,20.79,37.4,20.6,35.08,17.89,45.2,4.4975,61.295,19.79,29.2,22.29,37.3114285714286,18.6,41.09,4.4,750.1,79.0,3.0,40.0,1.1,0.0532922800630331,0.0532922800630331,80
0,22.0,36.5257142857143,20.0857142857143,37.0928571428571,20.7257142857143,37.9,19.79,35.29,18.89,52.75625,2.23125,77.68,19.0625,31.5625,21.452857142857095,43.08,18.5,39.7,3.2,747.0,82.0,4.0,40.0,0.3,12.794116302393377,12.794116302393377,50
0,21.9214285714286,36.4857142857143,20.0,37.0,20.7225,37.9,19.79,35.29,18.8185714285714,52.7257142857143,2.44875,77.15999999999998,19.066666666666695,31.566666666666695,21.4214285714286,43.5828571428571,18.4685714285714,39.7642857142857,3.3333333333333295,746.8333333333329,81.1666666666667,4.16666666666667,40.0,0.28333333333333294,34.546148509252816,34.546148509252816,50
0,21.89,36.4285714285714,19.937142857142895,36.9571428571429,20.79,37.9,19.79,35.29,18.79,52.7,2.6085714285714294,76.34999999999998,19.025,31.5625,21.39,43.7385714285714,18.5,39.8528571428571,3.4666666666666694,746.6666666666669,80.3333333333333,4.3333333333333295,40.0,0.266666666666667,8.363006927538663,8.363006927538663,50
0,21.83,36.378,19.89,36.9,20.79,37.9,19.73375,35.29,18.79,52.7,2.83125,75.35875,19.0,31.6,21.39,43.97142857142861,18.4842857142857,39.9285714285714,3.6,746.5,79.5,4.5,40.0,0.25,36.38541135005653,36.38541135005653,60
10,21.79,36.29,19.8328571428571,36.9,20.79,37.9285714285714,19.7,35.29,18.79,52.7514285714286,2.9625,74.29375,19.0,31.575,21.3614285714286,44.064285714285695,18.4685714285714,39.97142857142861,3.7333333333333294,746.3333333333329,78.6666666666667,4.66666666666667,40.0,0.233333333333333,38.62134845694527,38.62134845694527,40
0,21.79,36.29,19.79,36.9,20.79,37.9,19.7,35.3175,18.7257142857143,52.7257142857143,3.13714285714286,73.1614285714286,19.0,31.6,21.3042857142857,44.3928571428571,18.4842857142857,40.037142857142896,3.86666666666667,746.1666666666669,77.8333333333333,4.8333333333333295,40.0,0.216666666666667,18.25308237457648,18.25308237457648,50
0,21.7128571428571,36.29,19.7128571428571,36.8685714285714,20.79,37.9,19.7,35.29,18.7,52.7,3.25625,71.88375,19.0,31.6,21.3042857142857,44.7228571428571,18.5,40.09,4.0,746.0,77.0,5.0,40.0,0.2,37.554210319649435,37.554210319649435,40
0,21.7,36.2257142857143,19.7,36.884285714285696,20.79,38.0,19.7,35.29,18.6571428571429,52.6528571428571,3.3725,70.25,19.0,31.6285714285714,21.29,44.9,18.5,40.18625,4.06666666666667,745.8333333333329,76.3333333333333,5.5,40.0,0.15,28.197295614518225,28.197295614518225,40
0,21.6333333333333,36.2,19.6571428571429,36.884285714285696,20.79,37.925,19.7,35.29,18.6888888888889,52.6877777777778,3.4625,68.93125,18.963333333333296,31.6,21.29,44.8475,18.5,40.245,4.133333333333329,745.6666666666669,75.6666666666667,6.0,40.0,0.1,45.13022975297645,45.13022975297645,50
0,21.6,36.09,19.6,36.884285714285696,20.79,38.0,19.6777777777778,35.29,18.6,52.5675,3.59,67.6175,18.9175,31.6875,21.27,44.7255555555556,18.5,40.3528571428571,4.2,745.5,75.0,6.5,40.0,0.05,46.26340677496046,46.26340677496046,50
0,21.6,36.09,19.5714285714286,36.94285714285711,20.815,38.03375,19.6285714285714,35.29,18.6,52.564285714285695,3.6725,66.70875,18.937142857142895,31.6571428571429,21.2385714285714,44.6371428571429,18.5,40.44285714285711,4.26666666666667,745.3333333333329,74.3333333333333,7.0,40.0,0.0,42.05954249482602,42.05954249482602,50
0,21.514285714285695,36.09,19.5,37.0,20.8185714285714,38.064285714285695,19.6,35.29,18.55,52.57875,3.8685714285714305,65.6657142857143,18.9175,31.625,21.2,44.5,18.5,40.5385714285714,4.3333333333333295,745.1666666666669,73.6666666666667,7.5,40.0,-0.05,33.995210158172995,33.995210158172995,50
0,21.5,36.09,19.4842857142857,37.077142857142896,20.8775,38.18625,19.6,35.29,18.5714285714286,52.577142857142896,3.975,64.4925,18.89,31.6714285714286,21.2,44.5128571428571,18.5,40.59,4.4,745.0,73.0,8.0,40.0,-0.1,15.98619696451351,15.98619696451351,40
10,21.445,36.045,19.39,37.09,20.89,38.2,19.6,35.29,18.514285714285695,52.5,4.07875,64.3475,18.89,31.7,21.2,44.675,18.5,40.7,4.31666666666667,744.75,74.3333333333333,7.8333333333333295,43.5,0.0666666666666667,31.477389717474576,31.477389717474576,60
0,21.39,36.0,19.39,37.1057142857143,20.89,38.2,19.6,35.29,18.5,52.5,4.09,64.08,18.89,31.7,21.2,44.7257142857143,18.5,40.7,4.23333333333333,744.5,75.6666666666667,7.666666666666669,47.0,0.233333333333333,35.80823746742681,35.80823746742681,20
0,21.39,36.03,19.3566666666667,37.2,20.9214285714286,38.2,19.6,35.29,18.5,52.4857142857143,4.05142857142857,65.37,18.89,31.7,21.2,44.72,18.5,40.754,4.15,744.25,77.0,7.5,50.5,0.4,33.82341758115217,33.82341758115217,30
0,21.3185714285714,36.09,19.29,37.29,20.89,38.2514285714286,19.6,35.29,18.452857142857095,52.367142857142895,3.9,67.52,18.89,31.7,21.2,44.59,18.5,40.79,4.06666666666667,744.0,78.3333333333333,7.3333333333333295,54.0,0.566666666666667,33.199350244831294,33.199350244831294,30
0,21.29,36.09,19.29,37.29,20.89,38.29,19.5625,35.29,18.39,52.29,3.75625,69.75,18.89,31.7385714285714,21.2,44.5514285714286,18.5,40.837142857142894,3.9833333333333294,743.75,79.6666666666667,7.16666666666667,57.5,0.733333333333333,18.464384926483035,18.464384926483035,30
0,21.29,36.09,19.29,37.4,20.89,38.29,19.514285714285695,35.3842857142857,18.39,52.23375,3.6685714285714295,71.5257142857143,18.89,31.79,21.1428571428571,44.5,18.5,40.9,3.9,743.5,81.0,7.0,61.0,0.9,47.10090704029425,47.10090704029425,50
0,21.275,36.18166666666671,19.2,37.3685714285714,20.89,38.3725,19.5,35.4,18.39,52.2,3.645,72.47124999999998,18.89,31.79,21.1,44.5,18.5,40.9666666666667,3.9166666666666705,743.266666666667,81.6666666666667,7.0,57.5,1.01666666666667,6.345282727852464,6.345282727852464,50
0,21.2,36.09,19.2,37.44285714285711,20.9057142857143,38.3685714285714,19.5,35.4857142857143,18.39,52.10375,3.6942857142857095,73.12428571428569,18.84,31.84,21.1,44.5,18.5,41.0,3.9333333333333296,743.033333333333,82.3333333333333,7.0,54.0,1.13333333333333,29.7467170516029,29.7467170516029,50
0,21.2,36.1371428571429,19.183333333333305,37.5,20.937142857142895,38.3685714285714,19.5,35.53375,18.39,52.09,3.80875,73.3375,18.79,31.8328571428571,21.1,44.5,18.5,41.064285714285695,3.95,742.7999999999998,83.0,7.0,50.5,1.25,22.614915727172047,22.614915727172047,50
10,21.1571428571429,36.2,19.1,37.5385714285714,20.89,38.4,19.5,35.59,18.375714285714295,52.064285714285695,3.98625,73.2975,18.79,31.89,21.1,44.5,18.5,41.1371428571429,3.9666666666666694,742.5666666666668,83.6666666666667,7.0,47.0,1.36666666666667,31.20795856229961,31.20795856229961,40
0,21.1,36.212857142857104,19.1,37.59,20.952857142857095,38.47142857142861,19.5,35.6175,18.29,52.09,4.105714285714289,73.6085714285714,18.79,31.93125,21.1,44.59,18.5,41.2,3.9833333333333294,742.3333333333329,84.3333333333333,7.0,43.5,1.48333333333333,11.087528336793184,11.087528336793184,40
0,21.1,36.29,19.0875,37.68625,20.89,38.5225,19.437142857142895,35.6371428571429,18.29,52.09,4.223,74.016,18.79,32.0,21.1,44.7,18.5,41.22,4.0,742.1,85.0,7.0,40.0,1.6,14.658105699345468,14.658105699345468,50
0,20.9214285714286,36.1614285714286,19.2685714285714,35.8671428571429,21.4783333333333,40.5,19.1142857142857,36.2828571428571,18.025,46.30625,8.00875,82.72,18.7514285714286,32.7257142857143,20.1,39.0385714285714,18.5,38.88,5.4,738.85,83.5,2.66666666666667,30.0,2.7333333333333294,22.31814840342849,22.31814840342849,350
0,20.77875,35.32125,18.89,35.38,21.6625,39.5375,19.2,36.0975,18.05,46.2175,8.3175,80.4975,18.9175,32.4975,20.2,38.8685714285714,18.5,39.22,5.8,738.9,81.0,2.3333333333333295,32.0,2.66666666666667,39.787338569294654,39.787338569294654,270
0,20.79,36.1733333333333,19.1142857142857,35.9242857142857,21.7257142857143,38.7085714285714,19.2,36.0,18.025,46.0225,7.87125,78.15,18.9842857142857,32.3214285714286,20.2257142857143,38.6942857142857,18.5,39.1214285714286,6.2,738.95,78.5,2.0,34.0,2.6,42.08669002400711,42.08669002400711,260
0,20.8185714285714,37.8214285714286,19.264285714285695,37.2814285714286,21.9214285714286,39.0971428571429,19.1714285714286,36.0,18.066666666666695,45.9666666666667,7.41,77.1375,18.9214285714286,32.2514285714286,20.2,38.59,18.5,39.064285714285695,6.6,739.0,76.0,1.66666666666667,36.0,2.53333333333333,9.971342305652797,9.971342305652797,260
0,20.89,38.5828571428571,19.4214285714286,37.937142857142895,22.1,39.3685714285714,19.1714285714286,36.0,18.0,45.8816666666667,7.342857142857139,77.9,18.9214285714286,32.2,20.2,38.5,18.5,39.077142857142896,7.0,739.0499999999998,73.5,1.33333333333333,38.0,2.4666666666666694,12.056462105829269,12.056462105829269,210
0,20.89,38.7642857142857,19.527142857142895,38.19714285714289,22.23375,39.105,19.1,36.0,18.033333333333296,45.9666666666667,7.497142857142861,78.1828571428571,18.89,32.1842857142857,20.1428571428571,38.5,18.5,39.09,7.4,739.1,71.0,1.0,40.0,2.4,0.7564797881059347,0.7564797881059347,190
0,20.89,38.7257142857143,19.6,38.1371428571429,22.3042857142857,38.71,19.125,36.0675,18.0,46.077142857142896,7.796249999999999,78.635,18.89,32.09,20.1428571428571,38.4,18.5,38.884285714285696,7.416666666666669,739.116666666667,69.6666666666667,1.0,40.0,2.15,45.476030930876725,45.476030930876725,90
0,20.89,38.7257142857143,19.6,38.1214285714286,22.29,38.5257142857143,19.1571428571429,36.09,18.0285714285714,46.1214285714286,8.186249999999998,78.92,18.89,32.0642857142857,20.1,38.4,18.5,38.79,7.43333333333333,739.1333333333331,68.3333333333333,1.0,40.0,1.9,39.02695197612047,39.02695197612047,390
0,20.89,38.7642857142857,19.6,38.1371428571429,22.3328571428571,38.8828571428571,19.175,36.09,18.033333333333296,46.1566666666667,8.109999999999998,75.5242857142857,18.89,32.0,20.1,38.3057142857143,18.5,38.79,7.45,739.15,67.0,1.0,40.0,1.65,11.439280991908163,11.439280991908163,270
0,20.89,38.79,19.6,38.2385714285714,22.445,39.0,19.1,36.1371428571429,18.025,46.14,7.6675,74.355,18.89,32.0675,20.1285714285714,38.29,18.5,38.79,7.46666666666667,739.1666666666669,65.6666666666667,1.0,40.0,1.4,36.265364929568015,36.265364929568015,250
0,20.9214285714286,38.884285714285696,19.65,38.3116666666667,22.6285714285714,38.75428571428569,19.1,36.0414285714286,18.033333333333296,46.1566666666667,7.39857142857143,69.3071428571429,19.0,31.8785714285714,20.1571428571429,38.2257142857143,18.5,38.79,7.483333333333332,739.1833333333329,64.3333333333333,1.0,40.0,1.15,8.895748294889929,8.895748294889929,240
0,21.0,38.79,19.6857142857143,38.2614285714286,22.777142857142895,38.3814285714286,19.1,35.9,18.0,46.2,7.105714285714289,68.6285714285714,19.0,31.6285714285714,20.1666666666667,38.06,18.5,38.79,7.5,739.2,63.0,1.0,40.0,0.9,44.21952496049926,44.21952496049926,240
0,20.937142857142895,38.7,19.7,38.2771428571429,22.873333333333296,38.1783333333333,19.1,35.9714285714286,18.033333333333296,46.23,6.7425,69.795,19.0,31.7,20.1571428571429,38.0,18.5,38.79,7.26666666666667,739.216666666667,65.1666666666667,1.0,37.16666666666669,1.11666666666667,47.84415242029353,47.84415242029353,210
0,21.0,38.59,19.736,38.178,22.963333333333296,37.7116666666667,19.1,35.7966666666667,18.066666666666695,46.363333333333294,6.78625,65.0225,19.0571428571429,31.5714285714286,20.183333333333305,37.9666666666667,18.5,38.7614285714286,7.03333333333333,739.233333333333,67.3333333333333,1.0,34.3333333333333,1.33333333333333,17.818589706439525,17.818589706439525,180
0,21.0,38.59,19.79,37.985,22.9685714285714,37.397142857142896,19.1,35.585,18.1,46.3175,6.8,59.4228571428571,19.1,31.365,20.2385714285714,37.9557142857143,18.542857142857095,38.5514285714286,6.8,739.25,69.5,1.0,31.5,1.55,43.06158722611144,43.06158722611144,100
0,21.0,38.2957142857143,19.79,37.5814285714286,22.79,37.0285714285714,19.1,35.3685714285714,18.1,46.29,6.64,57.4225,19.2,31.0542857142857,20.3566666666667,38.09,18.5285714285714,38.44285714285711,6.56666666666667,739.266666666667,71.6666666666667,1.0,28.666666666666696,1.76666666666667,37.938006257172674,37.938006257172674,70
0,21.0,37.9971428571429,19.90875,37.20375,22.625,36.75,19.1,35.29,18.1,46.058,6.3475,60.62,19.2,30.79,20.5375,38.23375,18.575,38.2675,6.3333333333333295,739.283333333333,73.8333333333333,1.0,25.8333333333333,1.98333333333333,8.22912367293611,8.22912367293611,90
0,21.0,37.8685714285714,19.86,37.0483333333333,22.5166666666667,36.645,19.1,35.29,18.1333333333333,45.933333333333294,5.79625,63.83625,19.2,30.79,20.71,38.29,18.6,38.215,6.1,739.2999999999998,76.0,1.0,23.0,2.2,26.501535531133413,26.501535531133413,90
0,20.9685714285714,37.78,19.6857142857143,37.2642857142857,22.39,36.59,19.1,35.3685714285714,18.1333333333333,45.73,5.20875,65.6225,19.2,30.79,20.8566666666667,38.363333333333294,18.6,38.18625,5.7,739.366666666667,77.8333333333333,1.0,25.8333333333333,2.11666666666667,30.95246101729572,30.95246101729572,90
0,20.952857142857095,37.8528571428571,19.525,37.41,22.3025,36.55625,19.1,35.4125,18.1,45.59,4.61,67.07125,19.2,30.89,20.95875,38.5,18.542857142857095,38.09,5.3,739.4333333333329,79.6666666666667,1.0,28.666666666666696,2.03333333333333,0.5914309527724981,0.5914309527724981,90
0,20.9057142857143,38.0114285714286,19.437142857142895,37.5542857142857,22.2385714285714,36.44285714285711,19.0571428571429,35.4685714285714,18.1,45.59,4.03857142857143,68.6771428571429,19.1666666666667,30.89,21.033333333333296,38.53,18.5,38.09,4.9,739.5,81.5,1.0,31.5,1.95,16.379554383456707,16.379554383456707,110
0,19.6,36.6633333333333,17.8233333333333,37.6566666666667,20.1,35.8266666666667,18.29,35.9,18.5,46.19333333333329,8.16666666666667,60.9,18.1,30.823333333333295,21.6666666666667,40.5633333333333,18.2,37.1633333333333,5.43333333333333,742.5499999999998,74.8333333333333,1.0,28.8333333333333,1.23333333333333,46.493030281271785,46.493030281271785,80
0,19.6,36.6633333333333,17.89,37.863333333333294,20.1,35.9,18.29,35.9,18.5,45.933333333333294,8.5,61.0933333333333,18.1,30.79,21.7,40.9666666666667,18.2,37.03,5.6,742.6,72.0,1.0,24.0,0.9,37.817824666854,37.817824666854,360
0,19.6,36.59,17.89,37.933333333333294,20.1,36.0,18.29,35.9975,18.463333333333296,45.9566666666667,8.46333333333333,57.23,18.1,30.73,21.7,40.9666666666667,18.29,37.3266666666667,5.65,742.616666666667,70.3333333333333,1.0,26.666666666666696,0.6,44.84713684068993,44.84713684068993,610
0,19.6,36.59,17.89,38.2666666666667,20.1,36.06,18.29,36.09,18.39,46.6966666666667,8.46333333333333,58.6966666666667,18.1,30.7,21.73,40.7966666666667,18.29,37.4666666666667,5.7,742.6333333333331,68.6666666666667,1.0,29.3333333333333,0.3,38.368480023927994,38.368480023927994,190
0,19.6,36.73,17.945,38.895,20.1,36.2,18.323333333333295,36.09,18.39,47.3,8.359999999999998,56.863333333333294,18.1,30.7,21.73,40.53,18.245,37.345,5.75,742.65,67.0,1.0,32.0,0.0,16.44289259565994,16.44289259565994,120
0,19.6,36.93,18.0,38.73,20.1,36.1266666666667,18.39,36.09,18.39,47.6333333333333,8.16666666666667,56.6633333333333,18.1,30.7,21.79,40.16,18.2,37.29,5.8,742.6666666666669,65.3333333333333,1.0,34.66666666666669,-0.3,6.42021216917783,6.42021216917783,90
0,19.6,36.9,18.0,38.73,20.1,36.1266666666667,18.3566666666667,36.03,18.34,47.845,7.89666666666667,55.76,18.1666666666667,30.6666666666667,21.79,39.7666666666667,18.2,37.23,5.85,742.6833333333329,63.66666666666671,1.0,37.33333333333329,-0.6,15.00243037007749,15.00243037007749,90
0,19.6,36.8725,18.0,38.59,20.1,36.06,18.29,36.09,18.29,48.0,7.563333333333331,55.0933333333333,18.1666666666667,30.6,21.79,39.59,18.2,37.09,5.9,742.7,62.0,1.0,40.0,-0.9,23.87394414981827,23.87394414981827,100
0,19.6,36.863333333333294,18.0,38.53,20.033333333333296,36.0,18.39,36.2666666666667,18.29,48.0,7.263333333333329,49.4666666666667,18.323333333333295,30.7,21.8566666666667,39.723333333333294,18.2,37.1633333333333,6.16666666666667,742.716666666667,60.5,1.0,38.0,-1.01666666666667,14.44653740618378,14.44653740618378,110
0,19.7,36.9,18.0,38.5,20.0,35.9666666666667,18.39,36.4,18.3566666666667,47.9666666666667,7.242499999999999,54.5975,18.53,30.566666666666695,22.066666666666695,40.0,18.29,37.433333333333294,6.43333333333333,742.733333333333,59.0,1.0,36.0,-1.13333333333333,19.903310248628255,19.903310248628255,120
0,19.76,36.9,18.0,38.433333333333294,20.066666666666695,36.0266666666667,18.5,36.5,18.29,47.9,7.4,49.723333333333294,18.73,30.226666666666695,22.2925,39.8975,18.29,37.56,6.7,742.75,57.5,1.0,34.0,-1.25,1.170291856396943,1.170291856396943,350
0,19.79,36.863333333333294,18.0,38.4,20.1333333333333,36.19333333333329,18.566666666666695,36.5,18.29,47.79,7.46666666666667,48.19333333333329,18.8566666666667,30.033333333333296,22.463333333333296,39.6566666666667,18.323333333333295,37.8266666666667,6.96666666666667,742.766666666667,56.0,1.0,32.0,-1.36666666666667,5.29378664214164,5.29378664214164,480
0,19.79,36.79,18.066666666666695,38.4,20.26,36.9933333333333,18.533333333333296,36.5,18.29,47.79,7.4,47.2666666666667,19.0,29.6933333333333,22.5,39.19333333333329,18.39,37.9666666666667,7.233333333333332,742.783333333333,54.5,1.0,30.0,-1.48333333333333,22.583585930988193,22.583585930988193,330
0,19.89,37.0666666666667,18.1,38.26,20.6966666666667,38.4266666666667,18.6,36.5,18.29,47.6633333333333,7.23,45.86,19.066666666666695,29.5,22.5,38.7266666666667,18.39,37.963333333333296,7.5,742.7999999999998,53.0,1.0,28.0,-1.6,22.946880233939737,22.946880233939737,450
0,19.89,37.26,18.1,38.0666666666667,21.03,38.9,18.6,36.5,18.23,47.53,7.09,46.933333333333294,19.1,29.226666666666695,22.533333333333296,38.19333333333329,18.463333333333296,38.09,7.25,742.8333333333329,55.33333333333329,1.16666666666667,30.0,-1.3,23.30413417657837,23.30413417657837,590
0,19.9266666666667,37.26,18.1,37.9,21.393333333333295,38.9666666666667,18.6,36.5,18.2,47.5,7.09,48.033333333333296,19.1,29.033333333333296,22.533333333333296,37.86,18.39,37.863333333333294,7.0,742.866666666667,57.66666666666671,1.33333333333333,32.0,-1.0,47.62303576571866,47.62303576571866,340
0,20.0,37.0666666666667,18.1,37.8266666666667,21.6666666666667,38.7666666666667,18.6,36.4,18.2,47.36,7.15666666666667,51.293333333333294,19.1333333333333,28.8266666666667,22.5,37.5266666666667,18.39,37.79,6.75,742.9,60.0,1.5,34.0,-0.7,23.961059504654255,23.961059504654255,210
0,20.033333333333296,36.7,18.1,37.76,21.9266666666667,38.46,18.6,36.4,18.2,47.26,7.15666666666667,48.89,19.2,28.6333333333333,22.5,37.2666666666667,18.463333333333296,37.83333333333329,6.5,742.9333333333329,62.33333333333329,1.66666666666667,36.0,-0.4,5.031200405210257,5.031200405210257,140
0,20.1,36.6266666666667,18.1,37.7,22.0,37.9266666666667,18.6,36.363333333333294,18.2,47.2,6.963333333333329,48.1633333333333,19.1,28.39,22.39,36.83333333333329,18.39,37.5666666666667,6.25,742.966666666667,64.6666666666667,1.8333333333333297,38.0,-0.1,22.07846326055005,22.07846326055005,70
0,20.066666666666695,35.7666666666667,18.066666666666695,37.0266666666667,22.066666666666695,37.1966666666667,18.6,36.03,18.2,47.1633333333333,6.56,49.293333333333294,19.1,28.323333333333295,22.323333333333295,36.5666666666667,18.39,37.33333333333329,6.0,743.0,67.0,2.0,40.0,0.2,38.60528428340331,38.60528428340331,70
0,20.0,34.5666666666667,17.9266666666667,36.433333333333294,21.86,35.9966666666667,18.5,35.1933333333333,18.2,47.03,6.43333333333333,51.5666666666667,19.1,28.733333333333295,22.29,36.33333333333329,18.39,37.1266666666667,5.76666666666667,743.0499999999998,67.3333333333333,2.16666666666667,40.0,0.0666666666666667,20.385111880023032,20.385111880023032,70
10,20.0,34.23,17.89,36.433333333333294,21.7,35.1,18.5,34.8425,18.1333333333333,46.9,6.46666666666667,51.4566666666667,19.1,29.1333333333333,22.23,36.0666666666667,18.3566666666667,37.06,5.53333333333333,743.1,67.6666666666667,2.3333333333333295,40.0,-0.0666666666666667,34.39819441409781,34.39819441409781,60
10,20.0,34.23,17.8233333333333,36.433333333333294,21.6333333333333,34.7666666666667,18.4266666666667,34.6566666666667,18.1333333333333,46.8266666666667,6.26,50.93,19.0,29.0,22.1,36.06,18.3566666666667,36.933333333333294,5.3,743.15,68.0,2.5,40.0,-0.2,31.46219977643341,31.46219977643341,60
10,20.0,34.4,17.79,36.85,21.5,34.7,18.39,34.6266666666667,18.1,46.6633333333333,6.19,52.223333333333294,18.9725,28.9175,22.033333333333296,35.9333333333333,18.29,36.845,5.06666666666667,743.2,68.3333333333333,2.66666666666667,40.0,-0.333333333333333,1.1464243521913886,1.1464243521913886,60
10,20.0,34.4666666666667,17.8233333333333,37.2,21.39,34.59,18.39,34.76,18.1,46.5675,6.06333333333333,51.63,18.89,28.89,21.963333333333296,35.8633333333333,18.29,36.7,4.8333333333333295,743.25,68.6666666666667,2.8333333333333295,40.0,-0.46666666666666706,39.136260317172855,39.136260317172855,60
10,20.0,34.73,18.03,37.1266666666667,21.323333333333295,34.59,18.39,34.8266666666667,18.1,46.433333333333294,5.73,52.033333333333296,18.89,28.823333333333295,21.89,35.79,18.29,36.6266666666667,4.6,743.2999999999998,69.0,3.0,40.0,-0.6,3.972096368670464,3.972096368670464,60
10,20.0,35.1675,18.1,36.9,21.26,34.6633333333333,18.39,34.9666666666667,18.1,46.4,5.32,52.8475,18.89,28.89,21.79,35.6633333333333,18.29,36.4666666666667,4.25,743.35,71.1666666666667,3.0,40.0,-0.55,49.4170920108445,49.4170920108445,320
10,20.066666666666695,37.3666666666667,18.1,37.0266666666667,21.2,34.53,18.3566666666667,35.1266666666667,18.1,46.4,4.89666666666667,53.76333333333329,18.8566666666667,28.79,21.79,35.53,18.29,36.3266666666667,3.9,743.4,73.3333333333333,3.0,40.0,-0.5,41.03250113548711,41.03250113548711,320
0,21.2,39.9,19.79,38.06,22.823333333333295,38.36,18.29,35.09,17.39,48.9,6.06333333333333,75.59,18.26,30.6,19.823333333333295,37.09,17.7,37.03,5.21666666666667,749.1833333333329,75.1666666666667,3.16666666666667,40.0,1.13333333333333,32.34490402974188,32.34490402974188,70
0,21.245,40.795,19.79,37.95,22.89,38.45,18.39,35.1266666666667,17.39,48.9,6.19,75.59,18.29,30.5,19.89,37.09,17.7,37.09,5.5,749.2,74.0,3.0,40.0,1.2,33.05503309238702,33.05503309238702,180
0,19.6666666666667,38.56,18.79,37.4,20.1,36.2,19.066666666666695,35.9,17.5,44.56,7.666666666666669,81.59,18.26,32.1566666666667,19.566666666666695,38.8266666666667,17.6666666666667,37.76,5.73333333333333,757.2999999999998,76.3333333333333,3.0,40.0,1.8,40.1745242299512,40.1745242299512,180
0,19.7,38.56,18.79,37.3266666666667,20.1,36.2,19.1,35.9,17.5,44.56,8.13,81.9,18.29,31.963333333333296,19.533333333333296,38.6333333333333,17.6666666666667,37.7,5.9,757.2999999999998,75.0,3.0,40.0,1.7,42.6075060502626,42.6075060502626,50
0,19.7,38.433333333333294,18.79,37.26,20.1,36.2,19.1,35.8266666666667,17.5,44.59,8.26333333333333,82.0266666666667,18.29,31.823333333333295,19.6,38.433333333333294,17.7,37.8266666666667,6.06666666666667,757.2999999999998,73.6666666666667,3.0,40.0,1.6,17.010834999382496,17.010834999382496,70
0,19.7,38.26,18.8566666666667,37.2,20.1666666666667,36.26,19.1,35.7,17.5,44.59,8.599999999999998,82.18999999999998,18.39,31.6666666666667,19.55,38.245,17.7,37.8266666666667,6.23333333333333,757.2999999999998,72.3333333333333,3.0,40.0,1.5,6.313732103444636,6.313732103444636,70
0,19.76,38.1266666666667,18.9266666666667,37.0266666666667,20.2,36.29,19.1,35.7,17.5,44.5,8.93333333333333,82.5233333333333,18.463333333333296,31.533333333333296,19.6333333333333,38.09,17.7,37.73,6.4,757.2999999999998,71.0,3.0,40.0,1.4,24.384899670258164,24.384899670258164,220
0,19.79,38.19333333333329,19.0,36.8266666666667,20.2,36.29,19.1,35.645,17.6933333333333,57.83333333333329,9.1,82.76,18.5,31.3266666666667,19.7,37.963333333333296,17.7,37.93,6.41666666666667,757.283333333333,69.6666666666667,3.16666666666667,40.0,1.13333333333333,42.853547155391425,42.853547155391425,310
0,19.79,38.6,19.0,36.79,20.23,36.433333333333294,19.1,35.56,18.496666666666705,72.65999999999998,9.36,82.96666666666668,18.566666666666695,31.1333333333333,19.7,37.76,17.7,38.03,6.43333333333333,757.266666666667,68.3333333333333,3.3333333333333295,40.0,0.866666666666667,31.896091741509732,31.896091741509732,80
10,19.79,38.995,19.0,36.863333333333294,20.29,36.56,19.1,35.36,18.163333333333295,72.7266666666667,8.96333333333333,81.7,18.6,30.8566666666667,19.7,37.7,17.7,37.963333333333296,6.45,757.25,67.0,3.5,40.0,0.6,16.24476433498785,16.24476433498785,60
0,19.89,39.3266666666667,19.0,37.03,20.29,36.6266666666667,19.1,35.2,18.066666666666695,71.6966666666667,8.83,81.8933333333333,18.6,30.73,19.7,37.56,17.7,38.2666666666667,6.46666666666667,757.233333333333,65.6666666666667,3.6666666666666705,40.0,0.333333333333333,45.43518526479602,45.43518526479602,50
0,19.89,39.5266666666667,19.0,37.1633333333333,20.29,36.76,19.1,35.1266666666667,18.0,70.2966666666667,9.1,82.59999999999998,18.6333333333333,30.6,19.76,37.36,17.7,38.4666666666667,6.48333333333333,757.216666666667,64.3333333333333,3.8333333333333295,40.0,0.0666666666666667,8.812875556759536,8.812875556759536,60
0,19.9266666666667,39.7,19.0,37.5,20.29,36.8266666666667,19.2,35.09,17.9633333333333,68.3333333333333,9.43333333333333,82.9333333333333,18.76,30.46,19.823333333333295,37.1633333333333,17.79,38.89,6.5,757.2,63.0,4.0,40.0,-0.2,17.278641602024436,17.278641602024436,60
0,20.0,39.7,19.0,37.83333333333329,20.29,36.9,19.2,35.03,17.89,66.5933333333333,9.563333333333329,82.6666666666667,18.89,30.1666666666667,19.89,37.03,17.79,39.1633333333333,6.56666666666667,757.1666666666669,63.33333333333329,3.8333333333333295,40.0,-0.0666666666666667,32.90323348483071,32.90323348483071,50
0,20.0,39.89,19.0,38.09,20.39,37.03,19.2,34.9666666666667,17.8566666666667,64.7566666666667,9.69,82.2666666666667,18.89,29.96,20.0,36.83333333333329,17.79,39.45,6.633333333333329,757.1333333333331,63.66666666666671,3.6666666666666705,40.0,0.0666666666666667,38.10763974906877,38.10763974906877,50
0,20.0,40.09,19.066666666666695,38.223333333333294,20.39,37.09,19.2,34.9,17.79,63.4966666666667,9.66333333333333,79.9633333333333,19.0,29.8566666666667,20.0,36.7,17.79,39.53,6.7,757.1,64.0,3.5,40.0,0.2,13.656145730055869,13.656145730055869,40
0,20.1,40.3266666666667,19.1,38.3266666666667,20.39,37.09,19.2,34.8633333333333,17.79,61.3266666666667,9.39,78.6966666666667,19.025,29.7225,20.1,36.6633333333333,17.79,39.6633333333333,6.76666666666667,757.0666666666668,64.3333333333333,3.3333333333333295,40.0,0.333333333333333,3.308741294313222,3.308741294313222,30
10,20.1,40.4,19.075,38.45,20.39,37.1725,19.2,34.79,17.79,59.7333333333333,9.69,80.76,19.1,29.6333333333333,20.1,36.53,17.79,39.7,6.8333333333333295,757.033333333333,64.6666666666667,3.16666666666667,40.0,0.46666666666666706,18.116618914064016,18.116618914064016,20
0,20.1,40.363333333333294,19.066666666666695,38.4666666666667,20.323333333333295,37.26,19.2,34.6633333333333,17.745,58.245,9.74,79.9975,19.1,29.6,20.1,36.4666666666667,17.79,39.76,6.9,757.0,65.0,3.0,40.0,0.6,8.091509505175054,8.091509505175054,20
0,20.1,40.29,19.0,38.29,20.29,37.29,19.2,34.53,17.7,56.9966666666667,9.89,80.8233333333333,19.1,29.533333333333296,20.1,36.4,17.79,39.79,6.85,757.0,64.6666666666667,3.16666666666667,40.0,0.5,2.393277420196682,2.393277420196682,40
0,20.1,40.2,19.0,38.29,20.29,37.4,19.1666666666667,34.43,17.7,56.09,9.4,76.4,19.0,29.34,20.066666666666695,36.33333333333329,17.79,39.79,6.8,757.0,64.3333333333333,3.3333333333333295,40.0,0.4,24.565619218628854,24.565619218628854,50
0,20.1,40.2,18.963333333333296,38.2,20.29,37.4,19.1,34.23,17.7,55.4233333333333,9.16666666666667,72.7266666666667,19.0,29.23,20.0,36.2,17.73,39.79,6.75,757.0,64.0,3.5,40.0,0.3,17.105444241315126,17.105444241315126,50
0,20.066666666666695,39.9666666666667,18.89,38.1266666666667,20.29,37.4666666666667,19.1,34.1633333333333,17.7,54.83,9.13,76.7,18.89,29.1666666666667,20.0,36.1633333333333,17.79,39.79,6.7,757.0,63.66666666666671,3.6666666666666705,40.0,0.2,32.92390122078359,32.92390122078359,60
0,20.0,39.8266666666667,18.89,38.0,20.29,37.5,19.1,34.03,17.7,54.0633333333333,9.19,76.8933333333333,18.89,29.1,20.0,36.09,17.79,39.7,6.65,757.0,63.33333333333329,3.8333333333333295,40.0,0.1,2.082471619360149,2.082471619360149,40
0,20.0,39.7,18.823333333333295,38.0,20.29,37.5,19.0,33.9666666666667,17.7,53.53,9.25666666666667,78.96666666666668,18.89,29.1666666666667,19.963333333333296,36.06,17.79,39.7,6.6,757.0,63.0,4.0,40.0,0.0,33.248369419015944,33.248369419015944,40
0,20.0,39.6266666666667,18.79,38.0,20.29,37.433333333333294,19.0,33.9,17.7,52.9,9.25666666666667,76.29999999999998,18.823333333333295,29.033333333333296,19.89,36.0,17.79,39.59,6.66666666666667,756.95,62.16666666666671,3.8333333333333295,40.0,-0.15,46.96428821189329,46.96428821189329,50
10,20.0,39.56,18.73,37.933333333333294,20.29,37.5,19.0,33.845,17.7,52.4266666666667,9.26333333333333,76.3966666666667,18.79,28.963333333333296,19.89,35.9333333333333,17.79,39.53,6.73333333333333,756.9,61.33333333333329,3.6666666666666705,40.0,-0.3,6.770612148102373,6.770612148102373,40
0,20.0,39.433333333333294,18.6666666666667,37.863333333333294,20.26,37.363333333333294,19.0,33.7,17.6333333333333,51.7966666666667,9.323333333333329,76.3966666666667,18.79,28.823333333333295,19.89,35.79,17.79,39.4,6.8,756.85,60.5,3.5,40.0,-0.45,44.16691480437294,44.16691480437294,50
0,20.0,39.45,18.6666666666667,37.79,20.2,37.29,19.0,33.6266666666667,17.7,51.463333333333296,9.323333333333329,75.09999999999998,18.79,28.76,19.89,35.73,17.73,39.4,6.86666666666667,756.7999999999998,59.66666666666671,3.3333333333333295,40.0,-0.6,18.49063071422279,18.49063071422279,50
0,20.0,39.363333333333294,18.6,37.6633333333333,20.29,37.363333333333294,18.9266666666667,33.56,17.7,50.99,9.063333333333329,73.3666666666667,18.79,28.6333333333333,19.89,35.59,17.76,39.3266666666667,6.93333333333333,756.75,58.83333333333329,3.16666666666667,40.0,-0.75,28.7787459557876,28.7787459557876,60
0,20.0,39.29,18.6,37.59,20.23,37.23,18.9266666666667,33.4333333333333,17.7,50.59666666666671,8.733333333333329,74.29666666666668,18.79,28.463333333333296,19.89,35.4633333333333,17.7,39.3266666666667,7.0,756.7,58.0,3.0,40.0,-0.9,29.551738454028964,29.551738454028964,40
0,19.963333333333296,39.1633333333333,18.463333333333296,37.6633333333333,20.29,37.29,18.89,33.3633333333333,17.6,50.19333333333329,8.53333333333333,75.29666666666668,18.79,28.39,19.8566666666667,35.3333333333333,17.76,39.223333333333294,6.81666666666667,756.716666666667,59.33333333333329,3.0,40.0,-0.75,29.47333155898377,29.47333155898377,40
0,19.89,39.03,18.39,37.645,20.29,37.29,18.89,33.29,17.6,49.895,8.189999999999998,74.5,18.79,28.29,19.79,35.2,17.7,39.045,6.633333333333329,756.733333333333,60.66666666666671,3.0,40.0,-0.6,6.038427806925029,6.038427806925029,30
0,19.89,38.69333333333329,18.3566666666667,37.6633333333333,20.2,37.1266666666667,18.8566666666667,33.26,17.6,49.5266666666667,8.06666666666667,76.73333333333329,18.7,28.29,19.79,35.09,17.7,38.79,6.45,756.75,62.0,3.0,40.0,-0.45,38.919131772127,38.919131772127,40
0,19.89,38.5,18.29,37.6633333333333,20.2,37.0666666666667,18.79,33.2,17.6,49.2666666666667,7.866666666666669,77.9333333333333,18.7,28.34,19.79,35.1633333333333,17.7,38.56,6.26666666666667,756.766666666667,63.33333333333329,3.0,40.0,-0.3,36.14317860919982,36.14317860919982,60
10,19.89,38.363333333333294,18.2,37.59,20.15,36.8,18.79,33.2,17.6,48.9666666666667,7.6925,77.0475,18.6666666666667,28.39,19.79,35.4633333333333,17.7,38.3,6.0833333333333295,756.783333333333,64.6666666666667,3.0,40.0,-0.15,47.44358969619498,47.44358969619498,80
0,19.89,38.29,18.125,37.645,20.1,36.76,18.79,33.2,17.6,48.7666666666667,7.53,77.3966666666667,18.6,28.39,19.8566666666667,35.7233333333333,17.7,37.83333333333329,5.9,756.7999999999998,66.0,3.0,40.0,0.0,27.92714595561847,27.92714595561847,100
0,19.8566666666667,38.4266666666667,18.033333333333296,37.59,20.033333333333296,36.6266666666667,18.76,33.23,17.5,48.45,7.33,78.46666666666668,18.6,28.533333333333296,20.033333333333296,35.9633333333333,17.7,37.5666666666667,5.8,756.866666666667,66.6666666666667,3.0,40.0,0.0333333333333333,44.67384718591347,44.67384718591347,110
10,19.79,38.76,18.0,37.73,20.1,36.7,18.7,33.29,17.5,48.26,7.06333333333333,78.26,18.533333333333296,28.6,20.1666666666667,36.09,17.7,37.1633333333333,5.7,756.9333333333329,67.3333333333333,3.0,40.0,0.0666666666666667,31.803079473320395,31.803079473320395,110
20,19.79,38.59,18.0,37.99,20.1,36.6266666666667,18.7,33.53,17.5,48.2,6.83,78.5,18.5,28.73,20.29,36.3266666666667,17.7,37.03,5.6,757.0,68.0,3.0,40.0,0.1,0.9406051598489285,0.9406051598489285,260
20,19.8566666666667,38.53,17.89,38.5,20.1,36.6266666666667,18.7,34.2633333333333,17.5,48.06,6.56333333333333,78.5,18.5,28.8566666666667,20.29,36.5266666666667,17.7,36.863333333333294,5.5,757.0666666666668,68.6666666666667,3.0,40.0,0.133333333333333,34.32251630583778,34.32251630583778,760
0,19.5,38.3,16.7,41.6,19.89,36.7566666666667,19.1,34.53,17.5,45.0666666666667,6.4,38.8666666666667,18.0,30.5,19.1333333333333,37.73,17.7,38.1266666666667,6.23333333333333,744.3333333333329,59.0,9.33333333333333,40.0,-1.3,6.797793135046959,6.797793135046959,50
10,19.5,37.1,16.6333333333333,40.533333333333296,19.79,36.06,19.0,34.26,17.5,44.76,6.43333333333333,40.5966666666667,18.0,30.4266666666667,19.1,37.7,17.7,37.9666666666667,6.31666666666667,744.3166666666668,59.0,9.16666666666667,40.0,-1.25,4.971261497121304,4.971261497121304,50
0,19.5,36.5,16.6333333333333,39.8666666666667,19.73,36.1333333333333,19.0,34.2,17.5,44.5666666666667,6.56,40.26333333333329,18.0,30.463333333333296,19.1666666666667,37.7,17.7,37.9,6.4,744.2999999999998,59.0,9.0,40.0,-1.2,31.524401239585128,31.524401239585128,70
0,19.5,37.7,16.6666666666667,40.2966666666667,19.76,36.1266666666667,18.89,34.09,17.5,44.33333333333329,6.72666666666667,40.433333333333294,17.9266666666667,30.39,19.1,37.7,17.7,37.745,6.41666666666667,744.2999999999998,59.33333333333329,9.0,40.0,-1.08333333333333,34.53225850826129,34.53225850826129,50
0,19.5,37.7,16.6,41.1633333333333,19.76,36.4,18.89,34.09,17.5,44.1266666666667,6.86666666666667,40.56,17.89,30.39,19.1,37.59,17.7,37.56,6.43333333333333,744.2999999999998,59.66666666666671,9.0,40.0,-0.966666666666667,5.0751599366776645,5.0751599366776645,40
0,19.5,37.43,16.7,40.94,19.89,36.933333333333294,18.89,34.09,17.5,43.9666666666667,6.86666666666667,42.393333333333295,17.89,30.463333333333296,19.033333333333296,37.53,17.7,37.5,6.45,744.2999999999998,60.0,9.0,40.0,-0.85,25.316498870961368,25.316498870961368,50
0,19.5,37.23,16.7,40.4666666666667,19.89,37.06,18.89,34.09,17.5,43.8266666666667,6.72666666666667,43.2666666666667,17.89,30.55,19.0,37.5,17.7,37.5,6.46666666666667,744.2999999999998,60.33333333333329,9.0,40.0,-0.733333333333333,15.393710322678087,15.393710322678087,50
0,19.5,37.0266666666667,16.7,40.2666666666667,19.89,37.2,18.79,34.03,17.5,43.7,6.56,45.9,17.89,30.73,19.0,37.56,17.7,37.5,6.48333333333333,744.2999999999998,60.66666666666671,9.0,40.0,-0.616666666666667,2.8384256642311807,2.8384256642311807,40
0,19.5,36.8266666666667,16.7,40.06,19.89,37.2,18.79,34.09,17.4725,43.4975,6.43333333333333,48.36,17.89,30.79,19.0,37.59,17.7,37.5,6.5,744.2999999999998,61.0,9.0,40.0,-0.5,23.692082974594086,23.692082974594086,50
0,19.5,36.6633333333333,16.7,39.933333333333294,19.89,37.2,18.76,34.23,17.4633333333333,43.363333333333294,6.4,49.26333333333329,17.89,30.9266666666667,19.0,37.6633333333333,17.7,37.433333333333294,6.633333333333329,744.266666666667,61.66666666666671,9.16666666666667,40.0,-0.25,18.52755337022245,18.52755337022245,50
0,19.4266666666667,36.53,16.7,39.8266666666667,20.0,37.2,18.7,34.29,17.39,43.26,6.46666666666667,48.863333333333294,17.89,31.0,19.0,37.7,17.7,37.433333333333294,6.76666666666667,744.233333333333,62.33333333333329,9.33333333333333,40.0,0.0,2.4387261481024325,2.4387261481024325,80
0,19.4266666666667,36.53,16.76,39.9666666666667,19.9266666666667,37.2,18.7,34.3266666666667,17.39,43.2,6.66,48.723333333333294,17.89,31.1,19.0,37.83333333333329,17.7,37.5,6.9,744.2,63.0,9.5,40.0,0.25,12.473723129369318,12.473723129369318,90
0,19.4266666666667,36.59,16.79,40.0,19.89,37.09,18.7,34.4,17.39,43.2,6.9975,47.07,17.89,31.1666666666667,19.1,38.23,17.7,37.433333333333294,7.03333333333333,744.1666666666669,63.66666666666671,9.66666666666667,40.0,0.5,24.837555584963408,24.837555584963408,90
10,19.463333333333296,36.59,16.8566666666667,40.0,19.89,37.03,18.7,34.5,17.39,43.2,7.33,43.9566666666667,17.89,31.2,19.1666666666667,38.29,17.7,37.5,7.16666666666667,744.1333333333331,64.3333333333333,9.83333333333333,40.0,0.75,37.6603338168934,37.6603338168934,80
0,19.463333333333296,36.59,16.89,39.863333333333294,19.89,37.06,18.675,34.475,17.39,43.29,7.6233333333333295,43.1566666666667,17.89,31.2,19.39,38.5,17.7,37.53,7.3,744.1,65.0,10.0,40.0,1.0,41.06842599576339,41.06842599576339,70
0,19.5,36.7,16.89,39.79,19.823333333333295,36.933333333333294,18.6666666666667,34.4666666666667,17.4633333333333,43.43,7.763333333333329,42.03,17.89,31.23,19.463333333333296,38.56,17.7,37.59,7.233333333333332,744.2,65.1666666666667,9.66666666666667,40.0,1.0,3.253371850587428,3.253371850587428,60
0,19.5,36.6266666666667,16.9266666666667,39.6633333333333,19.79,36.863333333333294,18.6,34.4,17.39,43.29,7.559999999999999,40.4566666666667,17.89,31.23,19.6333333333333,38.59,17.6666666666667,37.43,7.16666666666667,744.2999999999998,65.3333333333333,9.33333333333333,40.0,1.0,32.461201038677245,32.461201038677245,70
0,19.5,36.59,17.0,39.6633333333333,19.79,36.79,18.6,34.4666666666667,17.39,43.29,7.5,40.53,17.9266666666667,31.5566666666667,19.7,38.59,17.6666666666667,37.29,7.1,744.4,65.5,9.0,40.0,1.0,38.07549269404262,38.07549269404262,100
0,19.4266666666667,36.59,16.9266666666667,39.73,19.79,36.6633333333333,18.6,34.9933333333333,17.39,43.26,7.4,40.99,18.066666666666695,32.4233333333333,19.79,38.59,17.6,37.06,7.03333333333333,744.5,65.6666666666667,8.66666666666667,40.0,1.0,11.625761247705668,11.625761247705668,110
0,19.39,36.53,17.0,39.73,19.79,36.59,18.6666666666667,35.7333333333333,17.39,43.2,7.4,40.1966666666667,18.1,32.86,19.8566666666667,38.59,17.6,37.0,6.96666666666667,744.6,65.8333333333333,8.33333333333333,40.0,1.0,29.47752005420625,29.47752005420625,110
0,19.39,36.6633333333333,17.0,40.03,19.79,36.59,18.7,35.93,17.39,43.2,7.263333333333329,40.33333333333329,18.1,32.86,19.945,38.59,17.6,36.9666666666667,6.9,744.7,66.0,8.0,40.0,1.0,37.953767261933535,37.953767261933535,110
10,19.445,36.79,17.0,40.1633333333333,19.79,36.59,18.7,35.73,17.39,43.26,7.19,40.933333333333294,18.1,32.56,20.0,38.59,17.6,36.9,6.85,744.783333333333,65.8333333333333,7.666666666666669,40.0,0.9,17.272226710338145,17.272226710338145,110
10,19.39,36.9,17.0,39.9666666666667,19.79,36.6266666666667,18.7,35.5,17.39,43.5,7.3333333333333295,41.293333333333294,18.1,32.4333333333333,20.066666666666695,38.6633333333333,17.6,36.745,6.8,744.866666666667,65.6666666666667,7.3333333333333295,40.0,0.8,16.887302813120186,16.887302813120186,100
10,19.39,36.9,17.0,39.9666666666667,19.79,36.7,18.7,35.4333333333333,17.39,43.83333333333329,7.3333333333333295,40.0933333333333,18.0,32.06,20.1,38.56,17.6,36.8266666666667,6.75,744.95,65.5,7.0,40.0,0.7,24.22044271370396,24.22044271370396,110
10,19.39,36.9666666666667,17.0,40.045,19.79,36.7,18.7,35.4633333333333,17.39,44.09,7.3,40.033333333333296,18.0,31.9725,20.1,38.56,17.6,36.9,6.7,745.033333333333,65.3333333333333,6.66666666666667,40.0,0.6,46.443519683089114,46.443519683089114,120
0,19.39,36.8266666666667,16.9633333333333,39.93,19.79,36.7,18.76,35.7966666666667,17.39,44.09,7.22666666666667,40.293333333333294,18.0,31.823333333333295,20.1,38.5,17.6,36.9,6.65,745.116666666667,65.1666666666667,6.3333333333333295,40.0,0.5,0.7496460690163075,0.7496460690163075,130
10,19.39,36.76,16.89,39.79,19.79,36.7,19.3333333333333,36.1266666666667,17.39,44.09,7.3,40.7,18.0,31.7,20.1666666666667,38.56,17.6,36.9,6.6,745.2,65.0,6.0,40.0,0.4,26.602345658466216,26.602345658466216,100
0,19.39,36.7,16.89,39.8266666666667,19.79,36.7,19.866666666666696,36.2,17.39,44.0225,7.366666666666669,39.9,18.0,31.6333333333333,20.23,38.6266666666667,17.5666666666667,36.863333333333294,6.5833333333333295,745.266666666667,64.6666666666667,5.66666666666667,40.0,0.316666666666667,2.146041544619948,2.146041544619948,110
10,19.39,36.7,16.89,39.9,19.79,36.6266666666667,20.36,35.8633333333333,17.39,44.0,7.3,38.83333333333329,17.9633333333333,31.566666666666695,20.29,38.7,17.5,36.79,6.56666666666667,745.3333333333329,64.3333333333333,5.3333333333333295,40.0,0.233333333333333,21.98311610845849,21.98311610845849,120
0,19.39,36.7,16.89,39.9666666666667,19.79,36.59,20.4266666666667,35.4633333333333,17.39,43.9,7.245,38.395,17.89,31.4266666666667,20.323333333333295,38.6633333333333,17.5,36.79,6.55,745.4,64.0,5.0,40.0,0.15,17.32643198920414,17.32643198920414,110
0,19.39,36.7,16.89,39.9666666666667,19.79,36.59,20.29,35.4633333333333,17.39,43.9,7.22666666666667,37.3666666666667,17.89,31.3566666666667,20.463333333333296,38.59,17.5,36.79,6.53333333333333,745.466666666667,63.66666666666671,4.66666666666667,40.0,0.0666666666666667,42.252365744207054,42.252365744207054,100
0,19.39,36.7,16.89,39.9,19.79,36.59,20.496666666666705,35.6633333333333,17.39,43.76,7.06,37.69333333333329,17.89,31.29,20.5,38.5,17.5,36.7,6.51666666666667,745.533333333333,63.33333333333329,4.3333333333333295,40.0,-0.0166666666666667,9.849056880921124,9.849056880921124,80
0,19.39,36.73,16.89,39.9666666666667,19.79,36.59,21.045,35.44,17.39,43.6266666666667,6.93333333333333,37.36,17.89,31.2,20.566666666666695,38.5,17.5,36.7,6.5,745.6,63.0,4.0,40.0,-0.1,31.427959527354687,31.427959527354687,90
0,19.39,36.79,17.0333333333333,40.03,19.79,36.59,21.4933333333333,35.09,17.39,43.5,6.8,37.393333333333295,17.89,31.2,20.6,38.4,17.5,36.59,6.43333333333333,745.733333333333,63.16666666666671,4.16666666666667,40.0,-0.133333333333333,14.27804521517828,14.27804521517828,90
0,19.4266666666667,36.73,17.1,40.03,19.79,36.59,21.9,35.03,17.39,43.5,6.72666666666667,37.19333333333329,17.89,31.1,20.6666666666667,38.4,17.5,36.59,6.36666666666667,745.866666666667,63.33333333333329,4.3333333333333295,40.0,-0.166666666666667,14.098939602263272,14.098939602263272,100
20,19.5,36.79,17.23,39.863333333333294,19.79,36.59,22.323333333333295,34.96,17.39,43.363333333333294,6.69,37.363333333333294,17.89,31.033333333333296,20.7,38.5,17.39,36.5,6.3,746.0,63.5,4.5,40.0,-0.2,21.10974836396053,21.10974836396053,130
20,19.533333333333296,36.79,17.29,39.79,19.79,36.59,22.323333333333295,34.6266666666667,17.39,43.29,6.69,37.6233333333333,17.8233333333333,31.16,20.7,38.5,17.39,36.433333333333294,6.23333333333333,746.1333333333331,63.66666666666671,4.66666666666667,40.0,-0.233333333333333,45.239265228156,45.239265228156,110
10,19.6,36.93,17.3233333333333,39.76,19.79,36.56,22.1333333333333,34.4666666666667,17.39,43.4,6.56,37.7666666666667,17.89,31.76,20.73,38.6266666666667,17.39,36.3266666666667,6.16666666666667,746.266666666667,63.83333333333329,4.8333333333333295,40.0,-0.266666666666667,21.75578757887706,21.75578757887706,90
0,19.7,37.0,17.39,39.7,19.79,36.56,21.9266666666667,34.3266666666667,17.39,43.4,6.5,38.16,17.96,32.4233333333333,20.79,38.7,17.39,36.4,6.1,746.4,64.0,5.0,40.0,-0.3,6.390661431942135,6.390661431942135,90
0,19.76,37.0,17.5,39.6633333333333,19.79,36.59,21.726666666666695,33.9,17.39,43.4,6.36666666666667,38.73,18.1666666666667,33.4233333333333,20.79,38.7,17.39,36.26,6.0833333333333295,746.533333333333,64.3333333333333,5.16666666666667,40.0,-0.233333333333333,36.5867096115835,36.5867096115835,100
0,19.79,37.0,17.5,39.723333333333294,19.79,36.59,21.533333333333296,33.7,17.39,43.4666666666667,6.22666666666667,38.99,18.4266666666667,34.0666666666667,20.79,38.6725,17.39,36.1266666666667,6.06666666666667,746.6666666666669,64.6666666666667,5.3333333333333295,40.0,-0.166666666666667,9.462494018953294,9.462494018953294,120
20,19.89,37.09,17.5333333333333,39.863333333333294,19.79,36.7,21.3566666666667,33.53,17.3566666666667,43.5,6.19,39.2566666666667,18.566666666666695,34.5266666666667,20.8566666666667,38.59,17.39,36.045,6.05,746.7999999999998,65.0,5.5,40.0,-0.1,25.440570851787925,25.440570851787925,140
20,19.89,37.09,17.6,39.79,19.8566666666667,36.76,21.23,33.59,17.3566666666667,43.5,6.19,39.9966666666667,18.566666666666695,34.16,20.89,38.4666666666667,17.3566666666667,35.8633333333333,6.03333333333333,746.9333333333329,65.3333333333333,5.66666666666667,40.0,-0.0333333333333333,15.681570989545435,15.681570989545435,160
30,20.0,37.1266666666667,17.7,39.9,19.89,36.7,21.1666666666667,33.79,17.39,43.59,6.09,40.8966666666667,18.4175,33.5925,20.963333333333296,38.3266666666667,17.3566666666667,35.79,6.01666666666667,747.0666666666668,65.6666666666667,5.8333333333333295,40.0,0.0333333333333334,36.42291140276939,36.42291140276939,230
10,20.066666666666695,37.33333333333329,17.79,39.9,19.9725,36.7,21.033333333333296,33.8633333333333,17.39,43.59,6.03,41.6966666666667,18.323333333333295,33.1566666666667,21.0,38.1633333333333,17.29,35.7,6.0,747.2,66.0,6.0,40.0,0.1,29.497819731477648,29.497819731477648,180
20,20.1333333333333,38.09666666666671,17.8566666666667,39.8266666666667,20.0,36.7,20.963333333333296,34.09,17.39,43.645,5.96666666666667,42.3,18.26,32.8333333333333,21.066666666666695,38.09,17.29,35.6266666666667,5.95,747.2999999999998,66.1666666666667,6.0,40.0,0.0833333333333333,36.11385381082073,36.11385381082073,140
10,20.26,38.363333333333294,18.033333333333296,39.8266666666667,20.066666666666695,36.9,20.89,34.03,17.39,43.73,5.875,42.725,18.2,32.5666666666667,21.1,38.06,17.29,35.59,5.9,747.4,66.3333333333333,6.0,40.0,0.0666666666666667,23.67526297457516,23.67526297457516,140
0,20.39,38.63,18.1,39.8266666666667,20.066666666666695,37.0266666666667,20.76,33.9333333333333,17.39,43.93,5.8,43.0,18.2,32.4633333333333,21.1666666666667,37.933333333333294,17.29,35.53,5.85,747.5,66.5,6.0,40.0,0.05,38.82130209822208,38.82130209822208,130
0,20.463333333333296,37.89,18.2,39.933333333333294,20.1333333333333,37.06,20.7,33.9333333333333,18.0966666666667,68.3333333333333,5.62666666666667,42.73,18.2,32.4633333333333,21.2,37.863333333333294,17.29,35.5,5.8,747.6,66.6666666666667,6.0,40.0,0.0333333333333333,31.87179791275412,31.87179791275412,120
0,20.533333333333296,37.89,18.26,40.6,20.2,37.0,20.566666666666695,33.7,18.43,62.0,5.36666666666667,43.0633333333333,18.1666666666667,32.3333333333333,21.2,37.73,17.29,35.5,5.75,747.7,66.8333333333333,6.0,40.0,0.0166666666666667,44.40562282688916,44.40562282688916,100
0,20.6,38.1633333333333,18.323333333333295,41.39,20.23,37.1566666666667,20.5,33.6266666666667,18.6333333333333,52.16666666666671,5.12666666666667,43.83,18.1666666666667,32.1266666666667,21.26,37.723333333333294,17.29,35.4,5.7,747.7999999999998,67.0,6.0,40.0,0.0,37.68615658627823,37.68615658627823,110
10,20.7,38.29,18.323333333333295,41.59,20.29,37.363333333333294,20.34,33.545,18.76,48.0266666666667,4.93333333333333,44.4233333333333,18.1,31.963333333333296,21.2,37.59,17.29,35.4,5.51666666666667,747.95,68.0,5.66666666666667,40.0,0.0333333333333333,1.97076874319464,1.97076874319464,130
20,20.76,38.23,18.39,41.6633333333333,20.29,37.5,20.29,33.7266666666667,18.823333333333295,45.4933333333333,4.86666666666667,45.1566666666667,18.1,31.823333333333295,21.1666666666667,37.4,17.26,35.3633333333333,5.3333333333333295,748.1,69.0,5.3333333333333295,40.0,0.0666666666666667,19.130671210587025,19.130671210587025,140
30,20.823333333333295,38.06,18.39,41.33,20.29,37.5,20.43,34.2666666666667,18.89,44.433333333333294,4.8,45.6233333333333,18.1,31.7,21.1,37.4666666666667,17.26,35.29,5.15,748.25,70.0,5.0,40.0,0.1,29.15521493414417,29.15521493414417,140
20,20.89,37.8,18.39,41.06,20.39,37.4666666666667,20.893333333333295,34.73,19.0,43.46,4.62666666666667,45.933333333333294,18.1,31.6333333333333,21.1,37.59,17.29,35.3266666666667,4.96666666666667,748.4,71.0,4.66666666666667,40.0,0.133333333333333,49.08216939074919,49.08216939074919,130
20,20.9266666666667,37.56,18.39,40.933333333333294,20.39,37.3266666666667,21.2933333333333,34.8633333333333,19.0,42.8666666666667,4.2933333333333294,46.19333333333329,18.1,31.5,21.1,37.6633333333333,17.29,35.4666666666667,4.78333333333333,748.5499999999998,72.0,4.3333333333333295,40.0,0.166666666666667,30.29208392836153,30.29208392836153,130
30,21.0,37.36,18.5,40.863333333333294,20.39,37.26,21.6,34.59,20.233333333333295,80.9933333333333,3.8633333333333297,47.8666666666667,18.033333333333296,31.36,21.066666666666695,37.6566666666667,17.29,35.59,4.6,748.7,73.0,4.0,40.0,0.2,0.6696010939776897,0.6696010939776897,130
20,21.0,37.2,18.5,40.6566666666667,20.39,37.26,21.6,34.4633333333333,20.093333333333305,78.79999999999998,3.73,48.4,18.0,31.29,21.0,38.1233333333333,17.29,35.59,4.66666666666667,748.8333333333329,72.6666666666667,3.6666666666666705,40.0,0.2,0.8895442704670131,0.8895442704670131,100
30,21.0,37.0666666666667,18.5,40.363333333333294,20.29,37.3266666666667,21.566666666666695,34.5,19.496666666666705,79.0333333333333,3.43,48.893333333333295,18.0,31.3566666666667,21.0,38.6566666666667,17.29,35.59,4.73333333333333,748.966666666667,72.3333333333333,3.3333333333333295,40.0,0.2,5.367963225580752,5.367963225580752,110
20,21.0,36.845,18.5,40.1566666666667,20.23,37.3266666666667,21.5,34.5,19.23,79.4933333333333,3.23,50.16666666666669,18.1,31.73,21.0,38.863333333333294,17.29,35.59,4.8,749.1,72.0,3.0,40.0,0.2,8.760318625718355,8.760318625718355,110
20,21.0,36.6633333333333,18.463333333333296,39.9,20.2,37.4,21.39,34.4,19.1,79.16333333333331,3.32666666666667,51.7566666666667,18.1,31.8566666666667,20.945,38.9,17.29,35.59,4.86666666666667,749.233333333333,71.6666666666667,2.66666666666667,40.0,0.2,38.8725183904171,38.8725183904171,120
20,21.0,36.53,18.39,39.6266666666667,20.2,37.3266666666667,21.39,34.4,19.033333333333296,78.23,3.6,52.2966666666667,18.1333333333333,32.0,21.0,38.9,17.29,35.5,4.93333333333333,749.366666666667,71.3333333333333,2.3333333333333295,40.0,0.2,12.596762587781996,12.596762587781996,100
30,21.0,36.363333333333294,18.39,39.545,20.1666666666667,37.3266666666667,21.29,34.4,18.963333333333296,76.96666666666668,3.9333333333333296,52.223333333333294,18.15,32.1175,20.9266666666667,38.9,17.29,35.5,5.0,749.5,71.0,2.0,40.0,0.2,28.001030802261084,28.001030802261084,90
20,21.0,36.29,18.39,39.4,20.1,37.4,21.23,34.3266666666667,18.89,75.4333333333333,4.0925,52.09,18.2,32.29,21.0,38.933333333333294,17.29,35.5,4.91666666666667,749.5833333333329,71.8333333333333,1.8333333333333297,38.16666666666669,0.25,25.241865974385288,25.241865974385288,90
20,21.0,36.2,18.39,39.3266666666667,20.1,37.4,21.26,34.4333333333333,18.76,72.96666666666668,4.263333333333329,52.223333333333294,18.1,32.3266666666667,21.0,39.0,17.29,35.5,4.8333333333333295,749.6666666666669,72.6666666666667,1.66666666666667,36.33333333333329,0.3,29.785683378577232,29.785683378577232,40
20,21.0,36.2,18.39,39.3266666666667,20.066666666666695,37.4,21.2,34.6333333333333,18.625,70.6925,4.43333333333333,52.09,18.1,32.4666666666667,20.9266666666667,39.1566666666667,17.29,35.6266666666667,4.75,749.75,73.5,1.5,34.5,0.35,18.66218806244433,18.66218806244433,30
20,21.0,36.2,18.39,39.4,20.0,37.4,21.2,34.8266666666667,18.6,69.1633333333333,4.5,52.03,18.1333333333333,32.6266666666667,21.0,39.43,17.29,35.76,4.66666666666667,749.8333333333329,74.3333333333333,1.33333333333333,32.66666666666669,0.4,34.087170963175595,34.087170963175595,50
30,20.9266666666667,36.2,18.29,39.433333333333294,20.0,37.433333333333294,21.2,34.9666666666667,18.5,67.63,4.53,51.933333333333294,18.1333333333333,32.76,20.89,39.73,17.29,35.9633333333333,4.5833333333333295,749.9166666666669,75.1666666666667,1.16666666666667,30.8333333333333,0.45,48.243957245722406,48.243957245722406,40
20,20.89,36.29,18.29,39.5,20.0,37.5,21.2,35.03,18.5,66.1566666666667,4.59,51.933333333333294,18.1,33.03,20.89,39.99,17.29,36.1633333333333,4.5,750.0,76.0,1.0,29.0,0.5,15.46193677932024,15.46193677932024,60
30,20.89,36.29,18.29,39.6266666666667,19.963333333333296,37.53,21.2,35.1633333333333,18.463333333333296,64.0666666666667,4.8333333333333295,51.2333333333333,18.1666666666667,33.1633333333333,20.79,40.2,17.29,36.29,4.43333333333333,750.116666666667,76.3333333333333,1.16666666666667,28.5,0.5166666666666672,13.12028830870986,13.12028830870986,50
20,20.8566666666667,36.4,18.29,39.7,19.89,37.59,21.2,35.2,18.39,62.2,4.96666666666667,50.5666666666667,18.2,33.4333333333333,20.79,40.2,17.29,36.363333333333294,4.36666666666667,750.233333333333,76.6666666666667,1.33333333333333,28.0,0.533333333333333,13.447137246839702,13.447137246839702,60
0,19.525,37.975,19.6,38.395,19.89,36.9,20.7,36.2,18.1,42.7,5.99333333333333,49.59,18.29,33.6266666666667,19.6,40.93,17.79,40.363333333333294,4.93333333333333,757.766666666667,73.6666666666667,1.0,50.33333333333329,0.566666666666667,21.337588794995096,21.337588794995096,60
0,19.6,38.0,19.86,37.9666666666667,19.963333333333296,36.9,20.76,36.1266666666667,18.1,42.7,6.49666666666667,45.8,18.34,33.59,19.6,40.6566666666667,17.79,40.9266666666667,5.35,757.85,72.0,1.0,43.5,0.65,2.088293491397053,2.088293491397053,70
0,19.6,38.1266666666667,20.066666666666695,37.8266666666667,19.945,36.9,20.823333333333295,36.1266666666667,18.066666666666695,43.03,6.89666666666667,43.86,18.39,33.56,19.6333333333333,40.5,17.79,41.2,5.76666666666667,757.9333333333329,70.3333333333333,1.0,36.66666666666669,0.733333333333333,34.60211941273883,34.60211941273883,60
10,19.6,38.2,20.323333333333295,37.56,20.0,36.933333333333294,20.89,36.2,17.9266666666667,43.6233333333333,7.259999999999998,41.6566666666667,18.39,33.5,19.7,40.375,17.79,41.23,6.18333333333333,758.016666666667,68.6666666666667,1.0,29.8333333333333,0.8166666666666669,35.79500436317176,35.79500436317176,60
0,19.6333333333333,38.3266666666667,20.463333333333296,37.36,20.0,36.933333333333294,21.0,36.2,17.89,44.44,7.4,39.6566666666667,18.4266666666667,33.43,19.7,40.1266666666667,17.8566666666667,41.363333333333294,6.6,758.1,67.0,1.0,23.0,0.9,13.926818722393364,13.926818722393364,80
0,19.7,38.4,20.6,37.1,20.1,37.0,21.066666666666695,36.26,17.89,44.963333333333296,7.53,37.83333333333329,18.5,33.1566666666667,19.7,39.83333333333329,17.8566666666667,41.4,6.91666666666667,758.15,66.0,1.16666666666667,23.5,0.966666666666667,49.913186149206005,49.913186149206005,80
0,19.7,38.4,20.6,36.7666666666667,20.033333333333296,37.0,21.393333333333295,36.2966666666667,17.8233333333333,45.09,7.59,37.5666666666667,18.5,32.8633333333333,19.6333333333333,39.5,17.8566666666667,41.4666666666667,7.233333333333332,758.2,65.0,1.33333333333333,24.0,1.03333333333333,35.547204955946654,35.547204955946654,70
0,19.76,38.4,20.6,36.4666666666667,20.0,37.0,21.726666666666695,36.03,17.79,45.23,7.8333333333333295,37.8666666666667,18.5,32.6566666666667,19.7,39.26,17.89,41.5,7.55,758.25,64.0,1.5,24.5,1.1,45.81465444061905,45.81465444061905,70
0,19.79,38.26,20.6,36.19333333333329,20.066666666666695,37.1333333333333,21.79,35.8633333333333,17.79,45.29,7.96666666666667,37.46,18.6333333333333,32.3633333333333,19.7,39.0666666666667,17.89,41.5,7.866666666666669,758.2999999999998,63.0,1.66666666666667,25.0,1.16666666666667,39.17023844551295,39.17023844551295,70
0,19.79,38.2,20.6,35.9666666666667,20.1666666666667,37.2,21.8566666666667,35.8633333333333,17.79,45.29,8.144999999999998,36.345,18.76,32.1566666666667,19.79,38.723333333333294,17.89,41.5,8.18333333333333,758.35,62.0,1.8333333333333297,25.5,1.23333333333333,30.929606698919088,30.929606698919088,80
0,19.89,38.26,20.6,35.8266666666667,20.1,37.2,21.945,35.79,17.79,45.363333333333294,8.33,35.0566666666667,18.9266666666667,31.93,19.8566666666667,38.463333333333296,17.89,41.433333333333294,8.5,758.4,61.0,2.0,26.0,1.3,32.778089318890125,32.778089318890125,170
10,19.963333333333296,38.0666666666667,20.6,35.7,20.1333333333333,37.2,22.0,35.6333333333333,17.79,45.4,8.529999999999998,35.1966666666667,19.0,31.79,20.033333333333296,38.223333333333294,17.89,41.4666666666667,8.63333333333333,758.45,60.66666666666671,1.8333333333333297,26.0,1.35,29.33484835084528,29.33484835084528,50
0,20.033333333333296,38.03,20.6,35.6266666666667,20.1333333333333,37.1266666666667,22.0,35.5,17.79,45.4,8.72666666666667,34.4266666666667,19.2,31.6333333333333,20.1666666666667,38.03,17.89,41.4,8.76666666666667,758.5,60.33333333333329,1.66666666666667,26.0,1.4,0.5623347242362797,0.5623347242362797,60
0,20.1666666666667,38.03,20.6,35.59,20.1,37.09,22.0,35.59,17.79,45.4,8.859999999999998,34.0933333333333,19.3266666666667,31.5,20.323333333333295,37.83333333333329,17.89,41.4,8.9,758.5499999999998,60.0,1.5,26.0,1.45,32.044125080574304,32.044125080574304,60
0,20.29,37.93,20.6,35.59,20.1,37.03,22.066666666666695,35.6633333333333,17.79,45.4,9.033333333333328,33.9,19.533333333333296,31.3566666666667,20.463333333333296,37.6266666666667,17.89,41.4666666666667,9.033333333333328,758.6,59.66666666666671,1.33333333333333,26.0,1.5,20.896478323265914,20.896478323265914,70
0,20.3566666666667,37.73,20.6,35.59,20.1,37.0,22.1,35.6633333333333,17.76,45.433333333333294,9.16,33.2333333333333,19.6666666666667,31.29,20.6333333333333,37.4666666666667,17.89,41.4,9.16666666666667,758.65,59.33333333333329,1.16666666666667,26.0,1.55,26.79482522653416,26.79482522653416,60
10,20.5,37.59,20.6,35.59,20.1,37.0,22.1,35.53,17.76,45.433333333333294,9.233333333333329,32.7233333333333,19.79,31.1333333333333,20.7,37.2666666666667,17.9633333333333,41.3266666666667,9.3,758.7,59.0,1.0,26.0,1.6,30.196734075434502,30.196734075434502,80
20,20.566666666666695,37.59,20.566666666666695,35.7,20.1666666666667,37.0,22.0,35.3266666666667,17.7,45.4,8.96,32.6633333333333,19.79,30.9266666666667,20.6666666666667,36.9666666666667,18.0,41.29,9.35,758.716666666667,58.33333333333329,1.0,25.166666666666696,1.48333333333333,35.13981489231809,35.13981489231809,70
30,20.5,37.363333333333294,20.5,35.7,20.1666666666667,37.06,22.066666666666695,35.5266666666667,17.7,45.4,8.96,33.3,19.7,30.79,20.6,36.8266666666667,17.9633333333333,41.29,9.4,758.733333333333,57.66666666666671,1.0,24.3333333333333,1.36666666666667,27.188041631598026,27.188041631598026,70
20,20.5,37.29,20.463333333333296,35.6333333333333,20.2,37.06,22.1,35.6633333333333,17.7,45.4,9.1,32.6333333333333,19.7,30.79,20.6,36.76,17.9633333333333,41.29,9.45,758.75,57.0,1.0,23.5,1.25,22.321231593377888,22.321231593377888,180
20,20.5,37.395,20.365,35.5,20.2,37.1333333333333,22.1,35.4633333333333,17.7,45.3266666666667,9.33,33.29,19.65,30.65,20.6,36.6266666666667,18.0,41.29,9.5,758.766666666667,56.33333333333329,1.0,22.666666666666696,1.13333333333333,36.90725499764085,36.90725499764085,50
0,20.6,37.863333333333294,20.29,35.56,20.245,37.145,22.1333333333333,35.3333333333333,17.76,45.29,9.53,32.0233333333333,19.7,30.566666666666695,20.6,36.59,17.9266666666667,41.29,9.55,758.783333333333,55.66666666666671,1.0,21.8333333333333,1.01666666666667,12.718481197953224,12.718481197953224,60
0,20.6666666666667,37.6633333333333,20.29,35.6633333333333,20.29,37.29,22.1333333333333,35.1266666666667,17.7,45.23,9.83,30.623333333333296,19.76,30.5,20.6666666666667,36.59,17.9266666666667,41.1633333333333,9.6,758.7999999999998,55.0,1.0,21.0,0.9,21.341340639628466,21.341340639628466,60
0,20.7,37.16,20.29,35.53,20.29,37.23,22.1,34.9666666666667,17.7,45.2,10.03,30.23,20.0,30.463333333333296,20.79,36.395,18.0,41.09,9.65,758.866666666667,55.0,1.0,21.166666666666696,0.966666666666667,11.23046864522621,11.23046864522621,50
0,20.7,36.8266666666667,20.2,35.4,20.29,37.06,22.033333333333296,34.7666666666667,17.7,45.1266666666667,9.963333333333328,28.596666666666696,20.0,30.2633333333333,20.79,36.26,18.0,41.03,9.7,758.9333333333329,55.0,1.0,21.3333333333333,1.03333333333333,36.40365912579,36.40365912579,50
0,20.73,36.79,20.2,35.4,20.29,36.933333333333294,21.963333333333296,34.56,17.7,45.4,9.89,28.99,19.963333333333296,30.1666666666667,20.79,36.2,18.0,41.09,9.75,759.0,55.0,1.0,21.5,1.1,15.76048961142078,15.76048961142078,40
10,20.79,36.73,20.1,35.5,20.39,36.863333333333294,21.89,34.4333333333333,17.7,45.73,9.96,27.3333333333333,19.963333333333296,30.1,20.79,36.06,18.0,41.0,9.8,759.0666666666668,55.0,1.0,21.666666666666696,1.16666666666667,11.141423124354333,11.141423124354333,50
0,20.79,36.6633333333333,20.1,35.5,20.39,36.73,21.8566666666667,34.26,17.7,45.79,10.25,25.3225,20.1,30.066666666666695,20.8566666666667,36.0,18.0,40.933333333333294,9.85,759.1333333333331,55.0,1.0,21.8333333333333,1.23333333333333,12.433283985592425,12.433283985592425,50
0,20.8566666666667,36.59,20.1,35.5,20.39,36.76,21.79,34.2,17.7,45.7,10.3,23.963333333333296,20.1666666666667,29.86,21.033333333333296,35.76,18.0,40.9,9.9,759.2,55.0,1.0,22.0,1.3,37.40293360315263,37.40293360315263,60
0,20.89,36.5,20.1,35.5,20.463333333333296,36.76,21.79,33.95,17.7,45.6266666666667,10.2266666666667,23.263333333333296,20.323333333333295,29.726666666666695,21.1,35.6266666666667,18.0,40.8266666666667,9.883333333333328,759.233333333333,54.83333333333329,1.16666666666667,22.0,1.21666666666667,13.505797588732092,13.505797588732092,50
0,20.963333333333296,36.433333333333294,20.1,35.5,20.5,36.6633333333333,21.7,33.8633333333333,17.7,45.4666666666667,10.4333333333333,21.8633333333333,20.463333333333296,29.6,21.1333333333333,35.43,18.033333333333296,40.79,9.86666666666667,759.266666666667,54.66666666666671,1.33333333333333,22.0,1.13333333333333,24.43052041344345,24.43052041344345,60
0,21.0,36.29,20.1,35.4333333333333,20.5,36.59,21.7,33.73,17.7,45.4,10.63,22.5633333333333,20.533333333333296,29.3566666666667,21.2,35.23,18.1,40.73,9.85,759.2999999999998,54.5,1.5,22.0,1.05,34.74950819509104,34.74950819509104,50
0,21.066666666666695,36.29,20.1,35.4,20.6,36.4666666666667,21.6,33.56,17.7,45.26,10.63,20.3566666666667,20.6666666666667,29.23,21.29,35.1333333333333,18.1,40.6633333333333,9.83333333333333,759.3333333333329,54.33333333333329,1.66666666666667,22.0,0.966666666666667,20.786559965927157,20.786559965927157,60
0,21.1,36.1633333333333,20.1,35.3266666666667,20.6,36.4,21.6,33.4333333333333,17.7,45.2,10.6666666666667,20.733333333333295,20.7,29.0,21.29,35.06,18.1,40.53,9.81666666666667,759.366666666667,54.16666666666671,1.8333333333333297,22.0,0.883333333333333,43.73341308673844,43.73341308673844,70
10,21.1,36.09,20.0,35.26,20.6,36.363333333333294,21.6,33.4,17.7,45.09,10.8,20.066666666666695,20.7,28.86,21.4266666666667,35.39,18.1333333333333,40.3266666666667,9.8,759.4,54.0,2.0,22.0,0.8,49.74212804809213,49.74212804809213,90
0,21.1,36.39,20.0,35.26,20.6,36.29,21.533333333333296,33.4,17.7,45.03,10.66,19.726666666666695,20.79,28.6666666666667,21.6333333333333,35.7233333333333,18.2,40.4,9.8,759.4333333333329,53.16666666666671,2.0,22.166666666666696,0.566666666666667,11.90712753450498,11.90712753450498,90
0,21.1,36.53,20.0,35.26,20.6333333333333,36.433333333333294,21.5,33.3633333333333,17.7,45.0,10.6,20.06,20.79,28.533333333333296,21.823333333333295,35.8266666666667,18.1333333333333,40.4,9.8,759.466666666667,52.33333333333329,2.0,22.3333333333333,0.333333333333333,12.67992837820202,12.67992837820202,90
0,21.1666666666667,36.1,20.0,34.9266666666667,20.6333333333333,36.433333333333294,21.5,33.29,17.7,44.933333333333294,10.83,20.263333333333296,20.79,29.1966666666667,21.963333333333296,35.9666666666667,18.1,40.4,9.8,759.5,51.5,2.0,22.5,0.1,11.976274673361331,11.976274673361331,100
0,21.1,35.36,19.6933333333333,33.13,20.566666666666695,36.1233333333333,21.39,33.3333333333333,17.79,44.79,10.89,19.53,20.8566666666667,29.656666666666695,22.1333333333333,36.06,18.1,40.4,9.8,759.533333333333,50.66666666666671,2.0,22.666666666666696,-0.133333333333333,49.437513458542526,49.437513458542526,90
0,21.1,36.395,19.4175,32.495,20.36,35.6566666666667,21.39,33.0,17.79,44.6566666666667,10.89,19.23,21.0,30.163333333333295,22.26,36.06,18.2,40.363333333333294,9.8,759.5666666666668,49.83333333333329,2.0,22.8333333333333,-0.366666666666667,1.6656280029565096,1.6656280029565096,100
0,21.1,35.83,19.463333333333296,32.9233333333333,20.2,35.7,21.3566666666667,32.7233333333333,17.73,44.43,10.89,19.69,20.9725,30.2425,22.39,36.23,18.2,40.29,9.8,759.6,49.0,2.0,23.0,-0.6,34.61548617342487,34.61548617342487,110
10,21.1,36.1633333333333,19.566666666666695,33.4333333333333,20.29,35.79,21.29,32.53,17.79,44.23,11.1,19.763333333333296,20.89,29.96,22.39,36.29,18.2,40.29,9.71666666666667,759.6666666666669,50.0,1.8333333333333297,23.0,-0.4,19.098385563120242,19.098385563120242,120
10,21.1,36.0266666666667,19.7,33.5,20.29,35.79,21.26,32.5,17.79,44.145,10.96,19.29,20.8566666666667,29.6933333333333,22.5,36.4,18.2,40.23,9.633333333333328,759.733333333333,51.0,1.66666666666667,23.0,-0.2,28.888583951629695,28.888583951629695,130
30,21.1,35.9,19.6,34.1333333333333,20.39,35.79,21.2,32.6333333333333,17.79,44.2,10.59,19.2233333333333,20.8566666666667,29.4266666666667,22.575,36.3175,18.2,40.23,9.55,759.7999999999998,52.0,1.5,23.0,0.0,18.44027108745649,18.44027108745649,220
20,21.1,35.9333333333333,19.533333333333296,34.6,20.39,35.73,21.2,33.0966666666667,17.79,44.2,10.1966666666667,19.49,20.76,29.1333333333333,22.6666666666667,36.29,18.2,40.29,9.46666666666667,759.866666666667,53.0,1.33333333333333,23.0,0.2,34.637668915092945,34.637668915092945,360
20,21.1,36.19333333333329,19.5,34.8266666666667,20.39,35.7,21.26,33.5633333333333,17.79,44.2,9.7,20.35,20.7,28.9266666666667,22.7,36.26,18.2,40.23,9.383333333333328,759.9333333333329,54.0,1.16666666666667,23.0,0.4,13.091975974384695,13.091975974384695,680
30,21.1,38.4,19.4266666666667,35.0266666666667,20.39,35.76,21.29,33.9333333333333,17.79,44.2,9.323333333333329,21.0,20.6666666666667,28.726666666666695,22.7,36.1266666666667,18.2,40.29,9.3,760.0,55.0,1.0,23.0,0.6,3.8950669462792575,3.8950669462792575,520
20,21.1666666666667,41.5266666666667,19.5,36.1,20.533333333333296,36.66666666666671,21.29,34.06,17.79,44.2666666666667,9.063333333333329,22.0,20.6,28.533333333333296,22.73,36.2,18.1666666666667,40.26,8.83333333333333,760.116666666667,57.33333333333329,1.16666666666667,30.0,0.7,15.340836183167994,15.340836183167994,430
20,21.23,39.9666666666667,19.5,36.69333333333329,20.6,37.1333333333333,21.39,34.545,17.79,44.4666666666667,8.5,23.263333333333296,20.5,29.3966666666667,22.79,36.26,18.1666666666667,40.2,8.36666666666667,760.233333333333,59.66666666666671,1.33333333333333,37.0,0.8,48.413889412768185,48.413889412768185,700
30,21.29,42.36,19.5,37.26333333333329,20.7,37.59666666666671,21.4266666666667,34.7566666666667,17.79,44.433333333333294,8.03333333333333,24.456666666666695,20.566666666666695,31.33,22.76,36.3266666666667,18.1333333333333,40.2,7.9,760.35,62.0,1.5,44.0,0.9,49.50511185452343,49.50511185452343,680
20,22.0,39.69333333333329,19.79,40.4,21.23,39.363333333333294,21.39,35.9,17.8233333333333,47.1266666666667,5.39666666666667,33.3633333333333,20.1,30.36,22.4266666666667,36.73,18.1333333333333,39.933333333333294,6.0833333333333295,761.283333333333,67.3333333333333,2.0,65.0,0.45,41.98470461415127,41.98470461415127,150
30,22.05,39.19,19.84,39.975,21.23,39.09666666666671,21.39,35.9,17.8233333333333,47.2,4.93333333333333,34.3233333333333,20.0,30.03,22.5,36.863333333333294,18.1,40.03,6.0,761.4,67.0,2.0,65.0,0.3,12.558381841517985,12.558381841517985,140
20,22.1,38.723333333333294,19.79,39.5666666666667,21.29,38.845,21.39,35.8633333333333,17.79,47.09,4.66,35.6566666666667,19.9725,29.815,22.5,36.9,18.1,40.09,5.81666666666667,761.466666666667,68.3333333333333,2.0,64.6666666666667,0.366666666666667,10.707281879149376,10.707281879149376,150
20,22.1,38.39,19.8566666666667,39.4666666666667,21.29,38.56,21.463333333333296,35.73,17.79,47.0225,4.66,37.7966666666667,19.89,29.73,22.4266666666667,36.8266666666667,18.1,40.09,5.633333333333329,761.533333333333,69.6666666666667,2.0,64.3333333333333,0.43333333333333296,12.443168135359883,12.443168135359883,150
30,22.1,38.1333333333333,19.79,39.2666666666667,21.29,38.433333333333294,21.5,35.73,17.79,46.933333333333294,4.93333333333333,38.9966666666667,19.79,29.566666666666695,22.39,36.76,18.1,40.09,5.45,761.6,71.0,2.0,64.0,0.5,3.4979847609065478,3.4979847609065478,150
20,22.1,37.933333333333294,19.79,39.1266666666667,21.29,38.1633333333333,21.5,35.73,17.79,46.863333333333294,5.14,40.19,19.79,29.5,22.39,36.76,18.1,40.09,5.26666666666667,761.6666666666669,72.3333333333333,2.0,63.66666666666669,0.566666666666667,31.454947846941646,31.454947846941646,140
30,22.1,37.8266666666667,19.8566666666667,39.2,21.29,38.03,21.5,35.7,17.79,46.73,5.09,41.5266666666667,19.76,29.79,22.39,36.7,18.1,40.09,5.0833333333333295,761.733333333333,73.6666666666667,2.0,63.33333333333329,0.633333333333333,28.722604073118415,28.722604073118415,110
20,22.1,37.69333333333329,19.823333333333295,39.0,21.26,37.863333333333294,21.566666666666695,35.7,17.79,46.6633333333333,4.963333333333329,42.1333333333333,19.76,29.996666666666705,22.39,36.8266666666667,18.1,40.09,4.9,761.7999999999998,75.0,2.0,63.0,0.7,16.894233284983784,16.894233284983784,130
10,20.0,33.86,18.39,34.83,19.8566666666667,34.3633333333333,20.1666666666667,32.7233333333333,17.79,45.06,3.8,69.1,19.0,31.73,20.323333333333295,38.7,18.29,38.89,3.7666666666666706,765.033333333333,84.6666666666667,2.0,43.33333333333329,1.33333333333333,17.086473561357707,17.086473561357707,50
10,19.89,33.79,18.566666666666695,34.6633333333333,19.79,34.29,20.1,32.53,17.79,44.933333333333294,4.12666666666667,67.7,19.0,31.76,20.323333333333295,38.6266666666667,18.29,39.1633333333333,4.05,765.1,83.0,2.0,46.0,1.35,23.17425701767206,23.17425701767206,70
0,19.89,33.79,18.76,34.53,19.79,34.4,20.2,32.4,17.79,44.863333333333294,4.463333333333329,64.4633333333333,19.0,31.7,20.29,38.5,18.29,39.433333333333294,4.3333333333333295,765.1666666666669,81.3333333333333,2.0,48.66666666666669,1.36666666666667,42.037761094979935,42.037761094979935,40
10,19.89,33.7233333333333,18.963333333333296,34.09,19.73,34.0666666666667,20.2,32.4,17.79,44.79,4.73,62.1233333333333,19.033333333333296,31.6333333333333,20.29,38.433333333333294,18.29,39.6333333333333,4.61666666666667,765.233333333333,79.6666666666667,2.0,51.33333333333329,1.38333333333333,43.5999943758361,43.5999943758361,30
0,19.89,33.59,18.963333333333296,34.09,19.7,34.1633333333333,20.23,32.5666666666667,17.79,44.6633333333333,5.1,59.89,19.1,31.6333333333333,20.3566666666667,38.1633333333333,18.29,39.745,4.9,765.2999999999998,78.0,2.0,54.0,1.4,8.310290740337223,8.310290740337223,30
10,19.89,33.5266666666667,19.1333333333333,33.66,19.6333333333333,33.6966666666667,20.29,32.76,17.79,44.53,5.36666666666667,57.83,19.1,31.6,20.29,38.03,18.29,39.8266666666667,5.18333333333333,765.2999999999998,76.6666666666667,2.3333333333333295,55.0,1.4,13.110994396265596,13.110994396265596,20
10,19.823333333333295,33.1933333333333,18.9266666666667,33.2666666666667,19.463333333333296,33.1,20.29,32.9333333333333,17.76,44.363333333333294,5.6233333333333295,55.6,19.1,31.533333333333296,20.29,37.863333333333294,18.29,39.9,5.46666666666667,765.2999999999998,75.3333333333333,2.66666666666667,56.0,1.4,38.79807854536921,38.79807854536921,50
0,19.76,32.9666666666667,18.7,33.23,19.323333333333295,32.8266666666667,20.29,33.06,17.76,44.23,5.83,54.9933333333333,19.2,31.5,20.29,37.79,18.29,40.0,5.75,765.2999999999998,74.0,3.0,57.0,1.4,21.79426966467872,21.79426966467872,50
10,19.7,32.9,18.6333333333333,33.23,19.2,32.79,20.39,33.2,17.79,44.2,6.16,53.29,19.2,31.4266666666667,20.39,37.6633333333333,18.29,40.0,6.03333333333333,765.2999999999998,72.6666666666667,3.3333333333333295,58.0,1.4,26.64875645423308,26.64875645423308,50
0,19.6,32.76,18.5,33.245,19.1333333333333,32.79,20.463333333333296,33.26,17.79,44.1266666666667,6.43333333333333,51.6233333333333,19.29,31.3566666666667,20.39,37.59,18.29,40.03,6.31666666666667,765.2999999999998,71.3333333333333,3.6666666666666705,59.0,1.4,3.760543873067945,3.760543873067945,50
10,19.6,32.8333333333333,18.663333333333295,33.36,19.1,33.19,20.5,33.4,17.76,44.09,6.6233333333333295,49.1333333333333,19.3925,31.29,20.5,37.5266666666667,18.29,40.03,6.6,765.2999999999998,70.0,4.0,60.0,1.4,8.314271667040883,8.314271667040883,90
10,19.6333333333333,33.5,18.8566666666667,33.5,19.2,33.53,20.566666666666695,33.4,17.7,44.0675,6.83,47.5266666666667,19.566666666666695,31.23,20.566666666666695,37.3266666666667,18.29,40.03,6.883333333333329,765.283333333333,68.1666666666667,4.0,60.5,1.28333333333333,35.39875691058114,35.39875691058114,100
0,19.7675,34.65,19.1,33.7666666666667,19.3266666666667,33.7233333333333,20.6,33.4333333333333,17.7,43.933333333333294,7.1,47.5266666666667,19.6333333333333,31.1,20.7,37.223333333333294,18.29,40.09,7.16666666666667,765.266666666667,66.3333333333333,4.0,61.0,1.16666666666667,42.1458275639452,42.1458275639452,60
10,19.79,34.7,19.1666666666667,34.0266666666667,19.39,33.9333333333333,20.6666666666667,33.56,17.7,43.863333333333294,7.366666666666669,46.5266666666667,19.76,31.033333333333296,20.76,37.03,18.29,39.363333333333294,7.45,765.25,64.5,4.0,61.5,1.05,32.13250074768439,32.13250074768439,40
0,19.9266666666667,34.9333333333333,19.23,34.2666666666667,19.463333333333296,34.1333333333333,20.7,33.59,17.7,43.73,7.563333333333331,44.6,19.89,30.963333333333296,20.9266666666667,36.9666666666667,18.29,39.363333333333294,7.733333333333332,765.233333333333,62.66666666666671,4.0,62.0,0.933333333333333,20.69735701661557,20.69735701661557,30
10,20.066666666666695,35.06,19.29,34.4,19.533333333333296,34.23,20.7,33.59,18.1,61.4,7.822499999999998,41.595,19.963333333333296,30.823333333333295,21.066666666666695,36.8266666666667,18.39,39.53,8.01666666666667,765.216666666667,60.83333333333329,4.0,62.5,0.8166666666666669,19.87281502224505,19.87281502224505,60
0,20.1333333333333,35.09,19.323333333333295,34.3633333333333,19.6,34.3633333333333,20.7,33.59,18.1,62.33333333333329,8.06666666666667,39.533333333333296,20.1333333333333,30.726666666666695,21.1333333333333,36.6333333333333,18.39,39.53,8.3,765.2,59.0,4.0,63.0,0.7,9.662893123459073,9.662893123459073,30
10,20.26,35.4233333333333,19.39,34.29,19.6333333333333,34.4633333333333,20.7,33.59,18.1,62.5266666666667,8.33,35.76,20.26,30.6,21.26,36.433333333333294,18.39,39.53,8.46666666666667,765.1333333333331,58.16666666666671,4.0,55.83333333333329,0.65,2.586446888744831,2.586446888744831,40
10,20.323333333333295,34.99,19.4266666666667,34.23,19.7,34.59,20.7,33.59,18.033333333333296,62.0666666666667,8.529999999999998,33.9,20.323333333333295,30.26,21.39,36.19333333333329,18.39,39.59,8.63333333333333,765.0666666666668,57.33333333333329,4.0,48.66666666666669,0.6,3.531314816791564,3.531314816791564,50
0,20.39,34.5966666666667,19.5,34.29,19.73,34.6633333333333,20.7,33.56,18.0,61.36,8.75666666666667,31.8,20.463333333333296,30.1333333333333,21.5725,35.8975,18.39,39.59,8.8,765.0,56.5,4.0,41.5,0.55,18.276524962857366,18.276524962857366,40
10,20.5,34.4,19.4266666666667,34.3266666666667,19.79,34.59,20.7,33.5,18.0,60.5666666666667,8.96333333333333,30.46,20.6333333333333,29.89,21.76,35.73,18.39,39.59,8.96666666666667,764.9333333333329,55.66666666666671,4.0,34.3333333333333,0.5,49.215519276913255,49.215519276913255,50
0,20.566666666666695,34.3266666666667,19.5,34.4,19.823333333333295,34.6266666666667,20.7,33.4666666666667,17.89,59.533333333333296,9.033333333333328,28.5566666666667,20.76,29.7633333333333,21.823333333333295,35.4666666666667,18.39,39.5,9.133333333333328,764.866666666667,54.83333333333329,4.0,27.166666666666696,0.45,38.39008889626712,38.39008889626712,50
10,20.7,34.3333333333333,19.5,34.5,19.89,34.7,20.7,33.3266666666667,17.89,58.793333333333294,9.1,28.6966666666667,20.9266666666667,29.6333333333333,21.89,35.2666666666667,18.39,39.433333333333294,9.3,764.7999999999998,54.0,4.0,20.0,0.4,47.217333014123135,47.217333014123135,50
10,20.7,34.1266666666667,19.5,34.4333333333333,19.89,34.7,20.7,33.29,17.89,57.5666666666667,9.33,29.1266666666667,21.066666666666695,29.5,22.033333333333296,35.0,18.5,39.5,9.41666666666667,764.7999999999998,53.83333333333329,4.0,27.5,0.45,10.094660089816898,10.094660089816898,60
0,20.73,33.9666666666667,19.5,34.3633333333333,19.89,34.7,20.7,33.29,17.89,55.9,9.463333333333328,28.393333333333295,21.2,29.3266666666667,22.1666666666667,34.9333333333333,18.5,39.4666666666667,9.533333333333328,764.7999999999998,53.66666666666671,4.0,35.0,0.5,24.58083669189364,24.58083669189364,50
10,20.79,33.8266666666667,19.566666666666695,34.29,20.0,34.7,20.73,33.29,17.79,54.1966666666667,9.533333333333328,26.963333333333296,21.26,29.2,22.29,34.76,18.5,39.4,9.65,764.7999999999998,53.5,4.0,42.5,0.55,47.81591380015016,47.81591380015016,50
0,20.79,33.7,19.6,34.26,20.066666666666695,34.7,20.79,33.29,17.79,53.1966666666667,9.6,26.156666666666695,21.4266666666667,29.0,22.3566666666667,34.5666666666667,18.5,39.363333333333294,9.76666666666667,764.7999999999998,53.33333333333329,4.0,50.0,0.6,47.929242113605135,47.929242113605135,50
10,20.8566666666667,33.6266666666667,19.533333333333296,34.1266666666667,20.0,34.59,20.79,33.2,17.79,52.2333333333333,9.69,24.7,21.5,28.9266666666667,22.4266666666667,34.4,18.5,39.29,9.883333333333328,764.7999999999998,53.16666666666671,4.0,57.5,0.65,9.085408749524506,9.085408749524506,50
10,20.89,33.5,19.6,33.95,20.075,34.5675,20.79,33.2,17.79,51.4933333333333,9.76333333333333,24.033333333333296,21.6333333333333,28.76,22.566666666666695,34.2666666666667,18.5,39.29,10.0,764.7999999999998,53.0,4.0,65.0,0.7,31.529887299984694,31.529887299984694,50
0,20.89,33.5,19.6,33.9,20.1,34.5,20.79,33.1633333333333,17.79,50.7333333333333,9.89,23.66,21.7675,28.6,22.6,34.06,18.5,39.29,9.93333333333333,764.783333333333,53.83333333333329,4.16666666666667,65.0,0.85,47.97413357300684,47.97413357300684,20
10,21.0,33.5,19.6,33.9,20.2,34.4666666666667,20.79,33.09,17.79,49.9975,9.89,23.9933333333333,21.8566666666667,28.4266666666667,22.6666666666667,34.0,18.6,39.2,9.86666666666667,764.766666666667,54.66666666666671,4.3333333333333295,65.0,1.0,7.452929858118295,7.452929858118295,30
0,21.0,33.5225,19.6,34.0,20.2,34.4,20.89,33.2,17.79,49.33,9.92666666666667,24.0233333333333,21.89,28.3566666666667,22.7,33.79,18.6,39.2,9.8,764.75,55.5,4.5,65.0,1.15,21.26548523083329,21.26548523083329,30
10,21.0,33.59,19.6,33.9333333333333,20.2,34.4,20.823333333333295,33.1266666666667,17.79,48.7666666666667,10.075,24.4975,21.963333333333296,28.23,22.76,33.73,18.6,39.2,9.733333333333329,764.733333333333,56.33333333333329,4.66666666666667,65.0,1.3,34.28270677104592,34.28270677104592,50
10,21.0,33.43,19.5,33.8633333333333,20.2,34.4,20.823333333333295,33.1266666666667,17.79,48.3,10.1,24.36,22.0,28.1,22.79,33.59,18.6,39.1266666666667,9.66666666666667,764.716666666667,57.16666666666671,4.8333333333333295,65.0,1.45,41.0985364113003,41.0985364113003,50
0,21.0,33.29,19.5,33.79,20.2,34.3266666666667,20.89,33.2,17.79,47.83333333333329,10.0333333333333,25.263333333333296,22.0,28.1,22.79,33.53,18.6,39.09,9.6,764.7,58.0,5.0,65.0,1.6,18.489994236733764,18.489994236733764,40
10,21.0,33.3633333333333,19.5,33.6933333333333,20.2,34.3266666666667,20.79,33.09,17.79,47.5,10.16,24.93,22.033333333333296,28.0,22.79,33.5,18.6,39.09,9.533333333333328,764.716666666667,57.83333333333329,5.0,65.0,1.51666666666667,45.28694316977635,45.28694316977635,50
0,21.0,33.1566666666667,19.4266666666667,33.5,20.2,34.2233333333333,20.79,33.09,17.79,47.1,10.2566666666667,24.43,22.1,28.0,22.79,33.5,18.6,39.09,9.46666666666667,764.733333333333,57.66666666666671,5.0,65.0,1.43333333333333,41.048967407550656,41.048967407550656,50
0,21.0,33.06,19.3566666666667,33.3633333333333,20.2,34.09,20.79,33.09,17.79,46.7666666666667,10.39,24.5633333333333,22.1,28.0,22.79,33.4,18.6,39.09,9.4,764.75,57.5,5.0,65.0,1.35,18.72284668497741,18.72284668497741,50
0,20.9266666666667,32.7266666666667,19.23,32.89,20.2,34.2,20.79,33.2,17.79,46.43,10.3233333333333,24.5633333333333,22.1,27.9266666666667,22.79,33.4,18.6,39.09,9.33333333333333,764.766666666667,57.33333333333329,5.0,65.0,1.26666666666667,18.02155621116981,18.02155621116981,50
0,20.89,32.29,19.2,32.79,20.2,34.26,20.73,33.2,17.79,46.1566666666667,10.13,24.0233333333333,22.0,27.79,22.79,33.4,18.6,39.09,9.26666666666667,764.783333333333,57.16666666666671,5.0,65.0,1.18333333333333,20.259391667786986,20.259391667786986,50
0,20.89,32.3633333333333,19.2,32.79,20.2,34.4,20.7,33.2,17.79,45.83333333333329,10.0666666666667,24.89,22.0,27.79,22.7,33.53,18.6,39.09,9.2,764.7999999999998,57.0,5.0,65.0,1.1,44.04051140882074,44.04051140882074,50
0,20.89,32.3633333333333,19.1666666666667,32.9,20.2,34.4,20.7,33.26,17.79,45.5666666666667,9.86666666666667,24.89,22.0,27.79,22.7,33.59,18.6,39.09,9.05,764.7999999999998,57.33333333333329,4.66666666666667,57.66666666666669,1.01666666666667,30.623092700261623,30.623092700261623,40
0,20.823333333333295,32.23,19.1,32.9,20.2,34.53,20.6666666666667,33.3633333333333,17.79,45.26,9.69,25.4333333333333,21.9266666666667,27.73,22.6,33.53,18.6,39.2,8.9,764.7999999999998,57.66666666666671,4.3333333333333295,50.33333333333329,0.933333333333333,40.79604857834056,40.79604857834056,40
0,20.79,32.1633333333333,19.1,32.9,20.2,34.59,20.6,33.29,17.79,45.1266666666667,9.563333333333329,25.033333333333296,21.89,27.7,22.533333333333296,33.59,18.6,39.2,8.75,764.7999999999998,58.0,4.0,43.0,0.85,39.90102915558964,39.90102915558964,60
0,20.79,32.1633333333333,19.1,32.9666666666667,20.2,34.7,20.6,33.26,17.79,44.9666666666667,9.323333333333329,25.5233333333333,21.823333333333295,27.6333333333333,22.566666666666695,33.7666666666667,18.6,39.2,8.599999999999998,764.7999999999998,58.33333333333329,3.6666666666666705,35.66666666666669,0.766666666666667,20.044174254871905,20.044174254871905,60
0,20.79,32.4333333333333,19.0,33.1933333333333,20.1333333333333,34.7,20.533333333333296,33.2,17.79,44.9,9.13,25.93,21.76,27.6,22.566666666666695,34.1,18.6,39.2,8.449999999999998,764.7999999999998,58.66666666666671,3.3333333333333295,28.3333333333333,0.683333333333333,14.098193228710443,14.098193228710443,70
0,20.73,32.6333333333333,19.0,33.5266666666667,20.1,34.7,20.5,33.06,17.79,44.79,8.76333333333333,26.6333333333333,21.7,27.6,22.6,34.4333333333333,18.6,39.2,8.3,764.7999999999998,59.0,3.0,21.0,0.6,37.26385463960469,37.26385463960469,100
0,20.7,33.03,18.945,33.895,20.075,34.7,20.5,32.9333333333333,17.79,44.73,8.563333333333329,26.9,21.6,27.5,22.6666666666667,34.6333333333333,18.6,39.2,8.08333333333333,764.866666666667,61.0,2.8333333333333295,28.3333333333333,0.8333333333333329,12.814857775811104,12.814857775811104,100
0,20.7,33.2233333333333,19.0,34.3,20.066666666666695,34.7,20.39,32.79,17.79,44.7,8.09333333333333,27.8333333333333,21.533333333333296,27.5,22.7,34.86,18.6,39.2,7.866666666666669,764.9333333333329,63.0,2.66666666666667,35.66666666666669,1.06666666666667,1.6139356070198119,1.6139356070198119,100
10,20.7,33.4333333333333,19.0,34.6333333333333,20.1,34.6633333333333,20.39,32.79,17.79,44.7,7.693333333333332,28.8333333333333,21.445,27.5,22.7,35.0,18.6,39.2,7.65,765.0,65.0,2.5,43.0,1.3,41.12641810206696,41.12641810206696,100
0,20.7,33.595,19.0,34.9633333333333,20.1,34.59,20.29,32.9,17.79,44.7,7.245,29.95,21.3566666666667,27.5,22.76,35.1266666666667,18.6,39.2,7.43333333333333,765.0666666666668,67.0,2.3333333333333295,50.33333333333329,1.53333333333333,13.178867229726164,13.178867229726164,100
0,20.7,33.76,19.0,35.1633333333333,20.2,34.59,20.29,33.0266666666667,17.79,44.6633333333333,6.79666666666667,30.666666666666696,21.29,27.566666666666695,22.76,35.2,18.5,39.2,7.21666666666667,765.1333333333331,69.0,2.16666666666667,57.66666666666669,1.76666666666667,37.53288289299235,37.53288289299235,250
10,20.73,35.6566666666667,19.033333333333296,35.23,20.2,34.59,20.29,33.1266666666667,17.79,44.59,6.39666666666667,31.4666666666667,21.2,27.6333333333333,22.79,35.29,18.566666666666695,39.2,7.0,765.2,71.0,2.0,65.0,2.0,34.9987126304768,34.9987126304768,340
10,20.8566666666667,37.3966666666667,19.1,35.43,20.2,34.73,20.29,33.2,17.79,44.6266666666667,6.02666666666667,32.66666666666669,21.1333333333333,27.7,22.79,35.23,18.6,39.2,6.96666666666667,765.283333333333,71.1666666666667,2.0,64.8333333333333,2.0,49.03850678820163,49.03850678820163,100
0,20.89,36.863333333333294,19.2,36.0,20.2,34.93,20.2,33.53,17.79,44.76,5.76,33.2666666666667,21.1,27.7,22.76,35.0,18.6,39.1266666666667,6.93333333333333,765.366666666667,71.3333333333333,2.0,64.6666666666667,2.0,10.070092149544507,10.070092149544507,90
10,20.963333333333296,36.463333333333296,19.2,36.33333333333329,20.2,35.09,20.2,33.7225,17.79,44.8266666666667,5.43333333333333,34.1,21.033333333333296,27.6333333333333,22.7,35.0,18.533333333333296,38.99,6.9,765.45,71.5,2.0,64.5,2.0,39.96157970977947,39.96157970977947,110
0,21.033333333333296,36.06,19.29,36.69333333333329,20.2,35.1633333333333,20.2,33.9666666666667,17.79,44.9666666666667,5.22666666666667,35.2266666666667,20.89,27.533333333333296,22.6333333333333,35.2666666666667,18.533333333333296,38.93,6.86666666666667,765.533333333333,71.6666666666667,2.0,64.3333333333333,2.0,0.3957410110160708,0.3957410110160708,120
0,21.1,35.86,19.29,36.9,20.29,35.29,20.2,34.03,17.79,45.03,5.22666666666667,36.6,20.89,27.6,22.7,35.4666666666667,18.533333333333296,38.93,6.8333333333333295,765.616666666667,71.8333333333333,2.0,64.1666666666667,2.0,33.08369901496917,33.08369901496917,100
0,21.1,35.6633333333333,19.323333333333295,36.9666666666667,20.29,35.3633333333333,20.2,34.1633333333333,17.79,45.09,5.36666666666667,36.933333333333294,20.76,27.6,22.73,35.53,18.533333333333296,38.863333333333294,6.8,765.7,72.0,2.0,64.0,2.0,18.767556501552463,18.767556501552463,100
0,21.1666666666667,35.53,19.39,36.9,20.29,35.4,20.1,34.0,17.79,45.1266666666667,5.263333333333329,37.0966666666667,20.7,27.6666666666667,22.79,35.59,18.533333333333296,39.03,6.66666666666667,765.75,72.1666666666667,2.0,64.0,1.9,6.742058461531997,6.742058461531997,100
0,21.23,35.5,19.5,37.0,20.29,35.4,20.1,33.9333333333333,17.79,45.2,5.263333333333329,37.49,20.6666666666667,27.6666666666667,22.79,35.59,18.525,39.09,6.53333333333333,765.7999999999998,72.3333333333333,2.0,64.0,1.8,19.30282902903855,19.30282902903855,140
10,21.29,35.4333333333333,19.5,37.0,20.29,35.4,20.1,33.76,17.79,45.2,5.263333333333329,37.7666666666667,20.6,27.6666666666667,22.79,35.59,18.5,39.09,6.4,765.85,72.5,2.0,64.0,1.7,26.775314868427813,26.775314868427813,160
20,21.39,35.4,19.533333333333296,36.933333333333294,20.29,35.4666666666667,20.1,33.7,17.79,45.2,5.19,38.36,20.5,27.73,22.79,35.59,18.5,39.09,6.26666666666667,765.9,72.6666666666667,2.0,64.0,1.6,13.646993436850607,13.646993436850607,100
10,21.39,35.4,19.6,37.0,20.323333333333295,35.5,20.0,33.5,17.79,45.2,5.33,38.7666666666667,20.5,27.8566666666667,22.79,35.3333333333333,18.5,39.09,6.133333333333329,765.95,72.8333333333333,2.0,64.0,1.5,37.21440844237805,37.21440844237805,90
10,21.5,35.4666666666667,19.6,37.0,20.39,35.5,20.0,33.4333333333333,17.79,45.26,5.06333333333333,38.6333333333333,20.5,27.9266666666667,22.73,35.0666666666667,18.5,39.2,6.0,766.0,73.0,2.0,64.0,1.4,2.222353534307331,2.222353534307331,80
10,21.566666666666695,35.4,19.6,37.0,20.39,35.59,19.963333333333296,33.3633333333333,17.79,45.29,4.49333333333333,39.26333333333329,20.4266666666667,27.9266666666667,22.7,34.76,18.5,39.2,5.8333333333333295,766.0499999999998,74.5,2.0,62.0,1.53333333333333,4.445490136276931,4.445490136276931,90
0,21.533333333333296,35.3633333333333,19.6,37.045,20.39,35.59,19.89,33.29,17.79,45.363333333333294,4.16,40.79,20.39,27.9266666666667,22.6333333333333,34.6266666666667,18.5,39.2,5.66666666666667,766.1,76.0,2.0,60.0,1.66666666666667,33.370489603839815,33.370489603839815,100
10,21.6,35.29,19.566666666666695,37.1266666666667,20.463333333333296,35.6633333333333,19.89,33.29,19.2633333333333,82.3933333333333,3.895,42.495,20.323333333333295,28.066666666666695,22.5,35.0566666666667,18.5,39.2,5.5,766.15,77.5,2.0,58.0,1.8,3.5491306567564607,3.5491306567564607,90
0,21.6,35.3633333333333,19.5,37.1266666666667,20.5,35.7,19.89,33.3633333333333,18.8225,75.59999999999998,3.6633333333333296,44.6966666666667,20.29,28.1,22.5,35.9233333333333,18.5,39.2,5.3333333333333295,766.2,79.0,2.0,56.0,1.93333333333333,42.9252025205642,42.9252025205642,110
0,21.533333333333296,35.29,19.463333333333296,37.36,20.5,35.76,19.89,33.53,18.6333333333333,63.2666666666667,3.59,45.963333333333296,20.2,28.1,22.566666666666695,36.5,18.5,39.2,5.16666666666667,766.25,80.5,2.0,54.0,2.06666666666667,25.65228914609179,25.65228914609179,90
10,21.5,35.495,19.323333333333295,37.6333333333333,20.39,35.73,19.89,33.6633333333333,18.7,55.963333333333296,3.56,46.863333333333294,20.2,28.1666666666667,22.5,36.76,18.5,39.2,5.0,766.2999999999998,82.0,2.0,52.0,2.2,33.47467116545886,33.47467116545886,80
0,21.5,35.7,19.26,38.0,20.39,35.79,19.89,33.9333333333333,18.76,52.6966666666667,3.43333333333333,47.3966666666667,20.2,28.23,22.5,37.3,18.5,39.2,4.91666666666667,766.35,82.1666666666667,2.0,52.0,2.15,42.6076089264825,42.6076089264825,70
0,21.5,35.76,19.2,38.19333333333329,20.39,35.9333333333333,19.89,34.06,18.79,49.73,3.29,49.0666666666667,20.1333333333333,28.29,22.566666666666695,37.6333333333333,18.5,39.2,4.8333333333333295,766.4,82.3333333333333,2.0,52.0,2.1,36.95614851312712,36.95614851312712,50
10,21.39,35.79,19.1,38.53,20.39,36.0,19.89,34.23,18.79,48.0633333333333,3.43,50.793333333333294,20.1,28.39,22.5,37.933333333333294,18.5,39.2,4.75,766.45,82.5,2.0,52.0,2.05,47.67228050623089,47.67228050623089,30
10,21.39,35.79,19.033333333333296,38.59,20.29,36.03,19.89,34.42,18.8566666666667,46.76333333333329,3.8,51.83,20.1,28.5966666666667,22.5,38.06,18.5,39.1633333333333,4.66666666666667,766.5,82.6666666666667,2.0,52.0,2.0,44.0919846878387,44.0919846878387,20
0,19.7,35.2966666666667,19.26,34.2233333333333,19.5,35.4333333333333,20.445,34.4,18.0,44.29,6.16,56.0633333333333,19.23,30.39,21.5,42.06,18.6,40.0,5.5,767.5,85.5,1.16666666666667,42.66666666666669,3.15,49.06722136074677,49.06722136074677,140
0,19.7,34.9633333333333,19.26,34.1633333333333,19.5,35.4,20.463333333333296,34.3333333333333,18.0,44.4,6.43333333333333,51.3966666666667,19.29,30.323333333333295,21.566666666666695,41.933333333333294,18.6333333333333,40.03,5.9,767.5,82.0,1.33333333333333,46.33333333333329,2.9,28.95233748713508,28.95233748713508,110
10,19.7,34.9,19.4266666666667,34.06,19.5,35.4,20.463333333333296,34.2,18.0,44.3266666666667,6.6233333333333295,49.1566666666667,19.323333333333295,30.26,21.6333333333333,41.56,18.7,40.09,6.3,767.5,78.5,1.5,50.0,2.65,0.9099680697545408,0.9099680697545408,80
0,19.7,34.9,19.566666666666695,33.9333333333333,19.533333333333296,35.4,20.5,34.1633333333333,18.0,44.29,6.83,47.1566666666667,19.463333333333296,30.2,21.76,41.36,18.7,40.09,6.7,767.5,75.0,1.66666666666667,53.66666666666669,2.4,28.536006482318044,28.536006482318044,60
10,19.7,35.03,19.6333333333333,33.86,19.6,35.4,20.566666666666695,34.09,18.0,44.23,7.1233333333333295,45.03,19.6,30.066666666666695,21.9266666666667,41.1333333333333,18.7,40.09,7.1,767.5,71.5,1.8333333333333297,57.33333333333329,2.15,15.513633540831506,15.513633540831506,170
10,19.7,35.49,19.6333333333333,34.0,19.463333333333296,35.4,20.6,34.0,17.9633333333333,44.06,7.33,42.4966666666667,19.6666666666667,29.9266666666667,22.066666666666695,40.86,18.6,40.0,7.5,767.5,68.0,2.0,61.0,1.9,30.6116538005881,30.6116538005881,230
0,19.7,36.2333333333333,19.6,33.9,19.39,35.5266666666667,20.6666666666667,34.06,17.89,44.0,7.66,40.7333333333333,19.823333333333295,29.79,22.323333333333295,40.4966666666667,18.625,40.0225,7.666666666666669,767.466666666667,67.8333333333333,2.16666666666667,61.5,2.03333333333333,7.032348110806197,7.032348110806197,230
10,19.7,35.9666666666667,19.6,33.9,19.4266666666667,35.53,20.7,34.29,17.89,43.9666666666667,7.866666666666669,37.7333333333333,19.963333333333296,29.663333333333295,22.53,39.89,18.7,40.03,7.8333333333333295,767.4333333333329,67.6666666666667,2.3333333333333295,62.0,2.16666666666667,29.72171151777729,29.72171151777729,300
0,19.79,38.4933333333333,19.7,33.9333333333333,19.5,35.59,20.76,34.29,17.89,43.9,8.03333333333333,36.1,20.1,29.463333333333296,22.73,39.5266666666667,18.7,39.9666666666667,8.0,767.4,67.5,2.5,62.5,2.3,26.413903851062056,26.413903851062056,290
10,19.8566666666667,41.5666666666667,19.7,34.1333333333333,19.533333333333296,35.7666666666667,20.79,34.09,17.89,43.9,8.233333333333329,35.69333333333329,20.1666666666667,29.323333333333295,22.8566666666667,39.2666666666667,18.7,39.8266666666667,8.16666666666667,767.366666666667,67.3333333333333,2.66666666666667,63.0,2.43333333333333,36.69945664005353,36.69945664005353,180
10,20.033333333333296,41.7666666666667,19.76,34.6,19.6,36.0266666666667,20.79,34.03,17.89,43.9666666666667,8.22666666666667,32.26,20.39,29.1333333333333,23.05,39.045,18.7,39.76,8.33333333333333,767.3333333333329,67.1666666666667,2.8333333333333295,63.5,2.56666666666667,6.004914338700472,6.004914338700472,140
0,20.1,39.83333333333329,19.7,34.2666666666667,19.7,36.1,20.89,33.9666666666667,17.89,44.09,8.43333333333333,32.66666666666669,20.463333333333296,29.0,23.36,38.83333333333329,18.7,39.7,8.5,767.2999999999998,67.0,3.0,64.0,2.7,3.975222061853856,3.975222061853856,160
10,20.2,38.56,19.7,34.09,19.7,35.76,20.823333333333295,33.8266666666667,17.89,43.963333333333296,8.63,31.2933333333333,20.6333333333333,28.8566666666667,23.6333333333333,38.6266666666667,18.7,39.6633333333333,8.55,767.25,65.3333333333333,3.0,57.0,2.35,13.505578821059316,13.505578821059316,200
10,20.26,38.6333333333333,19.76,34.1266666666667,19.76,35.7,20.79,33.7,17.89,43.69,8.76333333333333,30.8333333333333,20.76,28.73,23.79,38.4,18.7,39.59,8.599999999999998,767.2,63.66666666666671,3.0,50.0,2.0,35.850170080084354,35.850170080084354,210
0,20.323333333333295,40.9,19.76,34.46,19.823333333333295,36.03,20.79,33.76,17.89,43.59,8.83,27.763333333333296,20.86,28.5,23.8566666666667,38.3266666666667,18.73,39.5,8.65,767.15,62.0,3.0,43.0,1.65,19.5735436398536,19.5735436398536,130
10,20.463333333333296,40.16666666666671,19.79,35.0,19.89,36.363333333333294,20.89,34.0,17.89,43.59,8.89,27.3566666666667,21.075,28.4475,24.033333333333296,38.26,18.79,39.5,8.699999999999998,767.1,60.33333333333329,3.0,36.0,1.3,45.45943570556119,45.45943570556119,130
10,20.533333333333296,38.05666666666671,19.79,35.0,19.89,36.26,20.89,34.06,17.89,43.59,9.05,26.75,21.1666666666667,28.23,24.226666666666695,38.2,18.79,39.4,8.75,767.0499999999998,58.66666666666671,3.0,29.0,0.95,20.468121441081166,20.468121441081166,110
0,20.6,36.9475,19.7,34.1333333333333,19.89,35.9266666666667,20.89,34.1633333333333,17.89,43.53,9.19,26.4266666666667,21.323333333333295,28.1666666666667,24.4266666666667,37.9666666666667,18.79,39.3266666666667,8.8,767.0,57.0,3.0,22.0,0.6,16.111246880609542,16.111246880609542,110
0,20.6,36.0,19.7,33.8,19.89,35.5266666666667,20.89,34.0675,17.89,43.43,9.26333333333333,26.4266666666667,21.463333333333296,28.033333333333296,24.566666666666695,37.7666666666667,18.79,39.2,8.88333333333333,766.966666666667,56.66666666666671,3.16666666666667,22.0,0.616666666666667,37.234833592083305,37.234833592083305,90
0,20.7,35.43,19.7,33.5,19.89,35.1933333333333,20.823333333333295,33.86,17.89,43.1566666666667,9.42666666666667,26.666666666666696,21.6,27.8566666666667,24.73,37.6633333333333,18.8566666666667,39.2,8.96666666666667,766.9333333333329,56.33333333333329,3.3333333333333295,22.0,0.633333333333333,21.186430181842297,21.186430181842297,100
10,20.76,35.23,19.7,33.6333333333333,19.89,35.0,20.79,33.76,17.89,42.9666666666667,9.5,26.1333333333333,21.6666666666667,27.8566666666667,24.8566666666667,37.59,18.89,39.2,9.05,766.9,56.0,3.5,22.0,0.65,37.13067166972905,37.13067166972905,110
0,20.79,35.0266666666667,19.7,33.6,19.89,34.9333333333333,20.79,33.7,17.89,42.8266666666667,9.56666666666667,24.233333333333295,21.823333333333295,27.7,25.033333333333296,37.5,18.89,39.2,9.133333333333328,766.866666666667,55.66666666666671,3.6666666666666705,22.0,0.666666666666667,0.9311333764344452,0.9311333764344452,100
10,20.79,34.6933333333333,19.6333333333333,32.86,19.89,34.6333333333333,20.79,33.6633333333333,17.89,42.6333333333333,9.56666666666667,22.366666666666696,21.89,27.566666666666695,25.1,37.5,18.89,39.09,9.21666666666667,766.8333333333329,55.33333333333329,3.8333333333333295,22.0,0.683333333333333,4.058425477705896,4.058425477705896,80
10,20.79,34.0333333333333,19.6,32.3333333333333,19.823333333333295,34.3,20.79,33.59,17.89,42.36,9.69,20.9266666666667,21.9266666666667,27.3266666666667,25.2,37.1966666666667,18.89,39.03,9.3,766.7999999999998,55.0,4.0,22.0,0.7,1.406875904649496,1.406875904649496,80
0,20.79,33.3666666666667,19.533333333333296,31.8,19.79,34.03,20.7,33.5,17.89,42.29,9.69,20.666666666666696,22.066666666666695,27.2,25.1333333333333,36.1966666666667,18.89,38.95,9.383333333333328,766.783333333333,54.66666666666671,3.8333333333333295,21.666666666666696,0.683333333333333,38.16266672220081,38.16266672220081,90
10,20.7,32.7966666666667,19.39,31.2,19.79,33.9633333333333,20.7,33.4333333333333,17.89,42.49,9.83,20.6,22.2,27.03,25.1,35.16,18.89,38.9,9.46666666666667,766.766666666667,54.33333333333329,3.6666666666666705,21.3333333333333,0.666666666666667,46.038411650806665,46.038411650806665,80
0,20.7,32.39,19.2633333333333,30.9933333333333,19.6666666666667,33.5633333333333,20.7,33.3633333333333,18.566666666666695,66.2,9.89,20.2,22.26,26.89,25.033333333333296,34.6333333333333,18.963333333333296,38.9,9.55,766.75,54.0,3.5,21.0,0.65,20.933344529476017,20.933344529476017,80
10,20.6666666666667,31.93,19.2,30.963333333333296,19.6,33.1566666666667,20.7,33.29,18.5,67.06,9.92666666666667,20.366666666666696,22.323333333333295,26.76,25.0,34.2233333333333,19.23,38.9666666666667,9.633333333333328,766.733333333333,53.66666666666671,3.3333333333333295,20.666666666666696,0.633333333333333,35.05440263543277,35.05440263543277,90
10,20.6,31.73,19.2,30.963333333333296,19.7,32.9,20.6,33.2,18.3566666666667,66.5,10.0,21.1,22.39,26.7,25.0,33.83,19.23,38.8266666666667,9.71666666666667,766.716666666667,53.33333333333329,3.16666666666667,20.3333333333333,0.616666666666667,2.5248838122934103,2.5248838122934103,60
0,20.6333333333333,31.823333333333295,19.1666666666667,31.1333333333333,19.65,32.75,20.6,33.2,18.29,65.0933333333333,10.0,21.46,22.39,26.566666666666695,24.963333333333296,33.4666666666667,19.1,39.0,9.8,766.7,53.0,3.0,20.0,0.6,37.01397994300351,37.01397994300351,50
10,20.6333333333333,31.89,19.1,31.26,19.7,32.6266666666667,20.6,33.09,18.26,61.6266666666667,10.0666666666667,21.666666666666696,22.39,26.5,24.963333333333296,33.3266666666667,19.033333333333296,38.933333333333294,9.8,766.7,52.5,3.16666666666667,20.8333333333333,0.46666666666666706,33.08847283478826,33.08847283478826,70
0,20.6,32.0666666666667,19.1,31.695,19.7,32.7666666666667,20.6,33.1633333333333,18.26,57.76,10.1,21.5566666666667,22.5,26.566666666666695,24.945,33.345,18.963333333333296,39.06,9.8,766.7,52.0,3.3333333333333295,21.666666666666696,0.333333333333333,40.814071730710566,40.814071730710566,70
10,20.6,32.46,19.1333333333333,32.4266666666667,19.7,32.9666666666667,20.533333333333296,33.1633333333333,18.445,49.395,10.1,20.89,22.5,26.5,25.033333333333296,33.6266666666667,18.963333333333296,39.06,9.8,766.7,51.5,3.5,22.5,0.2,7.83584932796657,7.83584932796657,80
0,20.6,32.9633333333333,19.2,32.76,19.79,33.2,20.533333333333296,33.09,18.6,45.2966666666667,10.1,20.3333333333333,22.5,26.463333333333296,25.1,33.6266666666667,18.89,39.2,9.8,766.7,51.0,3.6666666666666705,23.3333333333333,0.0666666666666667,20.21472529741004,20.21472529741004,80
10,20.6,33.1633333333333,19.2,33.2266666666667,19.79,33.26,20.5,33.09,18.6666666666667,43.363333333333294,10.025,19.625,22.5,26.365,25.1,33.3633333333333,18.89,39.2,9.8,766.7,50.5,3.8333333333333295,24.166666666666696,-0.0666666666666668,8.05891219060868,8.05891219060868,70
10,20.6,33.2666666666667,19.2,33.5,19.89,33.5,20.5,33.09,18.6333333333333,41.8,10.0,19.3,22.5,26.29,25.1,33.29,19.0,39.2,9.8,766.7,50.0,4.0,25.0,-0.2,45.98210620461032,45.98210620461032,80
0,20.6,33.475,19.2,33.6566666666667,19.89,33.6333333333333,20.5,33.09,18.7,41.0666666666667,10.0,18.963333333333296,22.5,26.1666666666667,25.066666666666695,33.1633333333333,19.0,39.2,9.65,766.7,51.33333333333329,3.8333333333333295,31.666666666666696,-2.77555756156289e-17,40.33656765241176,40.33656765241176,70
10,20.6,33.56,19.2,33.79,19.89,33.8266666666667,20.4175,33.0225,18.79,40.2666666666667,10.0,19.03,22.4266666666667,26.033333333333296,24.9266666666667,33.1633333333333,18.9266666666667,39.2,9.5,766.7,52.66666666666671,3.6666666666666705,38.33333333333329,0.2,43.172275717370205,43.172275717370205,80
0,20.6,33.7,19.366666666666696,33.3966666666667,19.89,33.9,20.39,32.9333333333333,18.79,39.7266666666667,9.86,18.733333333333295,22.39,25.89,24.89,33.23,19.0,39.2,9.35,766.7,54.0,3.5,45.0,0.4,23.761102790012956,23.761102790012956,100
10,20.533333333333296,33.7,19.9,32.2633333333333,19.89,33.9,20.39,32.9,18.726666666666695,40.05666666666671,9.72666666666667,18.533333333333296,22.39,25.89,24.963333333333296,33.3633333333333,18.963333333333296,39.2,9.2,766.7,55.33333333333329,3.3333333333333295,51.66666666666669,0.6,14.298495964612812,14.298495964612812,90
10,20.5,33.4,19.76,31.86,19.89,33.8266666666667,20.39,32.9,18.6,41.05666666666671,9.463333333333328,18.8,22.29,25.79,25.0,33.53,18.89,39.2,9.05,766.7,56.66666666666671,3.16666666666667,58.33333333333329,0.8,9.595217974856496,9.595217974856496,90
0,20.5,33.2666666666667,19.36,32.1933333333333,19.9266666666667,33.79,20.323333333333295,32.9,18.5,42.03,9.33,19.1333333333333,22.29,25.73,25.0,33.59,19.0,39.2,8.9,766.7,58.0,3.0,65.0,1.0,31.09500678256154,31.09500678256154,100
10,20.5,33.06,19.1666666666667,32.4333333333333,20.0,33.73,20.323333333333295,32.9,18.5,42.43,9.12666666666667,19.666666666666696,22.1666666666667,25.6,25.0,33.7,19.0,39.2,8.55,766.766666666667,59.5,3.0,64.6666666666667,1.01666666666667,1.3724506949074566,1.3724506949074566,60
0,20.5,33.0,19.1,32.6333333333333,20.0,33.5266666666667,20.29,32.9,18.5,42.73,8.79333333333333,20.4666666666667,22.1,25.6,25.0,33.76,19.0,39.2,8.199999999999998,766.8333333333329,61.0,3.0,64.3333333333333,1.03333333333333,34.465895721223205,34.465895721223205,80
10,20.5,32.9,19.0,32.73,20.0,33.4,20.29,32.9,18.4266666666667,42.73,8.36666666666667,21.533333333333296,22.0,25.533333333333296,25.0,33.8266666666667,18.963333333333296,39.2,7.849999999999999,766.9,62.5,3.0,64.0,1.05,24.228004307951775,24.228004307951775,90
0,20.5,32.9,19.0,32.8633333333333,20.0,33.4666666666667,20.2,32.79,18.39,42.79,7.759999999999998,22.66,21.9266666666667,25.6,25.0,33.9666666666667,18.963333333333296,39.2,7.5,766.966666666667,64.0,3.0,63.66666666666669,1.06666666666667,3.9502405212260783,3.9502405212260783,100
10,20.6,32.9666666666667,19.066666666666695,33.2,20.0,33.4,20.2,32.79,18.39,42.863333333333294,7.06,24.656666666666695,21.8566666666667,25.7,24.963333333333296,34.09,18.89,39.2,7.15,767.033333333333,65.5,3.0,63.33333333333329,1.08333333333333,13.578799879178405,13.578799879178405,390
0,20.6,32.9,19.066666666666695,33.26,20.0,33.4,20.2,32.79,18.39,42.933333333333294,6.53333333333333,25.99,21.79,25.76,24.89,34.1633333333333,18.89,39.1266666666667,6.8,767.1,67.0,3.0,63.0,1.1,27.164683514274657,27.164683514274657,440
0,20.6333333333333,33.63,19.1333333333333,33.5,20.0,33.425,20.2,32.8633333333333,18.323333333333295,43.0,5.89666666666667,27.5,21.76,26.033333333333296,24.89,34.2,18.89,39.06,6.51666666666667,767.15,68.6666666666667,2.8333333333333295,62.66666666666669,1.13333333333333,19.75741017377004,19.75741017377004,440
0,20.76,36.4966666666667,19.2,33.96,20.066666666666695,33.7666666666667,20.1,32.9333333333333,18.29,43.03,5.49666666666667,28.8333333333333,21.7,26.1666666666667,24.89,34.1266666666667,18.963333333333296,39.0,6.23333333333333,767.2,70.3333333333333,2.66666666666667,62.33333333333329,1.16666666666667,32.903983280994,32.903983280994,150
0,20.89,36.9233333333333,19.34,34.795,20.1,34.1566666666667,20.1,33.0,18.29,43.223333333333294,5.093333333333329,30.726666666666695,21.6,26.2,24.79,34.09,18.89,38.9,5.95,767.25,72.0,2.5,62.0,1.2,36.01572890765965,36.01572890765965,150
0,20.963333333333296,36.39,19.5,35.3266666666667,20.1666666666667,34.3633333333333,20.1,33.0,18.29,43.45,4.7175,32.3,21.6,26.26,24.73,34.09,18.89,38.9,5.66666666666667,767.2999999999998,73.6666666666667,2.3333333333333295,61.66666666666669,1.23333333333333,10.027146840002388,10.027146840002388,150
10,21.1333333333333,35.99,19.566666666666695,35.4,20.2,34.53,20.1,33.0,18.29,43.6266666666667,4.53,33.8666666666667,21.5,26.39,24.7,34.245,18.89,38.9,5.383333333333329,767.35,75.3333333333333,2.16666666666667,61.33333333333329,1.26666666666667,32.09499237127602,32.09499237127602,350
10,21.26,37.59666666666671,19.6333333333333,35.5666666666667,20.2,34.6633333333333,20.1,33.0,18.29,43.7,4.33,35.0666666666667,21.4266666666667,26.323333333333295,24.7,34.2233333333333,18.89,38.9,5.1,767.4,77.0,2.0,61.0,1.3,33.612421283032745,33.612421283032745,140
10,21.4266666666667,37.7966666666667,19.7,36.2333333333333,20.29,35.1266666666667,20.1,33.395,18.29,43.963333333333296,4.06333333333333,35.5933333333333,21.34,26.39,24.6333333333333,33.83,18.963333333333296,38.9,4.93333333333333,767.466666666667,77.8333333333333,2.0,60.0,1.28333333333333,39.995072991587215,39.995072991587215,130
10,21.566666666666695,37.53,19.79,36.5666666666667,20.29,35.3333333333333,20.1,34.1333333333333,18.29,44.223333333333294,3.86,38.19333333333329,21.26,26.866666666666696,24.566666666666695,33.5,18.89,38.9,4.76666666666667,767.533333333333,78.6666666666667,2.0,59.0,1.26666666666667,17.870009457692504,17.870009457692504,450
0,21.65,36.995,19.79,36.7,20.323333333333295,35.6266666666667,20.1,34.6925,18.526666666666696,54.7666666666667,4.06,41.4666666666667,21.3266666666667,28.6666666666667,24.5,33.36,18.89,38.9,4.6,767.6,79.5,2.0,58.0,1.25,12.215037387795746,12.215037387795746,230
0,21.7,36.33333333333329,19.79,36.59,20.39,35.7,20.1,34.8633333333333,19.26,75.3666666666667,4.02666666666667,41.89,21.5,29.533333333333296,24.39,33.29,18.89,38.9,4.43333333333333,767.6666666666669,80.3333333333333,2.0,57.0,1.23333333333333,35.2559311199002,35.2559311199002,300
0,21.7,36.2,19.79,36.723333333333294,20.39,35.7,20.1,34.9,19.1666666666667,72.03,3.9666666666666694,44.63,21.4266666666667,28.9933333333333,24.323333333333295,33.29,18.963333333333296,38.9,4.26666666666667,767.733333333333,81.1666666666667,2.0,56.0,1.21666666666667,0.282118993345648,0.282118993345648,170
0,21.7,36.06,19.79,37.0666666666667,20.39,35.7,20.1,34.9666666666667,19.033333333333296,70.42333333333329,3.7233333333333296,45.3966666666667,21.26,28.726666666666695,24.26,33.2233333333333,18.963333333333296,38.9,4.1,767.7999999999998,82.0,2.0,55.0,1.2,10.468964639585463,10.468964639585463,110
0,21.7,36.0,19.73,37.26,20.39,35.8266666666667,20.1,35.03,18.963333333333296,67.7333333333333,3.4633333333333294,46.4566666666667,21.2,28.533333333333296,24.2,33.09,19.0,38.9,4.0833333333333295,767.7999999999998,82.0,2.16666666666667,56.0,1.18333333333333,7.693370047491043,7.693370047491043,110
0,21.7,36.0,19.7,37.5,20.39,35.9,20.1,35.09,18.89,62.3266666666667,3.16333333333333,47.83333333333329,21.1,28.39,24.1666666666667,33.06,19.0,38.9,4.06666666666667,767.7999999999998,82.0,2.3333333333333295,57.0,1.16666666666667,15.702349843923002,15.702349843923002,80
0,21.76,36.06,19.6333333333333,37.83333333333329,20.39,35.9333333333333,20.1,35.2,19.163333333333295,52.53,3.03,49.9,21.1,28.39,24.033333333333296,32.9333333333333,18.945,38.9,4.05,767.7999999999998,82.0,2.5,58.0,1.15,2.601153496652841,2.601153496652841,250
0,20.1,38.16,19.663333333333295,36.6633333333333,20.0,36.29,20.566666666666695,35.1633333333333,17.89,46.3266666666667,2.99,59.1566666666667,20.2,31.73,22.066666666666695,38.13,19.2,39.0,3.13333333333333,769.7,76.6666666666667,6.3333333333333295,49.66666666666669,-0.666666666666667,41.63221240742132,41.63221240742132,100
0,20.1,37.8266666666667,19.93,36.59,20.0,36.23,20.7,35.29,17.89,45.99,3.5,55.293333333333294,20.26,31.99,22.066666666666695,37.463333333333296,19.2,39.0,3.5,769.7,74.5,6.5,43.0,-0.7,27.107523544691503,27.107523544691503,130
0,20.1,37.66,20.23,36.223333333333294,20.0,36.29,20.7,35.29,17.89,45.59666666666671,3.9,50.96,20.29,31.8266666666667,22.23,37.1633333333333,19.2,39.1633333333333,3.86666666666667,769.7,72.3333333333333,6.66666666666667,36.33333333333329,-0.733333333333333,20.750460517592728,20.750460517592728,130
0,20.1666666666667,37.4,20.3566666666667,35.89,20.0,36.29,20.795,35.79,17.89,45.363333333333294,4.26,47.4933333333333,20.29,31.566666666666695,22.3566666666667,37.03,19.2,39.1633333333333,4.23333333333333,769.7,70.1666666666667,6.8333333333333295,29.666666666666696,-0.766666666666667,8.628971071448177,8.628971071448177,130
0,20.2,37.1566666666667,20.6,35.5266666666667,20.033333333333296,36.23,20.89,36.29,17.89,45.29,4.46666666666667,46.3,20.29,31.1333333333333,22.533333333333296,36.9666666666667,19.1,39.3266666666667,4.6,769.7,68.0,7.0,23.0,-0.8,17.717597424052656,17.717597424052656,130
0,20.2,37.09666666666671,20.6975,35.245,20.033333333333296,36.23,21.0,36.0666666666667,17.89,45.2,4.76,44.03,20.3566666666667,30.8,22.6,36.8266666666667,19.1,39.4,4.9,769.6833333333329,67.6666666666667,6.8333333333333295,23.0,-0.5833333333333329,37.84358754055575,37.84358754055575,140
0,20.29,37.1,20.79,34.86,20.033333333333296,36.23,21.0,36.26,17.89,45.2,5.02666666666667,42.8966666666667,20.39,30.43,22.7,36.9,19.1333333333333,39.363333333333294,5.2,769.6666666666669,67.3333333333333,6.66666666666667,23.0,-0.366666666666667,4.3509529205039135,4.3509529205039135,110
0,20.29,36.9,20.79,34.79,20.1,36.29,20.89,36.33333333333329,18.0,46.83333333333329,5.22666666666667,41.26333333333329,20.39,30.23,22.76,37.0266666666667,19.2,39.09666666666671,5.5,769.65,67.0,6.5,23.0,-0.15,34.50193019816652,34.50193019816652,60
10,20.29,36.8266666666667,20.79,34.79,20.1,36.29,20.89,36.0666666666667,18.0,48.12,5.525,40.47,20.5,30.1666666666667,22.79,37.09,19.2,39.0,5.8,769.6333333333331,66.6666666666667,6.3333333333333295,23.0,0.0666666666666667,27.08945012418553,27.08945012418553,60
0,20.3566666666667,37.1,20.79,34.7233333333333,20.1,36.43,21.0,35.6333333333333,18.0,48.2,5.93333333333333,39.363333333333294,20.566666666666695,29.96,22.79,36.963333333333296,19.2,39.06,6.1,769.616666666667,66.3333333333333,6.16666666666667,23.0,0.28333333333333294,46.038134291302406,46.038134291302406,50
0,20.39,36.7966666666667,20.73,34.53,20.1,36.4,21.0,35.36,17.9266666666667,48.06,6.36666666666667,37.9566666666667,20.73,29.726666666666695,22.9266666666667,36.5633333333333,19.2,39.23,6.4,769.6,66.0,6.0,23.0,0.5,40.94732652883977,40.94732652883977,60
0,20.463333333333296,36.53,20.7,34.4,20.1,36.4,21.0,35.045,18.0,47.933333333333294,6.56,36.6966666666667,20.865,29.5475,23.0,36.09666666666671,19.2,39.29,6.65,769.5499999999998,65.5,6.0,23.5,0.616666666666667,9.700746473390607,9.700746473390607,70
0,20.533333333333296,36.26,20.7,34.3266666666667,20.1,36.363333333333294,21.0,34.76,18.0,47.723333333333294,6.86666666666667,35.96,20.963333333333296,29.2633333333333,23.1333333333333,35.7966666666667,19.1333333333333,39.19333333333329,6.9,769.5,65.0,6.0,24.0,0.733333333333333,44.2249205079861,44.2249205079861,70
0,20.625,36.095,20.7,34.2,20.1666666666667,36.29,21.066666666666695,34.6266666666667,17.9266666666667,47.463333333333296,7.0,34.9,21.1,29.1333333333333,23.26,35.4633333333333,19.2,38.933333333333294,7.15,769.45,64.5,6.0,24.5,0.85,12.955407879780976,12.955407879780976,70
0,20.7,35.9333333333333,20.7,34.1266666666667,20.2,36.26,21.1,34.4666666666667,17.9266666666667,47.0266666666667,7.259999999999998,35.1266666666667,21.1666666666667,28.9266666666667,23.39,35.1,19.2,38.7,7.4,769.4,64.0,6.0,25.0,0.966666666666667,2.264880412258208,2.264880412258208,60
0,20.79,35.76,20.7,34.0,20.2,36.2,21.1,34.3266666666667,17.9266666666667,46.7666666666667,7.46666666666667,34.1266666666667,21.323333333333295,28.79,23.5,34.93,19.2,38.76,7.65,769.35,63.5,6.0,25.5,1.08333333333333,38.44093057559803,38.44093057559803,60
0,20.8566666666667,35.7,20.6333333333333,33.9333333333333,20.2,36.2,21.1,34.2,17.9633333333333,46.5266666666667,7.6233333333333295,33.36,21.463333333333296,28.73,23.566666666666695,34.6566666666667,19.2,38.76,7.9,769.2999999999998,63.0,6.0,26.0,1.2,20.360858598724008,20.360858598724008,60
10,20.96,35.59,20.6,33.9,20.2,36.1266666666667,21.033333333333296,34.0666666666667,17.9633333333333,46.3266666666667,7.83,32.69333333333329,21.533333333333296,28.566666666666695,23.7,34.4666666666667,19.2,38.7,8.05,769.283333333333,62.33333333333329,6.0,25.5,1.2,11.28532278817147,11.28532278817147,60
0,21.1,35.53,20.6,33.9666666666667,20.29,36.1633333333333,21.0,33.9666666666667,18.0,46.06,8.099999999999998,31.9266666666667,21.6666666666667,28.5,23.76,34.2666666666667,19.2,38.7,8.199999999999998,769.266666666667,61.66666666666671,6.0,25.0,1.2,18.85737688280642,18.85737688280642,60
0,21.2,35.3633333333333,20.566666666666695,33.9333333333333,20.29,36.09,21.0,33.9666666666667,18.0,45.86,8.233333333333329,30.66,21.79,28.3566666666667,23.823333333333295,34.0,19.2,38.7,8.349999999999998,769.25,61.0,6.0,24.5,1.2,20.227145310491323,20.227145310491323,70
0,21.26,35.29,20.5,34.0,20.29,36.06,21.0,33.9,17.9633333333333,45.6633333333333,8.36666666666667,29.56,21.8566666666667,28.29,23.963333333333296,33.86,19.2,38.7,8.5,769.233333333333,60.33333333333329,6.0,24.0,1.2,34.144223493058234,34.144223493058234,70
0,21.323333333333295,35.2,20.5,34.09,20.29,36.0,21.0,33.8266666666667,17.9633333333333,45.53,8.56666666666667,27.893333333333295,21.9266666666667,28.1,24.1,33.6633333333333,19.2,38.59,8.65,769.216666666667,59.66666666666671,6.0,23.5,1.2,7.0764685864560315,7.0764685864560315,70
0,21.39,35.0666666666667,20.5,34.1633333333333,20.39,35.95,21.0,33.7,18.0,45.363333333333294,8.8,26.096666666666696,22.066666666666695,28.033333333333296,24.1666666666667,33.4633333333333,19.2,38.59,8.8,769.2,59.0,6.0,23.0,1.2,44.770516850985594,44.770516850985594,40
0,21.533333333333296,34.9666666666667,20.5,34.2,20.39,35.9,21.0,33.6266666666667,18.0,45.23,8.8,26.43,22.2,27.8566666666667,24.29,33.3333333333333,19.2,38.59,8.88333333333333,769.116666666667,58.5,6.16666666666667,25.8333333333333,1.13333333333333,28.333490877412256,28.333490877412256,40
0,21.6,34.8266666666667,20.5,34.2,20.39,35.8266666666667,21.0,33.59,18.0,45.06,8.92666666666667,25.956666666666695,22.26,27.79,24.3566666666667,33.1266666666667,19.2,38.53,8.96666666666667,769.033333333333,58.0,6.3333333333333295,28.666666666666696,1.06666666666667,12.035617150831968,12.035617150831968,50
0,21.7,34.79,20.5,34.245,20.39,35.79,21.0,33.53,18.0,44.86,9.075,25.52,22.39,27.6666666666667,24.4266666666667,32.9,19.2,38.5,9.05,768.95,57.5,6.5,31.5,1.0,13.566876761615276,13.566876761615276,40
10,21.7,34.73,20.5,34.26,20.39,35.73,21.0,33.4666666666667,18.0,44.79,9.16,25.1966666666667,22.463333333333296,27.533333333333296,24.566666666666695,32.7666666666667,19.2,38.5,9.133333333333328,768.866666666667,57.0,6.66666666666667,34.3333333333333,0.933333333333333,36.47504507098346,36.47504507098346,70
0,21.823333333333295,34.59,20.5,34.2,20.39,35.7,21.0,33.4,18.0,44.695,9.3,23.7233333333333,22.6,27.3566666666667,24.6,32.56,19.29,38.5,9.21666666666667,768.783333333333,56.5,6.8333333333333295,37.16666666666669,0.866666666666667,18.18794113351032,18.18794113351032,70
0,21.89,34.53,20.566666666666695,34.29,20.463333333333296,35.76,21.0,33.4,18.0,44.59,9.43333333333333,23.39,22.6666666666667,27.29,24.6666666666667,32.5,19.29,38.5,9.3,768.7,56.0,7.0,40.0,0.8,6.863171944860369,6.863171944860369,70
0,22.0,34.4,20.566666666666695,34.23,20.5,35.79,21.0,33.3266666666667,18.0,44.5,9.63,22.726666666666695,22.73,27.1333333333333,24.79,32.26,19.29,38.4,9.35,768.65,56.0,7.0,38.0,0.85,23.79921602550894,23.79921602550894,60
0,22.0,34.3266666666667,20.6,34.2,20.566666666666695,35.73,21.0,33.29,18.0,44.433333333333294,9.76333333333333,21.866666666666696,22.79,27.0,24.8566666666667,32.1266666666667,19.29,38.3266666666667,9.4,768.6,56.0,7.0,36.0,0.9,10.49153747735545,10.49153747735545,70
0,22.1,34.29,20.6,34.2,20.6,35.7,21.0,33.26,18.0,44.4,9.83,21.533333333333296,22.89,26.84,24.89,31.963333333333296,19.29,38.29,9.45,768.5499999999998,56.0,7.0,34.0,0.95,21.319508878514167,21.319508878514167,60
0,22.1,34.23,20.6,34.09,20.6,35.7,21.0,33.2,18.0,44.3266666666667,9.963333333333328,20.9266666666667,23.0,26.6666666666667,24.963333333333296,31.823333333333295,19.29,38.23,9.5,768.5,56.0,7.0,32.0,1.0,46.69631662545726,46.69631662545726,70
0,22.2,34.09,20.6,34.09,20.6,35.7,21.0,33.1633333333333,18.0,44.26,10.0,20.263333333333296,23.0,26.533333333333296,25.066666666666695,31.6666666666667,19.29,38.2,9.55,768.45,56.0,7.0,30.0,1.05,16.85263451654464,16.85263451654464,50
0,22.2,34.09,20.6,34.09,20.6,35.6266666666667,21.0,33.09,18.0,44.2,10.0,20.8633333333333,23.1,26.463333333333296,25.075,31.525,19.29,38.1266666666667,9.6,768.4,56.0,7.0,28.0,1.1,18.820418405812237,18.820418405812237,70
10,22.2,34.03,20.533333333333296,34.09,20.7,35.6633333333333,21.0,33.09,18.0,44.1633333333333,10.1,20.99,23.1,26.39,25.1,31.5,19.39,38.09,9.6,768.366666666667,56.16666666666671,6.8333333333333295,28.0,1.13333333333333,38.31641722936183,38.31641722936183,70
0,22.2,34.0,20.6,34.09,20.7,35.6633333333333,21.0,33.09,18.0,44.09,10.16,21.0566666666667,23.2,26.29,25.1,31.3566666666667,19.365,38.0225,9.6,768.3333333333329,56.33333333333329,6.66666666666667,28.0,1.16666666666667,1.4235019218176603,1.4235019218176603,70
0,22.26,34.0,20.6,34.09,20.7,35.6633333333333,21.0,33.09,18.1,44.09,10.16,20.166666666666696,23.2,26.23,25.1666666666667,31.23,19.3566666666667,38.0,9.6,768.2999999999998,56.5,6.5,28.0,1.2,40.69581852527335,40.69581852527335,70
0,22.29,33.9666666666667,20.566666666666695,34.1266666666667,20.7,35.59,21.0,33.09,18.1,44.09,10.1,20.693333333333296,23.2,26.2,25.2,31.1666666666667,19.39,37.9666666666667,9.6,768.266666666667,56.66666666666671,6.3333333333333295,28.0,1.23333333333333,23.494652856606994,23.494652856606994,40
0,22.29,33.9,20.5,34.26,20.79,35.56,20.963333333333296,33.03,18.1,44.0,10.1,20.83,23.2,26.2,25.2,31.1,19.39,37.9,9.6,768.233333333333,56.83333333333329,6.16666666666667,28.0,1.26666666666667,32.93882494326681,32.93882494326681,40
0,22.29,33.8633333333333,20.5,34.4,20.73,35.5,20.89,33.09,18.1,44.0,10.1,21.23,23.2,26.1666666666667,25.2,31.066666666666695,19.39,37.9,9.6,768.2,57.0,6.0,28.0,1.3,30.05088836653158,30.05088836653158,40
0,22.29,33.79,20.5,34.4,20.7,35.5,20.89,33.09,18.1,43.9,10.1,20.89,23.2,26.1,25.1333333333333,31.0,19.39,37.9,9.46666666666667,768.233333333333,57.16666666666671,6.0,28.0,1.25,40.57021643966436,40.57021643966436,40
0,22.26,33.76,20.5,34.29,20.7,35.4333333333333,20.89,33.03,18.1,43.9,10.0333333333333,21.156666666666695,23.1666666666667,26.1,25.1,31.0,19.39,37.79,9.33333333333333,768.266666666667,57.33333333333329,6.0,28.0,1.2,4.548039496876299,4.548039496876299,70
0,22.2,33.7,20.6933333333333,34.03,20.7,35.4333333333333,20.89,32.9,18.1333333333333,43.76,9.945,21.445,23.1,26.033333333333296,25.1,30.9266666666667,19.39,37.79,9.2,768.2999999999998,57.5,6.0,28.0,1.15,40.36596706137061,40.36596706137061,70
10,22.2,33.6633333333333,21.495,32.7,20.7,35.5,20.823333333333295,32.7666666666667,18.2,43.7,9.66,22.3966666666667,23.1,26.0,25.1,30.89,19.39,37.79,9.06666666666667,768.3333333333329,57.66666666666671,6.0,28.0,1.1,49.4254648918286,49.4254648918286,80
50,22.1333333333333,33.7233333333333,21.156666666666695,32.9966666666667,20.76,35.5,20.79,32.6266666666667,18.2,43.59,9.533333333333328,23.123333333333296,23.033333333333296,25.9266666666667,25.033333333333296,31.0966666666667,19.39,37.79,8.93333333333333,768.366666666667,57.83333333333329,6.0,28.0,1.05,1.4638653374277055,1.4638653374277055,90
50,22.2,34.3666666666667,20.7633333333333,34.1966666666667,20.79,35.53,20.79,33.0333333333333,18.32,43.9425,9.233333333333329,23.956666666666695,22.89,26.1666666666667,24.963333333333296,32.4666666666667,19.39,37.7,8.8,768.4,58.0,6.0,28.0,1.0,27.89952619932592,27.89952619932592,80
20,22.2,35.1666666666667,20.5,35.2333333333333,20.79,35.6633333333333,20.823333333333295,33.7566666666667,18.6333333333333,44.0,8.96,24.83,22.89,26.9,24.89,33.7266666666667,19.39,37.7,8.43333333333333,768.45,60.0,5.5,27.5,1.08333333333333,42.37676067277789,42.37676067277789,90
30,22.29,36.5666666666667,20.4266666666667,36.2333333333333,20.79,35.7666666666667,20.89,34.5566666666667,18.6666666666667,44.1566666666667,8.62666666666667,25.83,22.89,28.0,25.0,34.9333333333333,19.463333333333296,37.863333333333294,8.06666666666667,768.5,62.0,5.0,27.0,1.16666666666667,16.611211607232686,16.611211607232686,100
40,22.3566666666667,37.16,20.3566666666667,37.293333333333294,20.8566666666667,36.3,20.945,35.84,18.533333333333296,44.49,8.36666666666667,27.0233333333333,22.823333333333295,29.2666666666667,25.0,35.0,19.463333333333296,37.863333333333294,7.7,768.5499999999998,64.0,4.5,26.5,1.25,22.537989041302357,22.537989041302357,100
10,22.4266666666667,37.9,20.29,38.16666666666671,20.89,36.53,20.963333333333296,36.3266666666667,18.5,44.963333333333296,7.963333333333329,28.2,22.79,30.2,24.963333333333296,34.8633333333333,19.39,37.9,7.3333333333333295,768.6,66.0,4.0,26.0,1.33333333333333,6.895811669528484,6.895811669528484,130
0,22.4266666666667,37.0266666666667,20.26,37.8,20.89,36.59,20.89,35.1933333333333,18.4266666666667,45.1633333333333,7.496666666666669,29.7933333333333,22.7225,30.2,24.89,34.53,19.39,37.9666666666667,6.96666666666667,768.65,68.0,3.5,25.5,1.41666666666667,34.68067528447136,34.68067528447136,140
0,22.29,36.223333333333294,20.1333333333333,37.4,20.89,36.56,20.79,34.6333333333333,18.39,45.29,7.06,31.4966666666667,22.6333333333333,30.066666666666695,24.79,33.8633333333333,19.39,38.0,6.6,768.7,70.0,3.0,25.0,1.5,9.408064652234318,9.408064652234318,140
10,22.2675,36.0975,20.0,37.29,20.89,36.433333333333294,20.79,34.36,18.39,45.29,6.6,32.5566666666667,22.5,29.8566666666667,24.79,33.39,19.463333333333296,38.0,6.46666666666667,768.716666666667,70.8333333333333,3.16666666666667,24.5,1.51666666666667,12.7277537365444,12.7277537365444,130
0,22.2,35.8266666666667,19.9266666666667,37.363333333333294,20.89,36.4,20.7,34.29,18.39,45.2,6.23,34.2,22.5,29.79,24.6666666666667,33.1333333333333,19.5,38.03,6.3333333333333295,768.733333333333,71.6666666666667,3.3333333333333295,24.0,1.53333333333333,40.25307158008218,40.25307158008218,120
0,22.1666666666667,35.6633333333333,19.79,37.29,20.89,36.3266666666667,20.7,34.3633333333333,18.39,45.2,6.03,35.5933333333333,22.39,29.7,24.525,32.925,19.5,38.0675,6.2,768.75,72.5,3.5,23.5,1.55,41.93919483805075,41.93919483805075,110
0,22.1,35.53,19.73,37.29,20.8566666666667,36.223333333333294,20.7,34.5,18.4266666666667,45.69333333333329,5.73,36.393333333333295,22.39,29.6333333333333,24.5,32.9666666666667,19.5,38.06,6.06666666666667,768.766666666667,73.3333333333333,3.6666666666666705,23.0,1.56666666666667,17.461193702183664,17.461193702183664,80
10,22.066666666666695,35.3633333333333,19.6666666666667,37.29,20.79,36.09,20.6333333333333,34.4333333333333,18.9666666666667,64.8333333333333,5.463333333333329,37.8,22.26,29.43,24.39,32.8333333333333,19.5,38.03,5.93333333333333,768.783333333333,74.1666666666667,3.8333333333333295,22.5,1.58333333333333,25.186634366400536,25.186634366400536,90
0,22.0,35.29,19.6,37.29,20.79,36.0,20.6,34.4333333333333,19.4,74.35666666666668,5.2,38.933333333333294,22.2,29.496666666666705,24.39,32.6266666666667,19.5,38.03,5.8,768.7999999999998,75.0,4.0,22.0,1.6,47.72510303882881,47.72510303882881,100
20,22.0,35.3266666666667,19.5,37.433333333333294,20.79,36.06,20.6,34.5,19.1333333333333,68.9566666666667,4.86666666666667,39.66,22.2,29.96,24.39,32.3633333333333,19.463333333333296,37.9666666666667,5.68333333333333,768.85,75.1666666666667,4.0,22.166666666666696,1.53333333333333,20.456250442657616,20.456250442657616,120
0,21.9266666666667,35.4666666666667,19.4266666666667,37.36,20.79,36.09,20.566666666666695,34.4333333333333,19.1,59.26,4.69,42.94,22.2,30.5,24.323333333333295,32.23,19.39,37.8266666666667,5.56666666666667,768.9,75.3333333333333,4.0,22.3333333333333,1.46666666666667,5.141463945619762,5.141463945619762,130
10,21.89,35.4666666666667,19.39,37.3266666666667,20.79,36.23,20.5,34.36,19.033333333333296,58.0666666666667,4.56,44.1633333333333,22.1,30.7,24.26,32.26,19.39,37.7,5.45,768.95,75.5,4.0,22.5,1.4,1.7424774472601712,1.7424774472601712,120
0,21.89,35.4,19.323333333333295,37.4666666666667,20.73,36.29,20.4266666666667,34.09,18.963333333333296,59.1,4.43333333333333,45.09,22.1,30.6333333333333,24.2,32.2,19.39,37.6266666666667,5.3333333333333295,769.0,75.6666666666667,4.0,22.666666666666696,1.33333333333333,22.06796023529023,22.06796023529023,120
0,21.79,35.26,19.29,37.5,20.7,36.4,20.4266666666667,33.9633333333333,18.823333333333295,58.7666666666667,4.43333333333333,46.793333333333294,21.963333333333296,30.5,24.2,32.06,19.463333333333296,37.6333333333333,5.21666666666667,769.0499999999998,75.8333333333333,4.0,22.8333333333333,1.26666666666667,25.770505971740928,25.770505971740928,110
0,21.79,35.2,19.2,37.5,20.7,36.4,20.39,33.9,18.79,57.9966666666667,4.43333333333333,47.533333333333296,21.963333333333296,30.5,24.1333333333333,32.0,19.39,37.5,5.1,769.1,76.0,4.0,23.0,1.2,2.430099679622799,2.430099679622799,100
0,21.76,35.2,19.1333333333333,37.5,20.6666666666667,36.4666666666667,20.323333333333295,33.8266666666667,19.02,64.745,4.19,48.33333333333329,21.89,30.5,24.066666666666695,32.03,19.39,37.4,5.05,769.0833333333329,76.3333333333333,4.0,22.8333333333333,1.2,39.10219182725996,39.10219182725996,70
0,21.7,35.2,19.066666666666695,37.5,20.6,36.4666666666667,20.29,33.76,20.156666666666695,84.92333333333329,4.19,49.393333333333295,21.89,30.4266666666667,24.0,32.4966666666667,19.39,37.3266666666667,5.0,769.0666666666668,76.6666666666667,4.0,22.666666666666696,1.2,18.451904621906575,18.451904621906575,80
0,21.7,35.23,19.0,37.56,20.6,36.5,20.29,33.7,19.6933333333333,83.59333333333329,4.15666666666667,49.9233333333333,21.79,30.29,24.0,33.4566666666667,19.39,37.26,4.95,769.0499999999998,77.0,4.0,22.5,1.2,49.35667177196592,49.35667177196592,90
0,21.7,35.29,19.0,37.59,20.6,36.56,20.29,33.7,19.233333333333295,78.6666666666667,4.03,50.13,21.79,30.29,23.9266666666667,34.0633333333333,19.39,37.2,4.9,769.033333333333,77.3333333333333,4.0,22.3333333333333,1.2,45.271789352409535,45.271789352409535,80
0,21.6,35.2,18.9266666666667,37.6633333333333,20.6,36.59,20.2,33.56,19.2,67.59,3.9,51.2566666666667,21.79,30.2,23.8566666666667,34.83,19.39,37.23,4.85,769.016666666667,77.6666666666667,4.0,22.166666666666696,1.2,46.34481720859185,46.34481720859185,70
10,21.6,35.2,18.8566666666667,37.79,20.6,36.59,20.2,33.5,19.2,60.858,3.9666666666666694,52.13,21.7225,30.2225,23.79,35.4233333333333,19.39,37.29,4.8,769.0,78.0,4.0,22.0,1.2,20.108221075497568,20.108221075497568,60
0,21.6,35.3266666666667,18.79,37.93,20.6,36.59,20.1666666666667,33.5,19.1333333333333,58.9666666666667,3.975,52.025,21.6333333333333,30.29,23.7675,35.5425,19.39,37.4,4.68333333333333,769.0499999999998,78.3333333333333,4.0,21.8333333333333,1.16666666666667,44.12493525305762,44.12493525305762,50
0,21.55,35.4,18.76,38.03,20.533333333333296,36.59,20.1666666666667,33.5,19.1,57.1333333333333,3.82666666666667,52.16666666666669,21.6,30.663333333333295,23.7,35.5266666666667,19.39,37.4666666666667,4.56666666666667,769.1,78.6666666666667,4.0,21.666666666666696,1.13333333333333,40.40814716136083,40.40814716136083,30
0,21.533333333333296,35.3266666666667,18.7,38.1633333333333,20.463333333333296,36.6633333333333,20.1,33.4333333333333,19.1,55.8,3.6633333333333296,52.7666666666667,21.6,30.79,23.7,35.9333333333333,19.39,37.6266666666667,4.45,769.15,79.0,4.0,21.5,1.1,25.173920777160674,25.173920777160674,40
0,21.5,35.26,18.6666666666667,38.1633333333333,20.39,36.59,20.1,33.4333333333333,19.1,54.79,3.6633333333333296,54.1,21.6,30.79,23.6333333333333,36.0,19.315,37.7,4.3333333333333295,769.2,79.3333333333333,4.0,21.3333333333333,1.06666666666667,41.29397255601361,41.29397255601361,70
10,21.5,35.26,18.6,38.1633333333333,20.39,36.6266666666667,20.1,33.4333333333333,19.0,54.034,3.59,54.225,21.6,30.93,23.6,36.16,19.29,37.7,4.21666666666667,769.25,79.6666666666667,4.0,21.166666666666696,1.03333333333333,5.868645163718611,5.868645163718611,50
0,21.39,35.3266666666667,18.566666666666695,38.29,20.39,36.7,20.033333333333296,33.5,19.0,53.863333333333294,3.59,54.9,21.6,31.323333333333295,23.6,36.83,19.3566666666667,37.8266666666667,4.1,769.2999999999998,80.0,4.0,21.0,1.0,34.3472077162005,34.3472077162005,50
0,21.39,35.3266666666667,18.5,38.363333333333294,20.39,36.79,20.0,33.6266666666667,18.89,53.33333333333329,3.345,55.645,21.6666666666667,31.5966666666667,23.6,37.2966666666667,19.29,37.9666666666667,3.9,769.283333333333,81.0,3.8333333333333295,28.166666666666696,0.966666666666667,26.26480543985963,26.26480543985963,50
0,21.3566666666667,35.3633333333333,18.463333333333296,38.363333333333294,20.39,36.79,20.0,33.76,18.89,53.2,3.26,56.26,21.6333333333333,31.8,23.5,38.03,19.29,38.09,3.7,769.266666666667,82.0,3.6666666666666705,35.3333333333333,0.933333333333333,17.46184570947662,17.46184570947662,40
0,21.29,35.3633333333333,18.39,38.29,20.39,36.79,20.0,33.8266666666667,18.89,53.2666666666667,3.12666666666667,56.533333333333296,21.6333333333333,32.06,23.5,38.5633333333333,19.29,38.1633333333333,3.5,769.25,83.0,3.5,42.5,0.9,7.387772377114744,7.387772377114744,50
0,20.0,34.2666666666667,19.0966666666667,35.6333333333333,20.2,35.3,19.823333333333295,32.9,18.2,46.6633333333333,1.96333333333333,60.2666666666667,20.39,28.8566666666667,21.89,36.99,19.5,37.23,2.03333333333333,768.8333333333329,81.6666666666667,6.8333333333333295,64.6666666666667,-0.8333333333333329,39.27643796196208,39.27643796196208,280
0,20.0,33.6,19.066666666666695,33.4666666666667,19.9933333333333,34.2266666666667,19.963333333333296,32.7666666666667,18.2,46.53,2.2925,58.395,20.39,28.73,21.823333333333295,36.53,19.5,37.363333333333294,2.2,768.7999999999998,81.0,7.0,65.0,-0.8,33.112977095879614,33.112977095879614,740
0,20.0,32.73,19.3266666666667,33.2666666666667,20.033333333333296,34.6966666666667,20.0,32.1,18.1666666666667,46.4666666666667,2.63333333333333,56.2666666666667,20.39,28.6666666666667,21.79,35.8633333333333,19.39,37.6566666666667,2.4,768.783333333333,80.0,6.66666666666667,65.0,-0.766666666666667,40.25477322284132,40.25477322284132,860
0,20.0,33.0633333333333,19.6966666666667,33.09,20.226666666666695,35.4966666666667,20.033333333333296,31.89,18.1,46.2666666666667,2.9633333333333294,53.8,20.39,28.533333333333296,21.73,35.39,19.39,37.863333333333294,2.6,768.766666666667,79.0,6.3333333333333295,65.0,-0.733333333333333,22.866161051206287,22.866161051206287,490
0,20.1,33.5966666666667,20.03,33.2233333333333,20.6333333333333,36.19333333333329,20.1,31.963333333333296,18.1,46.045,3.2966666666666695,53.3266666666667,20.39,28.5,21.7,34.99,19.39,38.09666666666671,2.8,768.75,78.0,6.0,65.0,-0.7,31.031008367426693,31.031008367426693,280
10,20.1,33.8633333333333,20.2633333333333,33.2,20.8266666666667,36.5266666666667,20.1333333333333,32.09,18.1,45.6633333333333,3.53,51.0,20.39,28.4266666666667,21.7,34.73,19.39,38.363333333333294,3.0,768.733333333333,77.0,5.66666666666667,65.0,-0.666666666666667,19.12505456712097,19.12505456712097,280
0,20.2,34.1333333333333,20.463333333333296,33.1266666666667,21.163333333333295,36.6266666666667,20.2,32.09,18.1,45.463333333333296,3.59,49.66666666666669,20.4266666666667,28.4266666666667,21.7,34.5266666666667,19.39,38.53,3.2,768.716666666667,76.0,5.3333333333333295,65.0,-0.633333333333333,44.31976630585268,44.31976630585268,260
0,20.26,34.4666666666667,20.73,33.09,21.496666666666705,36.83333333333329,20.2,32.3266666666667,18.1,45.26,3.82666666666667,49.533333333333296,20.5,28.3925,21.6333333333333,34.2666666666667,19.39,38.6633333333333,3.4,768.7,75.0,5.0,65.0,-0.6,31.081613607238975,31.081613607238975,250
0,20.29,34.645,20.79,33.1633333333333,21.79,36.83333333333329,20.2,32.4666666666667,18.1,45.0666666666667,3.9666666666666694,48.533333333333296,20.5,28.23,21.6,33.9666666666667,19.39,38.7,3.4,768.6833333333329,75.5,5.16666666666667,57.5,-0.533333333333333,47.79302605893463,47.79302605893463,220
0,20.39,34.7,20.89,33.2,21.93,36.7,20.23,32.7666666666667,18.1,44.93,4.19333333333333,47.9,20.6,28.1666666666667,21.6,33.8266666666667,19.39,38.7675,3.4,768.6666666666669,76.0,5.3333333333333295,50.0,-0.46666666666666706,30.025770829524845,30.025770829524845,110
0,20.463333333333296,35.76,20.963333333333296,33.2,22.0,36.6266666666667,20.29,32.9666666666667,18.1,44.79,4.52666666666667,45.6266666666667,20.6666666666667,28.1,21.6,33.9,19.39,38.79,3.4,768.65,76.5,5.5,42.5,-0.4,26.893752394244075,26.893752394244075,310
0,20.6,35.9566666666667,21.033333333333296,33.3,21.9266666666667,36.5666666666667,20.4266666666667,33.39,18.1,44.79,4.72666666666667,43.83333333333329,20.73,28.1,21.533333333333296,33.8266666666667,19.39,38.76,3.4,768.6333333333331,77.0,5.66666666666667,35.0,-0.333333333333333,28.501850343309343,28.501850343309343,270
0,20.6,36.76333333333329,21.033333333333296,33.56,21.79,36.29,20.566666666666695,33.7966666666667,18.1,44.863333333333294,4.8,42.893333333333295,20.8566666666667,28.1,21.533333333333296,33.76,19.39,38.6266666666667,3.4,768.616666666667,77.5,5.8333333333333295,27.5,-0.266666666666667,46.53036027448252,46.53036027448252,100
0,20.6333333333333,37.56,21.0,33.9633333333333,21.79,36.29,20.6333333333333,34.1933333333333,18.066666666666695,45.03,4.93,43.1333333333333,20.9266666666667,27.963333333333296,21.6,33.7,19.39,38.7,3.4,768.6,78.0,6.0,20.0,-0.2,7.062925980426371,7.062925980426371,70
0,20.7,37.893333333333295,21.0,34.3633333333333,21.7,36.29,20.7,34.4666666666667,18.066666666666695,45.223333333333294,5.33,41.19333333333329,21.0,27.823333333333295,21.6,33.29,19.39,38.7,3.65,768.5666666666668,76.5,6.0,20.666666666666696,-0.216666666666667,21.946546423714608,21.946546423714608,60
0,20.79,38.4,21.033333333333296,34.89,21.7,36.29,20.823333333333295,34.6266666666667,18.1,45.6266666666667,5.4,38.9,21.1,27.6666666666667,21.6,32.9566666666667,19.463333333333296,38.863333333333294,3.9,768.533333333333,75.0,6.0,21.3333333333333,-0.233333333333333,27.07779804477468,27.07779804477468,60
0,20.8566666666667,38.4,21.05,35.2225,21.6333333333333,36.29,20.89,34.7,18.1,45.83333333333329,5.46666666666667,39.1,21.1666666666667,27.533333333333296,21.6333333333333,32.59,19.39,38.79,4.15,768.5,73.5,6.0,22.0,-0.25,26.900546846445646,26.900546846445646,50
0,20.9266666666667,38.79,21.1,35.5266666666667,21.6,36.29,21.0,34.8266666666667,18.1,46.1266666666667,6.03333333333333,37.3,21.29,27.566666666666695,21.7,32.4475,19.39,38.76,4.4,768.466666666667,72.0,6.0,22.666666666666696,-0.266666666666667,5.6358978152275085,5.6358978152275085,80
0,21.066666666666695,38.79,21.0,35.86,21.533333333333296,36.363333333333294,21.0,34.7666666666667,18.1,46.33333333333329,6.275,34.6475,21.3566666666667,27.4266666666667,21.7,32.1266666666667,19.39,38.7,4.65,768.4333333333329,70.5,6.0,23.3333333333333,-0.28333333333333294,25.014275906141847,25.014275906141847,230
0,21.1333333333333,38.4666666666667,20.9266666666667,36.06,21.5,36.463333333333296,21.0,34.56,18.1,46.53,5.86666666666667,33.83,21.533333333333296,27.3266666666667,21.79,31.99,19.39,38.59,4.9,768.4,69.0,6.0,24.0,-0.3,33.34717230172828,33.34717230172828,710
0,21.26,38.5266666666667,20.89,36.2666666666667,21.566666666666695,37.13,21.0,34.375,18.1,46.59,5.72666666666667,33.6233333333333,21.6,27.2,21.79,31.79,19.463333333333296,38.59,5.0,768.2999999999998,67.8333333333333,6.16666666666667,24.5,-0.46666666666666706,21.443960745818913,21.443960745818913,570
0,21.4266666666667,38.4666666666667,20.89,36.4,21.86,38.39,21.0,34.1266666666667,18.1,46.73,5.8,33.29,21.73,27.1,21.823333333333295,31.6666666666667,19.5,38.4666666666667,5.1,768.2,66.6666666666667,6.3333333333333295,25.0,-0.633333333333333,0.6723224651068449,0.6723224651068449,300
0,21.566666666666695,38.1333333333333,20.79,36.223333333333294,22.1333333333333,38.863333333333294,21.0,34.0266666666667,18.1,46.79,5.763333333333329,32.8333333333333,21.8566666666667,27.033333333333296,21.89,31.726666666666695,19.5,38.3266666666667,5.2,768.1,65.5,6.5,25.5,-0.8,27.51918428111821,27.51918428111821,230
0,21.533333333333296,37.05666666666671,20.79,35.6966666666667,22.46,39.433333333333294,21.0,33.7666666666667,18.1,46.79,5.69,32.2333333333333,21.9266666666667,26.8266666666667,22.0,32.2233333333333,19.533333333333296,38.26,5.3,768.0,64.3333333333333,6.66666666666667,26.0,-0.966666666666667,49.844980565831065,49.844980565831065,240
0,21.6,36.39,20.7,35.26,22.6666666666667,39.69333333333329,21.0,33.56,18.1,46.6633333333333,5.8333333333333295,31.56,22.0,26.6333333333333,22.0,31.956666666666695,19.533333333333296,38.2,5.4,767.9,63.16666666666671,6.8333333333333295,26.5,-1.13333333333333,1.3748123194091022,1.3748123194091022,220
0,21.7,36.1333333333333,20.7,35.1266666666667,22.9266666666667,39.863333333333294,21.0,33.36,18.1,46.53,5.9,31.226666666666695,22.1333333333333,26.53,22.033333333333296,31.53,19.6,38.1633333333333,5.5,767.7999999999998,62.0,7.0,27.0,-1.3,30.22302159806713,30.22302159806713,180
0,21.76,35.86,20.6666666666667,35.06,23.066666666666695,39.6566666666667,20.9266666666667,33.26,18.1,46.363333333333294,6.06333333333333,31.53,22.2675,26.365,22.1,31.39,19.6,38.09,5.71666666666667,767.733333333333,61.16666666666671,6.66666666666667,27.3333333333333,-1.26666666666667,8.267610240727663,8.267610240727663,100
10,21.9266666666667,35.6333333333333,20.6,34.9333333333333,23.1666666666667,39.19333333333329,21.0,33.1266666666667,18.1,46.23,6.263333333333329,30.7233333333333,22.3566666666667,26.23,22.1333333333333,31.1333333333333,19.6,38.0,5.93333333333333,767.6666666666669,60.33333333333329,6.3333333333333295,27.666666666666696,-1.23333333333333,3.218801866751164,3.218801866751164,240
0,21.9475,34.77,20.4666666666667,33.4233333333333,22.8333333333333,37.2666666666667,21.0,32.9666666666667,18.1,45.9666666666667,6.43333333333333,30.16,22.5,26.066666666666695,22.26,31.1333333333333,19.6,37.975,6.15,767.6,59.5,6.0,28.0,-1.2,18.40260742465034,18.40260742465034,690
0,21.73,32.5266666666667,19.9266666666667,31.43,22.033333333333296,35.9566666666667,21.0,32.4933333333333,18.1,45.7666666666667,6.5,30.0933333333333,22.566666666666695,25.9266666666667,22.29,31.6333333333333,19.6,37.9,6.36666666666667,767.533333333333,58.66666666666671,5.66666666666667,28.3333333333333,-1.16666666666667,24.899429094512012,24.899429094512012,490
0,21.73,32.4933333333333,19.73,31.233333333333295,22.2933333333333,36.29,20.963333333333296,31.8566666666667,18.1,45.2966666666667,6.72666666666667,30.36,22.7,25.963333333333296,22.3566666666667,31.6333333333333,19.6,37.863333333333294,6.5833333333333295,767.466666666667,57.83333333333329,5.3333333333333295,28.666666666666696,-1.13333333333333,0.3449253155849874,0.3449253155849874,320
0,21.79,32.7666666666667,19.8566666666667,31.76,22.7633333333333,36.5,20.89,31.79,18.1,44.83,6.86666666666667,28.9666666666667,22.76,25.823333333333295,22.4266666666667,31.463333333333296,19.6,37.79,6.8,767.4,57.0,5.0,29.0,-1.1,0.3658629953861236,0.3658629953861236,240
0,21.823333333333295,33.33,20.0,32.23,23.03,36.9,20.89,31.79,18.1,44.43,6.963333333333329,28.0,22.89,25.76,22.5,31.2633333333333,19.6666666666667,37.863333333333294,6.93333333333333,767.3333333333329,57.0,5.16666666666667,28.5,-1.0,22.258236480411146,22.258236480411146,270
0,21.89,33.7233333333333,20.066666666666695,32.43,23.34,36.995,20.89,31.79,18.1,44.23,7.23,28.193333333333296,22.89,25.6333333333333,22.5,31.066666666666695,19.6,37.73,7.06666666666667,767.266666666667,57.0,5.3333333333333295,28.0,-0.9,30.87422685930505,30.87422685930505,230
0,21.9266666666667,34.03,20.033333333333296,32.4633333333333,23.533333333333296,36.6633333333333,20.9266666666667,31.823333333333295,18.1,44.06,7.3333333333333295,27.4966666666667,23.033333333333296,25.5,22.5,30.86,19.7,37.79,7.2,767.2,57.0,5.5,27.5,-0.8,48.606724687851965,48.606724687851965,220
0,22.0,34.2233333333333,20.033333333333296,32.7233333333333,23.6,36.463333333333296,21.0,31.963333333333296,18.1,44.0,7.325,26.7425,23.1,25.4266666666667,22.533333333333296,30.566666666666695,19.7,37.79,7.3333333333333295,767.1333333333331,57.0,5.66666666666667,27.0,-0.7,0.5871433764696121,0.5871433764696121,190
0,22.033333333333296,34.23,20.1,33.1,23.7,36.223333333333294,20.89,32.1266666666667,18.1,43.9666666666667,7.3,26.5,23.1,25.3566666666667,22.533333333333296,30.5,19.6333333333333,37.7,7.46666666666667,767.0666666666668,57.0,5.8333333333333295,26.5,-0.6,32.45411305688321,32.45411305688321,80
10,22.1,34.43,20.1,33.36,23.6333333333333,35.89,20.963333333333296,32.26,18.1,43.9,7.366666666666669,25.866666666666696,23.1,25.29,22.5,30.34,19.7,37.7,7.599999999999999,767.0,57.0,6.0,26.0,-0.5,16.84979161946103,16.84979161946103,240
0,22.1,34.6666666666667,20.1,33.56,23.463333333333296,35.36,20.89,32.4333333333333,18.1,43.9,7.559999999999999,25.4666666666667,23.2,25.1666666666667,22.5,30.1,19.7,37.59,7.65,766.95,56.66666666666671,6.0,25.8333333333333,-0.5166666666666672,20.3434627270326,20.3434627270326,460
0,22.1,34.86,20.1,33.9633333333333,23.463333333333296,35.8333333333333,20.89,32.595,18.1,43.9,7.8333333333333295,25.2666666666667,23.2,25.1,22.5,30.1,19.7,37.6633333333333,7.7,766.9,56.33333333333329,6.0,25.666666666666696,-0.533333333333333,22.571964759845287,22.571964759845287,590
0,22.1,34.76,20.1,34.09,23.6,35.99,20.89,32.8333333333333,18.1,43.933333333333294,7.9,24.0,23.2,25.0,22.5,30.1,19.7,37.7,7.75,766.85,56.0,6.0,25.5,-0.55,40.44847956392913,40.44847956392913,550
10,22.1666666666667,34.7,20.0,34.23,23.726666666666695,35.73,20.89,33.0,18.1666666666667,44.0,8.0,23.6,23.2,24.9266666666667,22.5,30.033333333333296,19.76,37.7,7.8,766.7999999999998,55.66666666666671,6.0,25.3333333333333,-0.566666666666667,17.61340614175424,17.61340614175424,560
0,22.2,34.6633333333333,20.0,34.29,23.823333333333295,35.5,20.89,33.06,18.1,44.09,8.0,22.2,23.29,24.963333333333296,22.566666666666695,30.0,19.7,37.7,7.849999999999999,766.75,55.33333333333329,6.0,25.166666666666696,-0.5833333333333329,42.60667937342077,42.60667937342077,350
0,22.2,34.53,20.0,34.29,23.963333333333296,35.56,21.0,33.23,18.2,44.2,8.0,21.733333333333295,23.29,24.823333333333295,22.5,30.0,19.7,37.7,7.9,766.7,55.0,6.0,25.0,-0.6,10.029931995086372,10.029931995086372,250
10,22.2,34.2233333333333,20.0,34.29,24.1333333333333,35.5266666666667,21.0,33.3633333333333,18.2,44.2,7.93333333333333,21.26,23.26,24.726666666666695,22.5,29.963333333333296,19.7,37.7,7.76666666666667,766.6833333333329,55.83333333333329,5.66666666666667,25.0,-0.533333333333333,38.90901744598522,38.90901744598522,210
0,22.2,34.03,19.963333333333296,34.4333333333333,24.26,35.2666666666667,21.0,33.5,18.2,44.2,8.0,21.3966666666667,23.2,24.6,22.5,29.89,19.7,37.7,7.633333333333329,766.6666666666669,56.66666666666671,5.3333333333333295,25.0,-0.46666666666666706,37.61752818245441,37.61752818245441,150
0,22.2,33.9333333333333,20.156666666666695,34.3,24.29,34.93,21.0,33.5,18.2,44.2,7.93333333333333,21.663333333333295,23.2,24.5,22.5,29.89,19.7,37.76,7.5,766.65,57.5,5.0,25.0,-0.4,1.5985539881512523,1.5985539881512523,80
0,22.2,34.0475,20.823333333333295,33.0266666666667,24.23,34.5966666666667,21.0,33.5,18.2,44.2,7.763333333333329,21.6,23.1,24.39,22.5,29.823333333333295,19.7,37.7,7.366666666666669,766.6333333333331,58.33333333333329,4.66666666666667,25.0,-0.333333333333333,39.714509644545615,39.714509644545615,210
10,22.2,33.99,20.5566666666667,33.3,24.03,34.2233333333333,21.0,33.5,18.26,44.2,7.69,21.9333333333333,23.1,24.39,22.463333333333296,29.8566666666667,19.7,37.7,7.233333333333332,766.616666666667,59.16666666666671,4.3333333333333295,25.0,-0.266666666666667,6.155620596837252,6.155620596837252,580
0,22.2,34.8266666666667,20.066666666666695,34.1966666666667,23.7633333333333,33.9633333333333,21.0,33.5,18.29,44.09,7.43333333333333,22.533333333333296,22.963333333333296,24.26,22.463333333333296,29.79,19.7,37.79,7.1,766.6,60.0,4.0,25.0,-0.2,2.62885115807876,2.62885115807876,310
0,22.2,35.1,19.86,35.13,23.566666666666695,33.9333333333333,21.0,33.5,18.29,44.1633333333333,7.22666666666667,22.866666666666696,22.823333333333295,24.1333333333333,22.5,29.89,19.7,37.79,6.7,766.6333333333331,61.66666666666671,3.8333333333333295,24.5,-0.233333333333333,25.013270508497957,25.013270508497957,270
0,22.2,35.89,19.76,36.5666666666667,23.4266666666667,33.9333333333333,21.0,33.4,18.29,44.2666666666667,6.93333333333333,23.4266666666667,22.79,24.1,22.5,29.963333333333296,19.7,37.56,6.3,766.6666666666669,63.33333333333329,3.6666666666666705,24.0,-0.266666666666667,23.191423562821,23.191423562821,250
0,22.2,36.363333333333294,19.6333333333333,37.3,23.26,34.09,21.0,33.0666666666667,18.29,44.4666666666667,6.57,24.175,22.73,24.1666666666667,22.5,30.0,19.7,37.56,5.9,766.7,65.0,3.5,23.5,-0.3,33.07609416078776,33.07609416078776,380
10,22.2,37.03,19.6,38.293333333333294,23.2,34.195,20.89,32.6333333333333,18.29,44.6266666666667,6.16,25.86,22.6,24.1,22.5,30.0,19.7,37.59,5.5,766.733333333333,66.6666666666667,3.3333333333333295,23.0,-0.333333333333333,6.208410009276122,6.208410009276122,470
0,22.2,37.6233333333333,19.533333333333296,39.033333333333296,23.1333333333333,34.29,20.823333333333295,32.36,18.29,44.83333333333329,5.7,27.19,22.533333333333296,24.1666666666667,22.5,30.0,19.7,37.59,5.1,766.766666666667,68.3333333333333,3.16666666666667,22.5,-0.366666666666667,7.933908957056701,7.933908957056701,290
20,22.6,38.2966666666667,19.76,41.33,22.76,35.4333333333333,20.7,34.26,18.795,63.55,4.16,31.4333333333333,22.0,24.323333333333295,22.23,30.36,19.6,37.23,4.7,766.7,65.0,3.0,23.0,-1.3,36.74283118452877,36.74283118452877,140
40,22.6666666666667,38.03,19.79,41.06,22.7,35.56,20.6333333333333,34.4266666666667,19.29,70.73,4.02666666666667,32.1333333333333,21.9266666666667,24.39,22.29,30.6933333333333,19.6666666666667,37.363333333333294,4.45,766.7,65.8333333333333,2.8333333333333295,22.8333333333333,-1.38333333333333,38.62290938850492,38.62290938850492,110
20,22.7,37.76,19.8566666666667,40.86,22.79,35.6266666666667,20.7,34.96,19.29,67.59,3.7666666666666706,32.2666666666667,21.8566666666667,24.39,22.3566666666667,31.0,19.6,37.4,4.2,766.7,66.6666666666667,2.66666666666667,22.666666666666696,-1.46666666666667,13.13353554578498,13.13353554578498,110
30,22.7,37.5666666666667,19.89,40.43,22.73,35.6266666666667,20.7,35.4666666666667,19.5,64.7966666666667,3.6266666666666705,32.79,21.79,24.39,22.3566666666667,31.0,19.6,37.4,3.95,766.7,67.5,2.5,22.5,-1.55,38.82781167048961,38.82781167048961,90
20,22.73,37.223333333333294,19.963333333333296,40.09666666666671,22.5,35.3266666666667,20.7,35.4,19.5,62.53,3.6266666666666705,32.6566666666667,21.76,24.4266666666667,22.29,30.8566666666667,19.6,37.5,3.7,766.7,68.3333333333333,2.3333333333333295,22.3333333333333,-1.63333333333333,26.62806889275089,26.62806889275089,110
10,22.79,37.03,20.0,39.7966666666667,22.5,35.4666666666667,20.7,35.26,19.3566666666667,60.66666666666671,3.5266666666666695,32.6566666666667,21.675,24.4725,22.29,30.79,19.6,37.5,3.45,766.7,69.1666666666667,2.16666666666667,22.166666666666696,-1.71666666666667,40.54599143564701,40.54599143564701,90
0,22.79,36.8,20.0,39.53,22.5,35.5,20.6333333333333,35.0666666666667,19.69,75.5266666666667,3.4666666666666694,33.1233333333333,21.6,24.463333333333296,22.29,30.79,19.6,37.5,3.2,766.7,70.0,2.0,22.0,-1.8,45.87020034668967,45.87020034668967,100
10,22.79,36.5266666666667,20.0,39.33333333333329,22.5,35.4333333333333,20.6,34.8633333333333,21.156666666666695,86.02333333333331,3.4,33.2666666666667,21.6,24.5,22.29,30.996666666666705,19.6,37.5,3.16666666666667,766.7,70.1666666666667,2.16666666666667,22.0,-1.81666666666667,4.712688969448209,4.712688969448209,120
30,22.79,36.2666666666667,20.0,39.1266666666667,22.5,35.4,20.6,34.79,20.63,87.76333333333329,3.25,33.2925,21.533333333333296,24.5,22.29,32.06,19.533333333333296,37.5,3.13333333333333,766.7,70.3333333333333,2.3333333333333295,22.0,-1.8333333333333297,27.52407639054581,27.52407639054581,110
20,22.79,36.06,19.963333333333296,38.933333333333294,22.5,35.3266666666667,20.6,34.3333333333333,19.8266666666667,81.6566666666667,2.9266666666666694,33.59,21.463333333333296,24.566666666666695,22.3566666666667,32.7333333333333,19.566666666666695,37.5,3.1,766.7,70.5,2.5,22.0,-1.85,1.4562336262315512,1.4562336262315512,100
20,22.79,36.0,19.89,39.0,22.463333333333296,35.26,20.6,34.0666666666667,19.8266666666667,69.59,2.66333333333333,34.6966666666667,21.39,24.5,22.4266666666667,33.2266666666667,19.566666666666695,37.5,3.06666666666667,766.7,70.6666666666667,2.66666666666667,22.0,-1.86666666666667,10.89157781098038,10.89157781098038,100
20,22.7,36.0,19.8566666666667,39.09,22.39,35.2,20.7,33.9333333333333,20.0,59.363333333333294,2.53,35.0966666666667,21.3566666666667,24.533333333333296,22.5,33.56,19.533333333333296,37.5,3.03333333333333,766.7,70.8333333333333,2.8333333333333295,22.0,-1.88333333333333,18.440711649600416,18.440711649600416,120
20,22.7,36.0,19.79,39.09,22.323333333333295,35.2,20.7,33.86,20.0,54.823333333333295,2.13333333333333,35.5966666666667,21.29,24.6,22.5,33.9333333333333,19.533333333333296,37.5,3.0,766.7,71.0,3.0,22.0,-1.9,40.85700665600598,40.85700665600598,110
30,22.7,36.0,19.745,39.045,22.29,35.2,20.7,33.7,20.1,51.033333333333296,1.93333333333333,36.93,21.29,24.6,22.566666666666695,34.06,19.5,37.5,2.86666666666667,766.6833333333329,71.1666666666667,2.8333333333333295,22.0,-1.9666666666666697,30.983205477241423,30.983205477241423,90
20,22.6333333333333,35.9333333333333,19.6666666666667,38.933333333333294,22.29,35.2,20.76,33.8333333333333,20.1,48.83333333333329,1.9,37.6233333333333,21.29,24.726666666666695,22.7,34.23,19.5,37.5,2.7333333333333294,766.6666666666669,71.3333333333333,2.66666666666667,22.0,-2.03333333333333,12.89854635251686,12.89854635251686,70
20,22.6,35.9333333333333,19.6,39.06,22.29,35.4,20.79,34.36,20.0,47.55666666666671,1.9666666666666697,38.1566666666667,21.29,25.0966666666667,22.7,34.6233333333333,19.566666666666695,37.433333333333294,2.6,766.65,71.5,2.5,22.0,-2.1,36.76022319123149,36.76022319123149,60
30,22.6,36.0,19.566666666666695,39.2666666666667,22.29,35.4,20.865,34.6725,20.0,46.6966666666667,2.09,38.49,21.29,25.43,22.7,35.3,19.5,37.56,2.4666666666666694,766.6333333333331,71.6666666666667,2.3333333333333295,22.0,-2.16666666666667,45.94211226794869,45.94211226794869,70
20,22.5,36.03,19.4266666666667,39.4,22.29,35.5,20.89,34.79,20.0,45.83333333333329,1.96333333333333,38.29,21.29,25.566666666666695,22.7,35.77,19.5,37.7,2.3333333333333295,766.616666666667,71.8333333333333,2.16666666666667,22.0,-2.2333333333333294,35.04641663748771,35.04641663748771,60
20,22.5,36.09,19.3566666666667,39.5666666666667,22.29,35.5,21.0,35.0,20.0,45.2266666666667,1.93333333333333,38.69333333333329,21.29,25.76,22.7,36.1333333333333,19.5,37.76,2.2,766.6,72.0,2.0,22.0,-2.3,43.8769351108931,43.8769351108931,50
30,22.39,36.09,19.23,39.76,22.29,35.59,21.0,35.0,20.0,44.645,1.93333333333333,38.56,21.29,25.9266666666667,22.7,36.5666666666667,19.5,37.79,2.06666666666667,766.6,72.6666666666667,2.16666666666667,22.0,-2.3333333333333295,33.60590538941324,33.60590538941324,60
20,22.39,36.09,19.2,40.03,22.29,35.59,21.033333333333296,35.03,19.963333333333296,44.1,1.9,38.3266666666667,21.23,26.0,22.7,36.83333333333329,19.5,37.79,1.93333333333333,766.6,73.3333333333333,2.3333333333333295,22.0,-2.36666666666667,33.40285075828433,33.40285075828433,60
20,22.3566666666667,36.2,19.066666666666695,39.963333333333296,22.323333333333295,35.59,21.1,35.03,19.89,43.69333333333329,1.8266666666666695,38.66,21.2,26.1333333333333,22.6,37.03,19.5,37.79,1.8,766.6,74.0,2.5,22.0,-2.4,29.554422607179728,29.554422607179728,60
0,20.5,35.1933333333333,19.43,39.29,20.89,33.9,20.26,32.09,18.9266666666667,40.66,4.56666666666667,47.0266666666667,20.0,26.2,21.1333333333333,34.9666666666667,19.6,38.0,3.8333333333333295,765.9,78.0,1.33333333333333,62.66666666666669,0.266666666666667,48.5036613419652,48.5036613419652,60
10,20.5,34.93,19.73,38.23,20.89,33.9666666666667,20.323333333333295,32.06,18.89,41.2266666666667,5.095,43.05,20.0,26.2,21.1333333333333,34.9,19.566666666666695,38.09,4.25,765.85,76.5,1.5,63.0,0.4,13.564342341851445,13.564342341851445,60
0,20.5,34.53,19.8425,36.7425,20.89,34.09,20.39,32.0,18.89,41.6333333333333,5.36666666666667,41.3,20.0,26.2,21.1,34.9,19.566666666666695,38.09,4.66666666666667,765.7999999999998,75.0,1.66666666666667,63.33333333333329,0.533333333333333,27.65200840076432,27.65200840076432,70
10,20.5,34.4633333333333,20.1333333333333,36.2266666666667,20.89,34.09,20.39,32.36,18.79,41.963333333333296,5.56333333333333,39.0266666666667,20.0,26.2,21.1,34.8266666666667,19.533333333333296,38.09,5.0833333333333295,765.75,73.5,1.8333333333333297,63.66666666666669,0.666666666666667,2.875052811577916,2.875052811577916,60
0,20.5,34.59,20.39,35.6933333333333,20.89,34.09,20.463333333333296,32.8333333333333,18.79,42.1633333333333,5.83,38.56,20.0,26.2,21.1,34.8333333333333,19.6,38.09,5.5,765.7,72.0,2.0,64.0,0.8,3.18129617953673,3.18129617953673,60
0,20.5,34.7233333333333,20.39,34.8266666666667,20.89,34.06,20.5,32.85,18.79,42.29,6.06333333333333,36.4566666666667,20.1,26.26,21.1,34.6266666666667,19.566666666666695,38.09,5.883333333333329,765.65,70.5,2.3333333333333295,64.1666666666667,0.866666666666667,37.49184136977419,37.49184136977419,60
10,20.5,34.4633333333333,20.39,34.0333333333333,20.89,33.9333333333333,20.533333333333296,32.6266666666667,18.79,42.29,6.39666666666667,34.1233333333333,20.1666666666667,26.2,21.1,34.56,19.5,38.09,6.26666666666667,765.6,69.0,2.66666666666667,64.3333333333333,0.933333333333333,36.586976388935,36.586976388935,50
0,20.5,34.1333333333333,20.323333333333295,33.3666666666667,20.79,33.56,20.6,32.76,18.79,42.1633333333333,6.7933333333333294,32.3333333333333,20.23,26.1,21.1666666666667,34.4333333333333,19.5,37.99,6.65,765.5499999999998,67.5,3.0,64.5,1.0,2.7758593671023846,2.7758593671023846,40
10,20.5,33.8,20.3566666666667,33.2233333333333,20.73,33.4333333333333,20.73,32.8333333333333,18.79,42.03,7.06,29.733333333333295,20.29,26.033333333333296,21.2,34.2233333333333,19.566666666666695,37.59666666666671,7.03333333333333,765.5,66.0,3.3333333333333295,64.6666666666667,1.06666666666667,6.178697186987847,6.178697186987847,40
10,20.5,33.4633333333333,20.29,33.2966666666667,20.566666666666695,33.29,20.79,32.6266666666667,18.79,42.0,7.463333333333329,28.1,20.4266666666667,25.89,21.26,34.09,19.6,37.463333333333296,7.416666666666669,765.45,64.5,3.6666666666666705,64.8333333333333,1.13333333333333,10.06923688109964,10.06923688109964,40
0,20.5,33.6633333333333,20.26,33.7233333333333,20.4266666666667,33.29,20.823333333333295,32.4,18.7225,41.925,7.656666666666669,27.96,20.5,25.89,21.39,33.8633333333333,19.6,37.6633333333333,7.8,765.4,63.0,4.0,65.0,1.2,21.93775214254856,21.93775214254856,40
10,20.533333333333296,33.76,20.2,33.39,20.3566666666667,33.4633333333333,20.89,32.3266666666667,18.7,41.9,7.96666666666667,27.096666666666696,20.6333333333333,25.79,21.4725,33.695,19.6,37.8266666666667,8.08333333333333,765.366666666667,62.0,4.16666666666667,57.5,1.21666666666667,49.809465277940035,49.809465277940035,60
10,20.6,33.5666666666667,20.1,33.1233333333333,20.29,33.59,20.9266666666667,32.2,18.7,41.9,8.233333333333329,26.163333333333295,20.7,25.79,21.566666666666695,33.53,19.6,37.9,8.36666666666667,765.3333333333329,61.0,4.3333333333333295,50.0,1.23333333333333,32.81612931750715,32.81612931750715,150
0,20.6,33.4,20.033333333333296,32.6566666666667,20.23,33.9266666666667,21.0,32.1266666666667,18.7,41.9666666666667,8.563333333333329,24.7,20.823333333333295,25.73,21.73,33.43,19.566666666666695,38.0,8.65,765.2999999999998,60.0,4.5,42.5,1.25,14.161002985201776,14.161002985201776,280
10,20.6666666666667,33.66,20.1,32.79,20.29,34.1266666666667,21.0,31.963333333333296,18.7,42.0,8.823333333333329,24.9666666666667,20.963333333333296,25.73,21.8566666666667,33.29,19.575,38.0,8.93333333333333,765.266666666667,59.0,4.66666666666667,35.0,1.26666666666667,34.96451996034011,34.96451996034011,100
0,20.73,34.2,20.1666666666667,32.99,20.29,34.23,21.0,31.823333333333295,18.7,42.0,9.25666666666667,23.7,21.1,25.79,22.0,33.1633333333333,19.6,38.0,9.21666666666667,765.233333333333,58.0,4.8333333333333295,27.5,1.28333333333333,44.970237894449376,44.970237894449376,90
10,20.8566666666667,34.46,20.2,33.5666666666667,20.29,34.3633333333333,21.0,31.79,18.7,42.03,9.463333333333328,22.96,21.23,25.73,22.066666666666695,33.09,19.6,38.0,9.5,765.2,57.0,5.0,20.0,1.3,28.95509626250714,28.95509626250714,130
0,20.89,34.345,20.2,33.7,20.29,34.5,20.9266666666667,31.79,18.7,42.09,9.72666666666667,22.13,21.3566666666667,25.79,22.23,32.9,19.6,38.0,9.6,765.1333333333331,57.16666666666671,5.0,27.5,1.43333333333333,38.96374088944867,38.96374088944867,120
10,21.0,34.2233333333333,20.2,33.79,20.29,34.56,20.89,31.7,18.7,42.09,9.920000000000002,21.445,21.4266666666667,25.7,22.29,32.9,19.6,37.9,9.7,765.0666666666668,57.33333333333329,5.0,35.0,1.56666666666667,18.632919818628576,18.632919818628576,50
0,21.0,34.03,20.2,33.6566666666667,20.323333333333295,34.6633333333333,20.89,31.76,18.7,42.09,10.2333333333333,21.39,21.566666666666695,25.7,22.4266666666667,32.79,19.6666666666667,37.9666666666667,9.8,765.0,57.5,5.0,42.5,1.7,31.629692134447396,31.629692134447396,70
0,21.1,33.6,20.2,32.93,20.39,34.4633333333333,20.89,31.6333333333333,18.7,42.33,10.5333333333333,20.596666666666696,21.6333333333333,25.7,22.5,32.73,19.6,37.863333333333294,9.9,764.9333333333329,57.66666666666671,5.0,50.0,1.8333333333333297,10.882646194659172,10.882646194659172,50
10,21.1,33.3266666666667,20.2675,32.8725,20.445,34.245,20.89,31.6333333333333,18.9,43.7966666666667,10.7333333333333,20.39,21.7,25.6333333333333,22.6,32.7,19.6,37.79,10.0,764.866666666667,57.83333333333329,5.0,57.5,1.9666666666666697,41.65941410465165,41.65941410465165,50
0,21.1333333333333,33.3633333333333,20.29,32.8266666666667,20.6,34.06,21.0,31.566666666666695,19.1,43.0,10.89,20.823333333333295,21.79,25.6,22.6,32.6266666666667,19.6333333333333,37.79,10.1,764.7999999999998,58.0,5.0,65.0,2.1,41.84414237970486,41.84414237970486,50
0,21.2,33.29,20.29,32.79,20.6,34.0,21.0,31.5,19.1,42.2,10.89,20.823333333333295,21.8566666666667,25.6666666666667,22.7,32.59,19.7,37.79,10.1833333333333,764.6666666666669,57.83333333333329,5.0,65.0,2.13333333333333,16.43745566252619,16.43745566252619,50
10,21.2,33.09,20.29,32.79,20.6333333333333,34.0,21.0,31.445,19.1333333333333,42.16,10.96,20.8333333333333,22.0,25.7,22.76,32.59,19.7,37.76,10.2666666666667,764.533333333333,57.66666666666671,5.0,65.0,2.16666666666667,13.290670502465218,13.290670502465218,50
0,21.2,33.2233333333333,20.29,32.9633333333333,20.7,34.0,21.033333333333296,31.46,19.2,41.2333333333333,11.16,21.1,22.066666666666695,25.7,22.89,32.59,19.7,37.7,10.35,764.4,57.5,5.0,65.0,2.2,27.357410069089383,27.357410069089383,60
0,21.29,33.4666666666667,20.29,33.09,20.7,34.0,21.1,31.6,19.29,42.7566666666667,11.33,20.6966666666667,22.2,25.7,22.963333333333296,32.53,19.7,37.7,10.4333333333333,764.266666666667,57.33333333333329,5.0,65.0,2.2333333333333294,3.8499388727359474,3.8499388727359474,60
20,21.29,33.2666666666667,20.29,33.0,20.7,34.06,21.1,31.6,19.29,42.963333333333296,11.4633333333333,20.963333333333296,22.26,25.7,23.033333333333296,32.5,19.7,37.7,10.5166666666667,764.1333333333331,57.16666666666671,5.0,65.0,2.2666666666666706,6.675293704029173,6.675293704029173,50
10,21.323333333333295,33.23,20.23,33.0,20.7,34.0,21.1,31.6,19.29,42.89,11.36,21.393333333333295,22.323333333333295,25.7,23.1,32.5,19.73,37.6633333333333,10.6,764.0,57.0,5.0,65.0,2.3,27.45618481421843,27.45618481421843,40
10,21.39,33.43,20.23,33.2666666666667,20.7,34.0,21.1,31.6333333333333,19.3925,43.1175,11.3,21.866666666666696,22.463333333333296,25.76,23.1333333333333,32.4666666666667,19.73,37.59,10.5166666666667,763.966666666667,58.16666666666671,5.16666666666667,64.6666666666667,2.5,48.388558777514845,48.388558777514845,70
0,21.4266666666667,33.86,20.3566666666667,33.5266666666667,20.79,34.03,21.1,31.9,19.5,43.0666666666667,11.63,21.366666666666696,22.5,25.79,23.26,32.4666666666667,19.7,37.59,10.4333333333333,763.9333333333329,59.33333333333329,5.3333333333333295,64.3333333333333,2.7,14.109413349069653,14.109413349069653,70
0,21.5,34.06,20.39,33.8266666666667,20.79,34.09,21.1,32.1566666666667,19.5,42.723333333333294,12.03,20.4933333333333,22.5,25.79,23.245,32.4,19.76,37.53,10.35,763.9,60.5,5.5,64.0,2.9,16.742282873019576,16.742282873019576,70
0,21.5,34.1566666666667,20.39,33.9666666666667,20.79,34.23,21.1666666666667,32.3633333333333,19.5,42.59,12.0,19.8,22.463333333333296,25.89,23.2,32.5,19.73,37.59,10.2666666666667,763.866666666667,61.66666666666671,5.66666666666667,63.66666666666669,3.1,26.972437731456008,26.972437731456008,50
0,21.5,34.3633333333333,20.39,34.2666666666667,20.79,34.3633333333333,21.2,32.6566666666667,19.5,42.23,11.9266666666667,20.066666666666695,22.323333333333295,25.89,23.2,32.56,19.79,37.6175,10.1833333333333,763.8333333333329,62.83333333333329,5.8333333333333295,63.33333333333329,3.3,22.090128553099927,22.090128553099927,50
0,21.39,34.26,20.39,34.2666666666667,20.79,34.5,21.2,32.8633333333333,19.566666666666695,42.09666666666671,12.0333333333333,20.9266666666667,22.245,25.89,23.066666666666695,32.59,19.79,37.7,10.1,763.7999999999998,64.0,6.0,63.0,3.5,43.49104509456083,43.49104509456083,60
20,21.39,34.1266666666667,20.3566666666667,34.09,20.79,34.7,21.1666666666667,32.8266666666667,19.6,41.9666666666667,11.96,21.733333333333295,22.2,26.033333333333296,23.0,32.6633333333333,19.76,37.7,10.0166666666667,763.766666666667,65.1666666666667,6.0,55.83333333333329,3.6666666666666705,27.67178078647703,27.67178078647703,70
0,21.39,34.1266666666667,20.29,34.1633333333333,20.79,34.59,21.1,33.0266666666667,19.6,42.9,11.53,23.39,22.1333333333333,26.1666666666667,22.963333333333296,32.73,19.7,37.7,9.93333333333333,763.733333333333,66.3333333333333,6.0,48.66666666666669,3.8333333333333295,26.64303968194872,26.64303968194872,130
0,21.39,34.35,20.26,34.29,20.8566666666667,34.6633333333333,21.1666666666667,33.0,19.5,43.4,11.2175,25.4975,22.1,26.323333333333295,22.89,32.8633333333333,19.79,37.7,9.85,763.7,67.5,6.0,41.5,4.0,44.17688973480836,44.17688973480836,360
0,21.39,34.4,20.2,34.3633333333333,20.89,34.79,21.1,33.06,19.4266666666667,43.2666666666667,11.1,27.06,22.1,26.463333333333296,22.963333333333296,33.03,19.73,37.7,9.76666666666667,763.6666666666669,68.6666666666667,6.0,34.3333333333333,4.16666666666667,27.856691856868565,27.856691856868565,90
0,21.39,34.4666666666667,20.2,34.59,20.89,34.79,21.066666666666695,33.2,19.39,42.83333333333329,11.1,27.9933333333333,22.1,26.6,22.89,33.09,19.79,37.7,9.68333333333333,763.6333333333331,69.8333333333333,6.0,27.166666666666696,4.3333333333333295,3.3061079448089004,3.3061079448089004,100
0,21.39,34.2666666666667,20.1333333333333,34.4633333333333,20.79,34.845,21.0,33.2,19.39,42.5666666666667,10.96,28.66,22.1,26.6666666666667,22.89,33.23,19.79,37.76,9.6,763.6,71.0,6.0,20.0,4.5,12.938405177555978,12.938405177555978,60
0,21.3566666666667,34.09,20.05,34.29,20.79,35.0,21.0,33.3266666666667,19.29,41.9,10.86,29.8966666666667,22.1,26.823333333333295,22.89,33.29,19.79,37.79,9.25,763.5666666666668,72.3333333333333,6.16666666666667,20.5,4.41666666666667,27.54525612108409,27.54525612108409,80
0,21.29,34.09,20.0,34.36,20.79,35.0,20.9266666666667,33.4,19.29,41.83333333333329,10.6666666666667,31.23,22.033333333333296,26.963333333333296,22.79,33.3266666666667,19.79,37.79,8.9,763.533333333333,73.6666666666667,6.3333333333333295,21.0,4.3333333333333295,39.82014210196212,39.82014210196212,70
0,21.29,34.1933333333333,20.0,34.56,20.79,35.1266666666667,20.89,33.5,19.29,41.9,10.36,33.6,22.0,27.1333333333333,22.79,33.5266666666667,19.79,37.79,8.55,763.5,75.0,6.5,21.5,4.25,7.250648993067443,7.250648993067443,270
0,21.29,34.66,19.963333333333296,35.0666666666667,20.79,35.2,20.8566666666667,33.59,19.23,41.9,10.1,35.3266666666667,21.9266666666667,27.3266666666667,22.76,33.73,19.79,37.79,8.199999999999998,763.466666666667,76.3333333333333,6.66666666666667,22.0,4.16666666666667,24.31047090794891,24.31047090794891,210
10,21.26,35.0966666666667,19.823333333333295,35.86,20.89,35.29,20.79,33.6633333333333,19.2,42.03,9.66,37.4933333333333,21.89,27.533333333333296,22.7,33.79,19.76,37.79,7.849999999999999,763.4333333333329,77.6666666666667,6.8333333333333295,22.5,4.0833333333333295,35.36905471701175,35.36905471701175,150
20,21.2,35.43,19.6666666666667,36.83,20.823333333333295,35.29,20.79,33.7666666666667,19.2,42.09,9.533333333333328,38.1,21.823333333333295,27.6666666666667,22.7,34.1933333333333,19.76,37.79,7.5,763.4,79.0,7.0,23.0,4.0,47.20036162761971,47.20036162761971,130
30,21.2,36.03,19.533333333333296,37.2966666666667,20.8566666666667,35.5,20.79,34.3,19.2,42.23,9.233333333333329,39.43,21.76,27.823333333333295,22.76,34.6,19.73,37.8266666666667,7.349999999999999,763.466666666667,79.5,7.0,23.0,3.95,41.347995947580785,41.347995947580785,210
10,21.2,36.5633333333333,19.39,37.8,20.8566666666667,35.56,20.79,34.86,19.1333333333333,42.29,8.9,40.23,21.7,27.963333333333296,22.79,34.9633333333333,19.73,37.9,7.2,763.533333333333,80.0,7.0,23.0,3.9,19.1814846242778,19.1814846242778,550
0,20.566666666666695,39.933333333333294,19.96,40.66,21.8266666666667,40.7,21.1333333333333,36.1633333333333,18.73,48.3,4.72666666666667,48.6566666666667,20.1,32.06,21.5,37.4666666666667,19.79,37.7966666666667,5.2,764.8833333333331,68.3333333333333,6.66666666666667,28.0,-0.25,28.44114403706044,28.44114403706044,320
0,20.6333333333333,40.19333333333329,20.2933333333333,40.1333333333333,22.033333333333296,40.223333333333294,21.26,36.03,18.7,47.9,5.12666666666667,44.73,20.1,31.6933333333333,21.566666666666695,37.86,19.76,37.7333333333333,5.5,764.9,66.0,7.0,29.0,-0.4,13.863065163604915,13.863065163604915,300
0,20.7,40.4,20.5966666666667,39.4,22.1666666666667,39.89,21.323333333333295,35.8633333333333,18.7,47.5666666666667,5.463333333333329,40.3,20.1,31.1666666666667,21.6,38.223333333333294,19.745,37.4466666666667,5.66666666666667,764.8833333333331,64.3333333333333,7.5,30.8333333333333,-0.616666666666667,29.39749512588605,29.39749512588605,210
0,20.73,40.5,20.8566666666667,39.0,22.23,39.4666666666667,21.39,35.6566666666667,18.7,47.245,5.79666666666667,38.3,20.1,30.5633333333333,21.533333333333296,38.03,19.79,37.9,5.8333333333333295,764.866666666667,62.66666666666671,8.0,32.66666666666669,-0.8333333333333329,41.14844023715705,41.14844023715705,120
0,20.79,40.3,21.163333333333295,38.723333333333294,22.3566666666667,39.4666666666667,21.5,35.3333333333333,18.7,47.29,6.1233333333333295,34.36,20.1,30.0966666666667,21.5,37.6333333333333,19.79,38.23,6.0,764.85,61.0,8.5,34.5,-1.05,24.329222552478317,24.329222552478317,50
0,20.79,39.93,21.3566666666667,38.39,22.463333333333296,39.19333333333329,21.5,35.0,18.7,47.23,6.33,30.7,20.1,29.5966666666667,21.5,37.36,19.79,38.363333333333294,6.16666666666667,764.8333333333329,59.33333333333329,9.0,36.33333333333329,-1.26666666666667,15.407088818028567,15.407088818028567,180
0,20.79,39.79,21.566666666666695,38.0,22.323333333333295,38.933333333333294,21.5,34.6333333333333,18.6666666666667,46.93,6.4,28.9266666666667,20.1,29.1966666666667,21.5,37.0266666666667,19.7,38.4,6.3333333333333295,764.8166666666668,57.66666666666671,9.5,38.16666666666669,-1.48333333333333,2.860361337661743,2.860361337661743,200
0,20.89,39.9,21.5,38.1333333333333,22.26,38.5266666666667,21.5,34.4333333333333,18.6,46.6566666666667,6.46666666666667,29.0,20.1,28.726666666666695,21.5,36.69333333333329,19.7,38.6566666666667,6.5,764.7999999999998,56.0,10.0,40.0,-1.7,26.152242172975093,26.152242172975093,230
0,20.89,39.9666666666667,21.6,39.033333333333296,22.2,38.3266666666667,21.463333333333296,34.1333333333333,18.6,46.4666666666667,6.6233333333333295,27.7233333333333,20.1,28.46,21.5,36.43,19.7,39.1233333333333,6.5833333333333295,764.7999999999998,56.0,9.83333333333333,38.16666666666669,-1.61666666666667,24.09317424753681,24.09317424753681,110
0,20.9266666666667,40.3,21.533333333333296,38.5,22.1666666666667,38.1633333333333,21.39,33.9333333333333,18.6,46.4,6.69,25.99,20.2,28.1,21.4266666666667,36.1566666666667,19.79,39.36,6.66666666666667,764.7999999999998,56.0,9.66666666666667,36.33333333333329,-1.53333333333333,17.87952436134219,17.87952436134219,50
0,21.1,40.0266666666667,21.445,37.145,21.865,38.0925,21.5,35.7333333333333,18.6,46.223333333333294,7.89666666666667,20.796666666666695,20.39,26.963333333333296,21.566666666666695,36.6566666666667,19.79,39.29,7.01666666666667,764.7999999999998,56.33333333333329,8.83333333333333,29.0,-1.13333333333333,0.8818684378638862,0.8818684378638862,90
0,21.1,39.7666666666667,21.39,36.93,21.8566666666667,38.0266666666667,21.5,36.5975,18.6,46.03,8.13,20.6,20.39,26.823333333333295,21.6,36.5,19.73,39.26,7.03333333333333,764.7999999999998,56.66666666666671,8.66666666666667,29.0,-1.06666666666667,41.36273307958618,41.36273307958618,70
0,21.1,39.43,21.323333333333295,36.73,21.89,38.6566666666667,21.4266666666667,36.463333333333296,18.6,45.76,8.39666666666667,20.2,20.39,26.7,21.6,36.5,19.73,39.1266666666667,7.05,764.7999999999998,57.0,8.5,29.0,-1.0,2.473974134773016,2.473974134773016,300
0,21.1,39.29,21.26,36.7,21.823333333333295,38.59666666666671,21.39,35.99,18.6,45.5666666666667,8.89,18.69,20.39,26.7,21.5,36.29,19.7,39.0,7.06666666666667,764.7999999999998,57.33333333333329,8.33333333333333,29.0,-0.933333333333333,29.762498347554356,29.762498347554356,100
0,21.1,39.2333333333333,21.2,36.5666666666667,21.76,38.33333333333329,21.39,35.6566666666667,18.6,45.29,8.89,18.4966666666667,20.39,26.566666666666695,21.5,36.23,19.7,38.933333333333294,7.0833333333333295,764.7999999999998,57.66666666666671,8.16666666666667,29.0,-0.866666666666667,49.063328607007854,49.063328607007854,40
0,21.1,38.69333333333329,21.066666666666695,36.4666666666667,21.7,38.0666666666667,21.323333333333295,35.2966666666667,18.6,45.1566666666667,8.826666666666668,17.6233333333333,20.463333333333296,26.566666666666695,21.533333333333296,36.1,19.79,38.2,7.1,764.7999999999998,58.0,8.0,29.0,-0.8,28.4719587652944,28.4719587652944,160
0,21.2,39.9266666666667,21.066666666666695,36.3266666666667,21.6,37.7,21.323333333333295,34.9633333333333,18.6,44.9666666666667,9.16,16.6233333333333,20.6,26.3566666666667,21.6666666666667,35.7666666666667,19.73,38.2,7.18333333333333,764.733333333333,57.33333333333329,8.0,28.666666666666696,-0.883333333333333,36.37305382872,36.37305382872,90
0,21.2,39.0666666666667,21.0,36.26,21.6,37.6266666666667,21.29,34.6633333333333,18.6,44.8266666666667,8.96333333333333,15.3666666666667,20.6,26.23,21.823333333333295,35.59,19.7,38.09,7.26666666666667,764.6666666666669,56.66666666666671,8.0,28.3333333333333,-0.966666666666667,7.591798505745827,7.591798505745827,120
0,21.23,38.49,20.9266666666667,36.2,21.6,37.59,21.29,34.4633333333333,18.6,44.645,8.63,16.1666666666667,20.6333333333333,26.1,21.89,35.59,19.7,38.09,7.349999999999999,764.6,56.0,8.0,28.0,-1.05,15.911890438292176,15.911890438292176,90
20,21.29,38.03,20.89,35.93,21.6,37.53,21.29,34.4333333333333,18.6,44.56,9.293333333333328,15.8333333333333,20.7,26.033333333333296,22.1333333333333,35.56,19.7,37.9666666666667,7.43333333333333,764.533333333333,55.33333333333329,8.0,27.666666666666696,-1.13333333333333,34.98448998434469,34.98448998434469,100
10,21.29,37.5266666666667,20.89,35.73,21.6,37.5,21.29,34.56,18.6,44.36,9.5,15.2333333333333,20.7,25.89,22.2,35.4333333333333,19.7,37.9,7.51666666666667,764.466666666667,54.66666666666671,8.0,27.3333333333333,-1.21666666666667,42.742198752239354,42.742198752239354,90
30,21.29,37.4,20.79,35.5666666666667,21.6,37.5,21.29,34.6633333333333,18.6,44.1633333333333,9.733333333333329,14.7566666666667,20.7,25.823333333333295,22.29,35.3333333333333,19.745,37.9,7.599999999999999,764.4,54.0,8.0,27.0,-1.3,18.913974007591605,18.913974007591605,530
30,21.29,37.7566666666667,20.73,35.9,21.6,37.5666666666667,21.29,34.59,18.6,43.963333333333296,10.0,13.5566666666667,20.7,25.7,22.29,35.0666666666667,19.7,37.83333333333329,7.75,764.366666666667,53.0,8.0,26.8333333333333,-1.4,13.77160568954423,13.77160568954423,710
30,21.29,38.63,20.6666666666667,36.3,21.726666666666695,38.293333333333294,21.39,34.5,18.6,43.9,10.19,12.56,20.7,25.6333333333333,22.323333333333295,35.0,19.7,37.6266666666667,7.9,764.3333333333329,52.0,8.0,26.666666666666696,-1.5,49.422195949591696,49.422195949591696,420
20,21.29,39.6,20.6,36.7666666666667,22.066666666666695,39.2666666666667,21.39,34.4333333333333,18.6,43.9666666666667,10.19,12.56,20.7,25.445,22.463333333333296,34.9333333333333,19.7,37.4666666666667,8.05,764.2999999999998,51.0,8.0,26.5,-1.6,6.701258069369942,6.701258069369942,340
30,21.3566666666667,40.19333333333329,20.566666666666695,37.59666666666671,22.26,39.6,21.5,34.3633333333333,18.7,44.23,10.19,12.0933333333333,20.7,25.29,22.6333333333333,34.9,19.7,37.3266666666667,8.199999999999998,764.266666666667,50.0,8.0,26.3333333333333,-1.7,48.8976443419233,48.8976443419233,340
20,21.5,39.8,20.29,38.723333333333294,22.9266666666667,38.0666666666667,21.7,33.59,18.7,45.0,9.83,11.8266666666667,20.7,24.79,23.0,34.4,19.7,38.09,8.33333333333333,764.033333333333,48.83333333333329,8.0,28.5,-1.98333333333333,10.855246521532536,10.855246521532536,110
30,21.5,39.323333333333295,20.23,38.1966666666667,22.76,37.6333333333333,21.76,33.7233333333333,18.7,45.0,9.963333333333328,12.2933333333333,20.7,24.79,23.0,34.5266666666667,19.7,38.03,8.3,764.0,49.0,8.0,29.0,-2.0,35.73485938832164,35.73485938832164,90
30,21.5,37.93,20.0,35.8333333333333,22.6333333333333,36.893333333333295,21.79,33.56,18.7,44.9475,10.0333333333333,11.8666666666667,20.76,24.73,23.1,34.79,19.7,37.8266666666667,8.18333333333333,764.016666666667,49.16666666666671,8.16666666666667,28.666666666666696,-2.06666666666667,14.654180314391851,14.654180314391851,70
20,21.463333333333296,36.3966666666667,19.9266666666667,35.1666666666667,22.5,35.7333333333333,21.79,33.3,18.7,44.59666666666671,10.1,11.8666666666667,20.79,24.6666666666667,23.1,34.73,19.7,37.9,8.06666666666667,764.033333333333,49.33333333333329,8.33333333333333,28.3333333333333,-2.13333333333333,13.553657243028283,13.553657243028283,90
20,21.39,35.3233333333333,19.8566666666667,34.1966666666667,22.5,35.1333333333333,21.79,32.9666666666667,18.7,44.1,10.0666666666667,11.7933333333333,20.79,24.6,23.1,34.56,19.7,37.9,7.95,764.0499999999998,49.5,8.5,28.0,-2.2,45.15820500673726,45.15820500673726,100
20,21.3566666666667,34.56,19.79,33.6566666666667,22.39,34.76,21.79,32.8266666666667,18.6333333333333,43.6333333333333,9.86666666666667,11.5333333333333,20.76,24.6,23.1,34.4333333333333,19.7,37.9,7.8333333333333295,764.0666666666668,49.66666666666671,8.66666666666667,27.666666666666696,-2.2666666666666706,46.727570495568216,46.727570495568216,90
20,21.3566666666667,34.2266666666667,19.76,33.2333333333333,22.323333333333295,34.3666666666667,21.79,32.5266666666667,18.7,43.145,9.66,11.6933333333333,20.7,24.533333333333296,23.2,34.29,19.7,37.9,7.71666666666667,764.0833333333329,49.83333333333329,8.83333333333333,27.3333333333333,-2.3333333333333295,22.649967030156404,22.649967030156404,640
20,21.29,33.4666666666667,19.6333333333333,32.5666666666667,22.23,33.89,21.79,32.06,18.7,42.76,9.733333333333329,12.36,20.7,24.5,23.26,34.29,19.7,37.9,7.599999999999999,764.1,50.0,9.0,27.0,-2.4,16.45846029277891,16.45846029277891,600
10,21.29,33.0666666666667,19.6,32.4333333333333,22.3566666666667,34.1633333333333,21.76,31.4666666666667,18.7,42.5666666666667,9.5,12.4933333333333,20.7,24.5,23.29,34.1,19.7,37.745,7.51666666666667,764.1666666666669,51.0,8.66666666666667,26.666666666666696,-2.18333333333333,19.939786614850163,19.939786614850163,330
0,21.2,33.1666666666667,19.533333333333296,32.56,22.663333333333295,34.5966666666667,21.76,31.2,18.7,42.363333333333294,9.16666666666667,13.4933333333333,20.7,24.5,23.29,33.7666666666667,19.7,37.79,7.43333333333333,764.233333333333,52.0,8.33333333333333,26.3333333333333,-1.9666666666666697,8.472373138647527,8.472373138647527,350
10,21.26,34.2333333333333,19.5,33.0,22.93,34.8633333333333,21.7,31.2,18.7,42.23,9.1,13.7266666666667,20.7,24.5,23.29,33.59,19.7,37.79,7.349999999999999,764.2999999999998,53.0,8.0,26.0,-1.75,10.45069945976138,10.45069945976138,320
10,21.29,34.4,19.5,33.3333333333333,23.2,34.76,21.6333333333333,31.1333333333333,18.7,42.0,8.96,13.8,20.7,24.445,23.29,33.53,19.7,37.7,7.26666666666667,764.366666666667,54.0,7.666666666666669,25.666666666666696,-1.53333333333333,41.37809678213671,41.37809678213671,420
0,21.23,34.2,19.39,33.5666666666667,23.26,34.76,21.6,31.2633333333333,18.7,41.933333333333294,8.65,14.1,20.6666666666667,24.463333333333296,23.323333333333295,33.53,19.7,37.76,7.18333333333333,764.4333333333329,55.0,7.3333333333333295,25.3333333333333,-1.31666666666667,17.356979369651526,17.356979369651526,510
20,21.29,34.6333333333333,19.39,34.0333333333333,23.4266666666667,34.66,21.6,31.463333333333296,18.7,41.863333333333294,8.323333333333329,14.9633333333333,20.6,24.39,23.39,33.59,19.6666666666667,37.76,7.1,764.5,56.0,7.0,25.0,-1.1,29.95936631923541,29.95936631923541,740
20,21.29,36.6333333333333,19.39,35.3633333333333,23.566666666666695,34.5266666666667,21.533333333333296,31.5966666666667,18.7,41.863333333333294,8.13,16.3633333333333,20.6,24.4266666666667,23.39,33.5,19.6666666666667,37.76,7.01666666666667,764.5499999999998,56.16666666666671,7.0,25.166666666666696,-1.16666666666667,22.620170353911817,22.620170353911817,590
20,21.445,40.05,19.39,36.89,23.6,35.03,21.6,31.99,18.7,42.19333333333329,7.93333333333333,17.6633333333333,20.533333333333296,24.5,23.4725,33.5675,19.6333333333333,37.73,6.93333333333333,764.6,56.33333333333329,7.0,25.3333333333333,-1.23333333333333,4.657640343066305,4.657640343066305,390
30,21.6,41.1966666666667,19.5,38.5666666666667,23.4975,35.3725,21.6,32.5,18.7,42.66,7.72666666666667,17.93,20.5,24.6,23.5,33.6633333333333,19.6333333333333,37.73,6.85,764.65,56.5,7.0,25.5,-1.3,44.80569442966953,44.80569442966953,760
20,21.6666666666667,40.1966666666667,19.525,38.8725,23.39,35.9333333333333,21.6,32.875,18.6666666666667,43.0666666666667,7.656666666666669,18.36,20.5,24.6666666666667,23.5,33.7,19.6,37.7,6.76666666666667,764.7,56.66666666666671,7.0,25.666666666666696,-1.36666666666667,13.145126635208724,13.145126635208724,560
10,21.823333333333295,40.1333333333333,19.6,38.79,23.6333333333333,37.0666666666667,21.6,33.06,18.6666666666667,43.26,7.53,18.693333333333296,20.39,24.6333333333333,23.5,33.76,19.6,37.7,6.68333333333333,764.75,56.83333333333329,7.0,25.8333333333333,-1.43333333333333,35.5582436081022,35.5582436081022,340
0,22.0966666666667,39.933333333333294,19.73,39.23,23.8266666666667,37.66,21.6,33.06,18.7,43.5666666666667,7.263333333333329,19.1966666666667,20.39,24.7,23.5,33.5266666666667,19.6,37.7,6.6,764.7999999999998,57.0,7.0,26.0,-1.5,12.476701766718177,12.476701766718177,320
20,22.323333333333295,39.26,19.79,39.23,24.163333333333295,38.1266666666667,21.6,32.9333333333333,18.7,43.83333333333329,6.99666666666667,19.656666666666695,20.39,24.79,23.5,33.4,19.6,37.7,6.43333333333333,764.85,57.66666666666671,6.8333333333333295,25.666666666666696,-1.48333333333333,44.83096483163536,44.83096483163536,270
20,22.39,39.0,19.8566666666667,39.1333333333333,24.29,38.0666666666667,21.6,32.9333333333333,18.7,44.03,6.46666666666667,21.06,20.39,24.8566666666667,23.533333333333296,33.5,19.6,37.7,6.26666666666667,764.9,58.33333333333329,6.66666666666667,25.3333333333333,-1.46666666666667,8.720840723253785,8.720840723253785,180
30,22.4266666666667,38.76,19.8566666666667,38.933333333333294,24.323333333333295,37.66,21.6,33.06,18.7,44.1633333333333,6.3333333333333295,21.7933333333333,20.323333333333295,24.9266666666667,23.6,33.56,19.6,37.5666666666667,6.1,764.95,59.0,6.5,25.0,-1.45,23.405843239743263,23.405843239743263,140
20,22.5,38.5,19.9266666666667,38.723333333333294,24.323333333333295,37.1333333333333,21.6,33.09,18.7,44.2,6.12666666666667,22.3333333333333,20.323333333333295,25.0,23.6,33.59,19.6,37.33333333333329,5.93333333333333,765.0,59.66666666666671,6.3333333333333295,24.666666666666696,-1.43333333333333,39.77464628405869,39.77464628405869,130
20,22.533333333333296,38.1333333333333,20.0,38.463333333333296,24.066666666666695,36.6333333333333,21.6,33.09,18.7,44.1266666666667,5.86666666666667,23.06,20.29,25.0,23.6,33.59,19.6,37.0,5.76666666666667,765.0499999999998,60.33333333333329,6.16666666666667,24.3333333333333,-1.41666666666667,17.073292681016028,17.073292681016028,140
20,22.6,37.933333333333294,20.1,38.19333333333329,23.9266666666667,36.36,21.7,33.4633333333333,18.7,44.09,5.52666666666667,23.8,20.29,25.0,23.6,33.56,19.6,36.6566666666667,5.6,765.1,61.0,6.0,24.0,-1.4,23.927020467817783,23.927020467817783,120
30,22.6,37.56,20.1,38.0,23.726666666666695,36.0266666666667,21.76,33.6633333333333,18.7,44.2,5.3333333333333295,24.3333333333333,20.23,25.0,23.6,33.56,19.6,36.6566666666667,5.43333333333333,765.15,61.5,5.8333333333333295,23.666666666666696,-1.45,13.039179577026516,13.039179577026516,130
20,22.6,37.36,20.2,37.69333333333329,23.6,35.8266666666667,21.79,33.8266666666667,18.7,44.2,5.06,24.733333333333295,20.23,25.0,23.6,33.53,19.6,36.2,5.26666666666667,765.2,62.0,5.66666666666667,23.3333333333333,-1.5,49.29175730794668,49.29175730794668,140
20,22.7,37.223333333333294,20.2,37.36,23.566666666666695,35.6633333333333,21.79,33.9,18.7,44.09,4.93333333333333,25.0,20.2,25.0,23.6,33.59,19.6,35.7233333333333,5.1,765.25,62.5,5.5,23.0,-1.55,21.919079613871872,21.919079613871872,160
20,22.7,36.83,20.23,37.29,23.5,35.59,21.823333333333295,33.9633333333333,18.7,44.09,4.745,25.195,20.2,25.0,23.6,33.3633333333333,19.6,35.4633333333333,4.93333333333333,765.2999999999998,63.0,5.3333333333333295,22.666666666666696,-1.6,36.533328040968634,36.533328040968634,140
20,22.7,36.2966666666667,20.29,37.1566666666667,23.39,35.53,21.89,34.09,18.7,44.06,4.59,24.89,20.2,25.0,23.6,33.3633333333333,19.6,35.1333333333333,4.76666666666667,765.35,63.5,5.16666666666667,22.3333333333333,-1.65,34.04361360007897,34.04361360007897,140
30,22.7,36.03,20.29,36.93,23.323333333333295,35.59,21.89,34.09,18.7,44.0,4.463333333333329,24.963333333333296,20.1666666666667,25.0,23.7,33.4,19.6,34.9333333333333,4.6,765.4,64.0,5.0,22.0,-1.7,45.38247297750786,45.38247297750786,130
0,22.7,35.8333333333333,20.29,36.73,23.26,35.56,21.89,34.09,18.7,43.9,4.263333333333329,25.733333333333295,20.1,25.0,23.7,33.4,19.6,34.7233333333333,4.56666666666667,765.4333333333329,64.0,5.0,22.166666666666696,-1.71666666666667,38.04333836305887,38.04333836305887,120
0,22.7,35.5666666666667,20.29,36.73,23.2,35.5,22.0,34.0266666666667,18.7,43.8266666666667,4.1233333333333295,26.4,20.1,25.0,23.7,33.53,19.6,34.53,4.53333333333333,765.466666666667,64.0,5.0,22.3333333333333,-1.73333333333333,42.682584538124495,42.682584538124495,70
0,22.6666666666667,35.4666666666667,20.29,36.863333333333294,23.1,35.5,21.9266666666667,33.7666666666667,18.7,43.79,4.0,27.3,20.1,25.0,23.7,33.7233333333333,19.533333333333296,34.4,4.5,765.5,64.0,5.0,22.5,-1.75,12.734338210429996,12.734338210429996,90
10,22.65,35.35,20.26,36.93,23.1,35.5,21.8566666666667,33.3633333333333,18.7,43.73,4.0,27.566666666666695,20.1,25.0,23.6,34.0666666666667,19.533333333333296,34.3266666666667,4.46666666666667,765.533333333333,64.0,5.0,22.666666666666696,-1.76666666666667,22.69215167034417,22.69215167034417,100
0,22.6,35.26,20.175,36.7675,23.0,35.4,21.7675,32.7225,18.7,43.6633333333333,3.8633333333333297,28.1333333333333,20.1,25.0,23.575,34.3925,19.5,34.09,4.43333333333333,765.5666666666668,64.0,5.0,22.8333333333333,-1.78333333333333,39.24643074860796,39.24643074860796,90
0,22.6,35.1633333333333,20.1,36.6266666666667,23.0,35.4,21.6333333333333,32.1933333333333,18.7,43.59,3.73,28.526666666666696,20.066666666666695,24.963333333333296,23.5,34.53,19.5,34.03,4.4,765.6,64.0,5.0,23.0,-1.8,29.585658689029515,29.585658689029515,90
10,22.6,35.1633333333333,20.066666666666695,36.6266666666667,22.9266666666667,35.4,21.6,32.06,18.7,43.59,3.6266666666666705,29.0566666666667,20.0,24.963333333333296,23.39,34.4333333333333,19.5,33.8633333333333,4.25,765.616666666667,64.8333333333333,4.8333333333333295,22.8333333333333,-1.8,49.40218724077568,49.40218724077568,40
0,22.566666666666695,35.2,19.9266666666667,36.5666666666667,22.89,35.4333333333333,21.6,32.4,18.7,43.463333333333296,3.7,29.463333333333296,20.1,25.566666666666695,23.39,34.6933333333333,19.5,34.4566666666667,4.1,765.6333333333331,65.6666666666667,4.66666666666667,22.666666666666696,-1.8,46.37986776651815,46.37986776651815,60
0,22.5,35.2,19.8566666666667,36.5,22.89,35.5,21.5,32.29,18.7,43.29,3.59,29.96,20.1,25.76,23.39,35.33,19.533333333333296,35.7266666666667,3.95,765.65,66.5,4.5,22.5,-1.8,44.278134976048015,44.278134976048015,40
0,22.5,35.29,19.79,36.56,22.8566666666667,35.56,21.5,32.29,18.7,43.363333333333294,3.6633333333333296,30.4333333333333,20.1,26.033333333333296,23.39,35.9966666666667,19.6,36.2666666666667,3.8,765.6666666666669,67.3333333333333,4.3333333333333295,22.3333333333333,-1.8,28.464706602972,28.464706602972,40
0,22.4266666666667,35.23,19.7,36.933333333333294,22.79,35.56,21.39,32.2,18.7,43.433333333333294,3.56,30.5933333333333,20.1,26.1666666666667,23.39,36.59666666666671,19.533333333333296,36.8,3.65,765.6833333333329,68.1666666666667,4.16666666666667,22.166666666666696,-1.8,45.99476340226829,45.99476340226829,30
0,22.39,35.3266666666667,19.6333333333333,37.06,22.79,35.6266666666667,21.323333333333295,32.2,18.7,43.5,3.43333333333333,31.1333333333333,20.1,26.323333333333295,23.39,37.0633333333333,19.6,37.1333333333333,3.5,765.7,69.0,4.0,22.0,-1.8,14.508669881615788,14.508669881615788,30
0,22.323333333333295,35.4666666666667,19.566666666666695,37.1266666666667,22.79,35.7,21.29,32.2,18.6,43.5,3.29,31.8,20.1,26.463333333333296,23.39,37.6566666666667,19.6,37.36,3.3333333333333295,765.716666666667,69.6666666666667,3.8333333333333295,21.666666666666696,-1.81666666666667,12.811568903271109,12.811568903271109,40
0,22.29,35.59,19.5,37.26,22.76,35.7,21.29,32.26,18.6,43.59,3.1566666666666694,32.19333333333329,20.1,26.566666666666695,23.323333333333295,37.93,19.6,37.56,3.16666666666667,765.733333333333,70.3333333333333,3.6666666666666705,21.3333333333333,-1.8333333333333297,36.04770727688447,36.04770727688447,50
0,22.29,35.6633333333333,19.39,37.433333333333294,22.7,35.76,21.2,32.2,18.6,43.59,2.845,33.495,20.1,26.7,23.23,37.963333333333296,19.6,37.745,3.0,765.75,71.0,3.5,21.0,-1.85,8.13943532994017,8.13943532994017,50
0,22.26,35.7,19.323333333333295,37.6333333333333,22.7,35.73,21.1333333333333,32.2,18.6,43.7,2.72333333333333,33.9333333333333,20.1,26.79,23.23,38.03,19.6,37.8266666666667,2.8333333333333295,765.766666666667,71.6666666666667,3.3333333333333295,20.666666666666696,-1.86666666666667,24.106817587744445,24.106817587744445,60
0,22.2,35.76,19.2,37.6266666666667,22.7,35.79,21.1,32.29,18.6,43.76,2.53,35.0666666666667,20.1,26.8566666666667,23.1666666666667,37.933333333333294,19.533333333333296,37.9,2.66666666666667,765.783333333333,72.3333333333333,3.16666666666667,20.3333333333333,-1.88333333333333,49.017051083501435,49.017051083501435,40
0,22.1,35.79,19.2,37.9,22.6666666666667,35.8633333333333,21.1,32.29,18.6,43.933333333333294,2.4666666666666694,35.29,20.05,26.945,23.1,37.933333333333294,19.6,38.03,2.5,765.7999999999998,73.0,3.0,20.0,-1.9,35.73930138954893,35.73930138954893,60
0,22.1,35.8633333333333,19.1,38.1266666666667,22.6,35.8633333333333,21.066666666666695,32.29,18.6,44.0,2.26666666666667,35.8233333333333,20.0,27.0,23.066666666666695,37.863333333333294,19.533333333333296,38.1633333333333,2.41666666666667,765.8166666666668,73.6666666666667,3.16666666666667,20.0,-1.85,30.160400096792728,30.160400096792728,40
0,22.066666666666695,35.9666666666667,19.033333333333296,38.1266666666667,22.6,35.8266666666667,21.0,32.29,18.6,44.09,2.09,36.9966666666667,20.0,27.066666666666695,23.0,37.863333333333294,19.6,38.23,2.3333333333333295,765.8333333333329,74.3333333333333,3.3333333333333295,20.0,-1.8,37.82991070766002,37.82991070766002,60
0,22.0,35.9,18.89,38.2,22.6,35.9,21.0,32.3266666666667,18.6,44.1633333333333,2.16333333333333,37.7966666666667,20.0,27.1333333333333,23.0,37.963333333333296,19.533333333333296,38.29,2.25,765.85,75.0,3.5,20.0,-1.75,2.1291219629347324,2.1291219629347324,50
0,22.0,35.9,18.89,38.26,22.6,35.9,21.0,32.4,18.6,44.23,2.06,38.0,20.0,27.2,22.9266666666667,38.1633333333333,19.566666666666695,38.4,2.16666666666667,765.866666666667,75.6666666666667,3.6666666666666705,20.0,-1.7,44.628852407913655,44.628852407913655,60
0,21.9175,35.9,18.79,38.2,22.6666666666667,35.9666666666667,20.89,32.4333333333333,18.6,44.29,2.06,39.2,20.0,27.2,22.89,38.5,19.5,38.4666666666667,2.0833333333333295,765.8833333333331,76.3333333333333,3.8333333333333295,20.0,-1.65,38.33462219918147,38.33462219918147,50
0,21.89,35.9666666666667,18.7675,38.295,22.6,35.9,20.865,32.425,18.6,44.4,2.13333333333333,39.6233333333333,20.0,27.26,22.823333333333295,38.56,19.6,38.53,2.0,765.9,77.0,4.0,20.0,-1.6,23.61440558452159,23.61440558452159,50
0,21.79,36.0,18.6333333333333,38.3266666666667,22.6,35.975,20.79,32.4,18.6,44.4,2.0,40.03,20.0,27.29,22.79,38.8,19.533333333333296,38.59,1.8,765.9166666666669,78.0,4.0,27.3333333333333,-1.63333333333333,44.87979896366596,44.87979896366596,50
0,21.79,36.06,18.6,38.2,22.6,36.0,20.79,32.5,18.6,44.433333333333294,1.8633333333333295,40.59,20.0,27.3566666666667,22.79,39.19333333333329,19.6,38.59,1.6,765.9333333333329,79.0,4.0,34.66666666666669,-1.66666666666667,20.357376860920336,20.357376860920336,50
0,21.76,36.09,18.533333333333296,38.26,22.6,35.9333333333333,20.79,32.5,18.6,44.5,1.79,42.05666666666671,20.0,27.4266666666667,22.79,39.6,19.6,38.6633333333333,1.4,765.95,80.0,4.0,42.0,-1.7,38.358525617513806,38.358525617513806,40
0,20.6,35.2,18.233333333333295,38.4233333333333,21.533333333333296,34.59,21.6666666666667,32.29,18.463333333333296,42.59,2.1,55.7966666666667,19.39,26.29,21.6,35.59,19.89,38.53,3.5,766.6666666666669,74.6666666666667,3.3333333333333295,21.0,-0.6,28.22746422607452,28.22746422607452,80
10,20.6333333333333,35.23,18.76,37.7566666666667,21.39,34.23,21.6,32.29,18.463333333333296,42.4,2.59666666666667,53.83,19.39,26.29,21.6,35.53,19.963333333333296,38.5,3.9,766.65,73.5,3.5,21.0,-0.45,0.4291573772206902,0.4291573772206902,70
0,20.7,35.29,19.3,37.1,21.39,34.43,21.6,32.53,18.39,42.2,3.0633333333333295,51.63,19.39,26.29,21.566666666666695,35.4,19.89,38.433333333333294,4.3,766.6333333333331,72.3333333333333,3.6666666666666705,21.0,-0.3,39.37510972609744,39.37510972609744,80
10,20.7,35.26,19.6933333333333,36.69333333333329,21.39,34.5,21.6,32.6633333333333,18.39,42.06,3.59666666666667,49.293333333333294,19.39,26.29,21.5,35.3266666666667,19.89,38.53,4.7,766.616666666667,71.1666666666667,3.8333333333333295,21.0,-0.15,40.358034265227616,40.358034265227616,80
0,20.7,35.2,20.066666666666695,36.4,21.39,34.56,21.6,32.79,18.39,41.933333333333294,4.0925,45.675,19.39,26.29,21.5,35.1633333333333,19.89,38.59,5.1,766.6,70.0,4.0,21.0,0.0,25.460976047907025,25.460976047907025,80
10,20.7,35.29,20.4,36.0666666666667,21.43,34.6,21.6,32.8633333333333,18.39,41.76,4.52666666666667,43.7266666666667,19.463333333333296,26.3566666666667,21.5,35.09,19.79,38.59,5.383333333333329,766.6,69.1666666666667,4.0,28.3333333333333,0.0833333333333333,23.9212068147026,23.9212068147026,80
0,20.76,35.3633333333333,20.6333333333333,35.6,21.29,34.4666666666667,21.6,32.8633333333333,18.39,41.6266666666667,4.99666666666667,41.3666666666667,19.4266666666667,26.29,21.5,35.0,19.79,38.59,5.66666666666667,766.6,68.3333333333333,4.0,35.66666666666669,0.166666666666667,20.15386688290164,20.15386688290164,260
0,20.79,35.3266666666667,20.8425,34.725,21.323333333333295,34.7,21.6,32.6725,18.463333333333296,41.6333333333333,5.39666666666667,39.2333333333333,19.5,26.3566666666667,21.5,35.0,19.79,38.7,5.95,766.6,67.5,4.0,43.0,0.25,27.18263854039833,27.18263854039833,420
0,20.79,35.175,21.03,33.76,21.39,34.6266666666667,21.533333333333296,32.4333333333333,18.39,41.433333333333294,5.66,36.79,19.5,26.39,21.463333333333296,34.9,19.79,38.5666666666667,6.23333333333333,766.6,66.6666666666667,4.0,50.33333333333329,0.333333333333333,0.3933605155907571,0.3933605155907571,150
0,20.79,34.8266666666667,21.23,33.6633333333333,21.34,34.45,21.5,32.4333333333333,18.39,41.26,5.93333333333333,35.6566666666667,19.566666666666695,26.323333333333295,21.463333333333296,35.0266666666667,19.79,38.1333333333333,6.51666666666667,766.6,65.8333333333333,4.0,57.66666666666669,0.416666666666667,8.694764808751641,8.694764808751641,60
0,20.79,34.76,21.43,33.59,21.323333333333295,34.4,21.5,32.5,18.39,41.1266666666667,6.26,33.7233333333333,19.6,26.29,21.5,35.1633333333333,19.79,38.0,6.8,766.6,65.0,4.0,65.0,0.5,44.843095855321735,44.843095855321735,60
0,20.8566666666667,34.7,21.533333333333296,33.3333333333333,21.323333333333295,34.4,21.5,32.6266666666667,18.4266666666667,41.03,6.52666666666667,32.1966666666667,19.6666666666667,26.29,21.5,34.92,19.79,38.1566666666667,7.05,766.533333333333,63.33333333333329,4.0,57.83333333333329,0.35,25.97435067873448,25.97435067873448,60
0,20.89,34.4666666666667,21.6,33.0666666666667,21.39,34.3633333333333,21.5,32.7,18.4266666666667,40.963333333333296,6.7933333333333294,29.566666666666695,19.73,26.1666666666667,21.5,34.6566666666667,19.79,38.29,7.3,766.466666666667,61.66666666666671,4.0,50.66666666666669,0.2,48.66069592535496,48.66069592535496,60
0,20.89,34.4666666666667,21.6,32.9666666666667,21.323333333333295,34.29,21.533333333333296,32.8266666666667,18.39,40.863333333333294,7.12666666666667,28.233333333333295,19.79,26.1,21.533333333333296,34.3333333333333,19.79,38.29,7.55,766.4,60.0,4.0,43.5,0.05,40.27421752689406,40.27421752689406,40
10,21.0,34.4333333333333,21.6,32.8266666666667,21.29,34.26,21.6,32.9,18.39,40.79,7.43333333333333,28.0633333333333,19.9266666666667,26.066666666666695,21.6,34.0666666666667,19.79,38.29,7.8,766.3333333333329,58.33333333333329,4.0,36.33333333333329,-0.1,47.45158081641421,47.45158081641421,50
0,21.066666666666695,34.56,21.6,32.79,21.29,34.1266666666667,21.6,33.0,18.39,40.745,7.7,27.5233333333333,20.066666666666695,26.0,21.73,33.8333333333333,19.79,38.2,8.05,766.266666666667,56.66666666666671,4.0,29.166666666666696,-0.25,14.267871237825602,14.267871237825602,40
0,21.1,34.4666666666667,21.6,32.79,21.29,34.09,21.6666666666667,33.0,18.4266666666667,40.7666666666667,8.063333333333329,25.9333333333333,20.1333333333333,26.0,21.79,33.5666666666667,19.79,38.2,8.3,766.2,55.0,4.0,22.0,-0.4,30.95293859951198,30.95293859951198,180
0,21.226666666666695,35.9333333333333,21.6,32.73,21.29,34.09,21.73,33.0,18.4266666666667,40.8266666666667,8.323333333333329,24.3333333333333,20.26,25.9266666666667,21.9266666666667,33.43,19.84,38.145,8.5,766.1333333333331,54.33333333333329,4.0,23.0,-0.38333333333333297,39.75807464448735,39.75807464448735,100
0,21.39,36.1566666666667,21.533333333333296,32.93,21.323333333333295,34.1266666666667,21.79,33.0,18.4266666666667,40.86,8.599999999999998,22.763333333333296,20.39,25.76,22.0,33.1566666666667,19.823333333333295,38.1266666666667,8.699999999999998,766.0666666666668,53.66666666666671,4.0,24.0,-0.366666666666667,46.77833804162219,46.77833804162219,60
0,21.463333333333296,36.23,21.566666666666695,33.2,21.39,34.2,21.79,33.0,18.5,41.0,8.599999999999998,21.43,20.463333333333296,25.76,22.1333333333333,33.0266666666667,19.823333333333295,38.1266666666667,8.9,766.0,53.0,4.0,25.0,-0.35,26.332645246293396,26.332645246293396,60
0,21.6333333333333,35.99,21.5,33.26,21.39,34.2,21.8566666666667,33.06,18.463333333333296,41.09,8.75666666666667,21.06,20.65,25.65,22.26,32.8266666666667,19.89,38.2,9.1,765.9333333333329,52.33333333333329,4.0,26.0,-0.333333333333333,41.594671492930495,41.594671492930495,60
0,21.76,35.5966666666667,21.5,33.3266666666667,21.463333333333296,34.26,21.89,32.8633333333333,18.463333333333296,41.1633333333333,8.96333333333333,20.3333333333333,20.823333333333295,25.5,22.323333333333295,32.6333333333333,19.89,38.1266666666667,9.3,765.866666666667,51.66666666666671,4.0,27.0,-0.316666666666667,40.00582091975957,40.00582091975957,80
0,21.9266666666667,35.43,21.5,33.4,21.5,34.4,21.89,32.79,18.5,41.23,9.145,20.145,20.963333333333296,25.5,22.463333333333296,32.5,19.89,37.9,9.5,765.7999999999998,51.0,4.0,28.0,-0.3,32.903848367277526,32.903848367277526,70
10,22.0,35.0966666666667,21.5,33.4,21.5,34.4,21.89,32.9,18.5,41.29,9.3,19.4666666666667,21.1333333333333,25.39,22.6333333333333,32.29,19.89,37.8266666666667,9.51666666666667,765.733333333333,51.33333333333329,4.16666666666667,27.0,-0.166666666666667,49.77986174635589,49.77986174635589,50
0,22.1333333333333,34.8333333333333,21.5,33.4,21.5,34.4333333333333,21.89,32.8266666666667,18.5,41.29,9.43333333333333,19.1333333333333,21.2,25.323333333333295,22.76,32.1566666666667,19.89,37.76,9.533333333333328,765.6666666666669,51.66666666666671,4.3333333333333295,26.0,-0.0333333333333333,42.28110952535644,42.28110952535644,50
0,22.26,34.6266666666667,21.4266666666667,33.3266666666667,21.5,34.5,21.89,32.6633333333333,18.5,41.29,9.63,18.763333333333296,21.323333333333295,25.26,22.823333333333295,32.0,19.963333333333296,37.6266666666667,9.55,765.6,52.0,4.5,25.0,0.1,43.994531757198274,43.994531757198274,50
0,22.323333333333295,34.3633333333333,21.5,33.4,21.5,34.59,21.89,32.4975,18.5,41.29,9.69,18.03,21.463333333333296,25.2,22.963333333333296,31.9266666666667,19.89,37.5,9.56666666666667,765.533333333333,52.33333333333329,4.66666666666667,24.0,0.233333333333333,24.145988153759394,24.145988153759394,50
0,22.4175,34.1175,21.39,33.2,21.5,34.59,21.89,32.4,18.5,41.29,9.89,17.5933333333333,21.533333333333296,25.066666666666695,23.033333333333296,31.7,19.963333333333296,37.36,9.58333333333333,765.466666666667,52.66666666666671,4.8333333333333295,23.0,0.366666666666667,4.744879831559956,4.744879831559956,40
0,22.5,33.9333333333333,21.39,33.2,21.5,34.7,21.89,32.29,18.533333333333296,41.26,9.963333333333328,17.26,21.6666666666667,25.0,23.1666666666667,31.6333333333333,20.0,37.26,9.6,765.4,53.0,5.0,22.0,0.5,1.4133742544800043,1.4133742544800043,60
0,22.6,33.6633333333333,21.39,33.2,21.5,34.7,21.89,32.29,18.533333333333296,41.26,10.2266666666667,17.6933333333333,21.79,24.8566666666667,23.23,31.463333333333296,20.0,37.2,9.66666666666667,765.35,52.66666666666671,4.8333333333333295,22.666666666666696,0.43333333333333296,0.4719855380244553,0.4719855380244553,50
0,22.6666666666667,33.6633333333333,21.39,33.2,21.5,34.7,21.89,32.29,18.6,41.26,10.3,17.5,21.93,24.8566666666667,23.3566666666667,31.39,20.0,37.1633333333333,9.733333333333329,765.2999999999998,52.33333333333329,4.66666666666667,23.3333333333333,0.366666666666667,41.15459244931117,41.15459244931117,60
0,22.7,33.56,21.39,33.2,21.533333333333296,34.7,21.89,32.29,18.533333333333296,41.2,10.3,17.4,22.033333333333296,24.79,23.445,31.245,20.0,37.09,9.8,765.25,52.0,4.5,24.0,0.3,2.1520200069062407,2.1520200069062407,60
10,22.76,33.5,21.39,33.2,21.533333333333296,34.7,21.9266666666667,32.29,18.5,41.23,10.36,17.1333333333333,22.1,24.73,23.6,31.1666666666667,20.0,37.09,9.86666666666667,765.2,51.66666666666671,4.3333333333333295,24.666666666666696,0.233333333333333,41.15854715928435,41.15854715928435,40
0,22.79,33.43,21.39,33.2,21.6,34.79,21.9266666666667,32.29,18.566666666666695,41.29,10.39,16.76,22.23,24.6,23.6666666666667,31.033333333333296,20.0,37.03,9.93333333333333,765.15,51.33333333333329,4.16666666666667,25.3333333333333,0.166666666666667,4.5929565792903295,4.5929565792903295,50
20,22.79,31.79,20.9725,32.0675,21.65,33.645,21.9266666666667,32.0966666666667,18.7,39.79,10.39,15.2633333333333,22.79,23.6,23.79,33.0,20.1,36.56,10.0166666666667,764.45,49.83333333333329,4.8333333333333295,24.666666666666696,-0.05,9.812237008009106,9.812237008009106,110
20,22.823333333333295,31.9266666666667,20.89,32.2233333333333,21.7,33.7,22.0,32.49,18.7,39.79,10.39,15.13,22.7,23.5,23.79,33.1266666666667,20.1,36.433333333333294,9.93333333333333,764.4,50.66666666666671,4.66666666666667,24.3333333333333,0.09999999999999987,49.55015180166811,49.55015180166811,90
30,22.823333333333295,31.9266666666667,20.9933333333333,32.2966666666667,21.7,33.6266666666667,22.1333333333333,33.1933333333333,18.7,39.79,10.33,15.4633333333333,22.7,23.5,23.79,33.2,20.1,36.26,9.85,764.35,51.5,4.5,24.0,0.25,47.76734203333035,47.76734203333035,100
20,22.79,32.0,21.3266666666667,31.83,21.7,33.6633333333333,22.2,33.6,18.76,39.79,10.2633333333333,16.23,22.6,23.39,23.89,33.36,20.1,36.1266666666667,9.76666666666667,764.2999999999998,52.33333333333329,4.3333333333333295,23.666666666666696,0.4,25.312252691946924,25.312252691946924,80
20,22.79,32.06,21.03,32.0966666666667,21.7,33.6633333333333,22.323333333333295,33.9333333333333,18.79,39.79,10.13,16.29,22.6,23.463333333333296,23.89,33.56,20.0,35.8633333333333,9.68333333333333,764.25,53.16666666666671,4.16666666666667,23.3333333333333,0.55,11.821561784017833,11.821561784017833,70
20,22.79,32.36,20.823333333333295,32.3633333333333,21.6666666666667,33.6633333333333,22.39,33.8,18.79,39.863333333333294,9.93333333333333,16.63,22.5,23.5,23.89,33.7,20.066666666666695,35.79,9.6,764.2,54.0,4.0,23.0,0.7,25.865839445032176,25.865839445032176,110
30,22.73,32.5,20.7,32.73,21.6666666666667,33.6633333333333,22.39,33.4666666666667,18.79,39.95,9.8,17.2233333333333,22.5,23.5,23.89,33.5266666666667,20.066666666666695,35.6633333333333,9.133333333333328,764.2,56.16666666666671,3.6666666666666705,22.666666666666696,0.75,28.889132430776957,28.889132430776957,100
20,22.7,32.53,20.6333333333333,32.93,21.7,33.7,22.323333333333295,33.2666666666667,18.79,40.03,9.53,17.7333333333333,22.3566666666667,23.533333333333296,23.89,33.2666666666667,20.066666666666695,35.59,8.66666666666667,764.2,58.33333333333329,3.3333333333333295,22.3333333333333,0.8,10.91672129696235,10.91672129696235,360
20,22.7,32.6633333333333,20.5,33.0966666666667,21.7,33.6266666666667,22.29,33.1633333333333,18.79,40.1633333333333,9.25666666666667,18.4,22.29,23.6,23.89,32.93,20.0,35.5,8.199999999999998,764.2,60.5,3.0,22.0,0.85,11.127811088226736,11.127811088226736,350
20,22.7,33.4566666666667,20.4266666666667,33.49,21.7,33.6266666666667,22.29,33.09,18.79,40.23,8.823333333333329,19.3633333333333,22.26,23.7,23.89,32.6566666666667,20.0,35.4,7.733333333333332,764.2,62.66666666666671,2.66666666666667,21.666666666666696,0.9,41.25620882259682,41.25620882259682,190
10,22.6333333333333,34.0633333333333,20.39,34.3666666666667,21.7,33.76,22.323333333333295,33.09,18.79,40.363333333333294,8.447499999999998,20.32,22.2,23.76,23.89,32.3633333333333,20.0,35.4,7.26666666666667,764.2,64.8333333333333,2.3333333333333295,21.3333333333333,0.95,18.162065593060102,18.162065593060102,590
10,22.7,37.933333333333294,20.39,35.5,21.73,34.0666666666667,22.323333333333295,33.03,18.79,40.6566666666667,7.759999999999998,20.8633333333333,22.1,23.9266666666667,23.823333333333295,32.1566666666667,20.0,35.29,6.8,764.2,67.0,2.0,21.0,1.0,46.20193692389876,46.20193692389876,90
10,22.823333333333295,38.4233333333333,20.39,38.09,21.79,34.86,22.2,32.3266666666667,18.79,41.83,6.32333333333333,23.86,22.0,24.1666666666667,23.6333333333333,31.6333333333333,20.0,35.26,6.36666666666667,764.233333333333,68.3333333333333,2.0,35.66666666666669,0.866666666666667,6.002438929863273,6.002438929863273,110
30,22.89,38.03,20.323333333333295,37.93,21.79,35.1333333333333,22.1,32.1566666666667,18.79,42.2966666666667,5.7,25.3333333333333,21.89,24.4266666666667,23.6,31.5,20.0,35.2,6.15,764.25,69.0,2.0,43.0,0.8,10.524969454854727,10.524969454854727,140
20,22.89,37.2333333333333,20.39,37.79,21.79,35.3266666666667,22.1,32.49,18.79,42.5666666666667,5.2933333333333294,26.526666666666696,21.823333333333295,24.5,23.6,31.4266666666667,20.0,35.1633333333333,5.93333333333333,764.266666666667,69.6666666666667,2.0,50.33333333333329,0.733333333333333,27.95904955128208,27.95904955128208,130
30,22.89,36.69333333333329,20.39,37.2966666666667,21.8566666666667,35.4666666666667,22.1,32.79,19.123333333333296,57.5666666666667,4.83,28.0933333333333,21.79,24.6,23.6,31.3566666666667,20.0,35.09,5.71666666666667,764.283333333333,70.3333333333333,2.0,57.66666666666669,0.666666666666667,20.16632634913549,20.16632634913549,180
20,22.89,36.1,20.323333333333295,36.963333333333296,21.89,35.4666666666667,22.125,32.97,19.39,65.1566666666667,4.49666666666667,29.233333333333295,21.73,24.6,23.6,31.23,20.0,35.2,5.5,764.2999999999998,71.0,2.0,65.0,0.6,39.47724704630673,39.47724704630673,130
20,22.823333333333295,35.6333333333333,20.39,36.79,21.89,35.4,22.2,33.09,19.323333333333295,62.6233333333333,4.263333333333329,30.7666666666667,21.6666666666667,24.566666666666695,23.6,31.066666666666695,20.0,35.2,5.3333333333333295,764.3166666666668,71.8333333333333,2.16666666666667,64.8333333333333,0.6,23.55227757943794,23.55227757943794,140
20,22.89,35.3333333333333,20.39,36.695,21.89,35.3633333333333,22.2,33.1266666666667,19.2,61.9966666666667,4.06333333333333,31.76,21.6,24.566666666666695,23.533333333333296,30.9266666666667,20.0,35.29,5.16666666666667,764.3333333333329,72.6666666666667,2.3333333333333295,64.6666666666667,0.6,43.66405596956611,43.66405596956611,140
20,22.89,35.025,20.323333333333295,36.53,21.815,35.2225,22.2,33.2,19.1333333333333,61.33,3.8333333333333295,33.0266666666667,21.5,24.7,23.5,30.89,20.0,35.29,5.0,764.35,73.5,2.5,64.5,0.6,8.804898406378925,8.804898406378925,120
30,22.89,34.7666666666667,20.29,36.363333333333294,21.8566666666667,35.2,22.2,33.2,19.1,60.05666666666671,3.6266666666666705,34.16666666666669,21.5,24.76,23.5,30.823333333333295,19.963333333333296,35.3266666666667,4.8333333333333295,764.366666666667,74.3333333333333,2.66666666666667,64.3333333333333,0.6,15.2579874265939,15.2579874265939,150
20,22.89,34.4666666666667,20.29,36.29,21.8566666666667,35.1633333333333,22.2,33.2,19.033333333333296,58.7966666666667,3.56,35.8633333333333,21.39,24.73,23.463333333333296,30.6666666666667,19.89,35.4,4.66666666666667,764.3833333333331,75.1666666666667,2.8333333333333295,64.1666666666667,0.6,19.786123535595834,19.786123535595834,130
20,22.89,34.4,20.2,36.1633333333333,21.79,35.09,22.23,33.23,19.0,57.09666666666671,3.69333333333333,37.9966666666667,21.39,24.8566666666667,23.39,30.533333333333296,19.89,35.53,4.5,764.4,76.0,3.0,64.0,0.6,0.249712192453444,0.249712192453444,130
20,22.89,34.1633333333333,20.2,36.09,21.79,35.0,22.43,33.43,19.0,55.5633333333333,4.1233333333333295,40.2,21.29,25.0,23.4266666666667,30.9266666666667,19.89,35.6633333333333,4.31666666666667,764.4166666666669,77.1666666666667,2.8333333333333295,63.66666666666669,0.616666666666667,44.92529418785125,44.92529418785125,110
30,22.89,34.03,20.2,36.0,21.79,35.0,22.893333333333295,33.4,18.89,54.15,4.263333333333329,41.1266666666667,21.29,25.066666666666695,23.4175,31.4425,19.89,35.79,4.133333333333329,764.4333333333329,78.3333333333333,2.66666666666667,63.33333333333329,0.633333333333333,21.21403240598738,21.21403240598738,90
20,22.89,33.9666666666667,20.1333333333333,36.0,21.79,34.8633333333333,23.1666666666667,33.1333333333333,19.7933333333333,78.5333333333333,4.4,42.6966666666667,21.26,25.2,23.323333333333295,31.79,19.963333333333296,35.8633333333333,3.95,764.45,79.5,2.5,63.0,0.65,1.0377184255048633,1.0377184255048633,70
20,22.89,33.9,20.1,36.03,21.79,34.79,23.2,32.79,20.3333333333333,81.59999999999998,4.2725,43.2475,21.2,25.26,23.29,33.0266666666667,19.89,36.045,3.7666666666666706,764.466666666667,80.6666666666667,2.3333333333333295,62.66666666666669,0.666666666666667,31.62917230511084,31.62917230511084,70
20,22.89,33.9,20.1,36.03,21.76,34.76,23.1333333333333,32.79,19.7622222222222,81.62999999999998,4.03,44.9,21.1,25.39,23.29,33.7666666666667,19.89,36.1266666666667,3.5833333333333295,764.483333333333,81.8333333333333,2.16666666666667,62.33333333333329,0.683333333333333,12.681791640352456,12.681791640352456,100
30,22.823333333333295,33.8266666666667,20.0,35.9666666666667,21.7,34.76,23.066666666666695,32.6333333333333,19.5,81.59333333333329,3.9,46.1333333333333,21.1,25.463333333333296,23.26,34.1266666666667,19.89,36.26,3.4,764.5,83.0,2.0,62.0,0.7,39.499226270709194,39.499226270709194,80
20,22.8566666666667,33.8633333333333,20.0,36.0266666666667,21.7,34.9333333333333,23.0,32.5,19.5,80.0666666666667,3.82666666666667,47.393333333333295,21.1,25.663333333333295,23.2,34.3333333333333,19.89,36.36,3.25,764.483333333333,83.6666666666667,2.0,61.83333333333329,0.683333333333333,5.730080406647176,5.730080406647176,80
20,22.79,33.8633333333333,19.963333333333296,36.36,21.6333333333333,35.0,23.0,32.8266666666667,19.463333333333296,78.8333333333333,3.76,49.4233333333333,21.1,25.8925,23.2,34.8,19.89,36.433333333333294,3.1,764.466666666667,84.3333333333333,2.0,61.66666666666669,0.666666666666667,3.455335379112512,3.455335379112512,60
30,22.79,34.0666666666667,19.823333333333295,36.56,21.6,35.1266666666667,23.0,32.9666666666667,19.39,78.345,3.5666666666666695,49.2966666666667,21.1,26.066666666666695,23.2,35.2666666666667,19.89,36.6266666666667,2.95,764.45,85.0,2.0,61.5,0.65,10.02495049033314,10.02495049033314,70
0,20.89,36.0,18.2,39.06,21.0,35.4,20.5,33.29,18.5,49.5666666666667,6.2933333333333294,52.1333333333333,19.7,28.963333333333296,21.2,36.0,19.5,35.29,5.36666666666667,763.216666666667,79.6666666666667,2.0,54.66666666666669,2.1,14.754449250176547,14.754449250176547,60
0,20.89,35.9333333333333,18.2,39.0,21.0,35.4,20.5,33.29,18.5,49.19,6.62666666666667,49.933333333333294,19.7,29.0,21.2,35.9666666666667,19.5,35.29,5.633333333333329,763.1333333333331,78.3333333333333,2.0,48.33333333333329,2.1,46.77876642672345,46.77876642672345,60
0,20.89,35.9333333333333,18.323333333333295,38.863333333333294,21.0,35.3266666666667,20.5,33.2,18.5,48.9666666666667,7.16,46.36,19.7,28.9266666666667,21.2,35.9,19.5,35.2,5.9,763.0499999999998,77.0,2.0,42.0,2.1,33.153157797642045,33.153157797642045,60
0,20.9266666666667,38.96,18.39,38.79,21.1,35.3333333333333,20.5,33.2,18.5,48.7666666666667,7.43333333333333,42.5,19.7,28.89,21.2,35.8633333333333,19.5,35.2,6.16666666666667,762.966666666667,75.6666666666667,2.0,35.66666666666669,2.1,30.910992599092424,30.910992599092424,50
0,21.0,38.293333333333294,18.5,39.1633333333333,21.1,35.2,20.5,33.09,18.5,48.4666666666667,7.96666666666667,40.9666666666667,19.7,28.823333333333295,21.2,35.79,19.5,35.2,6.43333333333333,762.8833333333331,74.3333333333333,2.0,29.3333333333333,2.1,28.060456877574325,28.060456877574325,50
0,21.0,37.76,18.566666666666695,38.963333333333296,21.1,35.2,20.5,33.09,18.5,48.3266666666667,8.195,38.9675,19.7,28.79,21.2,35.745,19.5,35.29,6.7,762.7999999999998,73.0,2.0,23.0,2.1,8.8078718399629,8.8078718399629,50
0,21.0,37.5666666666667,18.6333333333333,38.76,21.1,35.2,20.6,33.09,18.5,48.1333333333333,8.3,37.73,19.7,28.79,21.23,35.6633333333333,19.5,35.3633333333333,6.96666666666667,762.716666666667,72.3333333333333,2.16666666666667,24.0,2.2166666666666694,26.046053518075492,26.046053518075492,50
0,21.033333333333296,37.26,18.7,38.6266666666667,21.1,35.2,20.6,33.1633333333333,18.5,47.933333333333294,8.49,37.2333333333333,19.7,28.79,21.29,35.59,19.6,35.4333333333333,7.233333333333332,762.6333333333331,71.6666666666667,2.3333333333333295,25.0,2.3333333333333295,35.58767057256773,35.58767057256773,40
0,21.033333333333296,37.0,18.79,38.2966666666667,21.1666666666667,35.2,20.6,33.2,18.5,47.76,8.76333333333333,36.96,19.7,28.79,21.39,35.4666666666667,19.6,35.5,7.5,762.5499999999998,71.0,2.5,26.0,2.45,46.29463519668207,46.29463519668207,60
0,21.1,36.69333333333329,18.79,37.89,21.1,35.09,20.6666666666667,33.26,18.5,47.5666666666667,8.8,35.1,19.7,28.79,21.463333333333296,35.4,19.6,35.9266666666667,7.76666666666667,762.466666666667,70.3333333333333,2.66666666666667,27.0,2.56666666666667,3.3525962149724364,3.3525962149724364,50
0,21.1,36.2266666666667,18.89,37.73,21.1,35.03,20.7,33.26,18.5,47.33333333333329,8.93333333333333,35.36,19.7,28.79,21.533333333333296,35.3633333333333,19.6,36.533333333333296,8.03333333333333,762.3833333333331,69.6666666666667,2.8333333333333295,28.0,2.68333333333333,11.834515328519046,11.834515328519046,60
0,21.1,35.8633333333333,18.89,37.79,21.2,34.9,20.7225,33.2675,18.5,47.0666666666667,9.19666666666667,34.7566666666667,19.7,28.79,21.6666666666667,35.29,19.6,37.0666666666667,8.3,762.2999999999998,69.0,3.0,29.0,2.8,34.77027426706627,34.77027426706627,50
0,21.1666666666667,35.79,19.05,37.9,21.2,34.8266666666667,20.79,33.23,18.5,46.9,9.59,33.83,19.7,28.79,21.73,35.1633333333333,19.6666666666667,37.33333333333329,8.18333333333333,762.266666666667,70.1666666666667,3.16666666666667,30.8333333333333,2.93333333333333,16.613203566521406,16.613203566521406,60
0,21.2,35.76,19.1,37.863333333333294,21.23,34.8266666666667,20.79,33.2,18.5,46.7666666666667,9.53,32.9266666666667,19.7,28.79,21.79,35.03,19.6,37.433333333333294,8.06666666666667,762.233333333333,71.3333333333333,3.3333333333333295,32.66666666666669,3.06666666666667,5.665309773758054,5.665309773758054,50
0,21.26,35.76,19.1666666666667,37.73,21.29,34.9,20.79,33.2,18.5,46.59,9.39,33.4,19.7,28.79,21.89,35.0,19.6,37.56,7.95,762.2,72.5,3.5,34.5,3.2,46.9891008338891,46.9891008338891,40
0,21.323333333333295,35.7,19.23,37.6266666666667,21.29,34.9,20.89,33.29,18.566666666666695,46.59,9.49,34.03,19.76,28.79,21.963333333333296,34.9333333333333,19.7,37.7,7.8333333333333295,762.1666666666669,73.6666666666667,3.6666666666666705,36.33333333333329,3.3333333333333295,18.604358925949786,18.604358925949786,50
10,21.39,35.7,19.29,37.6266666666667,21.29,34.8633333333333,20.89,33.29,18.533333333333296,46.5,9.563333333333329,33.23,19.73,28.823333333333295,22.033333333333296,34.79,19.7,37.7,7.71666666666667,762.1333333333331,74.8333333333333,3.8333333333333295,38.16666666666669,3.4666666666666694,35.302901722025126,35.302901722025126,50
0,21.39,35.6633333333333,19.323333333333295,37.56,21.29,34.8633333333333,20.89,33.29,18.533333333333296,46.433333333333294,9.26333333333333,34.5666666666667,19.79,28.89,22.1,34.79,19.6333333333333,37.73,7.599999999999999,762.1,76.0,4.0,40.0,3.6,37.55012354813516,37.55012354813516,60
0,21.39,35.59,19.39,37.5,21.3566666666667,34.8633333333333,20.89,33.3633333333333,18.533333333333296,46.363333333333294,9.26333333333333,36.6266666666667,19.79,28.9266666666667,22.2,34.7,19.7,37.79,7.3333333333333295,762.1,77.8333333333333,4.0,40.0,3.65,20.187778561376035,20.187778561376035,50
0,21.39,35.59,19.39,37.433333333333294,21.29,34.79,20.89,33.4,18.6,46.29,9.2,37.6333333333333,19.79,29.0,22.2,34.7,19.7,37.79,7.06666666666667,762.1,79.6666666666667,4.0,40.0,3.7,11.368098901584744,11.368098901584744,50
0,21.39,35.59,19.463333333333296,37.5,21.3566666666667,34.79,20.89,33.4666666666667,18.5,46.2,8.79333333333333,39.16666666666669,19.79,29.1333333333333,22.2,34.79,19.7,37.863333333333294,6.8,762.1,81.5,4.0,40.0,3.75,13.664328982122242,13.664328982122242,50
0,21.39,35.7233333333333,19.39,37.59666666666671,21.29,34.8633333333333,20.89,33.53,18.5,46.09,8.39666666666667,41.8666666666667,19.79,29.2,22.1333333333333,34.8633333333333,19.65,37.845,6.53333333333333,762.1,83.3333333333333,4.0,40.0,3.8,3.6460427218116815,3.6460427218116815,50
0,20.89,36.7,18.29,39.7,21.2,36.06,19.6,34.5,18.29,44.9,7.03,43.8266666666667,19.29,30.1666666666667,21.6,40.26,19.5,37.933333333333294,5.65,762.716666666667,78.6666666666667,3.16666666666667,56.0,2.11666666666667,36.05658788001165,36.05658788001165,230
0,20.89,36.7,18.29,39.6633333333333,21.2,36.0,19.6,34.4,18.29,44.79,7.23,43.5666666666667,19.29,30.1,21.6666666666667,40.1266666666667,19.5,37.9,5.7,762.733333333333,77.3333333333333,3.3333333333333295,50.0,1.93333333333333,16.341741848737,16.341741848737,650
0,20.89,36.76,18.29,39.59,21.2,36.2266666666667,19.6,34.4,18.29,44.73,7.43333333333333,41.69333333333329,19.29,30.1,21.7,39.863333333333294,19.5,37.8266666666667,5.75,762.75,76.0,3.5,44.0,1.75,36.322243767790496,36.322243767790496,690
10,20.89,36.7,18.39,39.5,21.3266666666667,37.1,19.6,34.29,18.39,44.7,7.5,40.6333333333333,19.29,30.033333333333296,21.76,39.73,19.5,37.645,5.8,762.766666666667,74.6666666666667,3.6666666666666705,38.0,1.56666666666667,1.608717441558838,1.608717441558838,410
0,20.89,36.863333333333294,18.39,39.5,21.6966666666667,38.1966666666667,19.6,34.29,18.29,44.59,7.6233333333333295,39.1,19.29,30.0,21.79,39.4,19.5,37.4666666666667,5.85,762.783333333333,73.3333333333333,3.8333333333333295,32.0,1.38333333333333,18.611739238258448,18.611739238258448,330
0,20.89,36.79,18.4266666666667,39.5,22.03,38.6633333333333,19.533333333333296,34.26,18.3566666666667,44.53,7.89666666666667,38.9,19.29,30.0,21.8566666666667,39.0666666666667,19.5,37.3266666666667,5.9,762.7999999999998,72.0,4.0,26.0,1.2,20.794285915326327,20.794285915326327,320
0,20.89,36.79,18.5,39.433333333333294,22.36,38.6633333333333,19.6,34.2,18.323333333333295,44.5,8.53333333333333,36.9,19.29,29.963333333333296,21.823333333333295,38.5266666666667,19.5,37.26,5.98333333333333,762.766666666667,72.0,4.0,26.5,1.28333333333333,6.06158283771947,6.06158283771947,300
0,20.89,36.79,18.533333333333296,39.26,22.6333333333333,38.53,19.6,34.09,18.39,44.5,8.66,35.16,19.29,29.89,21.89,38.19333333333329,19.5,37.1266666666667,6.06666666666667,762.733333333333,72.0,4.0,27.0,1.36666666666667,20.362422638572752,20.362422638572752,270
0,20.9266666666667,36.79,18.6,39.1266666666667,22.823333333333295,38.06,19.6,34.09,18.39,44.5,8.83,34.1333333333333,19.23,29.823333333333295,22.0,37.723333333333294,19.5,37.0,6.15,762.7,72.0,4.0,27.5,1.45,21.219277859199792,21.219277859199792,140
0,21.0,36.863333333333294,18.73,39.06,22.89,37.85,19.6,34.0,18.39,44.433333333333294,9.0475,32.5,19.26,29.76,22.0,37.463333333333296,19.5,36.933333333333294,6.23333333333333,762.6666666666669,72.0,4.0,28.0,1.53333333333333,17.87395192077383,17.87395192077383,110
0,21.066666666666695,37.66666666666671,18.79,38.933333333333294,22.76,37.0633333333333,19.6,33.975,18.39,44.363333333333294,9.1,30.3333333333333,19.26,29.7,22.033333333333296,36.9666666666667,19.5,36.79,6.31666666666667,762.6333333333331,72.0,4.0,28.5,1.61666666666667,41.50288194650784,41.50288194650784,340
0,21.2,38.19333333333329,18.89,39.5,22.7,36.863333333333294,19.6,33.9,18.39,44.363333333333294,9.33,30.39,19.2,29.6,22.033333333333296,36.7666666666667,19.5,36.73,6.4,762.6,72.0,4.0,29.0,1.7,18.29071213724092,18.29071213724092,370
0,21.2,37.5266666666667,18.89,39.433333333333294,22.7633333333333,37.3,19.6,33.8633333333333,18.39,44.4,9.463333333333328,29.463333333333296,19.26,29.6666666666667,22.0,36.56,19.5,36.56,6.41666666666667,762.5833333333329,71.6666666666667,4.0,28.0,1.65,14.684973540715871,14.684973540715871,290
0,21.2,37.3266666666667,19.0,39.29,22.963333333333296,37.56,19.6,33.79,18.39,44.4,9.66,27.693333333333296,19.2,29.5,22.0,36.56,19.5,36.5,6.43333333333333,762.5666666666668,71.3333333333333,4.0,27.0,1.6,18.725315667688847,18.725315667688847,310
0,21.23,37.0266666666667,19.0,39.06,23.163333333333295,37.56,19.6,33.76,18.39,44.4,9.533333333333328,27.8333333333333,19.26,29.5,22.05,36.69,19.463333333333296,36.43,6.45,762.5499999999998,71.0,4.0,26.0,1.55,35.97743979189545,35.97743979189545,270
0,21.29,36.8266666666667,19.066666666666695,39.0,23.3566666666667,37.433333333333294,19.6,33.7,18.39,44.4,9.83,28.03,19.2,29.463333333333296,22.1,36.933333333333294,19.39,36.29,6.46666666666667,762.533333333333,70.6666666666667,4.0,25.0,1.5,5.032653850503266,5.032653850503266,260
0,21.323333333333295,36.7,19.1,38.9666666666667,23.5,37.223333333333294,19.6,33.73,18.4266666666667,44.433333333333294,9.83,26.763333333333296,19.2,29.39,22.1,37.06,19.463333333333296,36.33333333333329,6.48333333333333,762.516666666667,70.3333333333333,4.0,24.0,1.45,34.5857726293616,34.5857726293616,230
0,21.39,36.9,19.1666666666667,38.9666666666667,23.6,36.815,19.6,33.73,18.4266666666667,44.36,9.6,26.4933333333333,19.2,29.39,22.2,37.1266666666667,19.463333333333296,36.26,6.5,762.5,70.0,4.0,23.0,1.4,11.781884857919067,11.781884857919067,200
0,21.39,37.0,19.1333333333333,39.09,23.7,36.463333333333296,19.6,33.7,18.39,44.4,9.6,26.4266666666667,19.2,29.39,22.2,37.26,19.5,36.1633333333333,6.51666666666667,762.483333333333,70.1666666666667,3.8333333333333295,23.666666666666696,1.45,38.98713894886896,38.98713894886896,90
0,21.39,37.0,19.2,39.03,23.7,35.9,19.6,33.76,18.39,44.3266666666667,9.72666666666667,25.2933333333333,19.2,29.29,22.2,37.26,19.4266666666667,36.03,6.53333333333333,762.466666666667,70.3333333333333,3.6666666666666705,24.3333333333333,1.5,14.102971635293216,14.102971635293216,100
0,21.5,36.6333333333333,19.2,38.6333333333333,23.566666666666695,35.5,19.6,34.6933333333333,18.39,44.4,9.86,24.7,19.2,29.29,22.26,37.26,19.5,36.0,6.55,762.45,70.5,3.5,25.0,1.55,35.33813076792285,35.33813076792285,110
0,21.4266666666667,36.36,19.2,38.36,23.3566666666667,34.99,19.6666666666667,35.16,18.463333333333296,44.4,9.6,24.763333333333296,19.2,29.2,22.29,37.29,19.5,36.0,6.56666666666667,762.4333333333329,70.6666666666667,3.3333333333333295,25.666666666666696,1.6,30.98591915331781,30.98591915331781,90
0,21.39,36.1633333333333,19.23,38.1633333333333,23.23,34.73,19.73,35.6266666666667,18.445,44.245,9.6,24.963333333333296,19.2,29.2,22.3566666666667,37.23,19.445,35.845,6.5833333333333295,762.4166666666669,70.8333333333333,3.16666666666667,26.3333333333333,1.65,27.228158980142325,27.228158980142325,100
0,21.39,36.0225,19.29,38.03,23.1,34.6633333333333,19.996666666666705,35.76,18.463333333333296,44.1633333333333,9.5,24.9,19.2,29.23,22.39,37.23,19.463333333333296,35.76,6.6,762.4,71.0,3.0,27.0,1.7,46.23205510433763,46.23205510433763,100
0,21.39,35.9333333333333,19.29,37.9666666666667,23.033333333333296,34.53,20.5566666666667,35.59,18.463333333333296,44.09,9.56666666666667,25.8333333333333,19.2,29.23,22.39,37.29,19.463333333333296,35.7,6.66666666666667,762.3833333333331,70.6666666666667,3.0,29.166666666666696,1.68333333333333,26.562117063440382,26.562117063440382,90
0,21.39,35.8633333333333,19.29,37.8266666666667,22.89,34.4666666666667,21.0966666666667,35.39,18.5,44.06,9.6,25.66,19.2,29.26,22.39,37.363333333333294,19.463333333333296,35.6633333333333,6.73333333333333,762.366666666667,70.3333333333333,3.0,31.3333333333333,1.66666666666667,13.558559387456624,13.558559387456624,80
0,21.39,35.79,19.29,37.76,22.823333333333295,34.4,21.39,34.93,18.5,44.0,9.733333333333329,25.2,19.2,29.2,22.39,37.363333333333294,19.39,35.4633333333333,6.8,762.35,70.0,3.0,33.5,1.65,45.29069490963593,45.29069490963593,80
0,21.39,35.79,19.29,37.7,22.76,34.29,21.323333333333295,34.73,18.4266666666667,43.8266666666667,9.845,24.75,19.2,29.2,22.39,37.29,19.463333333333296,35.5,6.86666666666667,762.3333333333329,69.6666666666667,3.0,35.66666666666669,1.63333333333333,1.0111553012393415,1.0111553012393415,80
0,21.323333333333295,35.73,19.29,37.56,22.6333333333333,34.23,21.26,34.43,18.5,43.9,10.03,23.93,19.2,29.2,22.463333333333296,37.29,19.463333333333296,35.5,6.93333333333333,762.3166666666668,69.3333333333333,3.0,37.83333333333329,1.61666666666667,38.95748743088916,38.95748743088916,60
0,21.29,35.4666666666667,19.29,37.433333333333294,22.566666666666695,34.0266666666667,21.175,34.195,18.5,43.76,9.69666666666667,23.93,19.2,29.2,22.4266666666667,37.2,19.5,35.5,7.0,762.2999999999998,69.0,3.0,40.0,1.6,18.249580881092697,18.249580881092697,90
0,21.29,35.4666666666667,19.26,37.26,22.5,33.9666666666667,21.033333333333296,33.9633333333333,18.5,43.7,9.5,24.7933333333333,19.2,29.2,22.5,37.2,19.4266666666667,35.4333333333333,7.01666666666667,762.266666666667,68.8333333333333,3.0,38.16666666666669,1.6,15.365152852609752,15.365152852609752,80
0,21.29,36.1633333333333,19.2,37.33333333333329,22.463333333333296,34.06,21.0,34.03,18.5,43.59,9.36666666666667,24.2,19.2,29.2,22.5,37.1633333333333,19.463333333333296,35.3633333333333,7.03333333333333,762.233333333333,68.6666666666667,3.0,36.33333333333329,1.6,8.043397008441389,8.043397008441389,110
0,21.29,36.03,19.2,37.45,22.39,34.06,20.9266666666667,34.6233333333333,18.5,43.59,9.25666666666667,23.63,19.2,29.1,22.5,37.09,19.39,35.29,7.05,762.2,68.5,3.0,34.5,1.6,8.84715982247144,8.84715982247144,120
0,21.2,35.9,19.2,37.4,22.3566666666667,34.1266666666667,20.963333333333296,35.03,18.5,43.5,9.39,23.43,19.2,29.033333333333296,22.6,37.0266666666667,19.39,35.26,7.06666666666667,762.1666666666669,68.3333333333333,3.0,32.66666666666669,1.6,34.69257750548422,34.69257750548422,100
0,21.2,35.9666666666667,19.2,37.4,22.3566666666667,34.26,20.89,35.09,18.5,43.5,9.42666666666667,23.5633333333333,19.2,28.963333333333296,22.675,36.85,19.39,35.2,7.0833333333333295,762.1333333333331,68.1666666666667,3.0,30.8333333333333,1.6,31.082605454139408,31.082605454139408,110
0,21.2,35.93,19.2,37.4666666666667,22.26,34.4,20.89,35.1266666666667,18.5,43.5,9.5,23.163333333333295,19.26,28.963333333333296,22.7,36.7,19.39,35.2,7.1,762.1,68.0,3.0,29.0,1.6,23.44591839937493,23.44591839937493,100
0,21.2,35.93,19.2,37.4666666666667,22.175,34.4,20.963333333333296,35.2,18.5,43.5,9.3,23.123333333333296,19.23,28.89,22.7,36.73,19.39,35.2,7.06666666666667,762.1,68.0,3.16666666666667,28.166666666666696,1.56666666666667,43.494617217220366,43.494617217220366,100
0,21.2,36.03,19.2,37.5,22.1,34.4,21.163333333333295,35.1633333333333,18.5,43.5,9.1,23.3966666666667,19.29,28.89,22.76,36.79,19.39,35.03,7.03333333333333,762.1,68.0,3.3333333333333295,27.3333333333333,1.53333333333333,34.67602520249784,34.67602520249784,90
0,21.26,36.09,19.26,37.56,22.1,34.4,21.3566666666667,35.03,18.5,43.433333333333294,8.96333333333333,24.366666666666696,19.26,28.8266666666667,22.76,36.79,19.39,35.09,7.0,762.1,68.0,3.5,26.5,1.5,25.347714324016124,25.347714324016124,80
0,21.323333333333295,36.09,19.39,37.59,22.1,34.3266666666667,21.6333333333333,34.9666666666667,18.5,43.4,8.83,24.8266666666667,19.2,28.76,22.7,36.863333333333294,19.39,35.0,6.96666666666667,762.1,68.0,3.6666666666666705,25.666666666666696,1.46666666666667,45.664033107459545,45.664033107459545,80
0,21.39,36.03,19.463333333333296,37.6633333333333,22.1,34.4,21.8266666666667,34.9,18.5,43.4,8.66,25.46,19.2,28.79,22.7,37.03,19.39,35.0,6.93333333333333,762.1,68.0,3.8333333333333295,24.8333333333333,1.43333333333333,40.6165067688562,40.6165067688562,90
0,21.4266666666667,36.03,19.6,37.56,22.1,34.4,22.0,34.7,18.5,43.345,8.46,25.46,19.26,28.79,22.7,37.09,19.39,35.0,6.9,762.1,68.0,4.0,24.0,1.4,20.2268723747693,20.2268723747693,110
10,21.5,36.0225,19.6666666666667,37.56,22.1,34.4333333333333,22.0,34.6266666666667,18.5,43.29,8.3,26.3333333333333,19.2,28.79,22.7,37.06,19.323333333333295,34.9,6.85,762.116666666667,68.1666666666667,3.8333333333333295,24.0,1.36666666666667,39.70711228903383,39.70711228903383,110
30,21.5,36.0,19.73,37.59,22.1,34.5,21.963333333333296,34.5,18.5,43.29,8.22666666666667,26.9333333333333,19.26,28.8566666666667,22.76,36.933333333333294,19.323333333333295,34.9,6.8,762.1333333333331,68.3333333333333,3.6666666666666705,24.0,1.33333333333333,0.8503950550220906,0.8503950550220906,130
20,21.533333333333296,36.0,19.79,37.53,22.1,34.59,21.963333333333296,34.5,18.5,43.29,8.03333333333333,28.366666666666696,19.2,28.823333333333295,22.79,36.79,19.3566666666667,34.9,6.75,762.15,68.5,3.5,24.0,1.3,27.4389716447331,27.4389716447331,220
20,21.6666666666667,36.6,19.89,37.4666666666667,22.1,34.59,22.0,34.29,18.5,43.29,7.7175,29.545,19.2,28.89,22.79,36.73,19.29,34.9,6.7,762.1666666666669,68.6666666666667,3.3333333333333295,24.0,1.26666666666667,12.70627628546208,12.70627628546208,200
10,21.73,37.7,19.89,37.4,22.1,34.73,22.066666666666695,34.29,18.5,43.3266666666667,7.53,29.5,19.2,28.89,22.89,36.6633333333333,19.29,34.79,6.65,762.1833333333329,68.8333333333333,3.16666666666667,24.0,1.23333333333333,12.665950821246952,12.665950821246952,150
10,21.79,37.96,19.89,37.6266666666667,22.1666666666667,34.8633333333333,22.0,34.1333333333333,18.5,43.4,7.4,29.596666666666696,19.2,28.89,22.89,36.39,19.29,34.79,6.6,762.2,69.0,3.0,24.0,1.2,31.238106067758054,31.238106067758054,140
10,21.89,38.09,19.89,37.76,22.2,35.1266666666667,21.8925,33.725,18.566666666666695,43.53,7.3333333333333295,29.9966666666667,19.2,28.89,22.79,36.1266666666667,19.29,34.79,6.51666666666667,762.2,69.8333333333333,2.8333333333333295,23.3333333333333,1.28333333333333,4.537268553394824,4.537268553394824,120
0,21.89,38.2966666666667,19.9266666666667,37.933333333333294,22.2,35.26,21.79,33.4333333333333,18.5,43.6633333333333,7.19,30.63,19.2,28.89,22.8566666666667,36.26,19.29,34.79,6.43333333333333,762.2,70.6666666666667,2.66666666666667,22.666666666666696,1.36666666666667,23.040795151609927,23.040795151609927,90
0,22.0,37.7666666666667,20.0,38.1333333333333,22.2,35.4,21.7,33.26,18.6,43.73,7.1233333333333295,31.096666666666696,19.2,28.89,22.9266666666667,36.4,19.29,34.73,6.35,762.2,71.5,2.5,22.0,1.45,45.67111615324393,45.67111615324393,100
0,22.0,37.3,20.0,38.4,22.2,35.3266666666667,21.6333333333333,33.0666666666667,18.533333333333296,43.79,7.09,31.63,19.2,28.89,23.0,36.4,19.29,34.73,6.26666666666667,762.2,72.3333333333333,2.3333333333333295,21.3333333333333,1.53333333333333,24.25992105854675,24.25992105854675,110
0,22.033333333333296,36.93,20.0,38.223333333333294,22.2,35.29,21.566666666666695,32.9,18.6,43.9,7.03,31.89,19.2,28.89,23.033333333333296,36.463333333333296,19.29,34.7,6.18333333333333,762.2,73.1666666666667,2.16666666666667,20.666666666666696,1.61666666666667,19.43464740179479,19.43464740179479,120
10,22.1,36.59666666666671,20.0,37.963333333333296,22.2,35.23,21.5,32.9,18.533333333333296,43.9,7.0,32.29,19.2,28.9266666666667,23.1,36.53,19.29,34.7,6.1,762.2,74.0,2.0,20.0,1.7,8.588856761343777,8.588856761343777,140
0,22.1,36.26,20.1,37.933333333333294,22.2,35.1633333333333,21.3566666666667,32.73,18.6,43.8266666666667,6.95,32.745,19.2,29.0,23.1,36.59,19.2,34.59,6.06666666666667,762.266666666667,74.8333333333333,2.16666666666667,20.3333333333333,1.8333333333333297,33.873698161914945,33.873698161914945,110
0,22.1666666666667,36.26,20.1,38.06,22.2,35.09,21.29,32.8633333333333,18.6,43.9,6.9,33.3,19.2,29.0,23.1,36.33333333333329,19.26,34.59,6.03333333333333,762.3333333333329,75.6666666666667,2.3333333333333295,20.666666666666696,1.9666666666666697,14.641836727969348,14.641836727969348,100
0,22.2,36.29,20.1,38.06,22.2,35.045,21.29,33.0666666666667,18.6,43.9,6.9,34.1,19.2,29.0,23.033333333333296,36.0666666666667,19.23,34.53,6.0,762.4,76.5,2.5,21.0,2.1,3.78794971620664,3.78794971620664,120
0,22.2,36.23,20.1,38.0,22.2,35.0,21.29,33.26,18.6,43.9,6.8,35.76333333333329,19.2,29.1,22.963333333333296,35.7233333333333,19.23,34.53,5.96666666666667,762.466666666667,77.3333333333333,2.66666666666667,21.3333333333333,2.2333333333333294,35.98149190656841,35.98149190656841,100
10,22.29,36.2,20.1,38.0666666666667,22.2,35.0,21.2,33.4333333333333,18.6,43.79,6.8,37.363333333333294,19.2,29.1666666666667,22.89,35.59,19.2,34.5,5.93333333333333,762.533333333333,78.1666666666667,2.8333333333333295,21.666666666666696,2.36666666666667,6.6449918784201145,6.6449918784201145,80
0,22.29,36.2,20.1,38.2,22.2,35.0,21.2,33.56,18.6,43.79,6.763333333333329,38.55666666666671,19.2,29.2,22.89,35.3633333333333,19.2,34.56,5.9,762.6,79.0,3.0,22.0,2.5,49.55883761867881,49.55883761867881,100
0,22.29,36.09,20.1,38.2,22.2,35.0,21.1,33.73,18.6,43.79,6.69,39.63,19.2,29.26,22.823333333333295,35.23,19.2,34.59,5.8333333333333295,762.5833333333329,79.3333333333333,3.16666666666667,22.3333333333333,2.4833333333333294,4.900033969897777,4.900033969897777,100
0,22.29,36.09,20.033333333333296,38.1266666666667,22.1666666666667,35.0,21.1,33.8633333333333,18.6,43.7,6.59,40.39,19.2,29.39,22.79,35.06,19.2,34.59,5.76666666666667,762.5666666666668,79.6666666666667,3.3333333333333295,22.666666666666696,2.4666666666666694,41.88222351949661,41.88222351949661,100
0,22.29,36.0,20.0,38.09,22.1666666666667,35.0,21.066666666666695,34.0,18.6,43.6266666666667,6.5675,40.9975,19.2,29.39,22.79,35.0,19.2,34.6633333333333,5.7,762.5499999999998,80.0,3.5,23.0,2.45,27.44902033591643,27.44902033591643,100
0,22.29,35.9666666666667,20.0,38.09,22.1666666666667,35.0,21.066666666666695,34.06,18.6,43.59,6.5,41.66,19.2,29.5,22.76,34.8633333333333,19.2,34.7,5.633333333333329,762.533333333333,80.3333333333333,3.6666666666666705,23.3333333333333,2.43333333333333,49.15707700420171,49.15707700420171,90
0,22.29,35.9,20.0,38.09,22.1,35.0,21.0,34.09,18.6,43.53,6.46666666666667,42.5666666666667,19.2,29.525,22.7,34.79,19.2,34.7,5.56666666666667,762.516666666667,80.6666666666667,3.8333333333333295,23.666666666666696,2.41666666666667,35.193691204767674,35.193691204767674,100
0,22.29,35.9,19.9266666666667,38.09,22.1,35.0,21.0,34.1633333333333,18.6,43.5,6.4,42.83333333333329,19.2,29.6,22.7,34.7,19.2,34.7,5.5,762.5,81.0,4.0,24.0,2.4,14.095721032936124,14.095721032936124,90
0,22.23,35.73,19.79,37.9666666666667,22.1,35.06,20.963333333333296,34.6,18.6,43.4,6.19,44.433333333333294,19.2,29.663333333333295,22.6,34.8333333333333,19.2,34.76,5.4,762.5,82.0,3.5,24.5,2.5,0.144963408820331,0.144963408820331,40
0,22.2,35.7,19.79,37.8266666666667,22.0,35.23,20.89,34.8633333333333,18.6,43.29,6.19,44.6333333333333,19.2,29.79,22.7,35.7566666666667,19.23,35.53,5.36666666666667,762.5,82.3333333333333,3.3333333333333295,24.666666666666696,2.53333333333333,22.706476994790137,22.706476994790137,70
0,21.7,36.1633333333333,19.0,38.79,22.0,35.9,20.5,34.9,18.5,44.363333333333294,5.65666666666667,49.6633333333333,19.29,30.6333333333333,22.29,42.1633333333333,19.39,39.06,5.26666666666667,762.2999999999998,80.6666666666667,3.0,23.0,2.2,26.60689135082066,26.60689135082066,60
0,21.6666666666667,36.09,19.0,38.863333333333294,22.033333333333296,35.9333333333333,20.463333333333296,34.8633333333333,18.5,44.4,5.65666666666667,49.53,19.29,30.7,22.29,42.29,19.39,39.09,5.28333333333333,762.2999999999998,80.3333333333333,3.0,23.0,2.15,29.95651119854301,29.95651119854301,70
0,21.6,36.09,18.89,38.9,22.1,36.06,20.39,34.79,18.5,44.4666666666667,5.6233333333333295,48.5666666666667,19.29,30.7,22.23,42.29,19.39,39.09,5.3,762.2999999999998,80.0,3.0,23.0,2.1,2.8711444931104775,2.8711444931104775,50
10,21.6,36.09,18.89,38.845,22.1,36.09,20.463333333333296,34.9,18.5,44.5,5.69,47.7666666666667,19.23,30.6333333333333,22.29,42.29,19.4266666666667,39.1266666666667,5.26666666666667,762.266666666667,79.3333333333333,3.0,23.3333333333333,1.93333333333333,7.619043882004915,7.619043882004915,60
0,21.6,36.09,18.89,38.9,22.1,36.09,20.463333333333296,34.9,18.5,44.5,5.69,47.223333333333294,19.29,30.7,22.29,42.363333333333294,19.4266666666667,39.1266666666667,5.23333333333333,762.233333333333,78.6666666666667,3.0,23.666666666666696,1.76666666666667,16.10739235766232,16.10739235766232,50
0,21.5,36.1266666666667,18.79,38.8266666666667,22.1,36.09,20.39,34.79,18.5,44.5,5.69,46.83,19.23,30.6333333333333,22.26,42.29,19.39,39.09,5.2,762.2,78.0,3.0,24.0,1.6,30.85660705110058,30.85660705110058,50
0,21.5,36.2,18.79,38.9,22.1,36.09,20.39,34.79,18.5,44.56,5.6233333333333295,46.363333333333294,19.23,30.6333333333333,22.2,42.23,19.463333333333296,39.1633333333333,5.16666666666667,762.1666666666669,77.3333333333333,3.0,24.3333333333333,1.43333333333333,4.011811490636319,4.011811490636319,40
0,21.5,36.2,18.76,38.9,22.1,36.245,20.39,34.79,18.5,44.59,5.69,46.363333333333294,19.29,30.7,22.2,42.045,19.4266666666667,39.3266666666667,5.133333333333329,762.1333333333331,76.6666666666667,3.0,24.666666666666696,1.26666666666667,47.874939697794616,47.874939697794616,40
0,21.4266666666667,36.1266666666667,18.7,38.9666666666667,22.1,36.26,20.39,34.79,18.5,44.59,5.65666666666667,46.56,19.26,30.6666666666667,22.2,41.863333333333294,19.4266666666667,39.4,5.1,762.1,76.0,3.0,25.0,1.1,46.429019677452736,46.429019677452736,30
0,21.39,36.09,18.7,38.933333333333294,22.1,36.26,20.3566666666667,34.79,18.5,44.6266666666667,5.59,45.675,19.2,30.6,22.2,41.73,19.39,39.433333333333294,5.0833333333333295,762.0499999999998,76.1666666666667,3.0,25.166666666666696,1.13333333333333,47.545961919240646,47.545961919240646,40
0,21.39,36.09,18.6333333333333,39.0,22.1,36.29,20.29,34.79,18.4266666666667,44.6266666666667,5.59,45.2,19.23,30.6333333333333,22.1666666666667,41.7,19.445,39.5675,5.06666666666667,762.0,76.3333333333333,3.0,25.3333333333333,1.16666666666667,5.33150042174384,5.33150042174384,70
0,21.39,36.09,18.6666666666667,39.0,22.1,36.363333333333294,20.29,34.79,18.5,44.7,5.59,44.4,19.23,30.6333333333333,22.1,41.7,19.39,39.59,5.05,761.95,76.5,3.0,25.5,1.2,27.893366315402087,27.893366315402087,60
10,21.323333333333295,36.1633333333333,18.6,39.0,22.1,36.4,20.29,34.79,18.5,44.7,5.59,44.0666666666667,19.23,30.6333333333333,22.1666666666667,41.7,19.4266666666667,39.73,5.03333333333333,761.9,76.6666666666667,3.0,25.666666666666696,1.23333333333333,37.14951470028609,37.14951470028609,60
0,21.3566666666667,36.2,18.6,39.0,22.1,36.4,20.29,34.79,18.4266666666667,44.6266666666667,5.5,43.863333333333294,19.23,30.6333333333333,22.1,41.6266666666667,19.5,39.79,5.01666666666667,761.85,76.8333333333333,3.0,25.8333333333333,1.26666666666667,17.11527268635109,17.11527268635109,50
0,21.29,36.2,18.533333333333296,39.0,22.1,36.5,20.29,34.79,18.463333333333296,44.6633333333333,5.5,43.93,19.2,30.6,22.1,41.7,19.5,39.79,5.0,761.7999999999998,77.0,3.0,26.0,1.3,18.516223959159102,18.516223959159102,50
0,21.29,36.2,18.5,39.03,22.1,36.5,20.23,34.7,18.463333333333296,44.6633333333333,5.5,44.39,19.2,30.6,22.1,41.7,19.5,39.79,4.98333333333333,761.75,77.0,3.16666666666667,25.166666666666696,1.28333333333333,33.07603975990787,33.07603975990787,60
0,21.2,36.09,18.5,39.09,22.1,36.59,20.29,34.7,18.5,44.7,5.5,44.33,19.2,30.6,22.1,41.76,19.5,39.79,4.96666666666667,761.7,77.0,3.3333333333333295,24.3333333333333,1.26666666666667,3.890812734607607,3.890812734607607,50
0,21.2,36.09,18.39,39.03,22.1,36.59,20.2,34.6633333333333,18.4266666666667,44.6266666666667,5.4,43.55666666666671,19.2,30.6,22.1,41.7,19.5,39.79,4.95,761.65,77.0,3.5,23.5,1.25,9.463277633767577,9.463277633767577,60
0,21.2,36.09,18.39,39.09,22.1,36.59,20.2,34.59,18.4266666666667,44.73,5.4,43.03,19.2,30.6,22.0,41.4666666666667,19.5,39.8266666666667,4.93333333333333,761.6,77.0,3.6666666666666705,22.666666666666696,1.23333333333333,20.406157313846048,20.406157313846048,60
0,21.2,36.09,18.3566666666667,39.09,22.1,36.59,20.2,34.59,18.4266666666667,44.73,5.4,42.863333333333294,19.2,30.566666666666695,22.0,41.4,19.5,39.9,4.91666666666667,761.5499999999998,77.0,3.8333333333333295,21.8333333333333,1.21666666666667,10.632252541836351,10.632252541836351,60
0,21.1666666666667,36.2,18.3566666666667,39.1633333333333,22.2,36.59,20.2,34.6633333333333,18.39,44.7,5.4,42.99,19.2,30.5,22.0,41.26,19.5,39.9,4.9,761.5,77.0,4.0,21.0,1.2,49.01357765775174,49.01357765775174,50
0,21.1,36.2,18.29,39.2,22.2,36.59,20.2,34.59,18.463333333333296,44.76,5.3,43.09,19.2,30.5,22.0,41.2,19.5,39.9,4.883333333333329,761.5,77.3333333333333,3.8333333333333295,28.166666666666696,1.23333333333333,22.779370471835136,22.779370471835136,60
0,21.1,36.2,18.29,39.2225,22.2,36.59,20.2,34.59,18.39,44.7,5.3,43.09,19.2,30.5,22.0,41.1633333333333,19.5,39.9,4.86666666666667,761.5,77.6666666666667,3.6666666666666705,35.3333333333333,1.26666666666667,47.77306069154292,47.77306069154292,50
0,21.1,36.2,18.29,39.29,22.2,36.59,20.2,34.59,18.39,44.7,5.3,43.23,19.2,30.5,22.0,41.09,19.5,39.9,4.85,761.5,78.0,3.5,42.5,1.3,1.3528261799365282,1.3528261799365282,50
0,21.066666666666695,36.26,18.2,39.23,22.1,36.59,20.1,34.59,18.39,44.7,5.3,43.29,19.2,30.5,22.0,41.0,19.5,39.9,4.8333333333333295,761.5,78.3333333333333,3.3333333333333295,49.66666666666669,1.33333333333333,2.0435924641788006,2.0435924641788006,50
0,21.0,36.2,18.2,39.29,22.1,36.59,20.1,34.59,18.463333333333296,44.76,5.3,43.3,19.2,30.5,21.9266666666667,41.0,19.5,39.9666666666667,4.81666666666667,761.5,78.6666666666667,3.16666666666667,56.83333333333329,1.36666666666667,25.80468468368053,25.80468468368053,60
0,21.0,36.2,18.2,39.4,22.1,36.7,20.1,34.59,18.39,44.7,5.3,43.463333333333296,19.2,30.5,21.89,40.9,19.5,40.0,4.8,761.5,79.0,3.0,64.0,1.4,5.116756621282548,5.116756621282548,60
0,20.79,36.59,18.033333333333296,38.9233333333333,21.6,35.26,19.79,34.09,18.79,66.1,6.4,45.6233333333333,19.0,30.2,21.79,36.9666666666667,19.39,38.26,5.6,761.7999999999998,78.0,3.0,28.0,2.1,24.47622996987775,24.47622996987775,100
0,20.79,36.6233333333333,18.0,38.4666666666667,21.6,35.1266666666667,19.79,34.0,18.79,63.1,6.56333333333333,44.63,19.0,30.2,21.73,36.8266666666667,19.323333333333295,38.1266666666667,5.633333333333329,761.85,78.3333333333333,2.8333333333333295,28.0,2.18333333333333,19.505485042463988,19.505485042463988,90
0,20.79,37.9566666666667,18.1333333333333,38.6,21.6,35.0,19.79,34.0,18.79,60.8266666666667,6.89666666666667,43.83,19.0,30.2,21.89,37.0,19.39,38.06,5.66666666666667,761.9,78.6666666666667,2.66666666666667,28.0,2.2666666666666706,8.90825380338356,8.90825380338356,140
0,21.26,37.4,19.3566666666667,39.03,23.4975,39.7675,19.7,34.2,18.7,50.1333333333333,8.03333333333333,39.59,19.0,30.6666666666667,22.76,37.59,19.3566666666667,37.1266666666667,6.3,761.65,79.0,3.5,40.0,2.85,22.837654361501336,22.837654361501336,150
0,21.323333333333295,37.363333333333294,19.4266666666667,39.0,23.6666666666667,39.53,19.7,34.2,18.7,49.86,8.099999999999998,39.7666666666667,19.0,30.6666666666667,22.79,37.56,19.3566666666667,37.2,6.46666666666667,761.6,77.3333333333333,3.3333333333333295,40.0,2.7,24.088274280074984,24.088274280074984,100
0,21.463333333333296,37.76333333333329,19.566666666666695,38.86,23.6666666666667,38.99,19.7,34.2,18.7,49.5266666666667,8.233333333333329,38.83333333333329,19.0,30.7,22.79,37.5,19.365,37.1725,6.633333333333329,761.5499999999998,75.6666666666667,3.16666666666667,40.0,2.55,7.143096381332724,7.143096381332724,110
0,21.533333333333296,37.7666666666667,19.7633333333333,38.7,23.533333333333296,38.59666666666671,19.7,34.2,18.7225,49.2,8.599999999999998,37.29,19.0,30.7,22.89,37.59,19.39,37.09,6.8,761.5,74.0,3.0,40.0,2.4,1.720975269563496,1.720975269563496,120
0,21.6,37.36,19.963333333333296,38.5666666666667,23.3566666666667,38.1333333333333,19.7,34.2,18.79,48.933333333333294,9.133333333333328,35.8233333333333,19.0,30.6666666666667,22.9266666666667,37.56,19.29,37.0,6.73333333333333,761.5,74.3333333333333,3.16666666666667,40.0,2.41666666666667,10.102597973309456,10.102597973309456,120
0,21.7,37.2,20.1333333333333,38.2966666666667,23.23,37.8,19.7,34.2,18.79,48.6633333333333,9.2,30.4,19.0,30.533333333333296,23.0,37.433333333333294,19.3566666666667,36.933333333333294,6.66666666666667,761.5,74.6666666666667,3.3333333333333295,40.0,2.43333333333333,13.212929351720957,13.212929351720957,120
0,21.76,37.1266666666667,20.26,38.03,23.2,37.5,19.7,34.2,18.79,48.53,8.86666666666667,29.733333333333295,19.0,30.445,23.1,37.363333333333294,19.39,36.863333333333294,6.6,761.5,75.0,3.5,40.0,2.45,37.23788347560912,37.23788347560912,110
0,21.84,37.0,20.323333333333295,38.06,23.1333333333333,37.36,19.7,34.09,18.79,48.26,8.56666666666667,31.2,19.0,30.3566666666667,23.1,37.23,19.323333333333295,36.73,6.53333333333333,761.5,75.3333333333333,3.6666666666666705,40.0,2.4666666666666694,17.672345112077892,17.672345112077892,120
0,21.89,36.863333333333294,20.39,37.86,23.066666666666695,37.1633333333333,19.7,34.09,18.79,48.1266666666667,8.36666666666667,31.3266666666667,19.0,30.29,23.1,37.2,19.3566666666667,36.6633333333333,6.46666666666667,761.5,75.6666666666667,3.8333333333333295,40.0,2.4833333333333294,43.85968267451972,43.85968267451972,110
0,21.963333333333296,36.73,20.5,37.76,23.0,37.03,19.7,34.0,18.79,47.9666666666667,8.3,32.3233333333333,19.0,30.23,23.1666666666667,37.2,19.29,36.59,6.4,761.5,76.0,4.0,40.0,2.5,6.774031196255237,6.774031196255237,110
0,22.0,36.59,20.5,37.6266666666667,22.963333333333296,36.863333333333294,19.7,34.0,18.79,47.8266666666667,8.22666666666667,33.26333333333329,19.0,30.29,23.2,37.1633333333333,19.323333333333295,36.4666666666667,6.5,761.4333333333329,75.3333333333333,4.0,40.0,2.4666666666666694,28.52046430343762,28.52046430343762,230
0,22.066666666666695,36.59,20.6,37.43,22.89,36.73,19.7,34.0,18.79,47.49,8.46,33.9966666666667,19.0,30.29,23.26,37.1633333333333,19.39,36.7333333333333,6.6,761.366666666667,74.6666666666667,4.0,40.0,2.43333333333333,20.612221083138135,20.612221083138135,180
0,22.1,36.4,20.6666666666667,37.29,22.79,36.5266666666667,19.7,34.0,18.79,47.23,8.695,32.3675,19.0,30.29,23.29,37.3266666666667,19.39,37.9666666666667,6.7,761.2999999999998,74.0,4.0,40.0,2.4,11.281811667140571,11.281811667140571,70
0,22.1,36.4,20.73,37.223333333333294,22.79,36.3266666666667,19.7,34.0,18.79,47.09,8.72666666666667,31.366666666666696,19.0,30.29,23.23,37.4,19.39,38.83333333333329,6.8,761.233333333333,73.3333333333333,4.0,40.0,2.36666666666667,39.87876503961161,39.87876503961161,70
0,22.23,36.39,20.815,37.1725,22.7,36.19333333333329,19.7,33.9633333333333,18.79,47.03,8.5,31.43,19.0,30.23,23.29,37.4666666666667,19.5,39.2,6.9,761.1666666666669,72.6666666666667,4.0,40.0,2.3333333333333295,19.933819980360568,19.933819980360568,80
0,22.29,36.39,20.89,37.0,22.7,36.0,19.76,34.9633333333333,18.79,46.863333333333294,8.759999999999998,31.3633333333333,19.0,30.2,23.29,37.3266666666667,19.5,39.2,7.0,761.1,72.0,4.0,40.0,2.3,29.578134254552424,29.578134254552424,80
0,22.29,36.06,20.89,36.6633333333333,22.6,35.76,19.9266666666667,36.33,18.8566666666667,46.79,8.859999999999998,29.9266666666667,19.0,30.2,23.39,37.26,19.5,39.1333333333333,7.11666666666667,761.0499999999998,71.5,4.0,40.0,2.3,45.34822215791792,45.34822215791792,100
0,22.3566666666667,35.9333333333333,20.963333333333296,36.53,22.6,35.6266666666667,20.066666666666695,36.863333333333294,18.89,46.6633333333333,8.66666666666667,29.5933333333333,19.0,30.2,23.39,37.1266666666667,19.566666666666695,38.933333333333294,7.233333333333332,761.0,71.0,4.0,40.0,2.3,19.24049260560423,19.24049260560423,80
0,22.5,35.9,21.1,36.4666666666667,22.6,35.5,20.23,37.19333333333329,18.89,46.53,8.76666666666667,30.2933333333333,19.0,30.2,23.5,37.1633333333333,19.6,38.86,7.349999999999999,760.95,70.5,4.0,40.0,2.3,18.594580597709864,18.594580597709864,90
0,22.566666666666695,35.8266666666667,21.1,36.3266666666667,22.6,35.4333333333333,20.3566666666667,37.4,18.89,46.363333333333294,9.233333333333329,28.366666666666696,19.0,30.1,23.5,37.09,19.6,39.0,7.46666666666667,760.9,70.0,4.0,40.0,2.3,18.714594771154225,18.714594771154225,80
0,22.6,35.76,21.2,36.2,22.6,35.29,20.4266666666667,37.5,18.89,46.1566666666667,9.06666666666667,27.43,19.0,30.1,23.5,37.2,19.6,38.93,7.5833333333333295,760.85,69.5,4.0,40.0,2.3,9.107647486962378,9.107647486962378,100
0,22.6,35.6266666666667,21.2,36.2,22.6,35.26,20.5,37.433333333333294,18.89,46.06,9.0,28.096666666666696,19.0,30.0,23.5,37.2,19.6,38.5925,7.7,760.7999999999998,69.0,4.0,40.0,2.3,2.096726873423904,2.096726873423904,100
0,22.6,35.56,21.1666666666667,36.2,22.6,35.2,20.5,37.363333333333294,18.9175,45.925,9.0,28.596666666666696,19.0,30.0,23.533333333333296,37.2,19.6,38.3266666666667,7.8,760.766666666667,69.0,4.0,40.0,2.4,13.060137187130747,13.060137187130747,80
0,22.6666666666667,35.5,21.1666666666667,36.2,22.6,35.09,20.566666666666695,37.29,18.9266666666667,45.8266666666667,9.0,28.7233333333333,19.0,30.0,23.6,37.095,19.6,38.1333333333333,7.9,760.733333333333,69.0,4.0,40.0,2.5,15.24815132142976,15.24815132142976,100
0,22.7,35.53,21.2,36.2,22.6,35.09,20.6,36.99,19.0,45.6633333333333,9.4,28.0933333333333,19.066666666666695,30.0,23.6,37.0,19.6,38.0,8.0,760.7,69.0,4.0,40.0,2.6,8.926394628360868,8.926394628360868,160
0,22.7,35.6633333333333,21.2,36.1266666666667,22.6,35.09,20.533333333333296,36.59666666666671,19.0,45.59,9.6,27.233333333333295,19.1,30.05,23.6333333333333,37.1266666666667,19.6,37.863333333333294,8.099999999999998,760.6666666666669,69.0,4.0,40.0,2.7,27.90731979766861,27.90731979766861,460
0,22.7,37.1333333333333,21.1,36.933333333333294,22.6,35.8633333333333,20.29,35.1633333333333,19.1,45.73,9.36,26.566666666666695,19.1,30.1,23.79,36.79,19.6,37.26,7.9,760.6666666666669,70.3333333333333,4.0,40.0,2.8333333333333295,42.448266909923404,42.448266909923404,110
0,22.7,36.86,21.0,36.76,22.6,35.73,20.29,35.03,19.0966666666667,45.16666666666671,9.22666666666667,26.76,19.1,30.0,23.8566666666667,36.79,19.6,37.1266666666667,7.8,760.6833333333329,70.6666666666667,4.0,40.0,2.81666666666667,34.95057992404327,34.95057992404327,110
0,22.6,36.4666666666667,21.0,36.7675,22.6,35.56,20.2,34.8633333333333,19.43,43.893333333333295,9.06666666666667,28.6333333333333,19.1,30.0,23.89,36.79,19.566666666666695,37.0,7.7,760.7,71.0,4.0,40.0,2.8,44.22148051671684,44.22148051671684,220
0,22.6,36.3266666666667,20.9266666666667,36.79,22.6,35.4333333333333,20.1333333333333,34.79,19.6333333333333,42.863333333333294,8.86666666666667,30.233333333333295,19.1,30.1,23.89,36.73,19.5,36.933333333333294,7.5833333333333295,760.716666666667,72.3333333333333,4.16666666666667,38.16666666666669,2.91666666666667,10.462145041674376,10.462145041674376,430
0,22.6,36.2,20.89,36.9,22.6,35.4666666666667,20.1666666666667,34.76,19.76,42.39,8.62666666666667,31.9966666666667,19.1,30.1,23.9266666666667,36.7,19.566666666666695,36.79,7.46666666666667,760.733333333333,73.6666666666667,4.3333333333333295,36.33333333333329,3.03333333333333,26.427523954771456,26.427523954771456,290
0,22.6,36.2,20.89,36.9666666666667,22.6,35.4,20.1,34.7,19.89,42.1333333333333,8.42666666666667,33.53,19.1,30.23,24.0,36.7,19.5,36.73,7.349999999999999,760.75,75.0,4.5,34.5,3.15,11.403485795017332,11.403485795017332,250
10,22.7,36.6566666666667,20.89,36.933333333333294,22.6,35.4333333333333,20.1,34.7,19.963333333333296,41.8,8.26333333333333,34.9666666666667,19.1,30.29,24.0,36.8266666666667,19.566666666666695,36.7,7.233333333333332,760.766666666667,76.3333333333333,4.66666666666667,32.66666666666669,3.2666666666666706,5.105768237262964,5.105768237262964,260
10,22.7,37.0633333333333,20.823333333333295,37.06,22.6,35.5,20.1,34.7,20.1,41.4666666666667,8.189999999999998,36.2266666666667,19.1,30.39,24.0,36.9666666666667,19.5,36.6266666666667,7.11666666666667,760.783333333333,77.6666666666667,4.8333333333333295,30.8333333333333,3.38333333333333,5.103094351943582,5.103094351943582,250
0,21.29,38.223333333333294,19.5,40.4,21.89,36.79,20.5,37.59,19.39,43.09,10.1,30.43,19.29,32.6566666666667,22.066666666666695,39.9,19.6,39.2,8.38333333333333,761.7999999999998,73.3333333333333,3.16666666666667,40.0,3.8333333333333295,35.92492811148986,35.92492811148986,60
0,21.29,38.03,19.5,40.0666666666667,21.8566666666667,36.83333333333329,20.5,37.59,19.39,43.1633333333333,9.823333333333329,29.4666666666667,19.2,32.26,22.0,39.5666666666667,19.6,38.9666666666667,8.36666666666667,761.7999999999998,71.6666666666667,3.3333333333333295,40.0,3.4666666666666694,34.126385662239045,34.126385662239045,60
0,21.29,37.863333333333294,19.39,39.6633333333333,21.79,36.7,20.463333333333296,37.5266666666667,19.39,43.2,9.69,30.3333333333333,19.2675,32.095,22.0,39.223333333333294,19.6,38.8266666666667,8.349999999999998,761.7999999999998,70.0,3.5,40.0,3.1,27.759323024656624,27.759323024656624,60
0,21.29,37.6566666666667,19.323333333333295,39.53,21.79,36.76,20.39,37.4,19.34,43.2,9.56666666666667,30.066666666666695,19.29,31.9266666666667,22.0,39.03,19.6,38.59,8.33333333333333,761.7999999999998,68.3333333333333,3.6666666666666705,40.0,2.7333333333333294,20.08547178702429,20.08547178702429,60
0,21.29,37.4666666666667,19.29,39.363333333333294,21.79,36.7,20.463333333333296,37.4,19.323333333333295,43.1266666666667,9.56666666666667,30.0,19.2,31.6666666666667,21.89,38.76,19.6,38.53,8.31666666666667,761.7999999999998,66.6666666666667,3.8333333333333295,40.0,2.36666666666667,43.191889522131525,43.191889522131525,70
0,21.29,37.3266666666667,19.29,39.29,21.79,36.7,20.39,37.29,19.29,43.09,9.66666666666667,28.393333333333295,19.2,31.533333333333296,21.89,38.6266666666667,19.5,38.363333333333294,8.3,761.7999999999998,65.0,4.0,40.0,2.0,3.7206974346190687,3.7206974346190687,70
0,21.29,37.223333333333294,19.29,39.1633333333333,21.79,36.6266666666667,20.39,37.1566666666667,19.3566666666667,43.03,9.8,27.0,19.23,31.39,21.89,38.363333333333294,19.5,38.23,8.46666666666667,761.75,64.6666666666667,3.8333333333333295,40.0,2.0833333333333295,14.164224290288985,14.164224290288985,70
0,21.29,37.09,19.29,39.03,21.79,36.4666666666667,20.39,36.7966666666667,19.29,42.9,10.1,26.19,19.23,31.2633333333333,21.823333333333295,38.23,19.5,38.06,8.63333333333333,761.7,64.3333333333333,3.6666666666666705,40.0,2.16666666666667,8.131871768273413,8.131871768273413,60
0,21.29,36.863333333333294,19.323333333333295,38.723333333333294,21.79,36.4,20.39,36.463333333333296,19.29,42.8266666666667,10.5,25.0633333333333,19.2,31.1666666666667,21.84,38.1,19.5,37.86,8.8,761.65,64.0,3.5,40.0,2.25,38.19482922554016,38.19482922554016,50
0,21.29,36.695,19.39,38.463333333333296,21.79,36.29,20.29,36.223333333333294,19.29,42.7,10.8,22.8333333333333,19.2,31.033333333333296,21.79,37.9666666666667,19.5,37.723333333333294,8.96666666666667,761.6,63.66666666666671,3.3333333333333295,40.0,2.3333333333333295,5.8187858434394,5.8187858434394,60
0,21.29,36.59,19.4266666666667,38.29,21.79,36.29,20.29,36.03,19.29,42.6266666666667,10.9333333333333,22.4266666666667,19.2,30.963333333333296,21.79,37.8266666666667,19.5,37.53,9.133333333333328,761.5499999999998,63.33333333333329,3.16666666666667,40.0,2.41666666666667,8.373591070994735,8.373591070994735,50
0,21.23,36.4,19.5,38.1566666666667,21.79,36.29,20.29,35.8633333333333,19.29,42.5,11.16,21.323333333333295,19.2,30.89,21.79,37.76,19.5,37.4666666666667,9.3,761.5,63.0,3.0,40.0,2.5,23.794176068622615,23.794176068622615,50
0,21.29,36.4,19.5,37.95,21.79,36.23,20.29,35.73,19.29,42.433333333333294,11.16,20.596666666666696,19.2,30.79,21.79,37.7,19.5,37.3266666666667,9.26666666666667,761.4333333333329,63.16666666666671,3.0,40.0,2.5166666666666706,0.2894220990128815,0.2894220990128815,50
0,21.23,36.2,19.6,37.76,21.79,36.2,20.2,35.5,19.29,42.26,11.4,19.59,19.26,30.79,21.76,37.6266666666667,19.5,37.26,9.233333333333329,761.366666666667,63.33333333333329,3.0,40.0,2.53333333333333,48.720664519350976,48.720664519350976,60
0,21.23,36.1266666666667,19.6,37.6266666666667,21.79,36.1266666666667,20.2,35.4333333333333,19.29,42.2,11.36,20.066666666666695,19.26,30.6666666666667,21.76,37.6266666666667,19.5,37.1266666666667,9.2,761.2999999999998,63.5,3.0,40.0,2.55,5.707387928850949,5.707387928850949,60
0,21.26,36.06,19.6,37.4666666666667,21.79,35.93,20.2,35.4,19.29,42.1633333333333,11.1666666666667,20.26,19.2,30.533333333333296,21.76,37.5,19.5,37.0,9.16666666666667,761.233333333333,63.66666666666671,3.0,40.0,2.56666666666667,4.038715444039553,4.038715444039553,70
0,21.2,36.0,19.6,37.3266666666667,21.79,35.79,20.2,35.3266666666667,19.29,42.09,11.0633333333333,20.03,19.2,30.5,21.7,37.433333333333294,19.5,36.933333333333294,9.133333333333328,761.1666666666669,63.83333333333329,3.0,40.0,2.5833333333333295,16.1459720460698,16.1459720460698,40
0,21.23,35.9,19.6333333333333,37.29,21.79,35.7,20.2,35.2,19.29,42.0,11.2633333333333,20.096666666666696,19.2,30.5,21.7,37.363333333333294,19.5,36.863333333333294,9.1,761.1,64.0,3.0,40.0,2.6,5.939254746772349,5.939254746772349,30
0,21.23,35.8266666666667,19.7,37.23,21.79,35.7,20.1333333333333,35.2,19.23,41.933333333333294,11.5666666666667,19.9333333333333,19.2,30.463333333333296,21.7,37.29,19.5,36.7225,9.18333333333333,761.033333333333,63.66666666666671,2.66666666666667,40.0,2.61666666666667,49.28862345404922,49.28862345404922,30
0,21.2,35.76,19.6,37.0,21.7,35.745,20.1,35.2,19.29,41.9666666666667,11.4266666666667,19.533333333333296,19.2,30.39,21.7,37.2,19.5,36.7,9.26666666666667,760.966666666667,63.33333333333329,2.3333333333333295,40.0,2.63333333333333,20.207382191438228,20.207382191438228,30
0,21.2,35.7,19.6,37.0,21.7,35.59,20.1,35.2,19.29,41.9,11.13,19.86,19.2,30.323333333333295,21.6333333333333,37.0666666666667,19.5,36.59,9.35,760.9,63.0,2.0,40.0,2.65,12.089095322880892,12.089095322880892,60
0,21.2,35.59,19.566666666666695,37.0,21.7,35.6633333333333,20.1,35.2,19.2,41.7,11.13,20.4666666666667,19.2,30.39,21.6,37.0,19.5,36.59,9.43333333333333,760.8333333333329,62.66666666666671,1.66666666666667,40.0,2.66666666666667,17.74394541280344,17.74394541280344,50
0,21.2,35.59,19.566666666666695,37.0,21.6666666666667,35.7,20.1,35.2,19.245,41.6725,11.3933333333333,21.566666666666695,19.2,30.39,21.6,37.0,19.5,36.59,9.51666666666667,760.766666666667,62.33333333333329,1.33333333333333,40.0,2.68333333333333,7.662004209123552,7.662004209123552,60
0,21.2,35.5,19.6,36.863333333333294,21.6666666666667,35.6266666666667,20.1,35.2,19.26,41.59,12.1333333333333,21.366666666666696,19.2,30.4266666666667,21.6,37.0,19.5,36.53,9.6,760.7,62.0,1.0,40.0,2.7,14.37738131498918,14.37738131498918,60
0,21.2,35.5,19.6,36.73,21.7,35.5266666666667,20.066666666666695,35.1633333333333,19.29,41.5,12.6,19.29,19.2,30.4266666666667,21.6,37.0,19.4266666666667,36.433333333333294,9.58333333333333,760.65,62.0,1.16666666666667,38.0,2.66666666666667,12.833607359789312,12.833607359789312,60
0,21.2,35.5,19.7,36.76,21.7,35.4,20.066666666666695,35.1633333333333,19.29,41.5,12.66,18.5633333333333,19.29,30.5,21.6,37.0,19.5,36.433333333333294,9.56666666666667,760.6,62.0,1.33333333333333,36.0,2.63333333333333,7.884512539021671,7.884512539021671,50
0,21.2,35.5,19.7,36.7,21.7,35.3633333333333,20.0,35.2,19.26,41.363333333333294,12.36,18.43,19.23,30.4266666666667,21.6,37.0,19.4266666666667,36.3266666666667,9.55,760.5499999999998,62.0,1.5,34.0,2.6,1.4885823242366312,1.4885823242366312,60
0,21.2,35.5,19.7,36.6633333333333,21.7,35.29,20.0,35.2,19.2,41.23,12.2266666666667,18.3566666666667,19.29,30.39,21.5,36.9666666666667,19.4266666666667,36.3266666666667,9.533333333333328,760.5,62.0,1.66666666666667,32.0,2.56666666666667,40.581418585497886,40.581418585497886,50
0,21.2,35.5,19.6333333333333,36.59,21.7,35.29,20.0,35.09,19.2,41.2,11.9333333333333,18.26,19.23,30.323333333333295,21.5,36.9,19.4266666666667,36.23,9.51666666666667,760.45,62.0,1.8333333333333297,30.0,2.53333333333333,28.958640759810805,28.958640759810805,50
0,21.2,35.5,19.6,36.59,21.7,35.29,20.0,35.1633333333333,19.2,41.2,11.9333333333333,18.8,19.29,30.39,21.5,36.9,19.4266666666667,36.1566666666667,9.5,760.4,62.0,2.0,28.0,2.5,28.83659697836265,28.83659697836265,60
0,21.1333333333333,35.4,19.6,36.53,21.7,35.2,20.0,35.2,19.2,41.09,11.8,19.23,19.29,30.39,21.5,36.79,19.463333333333296,36.1633333333333,9.46666666666667,760.3333333333329,62.33333333333329,2.16666666666667,30.0,2.55,35.0743432645686,35.0743432645686,50
0,21.1333333333333,35.4,19.6,36.5,21.7,35.2,20.0,35.2,19.2,41.09,11.7175,19.545,19.29,30.39,21.5,36.79,19.463333333333296,36.09,9.43333333333333,760.266666666667,62.66666666666671,2.3333333333333295,32.0,2.6,3.188310016412288,3.188310016412288,70
0,21.1,35.4,19.6,36.5,21.7,35.09,20.0,35.1266666666667,19.2,41.06,11.63,19.763333333333296,19.29,30.39,21.5,36.79,19.4266666666667,36.09,9.4,760.2,63.0,2.5,34.0,2.65,25.124144926667213,25.124144926667213,60
0,21.1,35.4,19.533333333333296,36.5,21.7,35.09,19.9266666666667,35.2,19.2,41.06,11.26,19.9,19.2,30.29,21.4266666666667,36.6566666666667,19.4266666666667,36.09,9.36666666666667,760.1333333333331,63.33333333333329,2.66666666666667,36.0,2.7,19.19749755179509,19.19749755179509,50
0,21.1,35.4,19.5,36.59,21.7,35.0,19.89,35.2,19.2,41.06,10.8666666666667,20.9666666666667,19.2,30.29,21.39,36.59,19.39,36.09,9.33333333333333,760.0666666666668,63.66666666666671,2.8333333333333295,38.0,2.75,21.3208174216561,21.3208174216561,50
0,21.1,35.4,19.4266666666667,36.59,21.7,35.0,19.89,35.2,19.2,41.0,10.66,22.096666666666696,19.2,30.29,21.39,36.59,19.39,36.03,9.3,760.0,64.0,3.0,40.0,2.8,27.21950811101124,27.21950811101124,50
0,21.1,35.4,19.39,36.6266666666667,21.7,34.9333333333333,19.89,35.2,19.2,41.0,10.5333333333333,22.29,19.2,30.3566666666667,21.39,36.5,19.39,36.0,9.21666666666667,760.033333333333,65.1666666666667,2.8333333333333295,38.16666666666669,2.9666666666666694,32.18191033229232,32.18191033229232,50
10,21.1,35.4,19.39,36.7,21.7,35.0,19.89,35.2,19.2,41.0,10.2633333333333,23.16,19.2,30.39,21.39,36.5,19.39,36.0,9.133333333333328,760.0666666666668,66.3333333333333,2.66666666666667,36.33333333333329,3.13333333333333,39.55961933825165,39.55961933825165,50
0,21.066666666666695,35.3633333333333,19.3566666666667,36.7,21.7,34.95,19.89,35.23,19.2,40.9,10.19,24.233333333333295,19.2,30.7233333333333,21.29,36.5,19.39,36.0,9.05,760.1,67.5,2.5,34.5,3.3,42.342669877689325,42.342669877689325,50
30,21.066666666666695,35.49,19.29,36.83333333333329,21.6333333333333,34.79,19.89,35.29,19.2,40.9,10.1,25.0933333333333,19.29,31.1666666666667,21.29,36.5,19.39,36.0,8.96666666666667,760.1333333333331,68.6666666666667,2.3333333333333295,32.66666666666669,3.4666666666666694,3.63131552003324,3.63131552003324,40
20,21.1,35.8266666666667,19.29,36.9,21.6333333333333,34.73,19.9933333333333,35.83,19.2,40.933333333333294,10.0333333333333,26.026666666666696,19.29,31.175,21.29,36.4666666666667,19.323333333333295,36.0,8.88333333333333,760.1666666666669,69.8333333333333,2.16666666666667,30.8333333333333,3.6333333333333298,43.00553211942315,43.00553211942315,40
30,21.1,35.9666666666667,19.29,36.9666666666667,21.6,34.79,20.4975,36.295,19.2,41.0,9.86,27.3633333333333,19.29,31.3266666666667,21.29,36.4666666666667,19.39,36.0,8.8,760.2,71.0,2.0,29.0,3.8,47.80823183245957,47.80823183245957,60
20,21.1333333333333,36.0,19.39,36.9,21.6,34.79,21.0633333333333,36.29,19.2,41.0,9.72666666666667,28.5566666666667,19.29,31.663333333333295,21.26,36.4666666666667,19.323333333333295,36.0,8.68333333333333,760.1666666666669,71.1666666666667,2.0,30.8333333333333,3.7166666666666694,46.32095783017576,46.32095783017576,50
20,21.2,36.0,19.39,36.9666666666667,21.6,34.8266666666667,21.39,35.93,19.1,41.0,9.6,29.166666666666696,19.29,31.93,21.26,36.4666666666667,19.3566666666667,36.0,8.56666666666667,760.1333333333331,71.3333333333333,2.0,32.66666666666669,3.6333333333333298,2.698182978201657,2.698182978201657,90
30,21.23,36.03,19.5,37.09,21.6666666666667,34.9666666666667,21.39,35.93,19.1666666666667,41.06,9.533333333333328,29.9,19.29,32.1266666666667,21.2,36.69333333333329,19.29,36.0,8.449999999999998,760.1,71.5,2.0,34.5,3.55,12.32047319645062,12.32047319645062,90
30,21.3566666666667,36.09,19.566666666666695,37.1633333333333,21.6333333333333,35.03,21.39,36.1266666666667,19.1,41.1266666666667,9.36,30.1333333333333,19.29,32.3333333333333,21.26,37.1,19.29,36.0,8.33333333333333,760.0666666666668,71.6666666666667,2.0,36.33333333333329,3.4666666666666694,24.368483491707597,24.368483491707597,560
20,21.533333333333296,36.49,19.73,37.29,21.7,35.03,21.39,36.2,19.1666666666667,41.2,9.22666666666667,29.9266666666667,19.3566666666667,32.5,21.323333333333295,37.433333333333294,19.29,36.0,8.21666666666667,760.033333333333,71.8333333333333,2.0,38.16666666666669,3.38333333333333,5.0031691091135135,5.0031691091135135,410
10,21.6666666666667,37.823333333333295,19.8566666666667,37.363333333333294,21.73,35.2666666666667,21.39,36.03,19.1333333333333,41.3266666666667,9.06666666666667,29.9,19.29,32.56,21.463333333333296,37.56,19.29,36.03,8.099999999999998,760.0,72.0,2.0,40.0,3.3,9.757962834555656,9.757962834555656,170
10,21.84,39.85,20.033333333333296,37.9566666666667,21.79,35.8,21.323333333333295,36.1633333333333,19.2,41.5266666666667,8.92666666666667,29.7,19.29,32.4666666666667,21.5,37.3,19.29,36.03,7.916666666666669,759.966666666667,73.5,1.8333333333333297,37.66666666666669,3.4,10.67857623565942,10.67857623565942,110
20,22.5,37.09,20.79,38.1633333333333,22.2,36.1266666666667,22.29,36.56,19.7,63.433333333333294,8.0,32.89,19.5,33.5,22.1,38.723333333333294,19.2225,35.925,7.15,759.9,77.5,1.5,33.0,3.45,33.02384071284905,33.02384071284905,140
30,22.6,37.09,20.89,38.2,22.2,36.09,22.29,37.39,19.7,60.7666666666667,8.0,33.3633333333333,19.5,33.4333333333333,22.23,39.03,19.2,35.9,7.2,759.9333333333329,76.3333333333333,1.66666666666667,35.3333333333333,3.3,10.620825900696218,10.620825900696218,130
20,22.6,37.09,20.89,38.2,22.2,36.09,22.29,37.53,19.8266666666667,57.2333333333333,8.0,33.8266666666667,19.6333333333333,35.03,22.29,39.09,19.2,35.8633333333333,7.25,759.966666666667,75.1666666666667,1.8333333333333297,37.66666666666669,3.15,0.2633050782606005,0.2633050782606005,120
20,22.6333333333333,37.09,20.89,38.2,22.2,36.09,22.2,37.1633333333333,19.76,56.7,8.0,33.9666666666667,19.7,35.1175,22.323333333333295,39.06,19.2,35.79,7.3,760.0,74.0,2.0,40.0,3.0,5.145125312265009,5.145125312265009,140
30,22.7,36.9666666666667,21.0,38.09,22.2,36.2,22.1,36.9,19.65,55.7,7.96666666666667,34.6,19.6666666666667,35.06,22.5,39.1633333333333,19.2,35.79,7.3,760.0,74.3333333333333,2.3333333333333295,34.3333333333333,3.06666666666667,22.207804827485237,22.207804827485237,120
20,22.7,36.8266666666667,21.0,38.03,22.2,36.2,22.066666666666695,36.6633333333333,19.6666666666667,54.83333333333329,8.0,34.2933333333333,19.6,34.9333333333333,22.5,39.03,19.2,35.79,7.3,760.0,74.5,2.5,31.5,3.1,34.6496389945969,34.6496389945969,140
20,22.79,36.7,20.89,38.0,22.2,36.2,22.066666666666695,36.6633333333333,19.6,54.2266666666667,8.0,35.2333333333333,19.6,34.8633333333333,22.6,38.9666666666667,19.2,35.79,7.3,760.0,74.6666666666667,2.66666666666667,28.666666666666696,3.13333333333333,1.0442158207297323,1.0442158207297323,100
20,22.79,36.6266666666667,20.89,38.06,22.1666666666667,36.2666666666667,22.0,36.73,19.6,53.5633333333333,7.9,35.8966666666667,19.6,34.79,22.6666666666667,38.9666666666667,19.2,35.79,7.3,760.0,74.8333333333333,2.8333333333333295,25.8333333333333,3.16666666666667,47.787588462233536,47.787588462233536,70
20,22.79,36.59,20.8566666666667,38.2,22.1,36.4,22.0,36.79,19.6,53.1566666666667,7.8333333333333295,36.49,19.6,34.73,22.7,39.0666666666667,19.2,35.8633333333333,7.3,760.0,75.0,3.0,23.0,3.2,40.20553120644763,40.20553120644763,60
30,22.73,36.6633333333333,20.79,38.33333333333329,22.0,36.3266666666667,22.0,36.9,19.5,52.9666666666667,7.69,37.795,19.6,34.79,22.7,39.46,19.2,36.03,7.18333333333333,759.9333333333329,76.0,2.8333333333333295,30.0,3.2666666666666706,45.58699448825792,45.58699448825792,70
20,22.7,36.79,20.76,38.433333333333294,22.0,36.4,22.0,36.9666666666667,19.5,52.8266666666667,7.59,38.7333333333333,19.6,34.9333333333333,22.7,39.963333333333296,19.2,36.1633333333333,7.06666666666667,759.866666666667,77.0,2.66666666666667,37.0,3.3333333333333295,15.473339799791574,15.473339799791574,70
0,21.2,38.2,20.63,39.49,21.79,36.53,21.23,36.1266666666667,19.0,46.56,5.93,69.0266666666667,19.6,34.79,21.39,40.29,19.79,38.1633333333333,7.06666666666667,758.1,75.6666666666667,1.66666666666667,36.0,3.0,39.8602913832292,39.8602913832292,60
0,21.2,38.2,21.03,39.03,21.79,36.5,21.3925,36.1175,19.0,46.5,6.45666666666667,65.9,19.6,34.79,21.39,40.23,19.79,38.23,7.483333333333332,758.1,72.8333333333333,1.8333333333333297,29.5,2.9,42.931537341792136,42.931537341792136,40
0,21.2,38.2,21.46,38.49,21.8566666666667,36.56,21.566666666666695,36.09,19.0,46.5,7.1,57.6333333333333,19.6,34.6633333333333,21.39,40.26,19.73,38.29,7.9,758.1,70.0,2.0,23.0,2.8,16.613521182443947,16.613521182443947,50
0,21.2,38.2,21.6666666666667,38.09666666666671,21.79,36.5,21.6,35.9666666666667,19.0,46.475,7.49333333333333,47.69333333333329,19.6,34.59,21.39,40.1266666666667,19.7,38.29,8.18333333333333,758.0499999999998,68.3333333333333,2.0,25.8333333333333,2.7,25.786274310667068,25.786274310667068,40
0,21.29,38.2,21.86,37.723333333333294,21.8566666666667,36.56,21.6666666666667,35.9666666666667,19.0,46.4,8.099999999999998,39.9233333333333,19.566666666666695,34.4666666666667,21.39,40.1266666666667,19.7,38.363333333333294,8.46666666666667,758.0,66.6666666666667,2.0,28.666666666666696,2.6,18.58423460507765,18.58423460507765,30
0,22.1,36.9,20.84,36.545,22.2,36.2,21.39,35.03,19.29,45.7666666666667,12.0,17.4,19.6666666666667,32.2966666666667,22.323333333333295,37.9,19.79,39.59,10.6,755.9,61.0,5.0,40.0,3.3,30.47047440195456,30.47047440195456,100
0,22.066666666666695,36.723333333333294,20.79,36.5,22.1,36.09,21.39,34.8633333333333,19.29,45.43,11.42,18.195,19.6,32.03,22.463333333333296,37.9666666666667,19.79,39.56,10.2666666666667,755.9333333333329,63.16666666666671,4.8333333333333295,37.83333333333329,3.43333333333333,39.63873275788501,39.63873275788501,100
0,22.0,36.6633333333333,20.73,36.5,22.1,36.09,21.39,34.79,19.29,45.1566666666667,10.96,19.9266666666667,19.6,31.89,22.6333333333333,38.0,19.79,39.5,9.93333333333333,755.966666666667,65.3333333333333,4.66666666666667,35.66666666666669,3.56666666666667,19.33399466797709,19.33399466797709,120
0,22.0,37.3666666666667,20.6,36.4,22.1,35.9666666666667,21.3566666666667,34.7,19.2,44.76,10.66,21.83,19.6,31.823333333333295,22.76,38.0,19.79,39.363333333333294,9.6,756.0,67.5,4.5,33.5,3.7,6.207648233976215,6.207648233976215,110
0,22.0,37.5666666666667,20.6,36.4666666666667,22.1,35.8266666666667,21.29,34.6266666666667,19.2,44.6266666666667,10.46,22.956666666666695,19.6,31.79,22.79,38.0,19.79,39.29,9.26666666666667,756.033333333333,69.6666666666667,4.3333333333333295,31.3333333333333,3.8333333333333295,13.377482839860022,13.377482839860022,320
0,22.0,37.3,20.6,36.59,22.1,35.79,21.29,34.59,19.2,44.4666666666667,10.03,25.956666666666695,19.6,31.79,22.89,38.09,19.79,39.29,8.93333333333333,756.0666666666668,71.8333333333333,4.16666666666667,29.166666666666696,3.9666666666666694,26.063698064535856,26.063698064535856,620
10,21.315,37.025,19.29,39.1633333333333,21.7,37.33333333333329,20.5,36.86,19.5,44.1266666666667,10.13,40.3,19.89,36.2966666666667,23.066666666666695,42.23,19.6,38.26,9.0,755.7999999999998,78.0,5.0,40.0,5.4,7.050828309729695,7.050828309729695,100
10,21.29,36.9,19.23,39.03,21.7,37.2,20.5,37.19333333333329,19.5,43.9666666666667,10.0975,39.92,20.0,36.5,23.1,41.83333333333329,19.6,38.2,8.93333333333333,755.8166666666668,78.3333333333333,5.0,40.0,5.383333333333329,34.60839748149738,34.60839748149738,110
10,21.29,37.1566666666667,19.2,39.1266666666667,21.7,37.1266666666667,20.6,37.545,19.5,43.9,9.86666666666667,40.533333333333296,19.945,36.5225,23.1666666666667,41.5666666666667,19.6,38.1266666666667,8.86666666666667,755.8333333333329,78.6666666666667,5.0,40.0,5.36666666666667,42.2539952560328,42.2539952560328,100
10,21.23,37.23,19.1333333333333,39.26,21.7,37.2,20.6,37.5,19.5,43.9,9.69,41.463333333333296,20.0,36.6633333333333,23.23,41.1633333333333,19.566666666666695,38.09,8.8,755.85,79.0,5.0,40.0,5.35,33.91257401090115,33.91257401090115,90
10,21.2,37.23,19.1666666666667,39.53,21.7,37.2,20.6,37.5,19.5,43.9,9.76333333333333,41.463333333333296,20.0,36.79,23.29,41.09,19.5,38.03,8.733333333333329,755.866666666667,79.3333333333333,5.0,40.0,5.3333333333333295,35.4863204411231,35.4863204411231,100
0,21.2,39.8266666666667,19.1333333333333,42.4666666666667,21.963333333333296,37.9,21.2,37.4666666666667,19.29,47.29,11.0,29.366666666666696,20.2,35.09,21.79,40.73,19.39,39.09,8.599999999999998,756.9,66.0,4.0,21.0,2.6,49.17091457173228,49.17091457173228,30
0,21.1,39.76,19.2,42.3266666666667,21.89,37.8266666666667,21.2,37.3266666666667,19.29,47.2,11.13,27.8266666666667,20.2,35.0,21.76,40.6633333333333,19.463333333333296,39.1633333333333,8.68333333333333,756.866666666667,65.6666666666667,4.0,28.3333333333333,2.5833333333333295,25.191362772602588,25.191362772602588,30
0,21.1,39.7,19.2,42.1633333333333,21.89,37.863333333333294,21.1,37.1633333333333,19.29,47.1266666666667,11.3233333333333,26.9,20.2,35.0,21.7,40.59,19.39,39.09,8.76666666666667,756.8333333333329,65.3333333333333,4.0,35.66666666666669,2.56666666666667,23.252591060008854,23.252591060008854,60
0,21.1,39.6633333333333,19.26,42.03,21.89,37.863333333333294,21.1,37.0225,19.29,47.09,11.4266666666667,25.4966666666667,20.2,34.845,21.76,40.5,19.463333333333296,39.1333333333333,8.849999999999998,756.7999999999998,65.0,4.0,43.0,2.55,5.553545337170362,5.553545337170362,50
0,21.1,39.59,19.29,41.9666666666667,21.89,37.863333333333294,21.033333333333296,36.86,19.29,47.03,11.5,24.956666666666695,20.2,34.79,21.7,40.5,19.39,38.933333333333294,8.93333333333333,756.766666666667,64.6666666666667,4.0,50.33333333333329,2.53333333333333,3.5601172712631524,3.5601172712631524,60
0,21.1,39.59,19.29,41.8266666666667,21.89,37.79,21.0,36.7,19.29,47.0,11.5,23.763333333333296,20.2,34.73,21.7,40.4,19.39,38.79,9.01666666666667,756.733333333333,64.3333333333333,4.0,57.66666666666669,2.5166666666666706,49.493972084019326,49.493972084019326,50
0,21.1,39.56,19.29,41.76,21.89,37.79,21.0,36.6266666666667,19.29,46.933333333333294,11.7,23.29,20.2,34.6633333333333,21.7,40.3266666666667,19.39,38.73,9.1,756.7,64.0,4.0,65.0,2.5,37.13451055809856,37.13451055809856,50
0,21.1,39.5,19.29,41.7,21.89,37.7,20.963333333333296,36.56,19.29,46.9,12.0333333333333,21.366666666666696,20.2,34.59,21.7,40.29,19.4266666666667,38.7,9.16666666666667,756.65,63.33333333333329,4.16666666666667,65.0,2.43333333333333,41.15253313211724,41.15253313211724,40
0,21.1,39.4,19.39,41.59,21.89,37.7,20.89,36.5,19.29,46.8266666666667,12.1725,19.9725,20.2,34.5,21.7,40.23,19.4266666666667,38.6266666666667,9.233333333333329,756.6,62.66666666666671,4.3333333333333295,65.0,2.36666666666667,40.52251164102927,40.52251164102927,50
0,21.1,39.4,19.39,41.463333333333296,21.89,37.7,20.89,36.5,19.29,46.79,12.4633333333333,18.796666666666695,20.2,34.4333333333333,21.6666666666667,40.06,19.39,38.5,9.3,756.5499999999998,62.0,4.5,65.0,2.3,29.537579137831926,29.537579137831926,50
0,21.1,39.4,19.4266666666667,41.29,21.89,37.7,20.89,36.5,19.29,46.73,12.4266666666667,18.3,20.2,34.3633333333333,21.6,40.0,19.39,38.433333333333294,9.36666666666667,756.5,61.33333333333329,4.66666666666667,65.0,2.2333333333333294,41.56362171052024,41.56362171052024,50
0,21.1,39.3266666666667,19.5,41.23,21.89,37.6633333333333,20.79,36.4,19.29,46.6633333333333,12.5,18.566666666666695,20.2,34.29,21.6,39.9,19.39,38.363333333333294,9.43333333333333,756.45,60.66666666666671,4.8333333333333295,65.0,2.16666666666667,30.91473840177059,30.91473840177059,50
0,21.1,39.29,19.5,41.09,21.89,37.59,20.79,36.3266666666667,19.29,46.59,12.6666666666667,18.39,20.2,34.2,21.6,39.9,19.463333333333296,38.363333333333294,9.5,756.4,60.0,5.0,65.0,2.1,11.22694134246558,11.22694134246558,50
0,21.1,39.29,19.566666666666695,41.03,21.89,37.56,20.79,36.29,19.29,46.59,12.7266666666667,18.263333333333296,20.2,34.2,21.6,39.863333333333294,19.39,38.2,9.5,756.366666666667,60.5,4.8333333333333295,64.8333333333333,2.2166666666666694,9.782704163808376,9.782704163808376,50
0,21.1,39.29,19.566666666666695,40.9,21.89,37.5,20.79,36.29,19.29,46.5,12.4266666666667,18.83,20.1333333333333,34.2,21.6,39.79,19.39,38.2,9.5,756.3333333333329,61.0,4.66666666666667,64.6666666666667,2.3333333333333295,13.43999016098678,13.43999016098678,60
0,21.1,39.23,19.566666666666695,40.9,21.89,37.5,20.79,36.29,19.29,46.433333333333294,12.6266666666667,19.3566666666667,20.2,34.1266666666667,21.6,39.79,19.39,38.1633333333333,9.5,756.2999999999998,61.5,4.5,64.5,2.45,27.36117508029565,27.36117508029565,40
0,21.033333333333296,39.1266666666667,19.6,40.79,21.89,37.5,20.79,36.29,19.29,46.4666666666667,12.5666666666667,18.89,20.1333333333333,34.09,21.6,39.79,19.39,38.09,9.5,756.266666666667,62.0,4.3333333333333295,64.3333333333333,2.56666666666667,10.18142047105357,10.18142047105357,50
0,21.1,39.2,19.5,40.79,21.89,37.5,20.76,36.29,19.29,46.4,12.3666666666667,19.096666666666696,20.1333333333333,34.09,21.6,39.79,19.39,38.09,9.5,756.233333333333,62.5,4.16666666666667,64.1666666666667,2.68333333333333,22.534232109319415,22.534232109319415,50
0,21.1,39.2,19.5,40.79,21.89,37.5,20.7,36.29,19.29,46.4,11.7933333333333,19.56,20.1,34.09,21.5,39.7,19.39,38.0225,9.5,756.2,63.0,4.0,64.0,2.8,4.018525290302932,4.018525290302932,50
0,21.1,39.2,19.5,40.79,21.89,37.5,20.7,36.29,19.29,46.3266666666667,11.5333333333333,19.96,20.1,34.09,21.5,39.7,19.39,38.0,9.483333333333329,756.1833333333329,63.5,4.0,63.83333333333329,2.88333333333333,33.681263821199536,33.681263821199536,50
0,21.1,39.09,19.5,40.73,21.89,37.5,20.7,36.29,19.29,46.29,11.6,19.956666666666695,20.1,34.06,21.5,39.7,19.39,38.0,9.46666666666667,756.1666666666669,64.0,4.0,63.66666666666669,2.9666666666666694,33.24931594543159,33.24931594543159,50
0,21.1,39.09,19.6,40.6333333333333,21.89,37.4,20.7,36.29,19.29,46.23,11.86,19.956666666666695,20.1,34.0,21.5,39.7,19.39,37.933333333333294,9.45,756.15,64.5,4.0,63.5,3.05,45.92292625457048,45.92292625457048,30
0,21.033333333333296,39.09,19.6,40.5,21.89,37.4,20.7,36.3725,19.29,46.2,11.7633333333333,19.9333333333333,20.1666666666667,34.0,21.5,39.59,19.39,37.9,9.43333333333333,756.1333333333331,65.0,4.0,63.33333333333329,3.13333333333333,29.44816192612052,29.44816192612052,40
0,21.05,39.045,19.566666666666695,40.5,21.8566666666667,37.26,20.6333333333333,36.3266666666667,19.29,46.1266666666667,11.63,21.0,20.1,34.0,21.5,39.6633333333333,19.39,37.9,9.41666666666667,756.116666666667,65.5,4.0,63.16666666666669,3.2166666666666694,35.15063669765368,35.15063669765368,50
0,21.033333333333296,39.03,19.566666666666695,40.5,21.8566666666667,37.33333333333329,20.6,36.4,19.29,46.09,11.8,21.4266666666667,20.1,34.0,21.5,40.0666666666667,19.39,37.863333333333294,9.4,756.1,66.0,4.0,63.0,3.3,12.498724064789712,12.498724064789712,90
0,21.0,39.0,19.6,40.5,21.79,37.29,20.6,36.4,19.29,46.03,11.86,21.3,20.1,34.0,21.566666666666695,40.26,19.39,37.863333333333294,9.35,756.116666666667,66.0,4.0,56.33333333333329,3.25,4.097376496065408,4.097376496065408,90
0,21.0,39.0,19.6,40.433333333333294,21.79,37.4,20.6,36.4,19.29,46.0,11.95,20.195,20.1,33.9333333333333,21.73,40.5666666666667,19.39,37.79,9.3,756.1333333333331,66.0,4.0,49.66666666666669,3.2,45.2807349152863,45.2807349152863,130
0,21.0,39.0,19.566666666666695,40.4,21.79,37.3266666666667,20.6,36.4666666666667,19.29,46.0,11.4333333333333,20.366666666666696,20.1,34.0,21.79,40.7,19.39,37.79,9.25,756.15,66.0,4.0,43.0,3.15,39.35977576766163,39.35977576766163,130
0,21.0,39.0,19.5,40.4666666666667,21.79,37.4,20.6,36.8,19.29,46.0,11.1666666666667,21.033333333333296,20.1,34.0,21.9266666666667,40.8266666666667,19.39,37.79,9.2,756.1666666666669,66.0,4.0,36.33333333333329,3.1,18.546546064317223,18.546546064317223,140
0,21.0,39.0,19.463333333333296,40.5,21.79,37.3266666666667,20.6,37.19333333333329,19.29,46.06,10.86,22.3633333333333,20.1,33.9666666666667,22.066666666666695,40.9666666666667,19.39,37.73,9.15,756.1833333333329,66.0,4.0,29.666666666666696,3.05,48.62070718081668,48.62070718081668,150
0,21.0,39.0,19.39,40.36,21.79,37.363333333333294,20.6,37.4,19.29,46.06,10.6666666666667,23.43,20.1,33.7666666666667,22.1333333333333,40.83333333333329,19.3566666666667,37.6633333333333,9.1,756.2,66.0,4.0,23.0,3.0,8.008686441462489,8.008686441462489,140
0,21.0,38.9,19.3566666666667,40.1633333333333,21.79,37.29,20.6,37.6,19.29,45.975,10.4333333333333,25.9666666666667,20.0,33.59,22.2,40.6266666666667,19.29,37.53,9.0,756.2,67.5,4.0,23.3333333333333,3.2,32.09083490073681,32.09083490073681,130
0,21.0,38.8266666666667,19.29,40.09,21.79,37.29,20.6,37.4666666666667,19.29,45.8266666666667,10.1666666666667,27.4266666666667,20.0,33.53,22.29,40.7266666666667,19.29,37.4666666666667,8.9,756.2,69.0,4.0,23.666666666666696,3.4,5.093167687300593,5.093167687300593,90
0,20.963333333333296,38.76,19.29,40.0,21.79,37.29,20.6,37.3266666666667,19.29,45.6633333333333,10.0666666666667,28.9666666666667,20.0,33.73,22.3566666666667,41.0,19.29,37.4,8.8,756.2,70.5,4.0,24.0,3.6,47.088036441709846,47.088036441709846,100
0,20.963333333333296,38.7,19.29,40.0,21.7,37.2,20.6,37.06,19.29,45.53,9.92666666666667,30.36,20.0,33.8633333333333,22.5,41.0,19.29,37.29,8.699999999999998,756.2,72.0,4.0,24.3333333333333,3.8,6.550557352602482,6.550557352602482,70
0,20.963333333333296,38.79,19.2,40.0,21.7,37.26,20.6,37.0,19.29,45.363333333333294,9.8,31.76,20.0,33.9633333333333,22.5,40.933333333333294,19.29,37.29,8.599999999999998,756.2,73.5,4.0,24.666666666666696,4.0,11.419135215692222,11.419135215692222,80
0,20.89,38.79,19.2225,40.1175,21.6666666666667,37.26,20.6,36.9,19.29,45.29,9.72666666666667,32.8333333333333,20.0,34.1633333333333,22.5,40.845,19.29,37.2,8.5,756.2,75.0,4.0,25.0,4.2,31.07497055316344,31.07497055316344,90
0,21.89,38.09,20.1,39.5,22.39,37.4,20.6,37.59,19.6,45.6266666666667,9.5,44.9666666666667,20.6,32.7,22.2,39.2,20.26,37.9666666666667,9.3,759.6,71.0,1.0,40.0,4.2,27.34756701393053,27.34756701393053,40
0,21.89,38.09,20.033333333333296,39.5,22.39,37.4,20.6,37.6266666666667,19.6,45.6633333333333,9.42666666666667,44.2266666666667,20.6,32.7,22.2,39.29,20.23,37.9,9.283333333333328,759.65,71.0,1.0,40.0,4.2,0.5397462402470409,0.5397462402470409,50
0,21.89,38.2,20.0,39.6266666666667,22.29,37.4,20.6,37.7,19.533333333333296,45.59,9.36,44.4666666666667,20.6,32.73,22.2,39.29,20.2225,37.8175,9.26666666666667,759.7,71.0,1.0,40.0,4.2,21.506422897800803,21.506422897800803,50
0,21.89,38.2,19.9266666666667,39.7,22.29,37.4,20.6,37.7,19.6,45.59,9.22666666666667,45.86,20.6,32.79,22.2,39.29,20.2,37.79,9.25,759.75,71.0,1.0,40.0,4.2,40.251747029833496,40.251747029833496,30
0,21.823333333333295,38.2,19.89,39.8266666666667,22.29,37.363333333333294,20.6,37.7,19.566666666666695,45.59,9.06666666666667,46.5,20.566666666666695,32.8266666666667,22.1333333333333,39.29,20.2,37.79,9.233333333333329,759.7999999999998,71.0,1.0,40.0,4.2,1.9795584841631353,1.9795584841631353,30
0,21.79,38.2,19.89,39.9666666666667,22.29,37.363333333333294,20.6,37.79,19.566666666666695,45.59,9.0,47.5,20.5,32.9,22.1666666666667,39.29,20.2,37.79,9.21666666666667,759.85,71.0,1.0,40.0,4.2,13.145637104753405,13.145637104753405,30
0,21.79,38.2,19.79,40.03,22.29,37.29,20.533333333333296,37.79,19.533333333333296,45.59,8.96333333333333,49.1966666666667,20.5,32.9,22.1,39.29,20.2,37.79,9.2,759.9,71.0,1.0,40.0,4.2,46.16448944434524,46.16448944434524,40
0,21.79,38.23,19.79,40.1633333333333,22.29,37.363333333333294,20.5,37.79,19.533333333333296,45.59,8.867499999999998,50.1725,20.5,32.9333333333333,22.1,39.29,20.2,37.79,9.133333333333328,759.866666666667,71.3333333333333,1.0,40.0,4.18333333333333,16.925983503460884,16.925983503460884,60
0,21.79,38.29,19.76,40.23,22.2,37.29,20.5,37.863333333333294,19.5,45.59,8.8,50.83333333333329,20.5,33.06,22.1,39.363333333333294,20.2,37.79,9.06666666666667,759.8333333333329,71.6666666666667,1.0,40.0,4.16666666666667,23.80755194462836,23.80755194462836,50
0,21.76,38.29,19.7,40.363333333333294,22.2,37.29,20.5,37.9,19.5,45.59,8.689999999999998,51.1266666666667,20.5,33.09,22.1,39.4,20.1333333333333,37.79,9.0,759.7999999999998,72.0,1.0,40.0,4.15,6.757387658581138,6.757387658581138,40
0,21.7,38.29,19.7,40.53,22.2,37.29,20.5,37.9,19.5,45.59,8.689999999999998,51.533333333333296,20.5,33.09,22.1,39.4,20.2,37.79,8.93333333333333,759.766666666667,72.3333333333333,1.0,40.0,4.133333333333329,35.673449805472046,35.673449805472046,60
0,21.0,39.5,19.89,40.93,21.79,37.4,19.79,38.2,19.323333333333295,44.79,13.8666666666667,17.1566666666667,20.1,33.79,21.033333333333296,39.53,19.7,37.7,9.2,757.5499999999998,71.0,2.0,27.5,4.1,39.05030975583941,39.05030975583941,50
0,21.0,39.5,19.963333333333296,40.73,21.79,37.4,19.823333333333295,38.23,19.39,44.79,13.8266666666667,17.0666666666667,20.1,33.79,21.1,39.59,19.7,37.7,9.33333333333333,757.466666666667,70.3333333333333,2.0,27.0,4.1,13.434708467684686,13.434708467684686,50
0,21.0,39.5,20.033333333333296,40.59,21.823333333333295,37.433333333333294,19.89,38.23,19.39,44.76,14.2333333333333,16.66,20.1,33.79,21.033333333333296,39.59,19.7,37.73,9.46666666666667,757.3833333333331,69.6666666666667,2.0,26.5,4.1,36.60388961434364,36.60388961434364,50
0,22.0,38.59,20.033333333333296,39.3266666666667,22.39,37.59,21.2,37.29,20.2,47.0666666666667,7.866666666666669,22.2,21.39,32.3266666666667,22.533333333333296,35.7233333333333,20.6,36.83333333333329,8.599999999999998,753.6,65.0,4.0,40.0,2.3,16.89160730456933,16.89160730456933,120
0,22.0,38.56,20.0,39.29,22.39,37.59,21.2,37.363333333333294,20.1666666666667,46.863333333333294,7.7725,22.3,21.39,32.4666666666667,22.6,35.4633333333333,20.6,36.6266666666667,8.38333333333333,753.6666666666669,66.6666666666667,4.0,40.0,2.45,48.5468533472158,48.5468533472158,110
0,22.0,38.5,19.9266666666667,39.363333333333294,22.29,37.59,21.1666666666667,37.4,20.1,46.73,7.6233333333333295,22.9333333333333,21.39,32.53,22.566666666666695,35.1633333333333,20.566666666666695,36.5266666666667,8.16666666666667,753.733333333333,68.3333333333333,4.0,40.0,2.6,1.6440612846054137,1.6440612846054137,80
0,22.0,38.5,19.89,39.4,22.29,37.59,21.1,37.4666666666667,20.1,46.4666666666667,7.559999999999999,24.0566666666667,21.39,32.7233333333333,22.5,35.2233333333333,20.5,36.3266666666667,7.95,753.7999999999998,70.0,4.0,40.0,2.75,17.472333542536944,17.472333542536944,70
10,22.0,38.5,19.823333333333295,39.4666666666667,22.323333333333295,37.4666666666667,21.1,37.53,20.1,46.3266666666667,7.45,24.795,21.39,33.03,22.39,35.36,20.5,36.29,7.733333333333332,753.866666666667,71.6666666666667,4.0,40.0,2.9,12.63393210247159,12.63393210247159,70
0,21.963333333333296,38.5,19.79,39.59,22.39,37.4,21.1,37.53,20.1,46.433333333333294,7.2975,26.7475,21.39,33.49,22.39,35.645,20.5,36.5633333333333,7.51666666666667,753.9333333333329,73.3333333333333,4.0,40.0,3.05,23.930653696879745,23.930653696879745,70
0,21.76,35.29,22.033333333333296,32.6633333333333,22.39,35.0,22.456,33.054,20.1,39.933333333333294,13.7333333333333,1.0,20.6,27.754,21.5,34.7,20.6,35.09,10.9666666666667,762.216666666667,53.5,4.16666666666667,40.0,1.7,11.958969407714903,11.958969407714903,50
0,21.7,35.29,22.0,32.73,22.39,35.0,22.39,33.0642857142857,20.1,39.79,13.9266666666667,1.0,20.6,27.79,21.5,34.7,20.6,35.06,10.8333333333333,762.233333333333,54.0,4.3333333333333295,40.0,1.7,10.704162518959492,10.704162518959492,50
0,21.7,35.2,21.9266666666667,32.79,22.39,34.9,22.39,33.0,20.1,39.79,13.5,1.0,20.6,27.79,21.5,34.7,20.6,34.86,10.7,762.25,54.5,4.5,40.0,1.7,21.69620216591284,21.69620216591284,50
20,21.7,35.2225,21.8566666666667,32.9,22.39,34.9,22.39,33.0957142857143,20.1,39.7,13.1666666666667,1.0,20.6,27.89,21.5,34.79,20.6,34.845,10.5666666666667,762.266666666667,55.0,4.66666666666667,40.0,1.7,45.383114134892814,45.383114134892814,60
20,21.7,35.43,21.73,32.9666666666667,22.39,34.9,22.39,33.44,20.1,39.7,13.19,1.23333333333333,20.6,27.952857142857095,21.5,34.79,20.6,34.73,10.4333333333333,762.283333333333,55.5,4.8333333333333295,40.0,1.7,12.289748003240675,12.289748003240675,70
20,21.7,35.5,21.7,33.2,22.39,34.8266666666667,22.39,33.6528571428571,20.1,39.7,13.3966666666667,1.69333333333333,20.6,28.02,21.445,34.8,20.6,34.8633333333333,10.3,762.2999999999998,56.0,5.0,40.0,1.7,45.024233404546976,45.024233404546976,70
10,21.7,35.5,21.6333333333333,33.1266666666667,22.39,34.79,22.412,33.876,20.1,39.6266666666667,13.7566666666667,1.73333333333333,20.6,28.1285714285714,21.39,34.8266666666667,20.566666666666695,34.7,10.4333333333333,762.283333333333,55.5,5.0,40.0,1.7,8.123555860947818,8.123555860947818,70
20,21.7,35.6266666666667,21.6,33.23,22.39,34.79,22.4214285714286,33.9285714285714,20.1,39.56,14.09,1.92666666666667,20.6,28.29,21.39,34.9,20.566666666666695,34.8333333333333,10.5666666666667,762.266666666667,55.0,5.0,40.0,1.7,19.794876605737954,19.794876605737954,60
20,21.7,35.7,21.575,33.3175,22.39,34.79,22.5,34.0,20.1666666666667,39.5,14.36,1.0,20.6,28.375714285714295,21.4266666666667,34.9333333333333,20.6,35.1933333333333,10.7,762.25,54.5,5.0,40.0,1.7,19.559731741901487,19.559731741901487,60
20,21.7,35.73,21.5,33.4,22.39,34.79,22.5,34.0128571428571,20.1,39.4666666666667,14.1,1.0,20.6,28.39,21.4266666666667,34.9333333333333,20.6,35.4666666666667,10.8333333333333,762.233333333333,54.0,5.0,40.0,1.7,32.68387558637187,32.68387558637187,70
20,21.7,35.8633333333333,21.3566666666667,33.5,22.39,34.79,22.5,34.054,20.1,39.4,13.59,1.63333333333333,20.6,28.4214285714286,21.463333333333296,35.06,20.566666666666695,35.3633333333333,10.9666666666667,762.216666666667,53.5,5.0,40.0,1.7,37.64002155512571,37.64002155512571,90
10,21.7,36.0,21.29,33.8333333333333,22.39,34.8633333333333,22.5,34.1214285714286,20.1,39.4,13.39,1.96,20.6,28.5,21.39,35.1333333333333,20.5,35.23,11.1,762.2,53.0,5.0,40.0,1.7,5.787619703914969,5.787619703914969,90
20,21.7,36.0,21.29,33.9333333333333,22.39,34.9,22.5,34.5,20.1,39.4,13.5,1.19333333333333,20.6,28.437142857142895,21.5,35.4333333333333,20.6,35.36,11.1666666666667,762.1833333333329,53.16666666666671,5.0,40.0,1.8,17.974586505442858,17.974586505442858,110
20,21.7,36.03,21.29,34.06,22.39,34.9,22.5875,34.475,20.2,39.4,13.5666666666667,1.0,20.6,28.39,21.566666666666695,35.56,20.533333333333296,35.4333333333333,11.2333333333333,762.1666666666669,53.33333333333329,5.0,40.0,1.9,35.18042762298137,35.18042762298137,120
10,21.7,36.1633333333333,21.2,34.0,22.4266666666667,34.9333333333333,22.6,34.4428571428571,20.2,39.3266666666667,13.4633333333333,1.0,20.6,28.39,21.79,35.59,20.533333333333296,35.53,11.3,762.15,53.5,5.0,40.0,2.0,40.394020080566406,40.394020080566406,130
20,21.7,36.29,21.2,34.0,22.5,35.0,22.6,34.316,20.23,39.29,13.39,1.0,20.6,28.29,21.8566666666667,35.7233333333333,20.533333333333296,35.7966666666667,11.3666666666667,762.1333333333331,53.66666666666671,5.0,40.0,2.1,46.81853740476072,46.81853740476072,530
20,21.7,36.5633333333333,21.1,34.2333333333333,22.5,35.0,22.6,34.2257142857143,20.365,39.29,13.095,1.0,20.6857142857143,28.2385714285714,22.033333333333296,35.73,20.566666666666695,36.03,11.4333333333333,762.116666666667,53.83333333333329,5.0,40.0,2.2,28.538181295152757,28.538181295152757,600
10,21.89,38.463333333333296,20.5,36.4,22.5,36.29,22.6,35.254,21.163333333333295,78.48999999999998,9.09,4.86,20.5,27.5,22.533333333333296,37.03,20.29,32.0233333333333,10.3,762.5,56.0,6.0,40.0,1.9,13.481570908334106,13.481570908334106,130
20,21.89,38.223333333333294,20.4266666666667,36.3266666666667,22.5,36.23,22.6,35.1371428571429,20.89,78.4266666666667,8.75666666666667,5.46666666666667,20.5,27.5,22.6,37.1633333333333,20.29,31.823333333333295,9.96666666666667,762.5666666666668,57.16666666666671,5.5,40.0,1.8333333333333297,5.152366345282644,5.152366345282644,120
20,21.89,38.09,20.3566666666667,36.4,22.5,36.1633333333333,22.6,34.976,20.89,76.96666666666668,8.39666666666667,6.133333333333329,20.5,27.5,22.6333333333333,37.1266666666667,20.29,31.6666666666667,9.633333333333328,762.6333333333331,58.33333333333329,5.0,40.0,1.76666666666667,0.2820185269229114,0.2820185269229114,130
20,21.89,37.9666666666667,20.29,36.3266666666667,22.4266666666667,36.03,22.6,34.6214285714286,20.76,72.3633333333333,8.063333333333329,6.73333333333333,20.5,27.5,22.7,37.2,20.29,31.533333333333296,9.3,762.7,59.5,4.5,40.0,1.7,4.02124272659421,4.02124272659421,130
20,21.89,37.7666666666667,20.26,36.223333333333294,22.463333333333296,35.9666666666667,22.6,34.4,20.7,68.3633333333333,7.73,7.36,20.4057142857143,27.4057142857143,22.7,37.06,20.26,31.3566666666667,8.96666666666667,762.766666666667,60.66666666666671,4.0,40.0,1.63333333333333,39.5302614197135,39.5302614197135,120
10,21.8566666666667,37.6633333333333,20.2,36.09,22.39,35.8266666666667,22.6,34.2928571428571,20.6,64.6266666666667,7.4725,8.324999999999998,20.39,27.39,22.7,37.0,20.2,31.23,8.63333333333333,762.8333333333329,61.83333333333329,3.5,40.0,1.56666666666667,27.912991563789543,27.912991563789543,120
10,21.8566666666667,37.59,20.066666666666695,36.06,22.39,35.79,22.6,34.2,20.6,62.16666666666671,7.16,8.93333333333333,20.39,27.39,22.79,36.863333333333294,20.2,31.1,8.3,762.9,63.0,3.0,40.0,1.5,32.49116213992238,32.49116213992238,110
10,21.79,37.4,20.0,36.06,22.39,35.76,22.6,34.2642857142857,20.55,59.05,6.593333333333329,9.93333333333333,20.39,27.5,22.79,36.73,20.2,31.033333333333296,8.08333333333333,762.966666666667,63.5,2.8333333333333295,40.0,1.41666666666667,10.447505046613514,10.447505046613514,60
0,21.79,37.26,19.963333333333296,36.463333333333296,22.39,35.6266666666667,22.6,34.2,20.6,57.0266666666667,6.3333333333333295,11.0666666666667,20.39,27.752857142857096,22.79,36.86,20.2,31.393333333333295,7.866666666666669,763.033333333333,64.0,2.66666666666667,40.0,1.33333333333333,44.22983133699745,44.22983133699745,50
0,21.79,37.3266666666667,19.89,36.723333333333294,22.5,35.79,22.6,34.1371428571429,20.6,56.433333333333294,6.19,11.89,20.39,28.02,22.79,37.393333333333295,20.2,31.866666666666696,7.65,763.1,64.5,2.5,40.0,1.25,23.055207927245647,23.055207927245647,50
0,21.79,37.4,19.8566666666667,36.9,22.5,35.79,22.525,34.13125,20.5,56.1,6.1233333333333295,11.9633333333333,20.39,28.1971428571429,22.79,38.09666666666671,20.2,32.53,7.43333333333333,763.1666666666669,65.0,2.3333333333333295,40.0,1.16666666666667,1.5032507828436792,1.5032507828436792,60
0,21.76,37.5,19.73,36.9666666666667,22.5,35.9333333333333,22.5,34.156,20.566666666666695,55.5666666666667,6.19,12.5666666666667,20.39,28.434,22.79,38.43,20.2,32.99,7.21666666666667,763.233333333333,65.5,2.16666666666667,40.0,1.08333333333333,41.85314991045743,41.85314991045743,40
0,21.7,37.5,19.7,37.0666666666667,22.566666666666695,36.0,22.5,34.2,20.566666666666695,54.8266666666667,6.1233333333333295,12.6266666666667,20.4214285714286,28.6,22.79,38.86,20.2,33.5666666666667,7.0,763.2999999999998,66.0,2.0,40.0,1.0,24.856197647750378,24.856197647750378,30
10,21.7,37.4666666666667,19.6333333333333,37.26,22.5,36.0,22.39,34.09,20.5,54.9,5.93333333333333,12.7,20.39,28.7,22.79,39.19333333333329,20.2,33.8975,6.8333333333333295,763.366666666667,66.6666666666667,2.0,40.0,0.9833333333333328,29.98405140824616,29.98405140824616,30
0,21.7,37.4,19.566666666666695,37.53,22.5,36.0,22.39,34.09,20.463333333333296,54.723333333333294,5.72666666666667,13.1,20.39,28.7257142857143,22.79,39.5666666666667,20.2,34.1633333333333,6.66666666666667,763.4333333333329,67.3333333333333,2.0,40.0,0.966666666666667,32.78900731820613,32.78900731820613,30
0,21.6333333333333,37.3266666666667,19.5,37.6633333333333,22.5,36.0,22.39,34.09,20.39,54.463333333333296,5.56,13.5933333333333,20.39,28.89,22.79,39.8975,20.2,34.4333333333333,6.5,763.5,68.0,2.0,40.0,0.95,34.36058465158567,34.36058465158567,50
0,21.6,37.26,19.463333333333296,37.8266666666667,22.5,36.06,22.3614285714286,34.09,20.39,54.1333333333333,5.5,14.3333333333333,20.39,28.952857142857095,22.79,40.2966666666667,20.2,34.6333333333333,6.3333333333333295,763.5666666666668,68.6666666666667,2.0,40.0,0.933333333333333,24.110514880158007,24.110514880158007,50
0,21.6,37.2,19.39,37.9,22.5,36.1266666666667,22.29,34.09,20.39,53.86,5.5,15.0266666666667,20.39,29.06,22.79,40.6566666666667,20.2,34.86,6.16666666666667,763.6333333333331,69.3333333333333,2.0,40.0,0.9166666666666669,43.632730399258435,43.632730399258435,60
0,21.6,37.2,19.29,38.145,22.5,36.2,22.29,34.09,20.3566666666667,53.5266666666667,5.5,15.6333333333333,20.39,29.1,22.73,40.93,20.2,35.1333333333333,6.0,763.7,70.0,2.0,40.0,0.9,15.087687398772687,15.087687398772687,50
0,21.533333333333296,37.2,19.26,38.29,22.5,36.29,22.29,34.09,20.29,53.19333333333329,5.6233333333333295,16.3333333333333,20.39,29.2,22.7,41.09,20.2,35.4633333333333,6.06666666666667,763.7,70.6666666666667,2.0,40.0,1.1,22.22151538589969,22.22151538589969,60
0,21.5,37.2,19.2,38.363333333333294,22.5,36.29,22.2257142857143,34.09,20.29,52.83333333333329,5.69,16.8666666666667,20.39,29.2514285714286,22.6333333333333,41.03,20.26,35.7233333333333,6.133333333333329,763.7,71.3333333333333,2.0,40.0,1.3,46.65159522555768,46.65159522555768,50
0,21.5,37.2,19.1666666666667,38.433333333333294,22.5,36.29,22.2,34.09,20.29,52.5666666666667,5.745,17.59,20.39,29.31,22.566666666666695,41.1566666666667,20.2,35.9333333333333,6.2,763.7,72.0,2.0,40.0,1.5,40.157146996352814,40.157146996352814,60
0,21.5,37.2,19.1,38.56,22.566666666666695,36.29,22.1857142857143,34.09,20.29,52.223333333333294,5.93333333333333,18.23,20.39,29.4685714285714,22.5,41.363333333333294,20.2,36.06,6.26666666666667,763.7,72.6666666666667,2.0,40.0,1.7,45.08547737495974,45.08547737495974,40
0,21.5,37.2,19.0,38.6266666666667,22.6,36.29,22.14,34.112,20.29,51.963333333333296,6.0,18.5633333333333,20.33,29.5,22.5,41.5666666666667,20.23,36.39,6.3333333333333295,763.7,73.3333333333333,2.0,40.0,1.9,34.95295407483354,34.95295407483354,50
0,21.463333333333296,37.1633333333333,19.0,38.76,22.533333333333296,36.363333333333294,22.1,34.2,20.2,51.56,6.19,19.066666666666695,20.39,29.5625,22.5,41.76,20.29,36.6633333333333,6.4,763.7,74.0,2.0,40.0,2.1,42.61163920164108,42.61163920164108,50
0,21.39,37.09,18.89,38.8266666666667,22.6,36.4,22.1,34.2,20.2,51.36,6.263333333333329,19.26,20.3042857142857,29.6571428571429,22.39,41.8266666666667,20.2,36.86,6.51666666666667,763.716666666667,73.6666666666667,2.16666666666667,40.0,2.15,39.69620920252055,39.69620920252055,40
0,21.39,37.1266666666667,18.89,38.9,22.6,36.4,22.1,34.212857142857104,20.2,50.995,6.3,19.533333333333296,20.29,29.7,22.39,41.9666666666667,20.26,37.1333333333333,6.633333333333329,763.733333333333,73.3333333333333,2.3333333333333295,40.0,2.2,30.50642260350287,30.50642260350287,60
0,21.39,37.2,18.89,39.0,22.6,36.4,22.08,34.236,20.2,50.723333333333294,6.3,19.533333333333296,20.29,29.764285714285695,22.39,42.23,20.29,37.36,6.75,763.75,73.0,2.5,40.0,2.25,31.27570217475295,31.27570217475295,50
0,21.39,37.2,18.823333333333295,39.0,22.6,36.4666666666667,22.042857142857095,34.2385714285714,20.2,50.53,6.4,19.86,20.29,29.79,22.39,42.43,20.23,37.5,6.86666666666667,763.766666666667,72.6666666666667,2.66666666666667,40.0,2.3,7.501765061169863,7.501765061169863,60
0,21.323333333333295,37.2,18.79,39.03,22.6,36.4666666666667,22.0,34.2,20.2,50.363333333333294,6.3333333333333295,20.26,20.29,29.847142857142895,22.29,42.6266666666667,20.29,37.7666666666667,6.98333333333333,763.783333333333,72.3333333333333,2.8333333333333295,40.0,2.35,36.641483556013554,36.641483556013554,60
0,21.29,37.2,18.79,39.09,22.6,36.5,22.0,34.2514285714286,20.2,50.1566666666667,6.4,20.8333333333333,20.29,29.912,22.29,42.96,20.29,37.9666666666667,7.1,763.7999999999998,72.0,3.0,40.0,2.4,21.749479940626767,21.749479940626767,50
0,21.29,37.2,18.76,39.2,22.6666666666667,36.56,22.0,34.29,20.1333333333333,49.93,6.4,21.5,20.29,30.0,22.29,43.23,20.29,38.1566666666667,7.01666666666667,763.8333333333329,72.8333333333333,2.8333333333333295,40.0,2.4666666666666694,44.65031037107111,44.65031037107111,50
0,21.29,37.23,18.7,39.26,22.6,36.5,22.0,34.29,20.1333333333333,49.79,6.4,22.7,20.29,30.1,22.29,43.363333333333294,20.29,38.3975,6.93333333333333,763.866666666667,73.6666666666667,2.66666666666667,40.0,2.53333333333333,28.79135296680033,28.79135296680033,30
0,21.29,37.29,18.7,39.4,22.6,36.56,21.934,34.4,20.1,49.6633333333333,6.4,23.6266666666667,20.29,30.1,22.29,43.433333333333294,20.29,38.56,6.85,763.9,74.5,2.5,40.0,2.6,28.300207469146695,28.300207469146695,20
0,21.23,37.23,18.7,39.4666666666667,22.6,36.5,22.0,34.4142857142857,20.1,49.53,6.4,24.8633333333333,20.29,30.12,22.29,43.5,20.29,38.7,6.76666666666667,763.9333333333329,75.3333333333333,2.3333333333333295,40.0,2.66666666666667,12.01640621293336,12.01640621293336,30
0,21.2,37.2,18.7,39.59,22.6,36.56,21.934,34.5,20.1,49.363333333333294,6.46666666666667,25.93,20.29,30.2,22.29,43.5,20.29,38.76,6.68333333333333,763.966666666667,76.1666666666667,2.16666666666667,40.0,2.7333333333333294,17.006790032610297,17.006790032610297,50
0,21.2,37.26,18.7,39.59,22.5,36.59,21.89,34.53375,20.1,49.23,6.46666666666667,27.1,20.29,30.29,22.29,43.4666666666667,20.29,38.933333333333294,6.6,764.0,77.0,2.0,40.0,2.8,3.914627351332456,3.914627351332456,50
0,21.2,37.29,18.65,39.645,22.5,36.59,21.89,34.59,20.1,49.06,6.46666666666667,27.7666666666667,20.29,30.347142857142895,22.29,43.4,20.29,39.0,6.56666666666667,764.0,77.8333333333333,2.16666666666667,40.0,2.93333333333333,48.568509961478405,48.568509961478405,60
0,21.1,38.5666666666667,22.26,37.6333333333333,22.0,35.8266666666667,21.9214285714286,35.4,19.7,42.33333333333329,9.823333333333329,22.666666666666696,20.042857142857095,30.6857142857143,21.23,38.6266666666667,20.39,36.6333333333333,7.1,768.0,78.6666666666667,4.3333333333333295,29.3333333333333,3.53333333333333,14.89154298324138,14.89154298324138,70
20,22.5,33.3266666666667,21.23,32.5,23.5,35.76,22.9175,32.925,21.26,72.09999999999998,10.4266666666667,2.42333333333333,22.1,29.12,22.79,36.933333333333294,20.1,35.3266666666667,10.7333333333333,764.5,54.33333333333329,4.3333333333333295,40.0,1.66666666666667,33.43428653897717,33.43428653897717,110
10,22.5,33.4666666666667,21.1666666666667,32.6266666666667,23.39,35.73,23.0,33.09,21.1333333333333,68.7666666666667,10.09,2.7933333333333294,22.0285714285714,29.1285714285714,22.865,37.095,20.1,35.0266666666667,10.2166666666667,764.5,56.16666666666671,4.16666666666667,40.0,1.68333333333333,37.13805211009458,37.13805211009458,120
20,22.5,33.53,21.1,32.8333333333333,23.323333333333295,35.79,22.9842857142857,32.94,21.0,65.56,9.83,3.6666666666666705,22.0,29.16,22.89,37.26,20.1,34.7666666666667,9.7,764.5,58.0,4.0,40.0,1.7,5.525635345838964,5.525635345838964,80
10,22.5,33.59,21.0,32.8266666666667,23.26,35.8633333333333,22.934,32.772,20.9266666666667,63.56,9.62666666666667,3.9966666666666706,22.0,29.1428571428571,22.89,37.3266666666667,20.1,34.4,9.65,764.533333333333,57.66666666666671,4.16666666666667,40.0,1.6,38.72867180034518,38.72867180034518,110
20,22.5,33.6266666666667,21.0,32.9666666666667,23.2,35.79,22.89,32.6528571428571,20.8566666666667,60.83333333333329,9.42666666666667,4.59666666666667,21.978,29.18,22.89,37.3266666666667,20.1,34.1266666666667,9.6,764.5666666666668,57.33333333333329,4.3333333333333295,40.0,1.5,20.479727431666102,20.479727431666102,80
10,22.5,33.7,20.8566666666667,33.1633333333333,23.2,35.79,23.0,32.834,20.79,59.033333333333296,9.16,5.16,21.89,29.2957142857143,22.8566666666667,37.3266666666667,20.1,33.9666666666667,9.55,764.6,57.0,4.5,40.0,1.4,30.902024405077096,30.902024405077096,70
0,22.5,33.8266666666667,20.8566666666667,33.2966666666667,23.1666666666667,35.8266666666667,22.9842857142857,32.9714285714286,20.79,57.533333333333296,8.96,5.633333333333329,21.89,29.736,22.79,37.5266666666667,20.1,34.0725,9.5,764.6333333333331,56.66666666666671,4.66666666666667,40.0,1.3,45.07691202452406,45.07691202452406,50
0,22.4266666666667,33.8266666666667,20.76,33.6266666666667,23.1,35.9,22.89,32.9,20.7225,56.925,8.76333333333333,6.6,21.89,30.01,22.89,37.963333333333296,20.1,35.0566666666667,9.45,764.6666666666669,56.33333333333329,4.8333333333333295,40.0,1.2,15.28214729623869,15.28214729623869,50
0,22.39,33.8633333333333,20.7,33.8333333333333,23.1,35.9333333333333,22.89,32.9,20.7,56.6266666666667,8.76333333333333,7.2,21.87,30.274,22.89,38.1633333333333,20.1,35.8,9.4,764.7,56.0,5.0,40.0,1.1,1.6905427677556872,1.6905427677556872,50
0,22.39,33.8633333333333,20.6,34.0666666666667,23.1,36.0,22.89,32.9,20.6,56.223333333333294,8.8,7.495,21.79,30.4971428571429,22.89,38.433333333333294,20.1,36.1333333333333,9.31666666666667,764.6666666666669,56.66666666666671,5.0,40.0,1.16666666666667,23.430140595883127,23.430140595883127,50
0,22.39,33.9,20.6,34.3333333333333,23.066666666666695,36.0,22.8042857142857,32.7671428571429,20.6,55.963333333333296,8.56666666666667,8.13333333333333,21.83,30.7,22.823333333333295,38.5,20.1,36.433333333333294,9.233333333333329,764.6333333333331,57.33333333333329,5.0,40.0,1.23333333333333,40.4390433919616,40.4390433919616,60
0,22.39,33.9666666666667,20.5,34.53,23.0,36.0,22.79,32.79,20.6,55.6333333333333,8.5,9.0,21.8042857142857,30.9114285714286,22.79,38.5,20.1,36.56,9.15,764.6,58.0,5.0,40.0,1.3,37.9781547235325,37.9781547235325,40
0,22.29,34.09,20.4266666666667,34.6633333333333,23.0,36.09,22.79,32.8214285714286,20.6,55.36,8.5,9.36666666666667,21.79,31.138,22.73,38.56,20.1,36.8266666666667,9.06666666666667,764.5666666666668,58.66666666666671,5.0,40.0,1.36666666666667,4.422057105693966,4.422057105693966,60
0,22.29,34.1633333333333,20.3566666666667,34.86,23.0,36.09,22.79,32.9,20.566666666666695,55.0266666666667,8.42666666666667,9.7,21.79,31.29,22.7,38.73,20.1,36.9666666666667,8.983333333333329,764.533333333333,59.33333333333329,5.0,40.0,1.43333333333333,25.354782328940928,25.354782328940928,60
0,22.29,34.23,20.29,35.06,22.9266666666667,36.09,22.7128571428571,32.9571428571429,20.5,54.69333333333329,8.43333333333333,10.0633333333333,21.79,31.434,22.7,38.863333333333294,20.1,37.1266666666667,8.9,764.5,60.0,5.0,40.0,1.5,21.214924613013864,21.214924613013864,50
0,22.29,34.3175,20.26,35.29,22.9266666666667,36.09,22.7,33.0,20.5,54.2966666666667,8.3,10.5966666666667,21.79,31.625,22.6,39.0666666666667,20.1,37.26,8.76666666666667,764.5,60.66666666666671,4.8333333333333295,40.0,1.51666666666667,0.7070447318255901,0.7070447318255901,60
0,22.23,34.3266666666667,20.2,35.3975,22.89,36.09,22.6714285714286,32.9714285714286,20.5,53.963333333333296,8.26333333333333,11.0633333333333,21.7128571428571,31.8085714285714,22.6,39.26,20.1,37.3266666666667,8.63333333333333,764.5,61.33333333333329,4.66666666666667,40.0,1.53333333333333,15.139997284859419,15.139997284859419,40
0,22.2,34.29,20.1333333333333,35.6333333333333,22.89,36.1633333333333,22.6,32.9,20.5,53.5266666666667,8.13,11.19,21.7,31.996,22.6,39.6266666666667,20.1,37.4,8.5,764.5,62.0,4.5,40.0,1.55,32.84191918792203,32.84191918792203,50
0,22.2,34.3633333333333,20.1,35.8266666666667,22.8566666666667,36.2,22.6,32.9571428571429,20.4266666666667,53.1333333333333,8.0,11.7566666666667,21.7,32.2257142857143,22.533333333333296,39.83333333333329,20.1,37.4,8.36666666666667,764.5,62.66666666666671,4.3333333333333295,40.0,1.56666666666667,2.5245399447157975,2.5245399447157975,20
0,22.2,34.4333333333333,20.033333333333296,35.9,22.79,36.2,22.6,33.0,20.39,52.6333333333333,7.866666666666669,12.03,21.7,32.4,22.5,40.1566666666667,20.1,37.4666666666667,8.233333333333329,764.5,63.33333333333329,4.16666666666667,40.0,1.58333333333333,40.959860768634826,40.959860768634826,30
0,22.2,34.5,20.0,36.0,22.76,36.1266666666667,22.5714285714286,33.0,20.39,52.36,7.526666666666671,12.6566666666667,21.7,32.5528571428571,22.5,40.47,20.1333333333333,37.59,8.099999999999998,764.5,64.0,4.0,40.0,1.6,16.809026000555605,16.809026000555605,30
0,22.1666666666667,34.53,19.9266666666667,36.06,22.7,36.2,22.5,33.0,20.39,52.06,7.4,13.4633333333333,21.7,32.718,22.4266666666667,40.59,20.1333333333333,37.6633333333333,8.03333333333333,764.5,64.5,4.0,40.0,1.65,2.203635883051902,2.203635883051902,60
0,22.1,34.59,19.89,36.1266666666667,22.7,36.2,22.5,33.0,20.39,51.86,7.263333333333329,13.93,21.7,32.8685714285714,22.39,40.933333333333294,20.1333333333333,37.73,7.96666666666667,764.5,65.0,4.0,40.0,1.7,36.77555826725438,36.77555826725438,60
0,22.1,34.59,19.823333333333295,36.1266666666667,22.7,36.2,22.5,33.0,20.39,51.56,7.06333333333333,14.4633333333333,21.7,33.0,22.39,41.06,20.2,37.79,7.9,764.5,65.5,4.0,40.0,1.75,24.96303056832403,24.96303056832403,60
0,22.1,34.6633333333333,19.79,36.23,22.7,36.2,22.4685714285714,32.9714285714286,20.39,51.433333333333294,6.763333333333329,15.7,21.7,33.0,22.39,41.1266666666667,20.2,37.9,7.8333333333333295,764.5,66.0,4.0,40.0,1.8,27.997418853919957,27.997418853919957,50
0,22.1,34.7,19.73,36.363333333333294,22.7,36.2,22.39,32.9,20.29,51.1633333333333,6.6233333333333295,16.9,21.7,33.018,22.39,41.26,20.2,37.925,7.76666666666667,764.5,66.5,4.0,40.0,1.85,48.921153240371495,48.921153240371495,50
0,22.1,34.7,19.7,36.433333333333294,22.7,36.2,22.39,32.9285714285714,20.29,51.03,6.59,18.4,21.6714285714286,33.09,22.323333333333295,41.4,20.2,38.0,7.7,764.5,67.0,4.0,40.0,1.9,15.288869722280651,15.288869722280651,40
0,22.0,34.7,19.7,36.5,22.7,36.2,22.39,33.0,20.29,50.845,6.62666666666667,18.596666666666696,21.7,33.156,22.323333333333295,41.4666666666667,20.2,38.09,7.55,764.4333333333329,67.8333333333333,4.0,40.0,1.93333333333333,6.574112712405622,6.574112712405622,50
0,22.0,34.7,19.6,36.53,22.7,36.26,22.37,33.0,20.29,50.6633333333333,6.43333333333333,19.0633333333333,21.6428571428571,33.1214285714286,22.3566666666667,41.59,20.2,38.1633333333333,7.4,764.366666666667,68.6666666666667,4.0,40.0,1.9666666666666697,15.898324456065891,15.898324456065891,50
0,22.0,34.7,19.6,36.6633333333333,22.7,36.2,22.3185714285714,33.0,20.23,50.463333333333296,6.46666666666667,19.6333333333333,21.6,33.09,22.29,41.59,20.2,38.23,7.25,764.2999999999998,69.5,4.0,40.0,2.0,6.843536358792335,6.843536358792335,60
0,22.0,34.76,19.5,36.73,22.7,36.26,22.29,33.0,20.29,50.363333333333294,6.4,19.8266666666667,21.6,33.1214285714286,22.29,41.59,20.1333333333333,38.29,7.1,764.233333333333,70.3333333333333,4.0,40.0,2.03333333333333,10.107538604643196,10.107538604643196,60
0,21.963333333333296,34.79,19.4266666666667,36.79,22.79,36.29,22.29,33.0,20.23,50.23,6.46666666666667,20.4933333333333,21.6,33.236,22.29,41.6633333333333,20.2,38.4,6.95,764.1666666666669,71.1666666666667,4.0,40.0,2.06666666666667,10.360147606115788,10.360147606115788,60
0,21.89,34.8633333333333,19.39,36.9,22.8566666666667,36.363333333333294,22.29,33.054,20.2,50.06,6.4,20.566666666666695,21.6,33.29,22.23,41.53,20.2,38.4,6.8,764.1,72.0,4.0,40.0,2.1,32.91336111724377,32.91336111724377,50
0,21.89,34.9,19.39,36.9666666666667,22.89,36.53,22.264285714285695,33.0642857142857,20.2,50.0,6.263333333333329,20.2666666666667,21.6,33.29,22.29,41.6633333333333,20.2,38.433333333333294,6.8,764.016666666667,71.8333333333333,4.0,40.0,2.06666666666667,3.046118386555463,3.046118386555463,50
0,21.89,34.9,19.39,37.03,22.89,36.59,22.2,33.036,20.2,49.863333333333294,6.1233333333333295,21.06,21.6,33.29,22.23,41.5,20.2,38.5,6.8,763.9333333333329,71.6666666666667,4.0,40.0,2.03333333333333,4.029012413229792,4.029012413229792,40
0,21.89,35.0,19.315,37.195,22.89,36.59,22.2,33.09,20.2,49.73,6.06,22.2933333333333,21.6,33.334,22.23,41.36,20.2,38.53,6.8,763.85,71.5,4.0,40.0,2.0,48.379783506970846,48.379783506970846,50
0,21.89,35.0,19.29,37.29,22.89,36.6633333333333,22.2,33.09,20.1666666666667,49.6633333333333,6.0,23.166666666666696,21.5714285714286,33.537142857142896,22.2,41.26,20.2,38.59,6.8,763.766666666667,71.3333333333333,4.0,40.0,1.9666666666666697,33.74818065203726,33.74818065203726,50
0,21.823333333333295,35.0,19.29,37.3266666666667,22.9266666666667,36.7,22.2,33.09,20.1,49.59,5.86666666666667,23.2933333333333,21.6,33.612,22.2,41.2,20.2,38.6266666666667,6.8,763.6833333333329,71.1666666666667,4.0,40.0,1.93333333333333,26.90485743805766,26.90485743805766,50
10,21.79,35.0,19.23,37.4,22.9266666666667,36.76,22.2,33.09,20.1333333333333,49.5,5.86666666666667,24.2933333333333,21.5571428571429,33.6214285714286,22.2,41.2,20.2,38.76,6.8,763.6,71.0,4.0,40.0,1.9,7.1233563823625445,7.1233563823625445,60
0,21.79,35.0,19.2,37.4,23.0,36.79,22.1142857142857,33.09,20.1333333333333,49.433333333333294,5.8,24.956666666666695,21.5,33.59,22.2,41.2,20.2,38.8266666666667,6.8,763.5666666666668,71.1666666666667,4.0,38.16666666666669,1.93333333333333,47.343720169737935,47.343720169737935,50
0,21.79,35.0,19.1333333333333,37.4666666666667,23.0,36.79,22.1,33.156,20.1666666666667,49.363333333333294,5.72666666666667,25.623333333333296,21.5,33.59,22.2,41.09,20.2,38.9,6.8,763.533333333333,71.3333333333333,4.0,36.33333333333329,1.9666666666666697,29.011489369440824,29.011489369440824,40
0,21.79,35.06,19.1,37.59,23.0,36.79,22.1,33.2,20.1,49.23,5.52666666666667,25.663333333333295,21.5,33.7175,22.1,41.09,20.2,38.9,6.8,763.5,71.5,4.0,34.5,2.0,20.830820023547854,20.830820023547854,30
0,21.76,35.09,19.1,37.59,23.0,36.79,22.1,33.2,20.1,49.2,5.3333333333333295,26.5233333333333,21.5,33.856,22.1666666666667,41.03,20.2,38.9666666666667,6.8,763.466666666667,71.6666666666667,4.0,32.66666666666669,2.03333333333333,36.67529661906883,36.67529661906883,30
0,21.7,35.1633333333333,19.066666666666695,37.7,22.945,36.9,22.1,33.2,20.1,49.1266666666667,5.245,27.995,21.5,33.9,22.066666666666695,41.0,20.2,39.0,6.8,763.4333333333329,71.8333333333333,4.0,30.8333333333333,2.06666666666667,7.610436959657817,7.610436959657817,30
0,21.7,35.2,19.0,37.7,22.89,37.0,22.08,33.236,20.1,49.06,5.02666666666667,28.4666666666667,21.5,34.0,22.066666666666695,41.1333333333333,20.2,39.0675,6.8,763.4,72.0,4.0,29.0,2.1,23.457660153508183,23.457660153508183,60
0,21.7,35.2,19.0,37.79,22.89,37.0,22.0,33.2,20.1,49.0,4.69333333333333,28.3266666666667,21.5,34.0514285714286,22.0,41.1266666666667,20.2,39.09,6.6,763.4,72.6666666666667,3.8333333333333295,29.0,2.0166666666666706,36.709582956973456,36.709582956973456,40
0,21.7,35.23,18.9266666666667,37.79,22.89,37.0,22.0,33.2,20.1,49.0,4.36666666666667,30.19,21.5,34.052,22.066666666666695,41.26,20.2,39.2,6.4,763.4,73.3333333333333,3.6666666666666705,29.0,1.93333333333333,29.202588601037856,29.202588601037856,60
0,21.7,35.29,18.89,37.8266666666667,22.89,37.0,22.0,33.2,20.1,48.9,4.22666666666667,30.93,21.5,33.9714285714286,22.0,41.1633333333333,20.2,39.2,6.2,763.4,74.0,3.5,29.0,1.85,41.893278632778674,41.893278632778674,50
0,21.6666666666667,35.26,18.89,37.9,22.89,37.0,22.0,33.2,20.033333333333296,48.7666666666667,4.19,32.9333333333333,21.5,34.0,22.0,41.1633333333333,20.2,39.23,6.0,763.4,74.6666666666667,3.3333333333333295,29.0,1.76666666666667,0.5223237792961299,0.5223237792961299,60
0,21.6,35.2,18.8566666666667,37.9666666666667,22.89,37.0,22.0,33.2,20.033333333333296,48.7,4.263333333333329,34.2666666666667,21.437142857142895,34.0114285714286,22.066666666666695,41.1633333333333,20.2,39.29,5.8,763.4,75.3333333333333,3.16666666666667,29.0,1.68333333333333,20.025666896253824,20.025666896253824,50
0,21.6,35.29,18.79,37.9,22.89,37.06,22.0,33.2,20.033333333333296,48.7,4.4,34.8,21.39,33.96,22.0,41.09,20.2,39.4,5.6,763.4,76.0,3.0,29.0,1.6,9.001214941963553,9.001214941963553,60
0,21.6,35.29,18.79,38.03,22.89,37.06,22.0,33.25625,20.0,48.293333333333294,4.4,34.6,21.437142857142895,34.0385714285714,22.0,41.09,20.2,39.4,5.3333333333333295,763.3833333333331,77.0,2.8333333333333295,29.0,1.51666666666667,23.782047233544287,23.782047233544287,80
0,21.6,35.9266666666667,18.79,38.4966666666667,22.8566666666667,36.9,21.9214285714286,33.29,20.066666666666695,47.033333333333296,4.36666666666667,35.2,21.39,33.96,22.0,41.09,20.2,39.4,5.06666666666667,763.366666666667,78.0,2.66666666666667,29.0,1.43333333333333,2.8505571302957833,2.8505571302957833,60
20,21.6,36.46,18.7,39.3,22.79,36.5666666666667,21.934,33.376,20.1,45.96,4.36666666666667,35.66666666666669,21.39,33.9,22.0,41.1266666666667,20.2,39.4,4.8,763.35,79.0,2.5,29.0,1.35,8.59451781725511,8.59451781725511,60
0,21.5,36.9,19.6333333333333,39.3,22.7,35.76,21.956,34.29,20.0,46.6266666666667,8.89333333333333,24.596666666666696,21.29,32.754,21.7,39.59,20.23,37.59,6.55,762.866666666667,77.5,3.16666666666667,26.3333333333333,2.85,38.204240158665925,38.204240158665925,50
0,21.5,36.9666666666667,20.163333333333295,38.5933333333333,22.7,35.6266666666667,22.0,34.3214285714286,20.0,46.5,9.5,20.596666666666696,21.29,32.7,21.7,39.4666666666667,20.29,37.53,6.9,762.8333333333329,76.0,3.3333333333333295,26.666666666666696,2.9,10.787439718842506,10.787439718842506,50
0,21.5,37.03,20.43,38.0666666666667,22.7,35.59,22.04,34.44,20.0,46.433333333333294,9.75666666666667,17.8666666666667,21.272,32.616,21.7,39.4,20.29,37.4,7.25,762.7999999999998,74.5,3.5,27.0,2.95,1.7151543172076344,1.7151543172076344,50
0,21.5,37.09,20.533333333333296,37.863333333333294,22.7,35.59,22.1,34.5514285714286,20.0,46.29,10.03,16.9333333333333,21.2385714285714,32.5385714285714,21.6,39.26,20.3566666666667,37.4666666666667,7.599999999999999,762.766666666667,73.0,3.6666666666666705,27.3333333333333,3.0,36.311276932246976,36.311276932246976,60
0,21.5,37.1266666666667,20.6666666666667,37.73,22.7,35.59,22.12,34.59,20.0,46.23,10.7,15.36,21.236,32.5,21.6,39.26,20.39,37.5,7.95,762.733333333333,71.5,3.8333333333333295,27.666666666666696,3.05,37.12590411305428,37.12590411305428,50
0,21.5,37.2675,21.45,37.245,22.76,35.53,22.2,34.6214285714286,20.0,46.06,11.5666666666667,13.2266666666667,21.264285714285695,32.4571428571429,21.6,39.2,20.39,37.36,8.3,762.7,70.0,4.0,28.0,3.1,40.46056476654485,40.46056476654485,60
0,21.566666666666695,37.29,22.0966666666667,36.2966666666667,22.73,35.5,22.29,34.79,20.0,45.933333333333294,12.1966666666667,9.43333333333333,21.29,32.44,21.6,39.2,20.39,37.433333333333294,8.63333333333333,762.6833333333329,69.5,4.0,27.8333333333333,3.3,33.76637172186747,33.76637172186747,50
0,21.6,37.3266666666667,22.43,35.83,22.79,35.5,22.347142857142895,34.79,20.0,45.76,12.7233333333333,8.36666666666667,21.29,32.4,21.566666666666695,39.2,20.39,37.6333333333333,8.96666666666667,762.6666666666669,69.0,4.0,27.666666666666696,3.5,33.803303504828364,33.803303504828364,50
0,21.6,37.4,22.23,35.4666666666667,22.7,35.6633333333333,22.39,34.79,20.0,45.5,13.0,6.75666666666667,21.2385714285714,32.2385714285714,21.5,39.2,20.323333333333295,37.79,9.633333333333328,762.6333333333331,68.0,4.0,27.3333333333333,3.9,19.15910266106948,19.15910266106948,50
0,22.29,37.2,20.033333333333296,39.1266666666667,23.5,37.79,22.7,35.0,20.39,43.29,9.66,15.6633333333333,21.978,36.42,22.39,43.5,20.3566666666667,40.26,9.7,759.7999999999998,68.0,4.0,29.0,4.0,17.996058939024806,17.996058939024806,70
0,22.29,37.2,20.1,39.23,23.5,37.8266666666667,22.7,35.0,20.39,43.363333333333294,9.533333333333328,16.7966666666667,21.937142857142895,36.5,22.39,43.5,20.3566666666667,40.29,9.58333333333333,759.766666666667,69.0,4.16666666666667,30.8333333333333,4.0833333333333295,13.792245741933584,13.792245741933584,60
0,22.29,37.2,20.033333333333296,39.23,23.5,37.8266666666667,22.7,35.0257142857143,20.39,43.4,9.26333333333333,18.06,22.0,36.5,22.39,43.4666666666667,20.29,40.363333333333294,9.46666666666667,759.733333333333,70.0,4.3333333333333295,32.66666666666669,4.16666666666667,32.477059995289885,32.477059995289885,70
0,22.23,37.1266666666667,20.0,39.29,23.5,37.79,22.7,35.018,20.39,43.4,9.063333333333329,19.393333333333295,21.937142857142895,36.5514285714286,22.39,43.4,20.39,40.4,9.35,759.7,71.0,4.5,34.5,4.25,23.599614889826626,23.599614889826626,70
0,22.2,37.09,19.9266666666667,39.29,23.5,37.863333333333294,22.7,35.09,20.39,43.433333333333294,8.859999999999998,21.6333333333333,21.89,36.785,22.29,43.433333333333294,20.39,40.6266666666667,9.233333333333329,759.6666666666669,72.0,4.66666666666667,36.33333333333329,4.3333333333333295,0.4188105347566306,0.4188105347566306,70
0,22.2,37.09,19.89,39.4,23.5,37.9,22.66,35.054,20.39,43.5,8.72666666666667,23.233333333333295,21.912,37.08,22.29,43.5,20.39,40.7,9.11666666666667,759.6333333333331,73.0,4.8333333333333295,38.16666666666669,4.41666666666667,6.0697351465933025,6.0697351465933025,80
10,22.2,37.33,19.89,39.4666666666667,23.5,37.8725,22.6857142857143,35.0771428571429,20.39,43.7266666666667,8.599999999999998,24.9666666666667,22.0,37.3685714285714,22.29,43.6266666666667,20.39,40.863333333333294,9.0,759.6,74.0,5.0,40.0,4.5,27.249272482004017,27.249272482004017,120
0,23.0,35.9666666666667,21.533333333333296,34.5,24.0,33.9,22.6,33.0771428571429,20.79,41.73,9.963333333333328,1.0,22.2,27.39,23.89,34.7666666666667,20.76,38.5,8.93333333333333,757.2999999999998,52.33333333333329,6.66666666666667,40.0,-0.4,2.8164672548882663,2.8164672548882663,80
0,23.0,35.7666666666667,21.5,34.3,24.0,33.9,22.58,33.0,20.79,41.43,9.83,1.0,22.2,27.2385714285714,23.89,34.4666666666667,20.7,38.433333333333294,8.9,757.2999999999998,52.0,7.0,40.0,-0.5,12.450574513059108,12.450574513059108,70
0,23.0,35.6633333333333,21.463333333333296,34.2,23.89,33.7233333333333,22.5,32.9285714285714,20.79,41.23,9.5,1.0,22.18,27.058,23.89,34.3266666666667,20.79,38.4,8.86666666666667,757.2999999999998,51.66666666666671,7.3333333333333295,40.0,-0.6,1.0210040491074324,1.0210040491074324,60
0,23.0,35.53,21.39,34.0666666666667,23.89,33.59,22.5,32.9,20.89,41.1333333333333,9.36,1.0,22.1714285714286,26.792857142857095,23.89,34.0266666666667,20.73,38.4,8.83333333333333,757.2999999999998,51.33333333333329,7.666666666666669,40.0,-0.7,4.1573222959414124,4.1573222959414124,60
0,23.0,35.4,21.29,33.93,23.8566666666667,33.43,22.5,32.8371428571429,20.89,40.933333333333294,9.39,1.0,22.2,26.5,23.89,33.7666666666667,20.79,38.3266666666667,8.8,757.2999999999998,51.0,8.0,40.0,-0.8,47.3307189415209,47.3307189415209,60
0,23.0,35.1633333333333,21.29,33.6566666666667,23.73,33.29,22.5,32.772,20.9266666666667,40.6633333333333,9.39,1.0,22.1714285714286,26.297142857142905,23.79,33.43,20.73,38.363333333333294,8.66666666666667,757.35,50.66666666666671,7.8333333333333295,40.0,-1.03333333333333,26.379129255656153,26.379129255656153,80
0,23.0,35.03,21.29,33.5,23.7,33.29,22.5,32.7,21.0,40.463333333333296,9.39,1.0,22.2,26.12,23.79,33.23,20.73,38.29,8.53333333333333,757.4,50.33333333333329,7.666666666666669,40.0,-1.26666666666667,21.031467081047595,21.031467081047595,80
10,23.0,34.9666666666667,21.29,33.5,23.7,33.23,22.5,32.59,21.1,40.26,9.33,1.0,22.2,25.9685714285714,23.79,33.06,20.79,38.29,8.4,757.45,50.0,7.5,40.0,-1.5,3.9872776600532234,3.9872776600532234,80
0,23.0,34.7666666666667,21.2,33.4,23.7,33.1633333333333,22.5,32.5385714285714,21.1666666666667,40.0666666666667,9.233333333333329,1.0,22.2,25.79,23.79,32.9333333333333,20.79,38.29,8.26666666666667,757.5,49.66666666666671,7.3333333333333295,40.0,-1.73333333333333,30.21643370157108,30.21643370157108,70
0,23.0,34.6333333333333,21.2,33.4,23.6333333333333,32.9633333333333,22.5,32.48,21.2,39.863333333333294,9.033333333333328,1.0,22.1142857142857,25.5985714285714,23.79,32.6633333333333,20.73,38.2,8.13333333333333,757.5499999999998,49.33333333333329,7.16666666666667,40.0,-1.9666666666666697,9.704013285227122,9.704013285227122,80
0,23.0,34.4333333333333,21.1,33.29,23.6,32.9,22.5,32.4,21.26,39.73,8.89,1.0,22.1,25.414,23.79,32.53,20.79,38.2,8.0,757.6,49.0,7.0,40.0,-2.2,11.923040635883808,11.923040635883808,80
0,23.0,34.2,21.033333333333296,33.1566666666667,23.6,32.8266666666667,22.5,32.356,21.2,39.4666666666667,8.69666666666667,1.0,22.1,25.264285714285695,23.79,32.26,20.73,37.76333333333329,8.08333333333333,757.6333333333331,48.66666666666671,7.3333333333333295,40.0,-2.2166666666666694,0.3115398692898452,0.3115398692898452,190
0,22.9266666666667,34.0666666666667,20.963333333333296,33.09,23.6,32.8266666666667,22.5,32.2385714285714,21.2,39.3266666666667,8.3,1.0,22.1,25.2,23.73,32.1266666666667,20.73,37.09666666666671,8.16666666666667,757.6666666666669,48.33333333333329,7.666666666666669,40.0,-2.2333333333333294,24.30876621510833,24.30876621510833,580
0,23.0,36.03,20.963333333333296,33.5566666666667,23.6,32.7666666666667,22.5,32.1266666666667,21.2,39.26,8.22666666666667,1.33333333333333,22.0857142857143,25.1428571428571,23.7,32.2666666666667,20.79,36.6,8.25,757.7,48.0,8.0,40.0,-2.25,3.624531149398536,3.624531149398536,480
0,23.0,37.7666666666667,20.6333333333333,38.09666666666671,23.7,33.9,22.35,32.334,21.8566666666667,69.3933333333333,5.99666666666667,10.0933333333333,21.76,25.6333333333333,23.89,33.9333333333333,20.6333333333333,33.73,6.3,758.2,62.0,6.0,40.0,-0.5,5.356465000659227,5.356465000659227,120
0,23.0,37.43,20.566666666666695,37.863333333333294,23.6666666666667,33.8633333333333,22.39,32.2257142857143,21.73,66.06,5.763333333333329,9.793333333333328,21.7,25.7,23.963333333333296,34.0,20.6,33.59,6.0833333333333295,758.25,63.0,5.66666666666667,40.0,-0.5,25.12070828815922,25.12070828815922,120
0,23.0,37.1725,20.5,37.73,23.6,33.73,22.29,32.09,21.6,61.86,5.56333333333333,10.4,21.7,25.7,24.0,34.0,20.6,33.53,5.86666666666667,758.2999999999998,64.0,5.3333333333333295,40.0,-0.5,45.19330548355356,45.19330548355356,120
0,22.9266666666667,36.933333333333294,20.463333333333296,37.6633333333333,23.6,33.73,22.29,32.0514285714286,21.6,59.4,5.33,11.5933333333333,21.7,25.79,24.0,34.0,20.6,33.4,5.65,758.35,65.0,5.0,40.0,-0.5,13.170367304701358,13.170367304701358,110
0,22.89,36.76,20.39,37.59,23.6,33.73,22.272,32.014,21.463333333333296,57.2266666666667,5.1233333333333295,12.26,21.6142857142857,25.7128571428571,24.1,34.09,20.6,33.3266666666667,5.43333333333333,758.4,66.0,4.66666666666667,40.0,-0.5,22.259112971369177,22.259112971369177,110
0,22.89,36.6266666666667,20.29,37.59,23.6,33.7,22.264285714285695,31.89,21.39,55.9666666666667,4.93333333333333,13.2966666666667,21.6,25.796,24.1,34.09,20.6,33.2,5.21666666666667,758.45,67.0,4.3333333333333295,40.0,-0.5,34.213318303227425,34.213318303227425,110
0,22.89,36.53,20.29,37.6633333333333,23.6,33.7,22.236,32.0,21.39,54.5933333333333,4.8,14.0233333333333,21.6,26.1,24.1,34.3,20.6,33.0,5.0,758.5,68.0,4.0,40.0,-0.5,43.573297234252095,43.573297234252095,100
0,22.823333333333295,36.463333333333296,20.2,37.59,23.6,33.7,22.2385714285714,31.8914285714286,21.39,54.0666666666667,4.62666666666667,15.0266666666667,21.6,26.434,24.1666666666667,34.6333333333333,20.533333333333296,33.1566666666667,4.9,758.6,68.3333333333333,4.0,40.0,-0.533333333333333,27.633528597652912,27.633528597652912,110
10,22.79,36.29,20.2,37.723333333333294,23.6,33.76,22.2,31.79,21.29,53.83333333333329,4.36666666666667,15.6933333333333,21.6,26.694285714285705,24.2,34.9333333333333,20.533333333333296,33.3633333333333,4.8,758.7,68.6666666666667,4.0,40.0,-0.566666666666667,42.7019587601535,42.7019587601535,60
0,22.79,36.29,20.1,37.89,23.6333333333333,33.9333333333333,22.2,31.79,21.29,53.6266666666667,3.93,18.0,21.6,26.93,24.2,35.1333333333333,20.566666666666695,33.53,4.7,758.7999999999998,69.0,4.0,40.0,-0.6,21.148070821072903,21.148070821072903,70
0,22.76,36.433333333333294,20.1,38.1633333333333,23.6333333333333,34.0,22.2,31.79,21.29,53.363333333333294,3.6566666666666694,20.666666666666696,21.6,27.4685714285714,24.23,35.4633333333333,20.5,33.7233333333333,4.6,758.9,69.3333333333333,4.0,40.0,-0.633333333333333,36.150049581192434,36.150049581192434,60
0,22.7,36.6333333333333,19.963333333333296,38.09,23.6,34.03,22.2,31.79,21.2225,52.9975,3.45,23.745,21.6,27.934,24.29,35.6633333333333,20.533333333333296,34.0666666666667,4.5,759.0,69.6666666666667,4.0,40.0,-0.666666666666667,49.486114084720604,49.486114084720604,70
10,22.6666666666667,36.6,19.89,38.09,23.6,34.09,22.16,31.81,21.2,52.6266666666667,3.26,25.166666666666696,21.6571428571429,28.2671428571429,24.29,35.845,20.6,34.4,4.4,759.1,70.0,4.0,40.0,-0.7,16.280634910799563,16.280634910799563,90
0,22.6,36.3266666666667,19.8566666666667,38.06,23.6,34.245,22.1714285714286,31.8185714285714,21.2,52.33333333333329,3.0666666666666695,25.56,21.68,28.5,24.29,36.0666666666667,20.533333333333296,34.73,4.11666666666667,759.1,71.5,3.6666666666666705,40.0,-0.7,0.9020080091431736,0.9020080091431736,60
0,22.6,36.29,19.79,38.0,23.6,34.4,22.1,31.89,21.2,52.0666666666667,2.86333333333333,27.233333333333295,21.6,28.5285714285714,24.29,36.26,20.6,34.93,3.8333333333333295,759.1,73.0,3.3333333333333295,40.0,-0.7,40.77327296836302,40.77327296836302,60
0,22.6,36.29,19.76,38.1633333333333,23.6,34.4,22.1,31.89,21.2,51.6333333333333,2.6566666666666694,27.693333333333296,21.6,28.79,24.29,36.9566666666667,20.566666666666695,35.23,3.55,759.1,74.5,3.0,40.0,-0.7,15.60561922378838,15.60561922378838,60
0,22.5,36.2,19.7,38.1633333333333,23.6,34.5,22.08,31.89,21.2,51.36,2.59,30.0933333333333,21.6,28.952857142857095,24.29,37.5633333333333,20.566666666666695,35.3633333333333,3.2666666666666706,759.1,76.0,2.66666666666667,40.0,-0.7,34.7797435359098,34.7797435359098,60
0,22.5,36.1266666666667,19.6,38.23,23.6,34.5,22.075,31.9725,21.1666666666667,51.1333333333333,2.4633333333333294,30.566666666666695,21.6,29.12,24.29,38.2666666666667,20.6,35.53,2.9833333333333294,759.1,77.5,2.3333333333333295,40.0,-0.7,2.235347963869572,2.235347963869572,50
0,21.39,36.4666666666667,19.2,38.433333333333294,22.73,34.4333333333333,21.79,34.036,20.6,51.0266666666667,5.6,44.86,21.58,31.81,23.0,37.9,20.39,36.73,4.96666666666667,757.9,81.0,4.0,29.0,1.93333333333333,5.280584644060582,5.280584644060582,100
0,21.39,36.3266666666667,19.2,38.433333333333294,22.73,34.4,21.79,33.9557142857143,20.6,50.36,5.0,53.933333333333294,21.5714285714286,31.89,23.066666666666695,37.9,20.39,36.6633333333333,4.98333333333333,757.9,80.5,4.0,29.0,1.86666666666667,24.467607436235998,24.467607436235998,90
0,21.39,36.2,19.26,38.56,22.73,34.3266666666667,21.79,33.878,20.6,50.29,5.16,56.06,21.54,31.89,23.1,37.76,20.463333333333296,36.6633333333333,5.0,757.9,80.0,4.0,29.0,1.8,35.97194830654189,35.97194830654189,90
10,21.39,36.2,19.29,38.59,22.745,34.29,21.7257142857143,33.79,20.533333333333296,50.1333333333333,5.3,55.7266666666667,21.514285714285695,31.89,23.1,37.6266666666667,20.463333333333296,36.6633333333333,4.95,757.9333333333329,81.6666666666667,4.0,30.8333333333333,2.0166666666666706,9.61304607335478,9.61304607335478,80
10,21.6,36.56,19.89,38.26,22.79,34.09,21.7,34.2,20.5,48.0266666666667,5.53333333333333,42.463333333333296,21.6,31.3185714285714,23.2,37.09,20.5,36.7,5.86666666666667,757.766666666667,80.0,4.0,40.0,2.6,16.83309256331995,16.83309256331995,70
0,21.6,36.5,19.76,38.4,22.7,34.2,21.7,34.1842857142857,20.5,47.9,4.6,51.7966666666667,21.56,31.29,23.2,37.09,20.4266666666667,36.6266666666667,6.1,757.7,78.0,4.0,40.0,2.5,10.657193302176893,10.657193302176893,60
0,21.6,36.5,19.7,38.4,22.76,34.2,21.64,34.09,20.5,47.76,4.66,54.933333333333294,21.5285714285714,31.29,23.2,37.06,20.5,36.6266666666667,5.61666666666667,757.7,80.3333333333333,3.5,40.0,2.41666666666667,35.01062741270289,35.01062741270289,60
0,21.79,36.4,20.1,37.9666666666667,22.7,34.29,21.7,34.4,20.5,46.4,7.72666666666667,30.163333333333295,21.79,30.9514285714286,23.39,36.4,20.5,36.933333333333294,5.8,757.4333333333329,78.0,3.6666666666666705,40.0,2.06666666666667,2.3348722490482032,2.3348722490482032,60
0,21.823333333333295,36.4,20.1,37.925,22.6,34.2,21.7,34.4,20.5,46.3266666666667,7.599999999999999,29.29,21.79,30.89,23.463333333333296,36.363333333333294,20.5,36.933333333333294,6.45,757.366666666667,74.5,4.3333333333333295,40.0,2.0833333333333295,30.67451083334163,30.67451083334163,70
0,21.89,36.4,20.1666666666667,37.86,22.6,34.2,21.7,34.4571428571429,20.5,46.1633333333333,7.599999999999999,22.63,21.8185714285714,30.89,23.4725,36.345,20.5,37.0,7.1,757.2999999999998,71.0,5.0,40.0,2.1,9.367384144570678,9.367384144570678,70
0,21.89,36.363333333333294,20.1,37.6633333333333,22.6,34.2,21.7,34.5,20.5,46.03,7.72666666666667,19.63,21.89,30.754,23.566666666666695,36.23,20.5,37.0,7.01666666666667,757.2999999999998,70.1666666666667,5.3333333333333295,40.0,1.85,38.84934480302036,38.84934480302036,80
0,21.89,36.29,20.1,37.53,22.6666666666667,34.26,21.7,34.4285714285714,20.5,45.93,8.03333333333333,17.9,21.9842857142857,30.5571428571429,23.6333333333333,36.1633333333333,20.5,37.0,6.93333333333333,757.2999999999998,69.3333333333333,5.66666666666667,40.0,1.6,28.4385307575576,28.4385307575576,60
0,22.0,36.363333333333294,20.1333333333333,37.5,22.7,34.29,21.7,34.4,20.5,45.79,8.3,16.3666666666667,22.02,30.434,23.7,36.09,20.5,37.09,6.85,757.2999999999998,68.5,6.0,40.0,1.35,15.787502704188228,15.787502704188228,80
0,22.0,36.29,20.1333333333333,37.5,22.7,34.23,21.7,34.4,20.39,45.56,7.06333333333333,25.29,22.0285714285714,30.3185714285714,23.7,36.0,20.5,37.09,6.76666666666667,757.2999999999998,67.6666666666667,6.3333333333333295,40.0,1.1,0.041232316289097,0.041232316289097,70
10,22.0,36.26,20.1,37.5,22.6333333333333,34.23,21.7,34.3725,20.39,45.5,5.93,37.0966666666667,22.0,30.29,23.7,36.0,20.5,37.09,6.68333333333333,757.2999999999998,66.8333333333333,6.66666666666667,40.0,0.85,2.214880054816604,2.214880054816604,60
0,22.0,36.2,20.1,37.5,22.7,34.29,21.7,34.4,20.39,45.4,5.86666666666667,42.83333333333329,22.014285714285695,30.29,23.7,36.0,20.5,37.03,6.6,757.2999999999998,66.0,7.0,40.0,0.6,25.53206242155284,25.53206242155284,60
0,22.0,36.2,20.1,37.363333333333294,22.7,34.4,21.7,34.3685714285714,20.463333333333296,45.4,6.3333333333333295,38.9666666666667,22.1,30.272,23.7,35.9333333333333,20.566666666666695,37.03,6.43333333333333,757.3166666666668,68.1666666666667,6.8333333333333295,40.0,0.866666666666667,20.696394029073417,20.696394029073417,60
0,22.033333333333296,36.23,20.1,37.29,22.7,34.4,21.7,34.4,20.463333333333296,45.33333333333329,6.62666666666667,36.26333333333329,22.1,30.2,23.7,35.8633333333333,20.566666666666695,37.09,6.26666666666667,757.3333333333329,70.3333333333333,6.66666666666667,40.0,1.13333333333333,35.05693692713976,35.05693692713976,80
0,22.1,36.29,20.066666666666695,37.53,22.7,34.4,21.6857142857143,34.2928571428571,20.39,45.2,5.56,41.73,22.04,30.0,23.7,35.79,20.5,37.09,6.1,757.35,72.5,6.5,40.0,1.4,10.714112583082168,10.714112583082168,80
0,22.1,36.26,20.0,37.59,22.7,34.4,21.6,34.178,20.5,45.1333333333333,4.89666666666667,48.0933333333333,22.1,29.937142857142895,23.7,36.03,20.5,37.03,5.93333333333333,757.366666666667,74.6666666666667,6.3333333333333295,40.0,1.66666666666667,14.863863156642765,14.863863156642765,80
0,22.1,36.2,20.0,37.6633333333333,22.7,34.5,21.6,34.09,20.5,44.86,5.2725,48.5475,22.1,29.87,23.76,36.09,20.5,37.0,5.76666666666667,757.3833333333331,76.8333333333333,6.16666666666667,40.0,1.93333333333333,30.600797221995887,30.600797221995887,100
0,22.1,36.1633333333333,20.066666666666695,37.59,22.7,34.5,21.6,34.2,20.5,44.49,5.73333333333333,48.2966666666667,22.1,29.79,23.79,36.09,20.5,36.933333333333294,5.6,757.4,79.0,6.0,40.0,2.2,40.902559785172336,40.902559785172336,90
0,22.1,36.03,20.1,37.2966666666667,22.7,34.5,21.6,34.2928571428571,20.566666666666695,44.1566666666667,6.36666666666667,38.1266666666667,22.1,29.7,23.8566666666667,36.1633333333333,20.5,36.6633333333333,5.883333333333329,757.3833333333331,76.8333333333333,6.0,40.0,2.03333333333333,30.978085624519732,30.978085624519732,110
0,22.1333333333333,35.8633333333333,20.1,37.03,22.7,34.5,21.66,34.478,20.6,43.7966666666667,6.62666666666667,33.7933333333333,22.1,29.5414285714286,23.9266666666667,36.2666666666667,20.5,36.53,6.16666666666667,757.366666666667,74.6666666666667,6.0,40.0,1.86666666666667,21.44054803065956,21.44054803065956,100
0,22.1333333333333,35.73,20.1,36.9,22.7,34.4,21.7,34.59,20.625,43.4475,7.03,24.5,22.1,29.37,24.0,36.4666666666667,20.5,36.433333333333294,6.45,757.35,72.5,6.0,40.0,1.7,24.32159716263413,24.32159716263413,110
0,22.1333333333333,36.0,20.033333333333296,36.7666666666667,22.6,34.26,21.7,34.59,20.7,43.3266666666667,7.09,24.1,22.1,29.264285714285695,24.1,36.79,20.5,36.433333333333294,6.73333333333333,757.3333333333329,70.3333333333333,6.0,40.0,1.53333333333333,9.194006444886327,9.194006444886327,120
0,22.2,36.0,20.0,36.56,22.6,34.2,21.7128571428571,34.5385714285714,20.79,43.0266666666667,7.2933333333333294,22.8,22.1,29.1,24.1666666666667,36.79,20.5,36.1333333333333,7.01666666666667,757.3166666666668,68.1666666666667,6.0,40.0,1.36666666666667,15.404502919409424,15.404502919409424,120
0,22.2,36.03,20.075,36.67,22.6,34.09,21.79,34.5,20.8566666666667,42.9,7.559999999999999,23.0,22.1,29.0,24.2,36.59,20.5,35.86,7.3,757.2999999999998,66.0,6.0,40.0,1.2,47.04881428042427,47.04881428042427,110
0,22.2,36.09,20.1,37.06,22.6,34.03,21.79,34.35,20.79,42.56,7.59,21.7233333333333,22.1,29.014285714285695,24.26,36.53,20.5,35.495,7.3333333333333295,757.35,65.6666666666667,5.8333333333333295,40.0,1.18333333333333,30.83355202106759,30.83355202106759,110
0,22.2,36.0,20.0,37.0,22.566666666666695,33.9666666666667,21.7,34.054,20.79,42.433333333333294,7.53,23.7233333333333,22.1,29.1,24.29,36.45,20.5,35.1633333333333,7.366666666666669,757.4,65.3333333333333,5.66666666666667,40.0,1.16666666666667,15.975169697776437,15.975169697776437,110
0,22.2,36.0,20.0,37.06,22.566666666666695,33.9,21.7,33.88,20.7,42.26,7.02666666666667,25.63,22.0714285714286,29.0285714285714,24.26,36.223333333333294,20.5,34.9633333333333,7.4,757.45,65.0,5.5,40.0,1.15,33.96254829131067,33.96254829131067,110
0,22.1666666666667,36.0,19.89,37.1266666666667,22.5,33.79,21.7,33.772,20.7,42.1266666666667,6.8333333333333295,26.2233333333333,22.0,29.0,24.26,36.1633333333333,20.5,34.6633333333333,7.43333333333333,757.5,64.6666666666667,5.3333333333333295,40.0,1.13333333333333,27.274434070568528,27.274434070568528,110
0,22.1,35.9333333333333,19.89,37.2,22.5,33.8633333333333,21.7,33.6685714285714,20.7,41.863333333333294,6.65666666666667,25.866666666666696,22.0,29.1414285714286,24.29,36.09,20.4266666666667,34.39,7.46666666666667,757.5499999999998,64.3333333333333,5.16666666666667,40.0,1.11666666666667,34.95116141857579,34.95116141857579,100
0,22.1666666666667,35.79,19.8566666666667,37.0,22.5,33.79,21.7,33.554,20.7,41.73,6.53,24.46,22.02,29.412,24.29,36.09,20.39,34.1333333333333,7.5,757.6,64.0,5.0,40.0,1.1,13.065030938014388,13.065030938014388,100
0,22.1,35.845,19.79,37.06,22.5,33.79,21.6142857142857,33.3385714285714,20.7,41.6633333333333,6.2,24.866666666666696,22.0285714285714,29.5,24.29,36.0,20.39,33.9333333333333,7.133333333333329,757.6333333333331,65.3333333333333,5.0,40.0,1.01666666666667,21.83865981642157,21.83865981642157,90
0,22.1,35.73,19.79,37.2,22.5,33.79,21.6,33.178,20.6333333333333,41.463333333333296,5.7933333333333294,25.06,22.0,29.5,24.29,36.0,20.39,33.7233333333333,6.76666666666667,757.6666666666669,66.6666666666667,5.0,40.0,0.933333333333333,18.7885019229725,18.7885019229725,70
0,22.1,35.73,19.79,37.26,22.5,33.8633333333333,21.6,33.09,20.7,41.5,5.36666666666667,27.23,22.0,29.514285714285695,24.323333333333295,36.0,20.39,33.53,6.4,757.7,68.0,5.0,40.0,0.85,42.718293168582015,42.718293168582015,100
0,22.1,35.79,19.76,37.433333333333294,22.463333333333296,33.9666666666667,21.6,33.0,20.7,41.433333333333294,5.095,27.52,21.978,29.518,24.39,35.9333333333333,20.29,33.3633333333333,6.03333333333333,757.733333333333,69.3333333333333,5.0,40.0,0.766666666666667,38.66361411055549,38.66361411055549,100
0,22.1,35.9,19.7,37.5,22.39,33.9666666666667,21.542857142857095,32.8514285714286,20.6666666666667,41.363333333333294,4.8333333333333295,28.0566666666667,21.89,29.3185714285714,24.29,35.9,20.29,33.29,5.66666666666667,757.766666666667,70.6666666666667,5.0,40.0,0.683333333333333,27.295132516883317,27.295132516883317,120
0,22.1,35.8266666666667,19.6,37.4,22.39,34.09,21.5,32.714,20.6,41.23,4.59,29.226666666666695,21.89,29.434,24.29,35.8266666666667,20.29,33.1633333333333,5.3,757.7999999999998,72.0,5.0,40.0,0.6,32.36664520809427,32.36664520809427,110
0,22.1,35.76,19.533333333333296,37.4,22.39,34.03,21.5,32.57875,20.6,41.09,4.65666666666667,30.6266666666667,21.89,29.4685714285714,24.3566666666667,35.76,20.29,33.03,5.1,757.8333333333329,73.6666666666667,4.66666666666667,40.0,0.7,3.293259476777166,3.293259476777166,110
10,22.033333333333296,35.6266666666667,19.5,37.29,22.4266666666667,34.0,21.4685714285714,32.4714285714286,20.6,41.09,4.56,31.323333333333295,21.85,29.456,24.3566666666667,35.7,20.29,32.9,4.9,757.866666666667,75.3333333333333,4.3333333333333295,40.0,0.8,32.690583530347794,32.690583530347794,110
0,22.0,35.4666666666667,19.4266666666667,37.29,22.4266666666667,34.0,21.39,32.29,20.6,40.9666666666667,4.22666666666667,32.5966666666667,21.89,29.6971428571429,24.39,35.6633333333333,20.29,32.8266666666667,4.7,757.9,77.0,4.0,40.0,0.9,46.45759230479598,46.45759230479598,110
0,22.0,35.4,19.3566666666667,37.36,22.39,33.9,21.39,32.2771428571429,20.6,40.9,3.8333333333333295,34.9266666666667,21.956,30.016,24.39,35.6633333333333,20.26,32.6633333333333,4.5,757.9333333333329,78.6666666666667,3.6666666666666705,40.0,1.0,43.02744020242244,43.02744020242244,110
10,22.0,35.5,19.29,37.433333333333294,22.39,33.975,21.39,32.218,20.55,40.845,3.6266666666666705,36.0666666666667,21.89,29.89,24.39,35.7,20.2,32.53,4.3,757.966666666667,80.3333333333333,3.3333333333333295,40.0,1.1,39.89019129658118,39.89019129658118,100
0,21.9266666666667,35.5,19.29,37.5,22.39,34.0,21.39,32.2257142857143,20.5,40.79,3.4666666666666694,37.66,21.89,29.976,24.39,35.7,20.2,32.4,4.1,758.0,82.0,3.0,40.0,1.2,10.66819637781009,10.66819637781009,90
0,21.89,35.4,19.2225,37.425,22.39,34.09,21.35,32.2,20.5,40.79,3.32666666666667,39.5266666666667,21.89,30.1,24.39,35.73,20.2,32.4,3.95,758.0499999999998,82.1666666666667,3.0,40.0,1.1,48.46785175614058,48.46785175614058,110
0,21.89,35.4,19.2,37.4666666666667,22.39,33.9633333333333,21.29,32.2771428571429,20.5,40.7,3.29,41.533333333333296,21.83,30.14,24.323333333333295,35.8633333333333,20.2,32.29,3.8,758.1,82.3333333333333,3.0,40.0,1.0,36.38853554148226,36.38853554148226,90
0,21.89,35.4,19.1,37.59,22.39,33.9,21.29,32.334,20.5,40.7,3.29,42.533333333333296,21.8042857142857,30.2128571428571,24.39,35.9333333333333,20.175,32.29,3.65,758.15,82.5,3.0,40.0,0.9,17.198176367674023,17.198176367674023,90
0,21.89,35.4,19.1,37.59,22.39,33.9666666666667,21.29,32.29,20.5,40.7,3.06,43.3966666666667,21.79,30.456,24.323333333333295,36.1333333333333,20.1666666666667,32.5633333333333,3.5,758.2,82.6666666666667,3.0,40.0,0.8,7.200588379055262,7.200588379055262,80
0,21.79,35.29,19.0,37.6266666666667,22.5,34.03,21.29,32.29,20.5,40.83333333333329,2.86,43.863333333333294,21.79,30.764285714285695,24.39,36.645,20.2,33.3,3.35,758.25,82.8333333333333,3.0,40.0,0.7,6.927875988185406,6.927875988185406,80
10,21.79,35.29,19.0,37.7,22.5,34.09,21.2385714285714,32.29,20.39,40.933333333333294,2.66333333333333,44.793333333333294,21.79,31.0,24.39,37.0,20.2,33.6933333333333,3.2,758.2999999999998,83.0,3.0,40.0,0.6,42.29730517836288,42.29730517836288,80
10,20.79,37.79,19.29,39.29,22.0,34.79,21.2,36.4,19.89,40.79,11.2333333333333,36.7566666666667,21.0,32.4,22.6,37.4,19.79,35.9666666666667,8.5,751.9,79.0,5.0,40.0,5.1,45.85598359117285,45.85598359117285,60
10,20.79,37.79,19.29,39.29,22.0,34.79,21.29,36.536,19.963333333333296,40.79,10.96,37.55666666666671,21.0,32.4,22.6,37.3266666666667,19.79,36.0,8.56666666666667,751.75,79.3333333333333,5.0,38.16666666666669,5.2,11.077617644332348,11.077617644332348,50
20,20.79,37.79,19.26,39.26,22.0,34.8266666666667,21.29,36.59,19.89,40.79,10.6633333333333,37.39,21.0,32.4,22.6,37.363333333333294,19.79,36.0,8.63333333333333,751.6,79.6666666666667,5.0,36.33333333333329,5.3,10.541640827432275,10.541640827432275,40
10,20.79,37.79,19.2,39.2,22.0,34.9,21.29,36.634,19.89,40.79,10.1966666666667,38.59,21.0,32.4571428571429,22.533333333333296,37.29,19.79,36.0,8.699999999999998,751.45,80.0,5.0,34.5,5.4,33.857247908599675,33.857247908599675,50
0,20.7,37.09,20.43,37.76333333333329,21.89,35.09,20.566666666666695,35.06,19.5,46.1633333333333,5.03333333333333,55.2666666666667,20.2,30.5,22.0,39.3266666666667,19.6666666666667,36.5,3.25,748.0,82.5,6.0,40.0,0.45,27.021073806099597,27.021073806099597,50
0,20.73,37.09,20.566666666666695,37.09,21.89,35.09,20.6,35.06,19.5,46.09,5.43333333333333,55.7333333333333,20.2,30.5,22.0,39.26,19.7,36.363333333333294,3.5,747.966666666667,81.0,6.3333333333333295,40.0,0.43333333333333296,17.315093090292066,17.315093090292066,50
0,20.79,37.09,20.6933333333333,37.1633333333333,21.89,35.09,20.6666666666667,35.06,19.39,45.9,5.53,57.1566666666667,20.2,30.4266666666667,22.0,39.1266666666667,19.7,36.23,3.75,747.9333333333329,79.5,6.66666666666667,40.0,0.416666666666667,27.1865006769076,27.1865006769076,40
0,20.79,37.09,21.2633333333333,36.4233333333333,21.89,35.09,20.73,35.06,19.463333333333296,45.9,5.99,57.43,20.2,30.39,21.9266666666667,39.06,19.7,36.06,4.0,747.9,78.0,7.0,40.0,0.4,32.299069967120886,32.299069967120886,60
0,20.79,37.09,21.323333333333295,35.9633333333333,21.89,35.09,20.79,35.0,19.39,45.76,6.36666666666667,58.33333333333329,20.2,30.39,22.0,39.0,19.7,35.9333333333333,4.25,747.9166666666669,77.5,7.0,40.0,0.566666666666667,47.57038039388135,47.57038039388135,60
0,20.823333333333295,37.03,21.3,36.0266666666667,21.89,35.09,20.79,35.0,19.39,45.6266666666667,6.3,58.933333333333294,20.2,30.39,21.89,38.863333333333294,19.7,35.79,4.5,747.9333333333329,77.0,7.0,40.0,0.733333333333333,14.195781340822576,14.195781340822576,60
0,20.89,37.09,21.566666666666695,35.6933333333333,21.89,35.09,20.79,35.0,19.5,45.6633333333333,6.66,58.9,20.2,30.323333333333295,21.89,38.79,19.7,35.79,4.75,747.95,76.5,7.0,40.0,0.9,28.025780525058508,28.025780525058508,60
0,20.89,37.09,21.43,35.53,21.8566666666667,35.09,20.89,35.06,19.4266666666667,45.463333333333296,6.93333333333333,58.9666666666667,20.2,30.29,21.89,38.7,19.7,35.7,5.0,747.966666666667,76.0,7.0,40.0,1.06666666666667,38.601808226667345,38.601808226667345,50
0,20.89,37.09,21.29,35.7233333333333,21.8566666666667,35.09,20.89,35.0,19.39,45.363333333333294,6.86666666666667,57.6333333333333,20.26,30.3566666666667,21.89,38.7,19.7,35.6266666666667,5.25,747.983333333333,75.5,7.0,40.0,1.23333333333333,12.62078940635547,12.62078940635547,50
0,20.79,36.9666666666667,21.26,35.6633333333333,21.8566666666667,35.09,20.89,35.0,19.39,45.23,7.0,54.2266666666667,20.26,30.3566666666667,21.823333333333295,38.59,19.7,35.59,5.5,748.0,75.0,7.0,40.0,1.4,44.668628182262175,44.668628182262175,50
0,20.865,36.975,21.066666666666695,35.59,21.79,35.09,20.89,34.9333333333333,19.39,45.1633333333333,6.6633333333333296,51.463333333333296,20.26,30.29,21.823333333333295,38.53,19.7,35.53,5.56666666666667,748.0,75.0833333333333,7.16666666666667,39.08333333333329,1.48333333333333,30.085285927634686,30.085285927634686,40
0,20.89,37.0,20.89,35.86,21.79,35.09,20.8566666666667,34.8633333333333,19.39,45.09,6.06333333333333,49.33,20.2,30.29,21.79,38.5,19.7,35.4666666666667,5.633333333333329,748.0,75.1666666666667,7.3333333333333295,38.16666666666669,1.56666666666667,28.815587039571252,28.815587039571252,50
0,20.89,36.9666666666667,20.823333333333295,36.0,21.79,35.09,20.8566666666667,34.8633333333333,19.39,45.0,6.345,50.6,20.2,30.29,21.79,38.433333333333294,19.7,35.4,5.7,748.0,75.25,7.5,37.25,1.65,37.902761856094,37.902761856094,30
0,20.89,36.9,20.76,36.03,21.79,35.09,20.79,34.79,19.39,44.933333333333294,6.43333333333333,46.9966666666667,20.2,30.29,21.79,38.4,19.6666666666667,35.3633333333333,5.76666666666667,748.0,75.3333333333333,7.666666666666669,36.33333333333329,1.73333333333333,20.32944019883871,20.32944019883871,40
0,20.89,36.9,20.7,36.1633333333333,21.79,35.03,20.79,34.79,19.39,44.863333333333294,6.89333333333333,47.2566666666667,20.23,30.23,21.79,38.3175,19.6,35.23,5.8333333333333295,748.0,75.4166666666667,7.8333333333333295,35.41666666666669,1.81666666666667,15.01616727327928,15.01616727327928,30
0,20.89,36.9,20.89,36.06,21.76,35.0,20.79,34.79,19.39,44.79,7.3,45.8266666666667,20.29,30.29,21.79,38.29,19.7,35.29,5.9,748.0,75.5,8.0,34.5,1.9,3.756443737074733,3.756443737074733,50
0,20.89,36.9,20.9175,35.875,21.76,35.06,20.8566666666667,34.79,19.39,44.7,7.43333333333333,46.3,20.29,30.2,21.73,38.26,19.7,35.29,5.96666666666667,748.0,75.5833333333333,8.16666666666667,33.5833333333333,1.98333333333333,43.78051160601899,43.78051160601899,60
0,20.89,36.9666666666667,21.1333333333333,35.7,21.79,35.045,20.89,34.9,19.39,44.6266666666667,8.03333333333333,38.393333333333295,20.29,30.2,21.79,38.26,19.7,35.29,6.03333333333333,748.0,75.6666666666667,8.33333333333333,32.66666666666669,2.06666666666667,25.78317793086171,25.78317793086171,40
0,20.9266666666667,37.0,21.29,35.43,21.79,35.09,20.89,34.8725,19.463333333333296,44.56,8.5,34.06,20.29,30.1666666666667,21.79,38.3266666666667,19.7,35.29,6.1,748.0,75.75,8.5,31.75,2.15,24.99303206568584,24.99303206568584,50
0,20.9266666666667,37.0,21.29,35.23,21.73,35.09,20.963333333333296,34.79,19.39,44.425,7.963333333333329,37.06,20.29,30.1666666666667,21.73,38.4,19.7,35.29,6.16666666666667,748.0,75.8333333333333,8.66666666666667,30.8333333333333,2.2333333333333294,2.208680601324886,2.208680601324886,50
0,21.0,37.0,21.2,35.1266666666667,21.79,35.2,20.89,34.79,19.39,44.3266666666667,7.563333333333331,38.2666666666667,20.29,30.1,21.73,38.363333333333294,19.7,35.2,6.23333333333333,748.0,75.9166666666667,8.83333333333333,29.916666666666696,2.31666666666667,39.093868574127555,39.093868574127555,50
0,21.0,37.0,21.2,35.2,21.79,35.2,20.89,34.79,19.39,44.26,7.893333333333331,43.9966666666667,20.29,30.1,21.79,38.23,19.7,35.2,6.3,748.0,76.0,9.0,29.0,2.4,7.3205916094593695,7.3205916094593695,60
0,21.0,36.9,21.26,35.1333333333333,21.76,35.1266666666667,20.89,34.79,19.39,44.2,8.56,41.39,20.29,30.1,21.76,38.09,19.7,35.09,6.1,748.0,76.8333333333333,8.33333333333333,30.8333333333333,2.3333333333333295,33.3542252657935,33.3542252657935,50
0,21.0,36.8266666666667,21.1333333333333,35.1333333333333,21.76,35.2,20.89,34.79,19.39,44.1633333333333,7.73,34.2666666666667,20.29,30.1,21.7,38.09,19.7,35.1633333333333,5.9,748.0,77.6666666666667,7.666666666666669,32.66666666666669,2.2666666666666706,25.12611743295565,25.12611743295565,60
0,21.0,36.79,20.963333333333296,35.36,21.79,35.2,20.89,34.79,19.39,44.09,6.52333333333333,35.6,20.29,30.1333333333333,21.7,38.09,19.7,35.2,5.7,748.0,78.5,7.0,34.5,2.2,47.87410763092339,47.87410763092339,50
0,21.0,36.79,20.89,35.5,21.79,35.2,20.89,34.79,19.39,44.09,5.93333333333333,45.46,20.29,30.2,21.7,38.09,19.6333333333333,35.1266666666667,5.5,748.0,79.3333333333333,6.3333333333333295,36.33333333333329,2.13333333333333,13.743674289435148,13.743674289435148,60
0,21.0,36.76,20.79,35.4333333333333,21.79,35.1633333333333,20.89,34.79,19.39,44.09,5.7933333333333294,46.2,20.29,30.23,21.7,38.09,19.7,35.2,5.3,748.0,80.1666666666667,5.66666666666667,38.16666666666669,2.06666666666667,41.05833835201338,41.05833835201338,50
0,21.0,36.7,20.663333333333295,35.56,21.79,35.09,20.89,34.79,19.39,44.09,5.39666666666667,47.4666666666667,20.29,30.29,21.7,38.09,19.6333333333333,35.1266666666667,5.1,748.0,81.0,5.0,40.0,2.0,12.485132995061576,12.485132995061576,40
0,21.0,36.7,20.566666666666695,35.73,21.79,35.2,20.8566666666667,34.79,19.39,44.03,5.923333333333329,52.0,20.29,30.29,21.6666666666667,38.06,19.6,35.06,5.0833333333333295,748.0499999999998,80.8333333333333,5.0,40.0,1.9666666666666697,26.572180259972807,26.572180259972807,50
0,21.0,36.7,20.5,35.79,21.79,35.1266666666667,20.79,34.79,19.39,44.0,7.1,54.19,20.29,30.3566666666667,21.6,37.933333333333294,19.6,35.06,5.06666666666667,748.1,80.6666666666667,5.0,40.0,1.93333333333333,13.624804024584591,13.624804024584591,50
0,20.9266666666667,36.7,20.5,35.8633333333333,21.79,35.09,20.79,34.79,19.39,44.0,7.3,51.6566666666667,20.29,30.4266666666667,21.6,38.0,19.6,35.09,5.05,748.15,80.5,5.0,40.0,1.9,19.780081009957936,19.780081009957936,60
0,20.963333333333296,36.73,20.4266666666667,35.8633333333333,21.79,35.09,20.79,34.79,19.39,43.9,7.22666666666667,48.5966666666667,20.29,30.5,21.6,38.0,19.6,35.09,5.03333333333333,748.2,80.3333333333333,5.0,40.0,1.86666666666667,29.419937287457287,29.419937287457287,60
0,20.963333333333296,36.79,20.3566666666667,35.9633333333333,21.79,35.09,20.79,34.8633333333333,19.39,43.9,6.7,45.96,20.29,30.5,21.6,38.0,19.6,35.09,5.01666666666667,748.25,80.1666666666667,5.0,40.0,1.8333333333333297,19.056783826090395,19.056783826090395,40
0,20.963333333333296,36.79,20.23,36.1633333333333,21.79,35.09,20.79,34.79,19.39,43.9,6.16,45.7,20.29,30.5,21.6,37.933333333333294,19.6,35.09,5.0,748.2999999999998,80.0,5.0,40.0,1.8,11.492568498943,11.492568498943,40
0,20.89,36.79,20.066666666666695,36.4,21.79,35.09,20.76,34.79,19.323333333333295,43.8266666666667,6.36666666666667,48.933333333333294,20.29,30.5,21.55,37.9,19.6,35.06,4.85,748.35,80.3333333333333,4.5,40.0,1.7,45.20825104555115,45.20825104555115,30
0,20.89,36.79,20.0,36.4666666666667,21.79,35.09,20.76,34.73,19.3566666666667,43.79,6.5,49.4666666666667,20.29,30.5,21.6,37.9666666666667,19.6,35.0,4.7,748.4,80.6666666666667,4.0,40.0,1.6,36.983951181173325,36.983951181173325,30
0,20.89,36.79,19.945,36.645,21.79,35.09,20.76,34.7,19.3566666666667,43.79,6.59,50.16666666666669,20.29,30.5,21.533333333333296,37.9,19.6,35.03,4.55,748.45,81.0,3.5,40.0,1.5,29.54985030228272,29.54985030228272,40
0,20.89,36.79,19.76,36.86,21.7,35.09,20.7,34.745,19.29,43.7,6.39666666666667,48.9,20.29,30.533333333333296,21.5,37.933333333333294,19.6,35.09,4.4,748.5,81.3333333333333,3.0,40.0,1.4,4.271848883945495,4.271848883945495,50
0,20.89,36.79,19.7,37.06,21.7,35.09,20.7,34.7,19.29,43.7,6.06333333333333,48.49,20.29,30.6666666666667,21.5,37.933333333333294,19.6,35.09,4.25,748.5499999999998,81.6666666666667,2.5,40.0,1.3,41.365222702734165,41.365222702734165,50
0,20.89,36.79,19.7,37.2,21.7,35.09,20.7,34.7,19.3566666666667,43.6266666666667,6.59666666666667,51.5633333333333,20.23,30.6333333333333,21.5,38.0,19.6,35.09,4.1,748.6,82.0,2.0,40.0,1.2,37.22881069406867,37.22881069406867,60
0,20.89,36.863333333333294,19.76,37.2,21.7,35.09,20.7,34.7,19.29,43.59,7.2933333333333294,51.3,20.29,30.7,21.5,38.0,19.6,35.09,4.3,748.5666666666668,80.6666666666667,2.3333333333333295,40.0,1.16666666666667,4.821134055964649,4.821134055964649,50
0,20.89,36.9,19.76,37.2,21.7,35.1633333333333,20.7,34.79,19.29,43.53,7.626666666666669,47.6333333333333,20.29,30.7,21.5,37.933333333333294,19.6,35.09,4.5,748.533333333333,79.3333333333333,2.66666666666667,40.0,1.13333333333333,23.326638527214527,23.326638527214527,60
0,20.89,36.9,19.7,37.2,21.76,35.09,20.6333333333333,34.73,19.29,43.5,7.8,47.2566666666667,20.23,30.6333333333333,21.5,37.933333333333294,19.6,35.09,4.7,748.5,78.0,3.0,40.0,1.1,49.88956437446177,49.88956437446177,50
0,20.8566666666667,36.863333333333294,19.7,37.3266666666667,21.79,35.09,20.6666666666667,34.76,19.29,43.5,7.866666666666669,46.863333333333294,20.29,30.7,21.5,37.9,19.6,35.09,4.9,748.466666666667,76.6666666666667,3.3333333333333295,40.0,1.06666666666667,5.126963078510016,5.126963078510016,50
0,20.79,36.863333333333294,19.7,37.4666666666667,21.79,35.09,20.6,34.7,19.39,43.4,8.29666666666667,40.0266666666667,20.29,30.7,21.5,37.9,19.6,35.1633333333333,5.1,748.4333333333329,75.3333333333333,3.6666666666666705,40.0,1.03333333333333,43.62128158099949,43.62128158099949,50
0,20.8566666666667,36.9,19.7,37.4666666666667,21.79,35.09,20.6,34.7,19.39,43.4,8.823333333333329,41.0266666666667,20.29,30.7,21.5,37.9,19.6,35.2,5.3,748.4,74.0,4.0,40.0,1.0,7.726951851509511,7.726951851509511,50
0,20.8566666666667,36.9666666666667,19.6333333333333,37.4,21.79,35.09,20.6,34.7,19.29,43.4,7.545,31.245,20.29,30.7,21.5,37.9,19.6,35.1266666666667,5.25,748.4333333333329,74.1666666666667,4.3333333333333295,40.0,0.966666666666667,45.82692719995976,45.82692719995976,50
0,20.823333333333295,36.9,19.566666666666695,37.53,21.76,35.0,20.6,34.59,19.29,43.3266666666667,6.03,45.83333333333329,20.29,30.566666666666695,21.5,37.863333333333294,19.5,35.06,5.2,748.466666666667,74.3333333333333,4.66666666666667,40.0,0.933333333333333,45.33085544826463,45.33085544826463,70
0,20.89,36.9666666666667,19.5,37.59,21.7,35.0,20.6,34.59,19.29,43.29,6.29666666666667,49.9,20.29,30.5,21.5,37.79,19.5,35.0,5.15,748.5,74.5,5.0,40.0,0.9,27.083790046162903,27.083790046162903,90
0,20.84,37.05,19.5,37.6266666666667,21.7,35.0,20.6,34.5,19.29,43.29,6.53,44.13,20.29,30.463333333333296,21.5,37.963333333333296,19.5,34.9666666666667,5.1,748.533333333333,74.6666666666667,5.3333333333333295,40.0,0.866666666666667,11.636166821699588,11.636166821699588,120
0,20.89,37.29,19.5,37.76,21.7,35.0,20.6,34.5,19.39,43.26,6.73,41.33,20.29,30.39,21.5,38.09,19.5,34.8266666666667,5.05,748.5666666666668,74.8333333333333,5.66666666666667,40.0,0.8333333333333329,45.32004854409024,45.32004854409024,100
0,20.89,37.29,19.5,37.79,21.7,35.0,20.6,34.5,19.39,43.2,6.86666666666667,34.5266666666667,20.29,30.34,21.6333333333333,38.1266666666667,19.5,34.79,5.0,748.6,75.0,6.0,40.0,0.8,1.1491067125461996,1.1491067125461996,90
0,20.89,37.29,19.5,37.863333333333294,21.7,35.0,20.6,34.4333333333333,19.39,43.09,6.8,35.8,20.29,30.1666666666667,21.76,38.26,19.5,34.79,5.383333333333329,748.5833333333329,71.8333333333333,6.0,40.0,0.5166666666666672,41.099941916763775,41.099941916763775,100
0,20.89,37.29,19.463333333333296,37.9,21.7,35.0,20.6,34.3633333333333,19.39,43.09,6.9,40.53,20.29,30.1,21.89,38.5,19.5,34.6633333333333,5.76666666666667,748.5666666666668,68.6666666666667,6.0,40.0,0.233333333333333,5.976382526569068,5.976382526569068,110
0,20.89,37.23,19.39,37.9,21.7,35.0,20.6,34.29,19.39,43.09,6.9,38.863333333333294,20.2,29.9,21.9725,38.475,19.5,34.59,6.15,748.5499999999998,65.5,6.0,40.0,-0.05,41.840661584865295,41.840661584865295,210
0,20.89,37.5633333333333,19.39,37.745,21.65,34.9,20.5,34.1633333333333,19.39,43.03,7.1,39.26,20.2,29.6333333333333,22.066666666666695,38.2666666666667,19.5,34.3333333333333,6.53333333333333,748.533333333333,62.33333333333329,6.0,40.0,-0.333333333333333,46.315165841951966,46.315165841951966,590
0,21.033333333333296,41.1266666666667,19.4266666666667,38.59,21.7,35.03,20.5,34.0225,19.39,42.9,7.366666666666669,31.866666666666696,20.2,29.3566666666667,22.1,38.09,19.5,34.07,6.91666666666667,748.516666666667,59.16666666666671,6.0,40.0,-0.616666666666667,30.9584979317151,30.9584979317151,460
0,21.5,40.33333333333329,19.823333333333295,40.2666666666667,21.7,36.26,20.39,33.3333333333333,19.5,44.03,6.4,24.0233333333333,20.1,28.3566666666667,22.39,37.5,19.39,32.9666666666667,6.55,748.8333333333329,59.33333333333329,6.8333333333333295,40.0,-0.9,41.775376873556525,41.775376873556525,100
0,21.566666666666695,39.7266666666667,19.963333333333296,39.8,21.7,36.2,20.39,33.2,19.6666666666667,51.09,6.3,26.65,20.033333333333296,28.163333333333295,22.39,37.5,19.39,32.9,6.4,748.9,60.0,7.0,40.0,-0.9,20.65853545209393,20.65853545209393,140
0,21.7,39.16,20.033333333333296,39.26,21.79,36.09,20.39,33.09,19.9266666666667,65.4966666666667,6.19,25.9666666666667,20.033333333333296,28.0,22.4266666666667,37.5,19.39,32.76,6.18333333333333,748.95,61.66666666666671,6.66666666666667,40.0,-0.75,11.38011384755373,11.38011384755373,120
0,21.76,38.8266666666667,20.1666666666667,39.0666666666667,21.8566666666667,36.09,20.39,33.03,19.8566666666667,65.6333333333333,6.06333333333333,25.9,20.033333333333296,27.9266666666667,22.5,37.433333333333294,19.39,32.6266666666667,5.96666666666667,749.0,63.33333333333329,6.3333333333333295,40.0,-0.6,21.002241317182776,21.002241317182776,130
0,21.89,38.5266666666667,20.23,38.6633333333333,21.9266666666667,36.06,20.39,32.9,19.79,64.0266666666667,5.8,26.8333333333333,20.0,27.79,22.6333333333333,37.26,19.3566666666667,32.56,5.75,749.0499999999998,65.0,6.0,40.0,-0.45,45.93391603557393,45.93391603557393,130
0,21.89,38.19333333333329,20.29,38.59,22.0,35.9333333333333,20.323333333333295,32.9,19.7,62.36,5.66,28.7,20.0,27.73,22.7,37.1266666666667,19.3566666666667,32.5,5.53333333333333,749.1,66.6666666666667,5.66666666666667,40.0,-0.3,32.261210889555514,32.261210889555514,100
0,22.05,37.895,20.39,38.33333333333329,22.0,35.8633333333333,20.39,32.9,19.7,60.69333333333329,5.43333333333333,31.9666666666667,20.0,27.7,22.79,36.9,19.29,32.3633333333333,5.31666666666667,749.15,68.3333333333333,5.3333333333333295,40.0,-0.15,14.357852644752713,14.357852644752713,110
0,22.1333333333333,37.5266666666667,20.39,38.0666666666667,22.0,35.73,20.323333333333295,32.9,19.6666666666667,58.59,5.16,33.1,20.0,27.7,22.79,36.8266666666667,19.29,32.29,5.1,749.2,70.0,5.0,40.0,0.0,18.96001409040764,18.96001409040764,100
0,22.2,37.19333333333329,20.39,37.83333333333329,22.066666666666695,35.6633333333333,20.29,32.8633333333333,19.6,56.723333333333294,5.09,30.963333333333296,19.945,27.7,22.79,36.7,19.29,32.29,4.7,749.283333333333,72.8333333333333,5.16666666666667,37.66666666666669,0.116666666666667,31.88140244456008,31.88140244456008,100
0,22.2,36.863333333333294,20.39,37.6266666666667,22.066666666666695,35.53,20.29,32.79,19.6,55.0266666666667,5.03,31.2233333333333,19.89,27.6666666666667,22.79,36.6266666666667,19.29,32.29,4.3,749.366666666667,75.6666666666667,5.3333333333333295,35.3333333333333,0.233333333333333,20.255577890202403,20.255577890202403,100
0,22.2,36.6566666666667,20.29,37.4666666666667,22.0,35.4,20.29,32.8633333333333,19.6,54.1,4.62666666666667,34.1966666666667,19.89,27.6,22.73,36.56,19.29,32.2,3.9,749.45,78.5,5.5,33.0,0.35,38.01857373910025,38.01857373910025,100
0,21.6,36.0,19.0,37.6266666666667,22.0,35.8633333333333,20.033333333333296,33.29,19.29,48.76,1.93333333333333,49.33333333333329,19.89,29.39,22.79,40.863333333333294,19.39,37.26,3.0,749.65,83.5,5.0,40.0,0.45,14.999656879808752,14.999656879808752,50
0,21.533333333333296,36.0,18.89,37.6266666666667,22.0,35.8266666666667,20.1,33.4,19.29,48.6266666666667,1.93333333333333,50.19333333333329,19.89,29.39,22.79,41.03,19.39,37.433333333333294,3.0,749.6666666666669,82.6666666666667,5.3333333333333295,40.0,0.333333333333333,3.069685318041593,3.069685318041593,60
0,21.5,36.0,18.823333333333295,37.6266666666667,22.0,35.9,20.1,33.4,19.29,48.4666666666667,2.06,50.6,19.89,29.5,22.79,41.1633333333333,19.39,37.6333333333333,3.0,749.6833333333329,81.8333333333333,5.66666666666667,40.0,0.216666666666667,6.467989273369312,6.467989273369312,50
0,21.5,36.0,18.76,37.6566666666667,22.05,35.95,20.0,33.29,19.29,48.3266666666667,2.09,50.66,19.89,29.5,22.79,41.23,19.39,37.933333333333294,3.0,749.7,81.0,6.0,40.0,0.1,25.942794838920236,25.942794838920236,60
0,21.5,36.0,18.7,37.8175,22.1,35.9,20.0,33.29,19.29,48.26,2.09,50.4666666666667,19.89,29.5,22.73,41.23,19.39,38.095,2.95,749.7,81.8333333333333,5.8333333333333295,40.0,0.18333333333333296,2.282754657790065,2.282754657790065,60
0,21.4266666666667,35.86,18.6333333333333,37.9,22.1,35.9,20.0,33.29,19.2675,48.095,2.2,50.4233333333333,19.89,29.5,22.7,41.045,19.39,38.26,2.9,749.7,82.6666666666667,5.66666666666667,40.0,0.266666666666667,16.667258937377483,16.667258937377483,60
0,21.39,35.79,18.6,37.933333333333294,22.1,35.9666666666667,20.0,33.29,19.26,48.0,2.2,49.9975,19.89,29.6,22.6,40.863333333333294,19.39,38.433333333333294,2.85,749.7,83.5,5.5,40.0,0.35,13.784902566112576,13.784902566112576,50
0,20.6,38.5666666666667,19.566666666666695,39.1333333333333,21.39,35.79,20.77,37.338888888888896,19.1,43.5,7.43333333333333,59.0666666666667,19.5,31.1181818181818,21.175,37.09,19.2,36.1266666666667,7.15,751.6666666666669,78.6666666666667,6.3333333333333295,38.16666666666669,3.6,4.2540793656371525,4.2540793656371525,40
0,20.6,38.363333333333294,19.533333333333296,38.723333333333294,21.39,36.03,20.79,37.8557142857143,19.033333333333296,43.36,7.25,59.04,19.5,31.0636363636364,21.15,37.09,19.2,36.0,7.0,751.733333333333,78.3333333333333,6.66666666666667,36.33333333333329,3.4,16.368407453410327,16.368407453410327,20
10,20.6,38.23,19.6,38.463333333333296,21.39,36.49,20.73,37.69333333333329,19.0,43.06,7.201,59.065,19.5,31.066666666666695,21.2,37.09,19.2,35.86,6.85,751.7999999999998,78.0,7.0,34.5,3.2,33.71768349315971,33.71768349315971,50
0,20.6,38.1566666666667,19.6333333333333,38.1333333333333,21.39,36.6633333333333,20.7,37.1942857142857,19.0,42.933333333333294,7.355714285714289,59.1714285714286,19.5,31.0,21.1285714285714,37.09,19.2,35.76,6.7,751.866666666667,77.6666666666667,7.3333333333333295,32.66666666666669,3.0,22.92166250990704,22.92166250990704,70
0,20.6,38.1566666666667,19.76,37.933333333333294,21.39,36.59,20.7,36.8027777777778,19.0,42.723333333333294,7.969999999999998,54.0291666666667,19.5,30.963333333333296,21.1,37.06,19.2,35.6266666666667,6.55,751.9333333333329,77.3333333333333,7.666666666666669,30.8333333333333,2.8,10.197649849578738,10.197649849578738,70
0,20.6,37.69,19.823333333333295,37.5266666666667,21.39,36.4666666666667,20.7,36.515,19.066666666666695,42.59,8.74,44.9444444444444,19.54375,30.750625,21.1222222222222,36.9833333333333,19.2,35.56,6.4,752.0,77.0,8.0,29.0,2.6,16.411101748235524,16.411101748235524,70
0,20.6,37.363333333333294,19.89,37.2666666666667,21.39,36.3266666666667,20.7,36.4722222222222,19.1,42.4666666666667,8.89444444444445,35.51,19.6,30.561111111111096,21.1,36.9494444444444,19.2,35.4333333333333,6.5833333333333295,752.0499999999998,76.3333333333333,8.16666666666667,28.3333333333333,2.66666666666667,34.27035426720977,34.27035426720977,70
0,20.6,37.23,20.0,36.9666666666667,21.5,36.363333333333294,20.7,36.3816666666667,19.1,42.2666666666667,9.017,31.995,19.6,30.3692307692308,21.1388888888889,36.8022222222222,19.2,35.2233333333333,6.76666666666667,752.1,75.6666666666667,8.33333333333333,27.666666666666696,2.7333333333333294,33.38636837434024,33.38636837434024,60
0,20.6333333333333,37.09,20.066666666666695,36.8266666666667,21.5,36.29,20.735,36.2144444444444,19.1,42.06,9.35333333333333,32.6738888888889,19.68125,30.208125,21.1722222222222,36.5516666666667,19.2,35.03,6.95,752.15,75.0,8.5,27.0,2.8,48.94406929379329,48.94406929379329,60
0,20.7,37.09,20.15,36.495,21.39,36.06,20.765454545454496,36.0245454545455,19.1,41.933333333333294,9.60545454545455,32.4163636363636,19.7,30.0538461538462,21.1,36.4,19.2,34.9,7.133333333333329,752.2,74.3333333333333,8.66666666666667,26.3333333333333,2.86666666666667,15.285833412781356,15.285833412781356,60
0,20.7,36.9666666666667,20.2,36.223333333333294,21.445,35.9475,20.7,35.9333333333333,19.1,41.863333333333294,9.498,30.6,19.79,29.79,21.1,36.26,19.2,34.795,7.31666666666667,752.25,73.6666666666667,8.83333333333333,25.666666666666696,2.93333333333333,11.544178053736687,11.544178053736687,70
0,20.7,36.7666666666667,20.2,36.03,21.39,35.73,20.7,35.9,19.1,41.73,9.463333333333328,30.2666666666667,19.736,29.772,21.1,36.0511111111111,19.2,34.5666666666667,7.5,752.2999999999998,73.0,9.0,25.0,3.0,38.28973381314427,38.28973381314427,70
0,20.7,36.6633333333333,20.2,35.76,21.4266666666667,35.7,20.76,35.9,19.05,41.59,9.8,20.8333333333333,19.79,29.463333333333296,21.2,35.8633333333333,19.2,34.5,7.55,752.366666666667,72.1666666666667,8.5,27.5,2.88333333333333,10.151746333576739,10.151746333576739,90
0,20.7,36.463333333333296,20.2,35.6266666666667,21.5,35.6266666666667,20.79,35.76,19.1,41.4666666666667,9.86,19.7,19.89,29.3266666666667,21.2,35.6566666666667,19.2,34.5,7.599999999999999,752.4333333333329,71.3333333333333,8.0,30.0,2.7666666666666706,33.640372834634036,33.640372834634036,150
0,20.79,36.6266666666667,20.23,35.5,21.5,35.5,20.79,35.5666666666667,19.1,41.4,9.29666666666667,17.2633333333333,19.89,29.066666666666695,21.2,35.73,19.23,34.5,7.65,752.5,70.5,7.5,32.5,2.65,3.6243651178665455,3.6243651178665455,90
0,20.8566666666667,36.7,20.23,35.36,21.5,35.5,20.79,35.1,19.1,41.363333333333294,8.55666666666667,26.7233333333333,19.89,28.93,21.26,35.93,19.29,34.36,7.7,752.5666666666668,69.6666666666667,7.0,35.0,2.53333333333333,4.626935254782438,4.626935254782438,80
0,20.823333333333295,36.43,20.29,35.3633333333333,21.463333333333296,35.4666666666667,20.79,34.8633333333333,19.1,41.29,8.699999999999998,21.5566666666667,19.89,28.73,21.323333333333295,36.0,19.29,34.1633333333333,7.75,752.6333333333331,68.8333333333333,6.5,37.5,2.41666666666667,9.167728014290333,9.167728014290333,100
0,20.89,36.23,20.29,35.0966666666667,21.463333333333296,35.4,20.79,34.8633333333333,19.1,41.1633333333333,9.62666666666667,17.89,19.9266666666667,28.6333333333333,21.39,36.0,19.29,34.03,7.8,752.7,68.0,6.0,40.0,2.3,8.94826352596283,8.94826352596283,60
0,20.89,36.0266666666667,20.29,34.76,21.39,35.1633333333333,20.79,34.9,19.1,41.03,9.823333333333329,15.0666666666667,20.0,28.4266666666667,21.5,36.09,19.29,33.9,7.8,752.766666666667,67.8333333333333,6.0,40.0,2.25,45.720302662812166,45.720302662812166,60
0,20.89,35.8266666666667,20.29,34.7,21.39,35.09,20.73,34.8266666666667,19.033333333333296,40.79,10.0233333333333,16.0,20.0,28.29,21.566666666666695,36.1633333333333,19.29,33.8266666666667,7.8,752.8333333333329,67.6666666666667,6.0,40.0,2.2,11.760969250462947,11.760969250462947,70
0,20.89,35.79,20.26,34.5,21.3566666666667,34.9666666666667,20.76,34.79,19.1,40.79,10.06,16.0966666666667,20.0,28.23,21.6,36.2,19.29,33.7,7.8,752.9,67.5,6.0,40.0,2.15,3.7255782866850495,3.7255782866850495,70
0,20.89,35.6566666666667,20.2,34.5,21.29,34.7666666666667,20.7,34.73,19.1,40.7,9.66666666666667,17.3566666666667,20.0,28.1,21.7,36.3266666666667,19.29,33.6266666666667,7.8,752.966666666667,67.3333333333333,6.0,40.0,2.1,9.594674443360418,9.594674443360418,90
0,20.963333333333296,35.4666666666667,20.1,34.56,21.29,34.76,20.7,34.7,19.033333333333296,40.5666666666667,9.733333333333329,18.1966666666667,20.0,28.1,21.7,36.4,19.29,33.59,7.8,753.033333333333,67.1666666666667,6.0,40.0,2.05,37.32557867188007,37.32557867188007,90
0,20.963333333333296,35.4,20.1666666666667,34.5,21.29,34.7,20.7,34.6266666666667,19.1,40.4666666666667,10.1266666666667,16.7233333333333,20.0,28.2,21.73,36.433333333333294,19.29,33.53,7.8,753.1,67.0,6.0,40.0,2.0,22.85145930945873,22.85145930945873,80
0,21.0,35.29,20.2,34.4666666666667,21.29,34.56,20.7,34.5,19.1,40.4,10.1,14.7233333333333,20.0,28.1333333333333,21.79,36.5,19.23,33.4333333333333,8.11666666666667,753.1,66.1666666666667,6.0,40.0,2.11666666666667,36.23303297208622,36.23303297208622,90
0,21.0,35.2675,20.1333333333333,34.4,21.29,34.5,20.7,34.5,19.1,40.26,10.12,14.965,20.0,27.963333333333296,21.823333333333295,36.53,19.29,33.4333333333333,8.43333333333333,753.1,65.3333333333333,6.0,40.0,2.2333333333333294,47.62594311032444,47.62594311032444,100
0,21.0,35.1266666666667,20.066666666666695,34.3333333333333,21.29,34.5,20.6666666666667,34.26,19.1,40.2,9.793333333333328,10.1566666666667,20.0,27.89,21.89,36.53,19.23,33.29,8.75,753.1,64.5,6.0,40.0,2.35,48.046351433731616,48.046351433731616,100
0,21.0,34.9666666666667,20.0,34.2,21.29,34.4333333333333,20.6,34.1266666666667,19.1,40.1633333333333,9.36666666666667,12.39,20.0,27.79,22.033333333333296,36.4,19.23,33.1566666666667,9.06666666666667,753.1,63.66666666666671,6.0,40.0,2.4666666666666694,9.113010670989754,9.113010670989754,100
0,21.0,34.8266666666667,19.8566666666667,34.2,21.29,34.4666666666667,20.6,34.06,19.1,40.09,8.699999999999998,21.0566666666667,20.0,27.79,22.1666666666667,36.4,19.26,33.06,9.383333333333328,753.1,62.83333333333329,6.0,40.0,2.5833333333333295,48.204886121675365,48.204886121675365,100
0,21.0,34.79,19.7675,34.295,21.29,34.3725,20.6,34.0,19.066666666666695,40.0,7.86333333333333,24.6266666666667,19.89,27.9266666666667,22.23,36.433333333333294,19.2,32.8975,9.7,753.1,62.0,6.0,40.0,2.7,9.743489429820329,9.743489429820329,110
0,21.0,34.73,19.7,34.5266666666667,21.29,34.23,20.5,34.0,19.0,39.933333333333294,7.59,26.7666666666667,19.89,28.025,22.29,36.5,19.2,32.79,9.3,753.1666666666669,62.83333333333329,6.16666666666667,40.0,2.5,3.186336869839579,3.186336869839579,100
0,20.89,34.7,19.7,34.59,21.29,34.23,20.5363636363636,33.9045454545455,19.0,39.9,7.338,25.996,19.89,28.1,22.42,36.5872727272727,19.2,32.7,8.9,753.233333333333,63.66666666666671,6.3333333333333295,40.0,2.3,46.845310542266816,46.845310542266816,100
0,20.89,34.7,19.6333333333333,34.59,21.29,34.23,20.5,33.7088888888889,19.0,39.9,6.774,36.096,19.89,28.16875,22.5277777777778,36.745,19.2,32.6266666666667,8.5,753.2999999999998,64.5,6.5,40.0,2.1,14.804845943581311,14.804845943581311,90
0,20.9266666666667,34.7,19.6333333333333,34.7666666666667,21.2,34.0266666666667,20.5,33.6511111111111,19.066666666666695,39.9666666666667,6.71882352941176,38.2576470588235,19.89,28.245,22.6055555555556,36.90333333333329,19.2,32.59,8.099999999999998,753.366666666667,65.3333333333333,6.66666666666667,40.0,1.9,18.55144528672099,18.55144528672099,100
0,20.9266666666667,34.76,19.7,34.9,21.1333333333333,33.9,20.5,33.59,19.066666666666695,39.9,6.49818181818182,37.0872727272727,19.875714285714295,28.237142857142896,22.645454545454495,37.0409090909091,19.2,32.59,7.7,753.4333333333329,66.1666666666667,6.8333333333333295,40.0,1.7,14.34023882029578,14.34023882029578,70
0,21.0,34.8266666666667,19.566666666666695,34.86,21.1666666666667,34.0,20.4175,33.5058333333333,19.0,39.9,6.31,37.519,19.8455555555556,28.2277777777778,22.7,37.06,19.2,32.5666666666667,7.3,753.5,67.0,7.0,40.0,1.5,12.805830175057052,12.805830175057052,60
0,21.0,34.9,19.5,35.0,21.1,33.9333333333333,20.39,33.4833333333333,19.0,39.933333333333294,6.3,38.6,19.79625,28.205625,22.7,37.0,19.2,32.7,7.25,753.5499999999998,66.3333333333333,6.3333333333333295,40.0,1.3,48.91012277221307,48.91012277221307,70
0,20.89,35.0,19.463333333333296,35.09,21.1,33.9333333333333,20.39,33.4666666666667,19.0,39.933333333333294,6.4,40.4566666666667,19.79,28.26,22.675,37.0,19.2,32.7,7.2,753.6,65.6666666666667,5.66666666666667,40.0,1.1,5.741781368851662,5.741781368851662,90
0,20.963333333333296,35.0,19.39,35.09,21.1,34.06,20.39,33.5,19.0,39.9,6.42857142857143,40.61428571428569,19.7835714285714,28.354285714285705,22.65,37.0685714285714,19.1333333333333,32.7,7.15,753.65,65.0,5.0,40.0,0.9,9.036439773626624,9.036439773626624,120
0,21.0,35.09,19.39,35.2,21.1,34.09,20.39,33.5,19.0,39.9,6.3,40.1416666666667,19.745,28.39,22.7,37.275,19.2,32.7,7.1,753.7,64.3333333333333,4.3333333333333295,40.0,0.7,16.737814515363425,16.737814515363425,110
0,21.0,35.03,19.39,35.2,21.1666666666667,34.09,20.34,33.545,19.0,39.9,6.3,40.45090909090911,19.7081818181818,28.39,22.7,37.7,19.2,32.7,7.05,753.75,63.66666666666671,3.6666666666666705,40.0,0.5,45.27318504406139,45.27318504406139,160
0,21.1333333333333,34.9666666666667,19.5,35.3266666666667,21.23,34.0,20.29,33.678,19.0,39.9,6.3,40.75,19.7,28.39,22.7,38.64,19.1,32.7,7.0,753.7999999999998,63.0,3.0,40.0,0.3,20.6027461332269,20.6027461332269,360
0,21.26,37.433333333333294,19.566666666666695,35.4,21.29,34.06,20.29,33.76,19.0,39.9,6.16,39.19333333333329,19.7,28.39,22.7,39.1333333333333,19.1,32.7,7.21666666666667,753.866666666667,62.66666666666671,3.0,40.0,0.45,4.371513309888542,4.371513309888542,180
0,21.4266666666667,41.7266666666667,19.7,35.83,21.323333333333295,34.5,20.29,34.0966666666667,19.0,40.0266666666667,6.09,39.9933333333333,19.7,28.39,22.7,39.5,19.1,32.7,7.43333333333333,753.9333333333329,62.33333333333329,3.0,40.0,0.6,39.43573473952711,39.43573473952711,100
10,21.575,39.795,19.76,36.223333333333294,21.39,34.9,20.29,34.49,19.0,40.23,6.09,40.6,19.6666666666667,28.39,22.745,39.5,19.1,32.7,7.65,754.0,62.0,3.0,40.0,0.75,44.41411084262654,44.41411084262654,100
0,21.6666666666667,37.5266666666667,19.89,36.5,21.5,35.06,20.29,34.73,19.0,40.363333333333294,6.09,41.16666666666669,19.6,28.39,22.76,39.56,19.1,32.7,7.866666666666669,754.0666666666668,61.66666666666671,3.0,40.0,0.9,27.380732900928702,27.380732900928702,100
0,21.73,36.5633333333333,19.89,36.433333333333294,21.5,35.0,20.29,34.79,19.1666666666667,47.6966666666667,5.9475,41.55,19.7,28.5,22.79,39.4666666666667,19.1,33.0333333333333,8.08333333333333,754.1333333333331,61.33333333333329,3.0,40.0,1.05,42.74567974498496,42.74567974498496,140
0,21.8566666666667,36.1566666666667,19.9266666666667,36.4,21.533333333333296,34.8633333333333,20.29,34.9333333333333,19.5,62.76333333333329,5.76,41.9,19.6333333333333,28.5,22.73,39.3266666666667,19.1,33.4333333333333,8.3,754.2,61.0,3.0,40.0,1.2,5.82178917247802,5.82178917247802,100
0,21.9266666666667,35.93,20.025,36.4,21.625,34.7225,20.29,35.06,19.39,61.73,5.56,42.63,19.6,28.533333333333296,22.76,39.06,19.1,33.5,7.76666666666667,754.2,64.0,2.8333333333333295,40.0,1.28333333333333,4.2979642283171415,4.2979642283171415,100
0,22.0,35.6566666666667,20.1666666666667,36.3266666666667,21.7,34.6266666666667,20.29,35.1266666666667,19.323333333333295,60.323333333333295,5.43333333333333,43.223333333333294,19.6,28.6,22.7,38.933333333333294,19.1,33.5,7.233333333333332,754.2,67.0,2.66666666666667,40.0,1.36666666666667,46.6275435872376,46.6275435872376,120
0,22.1,35.56,20.2,36.3266666666667,21.7,34.59,20.29,35.2,19.29,58.8,5.093333333333329,43.26,19.6,28.79,22.76,38.5633333333333,19.1,33.5,6.7,754.2,70.0,2.5,40.0,1.45,45.864773984067135,45.864773984067135,100
0,22.1666666666667,35.4333333333333,20.1333333333333,36.4,21.7,34.53,20.29,35.3266666666667,21.323333333333295,87.45999999999998,4.69333333333333,43.26,19.6,28.8566666666667,22.7,38.09666666666671,19.1,33.5,6.16666666666667,754.2,73.0,2.3333333333333295,40.0,1.53333333333333,6.712494045495986,6.712494045495986,90
0,22.2,35.26,20.2,36.29,21.79,34.5,20.29,35.4,21.0566666666667,86.45999999999998,4.2,43.463333333333296,19.6,28.8566666666667,22.7,38.463333333333296,19.033333333333296,33.4333333333333,5.633333333333329,754.2,76.0,2.16666666666667,40.0,1.61666666666667,31.517999281641092,31.517999281641092,110
0,22.2,35.0666666666667,20.2,36.29,21.79,34.4333333333333,20.29,35.5,20.43,88.09,3.8,43.863333333333294,19.6,28.79,22.7,38.6633333333333,19.1,33.4333333333333,5.1,754.2,79.0,2.0,40.0,1.7,47.90349543327466,47.90349543327466,100
0,22.23,34.9,20.1333333333333,36.1633333333333,21.79,34.3633333333333,20.29,35.5,20.23,87.62999999999998,3.4,44.5966666666667,19.6,28.79,22.76,38.56,19.0,33.29,4.86666666666667,754.233333333333,80.1666666666667,1.8333333333333297,40.0,1.68333333333333,25.05579511635005,25.05579511635005,100
0,22.29,34.7666666666667,20.1333333333333,36.09,21.79,34.29,20.29,35.4,19.963333333333296,86.7,3.12666666666667,45.323333333333295,19.575,28.7225,22.76,38.5,19.0,33.23,4.633333333333329,754.266666666667,81.3333333333333,1.66666666666667,40.0,1.66666666666667,2.9070493532344694,2.9070493532344694,110
0,22.23,34.59,20.1,36.06,21.79,34.2,20.29,35.3266666666667,19.823333333333295,85.4333333333333,2.72333333333333,46.13,19.5,28.7,22.79,38.4,19.0,33.2,4.4,754.2999999999998,82.5,1.5,40.0,1.65,40.2844503056258,40.2844503056258,100
0,22.23,34.53,20.033333333333296,35.9333333333333,21.79,34.2,20.29,35.29,19.76,82.56,2.4633333333333294,46.2566666666667,19.5,28.7,22.79,38.3266666666667,19.0,33.1266666666667,4.16666666666667,754.3333333333329,83.6666666666667,1.33333333333333,40.0,1.63333333333333,41.22220637509599,41.22220637509599,110
0,22.2,34.4666666666667,19.963333333333296,35.9,21.79,34.1633333333333,20.29,35.2,19.9666666666667,86.3666666666667,2.13333333333333,46.09,19.5,28.7,22.79,38.29,19.0,33.09,3.9333333333333296,754.366666666667,84.8333333333333,1.16666666666667,40.0,1.61666666666667,38.80417092004791,38.80417092004791,130
20,22.2,34.4,19.89,35.9666666666667,21.79,34.09,20.23,35.1266666666667,20.7933333333333,90.2666666666667,1.93333333333333,46.4966666666667,19.5,28.7,22.79,38.29,19.0,33.09,3.7,754.4,86.0,1.0,40.0,1.6,28.89100427273661,28.89100427273661,80
10,22.2,34.53,19.8566666666667,36.4266666666667,21.7,34.1266666666667,20.2,35.1566666666667,20.46,85.45999999999998,1.72666666666667,47.09,19.5,28.8266666666667,22.79,38.4,19.0,33.1266666666667,3.6333333333333298,754.45,85.8333333333333,1.0,40.0,1.5,7.776432391256094,7.776432391256094,70
20,22.2,34.6633333333333,19.79,36.83333333333329,21.6333333333333,34.26,20.26,35.43,20.26,82.56333333333329,1.6,47.4966666666667,19.5,28.9266666666667,22.8566666666667,38.5266666666667,19.0,33.26,3.56666666666667,754.5,85.6666666666667,1.0,40.0,1.4,43.15878965426236,43.15878965426236,60
10,22.1666666666667,34.8266666666667,19.7,36.933333333333294,21.566666666666695,34.4333333333333,20.29,35.6266666666667,20.1333333333333,81.6966666666667,1.5,48.35,19.5,29.066666666666695,22.823333333333295,38.6566666666667,19.0,33.53,3.5,754.5499999999998,85.5,1.0,40.0,1.3,28.364711848553274,28.364711848553274,50
10,22.1,34.9666666666667,19.7,37.0,21.5,34.5,20.29,35.8333333333333,20.1,80.5333333333333,1.39,48.7566666666667,19.533333333333296,29.1333333333333,22.823333333333295,38.79,18.9266666666667,33.6633333333333,3.43333333333333,754.6,85.3333333333333,1.0,40.0,1.2,26.734123984351758,26.734123984351758,60
20,22.1,35.09,19.6,37.0,21.39,34.4333333333333,20.323333333333295,36.1266666666667,20.033333333333296,79.3933333333333,1.39,49.363333333333294,19.533333333333296,29.26,22.79,39.1,19.0,33.8266666666667,3.36666666666667,754.65,85.1666666666667,1.0,40.0,1.1,4.465750989038497,4.465750989038497,70
10,22.0,35.1266666666667,19.533333333333296,37.06,21.39,34.5,20.39,36.2,19.963333333333296,78.0,1.29,49.5,19.533333333333296,29.29,22.79,39.433333333333294,19.0,33.9,3.3,754.7,85.0,1.0,40.0,1.0,36.458319355733686,36.458319355733686,80
10,22.0,35.2,19.463333333333296,37.1633333333333,21.39,34.5,20.39,36.2,19.823333333333295,76.73333333333329,1.23,49.5,19.533333333333296,29.3566666666667,22.79,39.56,19.0,34.03,3.16666666666667,754.766666666667,85.5,1.0,40.0,0.95,48.88099466916174,48.88099466916174,70
0,20.6,36.23,20.1933333333333,36.7666666666667,21.566666666666695,34.5,20.2,35.7666666666667,18.79,49.863333333333294,6.5,58.0666666666667,19.1333333333333,29.566666666666695,21.2,37.6266666666667,19.1,35.3266666666667,3.9333333333333296,756.0,86.3333333333333,2.0,26.666666666666696,1.8333333333333297,9.575175121426582,9.575175121426582,70
0,20.6,36.1633333333333,20.866666666666696,36.0933333333333,21.533333333333296,34.4,20.26,36.0266666666667,18.73,49.39,7.16666666666667,58.533333333333296,19.1,29.5,21.1666666666667,37.5,19.1,35.06,4.41666666666667,756.0499999999998,84.6666666666667,2.0,27.8333333333333,2.06666666666667,16.244084876962006,16.244084876962006,80
0,20.6666666666667,36.1633333333333,21.4666666666667,35.1666666666667,21.6,34.4666666666667,20.39,36.23,18.76,48.9,7.56666666666667,58.9266666666667,19.1,29.5,21.1,37.433333333333294,19.1,35.0,4.9,756.1,83.0,2.0,29.0,2.3,37.49925823649392,37.49925823649392,80
0,20.7,36.09,21.96,34.1233333333333,21.6,34.53,20.4725,36.3725,18.7,48.5,8.22666666666667,58.7333333333333,19.1,29.5,21.1,37.29,19.1,34.8633333333333,5.0833333333333295,756.15,82.1666666666667,2.0,30.8333333333333,2.3333333333333295,49.38023410504684,49.38023410504684,60
20,20.7,36.09,21.96,33.6566666666667,21.533333333333296,34.59,20.566666666666695,36.4,18.76,48.1333333333333,8.83,53.56,19.1,29.5,21.1,37.23,19.1,34.79,5.26666666666667,756.2,81.3333333333333,2.0,32.66666666666669,2.36666666666667,35.23359767859802,35.23359767859802,60
10,20.7,36.06,21.6666666666667,33.76,21.5,34.7,20.6333333333333,36.4,18.7,47.933333333333294,8.89,48.5,19.1,29.4266666666667,21.066666666666695,37.1333333333333,19.1,34.56,5.45,756.25,80.5,2.0,34.5,2.4,35.35038643749431,35.35038643749431,60
10,20.7,36.0,21.533333333333296,33.8333333333333,21.5,34.7,20.7,36.4,18.7,47.49,9.063333333333329,41.1,19.1,29.39,21.0,37.0,19.1,34.4333333333333,5.633333333333329,756.2999999999998,79.6666666666667,2.0,36.33333333333329,2.43333333333333,48.8562022917904,48.8562022917904,60
10,20.7,35.9,21.866666666666696,33.6233333333333,21.463333333333296,34.7,20.79,36.363333333333294,18.7,47.1566666666667,9.59666666666667,35.3,19.1,29.323333333333295,21.0,36.863333333333294,19.1,34.29,5.81666666666667,756.35,78.8333333333333,2.0,38.16666666666669,2.4666666666666694,2.321416884660721,2.321416884660721,80
10,20.7,35.8266666666667,22.26,32.9566666666667,21.39,34.7,20.8566666666667,36.363333333333294,18.7,46.83333333333329,10.3266666666667,31.596666666666696,19.1,29.29,21.0,36.79,19.1,34.29,6.0,756.4,78.0,2.0,40.0,2.5,11.034175078384578,11.034175078384578,90
10,20.79,35.8266666666667,22.23,32.6633333333333,21.4266666666667,34.7666666666667,21.0,36.26,18.7,46.6266666666667,10.7933333333333,27.596666666666696,19.1,29.23,21.0,36.76,19.1,34.2,6.14166666666667,756.3833333333331,76.9166666666667,2.16666666666667,40.0,2.41666666666667,31.358565599657595,31.358565599657595,70
10,20.79,36.0266666666667,22.23,32.39,21.4266666666667,34.8266666666667,21.066666666666695,36.2,18.7,46.223333333333294,10.7933333333333,25.123333333333296,19.1,29.1666666666667,20.9266666666667,36.7,19.1,34.1266666666667,6.28333333333333,756.366666666667,75.8333333333333,2.3333333333333295,40.0,2.3333333333333295,17.481383064296097,17.481383064296097,70
10,20.73,36.0266666666667,22.033333333333296,32.4666666666667,21.39,34.79,21.1333333333333,36.2,18.7,46.03,10.7933333333333,23.456666666666695,19.1,29.1,20.89,36.6333333333333,19.1,33.8633333333333,6.425,756.35,74.75,2.5,40.0,2.25,19.624456891324368,19.624456891324368,90
20,20.79,35.8725,22.033333333333296,32.2666666666667,21.39,34.79,21.2,36.1266666666667,18.7,45.76,10.9633333333333,21.566666666666695,19.1,28.963333333333296,20.89,36.5,19.1,33.79,6.56666666666667,756.3333333333329,73.6666666666667,2.66666666666667,40.0,2.16666666666667,42.62856470886618,42.62856470886618,80
10,20.79,35.73,22.066666666666695,32.3633333333333,21.5,35.0,21.23,35.8633333333333,18.76,45.5666666666667,11.0966666666667,20.4933333333333,19.1,28.89,20.89,36.4,19.05,33.545,6.7083333333333295,756.3166666666668,72.5833333333333,2.8333333333333295,40.0,2.0833333333333295,24.770481151062995,24.770481151062995,70
10,20.79,35.56,22.2675,31.9425,21.5,35.0,21.23,35.5966666666667,18.7,45.2966666666667,11.95,14.7,19.1,28.76,20.84,36.2725,19.1,33.5,6.85,756.2999999999998,71.5,3.0,40.0,2.0,3.9962793816812336,3.9962793816812336,70
10,20.79,35.5,22.23,31.6333333333333,21.5,35.0,21.26,35.43,18.7,45.09,10.8566666666667,12.4633333333333,19.1,28.6333333333333,20.823333333333295,36.1566666666667,19.1,33.36,6.99166666666667,756.283333333333,70.4166666666667,3.16666666666667,40.0,1.91666666666667,43.839439272414886,43.839439272414886,60
10,20.79,35.3633333333333,21.963333333333296,31.6333333333333,21.5,35.0,21.2,35.29,18.7,44.863333333333294,9.26333333333333,15.1966666666667,19.1,28.6333333333333,20.79,36.09,19.0,33.09,7.133333333333329,756.266666666667,69.3333333333333,3.3333333333333295,40.0,1.8333333333333297,15.631418663542716,15.631418663542716,70
0,20.79,35.23,21.7633333333333,31.76,21.5,35.0,21.2,35.1333333333333,18.7,44.695,7.23,31.43,19.1,28.7,20.79,36.09,19.0,33.09,7.275,756.25,68.25,3.5,40.0,1.75,14.764204935636371,14.764204935636371,40
0,20.79,35.2,21.6666666666667,32.03,21.5,35.0,21.2,34.86,18.7,44.53,6.6233333333333295,42.1633333333333,19.1,28.823333333333295,20.73,36.09,19.0,33.09,7.416666666666669,756.233333333333,67.1666666666667,3.6666666666666705,40.0,1.66666666666667,11.088955460581928,11.088955460581928,50
0,20.79,35.1266666666667,21.6,32.09,21.5,35.0,21.1666666666667,34.7,18.7,44.26,7.35666666666667,48.5,19.1,28.963333333333296,20.73,36.09,19.0,33.09,7.55833333333333,756.216666666667,66.0833333333333,3.8333333333333295,40.0,1.58333333333333,9.933349839411678,9.933349839411678,50
0,20.79,35.09,21.463333333333296,32.1633333333333,21.5,35.0,21.1,34.6266666666667,18.7,44.1266666666667,7.83,47.0266666666667,19.1,29.245,20.7,36.2,19.0,33.2,7.7,756.2,65.0,4.0,40.0,1.5,34.99239676166326,34.99239676166326,60
0,20.73,35.09,21.323333333333295,32.2233333333333,21.5,35.0,21.066666666666695,34.56,18.7,44.06,7.2,42.4933333333333,19.1,29.39,20.7,36.26,19.0,33.26,7.233333333333332,756.25,66.8333333333333,4.0,40.0,1.4,23.432123253587637,23.432123253587637,50
0,20.7,35.09,21.2,32.36,21.5,34.9,21.0,34.425,18.7,43.933333333333294,7.26666666666667,45.36,19.1,29.463333333333296,20.7,36.3266666666667,19.0,33.29,6.76666666666667,756.2999999999998,68.6666666666667,4.0,40.0,1.3,14.291885634884238,14.291885634884238,30
0,20.7,35.09,21.2,32.5,21.5,34.9,21.0,34.4,18.7,43.863333333333294,8.42333333333333,49.05666666666671,19.1333333333333,29.6,20.7,36.4,19.0,33.3633333333333,6.3,756.35,70.5,4.0,40.0,1.2,26.982310181483623,26.982310181483623,30
0,20.7,35.0,21.2,32.5,21.5,34.9,21.0,34.4333333333333,18.7,43.6566666666667,9.09,46.723333333333294,19.2,29.6666666666667,20.7,36.433333333333294,19.0,33.4,5.8333333333333295,756.4,72.3333333333333,4.0,40.0,1.1,17.559956340119243,17.559956340119243,40
0,20.7,35.0,21.2,32.56,21.5,34.9,21.0,34.5,18.7,43.5,9.55666666666667,44.0666666666667,19.29,29.79,20.6333333333333,36.433333333333294,19.0,33.4666666666667,5.36666666666667,756.45,74.1666666666667,4.0,40.0,1.0,44.800983218010515,44.800983218010515,30
0,20.79,35.0,21.1666666666667,32.7666666666667,21.39,34.79,20.963333333333296,34.5,18.7,43.433333333333294,9.963333333333328,40.4,19.29,29.79,20.6666666666667,36.56,19.0,33.59,4.9,756.5,76.0,4.0,40.0,0.9,11.729596252553163,11.729596252553163,60
0,20.79,35.0,21.1,32.9,21.39,34.79,20.89,34.5,18.7,43.4,9.963333333333328,36.6966666666667,19.29,29.89,20.6,36.5,19.0,33.6633333333333,5.2083333333333295,756.475,75.5833333333333,3.9166666666666705,40.0,1.11666666666667,21.094297221861776,21.094297221861776,50
0,20.79,35.0,21.0,33.03,21.39,34.9,20.89,34.4666666666667,18.7,43.3266666666667,9.43,32.9566666666667,19.29,29.89,20.6,36.56,18.9266666666667,33.59,5.51666666666667,756.45,75.1666666666667,3.8333333333333295,40.0,1.33333333333333,23.848102102056146,23.848102102056146,50
0,20.79,35.0,21.0,33.09,21.39,34.9,20.89,34.4,18.7,43.29,9.16,38.03,19.29,29.9266666666667,20.6,36.56,19.0,33.6633333333333,5.825,756.4249999999998,74.75,3.75,40.0,1.55,37.10711292224005,37.10711292224005,60
0,20.79,35.0,20.8566666666667,33.2,21.4266666666667,34.9333333333333,20.89,34.4333333333333,18.7,43.23,9.033333333333328,39.363333333333294,19.29,30.1333333333333,20.6,36.59,19.0,33.73,6.133333333333329,756.4,74.3333333333333,3.6666666666666705,40.0,1.76666666666667,6.9773665396496645,6.9773665396496645,60
0,20.79,35.0225,20.8566666666667,33.3333333333333,21.5,35.0,20.89,34.5,18.7,43.1633333333333,9.16666666666667,39.433333333333294,19.323333333333295,30.29,20.6,36.6633333333333,19.0,33.8633333333333,6.44166666666667,756.375,73.9166666666667,3.5833333333333295,40.0,1.98333333333333,42.909177124965936,42.909177124965936,50
0,20.79,35.09,20.79,33.4,21.5,34.9,20.79,34.5,18.7,43.09,9.625,38.27,19.39,30.3566666666667,20.5,36.79,18.945,34.0,6.75,756.35,73.5,3.5,40.0,2.2,45.6930878572166,45.6930878572166,40
0,20.79,35.09,20.73,33.4666666666667,21.5,34.9666666666667,20.79,34.5,18.7,43.06,10.1266666666667,35.4666666666667,19.39,30.3566666666667,20.566666666666695,36.79,18.9266666666667,34.0,7.05833333333333,756.325,73.0833333333333,3.41666666666667,40.0,2.41666666666667,49.35797369107604,49.35797369107604,50
0,20.79,35.09,20.7,33.5,21.5,35.0,20.79,34.4666666666667,18.7,43.0,10.5666666666667,30.36,19.39,30.29,20.5,36.79,18.9266666666667,34.0,7.366666666666669,756.2999999999998,72.6666666666667,3.3333333333333295,40.0,2.63333333333333,46.7748052906245,46.7748052906245,50
0,20.79,35.09,20.566666666666695,33.4,21.5,35.0,20.79,34.3266666666667,18.6666666666667,42.93,10.0933333333333,20.693333333333296,19.39,30.1666666666667,20.5,36.6633333333333,18.89,33.8633333333333,7.675,756.275,72.25,3.25,40.0,2.85,10.783133306540549,10.783133306540549,50
0,20.79,35.03,20.4266666666667,33.4,21.5,35.0,20.76,34.26,18.675,42.845,8.89666666666667,18.666666666666696,19.323333333333295,30.033333333333296,20.5,36.59,18.89,33.73,7.983333333333332,756.25,71.8333333333333,3.16666666666667,40.0,3.06666666666667,17.60828575352207,17.60828575352207,50
0,20.79,35.1333333333333,20.29,33.5666666666667,21.5,35.0,20.7,34.2,18.7,42.73,8.96333333333333,20.3333333333333,19.39,29.8566666666667,20.5,36.56,18.89,33.56,8.29166666666667,756.225,71.4166666666667,3.0833333333333295,40.0,3.28333333333333,31.165012030396607,31.165012030396607,60
0,20.79,35.4666666666667,20.3566666666667,33.7,21.5,35.0,20.7,34.06,18.7,42.6633333333333,9.63,17.4666666666667,19.39,29.73,20.5,36.433333333333294,18.89,33.4333333333333,8.599999999999998,756.2,71.0,3.0,40.0,3.5,47.54990835208446,47.54990835208446,80
0,20.89,35.6633333333333,20.3566666666667,33.79,21.5,35.0,20.7,34.0,18.7,42.59,9.63,14.8,19.445,29.7,20.533333333333296,36.53,18.89,33.3633333333333,8.43333333333333,756.233333333333,71.0,3.5,38.0,3.35,15.12450174195692,15.12450174195692,80
0,20.89,35.59,20.29,33.79,21.5,34.9333333333333,20.7,34.0,18.7,42.5,9.8,11.06,19.6,29.43,20.6,36.59,18.89,33.23,8.26666666666667,756.266666666667,71.0,4.0,36.0,3.2,49.035659444052726,49.035659444052726,70
0,20.89,35.56,20.26,33.76,21.5,34.9,20.7,33.925,18.7,42.433333333333294,10.06,11.06,19.6,29.163333333333295,20.6333333333333,36.73,18.89,33.06,8.099999999999998,756.2999999999998,71.0,4.5,34.0,3.05,8.88242251239717,8.88242251239717,50
0,20.89,35.4333333333333,20.2,33.6266666666667,21.5,34.9,20.7,33.9,18.7,42.4,10.7566666666667,7.96666666666667,19.7,28.963333333333296,20.7,36.79,18.89,32.9333333333333,7.93333333333333,756.3333333333329,71.0,5.0,32.0,2.9,39.48262216290459,39.48262216290459,50
0,20.9266666666667,35.26,20.23,33.4666666666667,21.5,34.79,20.7,33.76,18.7,42.3266666666667,11.03,6.1,19.7,28.7633333333333,20.79,36.7,18.89,32.6633333333333,7.76666666666667,756.366666666667,71.0,5.5,30.0,2.75,49.32979387231171,49.32979387231171,50
0,21.0,35.2,20.23,33.3266666666667,21.5,34.79,20.7,33.76,18.73,42.1633333333333,11.49,4.93,19.79,28.43,20.8566666666667,36.76,18.89,32.4633333333333,7.599999999999999,756.4,71.0,6.0,28.0,2.6,10.122014326043425,10.122014326043425,120
0,21.0,35.1633333333333,20.1666666666667,33.26,21.463333333333296,34.76,20.7,33.76,18.79,42.03,11.69,1.93,19.79,28.163333333333295,20.9266666666667,36.76,18.89,32.26,7.93333333333333,756.35,68.3333333333333,5.5,30.0,2.3333333333333295,24.641390668693926,24.641390668693926,400
0,21.0,34.89,20.1666666666667,33.0666666666667,21.39,34.7,20.7,33.6266666666667,18.79,41.863333333333294,11.9266666666667,1.0,19.79,27.93,21.0,36.5666666666667,18.89,32.1266666666667,8.26666666666667,756.2999999999998,65.6666666666667,5.0,32.0,2.06666666666667,25.758373585995287,25.758373585995287,240
0,21.0,34.6633333333333,20.2,32.79,21.5,34.8633333333333,20.7,33.56,18.79,41.73,11.7933333333333,1.0,19.79,27.5966666666667,21.033333333333296,36.29,18.89,31.8566666666667,8.599999999999998,756.25,63.0,4.5,34.0,1.8,17.79505203012377,17.79505203012377,120
0,21.0,34.59,20.2,32.73,21.5,34.79,20.6333333333333,33.36,18.79,41.56,11.7266666666667,1.0,19.89,27.3266666666667,21.1,36.1566666666667,18.89,31.663333333333295,8.93333333333333,756.2,60.33333333333329,4.0,36.0,1.53333333333333,45.90692014899105,45.90692014899105,120
0,21.033333333333296,34.4666666666667,20.1,32.59,21.5,34.8633333333333,20.6,33.1633333333333,18.8566666666667,41.5,11.86,1.0,19.89,26.9933333333333,21.23,35.9666666666667,18.8566666666667,31.2933333333333,9.26666666666667,756.15,57.66666666666671,3.5,38.0,1.26666666666667,25.179426942486316,25.179426942486316,120
0,21.1,34.3266666666667,20.1,32.53,21.5,34.79,20.6,32.9633333333333,18.89,41.26,11.745,1.0,19.89,26.496666666666705,21.29,35.6933333333333,18.8566666666667,31.033333333333296,9.6,756.1,55.0,3.0,40.0,1.0,32.62779403012246,32.62779403012246,130
0,21.1,34.4,20.1,32.2233333333333,21.5,34.79,20.6,32.7666666666667,18.89,41.1266666666667,11.6,1.0,19.89,26.163333333333295,21.4266666666667,35.3633333333333,18.79,30.65,9.68333333333333,756.1,53.5,3.16666666666667,40.0,0.666666666666667,25.22133293095976,25.22133293095976,120
0,21.1,33.6933333333333,20.033333333333296,31.6966666666667,21.5,34.5966666666667,20.6,32.2266666666667,19.0,40.93,11.6,1.0,19.89,25.8566666666667,21.566666666666695,35.23,18.79,30.3266666666667,9.76666666666667,756.1,52.0,3.3333333333333295,40.0,0.333333333333333,21.169594721868634,21.169594721868634,140
0,21.1,33.3,20.0,31.39,21.5,34.145,20.6,32.09,19.066666666666695,40.73,11.4633333333333,1.0,19.89,25.73,21.6333333333333,35.0,18.79,30.1333333333333,9.85,756.1,50.5,3.5,40.0,0.0,29.4617329724133,29.4617329724133,230
0,21.1333333333333,33.43,20.0,31.39,21.5,34.09,20.6,32.09,19.1333333333333,40.4666666666667,11.4633333333333,1.0,19.89,25.463333333333296,21.772,34.814,18.79,30.0,9.93333333333333,756.1,49.0,3.6666666666666705,40.0,-0.333333333333333,35.72615827433765,35.72615827433765,580
0,21.1333333333333,33.23,20.0,31.39,21.566666666666695,34.4233333333333,20.5,32.2,19.2225,40.25,11.36,1.0,19.89,25.323333333333295,21.79,34.7,18.79,29.9266666666667,10.0166666666667,756.1,47.5,3.8333333333333295,40.0,-0.666666666666667,22.374853747896847,22.374853747896847,410
0,21.1,33.5,20.0,31.533333333333296,21.893333333333295,35.9333333333333,20.5,32.2,19.29,40.0666666666667,11.1666666666667,1.0,19.89,25.1666666666667,21.79,34.43,18.79,29.79,10.1,756.1,46.0,4.0,40.0,-1.0,36.25716954702512,36.25716954702512,350
0,21.1666666666667,33.8333333333333,19.9266666666667,31.533333333333296,22.2933333333333,36.8,20.566666666666695,32.09,19.29,39.9,11.03,1.0,19.89,25.05,21.79,34.29,18.79,29.73,10.05,756.116666666667,45.16666666666671,4.16666666666667,40.0,-1.33333333333333,32.283067947719246,32.283067947719246,560
0,21.1,33.76,19.89,31.73,22.663333333333295,37.5666666666667,20.5,32.09,19.29,39.8266666666667,10.83,1.0,19.84,24.795,21.79,34.29,18.79,29.566666666666695,10.0,756.1333333333331,44.33333333333329,4.3333333333333295,40.0,-1.66666666666667,2.42894294206053,2.42894294206053,550
0,21.1,33.6266666666667,19.89,31.79,22.996666666666705,38.0266666666667,20.5,31.945,19.2,39.59,10.66,1.0,19.79,24.566666666666695,21.79,34.29,18.79,29.4266666666667,9.95,756.15,43.5,4.5,40.0,-2.0,2.9603017261251807,2.9603017261251807,300
0,21.2,33.29,19.89,31.79,23.2633333333333,38.1566666666667,20.5,31.79,19.2,39.53,10.46,1.0,19.79,24.4266666666667,21.823333333333295,34.2666666666667,18.79,29.3566666666667,9.9,756.1666666666669,42.66666666666671,4.66666666666667,40.0,-2.3333333333333295,14.147134858649224,14.147134858649224,300
0,21.2,33.29,19.823333333333295,31.79,23.463333333333296,38.23,20.5,31.73,19.2,39.363333333333294,10.2633333333333,1.0,19.79,24.29,21.89,34.4666666666667,18.79,29.23,9.85,756.1833333333329,41.83333333333329,4.8333333333333295,40.0,-2.66666666666667,42.01718008844182,42.01718008844182,290
0,21.2,33.5,19.79,31.9266666666667,23.7,38.06,20.5,31.6666666666667,19.2,39.23,9.99,1.0,19.79,24.23,21.89,34.5,18.79,29.1666666666667,9.8,756.2,41.0,5.0,40.0,-3.0,48.46912351204082,48.46912351204082,200
0,21.2,33.7,19.73,32.0,23.8266666666667,37.933333333333294,20.4266666666667,31.533333333333296,19.2,39.09,9.62666666666667,1.0,19.76,24.1666666666667,21.89,34.4333333333333,18.79,29.1666666666667,9.68333333333333,756.2,41.33333333333329,4.66666666666667,40.0,-2.9833333333333294,26.05556935304776,26.05556935304776,150
0,21.1333333333333,33.6666666666667,19.7,32.06,23.8566666666667,37.393333333333295,20.4266666666667,31.533333333333296,19.2,39.09,9.42666666666667,1.0,19.7,24.1,21.89,34.3633333333333,18.79,29.2,9.56666666666667,756.2,41.66666666666671,4.3333333333333295,40.0,-2.9666666666666694,14.839645416941492,14.839645416941492,120
0,21.1333333333333,33.86,19.7,32.4666666666667,23.73,36.8,20.4266666666667,31.46,19.2,39.06,10.2666666666667,1.0,19.7,24.1,21.963333333333296,34.29,18.79,29.2,9.45,756.2,42.0,4.0,40.0,-2.95,40.29892133548856,40.29892133548856,90
0,21.1,33.5,19.6666666666667,32.73,23.6666666666667,36.33333333333329,20.39,31.39,19.2,38.933333333333294,11.1333333333333,1.0,19.7,24.1,22.0,34.09,18.79,29.29,9.33333333333333,756.2,42.33333333333329,3.6666666666666705,40.0,-2.93333333333333,15.103504387661815,15.103504387661815,90
0,21.1,33.36,19.6,32.79,23.533333333333296,36.1266666666667,20.39,31.323333333333295,19.2,38.863333333333294,9.845,1.0,19.6666666666667,24.066666666666695,22.0,34.09,18.79,29.29,9.21666666666667,756.2,42.66666666666671,3.3333333333333295,40.0,-2.91666666666667,30.890384153462943,30.890384153462943,70
0,21.1,33.1633333333333,19.5,32.8266666666667,23.39,35.8633333333333,20.39,31.29,19.1333333333333,38.73,8.03333333333333,1.0,19.6,24.066666666666695,22.0,34.09,18.76,29.29,9.1,756.2,43.0,3.0,40.0,-2.9,23.28722332604229,23.28722332604229,90
0,21.1,33.09,19.4266666666667,32.9,23.323333333333295,35.73,20.39,31.29,19.1,38.6633333333333,7.1,1.0,19.6,24.2633333333333,22.0,34.09,18.7,29.3566666666667,8.55,756.2,46.66666666666671,2.8333333333333295,40.0,-2.4833333333333294,21.92937772488221,21.92937772488221,90
0,21.1,33.0,19.39,32.9333333333333,23.1666666666667,35.4,20.3566666666667,31.39,19.1,38.59,6.133333333333329,2.5266666666666695,19.533333333333296,24.53,22.033333333333296,34.1266666666667,18.7,29.445,8.0,756.2,50.33333333333329,2.66666666666667,40.0,-2.06666666666667,27.86243185400963,27.86243185400963,110
0,21.1,33.0,19.323333333333295,33.1333333333333,23.033333333333296,35.2666666666667,20.29,31.463333333333296,19.1,38.5,5.53333333333333,4.3333333333333295,19.5,24.7633333333333,22.1666666666667,34.2,18.7,29.533333333333296,7.45,756.2,54.0,2.5,40.0,-1.65,47.88773680338636,47.88773680338636,130
0,21.033333333333296,32.9333333333333,19.29,33.29,22.945,35.145,20.29,31.533333333333296,19.1,38.5,4.99333333333333,6.46666666666667,19.5,25.03,22.2,34.2,18.7,29.6,6.9,756.2,57.66666666666671,2.3333333333333295,40.0,-1.23333333333333,35.620803374331445,35.620803374331445,110
0,21.0,32.9,19.2,33.4333333333333,22.89,35.0,20.29,31.6,19.1,38.5,4.66,7.866666666666669,19.5,25.23,22.26,34.26,18.7,29.7,6.35,756.2,61.33333333333329,2.16666666666667,40.0,-0.8166666666666661,9.07173822633922,9.07173822633922,100
10,21.0,32.9666666666667,19.1333333333333,33.56,22.823333333333295,34.9333333333333,20.29,31.7,19.1,38.5,4.33,9.23,19.5,25.3566666666667,22.29,34.29,18.7,29.76,5.8,756.2,65.0,2.0,40.0,-0.4,1.8439415260218084,1.8439415260218084,80
0,21.0,33.2666666666667,19.1,33.6566666666667,22.79,34.8633333333333,20.29,31.76,19.1,38.56,4.06333333333333,9.89666666666667,19.39,25.46,22.323333333333295,34.5666666666667,18.7,29.9266666666667,5.55,756.2,66.5,2.0,40.0,-0.316666666666667,2.788436645641923,2.788436645641923,50
0,21.0,33.5266666666667,19.033333333333296,33.79,22.73,34.8633333333333,20.2,31.6,19.0,38.6266666666667,3.9,10.5266666666667,19.39,25.726666666666695,22.323333333333295,34.9,18.7,30.066666666666695,5.3,756.2,68.0,2.0,40.0,-0.233333333333333,6.042859528679401,6.042859528679401,50
0,21.0,33.5,18.963333333333296,33.9333333333333,22.7,34.9,20.2,31.533333333333296,19.0,38.76,3.82666666666667,11.3333333333333,19.5,26.05,22.39,35.5,18.7,30.4933333333333,5.05,756.2,69.5,2.0,40.0,-0.15,28.37425342295319,28.37425342295319,50
0,21.0,33.5,18.89,34.06,22.7,34.9666666666667,20.2,31.6,19.0,39.0,3.6633333333333296,13.16,19.39,26.23,22.323333333333295,35.8333333333333,18.7,30.9,4.8,756.2,71.0,2.0,40.0,-0.0666666666666667,26.882927282713357,26.882927282713357,40
0,20.963333333333296,33.53,18.79,34.1266666666667,22.6666666666667,35.0,20.2,31.6,19.0,39.06,3.53,14.8266666666667,19.39,26.3566666666667,22.3566666666667,36.2666666666667,18.7,31.393333333333295,4.55,756.2,72.5,2.0,40.0,0.0166666666666667,29.077090288046747,29.077090288046747,60
0,20.89,33.53,18.73,34.26,22.6,35.0,20.2,31.6666666666667,19.0,39.23,3.3333333333333295,15.89,19.39,26.533333333333296,22.29,36.6,18.7,31.726666666666695,4.3,756.2,74.0,2.0,40.0,0.1,3.984140034299344,3.984140034299344,60
0,20.89,33.59,18.7,34.4633333333333,22.6,35.0,20.2,31.7,19.0,39.363333333333294,3.12666666666667,16.69,19.39,26.6666666666667,22.29,36.963333333333296,18.6333333333333,32.0966666666667,4.0833333333333295,756.1833333333329,74.8333333333333,2.16666666666667,40.0,0.0333333333333333,36.967733490746475,36.967733490746475,50
0,20.89,33.59,18.6333333333333,34.59,22.6,35.06,20.1333333333333,31.7,18.963333333333296,39.5,2.9666666666666694,18.4333333333333,19.39,26.79,22.23,37.1633333333333,18.7,32.43,3.86666666666667,756.1666666666669,75.6666666666667,2.3333333333333295,40.0,-0.0333333333333333,31.400396826211363,31.400396826211363,60
0,20.823333333333295,33.53,18.566666666666695,34.7666666666667,22.6,35.03,20.1,31.79,18.89,39.56,2.82666666666667,19.893333333333295,19.39,26.8566666666667,22.2,37.53,18.7,32.7666666666667,3.65,756.15,76.5,2.5,40.0,-0.1,49.407417443580925,49.407417443580925,50
0,20.823333333333295,33.53,18.5,35.0266666666667,22.6,35.09,20.1,31.8566666666667,18.89,39.7,2.645,22.445,19.39,27.033333333333296,22.1333333333333,37.6633333333333,18.7,33.0266666666667,3.43333333333333,756.1333333333331,77.3333333333333,2.66666666666667,40.0,-0.166666666666667,26.70835421886295,26.70835421886295,40
0,20.79,33.59,18.39,35.1266666666667,22.6,35.09,20.1,31.9266666666667,18.89,39.76,2.73,25.823333333333295,19.39,27.1,22.066666666666695,37.79,18.7,33.4633333333333,3.2166666666666694,756.116666666667,78.1666666666667,2.8333333333333295,40.0,-0.233333333333333,44.26374033791944,44.26374033791944,50
0,20.79,33.59,18.39,35.2,22.6,35.09,20.033333333333296,32.0,18.89,39.933333333333294,2.93,27.823333333333295,19.39,27.29,22.0,37.863333333333294,18.7,33.7233333333333,3.0,756.1,79.0,3.0,40.0,-0.3,18.39833881240338,18.39833881240338,50
0,20.79,33.6266666666667,18.29,35.4333333333333,22.566666666666695,35.09,20.0,32.03,18.89,40.0,3.36,28.8333333333333,19.39,27.3566666666667,22.0,38.1566666666667,18.7,34.0666666666667,3.03888888888889,756.055555555556,79.1111111111111,3.05555555555556,40.0,-0.244444444444444,13.030748383607715,13.030748383607715,60
0,20.79,33.7,18.23,35.5,22.5,35.09,20.0,32.1633333333333,18.89,40.1266666666667,3.56,29.226666666666695,19.39,27.4266666666667,22.0,38.49,18.7,34.3333333333333,3.07777777777778,756.0111111111108,79.22222222222221,3.1111111111111094,40.0,-0.18888888888888897,27.194706874433905,27.194706874433905,60
0,20.7,33.7,18.2,35.6266666666667,22.5,35.2,20.0,32.2,18.89,40.2,3.7,29.6333333333333,19.39,27.566666666666695,21.89,38.86,18.7,34.69,3.11666666666667,755.966666666667,79.3333333333333,3.16666666666667,40.0,-0.133333333333333,36.45959297427908,36.45959297427908,50
0,20.7,33.79,18.1333333333333,35.76,22.5,35.2,20.0,32.26,18.89,40.29,3.5666666666666695,29.166666666666696,19.29,27.7,21.89,39.0,18.7,34.9633333333333,3.15555555555556,755.9222222222221,79.4444444444444,3.22222222222222,40.0,-0.07777777777777779,13.96476523950696,13.96476523950696,50
0,20.7,33.79,18.1,35.95,22.5,35.2,20.0,32.29,18.89,40.363333333333294,3.43333333333333,30.3,19.29,27.76,21.89,39.1566666666667,18.7,35.2233333333333,3.19444444444444,755.877777777778,79.5555555555556,3.27777777777778,40.0,-0.0222222222222222,21.293085510842506,21.293085510842506,40
0,20.6666666666667,33.79,18.066666666666695,36.06,22.5,35.2,20.0,32.29,18.89,40.4,3.56,30.566666666666695,19.29,27.823333333333295,21.823333333333295,39.363333333333294,18.7,35.53,3.2333333333333294,755.8333333333329,79.6666666666667,3.3333333333333295,40.0,0.0333333333333333,19.181155611295253,19.181155611295253,30
0,20.6,33.79,18.0,36.06,22.5,35.2,19.963333333333296,32.3633333333333,18.865,40.45,3.6266666666666705,30.5,19.29,27.89,21.79,39.6266666666667,18.7,35.6633333333333,3.27222222222222,755.788888888889,79.77777777777779,3.38888888888889,40.0,0.08888888888888889,41.192372469231486,41.192372469231486,20
0,20.6,33.9,18.0,36.2,22.39,35.1266666666667,19.963333333333296,32.3633333333333,18.8566666666667,40.5266666666667,3.7,30.76,19.29,27.9266666666667,21.79,39.925,18.7,35.9333333333333,3.31111111111111,755.7444444444438,79.8888888888889,3.44444444444444,40.0,0.144444444444444,23.867321957368404,23.867321957368404,40
0,20.6,33.9,17.9266666666667,36.33333333333329,22.39,35.1266666666667,19.89,32.4,18.79,40.5,3.76,30.963333333333296,19.29,28.0,21.79,40.26,18.76,36.1333333333333,3.35,755.7,80.0,3.5,40.0,0.2,33.3456187392585,33.3456187392585,50
0,20.566666666666695,33.9333333333333,17.89,36.4,22.323333333333295,35.2,19.89,32.4,18.79,40.5,3.6266666666666705,30.823333333333295,19.29,28.05,21.76,40.36,18.79,36.3266666666667,3.3888888888888906,755.655555555556,80.1111111111111,3.55555555555556,40.0,0.255555555555556,9.737663168925794,9.737663168925794,50
0,20.5,34.0,17.89,36.4666666666667,22.323333333333295,35.2,19.89,32.5,18.79,40.59,3.36333333333333,30.393333333333295,19.29,28.1333333333333,21.76,40.5,18.73,36.4666666666667,3.42777777777778,755.6111111111109,80.22222222222221,3.6111111111111094,40.0,0.311111111111111,17.324809276033193,17.324809276033193,60
0,20.5,34.03,17.89,36.53,22.29,35.2,19.89,32.5,18.79,40.6633333333333,3.1566666666666694,30.7933333333333,19.29,28.2,21.73,40.59,18.79,36.6266666666667,3.4666666666666694,755.5666666666668,80.3333333333333,3.6666666666666705,40.0,0.366666666666667,35.638807725626975,35.638807725626975,50
0,20.5,34.09,17.8233333333333,36.53,22.3566666666667,35.2,19.89,32.5,18.79,40.7,2.86333333333333,31.3633333333333,19.29,28.2,21.73,40.53,18.79,36.76,3.50555555555556,755.5222222222221,80.4444444444444,3.72222222222222,40.0,0.422222222222222,43.27733002137393,43.27733002137393,70
0,20.463333333333296,34.09,17.76,36.59,22.323333333333295,35.2,19.89,32.5,18.79,40.76,2.695,32.315,19.29,28.2,21.7,40.7,18.79,36.933333333333294,3.54444444444444,755.4777777777781,80.5555555555556,3.77777777777778,40.0,0.477777777777778,17.670624470338225,17.670624470338225,50
0,20.463333333333296,34.1633333333333,17.76,36.6633333333333,22.323333333333295,35.2,19.823333333333295,32.4333333333333,18.79,40.79,2.53,33.3233333333333,19.29,28.29,21.7,40.6266666666667,18.79,37.06,3.5833333333333295,755.4333333333329,80.6666666666667,3.8333333333333295,40.0,0.533333333333333,7.81183234648779,7.81183234648779,50
0,20.39,34.09,17.7,36.73,22.3566666666667,35.2,19.79,32.5,18.79,40.863333333333294,2.53,34.0666666666667,19.29,28.29,21.6666666666667,40.4666666666667,18.79,37.1266666666667,3.62222222222222,755.3888888888889,80.77777777777779,3.8888888888888897,40.0,0.5888888888888889,11.533218924887478,11.533218924887478,50
0,20.39,34.09,17.7,36.79,22.3566666666667,35.2,19.79,32.5,18.76,40.9,2.59,34.2,19.26,28.29,21.6666666666667,40.4666666666667,18.79,37.26,3.6611111111111105,755.3444444444439,80.8888888888889,3.94444444444444,40.0,0.644444444444444,16.46064758533612,16.46064758533612,50
0,20.39,34.09,17.6,36.79,22.29,35.2,19.79,32.5,18.76,40.9,2.5,34.4633333333333,19.2,28.29,21.6,40.26,18.79,37.3266666666667,3.7,755.2999999999998,81.0,4.0,40.0,0.7,26.084975653793663,26.084975653793663,50
0,20.39,34.09,17.6,36.79,22.29,35.2,19.79,32.56,18.79,41.0,2.5,34.9966666666667,19.26,28.29,21.6,40.1266666666667,18.79,37.4666666666667,3.8333333333333295,755.233333333333,79.5,4.16666666666667,40.0,0.566666666666667,20.689515792764723,20.689515792764723,50
0,20.3566666666667,34.2,17.6,36.9,22.29,35.2,19.79,32.59,18.79,41.0,2.5,35.0966666666667,19.2,28.29,21.566666666666695,40.06,18.79,37.59,3.9666666666666694,755.1666666666669,78.0,4.3333333333333295,40.0,0.43333333333333296,13.276018225587904,13.276018225587904,50
0,20.29,34.2,17.6,36.9666666666667,22.29,35.2,19.79,32.59,18.79,41.03,2.63333333333333,35.8966666666667,19.2,28.29,21.566666666666695,40.06,18.79,37.6633333333333,4.1,755.1,76.5,4.5,40.0,0.3,12.597102124709636,12.597102124709636,60
0,20.3566666666667,34.2,17.5,37.03,22.29,35.2,19.79,32.59,18.73,41.09,2.9,36.1,19.2,28.3566666666667,21.5,40.09,18.79,37.845,4.23333333333333,755.033333333333,75.0,4.66666666666667,40.0,0.166666666666667,28.897016076371077,28.897016076371077,50
0,20.29,34.2,17.5,37.09,22.29,35.2,19.73,32.59,18.79,41.09,2.9666666666666694,36.0266666666667,19.2,28.39,21.5,40.09,18.79,37.933333333333294,4.36666666666667,754.966666666667,73.5,4.8333333333333295,40.0,0.0333333333333333,12.861334963236004,12.861334963236004,60
0,20.29,34.2,17.5,37.145,22.29,35.2,19.76,32.7,18.73,41.09,3.2,35.8633333333333,19.2,28.39,21.463333333333296,40.06,18.79,38.06,4.5,754.9,72.0,5.0,40.0,-0.1,47.75344850495458,47.75344850495458,50
0,20.29,34.29,17.5,37.2,22.29,35.2,19.7,32.7,18.7,41.2,3.26,35.53,19.2,28.39,21.463333333333296,40.1333333333333,18.79,38.23,4.55,754.85,72.3333333333333,5.0,40.0,-1.38777878078145e-17,43.240854365285486,43.240854365285486,50
0,20.29,34.29,17.4266666666667,37.2,22.29,35.2,19.7,32.7,18.7,41.2,3.32666666666667,35.53,19.2,28.463333333333296,21.5,40.29,18.79,38.363333333333294,4.6,754.7999999999998,72.6666666666667,5.0,40.0,0.1,12.138684978708625,12.138684978708625,50
0,20.29,34.29,17.39,37.29,22.29,35.2,19.7,32.76,18.7,41.26,3.4,35.7233333333333,19.2,28.5,21.5,40.23,18.79,38.5,4.65,754.75,73.0,5.0,40.0,0.2,2.5400527636520565,2.5400527636520565,40
0,20.23,34.29,17.39,37.29,22.29,35.2,19.7,32.79,18.7,41.29,3.4,35.6266666666667,19.2,28.5,21.445,40.2,18.79,38.56,4.7,754.7,73.3333333333333,5.0,40.0,0.3,16.17641148623079,16.17641148623079,40
0,20.26,34.29,17.29,37.3266666666667,22.2,35.09,19.7,32.79,18.7,41.29,3.4666666666666694,35.96,19.2,28.5,21.463333333333296,40.2,18.79,38.6266666666667,4.75,754.65,73.6666666666667,5.0,40.0,0.4,17.383283947128803,17.383283947128803,30
0,20.2,34.29,17.3566666666667,37.4,22.2,35.09,19.7,32.79,18.7,41.3266666666667,3.59,36.045,19.2,28.6,21.39,40.2,18.79,38.7,4.8,754.6,74.0,5.0,40.0,0.5,18.54253397323191,18.54253397323191,40
0,20.2,34.29,17.29,37.4,22.2,35.03,19.6,32.79,18.7,41.4,3.7,36.223333333333294,19.1333333333333,28.6,21.39,40.2,18.79,38.73,4.80833333333333,754.575,74.0833333333333,5.0833333333333295,40.0,0.525,39.50463040964678,39.50463040964678,40
0,20.2,34.29,17.29,37.4666666666667,22.2,35.09,19.6,32.79,18.7,41.4,3.7,36.223333333333294,19.1666666666667,28.7,21.39,40.1266666666667,18.79,38.863333333333294,4.81666666666667,754.5499999999998,74.1666666666667,5.16666666666667,40.0,0.55,41.022906568832695,41.022906568832695,50
0,20.2,34.4,17.29,37.5,22.2,35.09,19.6,32.8633333333333,18.7,41.4,3.76,36.2666666666667,19.1,28.7,21.39,40.09,18.79,38.9,4.825,754.525,74.25,5.25,40.0,0.575,44.635248032864176,44.635248032864176,50
0,20.1333333333333,34.4,17.29,37.56,22.2,35.09,19.6,32.8633333333333,18.7,41.4,3.7,36.4,19.2,28.7,21.39,40.09,18.79,38.9,4.8333333333333295,754.5,74.3333333333333,5.3333333333333295,40.0,0.6,49.19802868971601,49.19802868971601,50
0,20.2,34.4,17.29,37.59,22.1,35.1266666666667,19.6,32.9,18.7,41.4,3.79,36.223333333333294,19.1333333333333,28.7,21.323333333333295,40.0,18.79,38.9,4.84166666666667,754.475,74.4166666666667,5.41666666666667,40.0,0.625,9.693029383197425,9.693029383197425,50
0,20.1333333333333,34.4,17.23,37.59,22.1,35.2,19.6,32.9,18.6333333333333,41.433333333333294,3.79,36.09,19.1,28.7,21.323333333333295,40.0,18.79,38.9,4.85,754.45,74.5,5.5,40.0,0.65,45.833073556423194,45.833073556423194,50
0,20.1,34.4333333333333,17.23,37.6266666666667,22.1,35.2,19.6,33.0,18.6333333333333,41.433333333333294,3.9333333333333296,36.53,19.1,28.76,21.29,40.03,18.79,38.9,4.85833333333333,754.4249999999998,74.5833333333333,5.5833333333333295,40.0,0.675,6.0151711339131,6.0151711339131,50
0,20.1,34.5,17.23,37.7,22.1,35.2,19.6,33.0,18.6,41.4,4.06,36.79,19.1,28.79,21.29,40.09,18.79,38.9,4.86666666666667,754.4,74.6666666666667,5.66666666666667,40.0,0.7,35.76467055827379,35.76467055827379,50
0,20.1,34.5,17.2,37.7,22.1,35.2,19.533333333333296,33.0,18.6,41.4,4.1233333333333295,36.933333333333294,19.1,28.79,21.29,40.2,18.79,38.9,4.875,754.375,74.75,5.75,40.0,0.725,12.812191748525947,12.812191748525947,60
0,20.1,34.5,17.2,37.7,22.1,35.2,19.533333333333296,33.0,18.6,41.433333333333294,4.263333333333329,37.0,19.1,28.89,21.29,40.1266666666667,18.79,38.9,4.883333333333329,754.35,74.8333333333333,5.8333333333333295,40.0,0.75,12.054304732009768,12.054304732009768,50
0,20.066666666666695,34.4666666666667,17.2,37.79,22.066666666666695,35.1633333333333,19.5,33.09,18.6,41.433333333333294,4.56333333333333,36.6,19.1,28.89,21.2,40.06,18.79,38.9,4.89166666666667,754.325,74.9166666666667,5.91666666666667,40.0,0.775,42.8520321031101,42.8520321031101,60
0,20.0,34.4975,17.2,37.79,22.0,35.09,19.5,33.09,18.6,41.433333333333294,4.89666666666667,36.19333333333329,19.1,29.0,21.2,40.06,18.79,39.03,4.9,754.2999999999998,75.0,6.0,40.0,0.8,49.395433871541165,49.395433871541165,60
0,20.0,34.9966666666667,17.2,37.99,21.963333333333296,34.8933333333333,19.5,33.09,18.6,41.5,5.26,35.6,19.1,28.9266666666667,21.2,40.2,18.79,39.1633333333333,5.06666666666667,754.283333333333,74.8333333333333,6.0,40.0,0.933333333333333,36.265612998977296,36.265612998977296,70
0,20.1,35.3266666666667,17.2,38.36,21.815,34.225,19.5,33.1725,18.6,41.43,5.55,34.9357142857143,19.066666666666695,28.8566666666667,21.2,40.05,18.79,39.0266666666667,5.23333333333333,754.266666666667,74.6666666666667,6.0,40.0,1.06666666666667,7.555355795193463,7.555355795193463,100
0,20.1,35.66,17.2,38.6333333333333,21.73,34.1333333333333,19.5,33.4633333333333,18.6,41.195,5.763333333333329,34.59,19.0,28.8566666666667,21.2,39.6333333333333,18.79,38.9,5.4,754.25,74.5,6.0,40.0,1.2,10.479878715705127,10.479878715705127,60
0,20.1,35.79,17.23,38.8266666666667,21.7,34.4,19.5,33.7233333333333,18.6,41.03,5.99666666666667,34.5666666666667,19.0,28.9266666666667,21.1333333333333,39.36,18.79,38.6333333333333,5.56666666666667,754.233333333333,74.3333333333333,6.0,40.0,1.33333333333333,25.976905110292137,25.976905110292137,60
0,20.1,35.79,17.29,38.9,21.7,34.4,19.5,33.79,18.6,40.723333333333294,6.395,34.195,19.0,29.0,21.1,39.0266666666667,18.79,38.3,5.73333333333333,754.216666666667,74.1666666666667,6.0,40.0,1.46666666666667,21.046995127107948,21.046995127107948,130
10,20.1,36.03,17.29,39.03,21.7,34.3333333333333,19.5,33.8175,18.6666666666667,40.53,6.73,33.2266666666667,19.0,29.05,21.1,38.7225,18.79,38.0266666666667,5.9,754.2,74.0,6.0,40.0,1.6,3.362396184820682,3.362396184820682,470
0,20.1,36.09,17.3566666666667,39.03,21.76,34.5933333333333,19.5,33.9,18.7,40.5,7.03,31.893333333333295,19.0,29.2,21.033333333333296,38.463333333333296,18.79,37.69333333333329,6.05,754.216666666667,74.3333333333333,6.16666666666667,40.0,1.8,42.108584358356886,42.108584358356886,290
0,20.1,36.06,17.4266666666667,39.0,21.9933333333333,36.393333333333295,19.5,34.0,18.6333333333333,40.5,7.349999999999999,31.1844444444444,19.0,29.23,21.0,38.1788888888889,18.76,37.4666666666667,6.2,754.233333333333,74.6666666666667,6.3333333333333295,40.0,2.0,26.211780414450917,26.211780414450917,250
0,20.1,36.0,17.5,38.933333333333294,22.3266666666667,37.4666666666667,19.5,34.0,18.6,40.4,7.599999999999999,30.366666666666696,19.0,29.29,21.0,38.09,18.7,37.2666666666667,6.35,754.25,75.0,6.5,40.0,2.2,38.622216309886426,38.622216309886426,250
0,20.1,36.16666666666671,17.6,38.723333333333294,22.7633333333333,38.39,19.5,34.23,18.6,40.4,7.866666666666669,29.233333333333295,18.9266666666667,29.3566666666667,20.89,38.0,18.7,37.06,6.5,754.266666666667,75.3333333333333,6.66666666666667,40.0,2.4,43.56040406273678,43.56040406273678,400
0,20.1666666666667,36.2266666666667,17.6,38.9233333333333,22.963333333333296,38.2566666666667,19.5,34.4475,18.6,40.4,8.025,28.8175,18.945,29.445,20.89,37.925,18.7,36.933333333333294,6.65,754.283333333333,75.6666666666667,6.8333333333333295,40.0,2.6,27.607267163693905,27.607267163693905,510
0,20.1,36.09,17.6,38.863333333333294,23.23,38.09,19.5,34.56,18.6,40.4,8.233333333333329,28.3333333333333,19.0,29.5,20.8566666666667,37.76,18.7,36.76,6.8,754.2999999999998,76.0,7.0,40.0,2.8,13.535082445014268,13.535082445014268,260
0,20.1,36.09,17.6,38.79,23.3566666666667,37.963333333333296,19.5777777777778,34.4666666666667,18.6,40.363333333333294,8.445,27.195,19.0,29.6555555555556,20.85,37.7,18.7,36.6266666666667,6.883333333333329,754.35,76.0,7.0,40.0,2.88333333333333,39.795628492720425,39.795628492720425,80
0,20.1,36.393333333333295,17.7,38.863333333333294,23.5,37.66,19.525,34.475,18.6,40.29,8.445,26.695,19.0,29.7,20.8566666666667,37.6333333333333,18.7,36.4666666666667,6.96666666666667,754.4,76.0,7.0,40.0,2.9666666666666694,41.386333003174514,41.386333003174514,100
0,21.76,38.933333333333294,20.3566666666667,37.8266666666667,24.566666666666695,36.86,19.6333333333333,37.6266666666667,18.79,41.7,9.86666666666667,41.23,19.1,32.9333333333333,20.39,38.363333333333294,18.6,36.79,7.916666666666669,755.733333333333,76.3333333333333,5.5,40.0,3.9333333333333296,20.168066129554063,20.168066129554063,70
0,21.823333333333295,38.79,20.4266666666667,37.7,24.6,36.5266666666667,19.6,37.4666666666667,18.79,41.76,10.0,41.03,19.1,33.06,20.39,38.4,18.6,36.79,8.0,755.7999999999998,74.0,6.0,40.0,3.6,4.444857384078205,4.444857384078205,50
0,21.89,38.6566666666667,20.5,37.6266666666667,24.533333333333296,36.1333333333333,19.6,37.4,18.79,41.79,10.1,40.0666666666667,19.1,33.1266666666667,20.323333333333295,38.4666666666667,18.6,36.79,7.93333333333333,755.8166666666668,76.0,5.5,38.16666666666669,3.9,34.398091852199286,34.398091852199286,50
0,21.9266666666667,38.2966666666667,20.6,37.5,24.3566666666667,35.5266666666667,19.6,37.363333333333294,18.8566666666667,41.863333333333294,10.2933333333333,40.4666666666667,19.1,33.2,20.39,38.5,18.6,36.79,7.866666666666669,755.8333333333329,78.0,5.0,36.33333333333329,4.2,24.194337299559265,24.194337299559265,60
0,21.39,37.9,20.2,38.2,23.566666666666695,40.03,20.0,39.1333333333333,19.2,42.59,11.46,17.66,19.1666666666667,33.5,21.5,41.2966666666667,19.4266666666667,40.86,7.7,759.0,79.6666666666667,1.0,40.0,4.36666666666667,31.99057434685528,31.99057434685528,310
0,21.39,37.8266666666667,20.2,38.1633333333333,23.8266666666667,40.49,20.0,38.86,19.2,42.59,11.8666666666667,17.8,19.2,33.5,21.5,40.963333333333296,19.4266666666667,40.7,7.849999999999999,759.0499999999998,78.8333333333333,1.0,40.0,4.383333333333329,32.97690025065094,32.97690025065094,290
0,21.39,37.76,20.26,38.09,24.163333333333295,40.89,20.0,38.79,19.2,42.59,12.5266666666667,16.0633333333333,19.2,33.5,21.5,40.5266666666667,19.5,40.7,8.0,759.1,78.0,1.0,40.0,4.4,45.71761580882593,45.71761580882593,300
0,21.39,37.8,20.3566666666667,37.863333333333294,24.3566666666667,41.09,20.025,38.8175,19.2,42.53,12.86,14.93,19.2,33.5,21.5,40.2666666666667,19.5,40.6633333333333,8.11666666666667,759.116666666667,77.3333333333333,1.0,37.83333333333329,4.383333333333329,4.240909987129271,4.240909987129271,240
0,21.39,37.6266666666667,20.29,37.79,24.566666666666695,40.69333333333329,20.1,38.7666666666667,19.2,42.4666666666667,13.0666666666667,14.13,19.2,33.5,21.5,39.9666666666667,19.5,40.59,8.233333333333329,759.1333333333331,76.6666666666667,1.0,35.66666666666669,4.36666666666667,47.01902699889615,47.01902699889615,160
0,21.5,37.56,20.29,37.79,24.76,40.3,20.1,38.6633333333333,19.2,42.4,13.0666666666667,12.9966666666667,19.2,33.5,21.566666666666695,39.8266666666667,19.463333333333296,40.4666666666667,8.349999999999998,759.15,76.0,1.0,33.5,4.35,38.00290166400373,38.00290166400373,90
10,21.5,37.5,20.3566666666667,37.73,24.84,39.595,20.1,38.59,19.2,42.363333333333294,13.33,11.26,19.2,33.4666666666667,21.533333333333296,39.56,19.463333333333296,40.4,8.46666666666667,759.1666666666669,75.3333333333333,1.0,31.3333333333333,4.3333333333333295,4.716148343868554,4.716148343868554,70
0,21.5,37.363333333333294,20.4266666666667,37.363333333333294,24.726666666666695,38.7666666666667,20.1,38.4666666666667,19.2,42.29,13.39,7.92666666666667,19.26,33.4,21.6,39.36,19.39,40.1633333333333,8.58333333333333,759.1833333333329,74.6666666666667,1.0,29.166666666666696,4.31666666666667,45.676324190571904,45.676324190571904,80
0,21.5,37.23,20.5,37.1566666666667,24.6,38.36,20.1,38.3266666666667,19.29,42.26,13.495,3.995,19.29,33.1633333333333,21.6,39.1333333333333,19.463333333333296,40.1633333333333,8.699999999999998,759.2,74.0,1.0,27.0,4.3,14.567529305350035,14.567529305350035,80
0,21.5,37.06,20.39,36.9666666666667,24.463333333333296,37.9,20.066666666666695,38.1333333333333,19.29,42.9266666666667,13.0,2.2,19.29,32.9633333333333,21.6,38.8,19.4266666666667,40.0,8.83333333333333,759.233333333333,73.0,1.0,29.166666666666696,4.21666666666667,15.335298888385296,15.335298888385296,80
0,21.5,36.933333333333294,20.39,36.8266666666667,24.39,37.5666666666667,20.0,37.933333333333294,20.893333333333295,80.09999999999998,13.0666666666667,3.0,19.29,32.6633333333333,21.6,38.4666666666667,19.5,39.86,8.96666666666667,759.266666666667,72.0,1.0,31.3333333333333,4.133333333333329,5.101683712564409,5.101683712564409,570
0,21.5,38.2666666666667,20.5,36.8266666666667,24.39,37.53,20.0,37.76,21.7666666666667,82.8933333333333,12.9333333333333,2.1566666666666694,19.29,32.53,21.6,38.86,19.463333333333296,39.76,9.1,759.2999999999998,71.0,1.0,33.5,4.05,4.4603274669498205,4.4603274669498205,610
0,21.5,37.86,20.566666666666695,36.8266666666667,24.53,38.26333333333329,20.066666666666695,37.6266666666667,21.0966666666667,85.06333333333329,13.1333333333333,1.09666666666667,19.29,32.3333333333333,21.7,39.8,19.39,39.5666666666667,9.233333333333329,759.3333333333329,70.0,1.0,35.66666666666669,3.9666666666666694,10.746345401275901,10.746345401275901,330
0,21.533333333333296,37.9233333333333,20.7,36.76,24.86,38.83,20.0,37.363333333333294,20.6966666666667,84.66333333333331,13.39,1.0,19.29,32.0666666666667,21.8425,40.1225,19.39,39.223333333333294,9.36666666666667,759.366666666667,69.0,1.0,37.83333333333329,3.8833333333333298,1.787711097858846,1.787711097858846,350
0,21.6,38.05666666666671,20.7,36.83333333333329,25.1333333333333,39.1633333333333,20.0,37.23,20.43,83.9933333333333,13.39,1.0,19.39,31.8266666666667,21.963333333333296,40.03,19.463333333333296,39.2966666666667,9.5,759.4,68.0,1.0,40.0,3.8,38.29254868905991,38.29254868905991,260
10,21.6333333333333,37.363333333333294,20.79,36.6333333333333,25.323333333333295,39.26,20.0,37.4,20.23,83.46666666666668,13.2333333333333,1.0,19.39,31.7,22.033333333333296,39.9,19.445,39.4,9.66666666666667,759.4,67.1666666666667,1.33333333333333,37.0,3.7833333333333297,25.23049192968756,25.23049192968756,270
0,21.7,37.1566666666667,20.79,36.433333333333294,25.463333333333296,39.2,20.0,37.5266666666667,20.1666666666667,82.0333333333333,12.9,1.0,19.39,31.5,22.1666666666667,39.8266666666667,19.4266666666667,39.26,9.83333333333333,759.4,66.3333333333333,1.66666666666667,34.0,3.7666666666666706,21.910998609382656,21.910998609382656,210
0,21.7,36.83333333333329,20.79,36.2,25.6333333333333,38.9,20.066666666666695,37.76,20.1,80.29999999999998,12.63,1.19333333333333,19.39,31.4266666666667,22.23,39.6633333333333,19.4266666666667,39.1266666666667,10.0,759.4,65.5,2.0,31.0,3.75,9.10340545233339,9.10340545233339,100
0,21.7,36.5666666666667,20.8566666666667,36.1266666666667,25.7,38.5666666666667,20.0,37.7,20.066666666666695,77.3933333333333,12.8966666666667,1.0,19.39,31.226666666666695,22.29,39.463333333333296,19.463333333333296,38.99,10.1666666666667,759.4,64.6666666666667,2.3333333333333295,28.0,3.7333333333333294,8.120156941004097,8.120156941004097,100
0,21.73,36.33333333333329,20.9266666666667,35.8333333333333,25.566666666666695,38.0633333333333,20.0,37.7,20.0,74.2,12.9633333333333,1.0,19.39,31.1,22.39,39.223333333333294,19.39,38.73,10.3333333333333,759.4,63.83333333333329,2.66666666666667,25.0,3.7166666666666694,3.5340989008545876,3.5340989008545876,90
0,21.79,36.1266666666667,21.025,35.6175,25.4266666666667,37.53,20.0,37.6266666666667,19.89,70.6233333333333,12.89,1.0,19.39,30.963333333333296,22.463333333333296,39.09,19.463333333333296,38.6633333333333,10.5,759.4,63.0,3.0,22.0,3.7,46.93167536752298,46.93167536752298,100
0,21.79,35.9,21.033333333333296,35.39,25.2,37.19333333333329,20.1,37.645,19.89,68.4966666666667,12.7266666666667,1.0,19.463333333333296,30.963333333333296,22.533333333333296,38.93,19.463333333333296,38.59,10.5,759.4333333333329,62.33333333333329,3.3333333333333295,25.0,3.55,4.8932861420325935,4.8932861420325935,110
0,21.79,35.7225,21.1,35.26,25.1333333333333,36.86,20.1,37.59,19.84,65.745,13.0,1.0,19.5,30.8566666666667,22.6,38.73,19.463333333333296,38.4666666666667,10.5,759.466666666667,61.66666666666671,3.6666666666666705,28.0,3.4,43.42018446186557,43.42018446186557,100
0,21.8566666666667,35.59,21.1666666666667,35.1266666666667,25.0,36.6333333333333,20.1,37.53,19.79,64.5,13.19,1.0,19.5,30.73,22.6333333333333,38.4666666666667,19.463333333333296,38.4666666666667,10.5,759.5,61.0,4.0,31.0,3.25,6.090347620192915,6.090347620192915,80
10,21.89,35.56,21.2,34.93,24.9266666666667,36.433333333333294,20.1,37.4666666666667,19.79,62.2266666666667,13.2633333333333,1.0,19.5,30.55,22.7,38.3266666666667,19.5,38.433333333333294,10.5,759.533333333333,60.33333333333329,4.3333333333333295,34.0,3.1,1.4004201511852443,1.4004201511852443,90
0,21.89,35.4333333333333,21.2,34.79,24.8566666666667,36.223333333333294,20.1,37.4,19.7,59.59666666666671,13.1266666666667,1.0,19.5,30.3566666666667,22.7,38.26,19.5,38.5,10.5,759.5666666666668,59.66666666666671,4.66666666666667,37.0,2.95,25.79152503749356,25.79152503749356,90
0,21.89,35.36,21.2,34.6633333333333,24.7675,36.0225,20.1,37.26,19.7,58.1233333333333,13.0,1.0,19.5,30.29,22.7,38.2,19.463333333333296,38.363333333333294,10.5,759.6,59.0,5.0,40.0,2.8,15.247853565961123,15.247853565961123,80
0,21.89,35.6333333333333,21.2,34.2566666666667,24.4933333333333,35.3933333333333,20.1,37.0666666666667,19.7,56.6966666666667,13.0666666666667,1.0,19.533333333333296,30.2,22.7,38.09,19.39,38.363333333333294,10.5333333333333,759.65,59.5,5.16666666666667,40.0,2.93333333333333,13.734805851709096,13.734805851709096,90
0,21.89,35.09,21.1,34.0,24.29,34.93,20.1,36.79,19.7,55.63,13.1,1.0,19.6,30.1333333333333,22.7,38.03,19.39,38.363333333333294,10.5666666666667,759.7,60.0,5.3333333333333295,40.0,3.06666666666667,48.11420988989994,48.11420988989994,90
0,21.89,35.09,21.1,34.06,24.23,34.5966666666667,20.1,36.863333333333294,19.7,54.26333333333329,13.1,1.0,19.6,30.066666666666695,22.7,37.9666666666667,19.39,38.29,10.6,759.75,60.5,5.5,40.0,3.2,37.4019235256128,37.4019235256128,250
0,21.89,35.23,21.1,34.2666666666667,24.1666666666667,34.3266666666667,20.1,36.963333333333296,19.6333333333333,53.26333333333329,12.86,1.0,19.6,30.0,22.7,37.9,19.5,38.363333333333294,10.6333333333333,759.7999999999998,61.0,5.66666666666667,40.0,3.3333333333333295,6.529780197888613,6.529780197888613,390
10,21.89,35.43,21.1,34.66,24.1,34.4,20.1666666666667,37.03,19.7,52.33333333333329,12.86,1.0,19.6,30.033333333333296,22.79,37.9,19.4266666666667,38.29,10.6666666666667,759.85,61.5,5.8333333333333295,40.0,3.4666666666666694,24.788539309520274,24.788539309520274,190
0,21.89,35.7666666666667,21.1,35.1933333333333,24.0,34.3633333333333,20.1666666666667,36.9666666666667,19.7,51.7266666666667,12.6266666666667,1.16666666666667,19.6,30.1,22.79,37.9,19.5,38.26,10.7,759.9,62.0,6.0,40.0,3.6,44.18243687832728,44.18243687832728,100
0,21.89,36.0266666666667,21.033333333333296,35.5266666666667,23.9266666666667,34.3633333333333,20.1,36.9666666666667,19.7,51.19333333333329,12.4266666666667,1.89333333333333,19.7,30.2,22.79,37.9,19.4266666666667,38.1266666666667,10.6666666666667,759.9166666666669,62.33333333333329,6.0,40.0,3.6666666666666705,36.09508225927129,36.09508225927129,280
0,21.89,37.05666666666671,21.1,36.1333333333333,23.8566666666667,34.4,20.2,37.69333333333329,19.7,50.8,12.39,2.9666666666666694,19.6333333333333,30.2,22.79,37.9,19.5,38.0,10.6333333333333,759.9333333333329,62.66666666666671,6.0,40.0,3.7333333333333294,10.615245159715414,10.615245159715414,560
0,21.7,39.03,19.73,40.4,23.5,36.1266666666667,20.0,37.4666666666667,19.7,49.6633333333333,8.19666666666667,11.1666666666667,19.6,31.2,22.6,37.0,19.29,37.29,8.8,761.7,67.6666666666667,5.66666666666667,40.0,3.13333333333333,9.45949152810499,9.45949152810499,60
0,21.7,38.863333333333294,19.65,40.29,23.39,36.09,20.0,37.69,19.7,49.59,7.7,12.7566666666667,19.6,31.2,22.566666666666695,37.0,19.29,37.29,8.55,761.7999999999998,68.0,5.5,40.0,2.95,25.66800939384848,25.66800939384848,80
0,21.6333333333333,38.73,19.566666666666695,40.29,23.39,36.09,20.0,37.933333333333294,19.7,49.545,7.366666666666669,14.63,19.6,31.23,22.5,37.0,19.29,37.26,8.3,761.9,68.3333333333333,5.3333333333333295,40.0,2.7666666666666706,37.95648985542357,37.95648985542357,70
0,21.6,38.645,19.5,40.363333333333294,23.39,36.06,20.0,38.06,19.7,49.4666666666667,7.02666666666667,17.0333333333333,19.6,31.29,22.5,36.9,19.29,37.2,8.05,762.0,68.6666666666667,5.16666666666667,40.0,2.5833333333333295,27.687289682216942,27.687289682216942,80
0,21.6,38.59,19.39,40.3266666666667,23.39,36.0,20.0,38.2,19.7,49.4,6.7425,19.3725,19.6,31.29,22.5,36.9,19.29,37.2,7.8,762.1,69.0,5.0,40.0,2.4,8.490836364217103,8.490836364217103,70
0,21.533333333333296,38.59,19.323333333333295,40.4,23.29,36.0,19.9266666666667,38.26,19.6666666666667,49.26,6.56333333333333,21.323333333333295,19.6,31.29,22.5,36.9,19.29,37.2,7.599999999999999,762.1833333333329,70.0,4.8333333333333295,40.0,2.41666666666667,13.79451025277376,13.79451025277376,70
0,21.5,38.5,19.26,40.4666666666667,23.29,36.0,19.89,38.29,19.6,49.1266666666667,6.23,23.2666666666667,19.6,31.29,22.5,36.9,19.23,37.1266666666667,7.4,762.266666666667,71.0,4.66666666666667,40.0,2.43333333333333,26.410734339151528,26.410734339151528,70
0,21.5,38.433333333333294,19.2,40.4666666666667,23.29,36.0,19.89,38.363333333333294,19.6333333333333,49.09,5.963333333333329,24.6,19.6,31.29,22.5,36.9,19.23,37.1266666666667,7.2,762.35,72.0,4.5,40.0,2.45,30.38812425220385,30.38812425220385,70
0,20.6,38.59,22.1666666666667,35.8966666666667,23.0,35.2,19.79,37.83333333333329,19.3566666666667,41.933333333333294,9.3,20.823333333333295,19.1,31.6,21.39,41.045,19.5,39.463333333333296,6.7,765.9,85.0,4.0,29.0,4.4,31.16137173492461,31.16137173492461,160
0,20.6,38.4666666666667,22.34,35.44,22.89,35.1633333333333,19.8566666666667,37.6266666666667,19.29,42.06,9.22666666666667,19.3633333333333,19.1,31.533333333333296,21.3566666666667,40.963333333333296,19.5,39.9233333333333,6.883333333333329,765.9166666666669,82.8333333333333,4.3333333333333295,29.0,4.18333333333333,2.1177843562327325,2.1177843562327325,50
0,20.6666666666667,38.5266666666667,22.9266666666667,35.2933333333333,22.823333333333295,35.09,19.9266666666667,37.43,19.29,42.2,9.6,17.8,19.1,31.463333333333296,21.3566666666667,41.1633333333333,19.566666666666695,40.73,7.06666666666667,765.9333333333329,80.6666666666667,4.66666666666667,29.0,3.9666666666666694,49.59062696434557,49.59062696434557,160
0,20.7,38.7,23.26,36.16666666666671,22.6666666666667,34.9,20.066666666666695,37.23,19.29,42.2675,9.8,14.3333333333333,19.1,31.323333333333295,21.39,41.29,19.566666666666695,40.73,7.25,765.95,78.5,5.0,29.0,3.75,37.556730397045605,37.556730397045605,60
0,23.0,34.79,20.963333333333296,35.29,22.566666666666695,35.0,21.29,34.6633333333333,20.73,79.29999999999998,9.46666666666667,1.0,19.5,27.23,23.5,37.79,19.6,35.1,11.3,765.75,50.5,3.0,40.0,1.25,28.468572767451406,28.468572767451406,120
0,22.9266666666667,34.79,20.89,35.29,22.5,35.0,21.29,34.7,20.6666666666667,76.3233333333333,8.72333333333333,1.0,19.5,27.3566666666667,23.5,37.73,19.6,34.6933333333333,10.9,765.7999999999998,52.33333333333329,3.0,40.0,1.36666666666667,47.695410891901695,47.695410891901695,110
0,22.89,34.79,20.79,35.2,22.5,35.03,21.29,34.7,20.6,73.2566666666667,8.19666666666667,1.52666666666667,19.5,27.46,23.5,37.59,19.55,34.19,10.5,765.85,54.16666666666671,3.0,40.0,1.48333333333333,27.961406228132542,27.961406228132542,110
0,22.89,34.8633333333333,20.73,35.26,22.5,35.09,21.26,34.6633333333333,20.5,69.7566666666667,7.7,2.96,19.5,27.6,23.5,37.59,19.5,33.9666666666667,10.1,765.9,56.0,3.0,40.0,1.6,3.062744764611125,3.062744764611125,100
10,22.79,34.73,20.7,35.29,22.5,35.2,21.2,34.6633333333333,20.4266666666667,66.63,7.366666666666669,4.23333333333333,19.4266666666667,27.73,23.5,37.59,19.5,33.7666666666667,9.81666666666667,765.9166666666669,57.0,2.8333333333333295,40.0,1.56666666666667,47.104433306958526,47.104433306958526,100
0,22.79,34.79,20.6333333333333,35.23,22.4266666666667,35.2,21.2,34.8333333333333,20.39,64.9933333333333,6.89666666666667,5.06666666666667,19.5,27.93,23.5,37.6633333333333,19.5,34.2333333333333,9.533333333333328,765.9333333333329,58.0,2.66666666666667,40.0,1.53333333333333,21.215350565034896,21.215350565034896,70
0,22.76,34.9333333333333,20.566666666666695,35.36,22.39,35.3266666666667,21.2,34.595,20.323333333333295,63.7333333333333,6.56333333333333,5.52666666666667,19.5,28.1333333333333,23.6,37.86,19.5,35.2333333333333,9.25,765.95,59.0,2.5,40.0,1.5,16.654609935358167,16.654609935358167,80
0,22.7,35.0,20.5,35.56,22.39,35.4666666666667,21.2,34.4333333333333,20.29,61.2,6.23,6.39333333333333,19.5,28.26,23.6,38.0,19.5,36.2266666666667,8.96666666666667,765.966666666667,60.0,2.3333333333333295,40.0,1.46666666666667,42.2617853153497,42.2617853153497,80
0,22.7,35.26,20.3566666666667,35.7666666666667,22.39,35.5,21.1666666666667,34.4,20.29,59.5933333333333,6.09,7.53333333333333,19.5,28.4266666666667,23.6,38.0,19.5,36.6333333333333,8.68333333333333,765.983333333333,61.0,2.16666666666667,40.0,1.43333333333333,7.835416996385902,7.835416996385902,80
0,22.6333333333333,35.1266666666667,20.29,35.9666666666667,22.39,35.5,21.1,34.4,20.2,58.26333333333329,5.86666666666667,8.59666666666667,19.5,28.5,23.533333333333296,38.06,19.5,37.0666666666667,8.4,766.0,62.0,2.0,40.0,1.4,35.392699181102216,35.392699181102216,80
0,22.6,35.23,20.26,36.09,22.39,35.53,21.1,34.4666666666667,20.2,57.3966666666667,5.72666666666667,9.06333333333333,19.5,28.6333333333333,23.5,38.36,19.566666666666695,37.26,8.18333333333333,766.0,63.0,2.0,40.0,1.43333333333333,23.968445637729015,23.968445637729015,90
0,22.533333333333296,35.23,20.125,36.1725,22.39,35.53,21.1,34.3266666666667,20.2,56.45,5.43333333333333,9.22666666666667,19.5,28.7225,23.5,38.56,19.533333333333296,37.5,7.96666666666667,766.0,64.0,2.0,40.0,1.46666666666667,38.74608565820381,38.74608565820381,80
0,22.5,35.29,20.033333333333296,36.2,22.39,35.59,21.066666666666695,34.26,20.1666666666667,55.533333333333296,5.22666666666667,9.56,19.5,28.79,23.6,38.895,19.533333333333296,37.56,7.75,766.0,65.0,2.0,40.0,1.5,11.480935907457024,11.480935907457024,70
0,22.5,35.23,19.963333333333296,36.29,22.323333333333295,35.6633333333333,21.0,34.2,20.1,54.9266666666667,5.19,10.3933333333333,19.5,28.89,23.6,39.2666666666667,19.6,37.73,7.53333333333333,766.0,66.0,2.0,40.0,1.53333333333333,16.86571257887408,16.86571257887408,60
0,22.445,35.1,19.89,36.363333333333294,22.29,35.6633333333333,21.0,34.09,20.1,54.2966666666667,5.1233333333333295,10.8,19.5,28.963333333333296,23.6,39.4666666666667,19.6,37.863333333333294,7.31666666666667,766.0,67.0,2.0,40.0,1.56666666666667,9.272528195288032,9.272528195288032,40
0,22.39,35.06,19.8566666666667,36.5,22.29,35.6633333333333,21.0,34.09,20.1,53.83,5.045,11.995,19.5,29.033333333333296,23.6333333333333,39.8,19.6,37.933333333333294,7.1,766.0,68.0,2.0,40.0,1.6,48.2456351048313,48.2456351048313,40
0,22.39,35.06,19.79,36.5,22.29,35.7,20.963333333333296,34.09,20.1,53.2966666666667,4.96666666666667,12.7933333333333,19.5,29.1,23.7,40.19333333333329,19.6,38.0,6.96666666666667,766.0,68.1666666666667,1.8333333333333297,40.0,1.48333333333333,35.431640793103725,35.431640793103725,30
0,22.29,35.09,19.7,36.6266666666667,22.23,35.6266666666667,20.89,34.03,20.1,52.89,4.8333333333333295,13.6666666666667,19.5,29.1,23.6666666666667,40.4666666666667,19.6,38.1266666666667,6.8333333333333295,766.0,68.3333333333333,1.66666666666667,40.0,1.36666666666667,22.794327081646767,22.794327081646767,50
0,22.29,35.09,19.6333333333333,36.76,22.26,35.7233333333333,20.89,34.09,20.066666666666695,52.363333333333294,4.8,14.59,19.5,29.1666666666667,23.6,40.4666666666667,19.6,38.2,6.7,766.0,68.5,1.5,40.0,1.25,21.703416749369357,21.703416749369357,60
0,22.2,35.09,19.566666666666695,36.8266666666667,22.2,35.6725,20.89,34.09,20.066666666666695,51.963333333333296,4.72666666666667,15.1966666666667,19.5,29.29,23.566666666666695,40.6566666666667,19.6,38.29,6.56666666666667,766.0,68.6666666666667,1.33333333333333,40.0,1.13333333333333,32.03359694452956,32.03359694452956,60
0,22.2,35.09,19.5,36.9666666666667,22.2,35.7,20.89,34.09,20.0,51.5266666666667,4.59,16.1,19.5,29.29,23.5,40.79,19.6,38.363333333333294,6.43333333333333,766.0,68.8333333333333,1.16666666666667,40.0,1.01666666666667,37.58152183145285,37.58152183145285,50
0,22.2,35.1633333333333,19.39,37.0,22.2,35.7,20.89,34.09,20.0,51.2666666666667,4.53,17.3,19.463333333333296,29.26,23.39,40.7,19.6,38.45,6.3,766.0,69.0,1.0,40.0,0.9,22.88342018146068,22.88342018146068,50
0,22.1333333333333,35.1633333333333,19.39,37.06,22.2,35.7,20.8566666666667,34.06,20.0,51.06,4.56,17.2,19.463333333333296,29.3266666666667,23.323333333333295,40.7,19.6,38.5,6.16666666666667,766.0,69.6666666666667,1.0,40.0,0.9166666666666669,26.852973294444386,26.852973294444386,50
0,22.1,35.2,19.29,37.1266666666667,22.2,35.7,20.79,34.0,20.0,50.933333333333294,4.5,17.4666666666667,19.4266666666667,29.323333333333295,23.26,41.0,19.6,38.56,6.03333333333333,766.0,70.3333333333333,1.0,40.0,0.933333333333333,12.212277646176515,12.212277646176515,60
0,22.1,35.2,19.23,37.2,22.2,35.7,20.79,33.9,20.0,50.76,4.5,17.23,19.5,29.39,23.2,41.4,19.6,38.6266666666667,5.9,766.0,71.0,1.0,40.0,0.95,48.91832983121276,48.91832983121276,50
0,22.0,35.23,19.2,37.23,22.2,35.7,20.79,33.9,20.0,50.5666666666667,4.56,17.0233333333333,19.4266666666667,29.323333333333295,23.2,41.7666666666667,19.6,38.7,5.76666666666667,766.0,71.6666666666667,1.0,40.0,0.966666666666667,42.73205592762679,42.73205592762679,60
0,22.0,35.3633333333333,19.1333333333333,37.29,22.2,35.7,20.73,33.9,19.89,50.43,4.56,17.6233333333333,19.5,29.39,23.1333333333333,41.9666666666667,19.6,38.79,5.633333333333329,766.0,72.3333333333333,1.0,40.0,0.9833333333333328,31.998413125984367,31.998413125984367,60
0,21.963333333333296,35.4333333333333,19.1,37.4,22.2,35.76,20.7,34.0,19.89,50.23,4.5,17.69,19.4266666666667,29.323333333333295,23.1,42.3,19.6,38.863333333333294,5.5,766.0,73.0,1.0,40.0,1.0,38.87276074383408,38.87276074383408,60
0,21.89,35.56,19.1,37.4,22.2,35.7,20.7,34.0,19.89,50.06,4.36666666666667,17.93,19.4266666666667,29.323333333333295,23.1,42.69333333333329,19.6,38.9,5.2,765.9333333333329,75.3333333333333,1.0,40.0,1.11666666666667,21.8259007204324,21.8259007204324,50
0,21.89,35.59,19.0,37.433333333333294,22.2,35.73,20.7,34.09,19.89,49.86,4.16,18.596666666666696,19.39,29.29,23.1,42.963333333333296,19.6,38.9666666666667,4.9,765.866666666667,77.6666666666667,1.0,40.0,1.23333333333333,0.6428330903872846,0.6428330903872846,50
0,21.823333333333295,35.53,18.9175,37.5225,22.2,35.73,20.7,34.09,19.89,49.6633333333333,3.76,18.9,19.4725,29.365,23.1,43.1633333333333,19.6,39.03,4.6,765.7999999999998,80.0,1.0,40.0,1.35,27.185598597861823,27.185598597861823,50
0,21.79,35.53,18.823333333333295,37.53,22.2,35.79,20.7,34.2,19.89,49.4975,3.595,20.2425,19.4266666666667,29.39,23.0,43.03,19.6,39.1633333333333,4.3,765.733333333333,82.3333333333333,1.0,40.0,1.46666666666667,32.63823211891577,32.63823211891577,50
0,21.73,35.59,18.79,37.59,22.2,35.73,20.7,34.2,19.89,49.2666666666667,3.43333333333333,21.763333333333296,19.39,29.39,23.0,43.1175,19.6,39.2,4.0,765.6666666666669,84.6666666666667,1.0,40.0,1.58333333333333,39.63410098804161,39.63410098804161,50
0,21.29,37.0,20.8333333333333,37.5666666666667,22.533333333333296,34.6633333333333,21.3566666666667,35.8633333333333,19.566666666666695,45.33333333333329,10.7,19.2,19.39,29.7675,22.0,39.4,19.7,37.84,6.23333333333333,764.466666666667,80.0,1.0,36.33333333333329,2.93333333333333,40.18881554948167,40.18881554948167,50
0,21.29,37.06,21.6666666666667,36.55666666666671,22.6,34.53,21.3566666666667,35.79,19.5,45.2,11.4333333333333,9.6,19.39,29.7,22.0,39.295,19.754,37.9,6.8,764.45,78.0,1.0,34.5,3.1,4.2515508946962655,4.2515508946962655,40
0,21.29,37.145,22.3333333333333,35.6966666666667,22.6,34.5,21.39,35.79,19.533333333333296,45.06,12.3566666666667,4.36,19.39,29.7,21.9266666666667,39.1266666666667,19.79,37.9,7.366666666666669,764.4333333333329,76.0,1.0,32.66666666666669,3.2666666666666706,10.871818161103874,10.871818161103874,50
0,21.39,37.09,22.9266666666667,34.6233333333333,22.6,34.5,21.39,35.79,19.6,44.933333333333294,13.0233333333333,2.2333333333333294,19.39,29.7,21.89,39.0,19.79,37.9,7.93333333333333,764.4166666666669,74.0,1.0,30.8333333333333,3.43333333333333,12.522568367421629,12.522568367421629,50
0,21.39,36.963333333333296,23.3266666666667,33.6233333333333,22.566666666666695,34.53,21.533333333333296,35.9,19.533333333333296,44.863333333333294,13.6666666666667,1.0,19.39,29.7,21.89,38.933333333333294,19.8185714285714,37.9285714285714,8.5,764.4,72.0,1.0,29.0,3.6,11.43826530314982,11.43826530314982,50
0,21.4266666666667,36.79,23.7633333333333,32.9233333333333,22.5,34.59,21.6,35.6266666666667,19.533333333333296,44.73,14.0,1.0,19.39,29.6,21.89,38.76,19.79,37.96,8.93333333333333,764.35,69.6666666666667,1.16666666666667,29.0,3.5166666666666706,42.31059574522079,42.31059574522079,60
10,23.1,34.29,21.5,33.86,23.1,36.0225,22.7,33.5,21.73,60.4666666666667,7.39666666666667,4.22666666666667,21.6,29.5285714285714,24.3566666666667,36.93,20.2,33.356,10.0,765.4,60.0,2.0,40.0,2.6,16.468997846823186,16.468997846823186,60
0,23.1,34.43,21.5,34.06,23.1,36.09,22.7,33.53,21.6666666666667,57.6266666666667,7.06333333333333,5.62666666666667,21.6,29.934,24.29,37.19333333333329,20.2,33.4514285714286,9.71666666666667,765.483333333333,61.0,1.8333333333333297,40.0,2.53333333333333,29.86496053636074,29.86496053636074,60
0,23.1,34.53,21.3566666666667,34.1566666666667,23.1,36.09,22.7,33.6633333333333,21.6,56.16666666666671,6.83,7.53333333333333,21.6,30.425714285714296,24.29,37.7333333333333,20.218,34.272,9.43333333333333,765.5666666666668,62.0,1.66666666666667,40.0,2.4666666666666694,26.75203966209665,26.75203966209665,50
10,23.1,34.59,21.23,34.3633333333333,23.033333333333296,36.09,22.7,33.79,21.566666666666695,55.033333333333296,6.56333333333333,8.46666666666667,21.6,30.698,24.29,38.65,20.29,35.5285714285714,9.15,765.65,63.0,1.5,40.0,2.4,24.529944348614663,24.529944348614663,60
0,23.1,34.79,21.2,34.5966666666667,23.0,36.09,22.7,33.9,21.5,54.4266666666667,6.36666666666667,9.733333333333329,21.6,30.9685714285714,24.26,39.0,20.29,36.58,8.86666666666667,765.733333333333,64.0,1.33333333333333,40.0,2.3333333333333295,9.758741536643356,9.758741536643356,60
0,23.033333333333296,34.79,21.1333333333333,34.8633333333333,23.0,36.09,22.7,33.9666666666667,21.463333333333296,53.96,6.16,9.86666666666667,21.6,31.1,24.2,39.1333333333333,20.29,36.91,8.58333333333333,765.8166666666668,65.0,1.16666666666667,40.0,2.2666666666666706,12.182700319681317,12.182700319681317,50
0,23.0,34.79,21.066666666666695,35.09,23.0,36.09,22.6333333333333,33.9333333333333,21.39,53.5666666666667,5.93333333333333,10.7933333333333,21.5857142857143,31.1842857142857,24.1,39.29,20.29,37.112,8.3,765.9,66.0,1.0,40.0,2.2,44.56903925165535,44.56903925165535,60
0,23.0,34.8633333333333,21.0,35.2233333333333,23.0,36.09,22.6333333333333,33.9333333333333,21.39,53.26,5.66,10.6,21.5,31.496,24.1,39.363333333333294,20.3185714285714,37.2,8.0,765.95,68.1666666666667,1.0,40.0,2.3333333333333295,42.55851750494912,42.55851750494912,60
0,22.963333333333296,35.0,20.8566666666667,35.4,23.0,36.2,22.6,33.8633333333333,21.323333333333295,53.0666666666667,5.43333333333333,11.1,21.5,31.764285714285695,24.0,39.433333333333294,20.29,37.29,7.7,766.0,70.3333333333333,1.0,40.0,2.4666666666666694,25.634241488296535,25.634241488296535,60
0,22.89,35.0,20.79,35.4666666666667,23.0,36.1266666666667,22.6,33.79,21.29,52.76,5.4,12.85,21.5,31.89,24.0,39.69333333333329,20.29,37.41,7.4,766.0499999999998,72.5,1.0,40.0,2.6,40.81511592958122,40.81511592958122,50
0,22.89,35.0,20.76,35.6266666666667,22.963333333333296,36.09,22.6,33.7,21.29,52.5666666666667,5.56,14.8333333333333,21.5,32.2642857142857,24.0,40.2666666666667,20.29,37.616,7.1,766.1,74.6666666666667,1.0,40.0,2.7333333333333294,4.146198427770287,4.146198427770287,40
0,22.823333333333295,35.0,20.7,35.76,22.89,36.09,22.6,33.7,21.29,52.26,5.46666666666667,15.0266666666667,21.5,32.6128571428571,24.0,40.4666666666667,20.29,37.9971428571429,6.8,766.15,76.8333333333333,1.0,40.0,2.86666666666667,31.849729525856677,31.849729525856677,60
0,22.79,35.0,20.6666666666667,35.9,22.89,36.09,22.5,33.7,21.23,51.9266666666667,5.26,15.6933333333333,21.5,32.894,24.0,40.59,20.29,38.29,6.5,766.2,79.0,1.0,40.0,3.0,45.837122085504234,45.837122085504234,50
0,22.79,35.0,20.533333333333296,36.0266666666667,22.89,36.09,22.566666666666695,33.7,21.2,51.44,4.93333333333333,16.5933333333333,21.5,33.1214285714286,23.9266666666667,40.59,20.29,38.4414285714286,6.46666666666667,766.216666666667,78.6666666666667,1.0,40.0,2.93333333333333,39.12617313908413,39.12617313908413,50
0,22.79,35.0,20.445,36.245,22.9266666666667,36.2,22.5,33.7,21.2,51.0266666666667,4.8,18.1333333333333,21.5,33.334,23.89,40.7,20.31,38.576,6.43333333333333,766.233333333333,78.3333333333333,1.0,40.0,2.86666666666667,48.479614849202335,48.479614849202335,40
0,22.79,35.06,20.39,36.433333333333294,23.0,36.2,22.5,33.7,21.2,50.7666666666667,4.65666666666667,20.03,21.5,33.4857142857143,23.823333333333295,40.7,20.3185714285714,38.7,6.4,766.25,78.0,1.0,40.0,2.8,0.429867987986654,0.429867987986654,30
0,22.7,35.09,20.323333333333295,36.56,23.0,36.23,22.5,33.6266666666667,21.1,50.33333333333329,4.59,23.3633333333333,21.5,33.754,23.76,40.8,20.39,38.834,6.36666666666667,766.266666666667,77.6666666666667,1.0,40.0,2.7333333333333294,1.6810850822366774,1.6810850822366774,40
0,22.7,35.1725,20.26,36.7,23.0,36.363333333333294,22.5,33.7,21.1,50.1266666666667,4.46666666666667,24.5,21.5,33.8214285714286,23.7,41.1333333333333,20.39,38.9,6.3333333333333295,766.283333333333,77.3333333333333,1.0,40.0,2.66666666666667,28.326755459420383,28.326755459420383,40
0,22.7,35.2,20.2,36.76,23.1,36.53,22.463333333333296,33.6633333333333,21.1,49.93,4.3333333333333295,25.4266666666667,21.5,34.036,23.7,41.5666666666667,20.39,38.96,6.3,766.2999999999998,77.0,1.0,40.0,2.6,31.965052627492696,31.965052627492696,40
0,22.6,35.2,20.1666666666667,36.933333333333294,23.1,36.6175,22.39,33.59,21.033333333333296,49.59666666666671,4.15666666666667,25.733333333333295,21.5,34.2042857142857,23.6333333333333,41.76,20.39,39.0257142857143,5.96666666666667,766.35,78.3333333333333,1.0,40.0,2.5,32.85101474029943,32.85101474029943,50
0,22.6,35.26,20.1,37.06,23.1,36.7,22.39,33.59,21.0,49.4666666666667,4.03,26.4,21.5,34.332,23.6666666666667,42.09666666666671,20.39,39.09,5.633333333333329,766.4,79.6666666666667,1.0,40.0,2.4,30.639193463139236,30.639193463139236,60
0,22.6,35.29,20.0,37.1266666666667,23.1,36.79,22.39,33.59,21.0,49.2666666666667,4.06,28.6966666666667,21.5,34.6685714285714,23.6,42.363333333333294,20.3614285714286,39.1685714285714,5.3,766.45,81.0,1.0,40.0,2.3,34.65040430892259,34.65040430892259,50
0,22.533333333333296,35.29,20.0,37.2,23.1,36.863333333333294,22.39,33.59,21.0,49.1633333333333,3.9333333333333296,29.2233333333333,21.5,34.94,23.6,42.433333333333294,20.347142857142895,39.2514285714286,4.96666666666667,766.5,82.3333333333333,1.0,40.0,2.2,48.220082779880606,48.220082779880606,50
0,21.823333333333295,35.79,21.0566666666667,37.0933333333333,23.0,35.1633333333333,21.79,33.79,20.6,44.0,10.23,32.3266666666667,21.2,34.7542857142857,22.6,39.09,20.39,36.4557142857143,6.6,766.733333333333,80.5,1.0,30.8333333333333,3.41666666666667,23.565571673680097,23.565571673680097,370
0,21.823333333333295,35.79,21.656666666666695,36.3666666666667,23.066666666666695,35.09,21.8566666666667,33.8633333333333,20.566666666666695,43.8266666666667,11.2966666666667,21.6333333333333,21.236,35.0,22.6,39.03,20.39,36.378,7.1,766.766666666667,78.0,1.0,32.66666666666669,3.43333333333333,6.841504434123635,6.841504434123635,400
0,21.89,36.1333333333333,22.456666666666695,35.4966666666667,23.1,35.0,21.9266666666667,33.9,20.5,44.16,12.0233333333333,14.9,21.29,34.9428571428571,22.6,38.9666666666667,20.39,36.29,7.599999999999999,766.7999999999998,75.5,1.0,34.5,3.45,10.788699891418219,10.788699891418219,70
0,21.89,36.6,23.123333333333296,34.6966666666667,23.1666666666667,34.86,22.075,33.975,20.5,44.223333333333294,12.93,7.89333333333333,21.236,34.794,22.6,38.9,20.5,36.4,8.099999999999998,766.8333333333329,73.0,1.0,36.33333333333329,3.4666666666666694,19.258096651174128,19.258096651174128,70
0,23.323333333333295,33.9,21.6,34.1566666666667,23.2,35.6633333333333,23.0,33.06,21.033333333333296,40.73,8.22666666666667,9.5,22.5,34.4771428571429,24.89,38.985,20.463333333333296,34.99,10.3333333333333,764.3333333333329,58.66666666666671,2.66666666666667,40.0,2.6,17.600421130191535,17.600421130191535,50
10,23.29,34.2666666666667,21.533333333333296,34.43,23.29,35.8266666666667,23.0,33.09,21.033333333333296,41.05666666666671,8.099999999999998,10.1,22.478,34.772,24.89,39.174,20.39,35.1933333333333,10.2,764.35,59.0,2.5,40.0,2.55,21.43171376083046,21.43171376083046,60
0,23.29,34.3266666666667,21.463333333333296,34.59,23.29,35.9666666666667,23.0,33.09,21.1,41.7966666666667,7.96666666666667,10.4333333333333,22.4685714285714,34.8114285714286,24.7914285714286,38.3557142857143,20.39,35.66,10.0666666666667,764.366666666667,59.33333333333329,2.3333333333333295,40.0,2.5,22.534595115575936,22.534595115575936,50
0,23.29,34.3266666666667,21.39,34.6633333333333,23.323333333333295,36.0,23.0,33.09,21.1666666666667,42.09,7.656666666666669,10.9666666666667,22.456,34.62,24.7,38.196,20.39,36.0666666666667,9.93333333333333,764.3833333333331,59.66666666666671,2.16666666666667,40.0,2.45,10.151403245981783,10.151403245981783,50
0,23.2225,34.345,21.29,34.9333333333333,23.34,36.0675,22.9266666666667,33.09,21.1,42.1633333333333,7.59,11.7666666666667,22.39,34.4714285714286,24.7,38.4971428571429,20.39,36.26,9.8,764.4,60.0,2.0,40.0,2.4,13.638302369508892,13.638302369508892,60
0,23.2,34.4,21.29,35.06,23.39,36.1633333333333,22.89,33.09,21.1,42.09,7.33,12.3933333333333,22.39,34.5,24.6,38.736,20.4266666666667,36.6566666666667,9.61666666666667,764.35,60.66666666666671,2.0,40.0,2.36666666666667,33.398489526007324,33.398489526007324,50
0,23.2,34.5,21.1666666666667,35.1266666666667,23.39,36.29,22.89,33.09,21.1,42.03,7.1233333333333295,13.5266666666667,22.39,34.5,24.6,38.867142857142895,20.4266666666667,36.79,9.43333333333333,764.2999999999998,61.33333333333329,2.0,40.0,2.3333333333333295,28.074061672668904,28.074061672668904,50
0,23.2,34.5,21.1,35.26,23.39,36.29,22.89,33.09,21.0,41.863333333333294,7.06,14.0666666666667,22.39,34.4,24.58,39.076,20.39,37.03,9.25,764.25,62.0,2.0,40.0,2.3,0.8299931301735342,0.8299931301735342,60
0,23.1,34.5,21.066666666666695,35.4,23.463333333333296,36.4,22.89,33.09,21.0,41.79,6.93333333333333,14.2,22.375714285714295,34.537142857142896,24.5,39.2642857142857,20.39,37.1633333333333,9.06666666666667,764.2,62.66666666666671,2.0,40.0,2.2666666666666706,25.14792091678828,25.14792091678828,50
0,23.1,34.5,21.0,35.4666666666667,23.463333333333296,36.4666666666667,22.89,33.09,21.0,41.76,6.8,14.6666666666667,22.29,34.612,24.5,39.44,20.4266666666667,37.36,8.88333333333333,764.15,63.33333333333329,2.0,40.0,2.2333333333333294,32.26134133292362,32.26134133292362,60
0,23.1,34.59,20.89,35.59,23.5,36.5,22.79,32.9,21.0,41.7,6.8,15.1933333333333,22.29,34.6214285714286,24.4842857142857,39.6914285714286,20.5,37.5225,8.699999999999998,764.1,64.0,2.0,40.0,2.2,44.86780320294201,44.86780320294201,40
0,23.1,34.59,20.89,35.6633333333333,23.5,36.56,22.79,32.9,21.0,41.6266666666667,6.65666666666667,15.5266666666667,22.29,34.634,24.39,39.876,20.5,37.6633333333333,8.58333333333333,764.0833333333329,64.1666666666667,2.0,40.0,2.11666666666667,41.36265958659351,41.36265958659351,40
0,23.1,34.59,20.79,35.7,23.5,36.53,22.79,32.9,21.0,41.7,6.59,16.0,22.29,34.6842857142857,24.39,40.05714285714289,20.5,37.73,8.46666666666667,764.0666666666668,64.3333333333333,2.0,40.0,2.03333333333333,20.160966587718576,20.160966587718576,20
0,23.033333333333296,34.53,20.73,35.76,23.5,36.59,22.79,32.9,21.0,41.59,6.46666666666667,16.56,22.29,34.6266666666667,24.29,40.334,20.4266666666667,37.79,8.349999999999998,764.0499999999998,64.5,2.0,40.0,1.95,16.743283485993743,16.743283485993743,40
0,23.0,34.53,20.7,35.9,23.463333333333296,36.59,22.79,32.9,21.0,41.59,6.4,17.2933333333333,22.29,34.712857142857104,24.29,40.6514285714286,20.5,37.933333333333294,8.233333333333329,764.033333333333,64.6666666666667,2.0,40.0,1.86666666666667,26.634449639823288,26.634449639823288,50
0,23.0,34.59,20.7,35.9666666666667,23.39,36.59,22.79,32.9,21.0,41.59,6.295,17.945,22.29,34.79,24.29,40.812,20.5,38.0,8.11666666666667,764.016666666667,64.8333333333333,2.0,40.0,1.78333333333333,32.001076999586076,32.001076999586076,50
0,23.0,34.59,20.6,35.9,23.39,36.7,22.76,32.9,21.0,41.59,6.09,18.533333333333296,22.29,34.79,24.29,40.9971428571429,20.5,38.09,8.0,764.0,65.0,2.0,40.0,1.7,26.280546886846423,26.280546886846423,50
0,23.0,34.59,20.533333333333296,35.9666666666667,23.39,36.7,22.76,32.9,20.89,41.7,6.09,19.733333333333295,22.29,34.5671428571429,24.2,41.4,20.5,38.1633333333333,7.8,763.95,66.3333333333333,2.16666666666667,40.0,1.78333333333333,19.73392136860639,19.73392136860639,60
0,22.89,34.59,20.463333333333296,36.0,23.5,36.79,22.7,32.9,20.89,41.645,6.16,20.8566666666667,22.29,34.44,24.2,41.4857142857143,20.5,38.23,7.599999999999999,763.9,67.6666666666667,2.3333333333333295,40.0,1.86666666666667,25.55110980756581,25.55110980756581,60
0,22.89,34.59,20.39,36.0675,23.4266666666667,36.79,22.7,32.9,20.89,41.7,6.22666666666667,21.123333333333296,22.29,34.3528571428571,24.18,41.5,20.5,38.29,7.4,763.85,69.0,2.5,40.0,1.95,47.98353029182181,47.98353029182181,60
0,22.8566666666667,34.56,20.39,36.1633333333333,23.5,36.9,22.7,32.9,20.89,41.7,6.3333333333333295,21.93,22.254,34.356,24.1,41.55714285714289,20.5,38.4,7.2,763.7999999999998,70.3333333333333,2.66666666666667,40.0,2.03333333333333,45.99243635311722,45.99243635311722,60
0,22.8566666666667,34.6333333333333,20.29,36.29,23.5,36.9,22.7,32.9,20.89,41.7,6.4,21.456666666666695,22.2514285714286,34.3528571428571,24.1,41.79,20.5,38.4666666666667,7.0,763.75,71.6666666666667,2.8333333333333295,40.0,2.11666666666667,0.7111849379725754,0.7111849379725754,50
0,22.79,34.56,20.29,36.363333333333294,23.5,36.9,22.7,32.9,20.89,41.73,6.36666666666667,20.9933333333333,22.254,34.4,24.0857142857143,41.8685714285714,20.5,38.53,6.8,763.7,73.0,3.0,40.0,2.2,16.880519117694348,16.880519117694348,50
0,22.79,34.56,20.26,36.4,23.5,36.925,22.7,32.9,20.89,41.79,6.22666666666667,21.3266666666667,22.264285714285695,34.4428571428571,24.0,41.812,20.5,38.59,6.86666666666667,763.6833333333329,72.3333333333333,3.16666666666667,40.0,2.13333333333333,41.134542878717184,41.134542878717184,50
0,22.79,34.59,20.2,36.4,23.5,37.0,22.6,32.79,20.89,41.79,6.19,22.49,22.254,34.554,24.0,41.9,20.5,38.6266666666667,6.93333333333333,763.6666666666669,71.6666666666667,3.3333333333333295,40.0,2.06666666666667,47.22122862003744,47.22122862003744,40
0,22.7,34.59,20.2,36.5,23.5,37.0,22.6,32.79,20.89,41.79,6.1233333333333295,22.823333333333295,22.264285714285695,34.55,24.0,42.09,20.5,38.7,7.0,763.65,71.0,3.5,40.0,2.0,5.068603332620113,5.068603332620113,50
0,22.7,34.59,20.1333333333333,36.5,23.5,37.0,22.6,32.9,20.823333333333295,41.7666666666667,6.0,22.9,22.2,34.356,23.937142857142895,42.09,20.5,38.73,7.06666666666667,763.6333333333331,70.3333333333333,3.6666666666666705,40.0,1.93333333333333,7.016051188111305,7.016051188111305,60
0,22.7,34.59,20.1,36.59,23.5,37.0,22.6,32.9,20.89,41.9,5.93333333333333,23.6333333333333,22.2,34.3685714285714,23.89,42.09,20.5,38.79,7.133333333333329,763.616666666667,69.6666666666667,3.8333333333333295,40.0,1.86666666666667,0.3131432924419641,0.3131432924419641,60
0,22.7,34.59,20.1,36.59,23.5,37.0,22.6,32.9,20.89,41.9,5.86666666666667,24.5,22.2,34.254,23.89,42.1685714285714,20.5,38.9,7.2,763.6,69.0,4.0,40.0,1.8,44.18904797639698,44.18904797639698,60
0,22.6666666666667,34.59,20.066666666666695,36.59,23.5,37.0,22.6,32.9,20.89,41.9,5.8,25.226666666666695,22.2,34.1842857142857,23.8614285714286,42.0357142857143,20.5,38.975,7.06666666666667,763.5499999999998,69.5,3.8333333333333295,40.0,1.78333333333333,31.46617291495204,31.46617291495204,60
0,22.6,34.59,20.0,36.6633333333333,23.566666666666695,37.0,22.6,32.9,20.79,41.79,5.69,25.233333333333295,22.2,34.09,23.83,41.834,20.5,39.0,6.93333333333333,763.5,70.0,3.6666666666666705,40.0,1.76666666666667,10.554156370926648,10.554156370926648,60
0,22.6,34.59,20.0,36.73,23.6,37.09,22.566666666666695,32.9,20.79,41.79,5.6233333333333295,25.3,22.2,34.09,23.8042857142857,41.76714285714289,20.5,39.09,6.8,763.45,70.5,3.5,40.0,1.75,9.024936775676906,9.024936775676906,50
0,22.6,34.59,19.9266666666667,36.79,23.6,37.03,22.5,32.9,20.79,41.8266666666667,5.4,24.895,22.2,34.4,23.83,41.714,20.5,39.09,6.66666666666667,763.4,71.0,3.3333333333333295,40.0,1.73333333333333,45.854912616778165,45.854912616778165,50
0,22.6,34.59,19.89,36.79,23.6,37.0,22.5,32.9,20.8566666666667,41.9666666666667,5.12666666666667,25.1,22.2,34.3371428571429,23.79,41.59,20.566666666666695,39.2,6.53333333333333,763.35,71.5,3.16666666666667,40.0,1.71666666666667,7.287828077096493,7.287828077096493,50
0,22.533333333333296,34.59,19.89,36.863333333333294,23.533333333333296,37.06,22.5,32.9,20.79,41.8266666666667,4.86666666666667,25.5,22.2,34.276,23.79,41.5,20.5,39.2,6.4,763.2999999999998,72.0,3.0,40.0,1.7,47.65341967577115,47.65341967577115,40
0,22.5,34.7,19.823333333333295,36.8266666666667,23.566666666666695,37.09,22.5,32.9,20.79,41.9,4.763333333333329,26.566666666666695,22.2,34.4714285714286,23.777142857142895,41.44285714285711,20.5,39.23,6.16666666666667,763.2999999999998,73.1666666666667,2.8333333333333295,40.0,1.7,20.533332659397274,20.533332659397274,50
0,22.5,34.7,19.823333333333295,36.9,23.5,37.03,22.5,32.9,20.79,41.9,4.69,27.366666666666696,22.2,34.5,23.7,41.378,20.5,39.363333333333294,5.93333333333333,763.2999999999998,74.3333333333333,2.66666666666667,40.0,1.7,6.296841194853187,6.296841194853187,60
0,22.5,34.7,19.79,36.9,23.5,37.03,22.5,32.9,20.79,41.9,4.59,28.166666666666696,22.2,34.5,23.7257142857143,41.29,20.5,39.4,5.7,763.2999999999998,75.5,2.5,40.0,1.7,10.73548172134906,10.73548172134906,50
0,22.5,34.7,19.79,36.975,23.566666666666695,37.09,22.5,32.9,20.79,41.845,4.59,28.6333333333333,22.2,34.5,23.7,41.254,20.5,39.4,5.46666666666667,763.2999999999998,76.6666666666667,2.3333333333333295,40.0,1.7,16.93982247961685,16.93982247961685,60
0,22.39,34.59,19.73,37.0,23.533333333333296,37.03,22.463333333333296,32.8633333333333,20.79,41.8266666666667,4.5,29.43,22.2,34.5,23.7,41.1371428571429,20.5,39.53,5.23333333333333,763.2999999999998,77.8333333333333,2.16666666666667,40.0,1.7,5.635281128343195,5.635281128343195,50
0,22.39,34.6633333333333,19.7,37.09,23.6,37.03,22.39,32.79,20.79,41.8266666666667,4.43333333333333,29.963333333333296,22.1375,34.475,23.68,41.052,20.5,39.59,5.0,763.2999999999998,79.0,2.0,40.0,1.7,11.2444098922424,11.2444098922424,30
0,22.39,34.7,19.7,37.09,23.6,37.0,22.39,32.79,20.79,41.8266666666667,4.36666666666667,30.623333333333296,22.1,34.536,23.6,40.97142857142861,20.5,39.59,4.86666666666667,763.2999999999998,79.5,2.0,40.0,1.63333333333333,35.077997634653,35.077997634653,20
0,22.39,34.7,19.6,37.06,23.533333333333296,37.0,22.39,32.79,20.79,41.8266666666667,4.3,31.3566666666667,22.1428571428571,34.59,23.6,40.856,20.5,39.59,4.73333333333333,763.2999999999998,80.0,2.0,40.0,1.56666666666667,43.123329826630645,43.123329826630645,30
0,22.29,34.7,19.6,37.06,23.5,37.0,22.39,32.8266666666667,20.76,41.79,4.19,31.9266666666667,22.12,34.612,23.6,40.7385714285714,20.5,39.59,4.6,763.2999999999998,80.5,2.0,40.0,1.5,6.7880695220083,6.7880695220083,30
0,22.29,34.7225,19.6,37.09,23.4266666666667,36.933333333333294,22.39,32.9,20.7,41.79,4.19,32.19333333333329,22.1285714285714,34.7,23.6,40.7,20.5,39.59,4.46666666666667,763.2999999999998,81.0,2.0,40.0,1.43333333333333,3.172443818766624,3.172443818766624,50
0,22.29,34.79,19.6,37.09,23.4266666666667,37.0,22.39,32.845,20.76,41.79,4.19,32.86,22.1,34.5,23.6,40.6214285714286,20.5,39.59,4.3333333333333295,763.2999999999998,81.5,2.0,40.0,1.36666666666667,27.06120130605996,27.06120130605996,70
0,22.26,34.76,19.6,37.09,23.39,37.0,22.39,32.9,20.7,41.79,4.19,33.19333333333329,22.1,34.4842857142857,23.6,40.7,20.5,39.59,4.2,763.2999999999998,82.0,2.0,40.0,1.3,18.2494280510582,18.2494280510582,60
0,22.2,34.7,19.6,37.09,23.39,36.933333333333294,22.39,32.9,20.7,41.79,4.463333333333329,33.69333333333329,22.1,34.59,23.514285714285695,40.6528571428571,20.6,39.6266666666667,4.383333333333329,763.283333333333,80.8333333333333,2.16666666666667,40.0,1.28333333333333,48.12180519802496,48.12180519802496,60
0,22.2,34.7,19.6,37.1266666666667,23.5,37.0,22.29,32.9,20.7,41.79,4.6925,33.1175,22.1,34.6214285714286,23.5,40.7,20.6,39.7675,4.56666666666667,763.266666666667,79.6666666666667,2.3333333333333295,40.0,1.26666666666667,33.7269299547188,33.7269299547188,50
0,22.2,34.7,19.6,37.1266666666667,23.5,37.0,22.29,32.9,20.7,41.79,4.86666666666667,33.0633333333333,22.1,34.754,23.5,40.6214285714286,20.6,39.79,4.75,763.25,78.5,2.5,40.0,1.25,21.59163084579632,21.59163084579632,60
0,22.2,34.73,19.6,37.09,23.5,37.0,22.29,32.8633333333333,20.7,41.863333333333294,5.26,32.3,22.1,34.54,23.5,40.634,20.6,39.73,4.93333333333333,763.233333333333,77.3333333333333,2.66666666666667,40.0,1.23333333333333,43.18630595225841,43.18630595225841,50
0,22.2,34.8633333333333,19.533333333333296,37.4966666666667,23.4266666666667,36.8,22.29,32.79,20.7,41.9,5.52666666666667,30.9,22.08,34.36,23.452857142857095,40.5985714285714,20.6,39.863333333333294,5.11666666666667,763.216666666667,76.1666666666667,2.8333333333333295,40.0,1.21666666666667,4.43217324791476,4.43217324791476,70
0,22.23,35.4566666666667,19.6,37.933333333333294,23.3566666666667,36.33333333333329,22.29,32.92,20.7,41.8266666666667,6.1,28.666666666666696,22.0,34.0671428571429,23.478,40.436,20.6,39.79,5.3,763.2,75.0,3.0,40.0,1.2,2.194575744215399,2.194575744215399,170
0,22.29,35.8633333333333,19.6,37.933333333333294,23.29,36.0666666666667,22.29,33.09,20.7,41.76,6.49333333333333,25.733333333333295,22.0,33.554,23.39,39.8714285714286,20.6,39.6566666666667,5.75,763.1666666666669,73.5,2.8333333333333295,40.0,1.33333333333333,1.784520293585956,1.784520293585956,400
0,22.23,36.03,19.6,37.7,23.29,35.9,22.29,33.0,20.7,41.4266666666667,7.06666666666667,21.4266666666667,21.937142857142895,33.1785714285714,23.39,39.416,20.6,39.5266666666667,6.2,763.1333333333331,72.0,2.66666666666667,40.0,1.46666666666667,6.857046100776643,6.857046100776643,150
0,22.29,36.09,19.6666666666667,37.7,23.29,35.8266666666667,22.29,32.86,20.79,40.69333333333329,7.866666666666669,16.3666666666667,21.89,32.794,23.3275,39.06125,20.6,39.19333333333329,6.65,763.1,70.5,2.5,40.0,1.6,10.449095419608057,10.449095419608057,70
10,22.29,36.0266666666667,19.7,37.4666666666667,23.29,35.8633333333333,22.29,32.79,20.8566666666667,40.36,9.09666666666667,11.2,21.89,32.4971428571429,23.29,38.6785714285714,20.6,38.7333333333333,7.1,763.0666666666668,69.0,2.3333333333333295,40.0,1.73333333333333,30.134798947256055,30.134798947256055,110
0,22.29,35.9,20.2475,37.125,23.3566666666667,35.79,22.29,32.8633333333333,20.89,39.995,10.23,8.46,21.89,32.254,23.29,38.418,20.6,38.19333333333329,7.55,763.033333333333,67.5,2.16666666666667,40.0,1.86666666666667,1.3102567521855235,1.3102567521855235,100
0,22.29,35.7233333333333,21.296666666666695,36.0933333333333,23.533333333333296,35.7,22.29,33.1266666666667,20.79,39.933333333333294,11.3933333333333,3.99,21.89,32.1371428571429,23.2257142857143,38.147142857142896,20.7,37.8266666666667,8.0,763.0,66.0,2.0,40.0,2.0,43.27576557407156,43.27576557407156,120
0,22.29,35.4633333333333,21.9933333333333,34.3,23.6,35.5666666666667,22.29,33.26,20.79,40.06,12.1933333333333,1.9966666666666697,21.87,32.072,23.2,38.0,20.7,37.9,8.55,762.966666666667,63.83333333333329,2.16666666666667,40.0,1.98333333333333,28.732783813029528,28.732783813029528,80
0,22.29,34.6,22.4666666666667,32.1,23.73,35.4,22.3566666666667,31.893333333333295,20.79,40.09,13.23,1.0,21.8614285714286,32.0,23.2,37.8514285714286,20.73,37.6,9.1,762.9333333333329,61.66666666666671,2.3333333333333295,40.0,1.9666666666666697,30.293489375617355,30.293489375617355,90
0,24.4266666666667,32.6266666666667,21.89,34.1685714285714,23.945,34.045,24.1,31.6333333333333,23.89,38.2,6.36666666666667,12.3266666666667,24.2,27.2,25.79,33.8633333333333,22.6,30.29,7.51666666666667,759.9333333333329,67.5,4.3333333333333295,40.0,1.85,23.695404012687504,23.695404012687504,70
0,24.39,32.8,21.83,34.4,23.9725,34.2,24.1,31.7,23.89,38.2,6.56,13.4,24.1333333333333,27.26,25.79,33.93,22.7,30.5,7.3,760.0,70.0,4.0,40.0,2.2,0.6739604286849498,0.6739604286849498,90
10,24.39,33.06,21.8328571428571,34.5528571428571,23.89,34.2,24.1,31.76,23.89,38.14,6.43333333333333,13.6933333333333,24.1,27.36,25.73,33.73,22.6714285714286,30.6642857142857,7.233333333333332,760.0499999999998,70.5,3.8333333333333295,40.0,2.2166666666666694,27.114985371008515,27.114985371008515,70
0,24.39,33.2666666666667,21.79,34.76,23.9057142857143,34.3142857142857,24.1,31.7,23.89,37.9,6.3,15.6933333333333,24.1666666666667,27.76,25.7,33.7,22.7,31.1333333333333,7.16666666666667,760.1,71.0,3.6666666666666705,40.0,2.2333333333333294,1.5853963908739388,1.5853963908739388,50
0,24.39,33.5266666666667,21.764285714285695,35.0257142857143,24.0,34.42,24.1,31.73,23.85,37.9,6.12666666666667,16.8,24.1333333333333,28.163333333333295,25.7,33.96,22.7,31.716,7.1,760.15,71.5,3.5,40.0,2.25,24.87534547690302,24.87534547690302,50
0,24.29,33.9633333333333,21.7,35.3175,24.0,34.5,24.025,31.79,23.79,37.9857142857143,5.86666666666667,17.6666666666667,24.2,28.3566666666667,25.7,34.6966666666667,22.79,32.2975,7.03333333333333,760.2,72.0,3.3333333333333295,40.0,2.2666666666666706,47.70509656518698,47.70509656518698,50
0,24.29,34.1175,21.6,35.4,24.0,34.59,24.066666666666695,31.8566666666667,23.79,38.018,5.763333333333329,18.9933333333333,24.2,28.6333333333333,25.7,35.2233333333333,22.79,32.7966666666667,6.96666666666667,760.25,72.5,3.16666666666667,40.0,2.28333333333333,19.85641421051696,19.85641421051696,60
0,24.23,34.2,21.6,35.4857142857143,24.0,34.6842857142857,24.0,32.0,23.79,38.1685714285714,5.69,19.5933333333333,24.2,28.8266666666667,25.6,35.3266666666667,22.79,33.176,6.9,760.2999999999998,73.0,3.0,40.0,2.3,15.135686984285712,15.135686984285712,50
0,24.2,34.3266666666667,21.54,35.576,24.0,34.754,24.0,32.06,23.79,38.2,5.43333333333333,19.8,24.2,29.033333333333296,25.533333333333296,35.4666666666667,22.79,33.5725,6.78333333333333,760.3166666666668,73.1666666666667,2.8333333333333295,40.0,2.2166666666666694,21.096357132773846,21.096357132773846,40
0,24.2,34.4666666666667,21.5,35.7257142857143,24.0,34.79,24.0,32.1266666666667,23.7385714285714,38.34,5.16,20.4,24.2,29.1666666666667,25.5,35.6266666666667,22.79,33.93,6.66666666666667,760.3333333333329,73.3333333333333,2.66666666666667,40.0,2.13333333333333,31.783239741344005,31.783239741344005,50
0,24.1,34.5666666666667,21.456,35.79,24.0,34.9,24.0,32.2,23.718,38.46,4.93333333333333,21.666666666666696,24.2,29.323333333333295,25.5,35.8333333333333,22.83,34.316,6.55,760.35,73.5,2.5,40.0,2.05,18.435509351547807,18.435509351547807,50
0,24.1,34.7,21.39,35.8528571428571,24.0,35.0085714285714,24.0,32.3266666666667,23.7514285714286,38.564285714285695,4.66,21.9266666666667,24.2,29.463333333333296,25.39,35.9,22.89,34.82,6.43333333333333,760.366666666667,73.6666666666667,2.3333333333333295,40.0,1.9666666666666697,13.795390317682177,13.795390317682177,50
0,24.1,34.7,21.37,35.978,24.0,35.09,24.0,32.4666666666667,23.7,38.634,4.263333333333329,23.43,24.1,29.6,25.39,35.7666666666667,22.89,35.1566666666667,6.31666666666667,760.3833333333331,73.8333333333333,2.16666666666667,40.0,1.88333333333333,8.749179460573941,8.749179460573941,50
0,24.1,34.76,21.29,36.1214285714286,24.0,35.1685714285714,24.0,32.59,23.7257142857143,38.7,4.3225,24.77,24.1,29.7,25.39,35.79,22.89,35.434,6.2,760.4,74.0,2.0,40.0,1.8,15.108357940334827,15.108357940334827,60
0,24.066666666666695,34.79,21.254,36.29,24.0,35.2,24.0,32.6633333333333,23.7,38.745,4.16,24.79,24.1666666666667,29.76,25.323333333333295,35.8633333333333,22.89,35.752,6.0,760.45,75.3333333333333,2.0,40.0,1.85,6.853434874210507,6.853434874210507,50
0,24.0,34.79,21.2,36.3528571428571,24.0857142857143,35.2771428571429,24.0,32.7,23.7,38.856,3.7966666666666695,25.456666666666695,24.1,29.86,25.26,35.9333333333333,22.89,36.0,5.8,760.5,76.6666666666667,2.0,40.0,1.9,47.657008143141866,47.657008143141866,60
0,24.0,34.8266666666667,21.18,36.478,24.1,35.312,24.0,32.76,23.7,38.9,3.53,26.5233333333333,24.1,30.0,25.2,36.0,22.89,36.24,5.6,760.5499999999998,78.0,2.0,40.0,1.95,2.5903248577378686,2.5903248577378686,50
0,24.0,34.9,21.1,36.59,24.1,35.3685714285714,24.0,32.9,23.7,38.94,3.26,27.93,24.033333333333296,30.033333333333296,25.2,36.0,22.9266666666667,36.615,5.4,760.6,79.3333333333333,2.0,40.0,2.0,12.0386726106517,12.0386726106517,50
0,23.963333333333296,34.9333333333333,21.04,36.736,24.1,35.334,23.9266666666667,32.9,23.7,39.0,3.12666666666667,28.796666666666695,24.1,30.1,25.2,35.8633333333333,22.89,36.916,5.2,760.65,80.6666666666667,2.0,40.0,2.05,46.088399912696325,46.088399912696325,50
0,23.29,35.06,21.89,33.856,23.66,33.08,23.533333333333296,33.4666666666667,23.2,37.816,12.6,1.13333333333333,23.6,29.0,24.533333333333296,36.33333333333329,23.2,35.46,9.55,761.95,63.5,4.5,40.0,2.9,11.060918786097316,11.060918786097316,200
10,23.2,34.56,22.055714285714295,33.79,23.6,33.09375,23.6,33.4666666666667,23.2,37.634,12.86,1.0,23.6,28.9266666666667,24.6,36.095,23.1571428571429,35.3528571428571,9.7,762.0,62.66666666666671,4.3333333333333295,40.0,2.86666666666667,29.52656619017944,29.52656619017944,110
