lights,T1,RH_1,T2,RH_2,T3,RH_3,T4,RH_4,T5,RH_5,T6,RH_6,T7,RH_7,T8,RH_8,T9,RH_9,T_out,Press_mm_hg,RH_out,Windspeed,Visibility,Tdewpoint,rv1,rv2,Appliances
0.0,0.6335797254487854,0.16163654710577158,0.37727162587836083,0.3344268441278483,0.3655699567962778,0.2815080230565501,0.6216216216216217,0.19220372741499347,0.3076923076923077,0.17103548516439443,0.4789695823024306,0.15530839231547017,0.6503298774740809,0.04964539007092206,0.6737870003051589,0.05026273703449946,0.5421436004162332,0.3279525386313453,0.48231511254019294,0.8325581395348856,0.35526315789473684,0.2857142857142857,0.38461538461538464,0.3031674208144796,0.8641831808423434,0.8641831808423434,0.03738317757009346
0.0,0.6240760295670535,0.16613154756444437,0.37291010419190584,0.3100571749929707,0.35726154868727145,0.27262813522355445,0.6150150150150182,0.18651301749893312,0.31247013855709516,0.16567261427425756,0.4789695823024306,0.15264577013818706,0.6597549481621112,0.04479905437352116,0.6615807140677403,0.06168608636052064,0.5421436004162332,0.3279525386313453,0.48338692390139226,0.8310077519379782,0.3508771929824567,0.2857142857142857,0.38974358974358925,0.3024132730015083,0.022565565100879047,0.022565565100879047,0.04672897196261682
0.0,0.6240760295670535,0.17897440601779813,0.37072934334867824,0.2904677101883959,0.35726154868727145,0.2598535597445093,0.6150150150150182,0.1836676625409004,0.31247013855709516,0.1606605854049718,0.4789695823024306,0.15129760701044792,0.6597549481621112,0.0398345153664289,0.6615807140677403,0.07071053232807722,0.5421436004162332,0.3279525386313453,0.48445873526259486,0.8294573643410956,0.34649122807017485,0.2857142857142857,0.39487179487179536,0.30165912518853694,0.05054236248992295,0.05054236248992295,0.06542056074766356
0.0,0.6240760295670535,0.15062838271718348,0.36588320814150377,0.27922017058768345,0.3655699567962778,0.24739055927714526,0.6150150150150182,0.17769241712903527,0.31247013855709516,0.15354350441058578,0.4800368699364489,0.14823053589484328,0.6701225259189443,0.04101654846335823,0.6676838571864501,0.07733607493717254,0.5421436004162332,0.3279525386313453,0.4855305466237942,0.8279069767441882,0.3421052631578947,0.2857142857142857,0.4,0.3009049773755656,0.9492017055760366,0.9492017055760366,0.06542056074766356
0.0,0.6240760295670535,0.1286120539400072,0.3634601405379201,0.27378385978067354,0.3655699567962778,0.24147063405514646,0.6117117117117119,0.17626973965002124,0.31247013855709516,0.1496341218925425,0.48217144520448263,0.15099427030670678,0.6764059063776335,0.03652482269503543,0.6676838571864501,0.07847840986977372,0.5421436004162332,0.31719094922737145,0.48660235798499357,0.8263565891472808,0.33771929824561453,0.2857142857142857,0.40512820512820463,0.30015082956259426,0.22808184092037212,0.22808184092037212,0.05607476635514019
0.0,0.6272439281942976,0.12475919640400124,0.3634601405379201,0.2773455806542333,0.3655699567962778,0.23819909643246362,0.6117117117117119,0.1737089201877935,0.31247013855709516,0.14652666399358455,0.48217144520448263,0.14504550050556117,0.6795475966069746,0.03427895981087592,0.6737870003051589,0.07847840986977372,0.5456122095039853,0.3170529801324504,0.4876741693461961,0.8248062015503983,0.3333333333333328,0.2857142857142857,0.41025641025641074,0.2993966817496229,0.6267730558604603,0.6267730558604603,0.06542056074766356
0.0,0.6335797254487854,0.1339326667278239,0.3634601405379201,0.2932795950885738,0.3655699567962778,0.23477177130394056,0.6117117117117119,0.1724285104566794,0.31247013855709516,0.14562449879711298,0.48217144520448263,0.1462419952814287,0.686616399622997,0.03368794326241131,0.6676838571864501,0.07299520219328293,0.5456122095039853,0.322847682119205,0.48874598070739544,0.8232558139534909,0.32894736842105265,0.2857142857142857,0.4153846153846154,0.2986425339366516,0.4395909206783984,0.4395909206783984,0.06542056074766356
0.0,0.6335797254487854,0.13118062563067678,0.3634601405379201,0.3026525447558359,0.3655699567962778,0.23477177130394056,0.6117117117117119,0.1724285104566794,0.31247013855709516,0.14607558139534876,0.48217144520448263,0.14078193461408797,0.6889726672950045,0.03191489361702127,0.6737870003051589,0.07984921178889626,0.5421436004162332,0.3279525386313453,0.4882100750267942,0.8224806201550443,0.32894736842105265,0.29761904761904784,0.40769230769230774,0.2971342383107089,0.5997721541497536,0.5997721541497536,0.08411214953271029
0.0,0.6335797254487854,0.13301531969544245,0.3634601405379201,0.30930733901958885,0.3655699567962778,0.23477177130394056,0.6117117117117119,0.16816047801963308,0.31247013855709516,0.14697774659182034,0.48217144520448263,0.14182676103808595,0.6889726672950045,0.027068557919620373,0.6768385718645091,0.08910212474297463,0.5421436004162332,0.3279525386313453,0.4876741693461961,0.821705426356587,0.32894736842105265,0.30952380952380926,0.4,0.2956259426847662,0.9686978097867202,0.9686978097867202,0.06542056074766356
0.0,0.6335797254487854,0.1259517475460974,0.35861400533074494,0.30724529009279267,0.3655699567962778,0.23336968375136213,0.6117117117117119,0.16531512306160034,0.31565535913361686,0.14752906976744223,0.48217144520448263,0.1432423323222113,0.6946277097078231,0.022104018912528223,0.6768385718645091,0.09115832762165854,0.5421436004162332,0.3267108167770405,0.4871382636655949,0.8209302325581405,0.32894736842105265,0.3214285714285714,0.3923076923076923,0.29411764705882354,0.9942731957330355,0.9942731957330355,0.06542056074766356
0.0,0.6406195001759978,0.12778644161086306,0.3561909377271615,0.31408754334989175,0.3655699567962778,0.23056550864620573,0.608708708708712,0.16232750035566768,0.31565535913361686,0.14752906976744223,0.48217144520448263,0.1365015166835187,0.6974552309142317,0.020921985815602784,0.6850778150747625,0.09812657071053121,0.5421436004162332,0.3214679911699747,0.48660235798499357,0.8201550387596974,0.32894736842105265,0.33333333333333354,0.38461538461538464,0.29260935143288086,0.2734753927216909,0.2734753927216909,0.07476635514018692
0.14285714285714285,0.6335797254487854,0.1287037886432444,0.3561909377271615,0.31952385415690454,0.3655699567962778,0.22713818351768245,0.6072072072072072,0.1615450277422108,0.3188405797101481,0.1486317161186848,0.4800368699364489,0.1385237613751264,0.6974552309142317,0.01879432624113475,0.6850778150747625,0.10498058030614454,0.5421436004162332,0.3185706401765973,0.48606645230439544,0.8193798449612331,0.32894736842105265,0.34523809523809496,0.37692307692307697,0.2911010558069381,0.28711252220179995,0.28711252220179995,0.07476635514018692
0.2857142857142857,0.6406195001759978,0.13218970736629831,0.3561909377271615,0.32439778798387897,0.3655699567962778,0.22713818351768245,0.6027027027027028,0.16232750035566768,0.3188405797101481,0.14953388131515627,0.4789695823024306,0.14219750589821337,0.6974552309142317,0.014184397163120588,0.6850778150747625,0.1142334932602227,0.5421436004162332,0.31305187637968923,0.4855305466237942,0.8186046511627936,0.32894736842105265,0.3571428571428571,0.36923076923076925,0.28959276018099545,0.19990590059514826,0.19990590059514826,0.08411214953271029
0.0,0.5712777191129883,0.2483487753417124,0.399806154591712,0.40284937669884735,0.4228979727484212,0.3879108895466594,0.5282282282282249,0.3912363067292661,0.4462494027711419,0.21385825982357637,0.6504147867850387,0.0024555828398093015,0.6632108074143923,0.34397163120567376,0.6585291425083906,0.2532556545579163,0.5941727367325702,0.39279801324503305,0.5787781350482315,0.4674418604651187,0.35526315789473684,0.5238095238095235,0.6000000000000001,0.4343891402714932,0.6666375293073585,0.6666375293073585,0.08411214953271029
0.0,0.5712777191129883,0.24612420878818597,0.40707535740247036,0.4038804011622471,0.4256674421180868,0.37840785169029223,0.5249249249249281,0.3883909517712334,0.4462494027711419,0.20916270477717952,0.655537767428322,0.0,0.6701225259189443,0.34137115839243637,0.6585291425083906,0.24183230523189514,0.5941727367325702,0.3748620309050741,0.5868167202572347,0.46627906976744526,0.3421052631578947,0.5357142857142857,0.6000000000000001,0.4321266968325792,0.6679071487188818,0.6679071487188818,0.102803738317757
0.0,0.5712777191129883,0.25896706724153695,0.41379937000242184,0.410863248664355,0.4312063808574278,0.37498052656176917,0.5249249249249281,0.3827002418551728,0.45007166746297167,0.2063101443464313,0.6597292970455539,0.0,0.673264216148284,0.33557919621749277,0.6676838571864501,0.23303632625085657,0.5941727367325702,0.3585816777041926,0.594855305466238,0.4651162790697647,0.32894736842105265,0.5476190476190478,0.6000000000000001,0.4298642533936652,0.41948654725370527,0.41948654725370527,0.102803738317757
0.0,0.577613516367476,0.2809833960187136,0.4208868427429113,0.42356359546349354,0.4312063808574278,0.37669418912603336,0.5249249249249281,0.37729406743491256,0.4558050645007168,0.2067354507961962,0.6664241012952992,0.0,0.6858309770656643,0.33085106382978724,0.6676838571864501,0.2216129769248354,0.5872355185570546,0.34078366445915953,0.6028938906752411,0.4639534883720948,0.3157894736842105,0.5595238095238092,0.6000000000000001,0.42760180995475117,0.08519198915231777,0.08519198915231777,0.09345794392523364
0.0,0.5807814149947197,0.30006421429226826,0.42355221710685864,0.43378011060080623,0.4312063808574278,0.3832372643713984,0.5315315315315317,0.37444871247687983,0.45007166746297167,0.20712209302325574,0.662931159947606,0.0,0.6889726672950045,0.3249408983451525,0.6795849862679271,0.2193283070596297,0.5872355185570546,0.3156732891832199,0.6109324758842443,0.4627906976744214,0.30263157894736836,0.5714285714285714,0.6000000000000001,0.4253393665158371,0.8222989212599131,0.8222989212599131,0.09345794392523364
0.0,0.6557550158394931,0.30556829648656225,0.506421129149504,0.4394038804011625,0.46194749086075104,0.44087864153294887,0.6276276276276302,0.3928012519561799,0.5312947921643574,0.2145542158322828,0.6692378596031641,0.02831142568250758,0.7540056550424128,0.28936170212765955,0.6393042416844663,0.2090472926662097,0.6139438085327782,0.43598233995584845,0.5980707395498392,0.5267441860465141,0.42105263157894735,0.3214285714285714,0.6000000000000001,0.5203619909502263,0.8417011386309343,0.8417011386309343,0.028037383177570097
0.0,0.6627947905667047,0.30758645995780265,0.5015749939423295,0.4414659293279587,0.4569624459953472,0.43830814768655535,0.6276276276276302,0.3956466069142126,0.5376015289058766,0.20937750601443456,0.6587590355600844,0.04506235254465793,0.7540056550424128,0.28687943262411353,0.6406120580670449,0.2090472926662097,0.6139438085327782,0.4329470198675496,0.6066452304394436,0.5248062015503976,0.40350877192982504,0.30952380952380926,0.6000000000000001,0.5173453996983407,0.9810702530071065,0.9810702530071065,0.04672897196261682
0.0,0.6663146779303062,0.30758645995780265,0.49357887085049534,0.4450276502015186,0.4594549684280491,0.4391649789686849,0.6306306306306309,0.3957888746621123,0.5418060200668895,0.20422227632031204,0.6606995585310232,0.04984833164812942,0.7540056550424128,0.28687943262411353,0.6461702776930105,0.2071624400274159,0.6139438085327782,0.43018763796909343,0.615219721329045,0.5228682170542562,0.3859649122807012,0.29761904761904784,0.6000000000000001,0.5143288084464557,0.10777722794388617,0.10777722794388617,0.04672897196261682
0.0,0.6663146779303062,0.30758645995780265,0.49357887085049534,0.4450276502015186,0.4594549684280491,0.4391649789686849,0.6306306306306309,0.39863422962014505,0.5418060200668895,0.20059643143544498,0.6644835783243574,0.04708459723626562,0.7574615142946939,0.2836879432624113,0.6484589563625254,0.20527758738862234,0.6139438085327782,0.4277041942604842,0.6237942122186495,0.5209302325581433,0.36842105263157887,0.2857142857142857,0.6000000000000001,0.5113122171945701,0.996025091978288,0.996025091978288,0.03738317757009346
0.0,0.6698345652939068,0.30455921475094083,0.49357887085049534,0.4450276502015186,0.4594549684280491,0.4391649789686849,0.6306306306306309,0.3972115521411308,0.5472663981980792,0.19663979264520487,0.6722456702081212,0.032928884395011834,0.7643732327992458,0.2836879432624113,0.6513361524042036,0.20527758738862234,0.6139438085327782,0.4277041942604842,0.6270096463022508,0.5189922480620268,0.37938596491228016,0.29761904761904784,0.6000000000000001,0.5241327300150828,0.8355452835927466,0.8355452835927466,0.04672897196261682
0.0,0.6768743400211192,0.30290799009265257,0.49357887085049534,0.4450276502015186,0.46444001329345275,0.43573765384016183,0.6306306306306309,0.3943661971830985,0.5513616817964644,0.1944917802726543,0.6780672391209431,0.02955847657566562,0.7643732327992458,0.2801418439716312,0.6585291425083906,0.20527758738862234,0.6139438085327782,0.4277041942604842,0.630225080385852,0.5170542635658855,0.390350877192983,0.30952380952380926,0.6000000000000001,0.5369532428355959,0.9120407208747937,0.9120407208747937,0.03738317757009346
0.0,0.6768743400211192,0.30208237776350844,0.49115580324691166,0.44315306026806545,0.46444001329345275,0.43573765384016183,0.6306306306306309,0.39863422962014505,0.5554569653948496,0.19169936418833727,0.6838888080337652,0.02086282440175257,0.7706566132579356,0.27777777777777635,0.6585291425083906,0.2035151277783207,0.6139438085327782,0.4277041942604842,0.6334405144694533,0.515116279069769,0.4013157894736842,0.3214285714285714,0.6000000000000001,0.5497737556561086,0.10328668982183892,0.10328668982183892,0.05607476635514019
0.0,0.6768743400211192,0.30208237776350844,0.48630966803973696,0.4401771487487115,0.46444001329345275,0.43573765384016183,0.6306306306306309,0.3975672215108834,0.5609173435260393,0.18856756214915787,0.6944646582253908,0.006740815638692315,0.7706566132579356,0.27269503546099294,0.6585291425083906,0.20219328307059614,0.6208810267082934,0.4277041942604842,0.6366559485530547,0.5131782945736525,0.41228070175438536,0.33333333333333354,0.6000000000000001,0.5625942684766212,0.5306994662540501,0.5306994662540501,0.04672897196261682
0.0,0.6768743400211192,0.30024768369874266,0.481948146353282,0.44249695379135845,0.46444001329345275,0.43433556628758363,0.6306306306306309,0.3943661971830985,0.5609173435260393,0.18527680719440992,0.6828215203997468,0.0047185709470846295,0.7643732327992458,0.27033096926713807,0.6585291425083906,0.19974542250073335,0.6139438085327782,0.423565121412802,0.639871382636656,0.5112403100775111,0.4232456140350882,0.34523809523809496,0.6000000000000001,0.5754147812971344,0.024277043454045587,0.024277043454045587,0.03738317757009346
0.0,0.6768743400211192,0.2983212549307397,0.4797673855100544,0.44249695379135845,0.46444001329345275,0.431531391182427,0.6306306306306309,0.38967136150234727,0.5609173435260393,0.1819817562149157,0.6807839712802591,0.0043141220087630945,0.7643732327992458,0.2680851063829788,0.6585291425083906,0.19876627827278948,0.6139438085327782,0.42052980132450335,0.6430868167202572,0.5093023255813982,0.4342105263157895,0.3571428571428571,0.6000000000000001,0.5882352941176471,0.38324635615474995,0.38324635615474995,0.05607476635514019
0.0,0.6768743400211192,0.29630309145949973,0.4797673855100544,0.44249695379135845,0.4727484214024593,0.43573765384016183,0.6306306306306309,0.38967136150234727,0.5609173435260393,0.17909053156146187,0.6848590695192345,0.009032692955847622,0.7643732327992458,0.263593380614656,0.6585291425083906,0.19509448741799518,0.6208810267082934,0.417770419426047,0.6414790996784565,0.5085271317829516,0.43859649122806965,0.3571428571428571,0.6000000000000001,0.5897435897435896,0.24553756895512094,0.24553756895512094,0.04672897196261682
0.14285714285714285,0.6768743400211192,0.2954774791303556,0.472498182699296,0.4394038804011625,0.4727484214024593,0.43573765384016183,0.6306306306306309,0.3871105420401193,0.5695174390826565,0.1780423015236567,0.6983457041672742,0.008763060330299999,0.7643732327992458,0.25886524822695045,0.6585291425083906,0.19328307059629868,0.6208810267082934,0.417770419426047,0.639871382636656,0.5077519379844944,0.44298245614035137,0.3571428571428571,0.6000000000000001,0.5912518853695325,0.19874030632090797,0.19874030632090797,0.07476635514018692
0.0,0.5536782822949624,0.3277680946702133,0.5299248849042875,0.43771674946105554,0.4788412540157274,0.41236952796385706,0.6306306306306309,0.43846919903257753,0.5360726230291448,0.3822925020048113,0.6807839712802591,0.025918436130771785,0.6032045240339301,0.36843971631205696,0.45620994812328153,0.2897189856065798,0.6729101630246308,0.3900386313465769,0.6291532690246527,0.4806201550387712,0.39473684210526316,0.38095238095238065,0.4871794871794876,0.539969834087481,0.6583388306340304,0.6583388306340304,0.06542056074766356
0.0,0.5607180570221753,0.32960278873497906,0.5403440755997051,0.4349048645608776,0.4788412540157274,0.41236952796385706,0.6306306306306309,0.4370465215535637,0.6298546174322597,0.684131200595715,0.6867995924901762,0.018436130771823357,0.6003770028275215,0.3652482269503545,0.45620994812328153,0.29222559483011956,0.6659729448491152,0.394384657836643,0.635048231511254,0.4813953488372107,0.38815789473684204,0.3571428571428571,0.5153846153846153,0.5407239819004525,0.907057970685425,0.907057970685425,0.08411214953271029
0.0,0.5607180570221753,0.32960278873497906,0.5500363460140547,0.42721904583372516,0.48465713969203184,0.4140831905281208,0.6366366366366398,0.4370465215535637,0.5752508361204016,0.7040647554129909,0.6946587105224858,0.019885406134142258,0.6010838831291234,0.36258865248226946,0.4617027769301174,0.29780671692940364,0.6659729448491152,0.39831677704194113,0.6409431939978553,0.48217054263565373,0.381578947368421,0.33333333333333354,0.543589743589743,0.5414781297134239,0.6961305135766457,0.6961305135766457,0.08411214953271029
0.0,0.5607180570221753,0.32960278873497906,0.554640174460866,0.42084544005998714,0.48465713969203184,0.4140831905281208,0.6396396396396395,0.4310712761416986,0.5566855504743715,0.7096925478290748,0.7043613253771883,0.015840916750926894,0.6032045240339301,0.36170212765957444,0.4682418588430193,0.2988837755801437,0.6566077003121749,0.3998344370860927,0.6468381564844597,0.48294573643411454,0.375,0.30952380952380926,0.5717948717948722,0.542232277526395,0.5037595182167516,0.5037595182167516,0.07476635514018692
0.0,0.5677578317493872,0.32960278873497906,0.559001696147321,0.41690880119973783,0.4901960784313726,0.4175105156566441,0.6396396396396395,0.425380566225638,0.5456282847587193,0.6908329991980751,0.7043613253771883,0.014829794405123047,0.6032045240339301,0.36170212765957444,0.4845895636252655,0.301576422206991,0.6566077003121749,0.40286975717439133,0.652733118971061,0.48372093023256113,0.36842105263157887,0.2857142857142857,0.6000000000000001,0.5429864253393666,0.5914056174201489,0.5914056174201489,0.07476635514018692
0.0,0.5712777191129883,0.32960278873497906,0.559001696147321,0.41606523572968435,0.4881189764041207,0.4162252687334471,0.6477477477477478,0.4269455114525522,0.5418060200668895,0.6389585004009619,0.7004802794353079,0.01415571284125379,0.6032045240339301,0.36170212765957444,0.49361349666506404,0.3020170371095645,0.6566077003121749,0.4042494481236172,0.6570203644158616,0.48410852713179153,0.3640350877192987,0.29761904761904784,0.6000000000000001,0.544494720965309,0.14460660978595002,0.14460660978595002,0.07476635514018692
0.0,0.5712777191129883,0.32960278873497906,0.559001696147321,0.4143781047895776,0.48188767032236623,0.41236952796385706,0.6477477477477478,0.4238156209987196,0.5376015289058766,0.5587259422614272,0.7071750836850532,0.01681833501853721,0.6032045240339301,0.36170212765957444,0.5074763503204136,0.30006854009595596,0.6566077003121749,0.40700883002207355,0.6613076098606656,0.48449612403100417,0.359649122807017,0.30952380952380926,0.6000000000000001,0.546003016591252,0.009653830629201747,0.009653830629201747,0.07476635514018692
0.0,0.5712777191129883,0.33207962572241145,0.559001696147321,0.41334708032617795,0.4901960784313726,0.4175105156566441,0.6477477477477478,0.4238156209987196,0.5312947921643574,0.4426301695497757,0.7108620773298414,0.01270643747893498,0.6032045240339301,0.36170212765957444,0.5140154322333155,0.301576422206991,0.6462018730489076,0.40825055187637815,0.6655948553054662,0.4848837209302346,0.35526315789473684,0.3214285714285714,0.6000000000000001,0.5475113122171946,0.1731782553005535,0.1731782553005535,0.07476635514018692
0.0,0.5712777191129883,0.3304284010641232,0.559001696147321,0.4112850313993818,0.48465713969203184,0.4140831905281208,0.6477477477477478,0.4238156209987196,0.5312947921643574,0.3717070970328787,0.7148401494202679,0.01243680485338726,0.6126295947219604,0.3652482269503545,0.5248703082087256,0.3006854009595612,0.6462018730489076,0.4107339955849876,0.6698821007502669,0.485271317829465,0.3508771929824567,0.33333333333333354,0.6000000000000001,0.5490196078431371,0.42399707064863174,0.42399707064863174,0.09345794392523364
0.0,0.5744456177402324,0.3277680946702133,0.5638478313544957,0.41334708032617795,0.4901960784313726,0.4175105156566441,0.6477477477477478,0.4238156209987196,0.5312947921643574,0.3344347863443697,0.724542764274973,0.01243680485338726,0.6126295947219604,0.3652482269503545,0.5355944025458852,0.3030451385489068,0.6462018730489076,0.415286975717438,0.6741693461950706,0.48565891472867406,0.34649122807017485,0.34523809523809496,0.6000000000000001,0.5505279034690801,0.7595663892676746,0.7595663892676746,0.08411214953271029
0.0,0.5807814149947197,0.32960278873497906,0.559001696147321,0.41334708032617795,0.4901960784313726,0.4175105156566441,0.6477477477477478,0.425380566225638,0.5312947921643574,0.30485665597433825,0.7285208363653994,0.009100101112234579,0.6229971724787935,0.3652482269503545,0.5444613976197727,0.301576422206991,0.6462018730489076,0.415286975717438,0.6784565916398715,0.48604651162791157,0.3421052631578947,0.3571428571428571,0.6000000000000001,0.5520361990950227,0.9960654374473094,0.9960654374473094,0.08411214953271029
0.0,0.5807814149947197,0.32960278873497906,0.559001696147321,0.4143781047895776,0.4901960784313726,0.4175105156566441,0.6477477477477478,0.42851045667947085,0.5312947921643574,0.2852157678428226,0.7285208363653994,0.012470508931580682,0.6229971724787935,0.3652482269503545,0.5503727276690311,0.3040242827768542,0.6462018730489076,0.4165286975717424,0.6811361200428714,0.48604651162791157,0.34429824561403555,0.36904761904761924,0.6000000000000001,0.5573152337858222,0.08443562804396748,0.08443562804396748,0.06542056074766356
0.0,0.5887011615628295,0.32960278873497906,0.559001696147321,0.41704939544474673,0.4901960784313726,0.4175105156566441,0.6507507507507475,0.4323516858728125,0.5312947921643574,0.2656554301752771,0.7420074710134392,0.012369396697000302,0.6261388627081332,0.3663120567375886,0.5569118095819334,0.3118574366004112,0.6462018730489076,0.4190121412803516,0.6838156484458746,0.48604651162791157,0.34649122807017485,0.38095238095238065,0.6000000000000001,0.5625942684766212,0.6851005792746283,0.6851005792746283,0.05607476635514019
0.0,0.5913410770855332,0.32960278873497906,0.559001696147321,0.42000187458993365,0.4901960784313726,0.4189126032092221,0.6567567567567567,0.4323516858728125,0.5312947921643574,0.2553277866880512,0.7460825692524145,0.01311088641725652,0.6324222431668238,0.36843971631205696,0.5655433977069593,0.3201312053265455,0.6462018730489076,0.42494481236202786,0.6864951768488745,0.48604651162791157,0.3486842105263158,0.39285714285714285,0.6000000000000001,0.5678733031674208,0.09004564418031774,0.09004564418031774,0.05607476635514019
0.0,0.6029567053854274,0.33207962572241145,0.5568209353040936,0.4209391695566589,0.4901960784313726,0.4217167783143789,0.6567567567567567,0.43391663109973133,0.5312947921643574,0.24636627906976732,0.7455974385096784,0.013549039433771483,0.6418473138548537,0.36843971631205696,0.5669819957277982,0.32810143934201497,0.6462018730489076,0.43018763796909343,0.6891747052518746,0.48604651162791157,0.3508771929824567,0.40476190476190493,0.6000000000000001,0.5731523378582204,0.8844657459789744,0.8844657459789744,0.05607476635514019
0.0,0.6029567053854274,0.33207962572241145,0.5524594136176384,0.42450089043021866,0.4901960784313726,0.42685776600716596,0.6567567567567567,0.4370465215535637,0.5312947921643574,0.23899859663191642,0.7399699218939515,0.015166835187057633,0.6418473138548537,0.37104018912529435,0.5695976284929554,0.333153823558211,0.6462018730489076,0.43598233995584845,0.6918542336548779,0.48604651162791157,0.353070175438596,0.41666666666666635,0.6000000000000001,0.5784313725490194,0.047955490248518515,0.047955490248518515,0.06542056074766356
0.0,0.6029567053854274,0.33207962572241145,0.5524594136176384,0.42843752929046797,0.4901960784313726,0.4299735161240079,0.6567567567567567,0.4370465215535637,0.5342980001365121,0.2340366880513231,0.7380293989230098,0.015166835187057633,0.6418473138548537,0.37234042553191493,0.5761367104058577,0.3358464701850581,0.6462018730489076,0.43598233995584845,0.6945337620578778,0.48604651162791157,0.35526315789473684,0.42857142857142855,0.6000000000000001,0.5837104072398189,0.05351804272990132,0.05351804272990132,0.04672897196261682
0.0,0.6029567053854274,0.33207962572241145,0.5524594136176384,0.4301246602305747,0.4901960784313726,0.431531391182427,0.6567567567567567,0.439891876511596,0.5354992833253702,0.2288943464314353,0.732498908455829,0.019548365352207584,0.6418473138548537,0.37446808510638285,0.5774445267884363,0.33780475864094917,0.6392646548733916,0.4289459161147888,0.697749196141479,0.48565891472867406,0.3508771929824567,0.42857142857142855,0.6000000000000001,0.5829562594268475,0.2980744496156368,0.2980744496156368,0.07476635514018692
0.0,0.6029567053854274,0.3395101366847084,0.5451902108068802,0.42928109476052134,0.4901960784313726,0.431531391182427,0.6477477477477478,0.44131455399061026,0.535799604122589,0.22477875472562686,0.7344394314267705,0.0262891809908999,0.6418473138548537,0.3768321513002377,0.5852914250839167,0.33927347498286475,0.6462018730489076,0.4289459161147888,0.7009646302250805,0.485271317829465,0.34649122807017485,0.42857142857142855,0.6000000000000001,0.5822021116138765,0.5003970506050012,0.5003970506050012,0.06542056074766356
0.0,0.6029567053854274,0.34152830015594837,0.5403440755997051,0.4330302746274245,0.4901960784313726,0.431531391182427,0.6477477477477478,0.44387537345283823,0.5354992833253702,0.2208049318364072,0.7344394314267705,0.02831142568250758,0.635563933396164,0.38179669030732977,0.5852914250839167,0.3414765494957399,0.63579604578564,0.42494481236202786,0.7041800643086815,0.4848837209302346,0.3421052631578947,0.42857142857142855,0.6000000000000001,0.5814479638009049,0.643225498791732,0.643225498791732,0.06542056074766356
0.0,0.6029567053854274,0.3385927896523271,0.5352556336321741,0.43499859405754926,0.49573501717071267,0.431531391182427,0.6477477477477478,0.4451557831839523,0.5327963961504347,0.2183776778554239,0.7264832872459117,0.029592180653859143,0.6324222431668238,0.3840425531914895,0.5852914250839167,0.3461274845784783,0.63579604578564,0.4277041942604842,0.707395498392283,0.48449612403100417,0.33771929824561453,0.42857142857142855,0.6000000000000001,0.5806938159879335,0.41851703784590144,0.41851703784590144,0.06542056074766356
0.0,0.6029567053854274,0.34061095312356704,0.5299248849042875,0.43856031493110914,0.49296554780103863,0.43573765384016183,0.6477477477477478,0.4482856736377847,0.5333970377448638,0.21629410585404968,0.7257070780575374,0.04044489383215369,0.6324222431668238,0.38617021276595764,0.5923536335498518,0.34842847351414963,0.63579604578564,0.4277041942604842,0.7106109324758842,0.48410852713179153,0.3333333333333328,0.42857142857142855,0.6000000000000001,0.5799396681749625,0.8807314681318781,0.8807314681318781,0.07476635514018692
0.0,0.6029567053854274,0.34152830015594837,0.5299248849042875,0.4394038804011625,0.4985044865403787,0.4329334787350052,0.6477477477477478,0.4511310285958172,0.5388028120947348,0.2147260568220874,0.7431717847960035,0.04044489383215369,0.6324222431668238,0.3900709219858156,0.5935306682941701,0.353666895133653,0.63579604578564,0.4277041942604842,0.7138263665594855,0.48372093023256113,0.32894736842105265,0.42857142857142855,0.6000000000000001,0.5791855203619909,0.0925615429823338,0.0925615429823338,0.05607476635514019
0.0,0.6029567053854274,0.3450142188790024,0.5299248849042875,0.4414659293279587,0.4985044865403787,0.4329334787350052,0.6477477477477478,0.4568217385118776,0.5418060200668895,0.21328688853247785,0.7497695628971998,0.0339737108190091,0.6324222431668238,0.3971631205673758,0.6000697502070724,0.35861157348477346,0.63579604578564,0.4277041942604842,0.7170418006430868,0.48410852713179153,0.3311403508771935,0.4404761904761907,0.6000000000000001,0.5867269984917045,0.35916100863625045,0.35916100863625045,0.04672897196261682
0.0,0.6029567053854274,0.34583983120814654,0.5204749212503015,0.4481207235917145,0.49296554780103863,0.43573765384016183,0.6396396396396395,0.4552567932849638,0.535799604122589,0.211761799747966,0.730364333187795,0.0339737108190091,0.6324222431668238,0.3971631205673758,0.6127555691180944,0.3594928032899245,0.63579604578564,0.43142935982339825,0.720257234726688,0.48449612403100417,0.3333333333333328,0.4523809523809521,0.6000000000000001,0.5942684766214177,0.4692395758808529,0.4692395758808529,0.07476635514018692
0.0,0.6029567053854274,0.34583983120814654,0.5112672643566718,0.4516824444652744,0.4901960784313726,0.43573765384016183,0.6396396396396395,0.4612320386968287,0.5312947921643574,0.21012931034482746,0.6955319458594091,0.07711493090663973,0.6292805529374828,0.4052009456264787,0.6219102837961539,0.36785469499657286,0.63579604578564,0.4344646799116969,0.7234726688102893,0.4848837209302346,0.3355263157894737,0.46428571428571425,0.6000000000000001,0.6018099547511312,0.44268564278025635,0.44268564278025635,0.07476635514018692
0.0,0.6029567053854274,0.34886707641500836,0.4989096195783822,0.45843096822570184,0.4874266090617061,0.4391649789686849,0.6396396396396395,0.4693413003272173,0.5312947921643574,0.21012931034482746,0.6664241012952992,0.12167172227839534,0.6229971724787935,0.41252955082742204,0.63067265355944,0.37599138353079486,0.63579604578564,0.43722406181015283,0.7266881028938907,0.485271317829465,0.33771929824561453,0.4761904761904764,0.6000000000000001,0.6093514328808447,0.19421709934186296,0.19421709934186296,0.07476635514018692
0.0,0.6029567053854274,0.3505183010732964,0.4887327356433204,0.46574186896616465,0.4874266090617061,0.4419691540738411,0.6396396396396395,0.4781619006971103,0.5312947921643574,0.21012931034482746,0.6403240673361461,0.16309403437815975,0.6229971724787935,0.42399527186761365,0.6360085444003651,0.38519533927347505,0.63579604578564,0.43970750551876225,0.729903536977492,0.48565891472867406,0.33991228070175383,0.4880952380952378,0.6000000000000001,0.6168929110105579,0.647513592789914,0.647513592789914,0.06542056074766356
0.0,0.6029567053854274,0.3523529951380622,0.48630966803973696,0.4751148186334241,0.48465713969203184,0.44228072908552685,0.6366366366366398,0.48940105278133594,0.5312947921643574,0.21107443578874935,0.634308446126232,0.1846646444219747,0.6229971724787935,0.4358156028368796,0.6393042416844663,0.39395868011358104,0.6281651057925808,0.43970750551876225,0.7331189710610932,0.48604651162791157,0.3421052631578947,0.5,0.6000000000000001,0.6244343891402715,0.3072168416002838,0.3072168416002838,0.06542056074766356
0.0,0.6135163674762409,0.4121640216493905,0.6178822389144643,0.4555253538288492,0.49573501717071267,0.49696214363608027,0.7687687687687659,0.46806089059610323,0.5609173435260393,0.20576884522854838,0.7139669140833445,0.0315807212672733,0.6126295947219604,0.4349881796690318,0.5669819957277982,0.375746597473807,0.6659729448491152,0.5284216335540808,0.652733118971061,0.5209302325581433,0.39473684210526316,0.2857142857142857,0.6000000000000001,0.5656108597285068,0.7429212555734167,0.7429212555734167,0.04672897196261682
0.0,0.6135163674762409,0.4121640216493905,0.6079476617397581,0.4555253538288492,0.49573501717071267,0.5000778937529224,0.7657657657657662,0.4664959453691848,0.5609173435260393,0.20576884522854838,0.7150342017173629,0.02655881361644763,0.6126295947219604,0.4326241134751774,0.5606881293866324,0.37140164496230277,0.6659729448491152,0.5270419426048549,0.6495176848874598,0.5205426356589093,0.3991228070175433,0.2857142857142857,0.6000000000000001,0.5663650075414782,0.915892527617038,0.915892527617038,0.04672897196261682
0.0,0.6240760295670535,0.34061095312356704,0.472498182699296,0.4731464992032993,0.5059820538384845,0.43573765384016183,0.7378378378378379,0.44131455399061026,0.5035833731485906,0.21418905372894942,0.6798137097947897,0.028426982522028,0.5998114985862395,0.35070921985815606,0.6676838571864501,0.3492117888965043,0.6045785639958374,0.46909492273730535,0.6881028938906752,0.5503875968992347,0.32894736842105265,0.30952380952380926,0.6000000000000001,0.5490196078431371,0.18632191730258954,0.18632191730258954,0.04672897196261682
0.0,0.6240760295670535,0.34336299422071415,0.472498182699296,0.47623957259349525,0.5059820538384845,0.43573765384016183,0.743843843843847,0.43846919903257753,0.5035833731485906,0.21328688853247785,0.6812691020229953,0.03281092012133468,0.5947219604147029,0.3512664640324219,0.6676838571864501,0.3540095956134337,0.6045785639958374,0.47033664459160995,0.6929260450160772,0.5496124031007668,0.3092105263157895,0.33333333333333354,0.6000000000000001,0.5346907993966818,0.24241697249069882,0.24241697249069882,0.05607476635514019
0.0,0.6240760295670535,0.3450142188790024,0.4676520474921211,0.47811416252694816,0.4985044865403787,0.4329334787350052,0.7378378378378379,0.44131455399061026,0.5035833731485906,0.21178327987169193,0.6900846206624102,0.03286147623862487,0.5947219604147029,0.35524822695035474,0.6676838571864501,0.36291980808773117,0.6045785639958374,0.4728200883002194,0.697749196141479,0.5488372093023273,0.2894736842105263,0.3571428571428571,0.6000000000000001,0.5203619909502263,0.772363997796775,0.772363997796775,0.07476635514018692
0.0,0.6335797254487854,0.34969268874415227,0.4652289798885376,0.47989502296372677,0.4985044865403787,0.43573765384016183,0.7408408408408376,0.4451557831839523,0.5035833731485906,0.21178327987169193,0.6928706572135469,0.035721508016755714,0.5947219604147029,0.36040189125295385,0.6707354287457998,0.37582819282613755,0.6045785639958374,0.4715783664459148,0.6902465166130771,0.5484496124030969,0.31140350877193035,0.34523809523809496,0.6000000000000001,0.5324283559577678,0.1308849365073125,0.1308849365073125,0.102803738317757
0.0,0.5216473072861667,0.31281533804238193,0.559001696147321,0.34867372762208215,0.4312063808574278,0.3583112634366701,0.7117117117117118,0.3302237668434871,0.46536072623029145,0.19915296712109049,0.558725076408092,0.07101449275362318,0.49104618284637147,0.22340425531914887,0.4876411351846155,0.256682659355723,0.6174124176205302,0.4013520971302398,0.47749196141479094,0.7581395348837212,0.4473684210526315,0.25,0.5153846153846153,0.3778280542986425,0.9711459324763032,0.9711459324763032,0.14953271028037385
0.0,0.5279831045406544,0.3074029905513249,0.559001696147321,0.3428624988283827,0.4312063808574278,0.3516124006854644,0.7117117117117118,0.3218096457533077,0.46536072623029145,0.1952435846030472,0.5670208121088633,0.05401921132457028,0.4964319375252497,0.2157041540020248,0.49374427830332435,0.24982864976010943,0.6174124176205302,0.39279801324503305,0.4855305466237942,0.7581395348837212,0.41228070175438536,0.26190476190476214,0.543589743589743,0.3574660633484163,0.7147206734749644,0.7147206734749644,0.07476635514018692
0.0,0.5350228792678668,0.3074029905513249,0.5638478313544957,0.3401443434248763,0.4312063808574278,0.3516124006854644,0.7117117117117118,0.30992012682153636,0.46536072623029145,0.1911337209302329,0.5732789986901471,0.042062689585439836,0.5004712535344014,0.2056028368794327,0.49374427830332435,0.23737719899474619,0.6208810267082934,0.3834161147902855,0.4935691318327974,0.7581395348837212,0.37719298245614086,0.2738095238095235,0.5717948717948722,0.33710407239819,0.22595790482838402,0.22595790482838402,0.05607476635514019
0.0,0.5385427666314675,0.30180717365379395,0.554640174460866,0.33658262255131643,0.4312063808574278,0.3488082255803078,0.7117117117117118,0.2968843363209559,0.4589902850772385,0.18812650360866118,0.5694949788968128,0.058881024603977046,0.4977783761949668,0.1949341438703156,0.4876411351846155,0.22595384966872123,0.6139438085327782,0.37513796909492103,0.5016077170418006,0.7581395348837212,0.3421052631578947,0.2857142857142857,0.6000000000000001,0.3167420814479638,0.6959526432275044,0.6959526432275044,0.028037383177570097
0.0,0.5385427666314675,0.29098247867168325,0.5451902108068802,0.3325522541943954,0.4312063808574278,0.3488082255803078,0.7117117117117118,0.2888848240960906,0.46536072623029145,0.18456796311146745,0.5714355018677544,0.05625210650488705,0.5004712535344014,0.1879432624113475,0.4845895636252655,0.2181859721270285,0.6139438085327782,0.36810154525386163,0.5053590568060032,0.7581395348837212,0.3311403508771935,0.2857142857142857,0.6000000000000001,0.31221719457013575,0.4040508978412077,0.4040508978412077,0.04672897196261682
0.0,0.5385427666314675,0.2817172736446203,0.5451902108068802,0.3308651232542885,0.4312063808574278,0.3456924754634656,0.7077477477477478,0.2902262057191636,0.46536072623029145,0.18366579791499588,0.5869596856352788,0.034681496461071784,0.5004712535344014,0.18571428571428705,0.4906927067439746,0.21590130226182302,0.6139438085327782,0.36285871964679606,0.5091103965702026,0.7581395348837212,0.32017543859649067,0.2857142857142857,0.6000000000000001,0.3076923076923077,0.25210536033263614,0.25210536033263614,0.028037383177570097
0.0,0.5385427666314675,0.2752499770663248,0.5379210079961216,0.3269284843940393,0.4312063808574278,0.34226515033494276,0.7018018018018022,0.2849826230107939,0.46536072623029145,0.18115978348035217,0.5850191626643371,0.054903943377148635,0.5004712535344014,0.18191489361702118,0.4845895636252655,0.2111034955448936,0.6139438085327782,0.3550634657836629,0.5128617363344051,0.7581395348837212,0.3092105263157895,0.2857142857142857,0.6000000000000001,0.3031674208144796,0.20330509857732879,0.20330509857732879,0.03738317757009346
0.0,0.5385427666314675,0.26979176222365076,0.5325902592682346,0.32524135345393246,0.4372992134706959,0.34086306278236433,0.7018018018018022,0.28297055057618437,0.46536072623029145,0.17915497193263813,0.5819143259108339,0.06835187057633973,0.5004712535344014,0.17958459979736507,0.4914555996338097,0.21058944482522257,0.6139438085327782,0.35168322295805443,0.5166130760986076,0.7581395348837212,0.2982456140350882,0.2857142857142857,0.6000000000000001,0.2986425339366516,0.3513331868007471,0.3513331868007471,0.03738317757009346
0.0,0.5385427666314675,0.2652967617649753,0.5204749212503015,0.32336676352047933,0.4372992134706959,0.34086306278236433,0.7018018018018022,0.2818730565209431,0.46536072623029145,0.1765988372093022,0.5801678552369873,0.04880350522413215,0.5004712535344014,0.17730496453900702,0.4876411351846155,0.20653415581448575,0.6139438085327782,0.34340507726269,0.5203644158628071,0.7581395348837212,0.28728070175438547,0.2857142857142857,0.6000000000000001,0.29411764705882354,0.2689075454228574,0.2689075454228574,0.03738317757009346
0.0,0.5385427666314675,0.2597926795706811,0.5112672643566718,0.32336676352047933,0.4312063808574278,0.33650101261878884,0.6961711711711713,0.276195049082373,0.4589902850772385,0.17469426623897283,0.5801678552369873,0.02831142568250758,0.5004712535344014,0.17730496453900702,0.4845895636252655,0.20219328307059614,0.6045785639958374,0.33098785871964376,0.5241157556270096,0.7581395348837212,0.2763157894736842,0.2857142857142857,0.6000000000000001,0.28959276018099545,0.21186504354729394,0.21186504354729394,0.04672897196261682
0.0,0.5385427666314675,0.2541968626731498,0.5015749939423295,0.32524135345393246,0.4312063808574278,0.3299579373734238,0.6927927927927928,0.27059325650874944,0.46536072623029145,0.17208801122694456,0.5898704700916897,0.030333670374115267,0.5004712535344014,0.17517730496453898,0.4845895636252655,0.19990861320539066,0.6045785639958374,0.32270971302427953,0.5230439442658102,0.7589147286821643,0.29605263157894735,0.2857142857142857,0.6000000000000001,0.30618401206636503,0.7959706907991554,0.7959706907991554,0.04672897196261682
0.0,0.5385427666314675,0.25052747454362134,0.5015749939423295,0.32629581029149923,0.4403456297773345,0.3302695123851045,0.6927927927927928,0.27059325650874944,0.46536072623029145,0.17008319967923052,0.5986028234609228,0.029322548028311426,0.5004712535344014,0.17375886524822703,0.4845895636252655,0.19876627827278948,0.6045785639958374,0.31553532008829865,0.5219721329046076,0.7596899224806322,0.3157894736842105,0.2857142857142857,0.6000000000000001,0.3227752639517345,0.2685317640282567,0.2685317640282567,0.03738317757009346
0.0,0.5385427666314675,0.24704155582056753,0.49624424521444266,0.32608491892398583,0.4403456297773345,0.324038012151425,0.6927927927927928,0.26803243704652147,0.46217550565376975,0.16767742582197304,0.5908407315771591,0.009100101112234579,0.5004712535344014,0.17234042553191486,0.4845895636252655,0.19625314142106576,0.6045785639958374,0.31553532008829865,0.5209003215434083,0.7604651162790717,0.3355263157894737,0.2857142857142857,0.6000000000000001,0.3393665158371041,0.26772385725880643,0.26772385725880643,0.03738317757009346
0.0,0.5315029919042547,0.24520686175580197,0.4841289071965096,0.32795950885743885,0.4403456297773345,0.318897024458638,0.6870012870012883,0.26187427595878354,0.4558050645007168,0.16667502004811535,0.573181972541601,0.0020222446916076837,0.5004712535344014,0.16798378926038637,0.4845895636252655,0.1906557002513123,0.6045785639958374,0.30463576158940375,0.519828510182209,0.7612403100775111,0.35526315789473684,0.2857142857142857,0.6000000000000001,0.35595776772247373,0.04501860641573266,0.04501860641573266,0.028037383177570097
0.0,0.5350228792678668,0.24245482065865487,0.4797673855100544,0.33002155778423525,0.4403456297773345,0.318897024458638,0.6846846846846846,0.25778915919761003,0.46536072623029145,0.1645699679230151,0.573181972541601,0.01213346814964611,0.5004712535344014,0.16560283687943267,0.4845895636252655,0.18608636052090466,0.6045785639958374,0.29635761589403975,0.5187566988210064,0.7620155038759755,0.375,0.2857142857142857,0.6000000000000001,0.372549019607843,0.5480035434179206,0.5480035434179206,0.04672897196261682
0.0,0.5350228792678668,0.23878543252912643,0.472498182699296,0.33002155778423525,0.4403456297773345,0.31469076180090294,0.6795366795366757,0.252911407840986,0.46536072623029145,0.16256515637530117,0.5889002086062204,0.0,0.5004712535344014,0.16276595744680844,0.4845895636252655,0.1816312542837557,0.6045785639958374,0.28835540838851803,0.517684887459807,0.7627906976744221,0.39473684210526316,0.2857142857142857,0.6000000000000001,0.3891402714932127,0.7859701206573084,0.7859701206573084,0.028037383177570097
0.0,0.5279831045406544,0.23575818732226472,0.472498182699296,0.33002155778423525,0.4403456297773345,0.31157501168406077,0.6792792792792797,0.24839948783610732,0.4589902850772385,0.16015938251804368,0.5945277252219474,0.0,0.5004712535344014,0.16276595744680844,0.4845895636252655,0.1791181174320322,0.6045785639958374,0.280077262693154,0.517684887459807,0.7631782945736525,0.3925438596491223,0.2857142857142857,0.6000000000000001,0.3868778280542986,0.4690728430813323,0.4690728430813323,0.04672897196261682
0.0,0.5279831045406544,0.23410696266397646,0.47007511509571187,0.33002155778423525,0.4403456297773345,0.30487614893285486,0.6756756756756761,0.24163160782879212,0.46536072623029145,0.15915697674418589,0.5916169407655364,0.0,0.4964319375252497,0.15648429584599632,0.47848642050655577,0.17683344756682629,0.6045785639958374,0.27869757174392773,0.517684887459807,0.7635658914728651,0.390350877192983,0.2857142857142857,0.6000000000000001,0.3846153846153846,0.41758297428882746,0.41758297428882746,0.018691588785046728
0.0,0.5279831045406544,0.23236400330245077,0.45989823116065054,0.33002155778423525,0.4403456297773345,0.3038245832684212,0.6756756756756761,0.23875373452838233,0.460582895365504,0.15682638331996773,0.5762868092951041,0.0,0.5004712535344014,0.15602836879432624,0.4845895636252655,0.17226410783641866,0.6045785639958374,0.2756622516556291,0.517684887459807,0.7639534883720955,0.38815789473684204,0.2857142857142857,0.6000000000000001,0.38235294117647056,0.2964336852829053,0.2964336852829053,0.018691588785046728
0.0,0.5279831045406544,0.23052930923768522,0.44778289314271746,0.3308651232542885,0.4403456297773345,0.297242561146597,0.6743886743886758,0.23644899701237732,0.4558050645007168,0.15559843624699216,0.5593072332993743,0.0,0.4977783761949668,0.1550151975683901,0.475434848947206,0.17100753941055524,0.6045785639958374,0.2701434878587168,0.517684887459807,0.7643410852713259,0.3859649122807012,0.2857142857142857,0.6000000000000001,0.38009049773755654,0.05506624922114437,0.05506624922114437,0.028037383177570097
0.0,0.5279831045406544,0.22851114576644505,0.44342137145626226,0.3346143031211918,0.4312063808574278,0.2913226359245982,0.6666666666666667,0.23363209560392662,0.4558050645007168,0.1544957898957498,0.5469849124339019,0.000674081563869262,0.49481621112158347,0.1574468085106383,0.475434848947206,0.17100753941055524,0.6045785639958374,0.25938189845474335,0.517684887459807,0.764728682170535,0.3837719298245619,0.2857142857142857,0.6000000000000001,0.3778280542986425,0.48457864249926963,0.48457864249926963,0.028037383177570097
0.0,0.5279831045406544,0.23052930923768522,0.4361521686455041,0.33930077795482283,0.4312063808574278,0.2913226359245982,0.6666666666666667,0.2317541613316263,0.4558050645007168,0.15314254210104244,0.5566875272886043,0.0040444893832153675,0.49239262151608854,0.1590172239108404,0.475434848947206,0.1747772446881426,0.5941727367325702,0.2482064017660015,0.517684887459807,0.765116279069769,0.381578947368421,0.2857142857142857,0.6000000000000001,0.3755656108597285,0.9457648639010428,0.9457648639010428,0.03738317757009346
0.0,0.50791974656811,0.32657554352811724,0.5931669493578855,0.3457681132252324,0.40988146671097536,0.4016201900607568,0.6756756756756761,0.348332418754955,0.41758241758241743,0.1982508019246189,0.5324309901518469,0.037377822716548735,0.44769085768143246,0.23723404255319158,0.4388159902349693,0.2727895819054147,0.558792924037461,0.3794150110375245,0.48338692390139226,0.8930232558139579,0.5,0.42857142857142855,0.5384615384615385,0.4343891402714932,0.9585575106351368,0.9585575106351368,0.03738317757009346
0.0,0.50791974656811,0.3139161544812408,0.5888054276714303,0.3420189333583292,0.41542040545031567,0.41026639663498954,0.6846846846846846,0.3412718736662399,0.4143971970058957,0.196195870088211,0.5363120360937272,0.029962925513987153,0.4533459000942506,0.23520770010131553,0.4388159902349693,0.27073337902673056,0.558792924037461,0.37389624724061665,0.4903536977491961,0.8918604651162809,0.48026315789473684,0.42857142857142855,0.5076923076923077,0.42760180995475117,0.09876351451333039,0.09876351451333039,0.03738317757009346
0.0,0.514959521295322,0.30841207228694656,0.5815362248606721,0.3364888930546447,0.41542040545031567,0.4050475151892796,0.6846846846846846,0.33205292360221916,0.4143971970058957,0.19509322373696864,0.5371852714306506,0.02756993596225147,0.4550424128180961,0.23368794326241127,0.4388159902349693,0.26604980580306004,0.558792924037461,0.3711368653421603,0.497320471597,0.8906976744186075,0.4605263157894737,0.42857142857142855,0.47692307692307695,0.42081447963800905,0.1635349718914872,0.1635349718914872,0.028037383177570097
0.0,0.5184794086589226,0.30281625538941537,0.5815362248606721,0.3308651232542885,0.41542040545031567,0.40348964013086097,0.6846846846846846,0.3215251102575032,0.41758241758241743,0.1937399759422614,0.5393198466986844,0.026963262554769163,0.46182846371347774,0.2327760891590671,0.4449191333536784,0.2635366689513363,0.558792924037461,0.3656181015452524,0.5042872454448006,0.8895348837209269,0.4407894736842105,0.42857142857142855,0.4461538461538462,0.41402714932126694,0.4564031781635795,0.4564031781635795,0.018691588785046728
0.0,0.5184794086589226,0.2956609485368329,0.5742670220499138,0.32439778798387897,0.40988146671097536,0.40006231500233813,0.689317889317892,0.3132126089872558,0.41758241758241743,0.19216118684843614,0.544171154126037,0.024266936299292212,0.46559849198868974,0.22695035460992918,0.4479707049130284,0.26045236463331034,0.5619146722164412,0.35996136865341843,0.5112540192926045,0.888372093023257,0.42105263157894735,0.42857142857142855,0.4153846153846154,0.4072398190045249,0.2972520854791533,0.2972520854791533,0.018691588785046728
0.0,0.5279831045406544,0.28557013118062624,0.5689362733220267,0.3223357390570827,0.40711199734130954,0.39414238978033933,0.6927927927927928,0.30766416681909514,0.41758241758241743,0.19073275862068956,0.5480522000679173,0.01415571284125379,0.4712535344015081,0.22284701114488303,0.4479707049130284,0.26045236463331034,0.5572320499479708,0.35413217439293443,0.5182207931404084,0.8872093023255836,0.42105263157894735,0.42857142857142855,0.41025641025641074,0.41704374057315247,0.7974781815555462,0.7974781815555462,0.028037383177570097
0.0,0.5279831045406544,0.27804788551509185,0.5662708989580794,0.32130471459368315,0.40711199734130954,0.39414238978033933,0.6927927927927928,0.30046948356807524,0.41758241758241743,0.18867782678428152,0.5567845534371505,0.004347826086956521,0.47332704995287456,0.2153191489361701,0.4479707049130284,0.2524560201050956,0.5619146722164412,0.3532008830022062,0.525187566988209,0.8860465116279101,0.42105263157894735,0.42857142857142855,0.40512820512820463,0.4268476621417796,0.6945972299627478,0.6945972299627478,0.04672897196261682
0.0,0.5385427666314675,0.27263553802403506,0.5614247637509044,0.3194301246602299,0.40711199734130954,0.3890014020875523,0.6927927927927928,0.2977867203219333,0.4112119764293647,0.1866730152365676,0.5626061223499724,0.0009774182676104155,0.4883533055069369,0.21175278622087235,0.4479707049130284,0.2456020105094825,0.5525494276795004,0.3435430463576157,0.5321543408360129,0.8848837209302367,0.42105263157894735,0.42857142857142855,0.4,0.43665158371040724,0.540641155046784,0.540641155046784,0.028037383177570097
0.0,0.5462865188313935,0.26713145582974085,0.5524594136176384,0.31596213328334466,0.40711199734130954,0.38619722698239567,0.6927927927927928,0.2950064020486556,0.41758241758241743,0.1856706094627099,0.5694949788968128,0.0,0.49481621112158347,0.20177304964539,0.4592615196826313,0.23737719899474619,0.5525494276795004,0.3377483443708609,0.5391211146838166,0.8837209302325562,0.42105263157894735,0.42857142857142855,0.39487179487179536,0.4464555052790349,0.4626966032589761,0.4626966032589761,0.03738317757009346
0.0,0.5501583949313622,0.25887533253829975,0.5524594136176384,0.31408754334989175,0.40711199734130954,0.3832372643713984,0.6927927927927928,0.29071398085482736,0.41758241758241743,0.18456796311146745,0.5714355018677544,0.0,0.5053184327453912,0.19437689969604977,0.4720781202319142,0.22846698652044894,0.558792924037461,0.33347130242825296,0.5460878885316174,0.8825581395348863,0.42105263157894735,0.42857142857142855,0.38974358974358925,0.45625942684766196,0.3405418946485663,0.3405418946485663,0.04672897196261682
0.0,0.5571981696585737,0.2550224750022939,0.5451902108068802,0.3103383634829886,0.40711199734130954,0.3801215142545562,0.6927927927927928,0.2744344857020915,0.41758241758241743,0.18271351242983197,0.5779362538204047,0.0,0.5108388312912344,0.1848936170212767,0.475434848947206,0.2169294037011651,0.5525494276795004,0.3254690949227359,0.5530546623794212,0.8813953488372128,0.42105263157894735,0.42857142857142855,0.38461538461538464,0.4660633484162896,0.5904887539917164,0.5904887539917164,0.04672897196261682
0.0,0.5642379443857759,0.2515365562792401,0.5403440755997051,0.3082763145561923,0.41542040545031567,0.37840785169029223,0.6927927927927928,0.2705322846167906,0.41758241758241743,0.18171110665597417,0.5859894241498094,0.0,0.5213410529150422,0.17720364741641492,0.48153799206591485,0.20756225725382782,0.5556711758584807,0.31553532008829865,0.5589496248660225,0.8806201550387662,0.40570175438596434,0.42857142857142855,0.3923076923076923,0.458521870286576,0.07815644467650999,0.07815644467650999,0.04672897196261682
0.0,0.5712777191129883,0.24422071369599185,0.5352556336321741,0.30630799512606766,0.41542040545031567,0.37217635145661254,0.6927927927927928,0.26538625693555273,0.4112119764293647,0.17870388933440245,0.5840489011788678,0.0,0.5381715362865223,0.16865248226950358,0.49374427830332435,0.19979437971213154,0.5556711758584807,0.3100165562913906,0.564844587352627,0.8798449612403054,0.390350877192983,0.42857142857142855,0.4,0.45098039215686286,0.2647026988270522,0.2647026988270522,0.03738317757009346
0.0,0.577613516367476,0.23878543252912643,0.5299248849042875,0.3065423188677481,0.41542040545031567,0.36765851378719216,0.6927927927927928,0.2636424608255612,0.41758241758241743,0.17870388933440245,0.5889002086062204,0.0,0.5435572909654005,0.1589159067882483,0.4992371071101602,0.19042723326479427,0.5619146722164412,0.30601545253863005,0.5707395498392283,0.8790697674418624,0.375,0.42857142857142855,0.40769230769230774,0.4434389140271493,0.3498306499217284,0.3498306499217284,0.03738317757009346
0.0,0.5843013023583203,0.2349325749931206,0.5250787496971123,0.30724529009279267,0.41542040545031567,0.3583112634366701,0.6927927927927928,0.26163038839095165,0.41758241758241743,0.17704991980753798,0.5927812545481008,0.0,0.5526861451460887,0.15312056737588653,0.5111382361916372,0.18265935572309777,0.5619146722164412,0.30077262693156426,0.5766345123258296,0.8782945736434158,0.359649122807017,0.42857142857142855,0.4153846153846154,0.43589743589743574,0.4031052403061932,0.4031052403061932,0.03738317757009346
0.0,0.5913410770855332,0.23144665627006666,0.5204749212503015,0.30630799512606766,0.4228979727484212,0.3598691384950936,0.6927927927927928,0.25833790622522845,0.41758241758241743,0.1761477546110664,0.5986028234609228,0.0,0.5628113639423751,0.14513677811549985,0.5178516936222102,0.17329220927576072,0.5619146722164412,0.29787527593818663,0.5825294748124341,0.877519379844955,0.34429824561403555,0.42857142857142855,0.4230769230769231,0.4283559577677226,0.3318495905890017,0.3318495905890017,0.03738317757009346
0.0,0.5952129531855015,0.22750206403082351,0.5161133995638463,0.3044334051926145,0.4228979727484212,0.35675338837825143,0.6927927927927928,0.25778915919761003,0.41758241758241743,0.17419306335204482,0.5986028234609228,0.0,0.569651272384543,0.13829787234042556,0.5257857796765317,0.1626113776559286,0.5619146722164412,0.2923565121412788,0.5884244372990354,0.8767441860465155,0.32894736842105265,0.42857142857142855,0.4307692307692308,0.42081447963800905,0.6260031907613737,0.6260031907613737,0.07476635514018692
0.0,0.6029567053854274,0.22585083937253514,0.5161133995638463,0.30630799512606766,0.4179129278830176,0.34086306278236433,0.6927927927927928,0.255350283519296,0.41758241758241743,0.17419306335204482,0.6023868432542572,0.0,0.5812575737175212,0.1310030395136773,0.5422642660970385,0.17329220927576072,0.5619146722164412,0.2814569536423839,0.5937834941050386,0.874418604651165,0.30263157894736836,0.42857142857142855,0.4256410256410261,0.39894419306184026,0.12289761486392954,0.12289761486392954,0.08411214953271029
0.0,0.6029567053854274,0.19924777543344618,0.5112672643566718,0.29693504545880545,0.4228979727484212,0.33494313756036553,0.6927927927927928,0.24498506188647018,0.42044911610129,0.17609763432237407,0.6080143598699841,0.0,0.5966069745523088,0.12349290780141842,0.5538602380225832,0.18265935572309777,0.5619146722164412,0.27869757174392773,0.5991425509110386,0.8720930232558111,0.2763157894736842,0.42857142857142855,0.42051282051282,0.377073906485671,0.9781873993424334,0.9781873993424334,0.31775700934579443
0.0,0.6099964801126394,0.1753967525915069,0.5015749939423295,0.2802511950510831,0.4228979727484212,0.3268421872565812,0.6927927927927928,0.2404121699896331,0.4261825131390349,0.1861216920609456,0.6099548828409257,0.0,0.6088595664467482,0.11765957446808517,0.5669819957277982,0.18608636052090466,0.5619146722164412,0.27869757174392773,0.6045016077170418,0.8697674418604677,0.25,0.42857142857142855,0.4153846153846154,0.3552036199095023,0.6702139428037642,0.6702139428037642,0.26168224299065423
0.0,0.6170362548398416,0.15686634253738163,0.5015749939423295,0.2746274252507269,0.4228979727484212,0.3178065119177451,0.6927927927927928,0.23388817755014935,0.4261825131390349,0.18070870088211638,0.614029981079901,0.0,0.6126295947219604,0.11210739614995036,0.573085138846507,0.18608636052090466,0.5619146722164412,0.2756622516556291,0.609860664523045,0.8674418604651173,0.22368421052631582,0.42857142857142855,0.41025641025641074,0.33333333333333337,0.5904271524695396,0.5904271524695396,0.09345794392523364
0.0,0.6240760295670535,0.1531969544078533,0.49357887085049534,0.2709719748804955,0.4312063808574278,0.31469076180090294,0.6927927927927928,0.21919395158831834,0.4261825131390349,0.17158680834001644,0.6197545238441771,0.0,0.6229971724787935,0.10496453900709224,0.573085138846507,0.17683344756682629,0.5619146722164412,0.2704194260485637,0.615219721329045,0.8651162790697704,0.19736842105263153,0.42857142857142855,0.40512820512820463,0.3114630467571644,0.3970245166296653,0.3970245166296653,0.08411214953271029
0.0,0.6240760295670535,0.15154572974956493,0.49357887085049534,0.2709719748804955,0.4312063808574278,0.31469076180090294,0.6927927927927928,0.21510883482714482,0.4261825131390349,0.16216419406575772,0.6236355697860574,0.0,0.6324222431668238,0.10587639311043617,0.5669819957277982,0.16792323509252904,0.5619146722164412,0.26738410596026485,0.6205787781350482,0.86279069767442,0.17105263157894735,0.42857142857142855,0.4,0.28959276018099545,0.5404074071591923,0.5404074071591923,0.08411214953271029
0.0,0.6304118268215417,0.15521511787909337,0.49357887085049534,0.2719092698472205,0.4312063808574278,0.31749493690605957,0.6927927927927928,0.21730382293762696,0.4261825131390349,0.15604951884522783,0.6255760927569991,0.0,0.6435438265786992,0.1097872340425532,0.5669819957277982,0.15844185515192932,0.5619146722164412,0.2607615894039732,0.6243301178992507,0.8612403100775126,0.17763157894736842,0.4404761904761907,0.4333333333333338,0.30165912518853694,0.7470776124820211,0.7470776124820211,0.09345794392523364
0.0,0.6335797254487854,0.15704981194385892,0.49357887085049534,0.2754709907207804,0.4312063808574278,0.324038012151425,0.6927927927927928,0.220742637644046,0.4261825131390349,0.14930834001603838,0.6277106680250328,0.0,0.6503298774740809,0.11702127659574468,0.5669819957277982,0.15181631254283756,0.5619146722164412,0.2580022075055173,0.6280814576634501,0.85968992248063,0.1842105263157895,0.4523809523809521,0.4666666666666662,0.3137254901960784,0.879344612544798,0.879344612544798,0.04672897196261682
0.0,0.6406195001759978,0.16071920007338758,0.48630966803973696,0.2746274252507269,0.4312063808574278,0.324038012151425,0.699227799227802,0.23035180781659825,0.42936773371555614,0.14697774659182034,0.6277106680250328,0.0,0.6540999057492931,0.11702127659574468,0.5669819957277982,0.1461046378798252,0.5619146722164412,0.2549668874172186,0.6318327974276527,0.8581395348837226,0.1907894736842105,0.46428571428571425,0.5,0.3257918552036199,0.6966306260455905,0.6966306260455905,0.06542056074766356
0.0,0.6441393875395984,0.1644803229061561,0.48630966803973696,0.2763145561908338,0.4312063808574278,0.32824427480915963,0.7018018018018022,0.23798548868971392,0.4357381748686098,0.14607558139534876,0.6296511909959744,0.0,0.6656792783088685,0.11646403242147874,0.5669819957277982,0.14153529814941712,0.5619146722164412,0.24972406181015305,0.6355841371918552,0.8565891472868188,0.19736842105263153,0.4761904761904764,0.5333333333333337,0.33785822021116135,0.9288158339438546,0.9288158339438546,0.03738317757009346
0.0,0.6441393875395984,0.16264562884139055,0.4841289071965096,0.2773455806542333,0.4256674421180868,0.32824427480915963,0.7018018018018022,0.23151027376379418,0.4357381748686098,0.14311848436246927,0.6314946878183672,0.0,0.6701225259189443,0.1131205673758865,0.5636252670125064,0.13456705506054467,0.5619146722164412,0.24668874172185418,0.6393354769560546,0.8550387596899292,0.20394736842105265,0.4880952380952378,0.566666666666666,0.34992458521870273,0.9078726374843133,0.9078726374843133,0.05607476635514019
0.0,0.6441393875395984,0.13787725896706715,0.4797673855100544,0.2679726309869712,0.4228979727484212,0.32824427480915963,0.7000000000000004,0.20657276995305174,0.4357381748686098,0.1381064554931835,0.6353757337602475,0.0,0.67685471926754,0.11590678824721279,0.5569118095819334,0.13022618231665506,0.558792924037461,0.24392935982339825,0.6430868167202572,0.8534883720930253,0.21052631578947367,0.5,0.6000000000000001,0.36199095022624433,0.3260066895871788,0.3260066895871788,0.07476635514018692
0.0,0.6441393875395984,0.1176956242546563,0.472498182699296,0.24828943668572467,0.42843691148776175,0.325440099704003,0.6927927927927928,0.16175842936406304,0.4357381748686098,0.1304380513231756,0.6390627274050358,0.0,0.6795475966069746,0.11702127659574468,0.5569118095819334,0.1264564770390677,0.558792924037461,0.24144591611478883,0.6452304394426591,0.8515503875969053,0.1907894736842105,0.5,0.6000000000000001,0.33710407239819,0.565367612728397,0.565367612728397,0.06542056074766356
0.0,0.6441393875395984,0.10742133749197491,0.472498182699296,0.23891648701846535,0.4312063808574278,0.31749493690605957,0.6927927927927928,0.14575330772513873,0.4357381748686098,0.12542602245388973,0.6401300150390541,0.0,0.6876262286252877,0.12056737588652489,0.5569118095819334,0.12440027416038357,0.558792924037461,0.24006622516556275,0.6473740621650579,0.8496124031007675,0.17105263157894735,0.5,0.6000000000000001,0.31221719457013575,0.1885187100665289,0.1885187100665289,0.05607476635514019
0.0,0.6441393875395984,0.11012751123750186,0.4652289798885376,0.2369481675883407,0.4312063808574278,0.31469076180090294,0.6927927927927928,0.1389671361502347,0.4392419175027904,0.12101543704891676,0.6442051132780294,0.0,0.6889726672950045,0.12198581560283694,0.5477570949038739,0.11960246744345437,0.558792924037461,0.2373068432671066,0.6495176848874598,0.8476744186046545,0.15131578947368418,0.5,0.6000000000000001,0.2873303167420814,0.36040777030380977,0.36040777030380977,0.05607476635514019
0.0,0.6441393875395984,0.10118337767177399,0.45989823116065054,0.21820226825381916,0.4312063808574278,0.31469076180090294,0.6868725868725851,0.0996280714590565,0.4462494027711419,0.11790797914996037,0.6480861592199099,0.0,0.6889726672950045,0.12158054711246102,0.5538602380225832,0.11754626456477024,0.5556711758584807,0.23027041942604698,0.6516613076098616,0.8457364341085345,0.13157894736842102,0.5,0.6000000000000001,0.26244343891402716,0.8706684488152605,0.8706684488152605,0.04672897196261682
0.0,0.6441393875395984,0.071553068525823,0.44669251272110366,0.18239760052488585,0.4312063808574278,0.31157501168406077,0.6738738738738739,0.06128894579598798,0.4462494027711419,0.11094125902165125,0.6480861592199099,0.0,0.6974552309142317,0.12411347517730498,0.5477570949038739,0.11537582819282699,0.5556711758584807,0.23027041942604698,0.6538049303322604,0.8437984496123967,0.11184210526315791,0.5,0.6000000000000001,0.23755656108597284,0.643672708889683,0.643672708889683,0.04672897196261682
0.0,0.6370996128123856,0.05155490321988976,0.4361521686455041,0.1669322335739064,0.4312063808574278,0.30066988627512026,0.6666666666666667,0.03261996219742613,0.4526198439241944,0.1059292301523656,0.6480861592199099,0.0,0.6974552309142317,0.12943262411347523,0.5477570949038739,0.11309115832762151,0.5525494276795004,0.22751103752759083,0.6559485530546624,0.8418604651162802,0.09210526315789475,0.5,0.6000000000000001,0.21266968325791855,0.5298387919462578,0.5298387919462578,0.06542056074766356
0.2857142857142857,0.6335797254487854,0.030547656178332216,0.43130603343832896,0.1519355141062908,0.4312063808574278,0.29443838604144035,0.6567567567567567,0.0,0.4589902850772385,0.09801022453889269,0.6480861592199099,0.0,0.6923656927426955,0.13475177304964536,0.5477570949038739,0.11183458990175787,0.5525494276795004,0.22447571743929218,0.6564844587352636,0.8403100775193728,0.09429824561403549,0.4880952380952378,0.6000000000000001,0.2171945701357466,0.2521072163192227,0.2521072163192227,0.06542056074766356
0.14285714285714285,0.6272439281942976,0.01953949178974379,0.42355221710685864,0.14902989970943836,0.4312063808574278,0.28010593550397167,0.6567567567567567,0.02030364002195051,0.46536072623029145,0.09299819566960704,0.6451753747634988,0.0,0.6889726672950045,0.13475177304964536,0.5477570949038739,0.10932145305003416,0.5619146722164412,0.22323399558498758,0.6570203644158616,0.8387596899224903,0.09649122807017502,0.4761904761904764,0.6000000000000001,0.22171945701357465,0.6737281090250693,0.6737281090250693,0.05607476635514019
0.2857142857142857,0.6272439281942976,0.023025410512797828,0.4288829658347455,0.15652825944324755,0.4312063808574278,0.2738744352702922,0.6587387387387389,0.04771660264618016,0.468227424749164,0.08638231756214915,0.6451753747634988,0.0,0.6889726672950045,0.13085106382978728,0.5395178516936205,0.10623714873200818,0.5556711758584807,0.21799116997792223,0.657556270096463,0.8372093023255793,0.09868421052631576,0.46428571428571425,0.6000000000000001,0.2262443438914027,0.7201971030555548,0.7201971030555548,0.06542056074766356
0.14285714285714285,0.6335797254487854,0.03219888083662037,0.4288829658347455,0.16580747961383524,0.4403456297773345,0.27075868515345003,0.6666666666666667,0.07517834278397784,0.4739608217869087,0.08447774659181978,0.6411973026730695,0.0,0.6889726672950045,0.13085106382978728,0.5395178516936205,0.10498058030614454,0.5525494276795004,0.2150938189845446,0.6580921757770644,0.8356589147286755,0.10087719298245656,0.4523809523809521,0.6000000000000001,0.23076923076923078,0.4361886059428333,0.4361886059428333,0.205607476635514
0.2857142857142857,0.6240760295670535,0.048894596825980075,0.4288829658347455,0.17518042928109456,0.4403456297773345,0.27075868515345003,0.6702702702702703,0.09449423815620994,0.4835164835164836,0.08342522052926976,0.6390627274050358,0.0,0.6889726672950045,0.13163120567375886,0.5395178516936205,0.10246744345442083,0.5525494276795004,0.21205849889624573,0.6586280814576624,0.8341085271317894,0.10307017543859603,0.4404761904761907,0.6000000000000001,0.23529411764705882,0.8369978404063771,0.8369978404063771,0.4953271028037384
0.0,0.6240760295670535,0.07256215026144464,0.4288829658347455,0.18933358327865946,0.4444998338318378,0.30277301760398734,0.6806806806806851,0.1155214112960603,0.4905239687848346,0.08442762630312745,0.6364430213942658,0.0,0.6889726672950045,0.13095238095237938,0.5303631370155615,0.1047521133196263,0.5525494276795004,0.21205849889624573,0.6591639871382636,0.8325581395348856,0.10526315789473684,0.42857142857142855,0.6000000000000001,0.23981900452488686,0.8014513966007859,0.8014513966007859,0.3457943925233645
0.0,0.6335797254487854,0.1231079717457132,0.42355221710685864,0.20620489267972775,0.47856430707876374,0.36765851378719216,0.6846846846846846,0.12950429851838252,0.4835164835164836,0.08783580593424262,0.634308446126232,0.0,0.6795475966069746,0.11758865248226946,0.5364662801342708,0.11411925976696358,0.5525494276795004,0.21205849889624573,0.6554126473740611,0.8313953488372086,0.11403508771929866,0.42857142857142855,0.6000000000000001,0.248868778280543,0.68273757185046,0.68273757185046,0.2710280373831776
0.14285714285714285,0.6335797254487854,0.13576736079258933,0.4208868427429113,0.22663792295435348,0.5007200620361161,0.395700264838758,0.6846846846846846,0.13708920187793416,0.4835164835164836,0.09194566960705691,0.6266433803910145,0.0,0.6782011579372573,0.10876393110435811,0.5395178516936205,0.12188713730866008,0.5525494276795004,0.21081677704194113,0.6516613076098616,0.8302325581395387,0.1228070175438592,0.42857142857142855,0.6000000000000001,0.25791855203619907,0.49003045173081783,0.49003045173081783,0.2710280373831776
0.2857142857142857,0.6335797254487854,0.13962021832859528,0.4208868427429113,0.239947511481865,0.53146117203944,0.4221841408319049,0.6846846846846846,0.1479178098896412,0.4835164835164836,0.09668203688853233,0.6227623344491341,0.0,0.6701225259189443,0.10134751773049644,0.5450106805004564,0.13125428375599713,0.5525494276795004,0.20926462472406016,0.6479099678456591,0.8290697674418652,0.13157894736842102,0.42857142857142855,0.6000000000000001,0.2669683257918552,0.3569494103622482,0.3569494103622482,0.2429906542056075
0.14285714285714285,0.6335797254487854,0.1339326667278239,0.41846377513932764,0.2501640266191776,0.5591558657361249,0.43776289141610647,0.6927927927927928,0.17140418267178825,0.4835164835164836,0.10096732157177218,0.6112162227720361,0.0,0.6627171132354948,0.09539007092198581,0.5508086664632237,0.14050719671007528,0.5525494276795004,0.21205849889624573,0.6441586280814565,0.8279069767441882,0.1403508771929829,0.42857142857142855,0.6000000000000001,0.27601809954751133,0.6587814245184174,0.6587814245184174,0.22429906542056074
0.2857142857142857,0.6240760295670535,0.1339326667278239,0.41361763993215295,0.259536976286437,0.5840810900631439,0.45022589188347073,0.6940797940797931,0.18059874397902687,0.4835164835164836,0.10186948676824376,0.6034541308882755,0.0,0.6597549481621112,0.09636524822695036,0.5569118095819334,0.14507653644048313,0.5525494276795004,0.20529801324503305,0.6404072883172571,0.8267441860465148,0.14912280701754344,0.42857142857142855,0.6000000000000001,0.2850678733031674,0.21789583536285292,0.21789583536285292,0.1869158878504673
0.14285714285714285,0.6240760295670535,0.13595083019906395,0.41361763993215295,0.2670353360202462,0.5946050736678878,0.44679856675494767,0.7018018018018022,0.18676909944515585,0.4835164835164836,0.1039745388933439,0.5945277252219474,0.0,0.655984919886899,0.10638297872340419,0.5669819957277982,0.15410098240804304,0.5525494276795004,0.20281456953642363,0.6366559485530547,0.8255813953488342,0.15789473684210525,0.42857142857142855,0.6000000000000001,0.29411764705882354,0.4421593439008147,0.4421593439008147,0.09345794392523364
0.2857142857142857,0.6240760295670535,0.13778552426382973,0.40925611824569796,0.2728465648139484,0.5973745430375539,0.43137560367658634,0.7018018018018022,0.18187915371014074,0.4835164835164836,0.10597935044105783,0.5889002086062204,0.0,0.6503298774740809,0.11489361702127665,0.5669819957277982,0.16552433173406422,0.5525494276795004,0.21495584988962313,0.6259378349410514,0.8244186046511643,0.18201754385964858,0.41666666666666635,0.6000000000000001,0.3069381598793363,0.33614930115366876,0.33614930115366876,0.09345794392523364
0.14285714285714285,0.6240760295670535,0.14145491239335817,0.40707535740247036,0.2772518511575588,0.5918356042982134,0.403022277613335,0.7018018018018022,0.18053777208706778,0.4835164835164836,0.10653067361667995,0.5795371852714307,0.0,0.6486333647502354,0.1233333333333334,0.5700335672871479,0.17820424948594904,0.5525494276795004,0.22323399558498758,0.615219721329045,0.8232558139534909,0.2061403508771935,0.40476190476190493,0.6000000000000001,0.3197586726998492,0.7150395329020256,0.7150395329020256,0.13084112149532712
0.14285714285714285,0.6135163674762409,0.1404458306577394,0.40222922219529567,0.2791264410910119,0.5732801595214356,0.3770057641377138,0.7018018018018022,0.18053777208706778,0.4835164835164836,0.10753307939053763,0.5634793576868957,0.0,0.6418473138548537,0.12831813576494322,0.5761367104058577,0.18711446196024673,0.5525494276795004,0.22751103752759083,0.6045016077170418,0.8220930232558139,0.23026315789473684,0.39285714285714285,0.6000000000000001,0.332579185520362,0.989817635156947,0.989817635156947,0.102803738317757
0.0,0.6135163674762409,0.14411521878726785,0.399806154591712,0.28409410441466065,0.5677412207820949,0.36454276367035465,0.7018018018018022,0.18053777208706778,0.4870202261506642,0.1641188853247793,0.5520302721583468,0.0,0.6418473138548537,0.1338297872340426,0.5852914250839167,0.21681517020790597,0.5525494276795004,0.22999448123620025,0.5937834941050386,0.8209302325581405,0.25438596491228016,0.38095238095238065,0.6000000000000001,0.34539969834087464,0.4457682765177846,0.4457682765177846,0.102803738317757
0.2857142857142857,0.6135163674762409,0.15333455646271055,0.399806154591712,0.2895304152216708,0.5558325024925224,0.35363763826140904,0.7018018018018022,0.17748917748917625,0.582576843446412,0.5389184041700081,0.5334012516373163,0.0,0.6337686818365411,0.14523809523809572,0.5907842538907526,0.2193283070596297,0.5421436004162332,0.2356512141280338,0.5830653804930321,0.8197674418604635,0.27850877192982504,0.36904761904761924,0.6000000000000001,0.3582202111613878,0.6871213774700982,0.6871213774700982,0.09345794392523364
0.2857142857142857,0.6135163674762409,0.1644803229061561,0.3925369517809536,0.30565188864935755,0.5502935637531816,0.3346315625486844,0.7018018018018022,0.18395219803670493,0.5863991081382418,0.6522403769045702,0.5180711201668841,0.0,0.6324222431668238,0.15673758865248233,0.5935306682941701,0.23646333104866324,0.549080818591748,0.24392935982339825,0.572347266881029,0.8186046511627936,0.30263157894736836,0.3571428571428571,0.6000000000000001,0.37104072398190047,0.5217738548999453,0.5217738548999453,0.08411214953271029
0.14285714285714285,0.6135163674762409,0.16613154756444437,0.3865398594620779,0.31736807573343373,0.5450315719508143,0.32824427480915963,0.7018018018018022,0.19858545210657685,0.5985029463290308,0.7395499198075377,0.49934507349730756,0.000674081563869262,0.6297293658273893,0.15997973657548226,0.5935306682941701,0.24788668037468442,0.5456122095039853,0.24668874172185418,0.5557341907824211,0.8186046511627936,0.3267543859649117,0.34523809523809496,0.6000000000000001,0.3717948717948719,0.6362592909008937,0.6362592909008937,0.08411214953271029
0.2857142857142857,0.6099964801126394,0.16796624162920992,0.3796946934819443,0.32608491892398583,0.5400465270854102,0.32824427480915963,0.7018018018018022,0.2082799829278703,0.5959547698678158,0.7379961908580595,0.4896424586426052,0.0047185709470846295,0.6324222431668238,0.19631205673758867,0.5935306682941701,0.2524560201050956,0.5456122095039853,0.25220750551876225,0.5391211146838166,0.8186046511627936,0.3508771929824567,0.33333333333333354,0.6000000000000001,0.372549019607843,0.7090538695051114,0.7090538695051114,0.09345794392523364
0.14285714285714285,0.6029567053854274,0.17163562975873836,0.37727162587836083,0.33452057362452003,0.5289686496067376,0.324038012151425,0.7018018018018022,0.21785256996524538,0.582576843446412,0.6998045308740977,0.4841119681754243,0.011762723289517999,0.6324222431668238,0.20663627152988995,0.5935306682941701,0.2501713502398901,0.549080818591748,0.2580022075055173,0.522508038585209,0.8186046511627936,0.375,0.3214285714285714,0.6000000000000001,0.3733031674208145,0.8073581125692655,0.8073581125692655,0.09345794392523364
0.0,0.5279831045406544,0.29630309145949973,0.5161133995638463,0.38982097666135673,0.4569624459953472,0.3299579373734238,0.6774774774774779,0.32846777635510027,0.4462494027711419,0.22832297514033667,0.6390627274050358,0.005055611729019211,0.5560791705937793,0.3152482269503547,0.4687213915166324,0.3264793237377208,0.5619146722164412,0.3821743929359809,0.562700964630225,0.7767441860465141,0.4342105263157895,0.2857142857142857,0.4153846153846154,0.48416289592760176,0.47168423041381935,0.47168423041381935,0.03738317757009346
0.0,0.5350228792678668,0.2983212549307397,0.5226556820935289,0.3879463867279035,0.4569624459953472,0.33338526250194667,0.6846846846846846,0.3303457106274006,0.4462494027711419,0.22626804330392875,0.6567214864405968,0.0003370407819345816,0.5560791705937793,0.3152482269503547,0.46536466280134103,0.3264793237377208,0.5619146722164412,0.3821743929359809,0.5728831725616301,0.7759689922480675,0.43640350877193035,0.2857142857142857,0.4461538461538462,0.4992458521870285,0.5056872159799242,0.5056872159799242,0.03738317757009346
0.0,0.5385427666314675,0.29933033666636133,0.5275018173007038,0.38625925578779685,0.4569624459953472,0.33650101261878884,0.6846846846846846,0.32565087494664957,0.4462494027711419,0.22516539695268628,0.6820453112113725,0.0,0.5560791705937793,0.3152482269503547,0.46536466280134103,0.32899246058944476,0.5619146722164412,0.3821743929359809,0.5830653804930321,0.7751937984496102,0.43859649122806965,0.2857142857142857,0.47692307692307695,0.5143288084464557,0.38653669085945647,0.38653669085945647,0.04672897196261682
0.0,0.5385427666314675,0.29933033666636133,0.5403440755997051,0.3813853219608223,0.4569624459953472,0.33650101261878884,0.6858429858429822,0.32565087494664957,0.4462494027711419,0.22381214915797903,0.6995100179498386,0.0,0.5655042412818096,0.31397163120567373,0.46536466280134103,0.32899246058944476,0.5619146722164412,0.3791390728476822,0.5932475884244373,0.7744186046511672,0.4407894736842105,0.2857142857142857,0.5076923076923077,0.5294117647058824,0.20097883596162933,0.20097883596162933,0.03738317757009346
0.0,0.5424146427314362,0.2983212549307397,0.5500363460140547,0.37576155216046625,0.4569624459953472,0.3380588876772077,0.6927927927927928,0.32565087494664957,0.4462494027711419,0.22270950280673657,0.7129966525978751,0.0,0.5669853238185014,0.3120567375886525,0.46536466280134103,0.32899246058944476,0.5619146722164412,0.37762141280353045,0.6034297963558424,0.7736434108527206,0.44298245614035137,0.2857142857142857,0.5384615384615385,0.544494720965309,0.19272070305384814,0.19272070305384814,0.04672897196261682
0.0,0.5501583949313622,0.29465186680121147,0.5524594136176384,0.3728559377636137,0.46194749086075104,0.3380588876772077,0.6927927927927928,0.3245533808914083,0.4526198439241944,0.22326082598235703,0.7108620773298414,0.0,0.573798303487276,0.31056737588652483,0.46536466280134103,0.32899246058944476,0.5619146722164412,0.37513796909492103,0.6136120042872444,0.7728682170542562,0.44517543859649067,0.2857142857142857,0.5692307692307692,0.5595776772247362,0.6024466131227764,0.6024466131227764,0.04672897196261682
0.0,0.5607180570221753,0.29382625447206734,0.5524594136176384,0.36910675789671055,0.46444001329345275,0.3380588876772077,0.7018018018018022,0.32565087494664957,0.4462494027711419,0.22215817963111456,0.7138698879347986,0.0,0.5729096539652592,0.30612968591691847,0.46536466280134103,0.32899246058944476,0.5619146722164412,0.37389624724061665,0.6237942122186495,0.7720930232558167,0.4473684210526315,0.2857142857142857,0.6000000000000001,0.5746606334841629,0.06666126902918917,0.06666126902918917,0.03738317757009346
0.0,0.568637803590285,0.29382625447206734,0.5524594136176384,0.3665760614865502,0.46444001329345275,0.34086306278236433,0.7018018018018022,0.3234558868361672,0.4558050645007168,0.22215817963111456,0.7235725027895009,0.0,0.5782280867106502,0.301418439716312,0.46536466280134103,0.3252227553118574,0.5619146722164412,0.37389624724061665,0.6334405144694533,0.7705426356589093,0.4166666666666672,0.2857142857142857,0.6000000000000001,0.5573152337858222,0.6931828182144677,0.6931828182144677,0.03738317757009346
0.0,0.5712777191129883,0.29180809100082716,0.5524594136176384,0.3665760614865502,0.46444001329345275,0.34226515033494276,0.7018018018018022,0.3218096457533077,0.4558050645007168,0.221256014434643,0.732498908455829,0.0,0.585296889726673,0.29645390070921973,0.4592615196826313,0.32316655243317327,0.5619146722164412,0.37389624724061665,0.6430868167202572,0.7689922480620268,0.3859649122807012,0.2857142857142857,0.6000000000000001,0.539969834087481,0.4947824876508212,0.4947824876508212,0.03738317757009346
0.0,0.5807814149947197,0.2899733969360616,0.5524594136176384,0.3665760614865502,0.46444001329345275,0.34226515033494276,0.7018018018018022,0.3218096457533077,0.4558050645007168,0.2208049318364072,0.7344394314267705,0.0,0.5906826444055515,0.2943262411347518,0.4592615196826313,0.31871144619602454,0.5619146722164412,0.37389624724061665,0.652733118971061,0.7674418604651159,0.35526315789473684,0.2857142857142857,0.6000000000000001,0.5226244343891403,0.5897775890676443,0.5897775890676443,0.03738317757009346
0.0,0.5807814149947197,0.2864874782130076,0.5524594136176384,0.36563876651982496,0.46444001329345275,0.34226515033494276,0.7117117117117118,0.3218096457533077,0.4558050645007168,0.2208049318364072,0.7485082229660894,0.0,0.5998114985862395,0.2935460992907801,0.4592615196826313,0.31871144619602454,0.5619146722164412,0.36934326710816645,0.662379421221865,0.765891472868212,0.3245614035087725,0.2857142857142857,0.6000000000000001,0.5052790346907996,0.46888262285306337,0.46888262285306337,0.03738317757009346
0.0,0.5843013023583203,0.27547931382441937,0.5524594136176384,0.3617021276595759,0.4699789520327933,0.3456924754634656,0.7117117117117118,0.31857813547954317,0.4558050645007168,0.21975240577385707,0.7450152816183963,0.0,0.6032045240339301,0.2869807497467054,0.45620994812328153,0.31871144619602454,0.5619146722164412,0.36934326710816645,0.6720257234726688,0.7643410852713259,0.2938596491228065,0.2857142857142857,0.6000000000000001,0.48793363499245834,0.25212980602798446,0.25212980602798446,0.03738317757009346
0.0,0.5913410770855332,0.2608017613063027,0.5500363460140547,0.3356453275845912,0.4727484214024593,0.3456924754634656,0.7117117117117118,0.3097737942808365,0.4558050645007168,0.21474037690457143,0.7409401833794208,0.0,0.6126295947219604,0.27503546099290777,0.45620994812328153,0.3161983093443008,0.5619146722164412,0.3656181015452524,0.6816720257234725,0.7627906976744221,0.26315789473684215,0.2857142857142857,0.6000000000000001,0.47058823529411764,0.5410676535453611,0.5410676535453611,0.04672897196261682
0.0,0.6029567053854274,0.24676635171085293,0.5451902108068802,0.3337707376511383,0.4727484214024593,0.34226515033494276,0.7117117117117118,0.30431071276141686,0.4558050645007168,0.20426523656776246,0.7399699218939515,0.0,0.622862528611819,0.26732522796352476,0.45620994812328153,0.31060086817454735,0.5619146722164412,0.36285871964679606,0.6864951768488745,0.7596899224806322,0.25438596491228016,0.29761904761904784,0.6000000000000001,0.46757164404223206,0.21208910094933645,0.21208910094933645,0.03738317757009346
0.0,0.6029567053854274,0.24511512705256455,0.5451902108068802,0.3449245477551789,0.4727484214024593,0.34086306278236433,0.7117117117117118,0.30046948356807524,0.46217550565376975,0.1992532076984767,0.7421044971619852,0.0,0.6343072573044297,0.25879432624113474,0.45620994812328153,0.3049177518848525,0.5619146722164412,0.3569260485651198,0.6913183279742765,0.7565891472868138,0.24561403508771984,0.30952380952380926,0.6000000000000001,0.46455505279034703,0.8174181145686683,0.8174181145686683,0.04672897196261682
0.0,0.6135163674762409,0.2662141087973595,0.5451902108068802,0.3449245477551789,0.4727484214024593,0.3357220750895773,0.7117117117117118,0.2918114749100682,0.46536072623029145,0.19409081796311073,0.7430747586474544,0.0,0.6479062878685855,0.2505065856129678,0.45620994812328153,0.29906328535526727,0.5619146722164412,0.3544426048565106,0.6961414790996783,0.7534883720930274,0.23684210526315785,0.3214285714285714,0.6000000000000001,0.46153846153846156,0.008167244755605945,0.008167244755605945,0.05607476635514019
0.0,0.6135163674762409,0.24786716814971166,0.5379210079961216,0.3409879088949297,0.4727484214024593,0.33494313756036553,0.7117117117117118,0.2867264191207852,0.46536072623029145,0.19118384121892534,0.7469558045893377,0.0,0.6540999057492931,0.2395744680851064,0.45620994812328153,0.2934658441855138,0.5619146722164412,0.3509243929359809,0.7009646302250805,0.7503875968992304,0.22807017543859598,0.33333333333333354,0.6000000000000001,0.458521870286576,0.3391295978400828,0.3391295978400828,0.05607476635514019
0.0,0.6272439281942976,0.243280432987799,0.5379210079961216,0.33930077795482283,0.4727484214024593,0.33494313756036553,0.7117117117117118,0.27992957746478875,0.46536072623029145,0.18712409783480338,0.758695968563528,0.0,0.6597549481621112,0.2318642350557234,0.45620994812328153,0.2888965044551062,0.5619146722164412,0.34450883002207355,0.7057877813504823,0.7472868217054192,0.21929824561403566,0.34523809523809496,0.6000000000000001,0.4555052790346909,0.41974548346415164,0.41974548346415164,0.04672897196261682
0.0,0.6335797254487854,0.235941656728742,0.5352556336321741,0.3280532383541106,0.4727484214024593,0.3380588876772077,0.7117117117117118,0.256569721358455,0.46536072623029145,0.17920509222133058,0.7565613932954942,0.0,0.6618284637134775,0.22482269503546104,0.46536466280134103,0.2821567283527515,0.5619146722164412,0.33623068432670933,0.7106109324758842,0.7441860465116257,0.21052631578947367,0.3571428571428571,0.6000000000000001,0.4524886877828054,0.09238622304286576,0.09238622304286576,0.05607476635514019
0.0,0.6304118268215417,0.20732042931841277,0.5250787496971123,0.30537070015933954,0.4788412540157274,0.3302695123851045,0.7077477477477478,0.23021766965428947,0.47873865265169613,0.15163893344025653,0.758695968563528,0.0,0.6656792783088685,0.219604863221883,0.4592615196826313,0.27507425177062017,0.5619146722164412,0.33623068432670933,0.7181136120042861,0.7426356589147218,0.21052631578947367,0.3571428571428571,0.6000000000000001,0.46153846153846156,0.518175105990556,0.518175105990556,0.028037383177570097
0.0,0.6240760295670535,0.1889734886707648,0.5226556820935289,0.2962789389820981,0.4727484214024593,0.3178065119177451,0.7046332046332073,0.2254740564599702,0.4870202261506642,0.13259322373696808,0.758695968563528,0.0,0.6701225259189443,0.21276595744680837,0.46536466280134103,0.2695910440941294,0.5619146722164412,0.33623068432670933,0.7256162915326911,0.7410852713178357,0.21052631578947367,0.3571428571428571,0.6000000000000001,0.47058823529411764,0.8954716779731541,0.8954716779731541,0.04672897196261682
0.0,0.6335797254487854,0.18814787634162067,0.5226556820935289,0.298153528915551,0.4757948377090977,0.30347406138027644,0.7077477477477478,0.2236448997012377,0.4940277114190157,0.1284833600641539,0.7625770145054084,0.0,0.6782011579372573,0.21073961499493254,0.46536466280134103,0.2647932373772002,0.5556711758584807,0.3325055187637955,0.7331189710610932,0.7395348837209319,0.21052631578947367,0.3571428571428571,0.6000000000000001,0.4796380090497737,0.22583735908176455,0.22583735908176455,0.04672897196261682
0.14285714285714285,0.6335797254487854,0.19365195853591488,0.5226556820935289,0.30087168431905464,0.48188767032236623,0.30066988627512026,0.7117117117117118,0.22669349429912944,0.5035833731485906,0.12607758620689652,0.7703391063891719,0.0,0.6852026390197927,0.20992907801418448,0.46536466280134103,0.2591957962074467,0.5619146722164412,0.32947019867549665,0.7406216505894949,0.7379844961240245,0.21052631578947367,0.3571428571428571,0.6000000000000001,0.48868778280542985,0.7633993010418322,0.7633993010418322,0.04672897196261682
0.0,0.6441393875395984,0.20732042931841277,0.5275018173007038,0.30630799512606766,0.48188767032236623,0.30066988627512026,0.7117117117117118,0.22791293213828423,0.5099538143016435,0.12697975140336798,0.7780041721243864,0.0,0.6913962569004994,0.2045592705167163,0.46536466280134103,0.256682659355723,0.558792924037461,0.322847682119205,0.7481243301179004,0.736434108527142,0.21052631578947367,0.3571428571428571,0.6000000000000001,0.497737556561086,0.7168689446482948,0.7168689446482948,0.06542056074766356
0.0,0.6518831397395239,0.22034675717824115,0.5299248849042875,0.3112756584497135,0.48188767032236623,0.30066988627512026,0.7117117117117118,0.23010792024876658,0.5160057333970378,0.12798215717722577,0.7857662640081503,0.0,0.6974552309142317,0.19695035460992916,0.46536466280134103,0.2558830249029025,0.558792924037461,0.3200883002207491,0.7556270096463023,0.7348837209302346,0.21052631578947367,0.3571428571428571,0.6000000000000001,0.5067873303167421,0.9118122684871994,0.9118122684871994,0.04672897196261682
0.0,0.6557550158394931,0.21860379781671557,0.5299248849042875,0.31502483831661965,0.48465713969203184,0.30658981149711906,0.7117117117117118,0.2317541613316263,0.5217391304347825,0.12798215717722577,0.7925580944064415,0.0,0.698801669583949,0.19351570415400365,0.4720781202319142,0.26730637422892367,0.5525494276795004,0.31181015452538485,0.757234726688103,0.7325581395348806,0.2017543859649117,0.34523809523809496,0.6000000000000001,0.49849170437405743,0.87352795617137,0.87352795617137,0.04672897196261682
0.0,0.6557550158394931,0.2167691037519499,0.5299248849042875,0.31680569875339815,0.4901960784313726,0.30658981149711906,0.7117117117117118,0.23510761538930414,0.5217391304347825,0.12743083400160377,0.7962450880512298,0.0,0.7012252591894439,0.1921985815602838,0.47848642050655577,0.27610235320996224,0.5525494276795004,0.31181015452538485,0.7588424437299035,0.7302325581395372,0.19298245614035137,0.33333333333333354,0.6000000000000001,0.49019607843137236,0.26779796165674646,0.26779796165674646,0.03738317757009346
0.0,0.6663146779303062,0.21952114484909702,0.5299248849042875,0.320367419626958,0.48188767032236623,0.30487614893285486,0.7117117117117118,0.23644899701237732,0.5281095715878357,0.12853348035284612,0.7962450880512298,0.0,0.6974552309142317,0.1879432624113475,0.4906927067439746,0.2831848297920936,0.5619146722164412,0.31181015452538485,0.760450160771704,0.7279069767441904,0.1842105263157895,0.3214285714285714,0.6000000000000001,0.48190045248868774,0.8430901766905728,0.8430901766905728,0.03738317757009346
0.0,0.6663146779303062,0.21952114484909702,0.5262902834989083,0.32130471459368315,0.48188767032236623,0.30487614893285486,0.7117117117117118,0.23699774403999596,0.5312947921643574,0.12853348035284612,0.7962450880512298,0.0,0.6889726672950045,0.18262411347517737,0.5019835215135777,0.2957505140507195,0.5556711758584807,0.308774834437086,0.7620578778135048,0.7255813953488399,0.1754385964912275,0.30952380952380926,0.6000000000000001,0.4736048265460031,0.6991716794040801,0.6991716794040801,0.06542056074766356
0.0,0.6663146779303062,0.21952114484909702,0.5275018173007038,0.32524135345393246,0.48188767032236623,0.30487614893285486,0.70972972972973,0.23875373452838233,0.5312947921643574,0.1265286688051322,0.7906175714355028,0.0,0.6889726672950045,0.18049645390070923,0.5019835215135777,0.29780671692940364,0.5556711758584807,0.30477373068432523,0.7636655948553055,0.7232558139534895,0.16666666666666718,0.29761904761904784,0.6000000000000001,0.46530920060331804,0.20311044726841135,0.20311044726841135,0.06542056074766356
0.0,0.6627947905667047,0.21759471608109415,0.5226556820935289,0.3269284843940393,0.48188767032236623,0.30830347406137815,0.7018018018018022,0.24486311810255668,0.534798534798538,0.12743083400160377,0.7854024159510989,0.0,0.6833176248821864,0.1812056737588652,0.5111382361916372,0.29780671692940364,0.5619146722164412,0.30725717439293465,0.765273311897106,0.720930232558139,0.15789473684210525,0.2857142857142857,0.6000000000000001,0.45701357466063347,0.8916735874881172,0.8916735874881172,0.09345794392523364
0.0,0.6557550158394931,0.2137418585450882,0.5204749212503015,0.33002155778423525,0.48188767032236623,0.30658981149711906,0.7042792792792796,0.25426803243704654,0.534798534798538,0.1265286688051322,0.7856692378596043,0.0,0.6795475966069746,0.18515704154002122,0.5178516936222102,0.30031985378112713,0.5525494276795004,0.30215231788079455,0.7636655948553055,0.7193798449612352,0.1600877192982461,0.2857142857142857,0.6000000000000001,0.4555052790346909,0.9853745520736182,0.9853745520736182,0.06542056074766356
0.0,0.6557550158394931,0.2137418585450882,0.5161133995638463,0.33002155778423525,0.48188767032236623,0.3100171366256419,0.7092342342342344,0.25778915919761003,0.534798534798538,0.12607758620689652,0.7781011982729354,0.0,0.6795475966069746,0.1914893617021276,0.5242599938968517,0.301576422206991,0.5525494276795004,0.2993929359823384,0.7620578778135048,0.7178294573643491,0.16228070175438541,0.2857142857142857,0.6000000000000001,0.45399698340874794,0.9376791863792789,0.9376791863792789,0.07476635514018692
0.0,0.6557550158394931,0.2157600220163285,0.5136903319602626,0.3356453275845912,0.4901960784313726,0.31157501168406077,0.7117117117117118,0.26163038839095165,0.5418060200668895,0.12607758620689652,0.776160675301994,0.0,0.6755082805978228,0.1982269503546099,0.5303631370155615,0.29906328535526727,0.5525494276795004,0.2993929359823384,0.760450160771704,0.7162790697674453,0.16447368421052633,0.2857142857142857,0.6000000000000001,0.4524886877828054,0.7691202166848552,0.7691202166848552,0.07476635514018692
0.0,0.6557550158394931,0.2167691037519499,0.5088441967530881,0.3392070484581511,0.4901960784313726,0.31469076180090294,0.7032175032175048,0.26163038839095165,0.5418060200668895,0.12607758620689652,0.7742201523310522,0.0,0.6764059063776335,0.2011820330969254,0.5349404943545908,0.29780671692940364,0.5525494276795004,0.29635761589403975,0.7588424437299035,0.7147286821705379,0.16666666666666718,0.2857142857142857,0.6000000000000001,0.45098039215686286,0.9325057599990645,0.9325057599990645,0.05607476635514019
0.0,0.6557550158394931,0.2167691037519499,0.5088441967530881,0.3440809822851256,0.4901960784313726,0.31469076180090294,0.7018018018018022,0.2644472897994026,0.5418060200668895,0.12607758620689652,0.7781011982729354,0.0,0.6701225259189443,0.20400202634245024,0.5395178516936205,0.29906328535526727,0.5525494276795004,0.294839955849888,0.757234726688103,0.7131782945736553,0.1688596491228065,0.2857142857142857,0.6000000000000001,0.4494720965309199,0.35888794480494485,0.35888794480494485,0.06542056074766356
0.0,0.6557550158394931,0.21768645078433146,0.5088441967530881,0.3457681132252324,0.4901960784313726,0.31157501168406077,0.7018018018018022,0.2663252240717029,0.5418060200668895,0.12607758620689652,0.779071459758405,0.0,0.6701225259189443,0.20638297872340416,0.5450106805004564,0.301576422206991,0.5525494276795004,0.2911147902869744,0.7556270096463023,0.7116279069767444,0.17105263157894735,0.2857142857142857,0.6000000000000001,0.44796380090497734,0.10047295873314263,0.10047295873314263,0.06542056074766356
0.0,0.6557550158394931,0.21952114484909702,0.5088441967530881,0.3476427031586855,0.4901960784313726,0.31469076180090294,0.7018018018018022,0.26803243704652147,0.5418060200668895,0.12607758620689652,0.7751904138165244,0.0,0.6701225259189443,0.21266464032421628,0.5477570949038739,0.29780671692940364,0.5525494276795004,0.2911147902869744,0.7540192926045015,0.7112403100775175,0.18859649122806965,0.2857142857142857,0.5717948717948722,0.4683257918552036,0.45275164355186387,0.45275164355186387,0.102803738317757
0.0,0.6557550158394931,0.22410788001100967,0.503998061545913,0.3476427031586855,0.4985044865403787,0.31469076180090294,0.7018018018018022,0.2727882446192318,0.5418060200668895,0.12607758620689652,0.765293746664727,0.0,0.6659754948162109,0.22340425531914887,0.5508086664632237,0.29906328535526727,0.5525494276795004,0.286561810154524,0.7524115755627008,0.7108527131783049,0.2061403508771935,0.2857142857142857,0.543589743589743,0.48868778280542985,0.08114686498963404,0.08114686498963404,0.205607476635514
0.0,0.6557550158394931,0.24410604531694313,0.5015749939423295,0.3514856125222603,0.49296554780103863,0.31749493690605957,0.7018018018018022,0.27537345283824166,0.5418060200668895,0.12788191659983955,0.7555911318100218,0.0,0.6597549481621112,0.2328774062816632,0.5629539212694521,0.3036326250856749,0.5525494276795004,0.28959713024282263,0.7508038585209003,0.7104651162790709,0.22368421052631582,0.2857142857142857,0.5153846153846153,0.5090497737556561,0.8239213469547909,0.8239213469547909,0.28037383177570097
0.0,0.6592749032030933,0.29098247867168325,0.5015749939423295,0.3608585621895224,0.4985044865403787,0.32061068702290174,0.7018018018018022,0.2791293213828425,0.5418060200668895,0.13349538893343954,0.747052830737884,0.0,0.6597549481621112,0.24602836879432632,0.5669819957277982,0.3070596298834818,0.5525494276795004,0.2911147902869744,0.7491961414790997,0.710077519379837,0.24122807017543801,0.2857142857142857,0.4871794871794876,0.5294117647058824,0.023263499658335112,0.023263499658335112,0.3271028037383178
0.0,0.6663146779303062,0.30180717365379395,0.5015749939423295,0.37857343706064417,0.4985044865403787,0.324038012151425,0.7018018018018022,0.27989756722151093,0.5513616817964644,0.14757919005613468,0.7451123077669422,0.0,0.6597549481621112,0.25141843971631195,0.5700335672871479,0.30808773132282385,0.5525494276795004,0.2911147902869744,0.747588424437299,0.7096899224806279,0.2587719298245619,0.2857142857142857,0.4589743589743585,0.5497737556561086,0.5716914191831451,0.5716914191831451,0.09345794392523364
0.0,0.6698345652939068,0.3258416659022103,0.5015749939423295,0.3973193363951629,0.5009970089730806,0.33634522511294396,0.7018018018018022,0.28297055057618437,0.5513616817964644,0.16061046511627947,0.7390966865570281,0.0,0.6597549481621112,0.2464539007092199,0.5761367104058577,0.3037468585789338,0.5525494276795004,0.294839955849888,0.7459807073954983,0.7093023255813939,0.2763157894736842,0.2857142857142857,0.4307692307692308,0.5701357466063348,0.05935648237776865,0.05935648237776865,0.102803738317757
0.0,0.6768743400211192,0.32400697183744764,0.5015749939423295,0.41419064579623144,0.5009970089730806,0.33946097522978613,0.7018018018018022,0.28297055057618437,0.5513616817964644,0.16717622293504336,0.7354096929122399,0.0,0.6597549481621112,0.2426545086119538,0.5761367104058577,0.2909527073337903,0.5525494276795004,0.294839955849888,0.7406216505894949,0.7085271317829545,0.2828947368421052,0.2857142857142857,0.4589743589743585,0.5693815987933633,0.3856556428489698,0.3856556428489698,0.102803738317757
0.14285714285714285,0.6768743400211192,0.31657646087515046,0.5015749939423295,0.42187646452338656,0.4985044865403787,0.3488082255803078,0.7018018018018022,0.28297055057618437,0.5577321229495176,0.16717622293504336,0.7315286469703594,0.0,0.6550424128180963,0.24113475177304955,0.5761367104058577,0.2934658441855138,0.5525494276795004,0.294839955849888,0.7352625937834951,0.7077519379844901,0.2894736842105263,0.2857142857142857,0.4871794871794876,0.5686274509803924,0.3309256776717423,0.3309256776717423,0.40186915887850466
0.0,0.6768743400211192,0.3074029905513249,0.4989096195783822,0.42637548036367157,0.4985044865403787,0.35503972581398746,0.7057657657657661,0.2839095177123345,0.5577321229495176,0.1645699679230151,0.729588123999418,0.0,0.6503298774740809,0.2436676798378936,0.5852914250839167,0.29780671692940364,0.5525494276795004,0.294839955849888,0.729903536977492,0.7069767441860506,0.29605263157894735,0.2857142857142857,0.5153846153846153,0.5678733031674208,0.3592037596688148,0.3592037596688148,0.13084112149532712
0.0,0.6768743400211192,0.3011650307311269,0.49357887085049534,0.42843752929046797,0.5059820538384845,0.3656332762112475,0.7018018018018022,0.2894945430156679,0.5577321229495176,0.16256515637530117,0.7226022413040315,0.0,0.6503298774740809,0.24468085106382986,0.5894110466890434,0.2996915695681972,0.5525494276795004,0.294839955849888,0.7245444801714886,0.706201550387604,0.30263157894736836,0.2857142857142857,0.543589743589743,0.5671191553544492,0.9505498008510207,0.9505498008510207,0.11214953271028037
0.0,0.674234424498416,0.2944454637189253,0.49115580324691166,0.42450089043021866,0.5059820538384845,0.3656332762112475,0.7018018018018022,0.2922535211267605,0.5577321229495176,0.1581545709703281,0.7179449861737739,0.0,0.6454826982630915,0.2431610942249256,0.5965822398535199,0.30271875713959195,0.5525494276795004,0.29787527593818663,0.7191854233654886,0.7054263565891432,0.3092105263157895,0.2857142857142857,0.5717948717948722,0.5663650075414782,0.6472598361094123,0.6472598361094123,0.102803738317757
0.14285714285714285,0.6663146779303062,0.29648656086597724,0.48630966803973696,0.4221107882650673,0.5034895314057828,0.3642311886586691,0.7018018018018022,0.295774647887324,0.5513616817964644,0.16005914194065746,0.7043613253771883,0.0,0.6418473138548537,0.25416666666666665,0.6026853829722292,0.30500342700479766,0.5525494276795004,0.29511589403973515,0.7138263665594855,0.7046511627907002,0.3157894736842105,0.2857142857142857,0.6000000000000001,0.5656108597285068,0.930130820001661,0.930130820001661,0.13084112149532712
0.0,0.6663146779303062,0.28905604990368006,0.481948146353282,0.4162526947230306,0.4985044865403787,0.3614270135535125,0.7018018018018022,0.295774647887324,0.5418060200668895,0.166073576583801,0.6964051811963324,0.0,0.6418473138548537,0.2771631205673759,0.6026853829722292,0.30031985378112713,0.5525494276795004,0.2727649006622517,0.7047159699892829,0.7042635658914662,0.3333333333333328,0.2857142857142857,0.6000000000000001,0.5716440422322773,0.8373191533685291,0.8373191533685291,0.11214953271028037
0.0,0.6663146779303062,0.2819007430510978,0.4773443179064707,0.4112850313993818,0.4985044865403787,0.3614270135535125,0.7018018018018022,0.29071398085482736,0.5418060200668895,0.16908079390537284,0.6857808179304323,0.0,0.6418473138548537,0.2994680851063829,0.6026853829722292,0.2957505140507195,0.5525494276795004,0.2549668874172186,0.6956055734190771,0.7038759689922536,0.3508771929824567,0.2857142857142857,0.6000000000000001,0.5776772247360484,0.4208102012579016,0.4208102012579016,0.11214953271028037
0.0,0.6663146779303062,0.28006604898633225,0.472498182699296,0.41334708032617795,0.4985044865403787,0.3614270135535125,0.7018018018018022,0.28578745198463507,0.5312947921643574,0.17163692862870877,0.6752534808130782,0.0,0.6418473138548537,0.314095744680851,0.6127555691180944,0.29780671692940364,0.5525494276795004,0.2632450331125826,0.6864951768488745,0.7034883720930232,0.36842105263157887,0.2857142857142857,0.6000000000000001,0.5837104072398189,0.14256940252663616,0.14256940252663616,0.11214953271028037
0.0,0.6592749032030933,0.28006604898633225,0.4652289798885376,0.41690880119973783,0.4985044865403787,0.3598691384950936,0.7018018018018022,0.28297055057618437,0.5312947921643574,0.1736417401764227,0.6672973366322225,0.0,0.6418473138548537,0.3223404255319149,0.6127555691180944,0.30031985378112713,0.5525494276795004,0.2716611479028681,0.6773847802786719,0.7031007751937928,0.3859649122807012,0.2857142857142857,0.6000000000000001,0.5897435897435896,0.2751834432050263,0.2751834432050263,0.11214953271028037
0.0,0.6557550158394931,0.2790569672507106,0.4652289798885376,0.41897085012653423,0.4985044865403787,0.35675338837825143,0.7018018018018022,0.28297055057618437,0.5217391304347825,0.17253909382518035,0.6547809634696551,0.0,0.6418473138548537,0.32771023302938307,0.6127555691180944,0.3037468585789338,0.5525494276795004,0.2716611479028681,0.6682743837084661,0.7027131782945837,0.40350877192982504,0.2857142857142857,0.6000000000000001,0.5957767722473606,0.36387581840220473,0.36387581840220473,0.08411214953271029
0.0,0.6557550158394931,0.27703880377947043,0.45723285679670345,0.41897085012653423,0.4985044865403787,0.3598691384950936,0.7018018018018022,0.2802268154380836,0.5217391304347825,0.1736417401764227,0.6507058652306796,0.0,0.6418473138548537,0.33042553191489366,0.6127555691180944,0.31265707105323126,0.5525494276795004,0.2662803532008815,0.6591639871382636,0.7023255813953497,0.42105263157894735,0.2857142857142857,0.6000000000000001,0.6018099547511312,0.729447068441929,0.729447068441929,0.07476635514018692
0.0,0.6557550158394931,0.2762131914503263,0.4523867215895283,0.41690880119973783,0.492273180458624,0.35792179467206675,0.7018018018018022,0.277251387110542,0.5217391304347825,0.17419306335204482,0.648862368408287,0.0,0.6418473138548537,0.33611955420465955,0.6127555691180944,0.3221384509938312,0.5525494276795004,0.25220750551876225,0.6516613076098616,0.7027131782945837,0.42982456140350933,0.2738095238095235,0.6000000000000001,0.5987933634992457,0.6779309876230522,0.6779309876230522,0.102803738317757
0.0,0.6480112636395672,0.2782313549215665,0.44778289314271746,0.42000187458993365,0.4901960784313726,0.3614270135535125,0.7018018018018022,0.2744344857020915,0.5160057333970378,0.1751954691259025,0.6432348517925572,0.0,0.6418473138548537,0.3460992907801419,0.6127555691180944,0.32419465387251534,0.5456122095039853,0.24668874172185418,0.6441586280814565,0.7031007751937928,0.43859649122806965,0.26190476190476214,0.6000000000000001,0.5957767722473606,0.6113012361337109,0.6113012361337109,0.3738317757009346
0.0,0.6441393875395984,0.28006604898633225,0.44342137145626226,0.42000187458993365,0.48188767032236623,0.35675338837825143,0.7018018018018022,0.2744344857020915,0.5131390348781653,0.17569667201283073,0.6371222044340941,0.0,0.6442709034603487,0.34741641337386153,0.6127555691180944,0.32876399360292274,0.5421436004162332,0.23454746136865046,0.6366559485530547,0.7034883720930232,0.4473684210526315,0.25,0.6000000000000001,0.5927601809954751,0.04673109030843255,0.04673109030843255,0.17757009345794394
0.0,0.6335797254487854,0.2874048252453918,0.5161133995638463,0.388789952197957,0.8169934640522842,0.5044399439164979,0.7297297297297296,0.29522590085970557,0.5099538143016435,0.19318865276663927,0.6422645903070878,0.0,0.6229971724787935,0.2801418439716312,0.5852914250839167,0.2981494174091841,0.5976413458203227,0.4329470198675496,0.5637727759914244,0.6914728682170477,0.5087719298245619,0.40476190476190493,0.6000000000000001,0.5505279034690801,0.4632110124135558,0.4632110124135558,0.2336448598130841
0.0,0.6335797254487854,0.28355196770938607,0.5161133995638463,0.3852282313243971,0.8280713415309653,0.49509269356597585,0.7297297297297296,0.29193341869398215,0.5067685937251123,0.19118384121892534,0.6432348517925572,0.0,0.6229971724787935,0.27436676798379067,0.5880378394873347,0.2854694996572993,0.6045785639958374,0.43598233995584845,0.5696677384780289,0.6899224806201651,0.49780701754385914,0.41666666666666635,0.6000000000000001,0.5490196078431371,0.38253828446403165,0.38253828446403165,0.21495327102803738
0.0,0.6335797254487854,0.2762131914503263,0.5112672643566718,0.3831661823976009,0.8308408109006313,0.4829412681102976,0.7297297297297296,0.2888848240960906,0.5131390348781653,0.19208600641539691,0.6548779896182013,0.0,0.6229971724787935,0.26851063829787236,0.5880378394873347,0.27610235320996224,0.5941727367325702,0.42204746136865023,0.5755627009646302,0.6883720930232577,0.48684210526315785,0.42857142857142855,0.6000000000000001,0.5475113122171946,0.6707205020898562,0.6707205020898562,0.09345794392523364
0.0,0.6335797254487854,0.27272727272727226,0.5088441967530881,0.3831661823976009,0.8308408109006313,0.46393519239756764,0.7243243243243247,0.28578745198463507,0.5131390348781653,0.19073275862068956,0.6626400815019649,0.0,0.6229971724787935,0.2649442755825744,0.5880378394873347,0.26604980580306004,0.6011099549080854,0.4190121412803516,0.5782422293676301,0.6868217054263503,0.47149122807017485,0.42857142857142855,0.6000000000000001,0.537707390648567,0.9496317777220611,0.9496317777220611,0.06542056074766356
0.0,0.6406195001759978,0.2689661498945066,0.5088441967530881,0.38147905145749406,0.8253018721612913,0.4310640286649008,0.722007722007721,0.2843119321992573,0.5067685937251123,0.1886277064955893,0.6684616504147869,0.0,0.6229971724787935,0.25886524822695045,0.5935306682941701,0.2635366689513363,0.6011099549080854,0.41252759381898163,0.5809217577706334,0.6852713178294678,0.4561403508771935,0.42857142857142855,0.6000000000000001,0.5279034690799398,0.2064600061092139,0.2064600061092139,0.07476635514018692
0.0,0.6406195001759978,0.2632785982937351,0.5088441967530881,0.3792295435373516,0.8081311620693503,0.39710235239133596,0.7207207207207211,0.28220230473751595,0.5131390348781653,0.18712409783480338,0.6733129578421395,0.0,0.6229971724787935,0.25496453900709226,0.5935306682941701,0.26250856751199425,0.6011099549080854,0.40700883002207355,0.5836012861736335,0.6837209302325604,0.4407894736842105,0.42857142857142855,0.6000000000000001,0.5180995475113122,0.0213012952155624,0.0213012952155624,0.06542056074766356
0.0,0.6388595564941919,0.2579121181542985,0.506421129149504,0.376792576623863,0.7942838152210037,0.37186477644492677,0.7207207207207211,0.280775562465702,0.5131390348781653,0.18511928628708946,0.6733129578421395,0.0,0.6229971724787935,0.2524316109422482,0.5935306682941701,0.2579392277815866,0.5976413458203227,0.40286975717439133,0.5862808145766334,0.6821705426356566,0.4254385964912275,0.42857142857142855,0.6000000000000001,0.5082956259426845,0.572772843883505,0.572772843883505,0.07476635514018692
0.0,0.6335797254487854,0.2515365562792401,0.5015749939423295,0.3747305276970666,0.7837598316162593,0.3628291011060909,0.7207207207207211,0.2791293213828425,0.5131390348781653,0.1832147153167601,0.6684616504147869,0.0,0.6229971724787935,0.25496453900709226,0.5935306682941701,0.2591957962074467,0.5976413458203227,0.3998344370860927,0.5889603429796366,0.6806201550387669,0.41008771929824617,0.42857142857142855,0.6000000000000001,0.49849170437405743,0.2491755292488793,0.2491755292488793,0.06542056074766356
0.0,0.6335797254487854,0.24951839280799992,0.5015749939423295,0.3747305276970666,0.7696355378309483,0.3502103131328862,0.7207207207207211,0.2791293213828425,0.5131390348781653,0.1822123095429023,0.6626400815019649,0.0,0.6229971724787935,0.2534447821681878,0.5935306682941701,0.256682659355723,0.5941727367325702,0.3923151214128022,0.5916398713826366,0.6790697674418631,0.39473684210526316,0.42857142857142855,0.6000000000000001,0.48868778280542985,0.9811544875521611,0.9811544875521611,0.06542056074766356
0.0,0.6406195001759978,0.25052747454362134,0.49624424521444266,0.37098134783016345,0.7580037664783394,0.3439788128992065,0.7207207207207211,0.2791293213828425,0.5131390348781653,0.18115978348035217,0.6576917479260662,0.0,0.6229971724787935,0.25496453900709226,0.5935306682941701,0.2589673292209287,0.5941727367325702,0.3900386313465769,0.5921757770632379,0.6775193798449557,0.4078947368421052,0.42857142857142855,0.6000000000000001,0.5,0.4618706049284312,0.4618706049284312,0.04672897196261682
0.0,0.6406195001759978,0.25621502614438996,0.49115580324691166,0.37219983128690637,0.7527417746759721,0.33338526250194667,0.714285714285712,0.27577586732516446,0.5131390348781653,0.1800571371291097,0.651676126716149,0.0,0.6229971724787935,0.2571935157041523,0.5935306682941701,0.26833447566826574,0.5941727367325702,0.3875551876379677,0.5927116827438359,0.6759689922480732,0.42105263157894735,0.42857142857142855,0.6000000000000001,0.5113122171945701,0.03495217599603836,0.03495217599603836,0.2990654205607477
0.0,0.6441393875395984,0.26355380240344983,0.48630966803973696,0.3759490111538095,0.7422177910712278,0.31469076180090294,0.7117117117117118,0.2791293213828425,0.5188724319159104,0.17960605453087392,0.6431378256440112,0.0,0.6229971724787935,0.25886524822695045,0.6026853829722292,0.28661183458990025,0.5941727367325702,0.3863134657836629,0.5932475884244373,0.6744186046511622,0.4342105263157895,0.42857142857142855,0.6000000000000001,0.5226244343891403,0.9860235195571102,0.9860235195571102,0.40186915887850466
0.0,0.6441393875395984,0.2580497202091556,0.48630966803973696,0.38147905145749406,0.7366788523318952,0.33790310017136704,0.7117117117117118,0.2791293213828425,0.5131390348781653,0.17870388933440245,0.6334352107893086,0.0,0.62003500740541,0.2598784194528865,0.6026853829722292,0.2955220470641977,0.5941727367325702,0.3863134657836629,0.5937834941050386,0.6728682170542584,0.4473684210526315,0.42857142857142855,0.6000000000000001,0.5339366515837104,0.25854794457287894,0.25854794457287894,0.28037383177570097
0.0,0.6441393875395984,0.2678653334556478,0.48630966803973696,0.3831661823976009,0.7582807134153122,0.38744352702913365,0.7117117117117118,0.28143405889884754,0.5131390348781653,0.1800571371291097,0.6266433803910145,0.0,0.6229971724787935,0.26241134751773054,0.6127555691180944,0.301576422206991,0.5976413458203227,0.3821743929359809,0.5943193997856366,0.6713178294573723,0.4605263157894737,0.42857142857142855,0.6000000000000001,0.5452488687782806,0.3093747699585257,0.3093747699585257,0.40186915887850466
0.0,0.6441393875395984,0.2678653334556478,0.48630966803973696,0.3871028212578501,0.7809903622465937,0.41026639663498954,0.7117117117117118,0.28297055057618437,0.5188724319159104,0.1800571371291097,0.6227623344491341,0.0,0.6170728423320353,0.2619047619047623,0.6188587122368032,0.301576422206991,0.5976413458203227,0.3791390728476822,0.594855305466238,0.6697674418604684,0.4736842105263158,0.42857142857142855,0.6000000000000001,0.5565610859728507,0.8926671909551657,0.8926671909551657,0.5233644859813085
0.14285714285714285,0.6441393875395984,0.2632785982937351,0.481948146353282,0.3908520011247534,0.8081311620693503,0.4284156410655844,0.7117117117117118,0.28632400463386265,0.5131390348781653,0.18060846030473182,0.6286809295105021,0.0019548365352207286,0.6167766258246938,0.2609929078014184,0.6310649984742129,0.30500342700479766,0.5976413458203227,0.3791390728476822,0.5932475884244373,0.667829457364352,0.4671052631578947,0.42857142857142855,0.6000000000000001,0.5497737556561086,0.2232724144951864,0.2232724144951864,0.33644859813084116
0.0,0.6441393875395984,0.26162737363544686,0.4841289071965096,0.3918830255881529,0.8253018721612913,0.4533416420003127,0.7117117117117118,0.2876653862569354,0.5174390826564741,0.18171110665597417,0.6323679231552903,0.0,0.615591759795344,0.26241134751773054,0.6338114128776309,0.3060315284441397,0.5976413458203227,0.3766556291390728,0.5916398713826366,0.6658914728682106,0.4605263157894737,0.42857142857142855,0.6000000000000001,0.5429864253393666,0.7234665303158786,0.7234665303158786,0.2429906542056075
0.0,0.6441393875395984,0.2652967617649753,0.4797673855100544,0.3937576155216058,0.8383183781987369,0.4548995170587318,0.7074646074646032,0.2882751051765129,0.5131390348781653,0.18171110665597417,0.6361519429486246,0.0,0.6126295947219604,0.26241134751773054,0.6393042416844663,0.30808773132282385,0.6011099549080854,0.3748620309050741,0.590032154340836,0.6639534883720941,0.45394736842105265,0.42857142857142855,0.6000000000000001,0.5361990950226244,0.5470949827932218,0.5470949827932218,0.2429906542056075
0.0,0.6441393875395984,0.2632785982937351,0.4773443179064707,0.3963820414284379,0.8438573169380774,0.4483564418133663,0.7057657657657661,0.29193341869398215,0.5160057333970378,0.1832147153167601,0.6225682821520391,0.0,0.6170728423320353,0.26241134751773054,0.6393042416844663,0.30808773132282385,0.5941727367325702,0.36685982339955703,0.5884244372990354,0.6620155038759776,0.4473684210526315,0.42857142857142855,0.6000000000000001,0.5294117647058824,0.9558224363511285,0.9558224363511285,0.13084112149532712
0.0,0.6370996128123856,0.26162737363544686,0.472498182699296,0.3963820414284379,0.8527196189210113,0.4405670665212629,0.7018018018018022,0.29071398085482736,0.5160057333970378,0.1832147153167601,0.6169407655363122,0.0,0.6167766258246938,0.2609929078014184,0.6393042416844663,0.30808773132282385,0.5941727367325702,0.36423841059602613,0.5868167202572347,0.6600775193798363,0.4407894736842105,0.42857142857142855,0.6000000000000001,0.5226244343891403,0.28614305657385547,0.28614305657385547,0.102803738317757
0.0,0.6441393875395984,0.2632785982937351,0.47007511509571187,0.3982566313618908,0.8410878475684025,0.4221841408319049,0.7018018018018022,0.2902262057191636,0.5217391304347825,0.1832147153167601,0.6131567457429778,0.0040444893832153675,0.6126295947219604,0.2608915906788263,0.6393042416844663,0.30808773132282385,0.5941727367325702,0.3614790286975702,0.585209003215434,0.6581395348837233,0.4342105263157895,0.42857142857142855,0.6000000000000001,0.5158371040723981,0.6318605989647504,0.6318605989647504,0.11214953271028037
0.0,0.6335797254487854,0.2608017613063027,0.4652289798885376,0.4003186802886872,0.8280713415309653,0.4048917276834394,0.7018018018018022,0.2876653862569354,0.5217391304347825,0.1822123095429023,0.611022170474944,0.006740815638692315,0.6126295947219604,0.2602836879432624,0.6393042416844663,0.31060086817454735,0.5941727367325702,0.3556843267108152,0.5841371918542346,0.6569767441860463,0.4342105263157895,0.41666666666666635,0.6000000000000001,0.5143288084464557,0.16594302459914215,0.16594302459914215,0.14953271028037385
0.0,0.6406195001759978,0.28079992661223896,0.4625636055245901,0.40397413065891863,0.8109006314390164,0.3706184763981939,0.7018018018018022,0.288518992744345,0.5217391304347825,0.1832147153167601,0.6062678891961375,0.015840916750926894,0.6126295947219604,0.26241134751773054,0.6423558132438156,0.3118574366004112,0.5941727367325702,0.3532008830022062,0.5830653804930321,0.6558139534883729,0.4342105263157895,0.40476190476190493,0.6000000000000001,0.5128205128205127,0.173674305557451,0.173674305557451,0.40186915887850466
0.0,0.48574445617740225,0.3144665627006702,0.5112672643566718,0.3525166369856598,0.4312063808574278,0.29895622371085606,0.5216216216216218,0.3230900554844216,0.38795986622073575,0.1937399759422614,0.5403871343327027,0.0,0.3496701225259189,0.20833333333333326,0.5569118095819334,0.2647932373772002,0.4901144640998958,0.4042494481236172,0.517684887459807,0.8488372093023244,0.4078947368421052,0.42857142857142855,0.6000000000000001,0.40271493212669685,0.2128051971622364,0.2128051971622364,0.07476635514018692
0.0,0.4973600844772965,0.3092376846160907,0.5015749939423295,0.3497047520854817,0.4312063808574278,0.29895622371085606,0.5216216216216218,0.31728553137003845,0.38795986622073575,0.1926373295910188,0.5459903944112939,0.0,0.3496701225259189,0.20307328605201058,0.5644644491913322,0.26028101439342,0.4901144640998958,0.40286975717439133,0.5209003215434083,0.8476744186046545,0.40350877192982504,0.41666666666666635,0.6000000000000001,0.40271493212669685,0.7635183424379687,0.7635183424379687,0.08411214953271029
0.0,0.4973600844772965,0.30556829648656225,0.49624424521444266,0.3515793420189346,0.4342527971640662,0.297242561146597,0.5216216216216218,0.31042822592118235,0.3914636088549166,0.19368985565356894,0.5517391937127056,0.0,0.3496701225259189,0.20177304964539,0.5669819957277982,0.2591957962074467,0.4901144640998958,0.3998344370860927,0.5241157556270096,0.8465116279069811,0.3991228070175433,0.40476190476190493,0.6000000000000001,0.40271493212669685,0.8276076511581338,0.8276076511581338,0.07476635514018692
0.0,0.5008799718408972,0.29933033666636133,0.49115580324691166,0.3525166369856598,0.4403456297773345,0.30066988627512026,0.5216216216216218,0.31170863565229623,0.4048415352763206,0.1987018845228547,0.5559113181002271,0.0,0.3559535029846088,0.19940898345153535,0.5569118095819334,0.2558830249029025,0.4901144640998958,0.39183222958057096,0.527331189710611,0.8453488372093041,0.39473684210526316,0.39285714285714285,0.6000000000000001,0.40271493212669685,0.40805356252655994,0.40805356252655994,0.05607476635514019
0.0,0.50791974656811,0.28630400880653295,0.481948146353282,0.35626581685256287,0.4312063808574278,0.29895622371085606,0.5216216216216218,0.3171148100725567,0.3984710941232681,0.1977495990376908,0.5578518410711688,0.0,0.359095193213949,0.20177304964539,0.5569118095819334,0.26045236463331034,0.4901144640998958,0.3863134657836629,0.5305466237942122,0.8441860465116307,0.390350877192983,0.38095238095238065,0.6000000000000001,0.40271493212669685,0.8576153345071325,0.8576153345071325,0.04672897196261682
0.0,0.5114396339317107,0.2652050270617379,0.47007511509571187,0.35898397225606926,0.4312063808574278,0.2955288985823332,0.5216216216216218,0.31327358087921464,0.3984710941232681,0.19564454691259064,0.558725076408092,0.0,0.359095193213949,0.19940898345153535,0.5669819957277982,0.26045236463331034,0.4901144640998958,0.3821743929359809,0.5337620578778135,0.8430232558139537,0.3859649122807012,0.36904761904761924,0.6000000000000001,0.40271493212669685,0.06539678466913648,0.06539678466913648,0.04672897196261682
0.0,0.5184794086589226,0.252362168608384,0.4652289798885376,0.3512981535289168,0.4312063808574278,0.2927247234771764,0.5216216216216218,0.30473751600512156,0.3984710941232681,0.1911337209302329,0.5635278707611702,0.0,0.359095193213949,0.1982269503546099,0.5669819957277982,0.26045236463331034,0.4901144640998958,0.3791390728476822,0.5369774919614148,0.8418604651162802,0.381578947368421,0.3571428571428571,0.6000000000000001,0.40271493212669685,0.5541280686107634,0.5541280686107634,0.06542056074766356
0.0,0.5184794086589226,0.23860196312264903,0.45480978919311976,0.3449245477551789,0.4228979727484212,0.28664901074933713,0.5216216216216218,0.295774647887324,0.3984710941232681,0.1872243384121896,0.5684276912627944,0.0,0.359095193213949,0.19609929078014177,0.5669819957277982,0.2591957962074467,0.4901144640998958,0.37389624724061665,0.5407288317256174,0.8410852713178407,0.359649122807017,0.34523809523809496,0.6000000000000001,0.3853695324283561,0.7487497446181669,0.7487497446181669,0.06542056074766356
0.0,0.5184794086589226,0.2349325749931206,0.44996365398594484,0.34661167869528575,0.4228979727484212,0.28322168562081407,0.5216216216216218,0.293213828425096,0.3984710941232681,0.18216218925420996,0.5704652403822821,0.0,0.359095193213949,0.19385342789598226,0.573085138846507,0.2546264564770391,0.4901144640998958,0.3708609271523178,0.5444801714898166,0.8403100775193728,0.33771929824561453,0.33333333333333354,0.6000000000000001,0.36802413273001494,0.1613872686919692,0.1613872686919692,0.102803738317757
0.0,0.5279831045406544,0.243280432987799,0.44778289314271746,0.3422063923516725,0.4228979727484212,0.2755880978345513,0.5249249249249281,0.3072983354673495,0.3984710941232681,0.17805232558139578,0.5724057633532238,0.0,0.36475023562676734,0.18912529550827295,0.5761367104058577,0.2489147818140265,0.4901144640998958,0.36748068432670933,0.5482315112540193,0.8395348837209333,0.3157894736842105,0.3214285714285714,0.6000000000000001,0.3506787330316742,0.33238947845731087,0.33238947845731087,0.102803738317757
0.0,0.5279831045406544,0.23961104485827045,0.44342137145626226,0.33658262255131643,0.4228979727484212,0.26624084748402943,0.5315315315315317,0.31327358087921464,0.3914636088549166,0.17253909382518035,0.5732789986901471,0.0,0.359095193213949,0.17943262411347516,0.5761367104058577,0.24434544208361864,0.4901144640998958,0.36423841059602613,0.5519828510182219,0.8387596899224903,0.2938596491228065,0.30952380952380926,0.6000000000000001,0.33333333333333337,0.9419262572521079,0.9419262572521079,0.09345794392523364
0.0,0.5315029919042547,0.2276855334373009,0.4385752362490878,0.3346143031211918,0.4228979727484212,0.25502414706340315,0.5345345345345314,0.3186797552994751,0.3984710941232681,0.1705342822774663,0.5750254693639936,0.0,0.36475023562676734,0.17730496453900702,0.5852914250839167,0.23954763536668944,0.4901144640998958,0.3614790286975702,0.5557341907824211,0.8379844961240224,0.271929824561404,0.29761904761904784,0.6000000000000001,0.31598793363499245,0.33351727883656135,0.33351727883656135,0.12149532710280375
0.0,0.5385427666314675,0.22034675717824115,0.4385752362490878,0.3308651232542885,0.4228979727484212,0.24598847172456684,0.5405405405405408,0.3218096457533077,0.3984710941232681,0.16612369687249334,0.579100567602969,0.0,0.3675777568331762,0.17257683215130126,0.5852914250839167,0.2374914324880053,0.4901144640998958,0.3569260485651198,0.5594855305466238,0.8372093023255793,0.25,0.2857142857142857,0.6000000000000001,0.2986425339366516,0.2250253500463533,0.2250253500463533,0.09345794392523364
0.0,0.5385427666314675,0.2167691037519499,0.4361521686455041,0.32795950885743885,0.4312063808574278,0.2399127589967276,0.5405405405405408,0.3151941954758857,0.3984710941232681,0.1641188853247793,0.5808470382768156,0.0,0.3675777568331762,0.17021276595744683,0.5935306682941701,0.23303632625085657,0.4901144640998958,0.3544426048565106,0.5632368703108264,0.8372093023255793,0.25219298245614086,0.29761904761904784,0.6000000000000001,0.30542986425339363,0.14118286085046167,0.14118286085046167,0.09345794392523364
0.0,0.5385427666314675,0.2167691037519499,0.4361521686455041,0.3317086887243419,0.4312063808574278,0.2399127589967276,0.5405405405405408,0.31042822592118235,0.3984710941232681,0.16201383319967916,0.5840489011788678,0.0,0.3675777568331762,0.16891252955082603,0.5935306682941701,0.23052318939913286,0.4901144640998958,0.3486479028697558,0.5669882100750258,0.8372093023255793,0.25438596491228016,0.30952380952380926,0.6000000000000001,0.31221719457013575,0.43685635987625,0.43685635987625,0.09345794392523364
0.0,0.5501583949313622,0.2167691037519499,0.4288829658347455,0.3269284843940393,0.4312063808574278,0.2445863841719884,0.5405405405405408,0.31327358087921464,0.3984710941232681,0.1611116680032076,0.5840489011788678,0.0,0.3675777568331762,0.16631205673758864,0.5935306682941701,0.22618231665524324,0.4901144640998958,0.3486479028697558,0.5707395498392283,0.8372093023255793,0.256578947368421,0.3214285714285714,0.6000000000000001,0.3190045248868778,0.9109962107462933,0.9109962107462933,0.102803738317757
0.0,0.5501583949313622,0.2167691037519499,0.4288829658347455,0.3269284843940393,0.4312063808574278,0.24739055927714526,0.545045045045045,0.31007255655142973,0.3984710941232681,0.1606605854049718,0.5850191626643371,0.0,0.3675777568331762,0.16170212765957448,0.595819346963685,0.22335503769705256,0.4901144640998958,0.3474061810154512,0.5744908896034309,0.8372093023255793,0.2587719298245619,0.33333333333333354,0.6000000000000001,0.3257918552036199,0.10288969545532708,0.10288969545532708,0.08411214953271029
0.0,0.5607180570221753,0.21860379781671557,0.4288829658347455,0.3269284843940393,0.4312063808574278,0.24879264682972346,0.5465465465465495,0.3090055484421681,0.3984710941232681,0.1606605854049718,0.5887061563091254,0.0,0.3738611372918661,0.1572104018912518,0.6026853829722292,0.2224126113776559,0.4901144640998958,0.34492273730684175,0.5782422293676301,0.8372093023255793,0.2609649122807012,0.34523809523809496,0.6000000000000001,0.332579185520362,0.3297019910173421,0.3297019910173421,0.06542056074766356
0.0,0.5607180570221753,0.21309971562242158,0.4208868427429113,0.32336676352047933,0.4312063808574278,0.24879264682972346,0.5495495495495495,0.2976241286100425,0.3984710941232681,0.1606605854049718,0.5895793916460487,0.0,0.3770028275212063,0.1542553191489362,0.6026853829722292,0.2193283070596297,0.4901144640998958,0.34492273730684175,0.5819935691318328,0.8372093023255793,0.26315789473684215,0.3571428571428571,0.6000000000000001,0.3393665158371041,0.7494844372577726,0.7494844372577726,0.08411214953271029
0.0,0.5642379443857759,0.20741216402165008,0.4208868427429113,0.3194301246602299,0.4312063808574278,0.2539336345225105,0.5549549549549553,0.29193341869398215,0.3984710941232681,0.15860565356856388,0.5917139669140825,0.0,0.3770028275212063,0.1473995271867624,0.6026853829722292,0.2193283070596297,0.4901144640998958,0.3421633554083854,0.5857449088960354,0.8375968992248133,0.25438596491228016,0.34523809523809496,0.6000000000000001,0.3355957767722474,0.37151453616297875,0.37151453616297875,0.2429906542056075
0.0,0.5712777191129883,0.21401706265480291,0.41361763993215295,0.3122129534164414,0.4372992134706959,0.2567378096276669,0.5522522522522524,0.295774647887324,0.3984710941232681,0.15660084202084984,0.5945277252219474,0.0,0.3770028275212063,0.1401891252955071,0.6052029295086956,0.21752912954078107,0.4901144640998958,0.34078366445915953,0.5894962486602346,0.8379844961240224,0.24561403508771984,0.33333333333333354,0.6000000000000001,0.33182503770739064,0.37457871459398573,0.37457871459398573,0.22429906542056074
0.0,0.5712777191129883,0.2846527841482449,0.40925611824569796,0.3103383634829886,0.4403456297773345,0.2581398971802453,0.5576576576576577,0.29671361502347415,0.408026755852843,0.15614975942261416,0.5940911075534858,0.0,0.3770028275212063,0.13475177304964536,0.6127555691180944,0.20981836874571602,0.4901144640998958,0.3377483443708609,0.5932475884244373,0.8383720930232599,0.23684210526315785,0.3214285714285714,0.6000000000000001,0.32805429864253394,0.12321247355704361,0.12321247355704361,0.09345794392523364
0.0,0.5807814149947197,0.3257499311989731,0.40707535740247036,0.31774299372012327,0.4403456297773345,0.2581398971802453,0.5576576576576577,0.3061601934841358,0.408026755852843,0.15614975942261416,0.596468248192889,0.0,0.3770028275212063,0.13475177304964536,0.6127555691180944,0.20653415581448575,0.4901144640998958,0.339266004415008,0.5969989281886399,0.8387596899224903,0.22807017543859598,0.30952380952380926,0.6000000000000001,0.32428355957767724,0.4862091488383826,0.4862091488383826,0.11214953271028037
0.0,0.5878211897219325,0.34042748371708975,0.40707535740247036,0.3250538944605862,0.4403456297773345,0.26483875993145123,0.5576576576576577,0.319960165030589,0.41758241758241743,0.159658179631114,0.6005433464318644,0.0,0.3770028275212063,0.13475177304964536,0.6127555691180944,0.2090472926662097,0.4901144640998958,0.33623068432670933,0.6007502679528391,0.8391472868217029,0.21929824561403566,0.29761904761904784,0.6000000000000001,0.3205128205128205,0.3199507807074723,0.3199507807074723,0.3925233644859813
0.0,0.5913410770855332,0.30281625538941537,0.40707535740247036,0.33189614771768816,0.4458845685166746,0.27075868515345003,0.5636636636636669,0.3287807654004824,0.41758241758241743,0.16156275060144337,0.6000582156891283,0.0,0.3770028275212063,0.13475177304964536,0.6127555691180944,0.21213159698423567,0.4901144640998958,0.33623068432670933,0.6045016077170418,0.8395348837209333,0.21052631578947367,0.2857142857142857,0.6000000000000001,0.3167420814479638,0.7133742767653705,0.7133742767653705,0.2710280373831776
0.0,0.5913410770855332,0.28281809008347913,0.40707535740247036,0.3375199175180442,0.44865403788634106,0.2840785169029436,0.5606606606606572,0.3303457106274006,0.4261825131390349,0.16201383319967916,0.5975355358269044,0.0,0.3770028275212063,0.13475177304964536,0.6127555691180944,0.21213159698423567,0.49705168227541097,0.339266004415008,0.6039657020364404,0.8399224806201602,0.2061403508771935,0.2857142857142857,0.6000000000000001,0.3114630467571644,0.4917020429062559,0.4917020429062559,0.2429906542056075
0.0,0.5913410770855332,0.267957068158885,0.399806154591712,0.33930077795482283,0.44865403788634106,0.28322168562081407,0.5666666666666669,0.3303457106274006,0.43255295429208807,0.16311647955092162,0.5975355358269044,0.0,0.38391454602575825,0.1371158392434998,0.6127555691180944,0.2409184372858122,0.49705168227541097,0.3325055187637955,0.6034297963558424,0.8403100775193728,0.2017543859649117,0.2857142857142857,0.6000000000000001,0.30618401206636503,0.6913171954014179,0.6913171954014179,0.21495327102803738
0.0,0.5990848292854587,0.26630584350059694,0.399806154591712,0.3409879088949297,0.44865403788634106,0.28322168562081407,0.5666666666666669,0.3314127187366622,0.4357381748686098,0.1606605854049718,0.596468248192889,0.0,0.38391454602575825,0.1371158392434998,0.6188587122368032,0.27061914553347144,0.49705168227541097,0.3325055187637955,0.6028938906752411,0.8406976744186068,0.19736842105263153,0.2857142857142857,0.6000000000000001,0.3009049773755656,0.2717412482778805,0.2717412482778805,0.19626168224299065
0.0,0.6029567053854274,0.2632785982937351,0.3925369517809536,0.3440809822851256,0.44865403788634106,0.27870384795139347,0.5666666666666669,0.3371745625266753,0.4357381748686098,0.159658179631114,0.5986028234609228,0.0,0.38391454602575825,0.1371158392434998,0.6249618553555036,0.27039067854694987,0.4901144640998958,0.3325055187637955,0.6023579849946399,0.8410852713178407,0.19298245614035137,0.2857142857142857,0.6000000000000001,0.2956259426847662,0.6334501173421205,0.6334501173421205,0.3271028037383178
0.0,0.6029567053854274,0.2652967617649753,0.3925369517809536,0.34783016215202867,0.45419297662568114,0.2815080230565501,0.5666666666666669,0.3384549722577892,0.44943462334766315,0.15915697674418589,0.5986028234609228,0.0,0.38391454602575825,0.1371158392434998,0.6249618553555036,0.2589673292209287,0.4901144640998958,0.3279525386313453,0.6018220793140419,0.8414728682170498,0.18859649122806965,0.2857142857142857,0.6000000000000001,0.29034690799396684,0.08124841935932811,0.08124841935932811,0.3925233644859813
0.0,0.6135163674762409,0.2743784973855605,0.3925369517809536,0.3617958571562474,0.4569624459953472,0.28322168562081407,0.5666666666666669,0.3384549722577892,0.4558050645007168,0.15915697674418589,0.596468248192889,0.0,0.38737040527803956,0.1359338061465708,0.6310649984742129,0.2453735435229607,0.4901144640998958,0.3279525386313453,0.6012861736334405,0.8418604651162802,0.1842105263157895,0.2857142857142857,0.6000000000000001,0.2850678733031674,0.026380481955652575,0.026380481955652575,0.411214953271028
0.0,0.6339317141851424,0.29107421337492023,0.3925369517809536,0.38991470615802815,0.4569624459953472,0.28664901074933713,0.5666666666666669,0.3428652724427357,0.4558050645007168,0.15915697674418589,0.5954009605588707,0.0,0.38737040527803956,0.13829787234042556,0.6310649984742129,0.23646333104866324,0.4901144640998958,0.3242273730684311,0.5991425509110386,0.8418604651162802,0.18859649122806965,0.2857142857142857,0.6000000000000001,0.2873303167420814,0.9866288455070709,0.9866288455070709,0.40186915887850466
0.0,0.6874340021119323,0.2734611503531792,0.39496001938453706,0.4179398256631375,0.4594549684280491,0.2927247234771764,0.5763513513513514,0.3730260349978658,0.4558050645007168,0.16015938251804368,0.5954009605588707,0.0,0.38737040527803956,0.1371158392434998,0.6310649984742129,0.22618231665524324,0.4901144640998958,0.3214679911699747,0.5969989281886399,0.8418604651162802,0.19298245614035137,0.2857142857142857,0.6000000000000001,0.28959276018099545,0.5196871468249791,0.5196871468249791,0.3738317757009346
0.0,0.7226328757479725,0.25878359783506255,0.399806154591712,0.42000187458993365,0.46444001329345275,0.2955288985823332,0.5855855855855858,0.38583013230900565,0.4558050645007168,0.16201383319967916,0.5917139669140825,0.0,0.38737040527803956,0.13475177304964536,0.6310649984742129,0.22823851953392715,0.4901144640998958,0.3185706401765973,0.594855305466238,0.8418604651162802,0.19736842105263153,0.2857142857142857,0.6000000000000001,0.2918552036199095,0.8204013705872707,0.8204013705872707,0.08411214953271029
0.0,0.7226328757479725,0.24676635171085293,0.399806154591712,0.42000187458993365,0.46444001329345275,0.2955288985823332,0.5855855855855858,0.37686726419120786,0.4558050645007168,0.16311647955092162,0.5878329209722021,0.0,0.38737040527803956,0.13345153664302467,0.6310649984742129,0.2352067626227996,0.4901144640998958,0.31553532008829865,0.5927116827438359,0.8418604651162802,0.2017543859649117,0.2857142857142857,0.6000000000000001,0.29411764705882354,0.20106435549212742,0.20106435549212742,0.102803738317757
0.0,0.7008095740936324,0.23759288138703027,0.39496001938453706,0.4179398256631375,0.46444001329345275,0.2955288985823332,0.5855855855855858,0.3657703798548868,0.4558050645007168,0.16201383319967916,0.5849221365157911,0.0,0.38737040527803956,0.13085106382978728,0.6365578272810488,0.24411697509709707,0.4901144640998958,0.31181015452538485,0.5905680600214372,0.8418604651162802,0.2061403508771935,0.2857142857142857,0.6000000000000001,0.29638009049773756,0.0927662166188188,0.0927662166188188,0.09345794392523364
0.0,0.6934178106300635,0.23236400330245077,0.3925369517809536,0.4143781047895776,0.46444001329345275,0.2955288985823332,0.5855855855855858,0.3529662825437474,0.46217550565376975,0.1611116680032076,0.5769659923349353,0.0,0.38737040527803956,0.12966903073286173,0.6393042416844663,0.2619945167923232,0.4901144640998958,0.308774834437086,0.5884244372990354,0.8418604651162802,0.21052631578947367,0.2857142857142857,0.6000000000000001,0.2986425339366516,0.09226817461119663,0.09226817461119663,0.102803738317757
0.14285714285714285,0.6863780359028506,0.22851114576644505,0.3925369517809536,0.4104414659293283,0.46444001329345275,0.2927247234771764,0.5795795795795764,0.3413003272158217,0.4558050645007168,0.1599087810745789,0.5724057633532238,0.0,0.38737040527803956,0.12730496453900708,0.6393042416844663,0.27861549006168573,0.49358307318764827,0.2977373068432656,0.5841371918542346,0.8422480620155142,0.22149122807017485,0.2738095238095235,0.6000000000000001,0.30542986425339363,0.38009384417292963,0.38009384417292963,0.102803738317757
0.0,0.683210137275607,0.22117236950738528,0.3872062030530665,0.40313056518886514,0.46444001329345275,0.2913226359245982,0.5765765765765767,0.3287807654004824,0.4558050645007168,0.159658179631114,0.5741522340270704,0.0,0.38737040527803956,0.12996453900709215,0.6393042416844663,0.28067169294036987,0.49358307318764827,0.30077262693156426,0.5798499464094309,0.8426356589147233,0.2324561403508777,0.26190476190476214,0.6000000000000001,0.31221719457013575,0.03692186493177126,0.03692186493177126,0.08411214953271029
0.0,0.674234424498416,0.21456747087423234,0.38211776108553575,0.3954447464617127,0.46444001329345275,0.2913226359245982,0.5765765765765767,0.319960165030589,0.5577321229495176,0.5986116680032079,0.5925872022510057,0.0,0.38737040527803956,0.1284869976359324,0.6393042416844663,0.26730637422892367,0.4901144640998958,0.29663355408388203,0.5755627009646302,0.8430232558139537,0.24342105263157898,0.25,0.6000000000000001,0.3190045248868778,0.5900944322924635,0.5900944322924635,0.14953271028037385
0.0,0.6663146779303062,0.21126502155765603,0.37727162587836083,0.3937576155216058,0.46444001329345275,0.2913226359245982,0.5765765765765767,0.3118509034002004,0.6555183946488297,0.7696220930232553,0.6005433464318644,0.0,0.38737040527803956,0.1284869976359324,0.6393042416844663,0.2693625771076078,0.49705168227541097,0.2880794701986753,0.5712754555198296,0.8434108527131841,0.25438596491228016,0.2380952380952378,0.6000000000000001,0.3257918552036199,0.6039955324339619,0.6039955324339619,0.08411214953271029
0.0,0.6663146779303062,0.21126502155765603,0.37509086503513345,0.4087543349892214,0.46444001329345275,0.2913226359245982,0.5699699699699732,0.3033148385261075,0.5988214683866888,0.7735314755412988,0.584825110367245,0.0,0.38737040527803956,0.13085106382978728,0.6423558132438156,0.2844413982179572,0.49358307318764827,0.2880794701986753,0.5669882100750258,0.8437984496123967,0.265350877192983,0.2261904761904764,0.6000000000000001,0.332579185520362,0.974148954169874,0.974148954169874,0.07476635514018692
0.0,0.6663146779303062,0.21291624621594407,0.37072934334867824,0.41606523572968435,0.46194749086075104,0.28664901074933713,0.5666666666666669,0.2989045383411566,0.5634655199872618,0.7735314755412988,0.5460146509484296,0.0,0.38737040527803956,0.1284869976359324,0.6484589563625254,0.2819282613662337,0.49358307318764827,0.2880794701986753,0.562700964630225,0.8441860465116307,0.2763157894736842,0.21428571428571427,0.6000000000000001,0.3393665158371041,0.20335371145360173,0.20335371145360173,0.07476635514018692
0.0,0.6627947905667047,0.21291624621594407,0.3634601405379201,0.42187646452338656,0.4569624459953472,0.28664901074933713,0.5666666666666669,0.295774647887324,0.5379837553750597,0.7785435044105844,0.511133750545772,0.0,0.38737040527803956,0.1284869976359324,0.6484589563625254,0.2775873886223441,0.4901144640998958,0.2814569536423839,0.5498392282958199,0.8453488372093041,0.3004385964912275,0.21428571428571427,0.6000000000000001,0.34464555052790363,0.020498182573572384,0.020498182573572384,0.07476635514018692
0.0,0.6557550158394931,0.21291624621594407,0.35861400533074494,0.4179398256631375,0.44865403788634106,0.28664901074933713,0.5636636636636669,0.295774647887324,0.5217391304347825,0.7650110264635115,0.4732450395381546,0.0,0.38737040527803956,0.13581560283687943,0.6484589563625254,0.2775873886223441,0.4901144640998958,0.2701434878587168,0.5369774919614148,0.8465116279069811,0.3245614035087725,0.21428571428571427,0.6000000000000001,0.34992458521870273,0.07182685671875234,0.07182685671875234,0.102803738317757
0.0,0.4973600844772965,0.2652967617649753,0.6052822873758188,0.31952385415690454,0.4403456297773345,0.2815080230565501,0.6000000000000003,0.33176838810641485,0.4048415352763206,0.221256014434643,0.6101489351380207,0.0,0.3770028275212063,0.22482269503546104,0.5050350930729275,0.30728809687000314,0.5098855359001038,0.37389624724061665,0.4758842443729904,0.8127906976744192,0.5394736842105263,0.10714285714285714,0.4307692307692308,0.45022624434389136,0.19480356967903628,0.19480356967903628,0.05607476635514019
0.0,0.4973600844772965,0.2632785982937351,0.6203053065180479,0.3122129534164414,0.4403456297773345,0.2815080230565501,0.6150150150150182,0.3331910655854331,0.3984710941232681,0.2193013231756213,0.6206277591811002,0.0,0.3770028275212063,0.22340425531914887,0.5050350930729275,0.30728809687000314,0.5098855359001038,0.3760249132765685,0.4898177920685949,0.8116279069767458,0.5087719298245619,0.11904761904761929,0.4307692307692308,0.4464555052790349,0.7303412634510016,0.7303412634510016,0.03738317757009346
0.0,0.50791974656811,0.2608017613063027,0.6341167918584885,0.30358983972256126,0.4431150991470003,0.288206885807756,0.6216216216216217,0.3303457106274006,0.4048415352763206,0.21819867682437893,0.6303303740358027,0.0,0.3811498586239397,0.22695035460992918,0.5019835215135777,0.30500342700479766,0.5098855359001038,0.38035320088300084,0.5037513397642026,0.8104651162790724,0.478070175438596,0.13095238095238068,0.4307692307692308,0.44268476621417785,0.8536932203382527,0.8536932203382527,0.03738317757009346
0.0,0.50791974656811,0.2608017613063027,0.6389629270656634,0.298153528915551,0.44865403788634106,0.288206885807756,0.6306306306306309,0.3287807654004824,0.408026755852843,0.21764735364875681,0.6435744433124728,0.0,0.384408240204656,0.228976697061805,0.5019835215135777,0.30500342700479766,0.5143451761557858,0.3851308735414696,0.517684887459807,0.8093023255813989,0.4473684210526315,0.14285714285714285,0.4307692307692308,0.43891402714932126,0.047449349898420215,0.047449349898420215,0.04672897196261682
0.0,0.5114396339317107,0.2608017613063027,0.6542282529682562,0.2895304152216708,0.44865403788634106,0.2927247234771764,0.632882882882883,0.32565087494664957,0.408026755852843,0.21674518845228535,0.651676126716149,0.0,0.38322337417530616,0.2290780141843971,0.5019835215135777,0.30500342700479766,0.5098855359001038,0.3863134657836629,0.5275991425509099,0.8083333333333265,0.4254385964912275,0.14880952380952353,0.44487179487179535,0.4291101055806936,0.9607507192724069,0.9607507192724069,0.03738317757009346
0.0,0.5114396339317107,0.25896706724153695,0.6542282529682562,0.285968694348111,0.44865403788634106,0.2955288985823332,0.6396396396396395,0.3230900554844216,0.408026755852843,0.21574278267842756,0.6576917479260662,0.0,0.38737040527803956,0.23049645390070927,0.5019835215135777,0.30271875713959195,0.5098855359001038,0.3863134657836629,0.5375133976420161,0.8073643410852824,0.40350877192982504,0.154761904761905,0.4589743589743585,0.41930618401206654,0.3841528260582977,0.3841528260582977,0.03738317757009346
0.0,0.5184794086589226,0.25988441427392117,0.6542282529682562,0.28221951448120774,0.44865403788634106,0.2955288985823332,0.6477477477477478,0.3202447005263891,0.408026755852843,0.2146401363271852,0.666230048998204,0.0,0.38737040527803956,0.23049645390070927,0.5019835215135777,0.301576422206991,0.5098855359001038,0.3846578366445901,0.547427652733119,0.8063953488372135,0.381578947368421,0.1607142857142857,0.4730769230769231,0.4095022624434389,0.3629156548299944,0.3629156548299944,0.03738317757009346
0.0,0.5184794086589226,0.2580497202091556,0.6542282529682562,0.28221951448120774,0.44865403788634106,0.2955288985823332,0.6477477477477478,0.3171148100725567,0.408026755852843,0.21328688853247785,0.6703051472371795,0.0,0.38737040527803956,0.23049645390070927,0.5019835215135777,0.29906328535526727,0.5111862643080121,0.38372654525386163,0.5573419078242219,0.8054263565891411,0.359649122807017,0.16666666666666638,0.4871794871794876,0.39969834087481126,0.45082938357323127,0.45082938357323127,0.03738317757009346
0.0,0.5184794086589226,0.257040638473534,0.6542282529682562,0.2811884900178081,0.44865403788634106,0.297242561146597,0.6507507507507475,0.3118509034002004,0.408026755852843,0.21328688853247785,0.6723426963566672,0.0,0.38737040527803956,0.22836879432624113,0.4992371071101602,0.29677861549006157,0.5128586294038915,0.3833569851781746,0.5672561629153279,0.8044573643410935,0.33771929824561453,0.17261904761904787,0.5012820512820508,0.3898944193061842,0.24049359892011427,0.24049359892011427,0.04672897196261682
0.0,0.5248152059134108,0.257040638473534,0.6542282529682562,0.2791264410910119,0.44865403788634106,0.30066988627512026,0.6567567567567567,0.3090055484421681,0.408026755852843,0.21278568564554962,0.677970212972397,0.0,0.38737040527803956,0.22695035460992918,0.4992371071101602,0.2922092757596537,0.5098855359001038,0.38035320088300084,0.5771704180064308,0.8034883720930246,0.3157894736842105,0.17857142857142855,0.5153846153846153,0.38009049773755654,0.08024916572884795,0.08024916572884795,0.03738317757009346
0.0,0.5279831045406544,0.2580497202091556,0.6469590501574978,0.2791264410910119,0.44865403788634106,0.30066988627512026,0.6600600600600635,0.30431071276141686,0.408026755852843,0.21178327987169193,0.677970212972397,0.0,0.39114043355325157,0.225531914893617,0.4992371071101602,0.2909527073337903,0.5128586294038915,0.3789222642699459,0.5870846730975338,0.8025193798449557,0.2938596491228065,0.18452380952380923,0.5294871794871798,0.37028657616892896,0.6980936767517619,0.6980936767517619,0.04672897196261682
0.0,0.5279831045406544,0.2580497202091556,0.6469590501574978,0.2781891461242868,0.44865403788634106,0.30066988627512026,0.6666666666666667,0.3017498932991889,0.408026755852843,0.21178327987169193,0.6799107359433358,0.0,0.3941025986266353,0.22340425531914887,0.49374427830332435,0.2888965044551062,0.5098855359001038,0.37687637969094756,0.5969989281886399,0.8015503875969081,0.271929824561404,0.19047619047619072,0.543589743589743,0.3604826546003018,0.013469210432699755,0.013469210432699755,0.03738317757009346
0.0,0.5385427666314675,0.257040638473534,0.6416283014296107,0.2763145561908338,0.44865403788634106,0.30066988627512026,0.6666666666666667,0.295774647887324,0.408026755852843,0.2112319566960698,0.6859263571532529,0.0,0.3967954759660697,0.22340425531914887,0.49374427830332435,0.2844413982179572,0.5098855359001038,0.37389624724061665,0.6069131832797428,0.8005813953488392,0.25,0.19642857142857142,0.5576923076923077,0.3506787330316742,0.384391531083464,0.384391531083464,0.03738317757009346
0.0,0.5385427666314675,0.2550224750022939,0.6389629270656634,0.2763145561908338,0.44865403788634106,0.30066988627512026,0.6666666666666667,0.293213828425096,0.408026755852843,0.21012931034482746,0.6878668801241945,0.0,0.3967954759660697,0.22173252279635092,0.49374427830332435,0.2819282613662337,0.5098855359001038,0.36934326710816645,0.6168274383708456,0.7996124031007668,0.22807017543859598,0.2023809523809521,0.5717948717948722,0.3408748114630467,0.49146193343251954,0.49146193343251954,0.03738317757009346
0.0,0.5385427666314675,0.2580497202091556,0.6341167918584885,0.2746274252507269,0.44865403788634106,0.30066988627512026,0.6696696696696665,0.29193341869398215,0.408026755852843,0.20967822774659167,0.6916508999175288,0.0,0.3967954759660697,0.2195035460992909,0.49374427830332435,0.28067169294036987,0.5113720826519981,0.3677467675812045,0.6267416934619516,0.7986434108527227,0.2061403508771935,0.20833333333333356,0.5858974358974354,0.3310708898944193,0.5431821932686203,0.5431821932686203,0.03738317757009346
0.0,0.5424146427314362,0.25621502614438996,0.6295129634116776,0.2746274252507269,0.44865403788634106,0.30066988627512026,0.6756756756756761,0.28908806373594964,0.408026755852843,0.2087760625501202,0.6953378935623141,0.0,0.40218123064494815,0.22173252279635092,0.49374427830332435,0.2775873886223441,0.5140478668054109,0.36628035320088137,0.6366559485530547,0.7976744186046538,0.1842105263157895,0.21428571428571427,0.6000000000000001,0.3212669683257918,0.2629157484210871,0.2629157484210871,0.04672897196261682
0.0,0.5501583949313622,0.25254563801486174,0.6251514417252224,0.2763145561908338,0.44865403788634106,0.30066988627512026,0.6756756756756761,0.28297055057618437,0.4112119764293647,0.2092271451483559,0.6993159656527435,0.0,0.4062205466540998,0.22340425531914887,0.4992371071101602,0.2796435915010278,0.5128586294038915,0.3614790286975702,0.6401393354769549,0.7957364341085373,0.18092105263157893,0.21428571428571427,0.5833333333333337,0.3216440422322775,0.009696930037667405,0.009696930037667405,0.05607476635514019
0.0,0.5536782822949624,0.24951839280799992,0.6251514417252224,0.2763145561908338,0.44865403788634106,0.30066988627512026,0.6756756756756761,0.2804097311139564,0.4112119764293647,0.2092271451483559,0.7014505409207771,0.0,0.4062205466540998,0.22061803444782258,0.5144949649069286,0.2844413982179572,0.5140478668054109,0.35874724061810026,0.6436227224008585,0.793798449612396,0.17763157894736842,0.21428571428571427,0.566666666666666,0.3220211161387632,0.8303075660234702,0.8303075660234702,0.06542056074766356
0.0,0.5607180570221753,0.24786716814971166,0.6203053065180479,0.2746274252507269,0.44865403788634106,0.30066988627512026,0.6756756756756761,0.2775643761559239,0.4143971970058957,0.20912690457096955,0.7071750836850532,0.0,0.41470311027332696,0.2159574468085106,0.5273115654562108,0.28878227096184705,0.5113720826519981,0.3554478082623753,0.6471061093247588,0.791860465116283,0.1743421052631579,0.21428571428571427,0.55,0.32239819004524883,0.6257363758063622,0.6257363758063622,0.08411214953271029
0.0,0.5642379443857759,0.24428951472342042,0.6106130361037057,0.2763145561908338,0.4431150991470003,0.30487614893285486,0.6756756756756761,0.27187366623986353,0.408026755852843,0.20712209302325574,0.7129966525978751,0.0,0.41847313854853896,0.21737588652482254,0.5422642660970385,0.2957505140507195,0.5098855359001038,0.3532008830022062,0.6505894962486591,0.789922480620163,0.17105263157894735,0.21428571428571427,0.5333333333333337,0.3227752639517345,0.19451462866260227,0.19451462866260227,0.07476635514018692
0.0,0.5712777191129883,0.24227135125218036,0.6052822873758188,0.2763145561908338,0.44865403788634106,0.30487614893285486,0.6756756756756761,0.27059325650874944,0.408026755852843,0.20712209302325574,0.7169747246883044,0.0,0.42412818096135707,0.21747720364741485,0.5477570949038739,0.29780671692940364,0.5098855359001038,0.34994875433617123,0.6540728831725626,0.7879844961240252,0.16776315789473684,0.21428571428571427,0.5166666666666662,0.32315233785822023,0.3960856440413492,0.3960856440413492,0.07476635514018692
0.0,0.5712777191129883,0.24126226951655871,0.6001938454082878,0.28015746555441146,0.44865403788634106,0.30658981149711906,0.6756756756756761,0.27059325650874944,0.4143971970058957,0.2082247393744981,0.7189152476592433,0.0,0.43034872761545695,0.21404255319148935,0.5602685382972248,0.30271875713959195,0.5098855359001038,0.3486479028697558,0.657556270096463,0.7860465116279087,0.16447368421052633,0.21428571428571427,0.5,0.3235294117647059,0.995322453880421,0.995322453880421,0.05607476635514019
0.0,0.577613516367476,0.24126226951655871,0.5909861885146579,0.28221951448120774,0.44865403788634106,0.30658981149711906,0.6756756756756761,0.2663252240717029,0.41758241758241743,0.2082247393744981,0.7263862610973658,0.0,0.43449575871819035,0.2092198581560285,0.5669819957277982,0.3070596298834818,0.5098855359001038,0.34545490381582766,0.6610396570203634,0.7841085271317922,0.16118421052631576,0.21428571428571427,0.4833333333333338,0.3239064856711915,0.6666230276947229,0.6666230276947229,0.06542056074766356
0.0,0.5807814149947197,0.23878543252912643,0.5815362248606721,0.28315680944793276,0.4514235072560069,0.3081476865555375,0.6756756756756761,0.2618437900128041,0.41758241758241743,0.20712209302325574,0.7323533692330083,0.0,0.4439208294062207,0.20411347517730505,0.5761367104058577,0.3070596298834818,0.5098855359001038,0.34492273730684175,0.6645230439442669,0.7821705426356509,0.15789473684210525,0.21428571428571427,0.4666666666666662,0.32428355957767724,0.6789523996841061,0.6789523996841061,0.05607476635514019
0.0,0.5878211897219325,0.23878543252912643,0.5815362248606721,0.2869059893148388,0.4569624459953472,0.31469076180090294,0.6696696696696665,0.2546592687437772,0.534798534798538,0.6999548917401766,0.7421044971619852,0.0,0.4439208294062207,0.19929078014184398,0.5761367104058577,0.2981494174091841,0.5098855359001038,0.3419662567013535,0.6680064308681672,0.780232558139538,0.15460526315789475,0.21428571428571427,0.45,0.3246606334841629,0.1529304215646086,0.1529304215646086,0.07476635514018692
0.0,0.5913410770855332,0.2377763507935048,0.5742670220499138,0.2878432842815639,0.4594549684280491,0.3100171366256419,0.6756756756756761,0.2530943235168588,0.636725593247329,0.8142291499599035,0.7499636151942949,0.0,0.4495758718190386,0.1921985815602838,0.5761367104058577,0.29917751884852617,0.5098855359001038,0.34078366445915953,0.6714898177920676,0.7782945736434215,0.15131578947368418,0.21428571428571427,0.4333333333333338,0.3250377073906485,0.871021248811082,0.871021248811082,0.06542056074766356
0.0,0.5913410770855332,0.23575818732226472,0.5742670220499138,0.2895304152216708,0.46444001329345275,0.3100171366256419,0.6696696696696665,0.2530943235168588,0.5828953655040612,0.8367331595829981,0.7536506088390831,0.0,0.4533459000942506,0.18682877406281562,0.582239853524567,0.3174548777701607,0.5098855359001038,0.33688111005991717,0.6749732047159711,0.7763565891472801,0.14802631578947367,0.21428571428571427,0.4166666666666662,0.32541478129713425,0.33091083955965656,0.33091083955965656,0.08411214953271029
0.0,0.5990848292854587,0.2377763507935048,0.5742670220499138,0.29037398069172415,0.46444001329345275,0.3100171366256419,0.6756756756756761,0.2518139137857449,0.5574136008918582,0.8357307538091421,0.7565613932954942,0.0,0.46182846371347774,0.18638297872340415,0.5935306682941701,0.3264793237377208,0.5098855359001038,0.33548565121412643,0.6784565916398715,0.7744186046511672,0.14473684210526316,0.21428571428571427,0.4,0.3257918552036199,0.6679957703318542,0.6679957703318542,0.07476635514018692
0.0,0.5990848292854587,0.23575818732226472,0.5689362733220267,0.29037398069172415,0.46444001329345275,0.3100171366256419,0.6756756756756761,0.24925309432351694,0.5383022774327084,0.8316208901363262,0.7643234851792547,0.0,0.4672142183923558,0.1820162107396135,0.5935306682941701,0.32899246058944476,0.5098855359001038,0.3325055187637955,0.6811361200428714,0.7724806201550471,0.1381578947368421,0.21428571428571427,0.4333333333333338,0.3205128205128205,0.8020304432244846,0.8020304432244846,0.06542056074766356
0.0,0.6029567053854274,0.23575818732226472,0.5662708989580794,0.29131127565844916,0.4727484214024593,0.31469076180090294,0.6756756756756761,0.24925309432351694,0.5312947921643574,0.832623295910184,0.7671372434871199,0.0,0.4712535344015081,0.18049645390070923,0.606042111687521,0.33207676490747073,0.5098855359001038,0.3279525386313453,0.6838156484458746,0.7705426356589093,0.13157894736842102,0.21428571428571427,0.4666666666666662,0.3152337858220211,0.9065013109393317,0.9065013109393317,0.06542056074766356
0.0,0.6029567053854274,0.23575818732226472,0.5614247637509044,0.2931858655919023,0.4727484214024593,0.31157501168406077,0.6696696696696665,0.24925309432351694,0.5174390826564741,0.8311196872493982,0.7712123417260952,0.0,0.4742156994748914,0.18150962512664526,0.6127555691180944,0.33207676490747073,0.5098855359001038,0.32742037212235897,0.6864951768488745,0.7686046511627929,0.125,0.21428571428571427,0.5,0.30995475113122173,0.02564701491923454,0.02564701491923454,0.06542056074766356
0.0,0.6029567053854274,0.2377763507935048,0.5626362975527002,0.29473240228700026,0.4727484214024593,0.31469076180090294,0.6756756756756761,0.2530943235168588,0.5131390348781653,0.8242532076984754,0.7690777664580615,0.0,0.48162111215834114,0.18049645390070923,0.6219102837961539,0.33207676490747073,0.5098855359001038,0.3242273730684311,0.6891747052518746,0.7666666666666764,0.11842105263157893,0.21428571428571427,0.5333333333333337,0.3046757164404223,0.39211645464731704,0.39211645464731704,0.05607476635514019
0.0,0.6099964801126394,0.23575818732226472,0.5568209353040936,0.2942168900553018,0.4727484214024593,0.31469076180090294,0.6756756756756761,0.2530943235168588,0.5131390348781653,0.8112219326383321,0.7671372434871199,0.0,0.48969974417665396,0.1777608915906772,0.6280134269148627,0.3300205620287866,0.5098855359001038,0.3242273730684311,0.6918542336548779,0.764728682170535,0.11184210526315791,0.21428571428571427,0.566666666666666,0.2993966817496229,0.11977145602866593,0.11977145602866593,0.06542056074766356
0.0,0.6135163674762409,0.23575818732226472,0.5524594136176384,0.298153528915551,0.4727484214024593,0.31157501168406077,0.6756756756756761,0.2546592687437772,0.5131390348781653,0.7971381315156372,0.7671372434871199,0.0,0.49104618284637147,0.1779432624113475,0.6310649984742129,0.32899246058944476,0.5098855359001038,0.323044780826238,0.6945337620578778,0.7627906976744221,0.10526315789473684,0.21428571428571427,0.6000000000000001,0.29411764705882354,0.3614173345568882,0.3614173345568882,0.07476635514018692
0.0,0.6135163674762409,0.23575818732226472,0.5524594136176384,0.30087168431905464,0.4727484214024593,0.31469076180090294,0.6756756756756761,0.25778915919761003,0.5131390348781653,0.7931285084202073,0.7690777664580615,0.0,0.4977783761949668,0.1830293819655533,0.6365578272810488,0.33104866346812867,0.5098855359001038,0.3200883002207491,0.6950696677384791,0.7616279069767415,0.11184210526315791,0.2261904761904764,0.5717948717948722,0.3031674208144796,0.5026617252050762,0.5026617252050762,0.07476635514018692
0.0,0.6135163674762409,0.23575818732226472,0.5524594136176384,0.3044334051926145,0.4727484214024593,0.31469076180090294,0.6756756756756761,0.2631953336178703,0.5035833731485906,0.7850591419406576,0.7690777664580615,0.0,0.5004712535344014,0.1856028368794327,0.6393042416844663,0.33207676490747073,0.5098855359001038,0.3200883002207491,0.6956055734190771,0.7604651162790717,0.11842105263157893,0.2380952380952378,0.543589743589743,0.31221719457013575,0.37775213122572965,0.37775213122572965,0.06542056074766356
0.0,0.6240760295670535,0.23878543252912643,0.5500363460140547,0.30724529009279267,0.4788412540157274,0.31469076180090294,0.6756756756756761,0.2663252240717029,0.5035833731485906,0.7781425421010426,0.7671372434871199,0.0,0.5041066379426391,0.19047619047619158,0.6484589563625254,0.33447566826593533,0.5098855359001038,0.3200883002207491,0.6961414790996783,0.7593023255813982,0.125,0.25,0.5153846153846153,0.3212669683257918,0.2705540425884356,0.2705540425884356,0.06542056074766356
0.0,0.6240760295670535,0.24043665718741458,0.5451902108068802,0.30930733901958885,0.48188767032236623,0.31469076180090294,0.6696696696696665,0.27059325650874944,0.4940277114190157,0.7589965918203678,0.76451753747635,0.0,0.5089538171536285,0.19567375886524818,0.6551724137930988,0.3438428147132726,0.5098855359001038,0.323044780826238,0.6966773847802796,0.7581395348837212,0.13157894736842102,0.26190476190476214,0.4871794871794876,0.33031674208144796,0.4222497789733635,0.4222497789733635,0.05607476635514019
0.0,0.6240760295670535,0.24126226951655871,0.5379210079961216,0.31408754334989175,0.48188767032236623,0.31469076180090294,0.6756756756756761,0.2731540759709774,0.4940277114190157,0.7320318765036082,0.76451753747635,0.0,0.5089538171536285,0.20075987841945397,0.6585291425083906,0.3541238291066926,0.5098855359001038,0.3242273730684311,0.6972132904608779,0.7569767441860478,0.1381578947368421,0.2738095238095235,0.4589743589743585,0.3393665158371041,0.5213794442437444,0.5213794442437444,0.06542056074766356
0.0,0.6240760295670535,0.243280432987799,0.5379210079961216,0.31764926422345163,0.48188767032236623,0.31469076180090294,0.6726726726726755,0.2791293213828425,0.4835164835164836,0.6913342020850031,0.76451753747635,0.0,0.5089538171536285,0.20709219858156036,0.6585291425083906,0.3564084989718983,0.5098855359001038,0.3242273730684311,0.697749196141479,0.7558139534883708,0.14473684210526316,0.2857142857142857,0.4307692307692308,0.34841628959276016,0.40333449586790776,0.40333449586790776,0.04672897196261682
0.0,0.6170362548398416,0.24520686175580197,0.5379210079961216,0.32524135345393246,0.48188767032236623,0.31469076180090294,0.6666666666666667,0.28169014084507027,0.4835164835164836,0.6662740577385726,0.7682045311211381,0.0,0.5089538171536285,0.21458966565349646,0.6585291425083906,0.3564084989718983,0.5098855359001038,0.3258830022075039,0.6966773847802796,0.7534883720930274,0.17324561403508826,0.2738095238095235,0.4589743589743585,0.38009049773755654,0.13968303808984522,0.13968303808984522,0.028037383177570097
0.0,0.6240760295670535,0.24704155582056753,0.5379210079961216,0.3269284843940393,0.48188767032236623,0.31469076180090294,0.6666666666666667,0.2876653862569354,0.4835164835164836,0.6327435846030476,0.776160675301994,0.0,0.5089538171536285,0.22099290780141834,0.6585291425083906,0.3564084989718983,0.5098855359001038,0.3325055187637955,0.6956055734190771,0.751162790697677,0.2017543859649117,0.26190476190476214,0.4871794871794876,0.4117647058823529,0.6070676685530036,0.6070676685530036,0.03738317757009346
0.0,0.6240760295670535,0.24951839280799992,0.5352556336321741,0.3308651232542885,0.4727484214024593,0.31609284935348136,0.6666666666666667,0.2905107412149679,0.47714604236342995,0.6046762229350438,0.7664580604472916,0.0,0.5089538171536285,0.2279635258358652,0.6615807140677403,0.3594928032899245,0.5098855359001038,0.33623068432670933,0.6945337620578778,0.7488372093023266,0.23026315789473684,0.25,0.5153846153846153,0.4434389140271493,0.6029127256407047,0.6029127256407047,0.05607476635514019
0.0,0.6240760295670535,0.2515365562792401,0.5299248849042875,0.3346143031211918,0.4727484214024593,0.32232434958716083,0.6666666666666667,0.2981220657276997,0.48033126293996187,0.5550571371291095,0.745451899286858,0.0,0.5089538171536285,0.2475620567375887,0.6615807140677403,0.3620059401416482,0.5098855359001038,0.33623068432670933,0.6934619506966784,0.7465116279069797,0.2587719298245619,0.2380952380952378,0.543589743589743,0.4751131221719457,0.27591087234681233,0.27591087234681233,0.07476635514018692
0.0,0.6240760295670535,0.25896706724153695,0.5204749212503015,0.3420189333583292,0.4727484214024593,0.3268421872565812,0.6666666666666667,0.3058756579883355,0.4739608217869087,0.5178678829190058,0.7344394314267705,0.0,0.5038642789820924,0.2638297872340425,0.6676838571864501,0.36074937171578814,0.5098855359001038,0.33714128035319924,0.6923901393354759,0.7441860465116257,0.28728070175438547,0.2261904761904764,0.5717948717948722,0.5067873303167421,0.5689332584752698,0.5689332584752698,0.28971962616822433
0.0,0.6170362548398416,0.2569489037702968,0.5161133995638463,0.3457681132252324,0.4727484214024593,0.3268421872565812,0.6666666666666667,0.3118509034002004,0.4739608217869087,0.47225842020849956,0.7264832872459117,0.0,0.5016830483371442,0.27345491388044696,0.6676838571864501,0.358693168837104,0.5098855359001038,0.34078366445915953,0.6913183279742765,0.7418604651162823,0.3157894736842105,0.21428571428571427,0.6000000000000001,0.5384615384615384,0.15059286374522088,0.15059286374522088,0.2990654205607477
0.14285714285714285,0.6170362548398416,0.26997523163012516,0.5136903319602626,0.3525166369856598,0.4727484214024593,0.32824427480915963,0.6666666666666667,0.32607767819035405,0.4739608217869087,0.44328889334402594,0.7217290059671082,0.0,0.5004712535344014,0.28510638297872326,0.6676838571864501,0.3564084989718983,0.5098855359001038,0.34243929359823233,0.6886387995712764,0.7406976744186053,0.3311403508771935,0.2261904761904764,0.6000000000000001,0.5497737556561086,0.3868173116067874,0.3868173116067874,0.2429906542056075
0.14285714285714285,0.6240760295670535,0.2864874782130076,0.5088441967530881,0.36188958665291915,0.4727484214024593,0.3316715999376829,0.6666666666666667,0.3403044529805077,0.468227424749164,0.4166750200481157,0.7234754766409548,0.0,0.5004712535344014,0.30481256332320217,0.6676838571864501,0.35846470185058243,0.5098855359001038,0.34492273730684175,0.6859592711682734,0.7395348837209319,0.34649122807017485,0.2380952380952378,0.6000000000000001,0.5610859728506787,0.3473246316284805,0.3473246316284805,0.2336448598130841
0.14285714285714285,0.6272439281942976,0.28006604898633225,0.506421129149504,0.3701377823601101,0.4757948377090977,0.3299579373734238,0.6666666666666667,0.35879926020771213,0.468227424749164,0.39963412189254127,0.7090185805074459,0.0023592854735422653,0.5004712535344014,0.3326241134751773,0.6676838571864501,0.3642906100068537,0.5098855359001038,0.34566777041942465,0.6832797427652733,0.7383720930232549,0.36184210526315785,0.25,0.6000000000000001,0.5723981900452488,0.19701619445101515,0.19701619445101515,0.21495327102803738
0.0,0.6335797254487854,0.27804788551509185,0.5015749939423295,0.3738869622270131,0.48188767032236623,0.33338526250194667,0.6666666666666667,0.3701806800398333,0.46536072623029145,0.38319466720128276,0.7014505409207771,0.010448264239973002,0.5004712535344014,0.35192502532928005,0.6676838571864501,0.36885994973726155,0.5098855359001038,0.3486479028697558,0.6806002143622734,0.737209302325585,0.37719298245614086,0.26190476190476214,0.6000000000000001,0.5837104072398189,0.7883636643004368,0.7883636643004368,0.1869158878504673
0.0,0.6441393875395984,0.28089166131547616,0.5015749939423295,0.3825100759208935,0.48188767032236623,0.33338526250194667,0.6666666666666667,0.37729406743491256,0.46536072623029145,0.36921110665597406,0.6934943967399215,0.021469497809234885,0.5038642789820924,0.3722695035460992,0.6676838571864501,0.3778843957048217,0.5098855359001038,0.3532008830022062,0.6779206859592701,0.7360465116279116,0.3925438596491223,0.2738095238095235,0.6000000000000001,0.5950226244343891,0.6863954279944063,0.6863954279944063,0.25233644859813087
0.0,0.6518831397395239,0.2863957435097704,0.5015749939423295,0.3918127284656485,0.48188767032236623,0.33650101261878884,0.6666666666666667,0.37729406743491256,0.46536072623029145,0.3595378909382521,0.6762237422985504,0.03838894506235258,0.5065302275481331,0.39098277608915954,0.6676838571864501,0.3819396847155583,0.5098855359001038,0.3570443077893377,0.67524115755627,0.7348837209302346,0.4078947368421052,0.2857142857142857,0.6000000000000001,0.6063348416289592,0.43801062355032006,0.43801062355032006,0.14953271028037385
0.0,0.6627947905667047,0.29740390789835836,0.49624424521444266,0.40491142562564375,0.48188767032236623,0.33946097522978613,0.6666666666666667,0.3811352966282544,0.46536072623029145,0.35151864474739286,0.663416290690342,0.055207280080889785,0.5038642789820924,0.40546099290780147,0.6745498931949943,0.38536668951336517,0.5098855359001038,0.3623068432671068,0.6688102893890675,0.7337209302325611,0.4342105263157895,0.2857142857142857,0.6000000000000001,0.6206636500754149,0.33122498683005774,0.33122498683005774,0.102803738317757
0.0,0.6768743400211192,0.31373268507476326,0.4989096195783822,0.4228137594901118,0.4874266090617061,0.3456924754634656,0.6666666666666667,0.38967136150234727,0.46536072623029145,0.3476092622293497,0.6577887740746122,0.059993259184361276,0.5016830483371442,0.40962512664640416,0.6707354287457998,0.37891249714416375,0.5098855359001038,0.36668243456322847,0.662379421221865,0.7325581395348806,0.4605263157894737,0.2857142857142857,0.6000000000000001,0.6349924585218701,0.2775503195578206,0.2775503195578206,0.08411214953271029
0.0,0.5571981696585737,0.3450142188790024,0.7098376544705578,0.34183147436498296,0.4985044865403787,0.41236952796385706,0.6666666666666667,0.44672072841087074,0.48033126293996187,0.20767341619887764,0.541260369669626,0.021570610043815268,0.5146088595664469,0.4451773049645389,0.5477570949038739,0.41569568197395457,0.5619146722164412,0.5010485651214112,0.4941050375133987,0.789922480620163,0.6074561403508776,0.36904761904761924,0.6000000000000001,0.5279034690799398,0.3439351073650946,0.3439351073650946,0.04672897196261682
0.0,0.5607180570221753,0.34336299422071415,0.7116549551732474,0.33189614771768816,0.4985044865403787,0.4157968530923801,0.6756756756756761,0.44387537345283823,0.4835164835164836,0.20426523656776246,0.5537767428321934,0.01948095719582072,0.5170324491719411,0.4410334346504574,0.5395178516936205,0.40541466758053435,0.5619146722164412,0.49806843267108025,0.4962486602357974,0.7914728682170455,0.5833333333333328,0.38095238095238065,0.6000000000000001,0.5128205128205127,0.7957370614432038,0.7957370614432038,0.03738317757009346
0.0,0.5607180570221753,0.34152830015594837,0.7116549551732474,0.3289905333208355,0.4985044865403787,0.41236952796385706,0.6816816816816849,0.44131455399061026,0.4835164835164836,0.20226042502004854,0.5598166205792462,0.012082912032355914,0.5146088595664469,0.4353191489361703,0.5395178516936205,0.398560657984921,0.5619146722164412,0.49351545253863005,0.4983922829581993,0.7930232558139565,0.5592105263157895,0.39285714285714285,0.6000000000000001,0.497737556561086,0.4293685403453697,0.4293685403453697,0.028037383177570097
0.0,0.5642379443857759,0.33758370791670544,0.7116549551732474,0.3269284843940393,0.4985044865403787,0.4140831905281208,0.6846846846846846,0.44131455399061026,0.4870202261506642,0.20015537289494828,0.5626061223499724,0.007414897202561478,0.5183788878416589,0.4298378926038511,0.5450106805004564,0.3962759881197153,0.5619146722164412,0.491386786502678,0.5005359056806014,0.7945736434108639,0.5350877192982461,0.40476190476190493,0.6000000000000001,0.4826546003016593,0.7912163692444787,0.7912163692444787,0.04672897196261682
0.0,0.5712777191129883,0.33572608017613104,0.7092318875696639,0.32608491892398583,0.4985044865403787,0.4140831905281208,0.6900900900900904,0.43846919903257753,0.4940277114190157,0.1992532076984767,0.5626061223499724,0.0,0.5183788878416589,0.4274468085106382,0.5395178516936205,0.38942197852410176,0.5619146722164412,0.4889624724061794,0.502679528403,0.7961240310077464,0.5109649122807012,0.41666666666666635,0.6000000000000001,0.46757164404223206,0.9053468057774209,0.9053468057774209,0.03738317757009346
0.14285714285714285,0.5712777191129883,0.3330887074580329,0.704385752362489,0.32608491892398583,0.49296554780103863,0.4175105156566441,0.6927927927927928,0.4354815763266451,0.4940277114190157,0.1977495990376908,0.5626061223499724,0.0,0.5183788878416589,0.41985815602836873,0.5395178516936205,0.38496687228695303,0.5619146722164412,0.48435036266161813,0.5048231511254019,0.7976744186046538,0.48684210526315785,0.42857142857142855,0.6000000000000001,0.4524886877828054,0.49755630711027177,0.49755630711027177,0.03738317757009346
0.0,0.5712777191129883,0.33207962572241145,0.6978434698328064,0.32439778798387897,0.49296554780103863,0.4175105156566441,0.6927927927927928,0.4323516858728125,0.4940277114190157,0.19474238171611907,0.561538834715957,0.0,0.5183788878416589,0.4134751773049645,0.5395178516936205,0.3778843957048217,0.5619146722164412,0.4810982339955834,0.5080385852090032,0.7988372093023273,0.4758771929824567,0.41666666666666635,0.6000000000000001,0.4472096530920059,0.7366373707613927,0.7366373707613927,0.04672897196261682
0.0,0.577613516367476,0.33207962572241145,0.6978434698328064,0.3223357390570827,0.4985044865403787,0.4175105156566441,0.6927927927927928,0.42851045667947085,0.5035833731485906,0.19163492381716113,0.561538834715957,0.0,0.5183788878416589,0.4066869300911844,0.5395178516936205,0.3724011880283309,0.5619146722164412,0.47725480920845165,0.5112540192926045,0.8000000000000043,0.46491228070175383,0.40476190476190493,0.6000000000000001,0.4419306184012068,0.13477995513500107,0.13477995513500107,0.04672897196261682
0.0,0.5807814149947197,0.3286854417025975,0.6978434698328064,0.32130471459368315,0.4985044865403787,0.4175105156566441,0.698798798798802,0.42851045667947085,0.5035833731485906,0.18973035284683165,0.5636734099839907,0.0,0.5183788878416589,0.39929078014184394,0.5395178516936205,0.3672892392049347,0.5619146722164412,0.4720750551876365,0.5144694533762058,0.8011627906976777,0.45394736842105265,0.39285714285714285,0.6000000000000001,0.43665158371040724,0.8824047613657806,0.8824047613657806,0.03738317757009346
0.0,0.5878211897219325,0.32685074763783195,0.692997334625632,0.31774299372012327,0.4985044865403787,0.4175105156566441,0.7018018018018022,0.4269455114525522,0.5035833731485906,0.18712409783480338,0.5654198806578373,0.0,0.5183788878416589,0.39493414387031556,0.5395178516936205,0.3617774731551302,0.5648877657202289,0.46909492273730535,0.517684887459807,0.8023255813953476,0.44298245614035137,0.38095238095238065,0.6000000000000001,0.43137254901960764,0.053132761804456655,0.053132761804456655,0.03738317757009346
0.0,0.5913410770855332,0.322997890101826,0.6905742670220483,0.31502483831661965,0.4985044865403787,0.41236952796385706,0.7018018018018022,0.4238156209987196,0.5035833731485906,0.18511928628708946,0.5743462863241654,0.0,0.5183788878416589,0.39262411347517734,0.5395178516936205,0.35846470185058243,0.5619146722164412,0.46495584988962313,0.5209003215434083,0.8034883720930246,0.4320175438596485,0.36904761904761924,0.6000000000000001,0.4260935143288086,0.24154462759021228,0.24154462759021228,0.03738317757009346
0.0,0.5913410770855332,0.31932850197229756,0.6857281318148731,0.31315024838316674,0.4985044865403787,0.41236952796385706,0.7018018018018022,0.4238156209987196,0.5035833731485906,0.1832147153167601,0.5782273322660458,0.0,0.5183788878416589,0.3900709219858156,0.5395178516936205,0.3541238291066926,0.5619146722164412,0.46004070088300075,0.5241157556270096,0.804651162790698,0.42105263157894735,0.3571428571428571,0.6000000000000001,0.42081447963800905,0.6349196481660767,0.6349196481660767,0.03738317757009346
0.0,0.6029567053854274,0.317493807907532,0.6728858735158718,0.3194301246602299,0.4985044865403787,0.41236952796385706,0.7018018018018022,0.41997439180537777,0.5035833731485906,0.1822123095429023,0.5828845873963033,0.0,0.522525918944392,0.38617021276595764,0.5395178516936205,0.35298149417409164,0.5619146722164412,0.45602727846105084,0.5305466237942122,0.8054263565891411,0.41228070175438536,0.34523809523809496,0.6000000000000001,0.42232277526395157,0.8730928530674763,0.8730928530674763,0.04672897196261682
0.0,0.6029567053854274,0.314007889184478,0.6636782166222421,0.32336676352047933,0.4985044865403787,0.41236952796385706,0.7018018018018022,0.41997439180537777,0.5131390348781653,0.1800571371291097,0.5869596856352788,0.0,0.5287464655984919,0.3814083080040531,0.5395178516936205,0.35046835732236814,0.5619146722164412,0.45137969094922603,0.5369774919614148,0.806201550387609,0.40350877192982504,0.33333333333333354,0.6000000000000001,0.4238310708898946,0.8075359782609749,0.8075359782609749,0.028037383177570097
0.0,0.6064765927490281,0.31309054215209664,0.6542282529682562,0.32524135345393246,0.4985044865403787,0.41236952796385706,0.7018018018018022,0.41414141414141237,0.5131390348781653,0.17915497193263813,0.5887061563091254,0.0,0.5287464655984919,0.37865248226950365,0.5395178516936205,0.3481836874571622,0.5663743124721228,0.4483995584988947,0.5434083601286174,0.8069767441860485,0.39473684210526316,0.3214285714285714,0.6000000000000001,0.4253393665158371,0.6493740512096726,0.6493740512096726,0.04672897196261682
0.0,0.6135163674762409,0.31107237868085647,0.649382117761081,0.3289905333208355,0.4985044865403787,0.41236952796385706,0.7018018018018022,0.408450704225352,0.5131390348781653,0.17704991980753798,0.5869596856352788,0.0,0.5287464655984919,0.3741641337386028,0.5395178516936205,0.3461274845784783,0.5723204994797084,0.4483995584988947,0.5498392282958199,0.807751937984488,0.3859649122807012,0.30952380952380926,0.6000000000000001,0.4268476621417796,0.5476432405322831,0.5476432405322831,0.04672897196261682
0.0,0.6135163674762409,0.306577378222181,0.6365398594620797,0.3325522541943954,0.4985044865403787,0.41236952796385706,0.7018018018018022,0.4024754588134871,0.5188724319159104,0.1761477546110664,0.5917139669140825,0.0,0.5344015080113098,0.37269503546099303,0.5422642660970385,0.34235777930089095,0.5663743124721228,0.4460343740145034,0.5562700964630225,0.8085271317829523,0.37719298245614086,0.29761904761904784,0.6000000000000001,0.4283559577677226,0.0003218397176928067,0.0003218397176928067,0.03738317757009346
0.0,0.6135163674762409,0.30455921475094083,0.62733220256845,0.3346143031211918,0.4985044865403787,0.41236952796385706,0.708408408408405,0.4024754588134871,0.5217391304347825,0.17419306335204482,0.5837578227332267,0.0,0.5368250976168047,0.36955420466058864,0.5477570949038739,0.34235777930089095,0.5619146722164412,0.44334988962472255,0.562700964630225,0.8093023255813989,0.36842105263157887,0.2857142857142857,0.6000000000000001,0.4298642533936652,0.012021505032941122,0.012021505032941122,0.04672897196261682
0.0,0.6240760295670535,0.3037336024217967,0.6227283741216387,0.33845721248476934,0.5059820538384845,0.4175105156566441,0.7051051051051085,0.401195049082373,0.5217391304347825,0.17309041700080235,0.5859894241498094,0.0,0.5400565504241281,0.3670921985815603,0.5477570949038739,0.33813114005026357,0.5619146722164412,0.4386431725007862,0.5637727759914244,0.810077519379842,0.35526315789473684,0.29761904761904784,0.6000000000000001,0.41779788838612353,0.7511114549475689,0.7511114549475689,0.028037383177570097
0.0,0.6240760295670535,0.30024768369874266,0.6130361037072891,0.3401443434248763,0.5059820538384845,0.4175105156566441,0.7117117117117118,0.39863422962014505,0.5217391304347825,0.17186246992782667,0.5840489011788678,0.0,0.5475966069745521,0.36058763931104254,0.5538602380225832,0.33127713045465024,0.5619146722164412,0.42993929359823246,0.564844587352627,0.8108527131783028,0.3421052631578947,0.30952380952380926,0.6000000000000001,0.4057315233785823,0.4467098988538565,0.4467098988538565,0.018691588785046728
0.0,0.6272439281942976,0.2954774791303556,0.6026169130118715,0.3420189333583292,0.5034895314057828,0.41096744041127886,0.7051051051051085,0.39863422962014505,0.5217391304347825,0.16908079390537284,0.5915199146169903,0.0,0.5509896324222432,0.35070921985815606,0.5602685382972248,0.32419465387251534,0.5663743124721228,0.4277041942604842,0.5659163987138263,0.8116279069767458,0.32894736842105265,0.3214285714285714,0.6000000000000001,0.3936651583710407,0.9160518720995661,0.9160518720995661,0.018691588785046728
0.0,0.6335797254487854,0.29382625447206734,0.6007996123091817,0.34597900459274566,0.4985044865403787,0.408163265306122,0.7117117117117118,0.39863422962014505,0.5217391304347825,0.16717622293504336,0.5970018920098967,0.0,0.5614649252726573,0.343718338399188,0.5669819957277982,0.3198537811286255,0.5702393340270551,0.4277041942604842,0.5669882100750258,0.8124031007751888,0.3157894736842105,0.33333333333333354,0.6000000000000001,0.38159879336349906,0.9327790972216189,0.9327790972216189,0.009345794392523366
0.0,0.6441393875395984,0.2928171727364457,0.5953477102011129,0.34867372762208215,0.4985044865403787,0.408163265306122,0.7117117117117118,0.3957888746621123,0.5312947921643574,0.16767742582197304,0.5895793916460487,0.0,0.5655042412818096,0.33673758865248216,0.5700335672871479,0.31265707105323126,0.5693474059759207,0.4277041942604842,0.5680600214362282,0.8131782945736532,0.30263157894736836,0.34523809523809496,0.6000000000000001,0.3695324283559579,0.1053361577704606,0.1053361577704606,0.04672897196261682
0.0,0.6441393875395984,0.29079900926520574,0.5863823600678468,0.3506420470522068,0.49296554780103863,0.408163265306122,0.7117117117117118,0.39863422962014505,0.5312947921643574,0.1655723736968729,0.5947217775190423,0.0,0.5655042412818096,0.32877406281661714,0.5761367104058577,0.3060315284441397,0.5619146722164412,0.4277041942604842,0.5691318327974276,0.8139534883720927,0.2894736842105263,0.3571428571428571,0.6000000000000001,0.3574660633484163,0.3689267852970584,0.3689267852970584,0.03738317757009346
0.0,0.6499472016895458,0.2869461517291998,0.5863823600678468,0.3506420470522068,0.4901960784313726,0.41236952796385706,0.7117117117117118,0.3943661971830985,0.5312947921643574,0.1645699679230151,0.5986028234609228,0.0,0.5758718190386427,0.32380319148936154,0.5852914250839167,0.30386109207219647,0.5708339527278141,0.42415641753389877,0.5734190782422283,0.8143410852713231,0.28070175438596434,0.34523809523809496,0.5717948717948722,0.3536953242835597,0.16288672584418654,0.16288672584418654,0.05607476635514019
0.0,0.6557550158394931,0.2845610494450046,0.5815362248606721,0.3525166369856598,0.4901960784313726,0.41236952796385706,0.7117117117117118,0.3943661971830985,0.5383022774327084,0.16366780272654363,0.596468248192889,0.0,0.585296889726673,0.3191489361702129,0.5907842538907526,0.29906328535526727,0.5723204994797084,0.42083333333333206,0.5777063236870321,0.8147286821705357,0.271929824561404,0.33333333333333354,0.543589743589743,0.34992458521870273,0.2403391410150685,0.2403391410150685,0.04672897196261682
0.0,0.6557550158394931,0.2825428859737644,0.576690089653497,0.3525166369856598,0.4985044865403787,0.41026639663498954,0.7117117117117118,0.3928012519561799,0.5418060200668895,0.16156275060144337,0.5986028234609228,0.0,0.5906826444055515,0.31747720364741494,0.5935306682941701,0.2934658441855138,0.5723204994797084,0.41741564175338963,0.5819935691318328,0.8151162790697697,0.26315789473684215,0.3214285714285714,0.5153846153846153,0.34615384615384615,0.7683900198642005,0.7683900198642005,0.04672897196261682
0.0,0.6592749032030933,0.2825428859737644,0.5716016476859662,0.3560783578592196,0.4985044865403787,0.41236952796385706,0.7117117117117118,0.38967136150234727,0.5418060200668895,0.1606605854049718,0.599573084946392,0.0,0.5964184731385485,0.31333333333333346,0.5996338114128794,0.2888965044551062,0.5723204994797084,0.415286975717438,0.5862808145766334,0.8155038759690036,0.25438596491228016,0.30952380952380926,0.4871794871794876,0.34238310708898945,0.8530115672310081,0.8530115672310081,0.03738317757009346
0.0,0.6663146779303062,0.2825428859737644,0.5662708989580794,0.358140406786016,0.4985044865403787,0.41236952796385706,0.7147147147147115,0.3912363067292661,0.5449912406434108,0.159658179631114,0.6015136079173338,0.0,0.6032045240339301,0.3092705167173262,0.6026853829722292,0.2831848297920936,0.5723204994797084,0.41268527278461065,0.5905680600214372,0.8158914728682127,0.24561403508771984,0.29761904761904784,0.4589743589743585,0.3386123680241327,0.07076401237695838,0.07076401237695838,0.03738317757009346
0.0,0.6698345652939068,0.2817172736446203,0.5638478313544957,0.3617021276595759,0.5009970089730806,0.40956535285870044,0.7147147147147115,0.38867548726703793,0.5513616817964644,0.159658179631114,0.6012225294716926,0.0,0.6069745523091419,0.3046099290780142,0.6102380225816284,0.27741603838245354,0.5723204994797084,0.4107339955849876,0.594855305466238,0.8162790697674431,0.23684210526315785,0.2857142857142857,0.4307692307692308,0.334841628959276,0.5311826419721238,0.5311826419721238,0.028037383177570097
0.0,0.6768743400211192,0.28006604898633225,0.554640174460866,0.36563876651982496,0.5009970089730806,0.40956535285870044,0.7162162162162165,0.38775074690567646,0.5513616817964644,0.15860565356856388,0.5954009605588707,0.0,0.6126295947219604,0.30278622087132634,0.6127555691180944,0.27381768334475676,0.5723204994797084,0.4107339955849876,0.5986066452304404,0.8162790697674431,0.234649122807017,0.2857142857142857,0.4589743589743585,0.3355957767722474,0.6736560846361871,0.6736560846361871,0.03738317757009346
0.0,0.6768743400211192,0.27703880377947043,0.5500363460140547,0.36826319242665706,0.4985044865403787,0.408163265306122,0.7207207207207211,0.38967136150234727,0.5577321229495176,0.15660084202084984,0.6005433464318644,0.0,0.6188501413760601,0.29929078014184407,0.6219102837961539,0.27073337902673056,0.5723204994797084,0.4107339955849876,0.6023579849946399,0.8162790697674431,0.2324561403508777,0.2857142857142857,0.4871794871794876,0.3363499245852187,0.5069716448603275,0.5069716448603275,0.03738317757009346
0.0,0.6768743400211192,0.27703880377947043,0.5451902108068802,0.37032524135345324,0.4985044865403787,0.408163265306122,0.7207207207207211,0.38967136150234727,0.5513616817964644,0.15614975942261416,0.596468248192889,0.0,0.6229971724787935,0.29533941236068806,0.6219102837961539,0.26844870916152463,0.5723204994797084,0.40754099653105946,0.6061093247588424,0.8162790697674431,0.23026315789473684,0.2857142857142857,0.5153846153846153,0.33710407239819,0.6374916795009362,0.6374916795009362,0.03738317757009346
0.0,0.6768743400211192,0.27703880377947043,0.5427671432032959,0.37304339675695963,0.5059820538384845,0.41236952796385706,0.7207207207207211,0.38583013230900565,0.5577321229495176,0.1550471130713717,0.6004463202833155,0.0,0.6229971724787935,0.29276595744680844,0.6249618553555036,0.26250856751199425,0.5723204994797084,0.40700883002207355,0.609860664523045,0.8162790697674431,0.22807017543859598,0.2857142857142857,0.543589743589743,0.3378582202111614,0.5787416634453132,0.5787416634453132,0.04672897196261682
0.0,0.6768743400211192,0.27538757912118217,0.5325902592682346,0.3747305276970666,0.5059820538384845,0.41236952796385706,0.7207207207207211,0.3827002418551728,0.5609173435260393,0.15314254210104244,0.6062678891961375,0.0,0.6310758044971065,0.2915400202634255,0.6365578272810488,0.26045236463331034,0.5723204994797084,0.4040523494165853,0.6136120042872444,0.8162790697674431,0.22587719298245668,0.2857142857142857,0.5717948717948722,0.3386123680241327,0.08059793821048945,0.08059793821048945,0.03738317757009346
0.0,0.6863780359028506,0.27703880377947043,0.5299248849042875,0.3747305276970666,0.5059820538384845,0.41236952796385706,0.7207207207207211,0.37985488689714053,0.5609173435260393,0.15314254210104244,0.6073351768301558,0.0,0.6324222431668238,0.28971631205673765,0.6338114128776309,0.2546264564770391,0.5723204994797084,0.40286975717439133,0.6173633440514469,0.8162790697674431,0.22368421052631582,0.2857142857142857,0.6000000000000001,0.3393665158371041,0.8579963434032257,0.8579963434032257,0.04672897196261682
0.0,0.6863780359028506,0.27703880377947043,0.5250787496971123,0.376792576623863,0.5059820538384845,0.41236952796385706,0.7207207207207211,0.37729406743491256,0.5695174390826565,0.15314254210104244,0.6073351768301558,0.0,0.6324222431668238,0.28687943262411353,0.6393042416844663,0.2546264564770391,0.5723204994797084,0.40002414459160995,0.6162915326902476,0.8166666666666735,0.21929824561403566,0.29761904761904784,0.6000000000000001,0.33408748114630465,0.7448078151726698,0.7448078151726698,0.04672897196261682
0.0,0.6863780359028506,0.27703880377947043,0.5226556820935289,0.37876089605398766,0.5059820538384845,0.41236952796385706,0.7207207207207211,0.37729406743491256,0.5695174390826565,0.15214013632718454,0.6052006015621221,0.0,0.6361922714420356,0.2836879432624113,0.6393042416844663,0.2524560201050956,0.5723204994797084,0.39831677704194113,0.615219721329045,0.8170542635658862,0.21491228070175383,0.30952380952380926,0.6000000000000001,0.3288084464555053,0.48328741656284513,0.48328741656284513,0.04672897196261682
0.0,0.6863780359028506,0.27703880377947043,0.5182941604070739,0.37876089605398766,0.5059820538384845,0.40956535285870044,0.7207207207207211,0.37729406743491256,0.5695174390826565,0.1510876102646344,0.6073351768301558,0.0,0.6418473138548537,0.2831813576494433,0.6393042416844663,0.2501713502398901,0.5723204994797084,0.39517108167770254,0.6141479099678456,0.8174418604651201,0.21052631578947367,0.3214285714285714,0.6000000000000001,0.3235294117647059,0.629302232069154,0.629302232069154,0.04672897196261682
0.0,0.6863780359028506,0.27180992569489093,0.5088441967530881,0.37969819102071545,0.5059820538384845,0.408163265306122,0.7207207207207211,0.3701806800398333,0.5766841853798372,0.14821822373696864,0.6073351768301558,0.0,0.6418473138548537,0.27290780141843984,0.6484589563625254,0.24765821338816663,0.5772261037609672,0.38897429832860064,0.6130760986066464,0.8178294573643505,0.2061403508771935,0.33333333333333354,0.6000000000000001,0.31825037707390647,0.4444075260690159,0.4444075260690159,0.06542056074766356
0.0,0.6934178106300635,0.26428768002935654,0.5088441967530881,0.3740744212203594,0.5059820538384845,0.408163265306122,0.7207207207207211,0.3613600796699403,0.5790731008122314,0.13961006415396943,0.6099548828409257,0.0,0.6418473138548537,0.25263424518743616,0.6423558132438156,0.2524560201050956,0.579188345473465,0.37886313465783505,0.6120042872454436,0.8182170542635596,0.2017543859649117,0.34523809523809496,0.6000000000000001,0.3129713423831071,0.36834634027945107,0.36834634027945107,0.05607476635514019
0.0,0.6863780359028506,0.23970277956150776,0.5015749939423295,0.3539225794357488,0.5059820538384845,0.40660539024770315,0.7207207207207211,0.3441456821738498,0.582576843446412,0.12492481956696017,0.6099548828409257,0.0,0.6418473138548537,0.23453900709219866,0.6484589563625254,0.2524560201050956,0.5821317080422166,0.3707623777987994,0.6109324758842443,0.8186046511627936,0.19736842105263153,0.3571428571428571,0.6000000000000001,0.3076923076923077,0.844352973895943,0.844352973895943,0.07476635514018692
0.0,0.6863780359028506,0.21218236859003725,0.49357887085049534,0.3364888930546447,0.5059820538384845,0.40006231500233813,0.7207207207207211,0.33589415279556123,0.5895843287147635,0.11490076182838854,0.6090816475040024,0.0,0.6418473138548537,0.2226950354609929,0.6551724137930988,0.2524560201050956,0.579188345473465,0.3622240618101531,0.612540192926045,0.8186046511627936,0.19517543859649067,0.34523809523809496,0.5717948717948722,0.30542986425339363,0.18779658573960384,0.18779658573960384,0.13084112149532712
0.0,0.6863780359028506,0.2029171635629774,0.4887327356433204,0.32880307432749234,0.5059820538384845,0.39523290232123154,0.7147147147147115,0.3275003556693683,0.5895843287147635,0.11003909382517979,0.6073351768301558,0.0,0.6418473138548537,0.21460992907801413,0.6707354287457998,0.2489147818140265,0.5788613051880429,0.3542652160201818,0.6141479099678456,0.8186046511627936,0.19298245614035137,0.33333333333333354,0.543589743589743,0.3031674208144796,0.1834701214892422,0.1834701214892422,0.4205607476635514
0.0,0.6890179514255543,0.24270709109256094,0.4841289071965096,0.32524135345393246,0.5059820538384845,0.38308147686555327,0.7147147147147115,0.31611893583724693,0.5959547698678158,0.1059292301523656,0.6041333139281037,0.0,0.6391544365154191,0.2055724417426561,0.6768385718645091,0.24640164496230277,0.5768990634755464,0.34492273730684175,0.6157556270096463,0.8186046511627936,0.1907894736842105,0.3214285714285714,0.5153846153846153,0.3009049773755656,0.5769883823127041,0.5769883823127041,0.30841121495327106
0.0,0.6969376979936641,0.3202458490046789,0.4797673855100544,0.32524135345393246,0.5059820538384845,0.3609596510359865,0.7117117117117118,0.3074406032152497,0.6023252110208601,0.1134973937449873,0.6023868432542572,0.0,0.6324222431668238,0.19361702127659575,0.6850778150747625,0.24206077221841316,0.5821317080422166,0.339423683380637,0.6173633440514469,0.8186046511627936,0.18859649122806965,0.30952380952380926,0.4871794871794876,0.2986425339366516,0.620439415704134,0.620439415704134,0.28037383177570097
0.0,0.6934178106300635,0.3038253371250339,0.472498182699296,0.32130471459368315,0.5059820538384845,0.33899361271226014,0.7117117117117118,0.2872385830132309,0.6086956521739129,0.1103899358460309,0.5986028234609228,0.0,0.6324222431668238,0.18571428571428705,0.6850778150747625,0.2374914324880053,0.579188345473465,0.33474061810154376,0.6189710610932475,0.8186046511627936,0.18640350877193035,0.29761904761904784,0.4589743589743585,0.29638009049773756,0.012581599635013277,0.012581599635013277,0.102803738317757
0.0,0.6863780359028506,0.23961104485827045,0.472498182699296,0.3194301246602299,0.5059820538384845,0.325440099704003,0.7117117117117118,0.26205719163465635,0.6086956521739129,0.10237068965517188,0.596468248192889,0.0,0.6267672007540057,0.17787234042553202,0.6942325297528216,0.23532099611606205,0.5804965066151302,0.3351663513087333,0.6205787781350482,0.8186046511627936,0.1842105263157895,0.2857142857142857,0.4307692307692308,0.29411764705882354,0.8823629699970461,0.8823629699970461,0.12149532710280375
0.0,0.6934178106300635,0.2516282909824804,0.4652289798885376,0.30837004405286395,0.5034895314057828,0.3159370618476407,0.7051051051051085,0.23075828709631652,0.6086956521739129,0.09445168404170062,0.5927812545481008,0.0,0.6229971724787935,0.17375886524822703,0.6942325297528216,0.23052318939913286,0.579188345473465,0.33474061810154376,0.6168274383708456,0.8201550387596974,0.18859649122806965,0.29761904761904784,0.4589743589743585,0.2956259426847662,0.9869596267952737,0.9869596267952737,0.13084112149532712
0.0,0.6934178106300635,0.23328135033483233,0.4652289798885376,0.30837004405286395,0.5034895314057828,0.3131328867424841,0.7018018018018022,0.2091335894152797,0.6086956521739129,0.09645649558941444,0.5906466792800671,0.0,0.6229971724787935,0.16865248226950358,0.6942325297528216,0.22275531185743658,0.5772261037609672,0.33185509303058724,0.6130760986066464,0.821705426356587,0.19298245614035137,0.30952380952380926,0.4871794871794876,0.2971342383107089,0.3244133788959364,0.3244133788959364,0.102803738317757
0.0,0.6969376979936641,0.23970277956150776,0.4625636055245901,0.32046114912362966,0.5059820538384845,0.318897024458638,0.6995495495495494,0.21510883482714482,0.6086956521739129,0.09846130713712847,0.5859894241498094,0.0,0.6165174363807726,0.16241134751773056,0.6942325297528216,0.2111034955448936,0.579188345473465,0.32977373068432514,0.6093247588424437,0.8232558139534909,0.19736842105263153,0.3214285714285714,0.5153846153846153,0.2986425339366516,0.6618305200892957,0.6618305200892957,0.11214953271028037
0.0,0.6969376979936641,0.22319053297862546,0.45723285679670345,0.32608491892398583,0.5059820538384845,0.32232434958716083,0.698798798798802,0.23474178403755852,0.6086956521739129,0.09846130713712847,0.5840489011788678,0.0,0.6126295947219604,0.15602836879432624,0.6942325297528216,0.20653415581448575,0.5804965066151302,0.32688820561336884,0.6055734190782411,0.8248062015503983,0.2017543859649117,0.33333333333333354,0.543589743589743,0.30015082956259426,0.13367179817313302,0.13367179817313302,0.11214953271028037
0.0,0.6969376979936641,0.21291624621594407,0.45723285679670345,0.3269284843940393,0.5059820538384845,0.324038012151425,0.7018018018018022,0.25209844928154923,0.6086956521739129,0.09735866078588601,0.5789065153058741,0.0,0.6107445805843545,0.15099290780141839,0.7043027158986868,0.20219328307059614,0.5723204994797084,0.3200883002207491,0.6018220793140419,0.8263565891472808,0.2061403508771935,0.34523809523809496,0.5717948717948722,0.30165912518853694,0.11244753851023652,0.11244753851023652,0.11214953271028037
0.0,0.6969376979936641,0.21126502155765603,0.4523867215895283,0.3269284843940393,0.5115209925778248,0.324038012151425,0.7018018018018022,0.25778915919761003,0.6086956521739129,0.09390036086607861,0.5732789986901471,0.0,0.6032045240339301,0.1441236068895636,0.7043027158986868,0.19990861320539066,0.5821317080422166,0.3106275622831911,0.5980707395498392,0.8279069767441882,0.21052631578947367,0.3571428571428571,0.6000000000000001,0.3031674208144796,0.3196137880353016,0.3196137880353016,0.11214953271028037
0.0,0.6863780359028506,0.20383451059535884,0.44778289314271746,0.32336676352047933,0.5087515232081501,0.3299579373734238,0.698798798798802,0.2603499786598378,0.6207994903647107,0.2863622694466718,0.5662931159947606,0.0,0.6032045240339301,0.14184397163120566,0.7134574305767463,0.20105094813799496,0.5837669094693025,0.3042770419426033,0.5911039657020354,0.8290697674418652,0.22149122807017485,0.34523809523809496,0.6000000000000001,0.30618401206636503,0.47691409927896594,0.47691409927896594,0.14953271028037385
0.0,0.6863780359028506,0.19833042840106474,0.44342137145626226,0.32336676352047933,0.5142904619474908,0.3299579373734238,0.6927927927927928,0.25778915919761003,0.6437330785156898,0.42930533279871724,0.5721146849075827,0.0,0.6032045240339301,0.13880445795339358,0.7195605736954551,0.19876627827278948,0.5837669094693025,0.30459634184799667,0.5841371918542346,0.8302325581395387,0.2324561403508777,0.33333333333333354,0.6000000000000001,0.30920060331825033,0.48611170209069615,0.48611170209069615,0.1869158878504673
0.0,0.6863780359028506,0.19631226492982456,0.4409983038526786,0.32795950885743885,0.5142904619474908,0.32824427480915963,0.6957957957957925,0.2562242139706914,0.6303551520942856,0.43932939053728864,0.5701741619366409,0.0,0.598114985862394,0.13971631205673762,0.7226121452548053,0.19499657299520212,0.5837669094693025,0.31181015452538485,0.5771704180064308,0.8313953488372086,0.24342105263157898,0.3214285714285714,0.6000000000000001,0.31221719457013575,0.8689052168466626,0.8689052168466626,0.09345794392523364
0.0,0.6863780359028506,0.19631226492982456,0.43130603343832896,0.33002155778423525,0.5142904619474908,0.32824427480915963,0.6957957957957925,0.2505335040546308,0.6172957477305301,0.44128408179631035,0.5546499781691167,0.0,0.5947219604147029,0.13829787234042556,0.7281049740616408,0.19499657299520212,0.5772261037609672,0.3034137496058027,0.570203644158627,0.8325581395348856,0.25438596491228016,0.30952380952380926,0.6000000000000001,0.3152337858220211,0.9094469556342725,0.9094469556342725,0.08411214953271029
0.0,0.6863780359028506,0.19282634620677075,0.4288829658347455,0.3325522541943954,0.5115209925778248,0.324038012151425,0.6927927927927928,0.24498506188647018,0.6115623506927854,0.4362720529270246,0.5285984572842382,0.0,0.585296889726673,0.13475177304964536,0.7308513884650583,0.19191226867717615,0.5723204994797084,0.2951710816777027,0.5632368703108264,0.833720930232559,0.265350877192983,0.29761904761904784,0.6000000000000001,0.31825037707390647,0.12048583993675138,0.12048583993675138,0.09345794392523364
0.0,0.6863780359028506,0.194477570865059,0.42355221710685864,0.3346143031211918,0.5059820538384845,0.3268421872565812,0.6927927927927928,0.24498506188647018,0.6368848542761587,0.6132467923015232,0.49653131518944266,0.0,0.585296889726673,0.14736575481256364,0.7308513884650583,0.19191226867717615,0.5723204994797084,0.29377562283191216,0.5562700964630225,0.834883720930236,0.2763157894736842,0.2857142857142857,0.6000000000000001,0.3212669683257918,0.8168183533182651,0.8168183533182651,0.07476635514018692
0.2857142857142857,0.6768743400211192,0.1892486927804795,0.41725224133753214,0.3437997937951076,0.5034895314057828,0.32824427480915963,0.6927927927927928,0.24498506188647018,0.6880076445293837,0.7163442261427428,0.4734390918352496,0.0,0.585296889726673,0.17000000000000004,0.7308513884650583,0.19739547635366672,0.5723204994797084,0.26934326710816636,0.5439442658092186,0.8356589147286755,0.3092105263157895,0.26190476190476214,0.6000000000000001,0.33710407239819,0.4749952878957362,0.4749952878957362,0.102803738317757
0.0,0.6768743400211192,0.19108338684524506,0.41361763993215295,0.35439122691911273,0.4985044865403787,0.32824427480915963,0.6927927927927928,0.2478304168445027,0.6682592769549254,0.6862720529270252,0.4491825546984914,0.0,0.5893362057358245,0.1903748733535957,0.7308513884650583,0.206762622801004,0.5723204994797084,0.23953159492273568,0.5316184351554115,0.8364341085271398,0.3421052631578947,0.2380952380952378,0.6000000000000001,0.3529411764705882,0.08257965659403955,0.08257965659403955,0.11214953271028037
0.0,0.6768743400211192,0.194477570865059,0.40925611824569796,0.36376417658637206,0.49573501717071267,0.33338526250194667,0.6927927927927928,0.2530943235168588,0.6437330785156898,0.6321421411387331,0.4355988939019066,0.000674081563869262,0.585296889726673,0.20177304964539,0.7308513884650583,0.21453050034270027,0.5723204994797084,0.21513323872595191,0.5192926045016077,0.8372093023255793,0.375,0.21428571428571427,0.6000000000000001,0.36877828054298645,0.7936357308952456,0.7936357308952456,0.11214953271028037
0.0,0.6768743400211192,0.194477570865059,0.399806154591712,0.36554503702315067,0.4901960784313726,0.33650101261878884,0.6927927927927928,0.2530943235168588,0.6303551520942856,0.5770098235765835,0.4179401348663464,0.010380856083586142,0.585296889726673,0.2096251266464042,0.7308513884650583,0.22595384966872123,0.5660770031217479,0.20071743929359664,0.5069667738478039,0.8379844961240224,0.4078947368421052,0.19047619047619072,0.6000000000000001,0.3846153846153846,0.15740983191764207,0.15740983191764207,0.102803738317757
0.0,0.6663146779303062,0.19750481607192072,0.399806154591712,0.3711688068235067,0.4901960784313726,0.3380588876772077,0.6900900900900904,0.2518139137857449,0.6236661888835833,0.5089965918203692,0.40435647406976194,0.019885406134142258,0.585296889726673,0.21744680851063825,0.7308513884650583,0.24183230523189514,0.5619146722164412,0.19029880163985902,0.4946409431939968,0.8387596899224903,0.4407894736842105,0.16666666666666638,0.6000000000000001,0.4004524886877828,0.5684581468675483,0.5684581468675483,0.102803738317757
0.14285714285714285,0.5607180570221753,0.28281809008347913,0.6491398110007254,0.371075077326835,0.4901960784313726,0.288206885807756,0.6567567567567567,0.2734386114667817,0.4940277114190157,0.21779771451483537,0.5810410905739107,0.0,0.5475966069745521,0.37578520770010293,0.5669819957277982,0.30500342700479766,0.5837669094693025,0.32811810154525234,0.4640943193997855,0.8740310077519347,0.5679824561403513,0.08333333333333358,0.6000000000000001,0.462292609351433,0.3624131293456154,0.3624131293456154,0.05607476635514019
0.0,0.5607180570221753,0.29199156040730156,0.68282045069057,0.3364888930546447,0.4901960784313726,0.2941268110297548,0.66336336336336,0.2848200312989031,0.4870202261506642,0.21869987971130694,0.5897734439431437,0.0,0.5475966069745521,0.36439716312056736,0.5669819957277982,0.3070596298834818,0.5837669094693025,0.34243929359823233,0.47481243301179,0.873643410852722,0.5570175438596486,0.09523809523809498,0.6000000000000001,0.46757164404223206,0.8291718999404638,0.8291718999404638,0.06542056074766356
0.14285714285714285,0.5712777191129883,0.30208237776350844,0.7070511267264363,0.30837004405286395,0.4901960784313726,0.3037856363919622,0.6666666666666667,0.28908806373594964,0.4905239687848346,0.21619386527666323,0.5969291223984865,0.0,0.5475966069745521,0.350911854103344,0.5669819957277982,0.3118574366004112,0.5941727367325702,0.3532008830022062,0.4855305466237942,0.8732558139534916,0.5460526315789473,0.10714285714285714,0.6000000000000001,0.47285067873303166,0.09518831357930312,0.09518831357930312,0.04672897196261682
0.14285714285714285,0.5784054910242868,0.3068296486560871,0.7293433486794239,0.2953416440153731,0.4901960784313726,0.3100171366256419,0.6726726726726755,0.29193341869398215,0.4835164835164836,0.21228448275861994,0.6071411245330607,0.0,0.5381715362865223,0.34397163120567376,0.5669819957277982,0.3118574366004112,0.5867400029730903,0.3512496058025827,0.4962486602357974,0.8728682170542577,0.5350877192982461,0.11904761904761929,0.6000000000000001,0.47812971342383115,0.820317536115611,0.820317536115611,0.03738317757009346
0.0,0.5807814149947197,0.32657554352811724,0.7433971407802282,0.2820320554878616,0.4901960784313726,0.32061068702290174,0.6786786786786758,0.29605918338312853,0.5163242554546865,0.4347684442662387,0.6206277591811002,0.0,0.5408644136259566,0.33576494427558146,0.5669819957277982,0.3118574366004112,0.5941727367325702,0.35394591611478887,0.5069667738478039,0.872480620155045,0.5241228070175433,0.13095238095238068,0.6000000000000001,0.4834087481146303,0.060194527155757016,0.060194527155757016,0.06542056074766356
0.0,0.5952129531855015,0.36886524172094437,0.7506663435909868,0.26900365545037086,0.4901960784313726,0.3322168562081316,0.6846846846846846,0.30431071276141686,0.5418060200668895,0.5078438251804327,0.6303303740358027,0.0,0.5381715362865223,0.3282978723404255,0.5669819957277982,0.30934429974868727,0.5911996432287825,0.3569260485651198,0.517684887459807,0.8720930232558111,0.513157894736842,0.14285714285714285,0.6000000000000001,0.48868778280542985,0.6251555663447138,0.6251555663447138,0.06542056074766356
0.0,0.6029567053854274,0.36519585359141304,0.7608432275260479,0.26150529571656167,0.4901960784313726,0.3380588876772077,0.6873873873873875,0.3090055484421681,0.5312947921643574,0.4748646752205294,0.6411002765245235,0.0,0.5381715362865223,0.30724417426545036,0.5669819957277982,0.30386109207219647,0.5837669094693025,0.3569260485651198,0.5284030010718103,0.872480620155045,0.48684210526315785,0.154761904761905,0.6000000000000001,0.4803921568627453,0.42617506578481007,0.42617506578481007,0.06542056074766356
0.0,0.6029567053854274,0.3579488120355936,0.765689362733216,0.2549442309494804,0.4985044865403787,0.3439788128992065,0.6927927927927928,0.31103286384976525,0.5249243510113037,0.4537139133921409,0.648862368408287,0.0,0.5381715362865223,0.2856028368794328,0.573085138846507,0.29906328535526727,0.585253456221196,0.3547973825291677,0.5391211146838166,0.8728682170542577,0.4605263157894737,0.16666666666666638,0.6000000000000001,0.47209653092006015,0.5121232847059004,0.5121232847059004,0.06542056074766356
0.0,0.6029567053854274,0.3412530960462339,0.7669008965350113,0.249601649639142,0.4985044865403787,0.35675338837825143,0.698798798798802,0.3313415848627099,0.5217391304347825,0.4306585805934245,0.6499296560423025,0.0,0.5368250976168047,0.27543059777102474,0.5791882819652079,0.29472241261137766,0.5879292403746097,0.35229028697571585,0.5498392282958199,0.8732558139534916,0.4342105263157895,0.17857142857142855,0.6000000000000001,0.4638009049773756,0.8302121182455275,0.8302121182455275,0.102803738317757
0.14285714285714285,0.6135163674762409,0.29933033666636133,0.7576326629512944,0.2278095416627619,0.49296554780103863,0.3346315625486844,0.7018018018018022,0.31725707782045665,0.5160057333970378,0.41061046511627836,0.6536166496870908,0.0,0.5306314797360978,0.2707801418439715,0.5852914250839167,0.29472241261137766,0.5837669094693025,0.3486479028697558,0.5605573419078231,0.873643410852722,0.4078947368421052,0.19047619047619072,0.6000000000000001,0.4555052790346909,0.663045926295635,0.663045926295635,0.07476635514018692
0.14285714285714285,0.6064765927490281,0.24227135125218036,0.731524109522651,0.1741494048176977,0.4757948377090977,0.2601651347561902,0.7018018018018022,0.2862427087779216,0.5131390348781653,0.3891589815557341,0.6546839373211091,0.0,0.5381715362865223,0.2836879432624113,0.5880378394873347,0.28992460589444824,0.590010405827263,0.34492273730684175,0.5712754555198296,0.8740310077519347,0.381578947368421,0.2023809523809521,0.6000000000000001,0.4472096530920059,0.6118231533012815,0.6118231533012815,0.03738317757009346
0.0,0.6029567053854274,0.21282451151270687,0.7070511267264363,0.13487674571187636,0.45419297662568114,0.23523913382146655,0.7117117117117118,0.2691705790297352,0.5131390348781653,0.3711156776263033,0.6624460292048697,0.0,0.5381715362865223,0.27503546099290777,0.5935306682941701,0.28435572309801227,0.5837669094693025,0.344331441185745,0.5819935691318328,0.874418604651165,0.35526315789473684,0.21428571428571427,0.6000000000000001,0.43891402714932126,0.08737744549429705,0.08737744549429705,0.05607476635514019
0.0,0.6029567053854274,0.17447940555912278,0.692997334625632,0.12006748523760402,0.4431150991470003,0.16949680635612774,0.7177177177177205,0.2631953336178703,0.5035833731485906,0.3445018043303933,0.666230048998204,0.0,0.5381715362865223,0.26322188449847883,0.5935306682941701,0.27861549006168573,0.5837669094693025,0.3398730684326696,0.5889603429796366,0.873643410852722,0.3421052631578947,0.21428571428571427,0.6000000000000001,0.43514328808446473,0.4292178516999087,0.4292178516999087,0.04672897196261682
0.14285714285714285,0.6029567053854274,0.1507201174204208,0.6833050642112897,0.10760146218014899,0.4372992134706959,0.14908864309082426,0.7177177177177205,0.20899132166737933,0.5099538143016435,0.32445368885324705,0.6741861931790627,0.0,0.5381715362865223,0.2542553191489363,0.6026853829722292,0.27039067854694987,0.5837669094693025,0.33356985178177134,0.5959271168274373,0.8728682170542577,0.32894736842105265,0.21428571428571427,0.6000000000000001,0.43137254901960764,0.4174973886227974,0.4174973886227974,0.07476635514018692
0.0,0.6029567053854274,0.14319787175488652,0.6833050642112897,0.1169744118474082,0.4372992134706959,0.1618632185698694,0.7117117117117118,0.18338312704510007,0.5035833731485906,0.30951784282277445,0.6780672391209431,0.0,0.539349670122526,0.254078014184397,0.6026853829722292,0.2614804660726522,0.5879292403746097,0.33623068432670933,0.6028938906752411,0.8720930232558111,0.3157894736842105,0.21428571428571427,0.6000000000000001,0.42760180995475117,0.8209142702681926,0.8209142702681926,0.06542056074766356
0.0,0.6029567053854274,0.1422805247225023,0.6833050642112897,0.1386259255787794,0.4431150991470003,0.16638105623929023,0.7147147147147115,0.18210271731398642,0.5035833731485906,0.30240076182838843,0.6780672391209431,0.0,0.5435572909654005,0.25496453900709226,0.6026853829722292,0.2556545579163809,0.5897130964768886,0.33410201829075725,0.609860664523045,0.8713178294573751,0.30263157894736836,0.21428571428571427,0.6000000000000001,0.4238310708898946,0.7381973915271021,0.7381973915271021,0.06542056074766356
0.0,0.6099964801126394,0.14980277038803935,0.6881511994184639,0.1479988752460415,0.45419297662568114,0.17292413148465524,0.7207207207207211,0.187793427230047,0.5035833731485906,0.29748897353648746,0.6740891670305138,0.0,0.5419415645617343,0.25496453900709226,0.6026853829722292,0.2513136851724911,0.5837669094693025,0.3325055187637955,0.6168274383708456,0.8705426356589108,0.2894736842105263,0.21428571428571427,0.6000000000000001,0.42006033182503755,0.6232186317298528,0.6232186317298528,0.06542056074766356
0.14285714285714285,0.6135163674762409,0.1560407302082375,0.6806396898473421,0.1612147342768787,0.4569624459953472,0.17588409409565253,0.7207207207207211,0.19504908237302598,0.5035833731485906,0.290472133119486,0.6566244602920478,0.0,0.5475966069745521,0.25496453900709226,0.606042111687521,0.24640164496230277,0.5837669094693025,0.330554241564172,0.6237942122186495,0.8697674418604677,0.2763157894736842,0.21428571428571427,0.6000000000000001,0.41628959276018096,0.8432007550673204,0.8432007550673204,0.04672897196261682
0.0,0.6135163674762409,0.16356297587377455,0.6753089411194555,0.17246227387759094,0.46194749086075104,0.182115594329332,0.7207207207207211,0.20073979228908678,0.5035833731485906,0.27937048917401747,0.6615727938679465,0.0,0.5475966069745521,0.25496453900709226,0.6127555691180944,0.24183230523189514,0.5837669094693025,0.3279525386313453,0.6243301178992507,0.8693798449612338,0.265350877192983,0.2023809523809521,0.6000000000000001,0.4042232277526393,0.8718681613392857,0.8718681613392857,0.05607476635514019
0.0,0.6170362548398416,0.16796624162920992,0.6680397383086969,0.18366294872996602,0.46444001329345275,0.189749182115595,0.7207207207207211,0.2078531796841656,0.5035833731485906,0.2743334001603848,0.6652597875127347,0.0,0.5512319913827899,0.25663627152989,0.6127555691180944,0.23851953392734737,0.5882265497249837,0.3279525386313453,0.6248660235798489,0.8689922480620211,0.25438596491228016,0.19047619047619072,0.6000000000000001,0.3921568627450982,0.9957397893476042,0.9957397893476042,0.04672897196261682
0.14285714285714285,0.6240760295670535,0.17163562975873836,0.6590743881754308,0.19289530415221634,0.46444001329345275,0.19629225736096,0.7207207207207211,0.21041399914639358,0.5035833731485906,0.27242882919005534,0.6741861931790627,0.0,0.5560791705937793,0.2602836879432624,0.6188587122368032,0.23851953392734737,0.5837669094693025,0.3279525386313453,0.6254019292604501,0.8686046511627907,0.24342105263157898,0.17857142857142855,0.6000000000000001,0.38009049773755654,0.5589805513631703,0.5589805513631703,0.04672897196261682
0.0,0.6335797254487854,0.17640583432712575,0.6542282529682562,0.19870653294591878,0.46444001329345275,0.1992522199719573,0.7297297297297296,0.21895006402048645,0.5035833731485906,0.2698225741780271,0.6812691020229953,0.0,0.5614649252726573,0.26241134751773054,0.6219102837961539,0.23646333104866324,0.5837669094693025,0.32688820561336884,0.6259378349410514,0.8682170542635639,0.2324561403508777,0.16666666666666638,0.6000000000000001,0.36802413273001494,0.02635214125005991,0.02635214125005991,0.05607476635514019
0.0,0.6335797254487854,0.17989175305017957,0.6469590501574978,0.20986034304995949,0.4699789520327933,0.2082878953107936,0.7297297297297296,0.22207995447431927,0.5035833731485906,0.26781776263031315,0.6817542327657314,0.0,0.5655042412818096,0.26170212765957435,0.6280134269148627,0.23166552433173382,0.5837669094693025,0.3242273730684311,0.6264737406216495,0.8678294573643512,0.22149122807017485,0.154761904761905,0.6000000000000001,0.35595776772247373,0.8160356483782217,0.8160356483782217,0.05607476635514019
0.0,0.6441393875395984,0.1849830290799015,0.6416283014296107,0.21567157184365893,0.4727484214024593,0.2165446331204226,0.7297297297297296,0.2236448997012377,0.5035833731485906,0.2659131916599838,0.6837917818852192,0.0,0.5655042412818096,0.25886524822695045,0.6393042416844663,0.23177975782499272,0.5837669094693025,0.3236360769473343,0.6270096463022508,0.8674418604651173,0.21052631578947367,0.14285714285714285,0.6000000000000001,0.3438914027149321,0.11812395867960103,0.11812395867960103,0.06542056074766356
0.14285714285714285,0.6480112636395672,0.18723052930923934,0.6295129634116776,0.22485706251757498,0.4750332336324359,0.22004985200186855,0.7297297297297296,0.2236448997012377,0.5035833731485906,0.264910785886126,0.6818512589142774,0.0,0.5758718190386427,0.25141843971631195,0.6454073848031756,0.2272104180945851,0.5850676378772113,0.3200883002207491,0.632368703108254,0.8658914728682099,0.2017543859649117,0.154761904761905,0.6000000000000001,0.3401206636500754,0.24181247020755836,0.24181247020755836,0.05607476635514019
0.0,0.6557550158394931,0.1892486927804795,0.6251514417252224,0.2306682913112772,0.48188767032236623,0.22121825829568365,0.7297297297297296,0.22791293213828423,0.5035833731485906,0.2627556134723334,0.6771940037840198,0.0,0.5812575737175212,0.24407294832826598,0.6484589563625254,0.22138450993831382,0.5879292403746097,0.3200883002207491,0.637727759914254,0.8643410852713274,0.19298245614035137,0.16666666666666638,0.6000000000000001,0.3363499245852187,0.01574269782529457,0.01574269782529457,0.05607476635514019
0.0,0.6592749032030933,0.19282634620677075,0.6178822389144643,0.23507357765488757,0.48188767032236623,0.22262034584826207,0.7297297297297296,0.22791293213828423,0.5035833731485906,0.2627556134723334,0.6771940037840198,0.0,0.5871819038642789,0.23510638297872344,0.6551724137930988,0.2193283070596297,0.5837669094693025,0.3212708924629428,0.6430868167202572,0.86279069767442,0.1842105263157895,0.17857142857142855,0.6000000000000001,0.332579185520362,0.7769884268377525,0.7769884268377525,0.05607476635514019
0.14285714285714285,0.6663146779303062,0.194477570865059,0.6130361037072891,0.23901021651513688,0.4874266090617061,0.22885184608194176,0.7337837837837842,0.22983354673495526,0.5035833731485906,0.26140236567762615,0.6752534808130782,0.0,0.5971455500201979,0.2314083080040532,0.6615807140677403,0.2181859721270285,0.5837669094693025,0.3242273730684311,0.6484458735262604,0.8612403100775126,0.1754385964912275,0.19047619047619072,0.6000000000000001,0.3288084464555053,0.274204978254417,0.274204978254417,0.04672897196261682
0.0,0.6768743400211192,0.19750481607192072,0.6106130361037057,0.24650857624894618,0.4901960784313726,0.23056550864620573,0.7351351351351354,0.2317541613316263,0.5035833731485906,0.2593975541299121,0.6808809974288081,0.0,0.6032045240339301,0.22695035460992918,0.6737870003051589,0.21590130226182302,0.5837669094693025,0.3242273730684311,0.6538049303322604,0.85968992248063,0.16666666666666718,0.2023809523809521,0.6000000000000001,0.3250377073906485,0.9772596424138084,0.9772596424138084,0.05607476635514019
0.0,0.6768743400211192,0.19750481607192072,0.6052822873758188,0.24819570718905293,0.4901960784313726,0.23336968375136213,0.7351351351351354,0.2317541613316263,0.5035833731485906,0.2578939454691262,0.6859263571532529,0.0,0.6085902787128081,0.22391084093211688,0.6795849862679271,0.2111034955448936,0.5837669094693025,0.3233995584988947,0.6591639871382636,0.8581395348837226,0.15789473684210525,0.21428571428571427,0.6000000000000001,0.3212669683257918,0.7432454847865131,0.7432454847865131,0.04672897196261682
0.14285714285714285,0.6863780359028506,0.2019998165305933,0.6026169130118715,0.2559752554128798,0.4901960784313726,0.23477177130394056,0.7378378378378379,0.2333191065585447,0.5035833731485906,0.2548867281475545,0.6837917818852192,0.0,0.6147031102733267,0.2226241134751774,0.6911809581934718,0.2090472926662097,0.5837669094693025,0.32186218858404003,0.657556270096463,0.8569767441860492,0.15570175438596445,0.21428571428571427,0.6000000000000001,0.3167420814479638,0.5998132161646627,0.5998132161646627,0.05607476635514019
0.0,0.6863780359028506,0.2019998165305933,0.5977707778046963,0.26141156621989003,0.49573501717071267,0.23819909643246362,0.7378378378378379,0.23644899701237732,0.5003981525720682,0.25333299919807467,0.6807839712802591,0.0,0.6229971724787935,0.21849037487335465,0.6942325297528216,0.2031071510166791,0.5837669094693025,0.3225717439293583,0.6559485530546624,0.8558139534883757,0.15350877192982498,0.21428571428571427,0.6000000000000001,0.31221719457013575,0.6028418411582644,0.6028418411582644,0.05607476635514019
0.0,0.6969376979936641,0.2030088982662147,0.5931669493578855,0.26506701659012144,0.4985044865403787,0.2399127589967276,0.7378378378378379,0.23644899701237732,0.5003981525720682,0.25132818765036075,0.6827244942512007,0.0,0.6324222431668238,0.2159574468085106,0.7040738480317352,0.19876627827278948,0.5837669094693025,0.319437874487541,0.6543408360128617,0.8546511627906952,0.15131578947368418,0.21428571428571427,0.6000000000000001,0.3076923076923077,0.4863653395409429,0.4863653395409429,0.05607476635514019
0.0,0.6969376979936641,0.2030088982662147,0.5888054276714303,0.26900365545037086,0.4985044865403787,0.2399127589967276,0.7378378378378379,0.23900981647460506,0.5035833731485906,0.24882217321571692,0.6868966186387222,0.0,0.6405008751851369,0.21362715298885449,0.7134574305767463,0.19419693854238163,0.5837669094693025,0.31553532008829865,0.652733118971061,0.8534883720930253,0.14912280701754344,0.21428571428571427,0.6000000000000001,0.3031674208144796,0.15893221085351109,0.15893221085351109,0.06542056074766356
0.14285714285714285,0.7085533262935584,0.20658655169250595,0.5888054276714303,0.2746274252507269,0.5034895314057828,0.24302850911356955,0.7408408408408376,0.2418551714326378,0.5035833731485906,0.24771952686447457,0.6868966186387222,0.0,0.6435438265786992,0.20992907801418448,0.7226121452548053,0.1906557002513123,0.5837669094693025,0.31553532008829865,0.6511254019292605,0.8523255813953519,0.1469298245614039,0.21428571428571427,0.6000000000000001,0.2986425339366516,0.2981731382675223,0.2981731382675223,0.05607476635514019
0.0,0.7085533262935584,0.2082377763507942,0.5839592924642558,0.2802511950510831,0.5034895314057828,0.24302850911356955,0.7468468468468472,0.24498506188647018,0.5035833731485906,0.24636627906976732,0.6837917818852192,0.0,0.6503298774740809,0.21023302938196453,0.7281049740616408,0.1881425633995888,0.5837669094693025,0.31553532008829865,0.6495176848874598,0.8511627906976749,0.14473684210526316,0.21428571428571427,0.6000000000000001,0.29411764705882354,0.9997028320959711,0.9997028320959711,0.06542056074766356
0.0,0.7085533262935584,0.2082377763507942,0.5815362248606721,0.285968694348111,0.5059820538384845,0.24879264682972346,0.7468468468468472,0.24640773936548444,0.4972129319955372,0.24526363271852486,0.6837917818852192,0.0,0.6597549481621112,0.2092198581560285,0.733902960024408,0.18608636052090466,0.5837669094693025,0.3144709870703226,0.6521972132904598,0.8500000000000014,0.14473684210526316,0.2261904761904764,0.6000000000000001,0.2971342383107089,0.14649826624573256,0.14649826624573256,0.05607476635514019
0.0,0.7155931010207699,0.2082377763507942,0.576690089653497,0.2878432842815639,0.5059820538384845,0.24879264682972346,0.7468468468468472,0.25750462370180527,0.5035833731485906,0.24426122694466706,0.6859263571532529,0.0,0.661236030698803,0.20972644376899652,0.7400061031431178,0.19271190312999642,0.5837669094693025,0.31553532008829865,0.6548767416934629,0.8488372093023244,0.14473684210526316,0.2380952380952378,0.6000000000000001,0.30015082956259426,0.6552764222599925,0.6552764222599925,0.05607476635514019
0.0,0.7191129883843714,0.21309971562242158,0.5742670220499138,0.29131127565844916,0.5059820538384845,0.25050630939398744,0.7501501501501535,0.278844785887038,0.5035833731485906,0.24298315958299904,0.6878668801241945,0.0,0.6701225259189443,0.21276595744680837,0.7433628318584091,0.20996116061229264,0.5837669094693025,0.31553532008829865,0.657556270096463,0.8476744186046545,0.14473684210526316,0.25,0.6000000000000001,0.3031674208144796,0.9379257603684035,0.9379257603684035,0.03738317757009346
0.0,0.7191129883843714,0.21860379781671557,0.5702689605039966,0.2983175555347273,0.5059820538384845,0.2539336345225105,0.7567567567567568,0.2905107412149679,0.5035833731485906,0.24185545308740958,0.6848590695192345,0.0,0.6701225259189443,0.21276595744680837,0.750076289288983,0.22595384966872123,0.5837669094693025,0.31553532008829865,0.6602357984994629,0.8465116279069811,0.14473684210526316,0.26190476190476214,0.6000000000000001,0.30618401206636503,0.9904274247895791,0.9904274247895791,0.04672897196261682
0.0,0.7226328757479725,0.21768645078433146,0.5689362733220267,0.30358983972256126,0.4985044865403787,0.2553357220750885,0.7567567567567568,0.29193341869398215,0.5035833731485906,0.2402014835605451,0.6812691020229953,0.0,0.6795475966069746,0.21276595744680837,0.750076289288983,0.23646333104866324,0.5837669094693025,0.3134066540523466,0.6629153269024661,0.8453488372093041,0.14473684210526316,0.2738095238095235,0.6000000000000001,0.30920060331825033,0.2594607520767973,0.2594607520767973,0.06542056074766356
0.0,0.7296726504751845,0.21768645078433146,0.5662708989580794,0.30630799512606766,0.4985044865403787,0.26468297242561056,0.7567567567567568,0.28908806373594964,0.5035833731485906,0.2402014835605451,0.6827244942512007,0.0,0.6795475966069746,0.20624113475177297,0.750076289288983,0.2456020105094825,0.5837669094693025,0.3132174392935969,0.6655948553054662,0.8441860465116307,0.14473684210526316,0.2857142857142857,0.6000000000000001,0.31221719457013575,0.9775114664929697,0.9775114664929697,0.07476635514018692
0.0,0.7296726504751845,0.20915512338317555,0.5614247637509044,0.2989970943856046,0.4985044865403787,0.2693565976008716,0.7567567567567568,0.2861004410300172,0.5035833731485906,0.23679330392942993,0.6817542327657314,0.0,0.6808940352766919,0.19285714285714173,0.750076289288983,0.256682659355723,0.5837669094693025,0.33386549984231806,0.6677384780278681,0.8426356589147233,0.14473684210526316,0.2857142857142857,0.6000000000000001,0.31447963800904977,0.37029866398058414,0.37029866398058414,0.07476635514018692
0.0,0.7296726504751845,0.1828501972296125,0.559001696147321,0.2866248008248209,0.4985044865403787,0.27216077270602845,0.7567567567567568,0.2772798406601238,0.5099538143016435,0.2306786287089017,0.6798137097947897,0.0,0.6889726672950045,0.18354609929078025,0.7561794324076918,0.2546264564770391,0.5879292403746097,0.3380518763796896,0.6698821007502669,0.8410852713178407,0.14473684210526316,0.2857142857142857,0.6000000000000001,0.3167420814479638,0.982676938911095,0.982676938911095,0.06542056074766356
0.0,0.7296726504751845,0.15714154664709634,0.554640174460866,0.26787890149029947,0.5022432701894317,0.27940489172768257,0.7567567567567568,0.2691705790297352,0.5131390348781653,0.22020348837209286,0.6789404744578665,0.0,0.6849333512858531,0.16843971631205668,0.7531278608483327,0.2489147818140265,0.5941727367325702,0.34078366445915953,0.6720257234726688,0.8395348837209333,0.14473684210526316,0.2857142857142857,0.6000000000000001,0.3190045248868778,0.25715977116546074,0.25715977116546074,0.06542056074766356
0.0,0.7296726504751845,0.13494174846344542,0.5524594136176384,0.24941419064579584,0.5059820538384845,0.2815080230565501,0.7567567567567568,0.2606345141556423,0.5131390348781653,0.2112820769847638,0.6789404744578665,0.0,0.6852026390197927,0.16007092198581552,0.7592310039670425,0.24434544208361864,0.5941727367325702,0.34243929359823233,0.6741693461950706,0.8379844961240224,0.14473684210526316,0.2857142857142857,0.6000000000000001,0.3212669683257918,0.19282464086428425,0.19282464086428425,0.05607476635514019
0.0,0.7296726504751845,0.11677827722227485,0.5476132784104637,0.23254288124472722,0.5059820538384845,0.2815080230565501,0.7567567567567568,0.24903969270166448,0.5217391304347825,0.2006565757818763,0.6789404744578665,0.0,0.6876262286252877,0.1534447821681878,0.7592310039670425,0.23851953392734737,0.5941727367325702,0.34078366445915953,0.6763129689174694,0.8364341085271398,0.14473684210526316,0.2857142857142857,0.6000000000000001,0.3235294117647059,0.37207670914400764,0.37207670914400764,0.06542056074766356
0.0,0.7296726504751845,0.10549490872397194,0.5427671432032959,0.21829599775049358,0.5059820538384845,0.28010593550397167,0.7567567567567568,0.23900981647460506,0.5217391304347825,0.19273757016840348,0.6808809974288081,0.0,0.6870876531573986,0.1472340425531915,0.7592310039670425,0.23646333104866324,0.5941727367325702,0.33399558498896087,0.6784565916398715,0.834883720930236,0.14473684210526316,0.2857142857142857,0.6000000000000001,0.3257918552036199,0.24801540605981656,0.24801540605981656,0.07476635514018692
0.0,0.7296726504751845,0.10017429593615235,0.5379210079961216,0.2107976380166845,0.5059820538384845,0.28010593550397167,0.7567567567567568,0.23075828709631652,0.5312947921643574,0.184718323977546,0.6859263571532529,0.0,0.6795475966069746,0.1393110435663617,0.7622825755263922,0.23646333104866324,0.5941727367325702,0.33345159255754964,0.6784565916398715,0.8333333333333286,0.14254385964912236,0.2738095238095235,0.6000000000000001,0.3235294117647059,0.03918489662276621,0.03918489662276621,0.07476635514018692
0.0,0.7296726504751845,0.12118154297771011,0.5299248849042875,0.20433030274627495,0.5059820538384845,0.2755880978345513,0.7468468468468472,0.21766965428937257,0.5383022774327084,0.17770148356054466,0.6859263571532529,0.0,0.6795475966069746,0.13475177304964536,0.7683857186451011,0.23417866118345754,0.5941727367325702,0.31325883002207355,0.6784565916398715,0.831782945736439,0.1403508771929829,0.26190476190476214,0.6000000000000001,0.3212669683257918,0.7997407309694746,0.7997407309694746,0.11214953271028037
0.0,0.7296726504751845,0.123016237042473,0.5299248849042875,0.20995407254663112,0.5059820538384845,0.27216077270602845,0.7468468468468472,0.211978944373312,0.5418060200668895,0.17153668805132244,0.6827244942512007,0.0,0.6795475966069746,0.13728470111448943,0.7683857186451011,0.23303632625085657,0.5941727367325702,0.28921081677704064,0.6784565916398715,0.8302325581395387,0.1381578947368421,0.25,0.6000000000000001,0.3190045248868778,0.7221604404186216,0.7221604404186216,0.102803738317757
0.0,0.7296726504751845,0.1183377671773228,0.5299248849042875,0.22485706251757498,0.5059820538384845,0.27075868515345003,0.7468468468468472,0.20657276995305174,0.5481764612199422,0.16953187650360863,0.6807839712802591,0.0,0.6795475966069746,0.14248226950354614,0.7683857186451011,0.23737719899474619,0.5941727367325702,0.2730802585935015,0.6784565916398715,0.8286821705426277,0.1359649122807013,0.2380952380952378,0.6000000000000001,0.3167420814479638,0.32107998879549515,0.32107998879549515,0.11214953271028037
0.0,0.7296726504751845,0.12402531877809453,0.5250787496971123,0.23235542225138395,0.5059820538384845,0.2679545100482934,0.7468468468468472,0.20657276995305174,0.5545469023729861,0.16767742582197304,0.6798137097947897,0.0,0.6795475966069746,0.14756838905775183,0.7683857186451011,0.23954763536668944,0.5941727367325702,0.26437637969094774,0.6784565916398715,0.8271317829457452,0.13377192982456182,0.2261904761904764,0.6000000000000001,0.31447963800904977,0.27087141163730916,0.27087141163730916,0.102803738317757
0.0,0.7360084477296727,0.13595083019906395,0.5226556820935289,0.24097853594526153,0.5142904619474908,0.27216077270602845,0.7468468468468472,0.20230473751600497,0.5609173435260393,0.1655723736968729,0.6798137097947897,0.0,0.6795475966069746,0.15248226950354604,0.773878547451937,0.23851953392734737,0.5941727367325702,0.25599180069378713,0.6784565916398715,0.8255813953488342,0.13157894736842102,0.21428571428571427,0.6000000000000001,0.31221719457013575,0.9395990533694344,0.9395990533694344,0.11214953271028037
0.0,0.7360084477296727,0.13595083019906395,0.5226556820935289,0.24472771581216757,0.5142904619474908,0.27216077270602845,0.7468468468468472,0.20230473751600497,0.5637840420449118,0.16366780272654363,0.6789404744578665,0.0,0.6795475966069746,0.15552178318135812,0.773878547451937,0.23417866118345754,0.590010405827263,0.2495584988962456,0.6757770632368714,0.8244186046511643,0.14473684210526316,0.2261904761904764,0.6000000000000001,0.32428355957767724,0.13971012850786155,0.13971012850786155,0.102803738317757
0.0,0.7391763463569163,0.14319787175488652,0.5226556820935289,0.2474458712156712,0.5142904619474908,0.27216077270602845,0.743843843843847,0.20230473751600497,0.5637840420449118,0.16256515637530117,0.6771940037840198,0.0,0.6795475966069746,0.15673758865248233,0.7766249618553545,0.23303632625085657,0.5897130964768886,0.23848943550930057,0.6730975348338681,0.8232558139534909,0.15789473684210525,0.2380952380952378,0.6000000000000001,0.3363499245852187,0.15276056246396807,0.15276056246396807,0.17757009345794394
0.0,0.7391763463569163,0.17438767085588547,0.5182941604070739,0.25306964101602725,0.5142904619474908,0.27216077270602845,0.7378378378378379,0.20230473751600497,0.566650740563784,0.16156275060144337,0.677970212972397,0.0,0.6795475966069746,0.15957446808510634,0.7766249618553545,0.2300205620287865,0.590010405827263,0.23548565121412657,0.670418006430868,0.8220930232558139,0.17105263157894735,0.25,0.6000000000000001,0.34841628959276016,0.0576373073856218,0.0576373073856218,0.102803738317757
0.0,0.7391763463569163,0.18273552885056388,0.5161133995638463,0.2679726309869712,0.5142904619474908,0.27730176039881527,0.7378378378378379,0.20073979228908678,0.5609173435260393,0.1606605854049718,0.6723426963566672,0.0,0.6757775683317624,0.15957446808510634,0.7784559047909663,0.2274160383824535,0.5837669094693025,0.22999448123620025,0.6677384780278681,0.8209302325581405,0.1842105263157895,0.26190476190476214,0.6000000000000001,0.3604826546003018,0.6496043635426707,0.6496043635426707,0.09345794392523364
0.0,0.7391763463569163,0.1807173653793237,0.5161133995638463,0.2773455806542333,0.5142904619474908,0.27730176039881527,0.7378378378378379,0.19760990183525395,0.5652173913043479,0.1606605854049718,0.6643865521758114,0.0,0.6728154032583789,0.16190476190476222,0.7818562273856777,0.22348967002839615,0.5837669094693025,0.22199227373068298,0.6650589496248649,0.8197674418604635,0.19736842105263153,0.2738095238095235,0.6000000000000001,0.372549019607843,0.9268223976946771,0.9268223976946771,0.102803738317757
0.0,0.7391763463569163,0.17732318135950975,0.5088441967530881,0.2806729777861098,0.5142904619474908,0.28010593550397167,0.7378378378378379,0.19760990183525395,0.5695174390826565,0.16015938251804368,0.6574734390918353,0.0,0.6701225259189443,0.16936170212765955,0.785779676533414,0.21439342015078822,0.5837669094693025,0.2150938189845446,0.662379421221865,0.8186046511627936,0.21052631578947367,0.2857142857142857,0.6000000000000001,0.3846153846153846,0.766286132851908,0.766286132851908,0.11214953271028037
0.0,0.7391763463569163,0.17347032382350414,0.506421129149504,0.2878432842815639,0.5142904619474908,0.28010593550397167,0.7378378378378379,0.20073979228908678,0.5695174390826565,0.15915697674418589,0.6557512249551245,0.0,0.6701225259189443,0.17629179331307088,0.785779676533414,0.2098306080485639,0.5837669094693025,0.2095750551876363,0.6570203644158616,0.8178294573643505,0.21929824561403566,0.2738095238095235,0.6000000000000001,0.38838612368024117,0.27132827449561153,0.27132827449561153,0.11214953271028037
0.0,0.7360084477296727,0.1699844051004502,0.5015749939423295,0.2895304152216708,0.5142904619474908,0.28322168562081407,0.7378378378378379,0.20073979228908678,0.5695174390826565,0.1575030072173214,0.6751564546645321,0.0,0.6701225259189443,0.18049645390070923,0.785779676533414,0.20397532556545572,0.5837669094693025,0.20378035320088173,0.6516613076098616,0.8170542635658862,0.22807017543859598,0.26190476190476214,0.6000000000000001,0.3921568627450982,0.00017337173573110778,0.00017337173573110778,0.09345794392523364
0.0,0.7296726504751845,0.1699844051004502,0.4989096195783822,0.2962789389820981,0.5142904619474908,0.2897647608661793,0.7378378378378379,0.19760990183525395,0.5695174390826565,0.15660084202084984,0.6751564546645321,0.0,0.6641981957721861,0.1835359675785211,0.785779676533414,0.19876627827278948,0.5837669094693025,0.20681567328918038,0.6463022508038585,0.8162790697674431,0.23684210526315785,0.25,0.6000000000000001,0.39592760180995473,0.3717880110126438,0.3717880110126438,0.102803738317757
0.0,0.7296726504751845,0.1669571598935885,0.49357887085049534,0.298153528915551,0.5059820538384845,0.2913226359245982,0.7351351351351354,0.19632949210413986,0.5695174390826565,0.1544957898957498,0.6577887740746122,0.0,0.6597549481621112,0.18709219858156034,0.785779676533414,0.20527758738862234,0.5837669094693025,0.2025386313465769,0.6409431939978553,0.8155038759690036,0.24561403508771984,0.2380952380952378,0.6000000000000001,0.39969834087481126,0.3811948740997309,0.3811948740997309,0.07476635514018692
0.0,0.7296726504751845,0.1699844051004502,0.48630966803973696,0.3000281188490014,0.5059820538384845,0.2955288985823332,0.7297297297297296,0.1937686726419121,0.5695174390826565,0.15359362469927823,0.6323679231552903,0.0,0.6597549481621112,0.1949341438703156,0.7872182745542529,0.20973269362577085,0.5837669094693025,0.1887417218543046,0.6355841371918552,0.8147286821705357,0.25438596491228016,0.2261904761904764,0.6000000000000001,0.4034690799396683,0.4039360888862519,0.4039360888862519,0.07476635514018692
0.0,0.7296726504751845,0.1699844051004502,0.481948146353282,0.3019027087824543,0.5009970089730806,0.2955288985823332,0.7297297297297296,0.1937686726419121,0.5609173435260393,0.14998496391339206,0.5886091301605794,0.0,0.6597549481621112,0.20709219858156036,0.7918217882209331,0.2193283070596297,0.5837669094693025,0.17246136865341888,0.630225080385852,0.8139534883720927,0.26315789473684215,0.21428571428571427,0.6000000000000001,0.4072398190045249,0.05371842174849051,0.05371842174849051,0.06542056074766356
0.0,0.7296726504751845,0.17081001742959423,0.4773443179064707,0.3044334051926145,0.49573501717071267,0.2941268110297548,0.7297297297297296,0.1937686726419121,0.5609173435260393,0.14998496391339206,0.5635763838354446,0.0,0.6597549481621112,0.21564716312056742,0.7929726666376009,0.22618231665524324,0.5761359694762433,0.15866445916114635,0.6178992497320482,0.8135658914728623,0.28508771929824617,0.21428571428571427,0.6000000000000001,0.4125188536953245,0.6370005405059095,0.6370005405059095,0.06542056074766356
0.0,0.7296726504751845,0.17081001742959423,0.472498182699296,0.30837004405286395,0.4901960784313726,0.2941268110297548,0.7297297297297296,0.19632949210413986,0.5609173435260393,0.14953388131515627,0.5355358269053501,0.0,0.6597549481621112,0.22735562310030488,0.7918217882209331,0.22926662097326922,0.5723204994797084,0.14873068432670933,0.6055734190782411,0.8131782945736532,0.3070175438596485,0.21428571428571427,0.6000000000000001,0.41779788838612353,0.2361600104291449,0.2361600104291449,0.08411214953271029
0.0,0.7191129883843714,0.1699844051004502,0.4652289798885376,0.31408754334989175,0.4901960784313726,0.2955288985823332,0.7267267267267299,0.1991748470621726,0.5609173435260393,0.14752906976744223,0.5161305971959453,0.0,0.6597549481621112,0.23865248226950353,0.785779676533414,0.23489670028395104,0.5723204994797084,0.14624724061810013,0.5932475884244373,0.8127906976744192,0.32894736842105265,0.21428571428571427,0.6000000000000001,0.4230769230769231,0.35074477757470063,0.35074477757470063,0.09345794392523364
0.0,0.7191129883843714,0.17163562975873836,0.45989823116065054,0.31952385415690454,0.4901960784313726,0.29895622371085606,0.7207207207207211,0.20230473751600497,0.5577321229495176,0.14908279871692048,0.4967253674865377,0.0016852039096731056,0.6597549481621112,0.26332320162107425,0.785779676533414,0.2409184372858122,0.5723204994797084,0.14169426048564993,0.5809217577706334,0.8124031007751888,0.3508771929824567,0.21428571428571427,0.6000000000000001,0.4283559577677226,0.3953655824909843,0.3953655824909843,0.09345794392523364
0.0,0.7191129883843714,0.17347032382350414,0.45480978919311976,0.32880307432749234,0.4901960784313726,0.30207197382769824,0.7207207207207211,0.2078531796841656,0.5513616817964644,0.14998496391339206,0.48508222966089365,0.010380856083586142,0.6597549481621112,0.28985815602836884,0.785779676533414,0.24747870361304303,0.5723204994797084,0.14283250551876225,0.5685959271168264,0.8120155038759798,0.37280701754385914,0.21428571428571427,0.6000000000000001,0.43363499245852166,0.6969515079624262,0.6969515079624262,0.102803738317757
0.0,0.7120732136571586,0.17897440601779813,0.44996365398594484,0.33817602399475166,0.4901960784313726,0.30487614893285486,0.7207207207207211,0.2135438896002262,0.5577321229495176,0.15214013632718454,0.4702372289331975,0.024603977081226795,0.6597549481621112,0.3069402228976701,0.785779676533414,0.258190541466758,0.5723204994797084,0.14624724061810013,0.5562700964630225,0.8116279069767458,0.39473684210526316,0.21428571428571427,0.6000000000000001,0.43891402714932126,0.20167767382798996,0.20167767382798996,0.06542056074766356
0.0,0.7085533262935584,0.18374461058618552,0.44342137145626226,0.3449245477551789,0.4901960784313726,0.30487614893285486,0.7207207207207211,0.21638924455825848,0.5577321229495176,0.15404470729751402,0.4605346140784943,0.038085608358611425,0.6597549481621112,0.3190070921985815,0.785779676533414,0.2657397434642115,0.5723204994797084,0.15562913907284748,0.5471596998928199,0.8120155038759798,0.40350877192982504,0.21428571428571427,0.6000000000000001,0.43589743589743574,0.16963387026426802,0.16963387026426802,0.06542056074766356
0.0,0.7085533262935584,0.18374461058618552,0.4385752362490878,0.34867372762208215,0.4901960784313726,0.30830347406137815,0.7207207207207211,0.22207995447431927,0.5513616817964644,0.15660084202084984,0.4511230776694319,0.04917425008426016,0.6641981957721861,0.32968591691996085,0.787793713762587,0.2725839616175463,0.5723204994797084,0.1752207505518748,0.5380493033226141,0.8124031007751888,0.41228070175438536,0.21428571428571427,0.6000000000000001,0.43288084464555066,0.3520634620991281,0.3520634620991281,0.06542056074766356
0.0,0.7085533262935584,0.1862214475736177,0.43372910104192,0.3533602024557132,0.4901960784313726,0.3100171366256419,0.7207207207207211,0.22506757718025194,0.5513616817964644,0.15860565356856388,0.445107456459516,0.05989214694978088,0.6597549481621112,0.3466666666666667,0.7958498626792792,0.27651032997160363,0.5723204994797084,0.19426048565121268,0.5289389067524115,0.8127906976744192,0.42105263157894735,0.21428571428571427,0.6000000000000001,0.4298642533936652,0.7757624927396196,0.7757624927396196,0.05607476635514019
0.0,0.7008095740936324,0.18457022291532943,0.4288829658347455,0.3587965132627232,0.4901960784313726,0.3100171366256419,0.7147147147147115,0.22506757718025194,0.5513616817964644,0.1611116680032076,0.442196672003105,0.0656892483990563,0.6627171132354948,0.35070921985815606,0.7958498626792792,0.28067169294036987,0.5723204994797084,0.20557395143487556,0.519828510182209,0.8131782945736532,0.42982456140350933,0.21428571428571427,0.6000000000000001,0.4268476621417796,0.5882760742620418,0.5882760742620418,0.06542056074766356
0.0,0.6969376979936641,0.1862214475736177,0.41846377513932764,0.3665760614865502,0.4901960784313726,0.31469076180090294,0.7117117117117118,0.22791293213828423,0.5513616817964644,0.16311647955092162,0.43637510309028293,0.07040781934614085,0.6618284637134775,0.36085106382978727,0.7958498626792792,0.28439244100655925,0.5723204994797084,0.21923289183222683,0.5107181136120031,0.8135658914728623,0.43859649122806965,0.21428571428571427,0.6000000000000001,0.4238310708898946,0.1804223237117449,0.1804223237117449,0.04672897196261682
0.0,0.6969376979936641,0.1862214475736177,0.41361763993215295,0.37032524135345324,0.4901960784313726,0.31469076180090294,0.7117117117117118,0.22791293213828423,0.5513616817964644,0.16366780272654363,0.42977732498908455,0.07735085945399392,0.6701225259189443,0.3794326241134751,0.7958498626792792,0.2898560657984919,0.5723204994797084,0.22751103752759083,0.5016077170418006,0.8139534883720927,0.4473684210526315,0.21428571428571427,0.6000000000000001,0.42081447963800905,0.9962289915496021,0.9962289915496021,0.03738317757009346
0.0,0.6969376979936641,0.18723052930923934,0.40707535740247036,0.3792295435373516,0.49296554780103863,0.318897024458638,0.7117117117117118,0.22791293213828423,0.5513616817964644,0.16502105052125088,0.4198806578372871,0.08385574654533193,0.6701225259189443,0.3858156028368793,0.7958498626792792,0.30382845393126434,0.5723204994797084,0.2327538631346564,0.497320471597,0.8143410852713231,0.4517543859649117,0.2023809523809521,0.6000000000000001,0.418552036199095,0.8322341529891499,0.8322341529891499,0.05607476635514019
0.14285714285714285,0.5807814149947197,0.18282726355380396,0.5233826023746049,0.3016215202924366,0.5370001107787714,0.2913226359245982,0.6477477477477478,0.1667378005406186,0.5217391304347825,0.15359362469927823,0.584728084218696,0.0,0.6126295947219604,0.3152482269503547,0.6310649984742129,0.27882111034955415,0.6139438085327782,0.3352649006622517,0.47106109324758844,0.7813953488372114,0.4671052631578947,0.17857142857142855,0.6000000000000001,0.3868778280542986,0.07530160383422836,0.07530160383422836,0.102803738317757
0.0,0.5807814149947197,0.18466195761856685,0.576690089653497,0.2716280813572026,0.5142904619474908,0.2908552734070722,0.6600600600600635,0.17669654289372594,0.5217391304347825,0.15614975942261416,0.6071411245330607,0.0,0.607243840043082,0.3145390070921985,0.6310649984742129,0.2775873886223441,0.6139438085327782,0.33098785871964376,0.48874598070739544,0.7806201550387684,0.43859649122806965,0.19047619047619072,0.6000000000000001,0.38612368024132715,0.9412648937809132,0.9412648937809132,0.3551401869158879
0.0,0.5807814149947197,0.19399596367305816,0.6224860673612749,0.2343237416815086,0.5142904619474908,0.26421560990808457,0.6666666666666667,0.1792573623559539,0.5217391304347825,0.1550471130713717,0.616843739387766,0.0,0.6032045240339301,0.30695035460992903,0.6274031126029893,0.27381768334475676,0.6139438085327782,0.3279525386313453,0.5064308681672025,0.779844961240304,0.41008771929824617,0.2023809523809521,0.6000000000000001,0.3853695324283561,0.05125486502841833,0.05125486502841833,0.21495327102803738
0.0,0.5807814149947197,0.18181818181818254,0.6467167433971419,0.2135157934201909,0.5203832945607589,0.24879264682972346,0.6756756756756761,0.17434912505335043,0.5217391304347825,0.15063652766639862,0.622665308300588,0.0,0.6032045240339301,0.29523809523809574,0.6258337329438892,0.2720552237344551,0.6174124176205302,0.3421633554083854,0.5241157556270096,0.7790697674418574,0.381578947368421,0.21428571428571427,0.6000000000000001,0.3846153846153846,0.6203664640205733,0.6203664640205733,0.102803738317757
0.0,0.5843013023583203,0.161728281809009,0.68282045069057,0.18380354297497492,0.5234297108673978,0.2445863841719884,0.6873873873873875,0.1880779627258513,0.5217391304347825,0.14562449879711298,0.6345024984233242,0.0,0.6032045240339301,0.29574468085106376,0.6255721696673775,0.2686771761480464,0.6243496357960459,0.3474061810154512,0.5348338692390129,0.7782945736434215,0.37061403508771984,0.2380952380952378,0.6000000000000001,0.38838612368024117,0.3696954171081949,0.3696954171081949,0.05607476635514019
0.0,0.5913410770855332,0.15787542427300316,0.7123818754543232,0.16861936451401338,0.5234297108673978,0.24739055927714526,0.698798798798802,0.1994593825579727,0.5160057333970378,0.13961006415396943,0.6451753747634988,0.0,0.6032045240339301,0.2946808510638299,0.6219102837961539,0.26373249779692576,0.6139438085327782,0.3486479028697558,0.5455519828510194,0.7775193798449571,0.359649122807017,0.26190476190476214,0.6000000000000001,0.3921568627450982,0.5511562340122519,0.5511562340122519,0.07476635514018692
0.0,0.5913410770855332,0.1479680763232738,0.7387933123334098,0.14443715437248184,0.5203832945607589,0.23819909643246362,0.7018018018018022,0.18665528524683328,0.5160057333970378,0.13459803528468367,0.651676126716149,0.0,0.6032045240339301,0.2883991894630178,0.6219102837961539,0.26045236463331034,0.6139438085327782,0.3486479028697558,0.5562700964630225,0.7767441860465141,0.3486842105263158,0.2857142857142857,0.6000000000000001,0.39592760180995473,0.4454754591208336,0.4454754591208336,0.06542056074766356
0.0,0.5913410770855332,0.1424639941289798,0.7533317179549261,0.14443715437248184,0.5142904619474908,0.23477177130394056,0.7018018018018022,0.1667378005406186,0.5160057333970378,0.13149057738572573,0.6557512249551245,0.0,0.6032045240339301,0.28687943262411353,0.6219102837961539,0.2627533535689819,0.6139438085327782,0.3486479028697558,0.5669882100750258,0.7759689922480675,0.33771929824561453,0.30952380952380926,0.6000000000000001,0.39969834087481126,0.9166835325663559,0.9166835325663559,0.05607476635514019
0.14285714285714285,0.5913410770855332,0.14494083111641198,0.7751393263872017,0.14631174430593485,0.5142904619474908,0.23648543386820453,0.6927927927927928,0.1638924455825863,0.5160057333970378,0.1284833600641539,0.6692378596031641,0.0,0.6032045240339301,0.28495440729483357,0.6219102837961539,0.2665524331734064,0.6139438085327782,0.3435430463576157,0.5777063236870321,0.7751937984496102,0.3267543859649117,0.33333333333333354,0.6000000000000001,0.4034690799396683,0.6494178084803851,0.6494178084803851,0.06542056074766356
0.0,0.5913410770855332,0.14695899458765227,0.7843469832808316,0.1425625644390287,0.5142904619474908,0.24302850911356955,0.6927927927927928,0.1638924455825863,0.5832138875617108,0.5459853648757018,0.6789404744578665,0.0,0.6032045240339301,0.2678723404255319,0.6219102837961539,0.2635366689513363,0.6139438085327782,0.34078366445915953,0.5884244372990354,0.7744186046511672,0.3157894736842105,0.3571428571428571,0.6000000000000001,0.4072398190045249,0.07610600868068121,0.07610600868068121,0.09345794392523364
0.0,0.6029567053854274,0.15154572974956493,0.7923431063726658,0.15568469397319418,0.5142904619474908,0.24879264682972346,0.6957957957957925,0.1667378005406186,0.6590221372830094,0.7275210505212506,0.6906806384320565,0.0,0.6032045240339301,0.2598784194528865,0.6219102837961539,0.2616860863605206,0.6139438085327782,0.34492273730684175,0.5975348338692379,0.7732558139534866,0.29605263157894735,0.3571428571428571,0.6000000000000001,0.3981900452488688,0.7854973785180334,0.7854973785180334,0.07476635514018692
0.0,0.6029567053854274,0.15521511787909337,0.7971892415798401,0.1536226450463979,0.5142904619474908,0.24879264682972346,0.7018018018018022,0.1724285104566794,0.6338588947284565,0.6232207297514027,0.6984427303158202,0.0,0.6032045240339301,0.24397163120567367,0.6271415493264771,0.25697640262410526,0.6139438085327782,0.34492273730684175,0.6066452304394436,0.7720930232558167,0.2763157894736842,0.3571428571428571,0.6000000000000001,0.3891402714932127,0.9017683208882062,0.9017683208882062,0.08411214953271029
0.14285714285714285,0.6029567053854274,0.16062746537015016,0.7923431063726658,0.15259162058299824,0.5203832945607589,0.2567378096276669,0.7018018018018022,0.1724285104566794,0.6147475712693071,0.5831244987971134,0.7062048221995838,0.0,0.6032045240339301,0.19944275582573412,0.6274031126029893,0.2501713502398901,0.6139438085327782,0.34078366445915953,0.6157556270096463,0.7709302325581433,0.256578947368421,0.3571428571428571,0.6000000000000001,0.38009049773755654,0.13490201175250807,0.13490201175250807,0.08411214953271029
0.0,0.6029567053854274,0.17181909916521587,0.7870123576447787,0.12259818164776426,0.5142904619474908,0.25050630939398744,0.7018018018018022,0.1667378005406186,0.6055104315973912,0.47641840417000775,0.7118323388153108,0.0,0.6032045240339301,0.1950354609929077,0.6345961027071763,0.24135905218838594,0.6139438085327782,0.32395143487858413,0.6248660235798489,0.7697674418604663,0.23684210526315785,0.3571428571428571,0.6000000000000001,0.37104072398190047,0.10523067578849936,0.10523067578849936,0.08411214953271029
0.0,0.6135163674762409,0.12962113567562572,0.7748970196268457,0.08163839160183883,0.5059820538384845,0.21171522043932134,0.698798798798802,0.14112960591833978,0.5927695492912848,0.448351042502004,0.7197884829961664,0.0,0.6032045240339301,0.18019250253292896,0.6393042416844663,0.2246744345442082,0.6208810267082934,0.3185706401765973,0.6339764201500546,0.7686046511627929,0.2171052631578947,0.3571428571428571,0.6000000000000001,0.36199095022624433,0.17745705469489242,0.17745705469489242,0.06542056074766356
0.0,0.6135163674762409,0.0982478671681497,0.765689362733216,0.04977036273315205,0.5059820538384845,0.19613646985511513,0.6927927927927928,0.11267605633802824,0.5860805860805824,0.41311647955092196,0.7254159996118965,0.0,0.6032045240339301,0.15794326241134748,0.6445355072147891,0.2156565162048354,0.6208810267082934,0.31305187637968923,0.6430868167202572,0.7674418604651159,0.19736842105263153,0.3571428571428571,0.6000000000000001,0.3529411764705882,0.026361109135059815,0.026361109135059815,0.06542056074766356
0.0,0.6170362548398416,0.06724153747362793,0.7519990307729567,0.016215202924361294,0.5059820538384845,0.19146284467985408,0.6927927927927928,0.08137715179968819,0.5766841853798372,0.3778944466720126,0.7343424052782215,0.0,0.6032045240339301,0.13657548125633323,0.6504729935916984,0.21213159698423567,0.6208810267082934,0.3102924944812333,0.6500535905680611,0.7655038759690029,0.1907894736842105,0.33333333333333354,0.6000000000000001,0.3514328808446457,0.4547920676993468,0.4547920676993468,0.07476635514018692
0.0,0.6170362548398416,0.043207045225208685,0.7385510055730538,0.0037491798669061493,0.5059820538384845,0.1880355195513308,0.6927927927927928,0.07255655142979078,0.5695174390826565,0.3429981956696074,0.7380293989230098,0.0,0.6069745523091419,0.12269503546099292,0.6585291425083906,0.21125036717908485,0.6139438085327782,0.30201434878586886,0.6570203644158616,0.7635658914728651,0.1842105263157895,0.30952380952380926,0.6000000000000001,0.34992458521870273,0.8215176074947593,0.8215176074947593,0.07476635514018692
0.0,0.6240760295670535,0.043207045225208685,0.7293433486794239,0.0,0.5059820538384845,0.1838292568935962,0.6927927927927928,0.060036989614455694,0.5609173435260393,0.3075130312750605,0.7315286469703594,0.0,0.6058974013733647,0.1126646403242163,0.6585291425083906,0.2090472926662097,0.6139438085327782,0.2935982339955834,0.6639871382636655,0.7616279069767415,0.17763157894736842,0.2857142857142857,0.6000000000000001,0.34841628959276016,0.2550725053630321,0.2550725053630321,0.07476635514018692
0.14285714285714285,0.6240760295670535,0.05439867902027418,0.7196510782650818,0.010403974130659077,0.5059820538384845,0.1744820065430741,0.6927927927927928,0.0540617442025908,0.5609173435260393,0.2833550521251,0.729588123999418,0.0,0.6069745523091419,0.11099290780141835,0.6637604080387143,0.2068931753647325,0.6139438085327782,0.2880794701986753,0.6709539121114694,0.7596899224806322,0.17105263157894735,0.26190476190476214,0.6000000000000001,0.34690799396681765,0.27374955454255184,0.27374955454255184,0.07476635514018692
0.0,0.6240760295670535,0.0449500045867367,0.7143203295371947,0.012091105070765717,0.49573501717071267,0.1355351300825678,0.6927927927927928,0.0526390667235721,0.5609173435260393,0.2593975541299121,0.7315286469703594,0.0,0.6058974013733647,0.11210739614995036,0.6676838571864501,0.20342700479780662,0.6139438085327782,0.2814569536423839,0.6779206859592701,0.7577519379844944,0.16447368421052633,0.2380952380952378,0.6000000000000001,0.34539969834087464,0.782115296364978,0.782115296364978,0.07476635514018692
0.0,0.6304118268215417,0.039629391798917335,0.704385752362489,0.021557784234699673,0.4901960784313726,0.12050163576881001,0.6927927927927928,0.06430502205150224,0.5609173435260393,0.24325882117080927,0.729588123999418,0.0,0.6126295947219604,0.11546099290780143,0.6676838571864501,0.20219328307059614,0.6139438085327782,0.2756622516556291,0.684887459807074,0.7558139534883708,0.15789473684210525,0.21428571428571427,0.6000000000000001,0.3438914027149321,0.76684886076594,0.76684886076594,0.07476635514018692
0.14285714285714285,0.6388595564941919,0.014356481056784665,0.700024230676034,0.027181554035055844,0.49573501717071267,0.10095030378563674,0.6927927927927928,0.06572769953051649,0.5577321229495176,0.22782177225340844,0.7266773395430068,0.0,0.6185539248687177,0.10724417426545019,0.673405553860237,0.20090815627141856,0.6139438085327782,0.2704194260485637,0.6902465166130771,0.7546511627907009,0.14912280701754344,0.2261904761904764,0.5692307692307692,0.3393665158371041,0.4137990593961977,0.4137990593961977,0.14018691588785048
0.0,0.6441393875395984,0.009265205027062517,0.6954204022292227,0.031024463398633406,0.49296554780103863,0.0976787661629539,0.6887387387387391,0.05921895006402056,0.5513616817964644,0.21579290296712156,0.7226022413040315,0.0,0.6229971724787935,0.0992198581560284,0.6768385718645091,0.19876627827278948,0.6139438085327782,0.26738410596026485,0.6956055734190771,0.7534883720930274,0.1403508771929829,0.2380952380952378,0.5384615384615385,0.334841628959276,0.8492849026548623,0.8492849026548623,0.12149532710280375
0.0,0.6518831397395239,0.005779286304008591,0.6857281318148731,0.03646077420564353,0.4985044865403787,0.0886430908241127,0.6927927927927928,0.04822876653862562,0.5513616817964644,0.20416499599037624,0.7263862610973658,0.0,0.6229971724787935,0.09184397163120561,0.6803696760974725,0.19431117203564074,0.6208810267082934,0.2617273730684313,0.7009646302250805,0.7523255813953504,0.13157894736842102,0.25,0.5076923076923077,0.33031674208144796,0.8187028587572069,0.8187028587572069,0.06542056074766356
0.14285714285714285,0.6557550158394931,0.0,0.6782166222437589,0.04967663323648053,0.49573501717071267,0.09954821623305832,0.6846846846846846,0.04822876653862562,0.5513616817964644,0.19414093825180473,0.7294910978508719,0.0,0.6324222431668238,0.09539007092198581,0.6768385718645091,0.17594242631939672,0.6139438085327782,0.25344922737306685,0.7063236870310836,0.751162790697677,0.1228070175438592,0.26190476190476214,0.47692307692307695,0.3257918552036199,0.7331178370827683,0.7331178370827683,0.05607476635514019
0.0,0.6627947905667047,0.011191633795065492,0.6636782166222421,0.05323835411004041,0.48465713969203184,0.13350989250661804,0.6846846846846846,0.05107412149665813,0.5513616817964644,0.184167000801924,0.7254159996118965,0.0,0.6324222431668238,0.09235055724417374,0.6768385718645091,0.15387251542152147,0.6139438085327782,0.25344922737306685,0.7116827438370836,0.75,0.11403508771929866,0.2738095238095235,0.4461538461538462,0.3212669683257918,0.5128109554479482,0.5128109554479482,0.06542056074766356
0.0,0.6663146779303062,0.025777451609944824,0.651805185364672,0.0562376980035616,0.4788412540157274,0.16014955600560565,0.6846846846846846,0.05861431213543722,0.5449912406434108,0.1761477546110664,0.729588123999418,0.0,0.6343072573044297,0.09120567375886524,0.6731766859932855,0.16298834818368735,0.6139438085327782,0.24103200883002063,0.7170418006430868,0.7488372093023266,0.10526315789473684,0.2857142857142857,0.4153846153846154,0.3167420814479638,0.23966621593508447,0.23966621593508447,0.018691588785046728
0.0,0.6663146779303062,0.034950921933767476,0.6469590501574978,0.06354859874402474,0.4788412540157274,0.16014955600560565,0.6846846846846846,0.06145966709346995,0.5481764612199422,0.1680282678428227,0.7315286469703594,0.0,0.6418473138548537,0.08865248226950351,0.6702994899516073,0.1607265250171348,0.6208810267082934,0.23578918322295528,0.7181136120042861,0.7472868217054192,0.09649122807017502,0.2857142857142857,0.4461538461538462,0.3031674208144796,0.967589302120235,0.967589302120235,0.018691588785046728
0.0,0.6768743400211192,0.0469681680579771,0.6469590501574978,0.08416908801199907,0.48188767032236623,0.15111388066676934,0.6846846846846846,0.06956892872385834,0.5418060200668895,0.1641188853247793,0.7354096929122399,0.0,0.6503298774740809,0.09184397163120561,0.6676838571864501,0.1581220013708018,0.6208810267082934,0.24668874172185418,0.7191854233654886,0.7457364341085366,0.08771929824561447,0.2857142857142857,0.47692307692307695,0.28959276018099545,0.6777331834656535,0.6777331834656535,0.028037383177570097
0.0,0.683210137275607,0.054306944317036976,0.6416283014296107,0.10122785640641108,0.48188767032236623,0.15391805577192597,0.6846846846846846,0.07554417413572345,0.5418060200668895,0.16366780272654363,0.7354096929122399,0.0,0.6516763161437982,0.09488348530901758,0.6611447752735478,0.15387251542152147,0.6139438085327782,0.25220750551876225,0.720257234726688,0.7441860465116257,0.07894736842105265,0.2857142857142857,0.5076923076923077,0.27601809954751133,0.9580388313141784,0.9580388313141784,0.009345794392523366
0.0,0.6898979232664513,0.0661407210347692,0.6389629270656634,0.11622457587402935,0.48188767032236623,0.15703380588876814,0.6846846846846846,0.0842225067577167,0.5418060200668895,0.1645699679230151,0.732498908455829,0.0,0.6610508953817151,0.09778368794326242,0.6585291425083906,0.15387251542152147,0.6139438085327782,0.2549668874172186,0.7213290460878874,0.7426356589147218,0.07017543859649078,0.2857142857142857,0.5384615384615385,0.26244343891402716,0.1546441184854301,0.1546441184854301,0.05607476635514019
0.0,0.6969376979936641,0.07182827263553793,0.6389629270656634,0.1274721154747418,0.48188767032236623,0.16326530612244783,0.6846846846846846,0.08962868117797695,0.5418060200668895,0.1655723736968729,0.736185902100617,0.0,0.6701225259189443,0.10354609929078018,0.6570905444875517,0.15343190051894795,0.6139438085327782,0.2580022075055173,0.7224008574490901,0.7410852713178357,0.06140350877193024,0.2857142857142857,0.5692307692307692,0.248868778280543,0.46933403954344854,0.46933403954344854,0.04672897196261682
0.0,0.7085533262935584,0.08375378405651013,0.631693724254905,0.13768863061205439,0.48465713969203184,0.17136625642623193,0.6927927927927928,0.10129463650590242,0.5418060200668895,0.16667502004811535,0.7460825692524145,0.0,0.67685471926754,0.10638297872340419,0.6484589563625254,0.15140507196710074,0.6139438085327782,0.2621412803531993,0.7234726688102893,0.7395348837209319,0.05263157894736842,0.2857142857142857,0.6000000000000001,0.23529411764705882,0.48642646553932917,0.48642646553932917,0.04672897196261682
0.0,0.7085533262935584,0.08907439684432705,0.631693724254905,0.1470615802793137,0.4901960784313726,0.17728618164823073,0.6873873873873875,0.10698534642196744,0.5418060200668895,0.16817862870890127,0.7480230922233533,0.0,0.6889726672950045,0.1131205673758865,0.6484589563625254,0.15387251542152147,0.6139438085327782,0.2621412803531993,0.7336548767416944,0.7368217054263511,0.05482456140350922,0.2738095238095235,0.6000000000000001,0.2518853695324285,0.45624449457062893,0.45624449457062893,0.04672897196261682
0.0,0.7191129883843714,0.09292725438033278,0.6295129634116776,0.15755928390664697,0.4901960784313726,0.1838292568935962,0.6873873873873875,0.1111111111111096,0.5418060200668895,0.16908079390537284,0.7451123077669422,0.0,0.6938198465059944,0.1131205673758865,0.6484589563625254,0.15764222069910905,0.6139438085327782,0.2633830022075041,0.7438370846730964,0.7341085271317915,0.05701754385964869,0.26190476190476214,0.6000000000000001,0.2684766214177979,0.11449456410160354,0.11449456410160354,0.04672897196261682
0.0,0.7191129883843714,0.07256215026144464,0.6251514417252224,0.16130846377355024,0.4901960784313726,0.1866334319987526,0.6873873873873875,0.11651728553137009,0.5418060200668895,0.16953187650360863,0.7489933537088255,0.0,0.6993402450518376,0.11390070921985807,0.6471511399799463,0.15940468030941024,0.6139438085327782,0.2658664459161135,0.7540192926045015,0.7313953488372107,0.05921052631578949,0.25,0.6000000000000001,0.2850678733031674,0.6288206333574999,0.6288206333574999,0.03738317757009346
0.0,0.7191129883843714,0.045225208696451524,0.6178822389144643,0.13178367232168042,0.49296554780103863,0.19317650724411783,0.6873873873873875,0.1212121212121211,0.5418060200668895,0.16767742582197304,0.7535535826905341,0.0,0.706880301602262,0.11803444782168082,0.6393042416844663,0.1607265250171348,0.6208810267082934,0.2658664459161135,0.7642015005359069,0.7286821705426334,0.06140350877193024,0.2380952380952378,0.6000000000000001,0.30165912518853694,0.3623373908877159,0.3623373908877159,0.03738317757009346
0.0,0.7261527631115838,0.023025410512797828,0.6106130361037057,0.11538101040397575,0.4985044865403787,0.19317650724411783,0.6927927927927928,0.12405747617015339,0.5418060200668895,0.1655723736968729,0.7518071120166875,0.0,0.7172478793590951,0.12198581560283694,0.6393042416844663,0.1623421129932452,0.6139438085327782,0.2689017660044122,0.7743837084673086,0.7259689922480703,0.06359649122806976,0.2261904761904764,0.6000000000000001,0.3182503770739065,0.06325045587775326,0.06325045587775326,0.03738317757009346
0.0,0.7296726504751845,0.02486010457756349,0.6106130361037057,0.12475396007123518,0.4985044865403787,0.1947343823025367,0.6927927927927928,0.13102859581732829,0.5418060200668895,0.16311647955092162,0.7535535826905341,0.0,0.7172478793590951,0.12411347517730498,0.6393042416844663,0.16223440712817006,0.6139438085327782,0.2580022075055173,0.7845659163987138,0.7232558139534895,0.06578947368421051,0.21428571428571427,0.6000000000000001,0.334841628959276,0.4192238203594877,0.4192238203594877,0.03738317757009346
0.0,0.7360084477296727,0.03788643243739187,0.6106130361037057,0.13768863061205439,0.4985044865403787,0.1947343823025367,0.6927927927927928,0.13358941527955603,0.5418060200668895,0.16201383319967916,0.7554941056614759,0.0,0.7151743638077288,0.12602836879432633,0.6393042416844663,0.16449623029472216,0.6139438085327782,0.2580022075055173,0.7829581993569132,0.7217054263565821,0.07017543859649078,0.2261904761904764,0.6000000000000001,0.3401206636500754,0.770123258437519,0.770123258437519,0.05607476635514019
0.0,0.7391763463569163,0.05146316851664956,0.6052822873758188,0.14537444933920696,0.5022432701894317,0.1999532637482464,0.6927927927927928,0.13785744771660258,0.5418060200668895,0.16201383319967916,0.7596662300489971,0.0,0.706880301602262,0.12730496453900708,0.6393042416844663,0.16449623029472216,0.6139438085327782,0.2621412803531993,0.7813504823151125,0.7201550387596996,0.07456140350877238,0.2380952380952378,0.6000000000000001,0.34539969834087464,0.5196059407749758,0.5196059407749758,0.04672897196261682
0.0,0.7470960929250261,0.06458123107971825,0.6026169130118715,0.15755928390664697,0.5059820538384845,0.20719738276990096,0.6927927927927928,0.14137857447716606,0.5418060200668895,0.16201383319967916,0.7596662300489971,0.0,0.706880301602262,0.12730496453900708,0.6393042416844663,0.16596494663663797,0.6139438085327782,0.2621412803531993,0.7797427652733118,0.7186046511627922,0.07894736842105265,0.25,0.6000000000000001,0.3506787330316742,0.5230951685446442,0.5230951685446442,0.04672897196261682
0.0,0.7497360084477294,0.07439684432621019,0.6026169130118715,0.16487018464711012,0.5059820538384845,0.21000155787505737,0.6927927927927928,0.14255228339735382,0.5418060200668895,0.16201383319967916,0.7596662300489971,0.0,0.7028409855931097,0.12593718338399296,0.6393042416844663,0.16792323509252904,0.6139438085327782,0.2658664459161135,0.7781350482315113,0.7170542635658883,0.08333333333333287,0.26190476190476214,0.6000000000000001,0.35595776772247373,0.29702682319949486,0.29702682319949486,0.04672897196261682
0.0,0.7536078845476981,0.08375378405651013,0.6026169130118715,0.17714874871121922,0.5142904619474908,0.21311730799189976,0.6927927927927928,0.1482429933134144,0.5418060200668895,0.16201383319967916,0.7664823169844274,0.0,0.7049952874646561,0.1266666666666666,0.6393042416844663,0.16792323509252904,0.6139438085327782,0.26307257174392795,0.7765273311897105,0.7155038759689987,0.08771929824561447,0.2738095238095235,0.6000000000000001,0.36123680241327283,0.4600702273793549,0.4600702273793549,0.03738317757009346
0.0,0.7613516367476236,0.08907439684432705,0.6026169130118715,0.18277251851157528,0.5142904619474908,0.2165446331204226,0.6927927927927928,0.1510883482714469,0.5449912406434108,0.16256515637530117,0.7700480279435309,0.0,0.7014945469233835,0.1254812563323192,0.6376563930424153,0.16723783413296744,0.6139438085327782,0.2621412803531993,0.77491961414791,0.7139534883720948,0.09210526315789475,0.2857142857142857,0.6000000000000001,0.3665158371040724,0.021073784560685142,0.021073784560685142,0.03738317757009346
0.0,0.7613516367476236,0.09659664250986122,0.5977707778046963,0.1912081732121096,0.5142904619474908,0.22262034584826207,0.6927927927927928,0.1510883482714469,0.5449912406434108,0.16256515637530117,0.7721826032115645,0.0,0.6974552309142317,0.12411347517730498,0.6345961027071763,0.16596494663663797,0.6139438085327782,0.2621412803531993,0.7765273311897105,0.7108527131783049,0.08991228070175394,0.29761904761904784,0.6000000000000001,0.36500754147812986,0.8462582580012772,0.8462582580012772,0.03738317757009346
0.0,0.7613516367476236,0.10026603063939254,0.5977707778046963,0.19683194301246565,0.5142904619474908,0.2254245209534187,0.6927927927927928,0.15364916773367487,0.5513616817964644,0.1655723736968729,0.7721826032115645,0.0,0.6974552309142317,0.1254812563323192,0.6310649984742129,0.16449623029472216,0.6139438085327782,0.2621412803531993,0.7781350482315113,0.7077519379844901,0.08771929824561447,0.30952380952380926,0.6000000000000001,0.36349924585218685,0.2623494533800119,0.2623494533800119,0.04672897196261682
0.0,0.7613516367476236,0.10742133749197491,0.5953477102011129,0.20433030274627495,0.5173368782541292,0.22854027107026087,0.6927927927927928,0.15492957746478875,0.5513616817964644,0.16667502004811535,0.7732498908455829,0.0,0.6974552309142317,0.12602836879432633,0.6310649984742129,0.16706648389307732,0.6139438085327782,0.2597760958688078,0.7797427652733118,0.7046511627907002,0.08552631578947367,0.3214285714285714,0.6000000000000001,0.36199095022624433,0.09611985141109249,0.09611985141109249,0.028037383177570097
0.0,0.7613516367476236,0.11127419502798064,0.5953477102011129,0.20789202361983483,0.5234297108673978,0.23477177130394056,0.6927927927927928,0.15777493242282126,0.5545469023729861,0.16717622293504336,0.7732498908455829,0.0,0.6950316413087363,0.12730496453900708,0.6310649984742129,0.16792323509252904,0.6139438085327782,0.2596578366445901,0.7813504823151125,0.7015503875969102,0.08333333333333287,0.33333333333333354,0.6000000000000001,0.3604826546003018,0.17404571315781467,0.17404571315781467,0.04672897196261682
0.0,0.7719112988384371,0.11576919548665332,0.5953477102011129,0.21567157184365893,0.5234297108673978,0.23648543386820453,0.6927927927927928,0.1591976099018353,0.5609173435260393,0.16817862870890127,0.7721826032115645,0.0,0.6923656927426955,0.13085106382978728,0.6310649984742129,0.16792323509252904,0.6139438085327782,0.2580022075055173,0.7829581993569132,0.6984496124030919,0.0811403508771934,0.34523809523809496,0.6000000000000001,0.3589743589743588,0.5380771980686266,0.5380771980686266,0.03738317757009346
0.0,0.7719112988384371,0.11925511420970725,0.5953477102011129,0.22110788265067172,0.5234297108673978,0.2399127589967276,0.6927927927927928,0.16232750035566768,0.5637840420449118,0.16817862870890127,0.7721826032115645,0.0,0.6901844620977473,0.1330800405268473,0.6310649984742129,0.16792323509252904,0.6139438085327782,0.2580022075055173,0.7845659163987138,0.6953488372093055,0.07894736842105265,0.3571428571428571,0.6000000000000001,0.3574660633484163,0.5180226465895111,0.5180226465895111,0.04672897196261682
0.0,0.7719112988384371,0.1231997064489504,0.5931669493578855,0.22598181647764615,0.5234297108673978,0.24147063405514646,0.6927927927927928,0.1638924455825863,0.5758878802357097,0.16817862870890127,0.776160675301994,0.0,0.6889726672950045,0.13475177304964536,0.6310649984742129,0.17100753941055524,0.6213765422922581,0.26095868811100575,0.7829581993569132,0.6937984496123981,0.07894736842105265,0.3571428571428571,0.6000000000000001,0.35595776772247373,0.8758047398613467,0.8758047398613467,0.03738317757009346
0.0,0.7719112988384371,0.12503440051371584,0.5888054276714303,0.22785640641109894,0.5289686496067376,0.2445863841719884,0.6927927927927928,0.1638924455825863,0.5790731008122314,0.16817862870890127,0.7781011982729354,0.0,0.6889726672950045,0.1357649442755815,0.6310649984742129,0.17100753941055524,0.6139438085327782,0.2580022075055173,0.7813504823151125,0.6922480620155085,0.07894736842105265,0.3571428571428571,0.6000000000000001,0.35444947209653077,0.017753098537062494,0.017753098537062494,0.04672897196261682
0.0,0.7719112988384371,0.12952940097238863,0.5863823600678468,0.2324491517480557,0.5317381189764041,0.24598847172456684,0.6927927927927928,0.1667378005406186,0.5860805860805824,0.16817862870890127,0.776160675301994,0.0,0.6889726672950045,0.13829787234042556,0.6310649984742129,0.17100753941055524,0.6139438085327782,0.2580022075055173,0.7797427652733118,0.6906976744186082,0.07894736842105265,0.3571428571428571,0.6000000000000001,0.3529411764705882,0.7129409364994265,0.7129409364994265,0.1869158878504673
0.0,0.7719112988384371,0.12952940097238863,0.5815362248606721,0.23413628268816256,0.5317381189764041,0.24879264682972346,0.6927927927927928,0.1607625551287537,0.5991399904443384,0.1651212910986372,0.776160675301994,0.0,0.6808940352766919,0.13470111448834743,0.6310649984742129,0.1666666666666654,0.6139438085327782,0.2580022075055173,0.7781350482315113,0.6891472868216972,0.07894736842105265,0.3571428571428571,0.6000000000000001,0.3514328808446457,0.7326202999407572,0.7326202999407572,0.28971962616822433
0.0,0.7719112988384371,0.23869369782588912,0.579113157257088,0.2192332927172188,0.5317381189764041,0.2413148465493058,0.6927927927927928,0.1591976099018353,0.6063067367415196,0.1587058941459501,0.7781011982729354,0.0,0.6795475966069746,0.13163120567375886,0.6219102837961539,0.16221156042951668,0.6184034487884598,0.25605093030589376,0.7765273311897105,0.6875968992248147,0.07894736842105265,0.3571428571428571,0.6000000000000001,0.34992458521870273,0.2524312662211932,0.2524312662211932,0.4766355140186916
0.0,0.7719112988384371,0.25887533253829975,0.5742670220499138,0.2201471553097767,0.5317381189764041,0.23477177130394056,0.6927927927927928,0.15706359368331202,0.6086956521739129,0.15148857257417797,0.776160675301994,0.0,0.6795475966069746,0.13829787234042556,0.6219102837961539,0.1551290838473851,0.6243496357960459,0.2612306843267094,0.77491961414791,0.6860465116279038,0.07894736842105265,0.3571428571428571,0.6000000000000001,0.34841628959276016,0.9954502009481452,0.9954502009481452,0.4485981308411215
0.0,0.7754311862020378,0.37547014035409765,0.5742670220499138,0.2303871028212593,0.5317381189764041,0.23477177130394056,0.6927927927927928,0.16271873666239856,0.6086956521739129,0.1480803929430627,0.7799446950953283,0.0,0.6795475966069746,0.15638297872340423,0.6219102837961539,0.15284441398217963,0.6243496357960459,0.267167297382529,0.77491961414791,0.6837209302325604,0.08771929824561447,0.34523809523809496,0.6000000000000001,0.3604826546003018,0.8951469250318481,0.8951469250318481,0.13084112149532712
0.0,0.7824709609292502,0.35712319970644946,0.5742670220499138,0.2615990252132362,0.5317381189764041,0.23819909643246362,0.6927927927927928,0.1735666524398931,0.6086956521739129,0.14697774659182034,0.7799446950953283,0.0,0.6795475966069746,0.178581560283688,0.6219102837961539,0.15284441398217963,0.6243496357960459,0.2843267108167755,0.77491961414791,0.6813953488372135,0.09649122807017502,0.33333333333333354,0.6000000000000001,0.372549019607843,0.8743229858404089,0.8743229858404089,0.07476635514018692
0.0,0.7824709609292502,0.26447114943583117,0.5742670220499138,0.2728465648139484,0.5317381189764041,0.2445863841719884,0.698798798798802,0.18651301749893312,0.6086956521739129,0.1486317161186848,0.7808179304322516,0.0,0.6795475966069746,0.18576494427558154,0.6188587122368032,0.1496458761708943,0.6243496357960459,0.2925930305897184,0.77491961414791,0.6790697674418631,0.10526315789473684,0.3214285714285714,0.6000000000000001,0.3846153846153846,0.17886176710850282,0.17886176710850282,0.07476635514018692
0.0,0.7824709609292502,0.22942849279882638,0.5662708989580794,0.27378385978067354,0.5317381189764041,0.24598847172456684,0.698798798798802,0.19476454687722144,0.6086956521739129,0.14752906976744223,0.7730558385484879,0.0,0.6795475966069746,0.19078014184397163,0.6127555691180944,0.1473612063056886,0.6243496357960459,0.294839955849888,0.77491961414791,0.6767441860465127,0.11403508771929866,0.30952380952380926,0.6000000000000001,0.39668174962292624,0.6813845834775889,0.6813845834775889,0.06542056074766356
0.14285714285714285,0.7824709609292502,0.20287129621135747,0.5662708989580794,0.2754709907207804,0.5372770577157444,0.2522199719582465,0.7018018018018022,0.19995731967562946,0.6086956521739129,0.14652666399358455,0.7662640081501966,0.0,0.6795475966069746,0.198328267477202,0.6127555691180944,0.1507882111034955,0.6243496357960459,0.294839955849888,0.77491961414791,0.6744186046511622,0.1228070175438592,0.29761904761904784,0.6000000000000001,0.4087481146304674,0.9960370967417165,0.9960370967417165,0.05607476635514019
0.0,0.7824709609292502,0.19108338684524506,0.559001696147321,0.2772518511575588,0.5372770577157444,0.2522199719582465,0.7051051051051085,0.20372741499501923,0.6086956521739129,0.14562449879711298,0.7625770145054084,0.0,0.6795475966069746,0.21063829787234045,0.6127555691180944,0.15284441398217963,0.63579604578564,0.28929359823399414,0.77491961414791,0.6720930232558189,0.13157894736842102,0.2857142857142857,0.6000000000000001,0.42081447963800905,0.5789267330197148,0.5789267330197148,0.06542056074766356
0.0,0.7824709609292502,0.18723052930923934,0.559001696147321,0.2791264410910119,0.5317381189764041,0.25502414706340315,0.7051051051051085,0.20372741499501923,0.6335403726708073,0.40965817963111445,0.7540387134332703,0.0,0.6795475966069746,0.21550151975684018,0.6127555691180944,0.15867032213845067,0.6292552400773042,0.2873304951119495,0.7674169346195079,0.6709302325581419,0.15570175438596445,0.2738095238095235,0.6000000000000001,0.4411764705882353,0.1174607378245902,0.1174607378245902,0.102803738317757
0.0,0.7824709609292502,0.17989175305017957,0.5524594136176384,0.28409410441466065,0.5317381189764041,0.2598535597445093,0.708408408408405,0.20230473751600497,0.6469182990922124,0.4246942662389733,0.7615097268713927,0.0,0.6795475966069746,0.21744680851063825,0.6127555691180944,0.16552433173406422,0.6289281997918834,0.27869757174392773,0.7599142550911029,0.6697674418604684,0.17982456140350928,0.26190476190476214,0.6000000000000001,0.46153846153846156,0.9654292525346634,0.9654292525346634,0.09345794392523364
0.0,0.7754311862020378,0.17640583432712575,0.5524594136176384,0.2878432842815639,0.5317381189764041,0.26328088487303236,0.708408408408405,0.20515009247403748,0.722408026755853,0.7425571371291095,0.7615097268713927,0.0,0.6795475966069746,0.22695035460992918,0.6127555691180944,0.17226410783641866,0.6243496357960459,0.2704194260485637,0.7524115755627008,0.6686046511627879,0.20394736842105265,0.25,0.6000000000000001,0.48190045248868774,0.9223456451051207,0.9223456451051207,0.07476635514018692
0.0,0.7719112988384371,0.1754884872947442,0.5500363460140547,0.298153528915551,0.5317381189764041,0.2679545100482934,0.7117117117117118,0.2078531796841656,0.7103041885650547,0.6774007618283884,0.7596662300489971,0.0,0.6795475966069746,0.23879432624113472,0.606042111687521,0.17683344756682629,0.6243496357960459,0.2704194260485637,0.7449088960342989,0.667441860465118,0.22807017543859598,0.2380952380952378,0.6000000000000001,0.502262443438914,0.5280764793547043,0.5280764793547043,0.08411214953271029
0.0,0.7719112988384371,0.17732318135950975,0.5451902108068802,0.30358983972256126,0.5317381189764041,0.27075868515345003,0.7117117117117118,0.21041399914639358,0.6784519827998088,0.5731505613472325,0.7458885169553195,0.0,0.6795475966069746,0.24468085106382986,0.6026853829722292,0.18380169065569896,0.6243496357960459,0.2704194260485637,0.7374062165058939,0.6662790697674446,0.25219298245614086,0.2261904761904764,0.6000000000000001,0.5226244343891403,0.8020529807700096,0.8020529807700096,0.07476635514018692
0.0,0.7719112988384371,0.1807173653793237,0.5427671432032959,0.3122129534164414,0.5317381189764041,0.2738744352702922,0.7117117117117118,0.21510883482714482,0.6593406593406594,0.4809292301523654,0.701256488623685,0.0,0.6795475966069746,0.25085106382978717,0.6026853829722292,0.19096984235777925,0.6243496357960459,0.27088507174392795,0.729903536977492,0.6651162790697676,0.2763157894736842,0.21428571428571427,0.6000000000000001,0.5429864253393666,0.7804937851568411,0.7804937851568411,0.08411214953271029
0.0,0.7719112988384371,0.1807173653793237,0.5379210079961216,0.31596213328334466,0.5317381189764041,0.27730176039881527,0.7117117117117118,0.21766965428937257,0.6437330785156898,0.3901112670408979,0.6740891670305138,0.0,0.6795475966069746,0.25775075987841856,0.6026853829722292,0.19396847155586006,0.6243496357960459,0.27414459161147753,0.720257234726688,0.6643410852713281,0.28728070175438547,0.2261904761904764,0.6000000000000001,0.542232277526395,0.7539087944377906,0.7539087944377906,0.08411214953271029
0.0,0.7719112988384371,0.18457022291532943,0.5299248849042875,0.3194301246602299,0.5317381189764041,0.2815080230565501,0.7117117117117118,0.21895006402048645,0.6373626373626375,0.3390888131515641,0.6459515839518761,0.0,0.6795475966069746,0.2602836879432624,0.6026853829722292,0.19499657299520212,0.6243496357960459,0.27414459161147753,0.7106109324758842,0.6635658914728602,0.2982456140350882,0.2380952380952378,0.6000000000000001,0.5414781297134239,0.02957141262694355,0.02957141262694355,0.07476635514018692
0.0,0.7719112988384371,0.1862214475736177,0.5250787496971123,0.3250538944605862,0.5317381189764041,0.2815080230565501,0.7117117117117118,0.21895006402048645,0.626851409460105,0.2973386126704089,0.6246058312715268,0.0,0.6795475966069746,0.26676798378925914,0.6026853829722292,0.19750970984692584,0.6243496357960459,0.27414459161147753,0.7009646302250805,0.6627906976744171,0.3092105263157895,0.25,0.6000000000000001,0.5407239819004525,0.05842316098245776,0.05842316098245776,0.07476635514018692
0.0,0.7719112988384371,0.1892486927804795,0.5226556820935289,0.3308651232542885,0.5317381189764041,0.28664901074933713,0.7117117117117118,0.21895006402048645,0.6204809683070514,0.2683690858059336,0.6044243923737448,0.0,0.6795475966069746,0.27574468085106374,0.5996338114128794,0.19876627827278948,0.6243496357960459,0.27479501734468537,0.6913183279742765,0.6620155038759776,0.32017543859649067,0.26190476190476214,0.6000000000000001,0.539969834087481,0.3116728166878057,0.3116728166878057,0.09345794392523364
0.0,0.7648715241112243,0.19108338684524506,0.5182941604070739,0.3325522541943954,0.5317381189764041,0.28664901074933713,0.7117117117117118,0.21895006402048645,0.6086956521739129,0.27839314354450667,0.5925872022510057,0.0,0.6795475966069746,0.28267477203647506,0.5935306682941701,0.19876627827278948,0.6243496357960459,0.28035320088300053,0.6816720257234725,0.6612403100775133,0.3311403508771935,0.2738095238095235,0.6000000000000001,0.5392156862745099,0.13758038715996165,0.13758038715996165,0.08411214953271029
0.0,0.7613516367476236,0.19016603981286095,0.5136903319602626,0.3420189333583292,0.5317381189764041,0.288206885807756,0.7177177177177205,0.2236448997012377,0.7042522694696605,0.6623145549318357,0.5821083782079262,0.005729693292888471,0.6795475966069746,0.291985815602837,0.5935306682941701,0.21018962759881066,0.6243496357960459,0.28165405234941643,0.6720257234726688,0.6604651162790738,0.3421052631578947,0.2857142857142857,0.6000000000000001,0.5384615384615384,0.07509504137626231,0.07509504137626231,0.07476635514018692
0.14285714285714285,0.7613516367476236,0.19200073387762662,0.5088441967530881,0.34783016215202867,0.5317381189764041,0.2913226359245982,0.7177177177177205,0.22649025465926997,0.7138079311992354,0.7552626303127503,0.5724057633532238,0.016514998314796057,0.6808940352766919,0.29883485309017366,0.5996338114128794,0.24445967557687776,0.6243496357960459,0.28283664459160995,0.6607717041800643,0.6604651162790738,0.3640350877192987,0.26190476190476214,0.6000000000000001,0.5437405731523379,0.17141456736937877,0.17141456736937877,0.08411214953271029
0.14285714285714285,0.7613516367476236,0.19282634620677075,0.5015749939423295,0.3523760427406508,0.5317381189764041,0.288206885807756,0.7117117117117118,0.22506757718025194,0.6236661888835833,0.6438201684041691,0.5617328870130491,0.025210650488709102,0.6833176248821864,0.3053191489361702,0.606042111687521,0.27073337902673056,0.6243496357960459,0.28668006937874146,0.6495176848874598,0.6604651162790738,0.3859649122807012,0.2380952380952378,0.6000000000000001,0.5490196078431371,0.6892906692634048,0.6892906692634048,0.05607476635514019
0.0,0.7613516367476236,0.19814695899458745,0.49357887085049534,0.35898397225606926,0.5317381189764041,0.2941268110297548,0.7117117117117118,0.2304737516005122,0.6172957477305301,0.5275410986367279,0.5537767428321934,0.032018874283788364,0.6822404739464092,0.3163627152988866,0.606042111687521,0.28649760109664135,0.6243496357960459,0.2911147902869744,0.6382636655948553,0.6604651162790738,0.4078947368421052,0.21428571428571427,0.6000000000000001,0.5542986425339367,0.7109523176648685,0.7109523176648685,0.03738317757009346
0.0,0.7536078845476981,0.20099073479497465,0.4887327356433204,0.36067110319617623,0.5317381189764041,0.2955288985823332,0.7177177177177205,0.23488405178545868,0.6086956521739129,0.43276363271852475,0.541260369669626,0.04105156723963599,0.6889726672950045,0.3466666666666667,0.6127555691180944,0.30728809687000314,0.6325256429314672,0.29217912330495,0.6270096463022508,0.6604651162790738,0.42982456140350933,0.19047619047619072,0.6000000000000001,0.5595776772247362,0.02422522952487189,0.02422522952487189,0.03738317757009346
0.0,0.7536078845476981,0.2030088982662147,0.4841289071965096,0.3647014715530973,0.5317381189764041,0.2993846393519233,0.7177177177177205,0.23744487124768665,0.6086956521739129,0.38464815557337634,0.5354388007568041,0.05527468823727675,0.6889726672950045,0.3619554204660602,0.6127555691180944,0.3276216586703218,0.6243496357960459,0.2993929359823384,0.6157556270096463,0.6604651162790738,0.4517543859649117,0.16666666666666638,0.6000000000000001,0.5648567119155352,0.4938442384597564,0.4938442384597564,0.05607476635514019
0.0,0.7497360084477294,0.2030088982662147,0.4797673855100544,0.37032524135345324,0.5317381189764041,0.30066988627512026,0.7117117117117118,0.23644899701237732,0.5991399904443384,0.3365827987169205,0.526706447387571,0.05857768790023588,0.6889726672950045,0.37219858156028374,0.6219102837961539,0.3598355037697052,0.6276200386502182,0.30767108167770285,0.6045016077170418,0.6604651162790738,0.4736842105263158,0.14285714285714285,0.6000000000000001,0.5701357466063348,0.841419779913529,0.841419779913529,0.04672897196261682
0.0,0.7444561774023228,0.20431611778735959,0.47007511509571187,0.3740744212203594,0.5317381189764041,0.30487614893285486,0.7117117117117118,0.24029022620571916,0.5927695492912848,0.30951784282277445,0.5192111774123127,0.06395348837209303,0.6889726672950045,0.3828774062816631,0.6219102837961539,0.38496687228695303,0.6243496357960459,0.31495584988962344,0.5969989281886399,0.6593023255813968,0.484649122807017,0.14285714285714285,0.6000000000000001,0.5693815987933633,0.5680210932312016,0.5680210932312016,0.03738317757009346
0.14285714285714285,0.7426962337205165,0.2082377763507942,0.4652289798885376,0.37969819102071545,0.5317381189764041,0.30487614893285486,0.7117117117117118,0.24029022620571916,0.5860805860805824,0.2809492782678426,0.5101149759860283,0.06774519716885744,0.6889726672950045,0.39134751773049636,0.6219102837961539,0.40530043408727523,0.6243496357960459,0.3212708924629428,0.5894962486602346,0.6581395348837233,0.49561403508771984,0.14285714285714285,0.6000000000000001,0.5686274509803924,0.5782978325470306,0.5782978325470306,0.05607476635514019
0.0,0.7391763463569163,0.2082377763507942,0.4625636055245901,0.38419720686100045,0.5317381189764041,0.3100171366256419,0.7117117117117118,0.24029022620571916,0.5727026596591778,0.259798516439454,0.5035171978848291,0.07475564543309737,0.686616399622997,0.3924645390070922,0.6280134269148627,0.42152159013022605,0.6243496357960459,0.32977373068432514,0.5819935691318328,0.6569767441860463,0.506578947368421,0.14285714285714285,0.6000000000000001,0.5678733031674208,0.7970819174743464,0.7970819174743464,0.03738317757009346
0.0,0.7391763463569163,0.2102559398220344,0.45723285679670345,0.3879463867279035,0.5317381189764041,0.3100171366256419,0.7117117117117118,0.24029022620571916,0.5695174390826565,0.24220629510825914,0.49769562897200703,0.08358611391978432,0.6795475966069746,0.3933637284701099,0.6310649984742129,0.4405985835046846,0.6243496357960459,0.335284610532955,0.5744908896034309,0.6558139534883729,0.5175438596491222,0.14285714285714285,0.6000000000000001,0.5671191553544492,0.3401459635737426,0.3401459635737426,0.04672897196261682
0.0,0.7360084477296727,0.21126502155765603,0.44996365398594484,0.39282032055487803,0.5317381189764041,0.31157501168406077,0.7018018018018022,0.24498506188647018,0.5637840420449118,0.23218223736968763,0.4935235045844856,0.10074148972025579,0.6795475966069746,0.397872340425532,0.6310649984742129,0.45887594242631935,0.6243496357960459,0.34161147902869615,0.5669882100750258,0.6546511627906995,0.5285087719298249,0.14285714285714285,0.6000000000000001,0.5663650075414782,0.5526757977634477,0.5526757977634477,0.03738317757009346
0.0,0.7296726504751845,0.21126502155765603,0.44560213229948986,0.3963820414284379,0.5317381189764041,0.31469076180090294,0.7018018018018022,0.2478304168445027,0.5513616817964644,0.2237119085805927,0.491777033910639,0.11624536568924873,0.6795475966069746,0.40410334346504606,0.6338114128776309,0.4829792095042251,0.6243496357960459,0.3475835698517795,0.5594855305466238,0.653488372093026,0.5394736842105263,0.14285714285714285,0.6000000000000001,0.5656108597285068,0.8722776390203472,0.8722776390203472,0.03738317757009346
0.0,0.6135163674762409,0.25988441427392117,0.6103707293433498,0.37126253632018125,0.5450315719508143,0.32061068702290174,0.698798798798802,0.3457106274007682,0.408026755852843,0.3179380513231755,0.7101828942900102,0.030232558139534883,0.6469368520263903,0.41333333333333333,0.5935306682941701,0.41089787525702537,0.6763787721123828,0.4969301876379675,0.5986066452304404,0.5965116279069811,0.6337719298245618,0.07142857142857142,0.6000000000000001,0.6870286576168927,0.9914510442404515,0.9914510442404515,0.06542056074766356
0.0,0.6135163674762409,0.2626364553710683,0.6367821662224358,0.3542974974224382,0.547524094383516,0.318897024458638,0.7117117117117118,0.34699103713188206,0.408026755852843,0.31102145148356036,0.7315286469703594,0.006740815638692315,0.6418473138548537,0.4109929078014185,0.5935306682941701,0.41089787525702537,0.6763787721123828,0.489790286975716,0.6173633440514469,0.5953488372093041,0.6184210526315789,0.07142857142857142,0.6000000000000001,0.7013574660633484,0.12472631821481661,0.12472631821481661,0.07476635514018692
0.0,0.6135163674762409,0.26630584350059694,0.6610128422582948,0.33930077795482283,0.5530630331228563,0.32512852469231746,0.7177177177177205,0.34699103713188206,0.408026755852843,0.30290196471531655,0.7412312618250619,0.0,0.6435438265786992,0.41177304964538997,0.5935306682941701,0.4098697738176833,0.6763787721123828,0.48364080731630366,0.6291532690246527,0.5941860465116307,0.5833333333333328,0.09523809523809498,0.6000000000000001,0.6900452488687783,0.4081967592271698,0.4081967592271698,0.09345794392523364
0.0,0.6170362548398416,0.2763966608568036,0.6881511994184639,0.3253350829506041,0.5450315719508143,0.325440099704003,0.7297297297297296,0.34699103713188206,0.408026755852843,0.2969877706495592,0.7480230922233533,0.0,0.6442709034603487,0.4121073961499504,0.6003967043027143,0.40781357093899917,0.6763787721123828,0.477952538631345,0.6409431939978553,0.5930232558139537,0.5482456140350881,0.11904761904761929,0.6000000000000001,0.6787330316742082,0.10701017197481125,0.10701017197481125,0.411214953271028
0.0,0.6240760295670535,0.28557013118062624,0.7070511267264363,0.31015090448964244,0.5400465270854102,0.32824427480915963,0.7351351351351354,0.34699103713188206,0.408026755852843,0.29182538091419324,0.7517100858681416,0.0,0.6418473138548537,0.4109929078014185,0.6093988404028026,0.40552890107379325,0.6796491749665556,0.47122358877325743,0.652733118971061,0.5918604651162802,0.513157894736842,0.14285714285714285,0.6000000000000001,0.6674208144796381,0.3243008392746427,0.3243008392746427,0.5607476635514019
0.0,0.6240760295670535,0.2901568663425389,0.731524109522651,0.31315024838316674,0.5289686496067376,0.325440099704003,0.7468468468468472,0.3457106274007682,0.408026755852843,0.28891840417000786,0.7615097268713927,0.0,0.6479062878685855,0.41585612968591845,0.6127555691180944,0.4043865661411925,0.687825182101977,0.46909492273730535,0.6645230439442669,0.5906976744186068,0.478070175438596,0.16666666666666638,0.6000000000000001,0.6561085972850679,0.6569521792753361,0.6569521792753361,0.26168224299065423
0.0,0.6240760295670535,0.29749564260159556,0.7407317664162809,0.31315024838316674,0.5234297108673978,0.3347873500545251,0.75345345345345,0.3457106274007682,0.408026755852843,0.2848586607858859,0.7712123417260952,0.0,0.6452403393025448,0.4170212765957446,0.6188587122368032,0.4018734292894688,0.6845547792478046,0.46791233049511205,0.6763129689174694,0.5895348837209333,0.44298245614035137,0.19047619047619072,0.6000000000000001,0.6447963800904977,0.23969405363803892,0.23969405363803892,0.07476635514018692
0.0,0.6240760295670535,0.30024768369874266,0.7608432275260479,0.30837004405286395,0.5261991802370634,0.3474061380277298,0.7597597597597565,0.34699103713188206,0.408026755852843,0.282853849238172,0.7789259205355844,0.0,0.6418473138548537,0.4184397163120568,0.6219102837961539,0.39273474982864975,0.6809573361082204,0.463879690949226,0.6881028938906752,0.5883720930232599,0.4078947368421052,0.21428571428571427,0.6000000000000001,0.6334841628959276,0.12375147977350628,0.12375147977350628,0.102803738317757
0.0,0.6304118268215417,0.3037336024217967,0.7748970196268457,0.29693504545880545,0.5317381189764041,0.3502103131328862,0.7657657657657662,0.34699103713188206,0.41280458671763,0.28230252606254996,0.7975064279823404,0.0,0.6452403393025448,0.42319148936170214,0.6219102837961539,0.3858807402330362,0.6796491749665556,0.4617037212235884,0.6966773847802796,0.5872093023255793,0.396929824561404,0.21428571428571427,0.6000000000000001,0.632730015082956,0.6107830970748455,0.6107830970748455,0.09345794392523364
0.0,0.6335797254487854,0.30556829648656225,0.795977707778045,0.29909082388227626,0.5345075883460702,0.3533260632497286,0.7687687687687659,0.3485559823588009,0.408026755852843,0.2794456696070567,0.8149711347208064,0.0,0.6503298774740809,0.42497467071935113,0.6219102837961539,0.37914096413068177,0.6763787721123828,0.46040286975717293,0.7052518756698811,0.5860465116279094,0.3859649122807012,0.21428571428571427,0.6000000000000001,0.631975867269985,0.7206992328910993,0.7206992328910993,0.05607476635514019
0.0,0.6335797254487854,0.30758645995780265,0.7996123091834242,0.2922485706251772,0.5400465270854102,0.35675338837825143,0.7801801801801804,0.3485559823588009,0.408026755852843,0.2794456696070567,0.8226362004560239,0.0,0.6503298774740809,0.421631205673759,0.6219102837961539,0.3722869545350682,0.6829195778207173,0.46040286975717293,0.7138263665594855,0.584883720930236,0.375,0.21428571428571427,0.6000000000000001,0.6312217194570136,0.022881476606459606,0.022881476606459606,0.08411214953271029
0.0,0.6441393875395984,0.3100632969452348,0.7996123091834242,0.29037398069172415,0.5400465270854102,0.3628291011060909,0.7858858858858826,0.34699103713188206,0.41758241758241743,0.2794456696070567,0.8303982923397846,0.0,0.6503298774740809,0.421631205673759,0.6219102837961539,0.36097783870230615,0.687825182101977,0.45965783664459003,0.7224008574490901,0.583720930232559,0.3640350877192987,0.21428571428571427,0.6000000000000001,0.630467571644042,0.05134786229860041,0.05134786229860041,0.05607476635514019
0.0,0.6441393875395984,0.3100632969452348,0.7971892415798401,0.2878432842815639,0.5400465270854102,0.3656332762112475,0.7918918918918922,0.34699103713188206,0.41758241758241743,0.27834302325581434,0.8363168874011555,0.0,0.6503298774740809,0.4184397163120568,0.6219102837961539,0.3541238291066926,0.687825182101977,0.4566777041942591,0.7309753483386912,0.5825581395348856,0.353070175438596,0.21428571428571427,0.6000000000000001,0.6297134238310711,0.42299745071113765,0.42299745071113765,0.05607476635514019
0.0,0.6480112636395672,0.3100632969452348,0.7923431063726658,0.2878432842815639,0.5400465270854102,0.36820377005764104,0.796846846846847,0.34314980793854044,0.41758241758241743,0.27588712910986296,0.834376364430214,0.0,0.6503298774740809,0.4179331306990888,0.6249618553555036,0.3481836874571622,0.687825182101977,0.4521247240618087,0.7395498392282958,0.5813953488372086,0.3421052631578947,0.21428571428571427,0.6000000000000001,0.6289592760180995,0.822902341155895,0.822902341155895,0.04672897196261682
0.0,0.6557550158394931,0.30841207228694656,0.7896777320087183,0.28315680944793276,0.5400465270854102,0.37077426390403456,0.8018018018018018,0.34314980793854044,0.42331581462016254,0.27388231756214904,0.8488332605637229,0.0,0.6522148916116868,0.41560283687943267,0.6249618553555036,0.3436143477267546,0.687825182101977,0.4489317250078806,0.747588424437299,0.5802325581395387,0.33771929824561453,0.21428571428571427,0.6000000000000001,0.6349924585218701,0.5950538645836032,0.5950538645836032,0.04672897196261682
0.0,0.6557550158394931,0.30758645995780265,0.7843469832808316,0.27378385978067354,0.5450315719508143,0.37077426390403456,0.8078078078078106,0.34314980793854044,0.4261825131390349,0.2713763031275052,0.8544607771794499,0.0,0.6530227548135155,0.4184397163120568,0.6310649984742129,0.34235777930089095,0.687825182101977,0.4483995584988947,0.7556270096463023,0.5790697674418652,0.3333333333333328,0.21428571428571427,0.6000000000000001,0.6410256410256412,0.74046010325253,0.74046010325253,0.06542056074766356
0.0,0.6592749032030933,0.30556829648656225,0.781923915677248,0.2763145561908338,0.5425390495181122,0.37357843900919097,0.8108108108108112,0.34314980793854044,0.4261825131390349,0.27027365677626286,0.8554310386649192,0.0,0.6597549481621112,0.4184397163120568,0.6310649984742129,0.3403015764222068,0.687825182101977,0.4483995584988947,0.7636655948553055,0.5779069767441882,0.32894736842105265,0.21428571428571427,0.6000000000000001,0.6470588235294117,0.35106178194666143,0.35106178194666143,0.05607476635514019
0.0,0.6663146779303062,0.30556829648656225,0.777077780470073,0.2763145561908338,0.547524094383516,0.37357843900919097,0.81681681681682,0.34314980793854044,0.4261825131390349,0.2683690858059336,0.8633871828457779,0.0,0.6597549481621112,0.4184397163120568,0.6310649984742129,0.33927347498286475,0.687825182101977,0.4483995584988947,0.7717041800643087,0.5767441860465148,0.3245614035087725,0.21428571428571427,0.6000000000000001,0.6530920060331823,0.6099249519854115,0.6099249519854115,0.06542056074766356
0.0,0.6698345652939068,0.306577378222181,0.7705354979403904,0.2791264410910119,0.547524094383516,0.37217635145661254,0.8138138138138109,0.34314980793854044,0.4261825131390349,0.26726643945469114,0.8710522485809926,0.0,0.6597549481621112,0.4184397163120568,0.6310649984742129,0.33927347498286475,0.687825182101977,0.4483995584988947,0.7797427652733118,0.5755813953488342,0.32017543859649067,0.21428571428571427,0.6000000000000001,0.6591251885369533,0.03273981879351846,0.03273981879351846,0.28037383177570097
0.0,0.683210137275607,0.306577378222181,0.7705354979403904,0.2791264410910119,0.547524094383516,0.37498052656176917,0.8198198198198201,0.34314980793854044,0.42936773371555614,0.26726643945469114,0.8790083927618485,0.0,0.6618284637134775,0.4184397163120568,0.6338114128776309,0.3436143477267546,0.687825182101977,0.4483995584988947,0.787781350482315,0.5744186046511643,0.3157894736842105,0.21428571428571427,0.6000000000000001,0.6651583710407238,0.031742359904396236,0.031742359904396236,0.30841121495327106
0.0,0.6863780359028506,0.306577378222181,0.7681124303368068,0.28315680944793276,0.5502935637531816,0.37669418912603336,0.8198198198198201,0.34314980793854044,0.4357381748686098,0.26726643945469114,0.8790083927618485,0.0,0.6701225259189443,0.4184397163120568,0.6393042416844663,0.34155814484807046,0.687825182101977,0.4483995584988947,0.7942122186495175,0.5732558139534909,0.3070175438596485,0.2261904761904764,0.6000000000000001,0.6644042232277525,0.5239252730999672,0.5239252730999672,0.09345794392523364
0.0,0.6934178106300635,0.3010732960278868,0.7584201599224571,0.2850313993813859,0.5502935637531816,0.37669418912603336,0.8198198198198201,0.3400199174847076,0.4357381748686098,0.26681535685645535,0.8729927715519343,0.0,0.6701225259189443,0.4109929078014185,0.6393042416844663,0.32876399360292274,0.687825182101977,0.4483995584988947,0.8006430868167203,0.5720930232558139,0.2982456140350882,0.2380952380952378,0.6000000000000001,0.6636500754147814,0.9090334336722763,0.9090334336722763,0.06542056074766356
0.0,0.6969376979936641,0.2809833960187136,0.7533317179549261,0.28409410441466065,0.5502935637531816,0.3801215142545562,0.8198198198198201,0.3371745625266753,0.4357381748686098,0.2659131916599838,0.8780381312763791,0.0,0.6755082805978228,0.40557244174265605,0.6393042416844663,0.3173406442769018,0.687825182101977,0.4483995584988947,0.8070739549839228,0.5709302325581405,0.2894736842105263,0.25,0.6000000000000001,0.66289592760181,0.4038734447979588,0.4038734447979588,0.08411214953271029
0.0,0.7046814501935896,0.2534629850472431,0.7480009692270395,0.27828287562095844,0.5558325024925224,0.3801215142545562,0.8252252252252255,0.33461374306444736,0.4357381748686098,0.2617532076984756,0.8799786542473206,0.0,0.6795475966069746,0.39638297872340433,0.6484589563625254,0.29626456477039054,0.6832466181061394,0.4459161147902855,0.8135048231511255,0.5697674418604635,0.28070175438596434,0.26190476190476214,0.6000000000000001,0.6621417797888385,0.8389434255022583,0.8389434255022583,0.102803738317757
0.0,0.7120732136571586,0.23860196312264903,0.7455779016234558,0.26806636048364585,0.547524094383516,0.37077426390403456,0.8279279279279279,0.3331910655854331,0.4427456601369608,0.2578438251804323,0.88356862174356,0.0,0.6862797899555699,0.38784194528875515,0.6484589563625254,0.2775873886223441,0.687825182101977,0.4410083569851777,0.819935691318328,0.5686046511627936,0.271929824561404,0.2738095238095235,0.6000000000000001,0.6613876319758674,0.2783722021158522,0.2783722021158522,0.06542056074766356
0.0,0.7191129883843714,0.22777726814053811,0.7407317664162809,0.26056800074983655,0.5530630331228563,0.37357843900919097,0.8225225225225226,0.32465500071134024,0.4357381748686098,0.2512780673616683,0.881697403164439,0.0,0.6923656927426955,0.37425531914893617,0.6484589563625254,0.2796435915010278,0.687825182101977,0.43370584988962335,0.8263665594855305,0.5674418604651201,0.26315789473684215,0.2857142857142857,0.6000000000000001,0.6606334841628959,0.22978320752327988,0.22978320752327988,0.07476635514018692
0.0,0.7296726504751845,0.22392441060453228,0.7317664162830149,0.26056800074983655,0.5558325024925224,0.36906060133977037,0.8252252252252255,0.3202447005263891,0.4427456601369608,0.24736868484362512,0.8786202881676612,0.0,0.6974552309142317,0.3682877406281668,0.6551724137930988,0.2854694996572993,0.687825182101977,0.42632450331125793,0.8306538049303311,0.5662790697674431,0.25438596491228016,0.29761904761904784,0.6000000000000001,0.6561085972850679,0.8279558605562664,0.8279558605562664,0.07476635514018692
0.0,0.7360084477296727,0.21475094028070985,0.722074145868665,0.26056800074983655,0.5558325024925224,0.35628602586072544,0.8198198198198201,0.3171148100725567,0.4462494027711419,0.24328388131515616,0.8742541114830448,0.0,0.7031102733270502,0.36453900709219855,0.6484589563625254,0.27610235320996224,0.687825182101977,0.423565121412802,0.8349410503751351,0.5651162790697697,0.24561403508771984,0.30952380952380926,0.6000000000000001,0.6515837104072397,0.6854220664247311,0.6854220664247311,0.07476635514018692
0.0,0.7497360084477294,0.22135583891386257,0.7196510782650818,0.25972443527978306,0.5558325024925224,0.3347873500545251,0.8198198198198201,0.31327358087921464,0.4462494027711419,0.2391990777866873,0.8668607189637608,0.0,0.7098424666756455,0.35891590678824814,0.6484589563625254,0.27381768334475676,0.687825182101977,0.4190121412803516,0.8392282958199357,0.5639534883720927,0.23684210526315785,0.3214285714285714,0.6000000000000001,0.6470588235294117,0.8238357603572745,0.8238357603572745,0.05607476635514019
0.0,0.7574797606476549,0.24887624988533308,0.7143203295371947,0.25391320648608084,0.5558325024925224,0.3347873500545251,0.8198198198198201,0.31327358087921464,0.4462494027711419,0.23629210104250192,0.8643158616961549,0.0,0.7210179076343073,0.355886524822695,0.6484589563625254,0.2717614804660726,0.687825182101977,0.4165286975717424,0.8435155412647362,0.5627906976744192,0.22807017543859598,0.33333333333333354,0.6000000000000001,0.6425339366515836,0.6845088250810373,0.6845088250810373,0.05607476635514019
0.0,0.7648715241112243,0.24676635171085293,0.7011146110976478,0.2639422626300503,0.558878918799161,0.3516124006854644,0.8198198198198201,0.31327358087921464,0.4462494027711419,0.2371942662389735,0.8638480570513755,0.0,0.7266729500471254,0.352836879432624,0.6484589563625254,0.27073337902673056,0.687825182101977,0.415286975717438,0.8478027867095399,0.5616279069767458,0.21929824561403566,0.34523809523809496,0.6000000000000001,0.6380090497737556,0.9729897803982909,0.9729897803982909,0.05607476635514019
0.0,0.7719112988384371,0.23410696266397646,0.6978434698328064,0.2709719748804955,0.5649717514124293,0.3516124006854644,0.8198198198198201,0.31327358087921464,0.4526198439241944,0.2371942662389735,0.8617377383204774,0.0,0.7285579641847313,0.3500709219858158,0.6484589563625254,0.27073337902673056,0.687825182101977,0.415286975717438,0.8520900321543408,0.5604651162790724,0.21052631578947367,0.3571428571428571,0.6000000000000001,0.6334841628959276,0.3603344939972503,0.3603344939972503,0.05607476635514019
0.0,0.7824709609292502,0.22043849188147857,0.692997334625632,0.2728465648139484,0.5649717514124293,0.34016201900607523,0.8153153153153154,0.31327358087921464,0.4558050645007168,0.2371942662389735,0.8639000353452394,0.0,0.7385216103406502,0.34498480243161,0.6518156850778172,0.27073337902673056,0.687825182101977,0.415286975717438,0.8563772775991414,0.5593023255813989,0.20833333333333282,0.34523809523809496,0.6000000000000001,0.6357466063348416,0.9709296352871855,0.9709296352871855,0.05607476635514019
0.0,0.7824709609292502,0.20759563342812737,0.6881511994184639,0.27378385978067354,0.5649717514124293,0.3209222620345824,0.8108108108108112,0.31327358087921464,0.4558050645007168,0.23629210104250192,0.8658128365594528,0.0,0.750235626767201,0.3424113475177306,0.6585291425083906,0.27073337902673056,0.687825182101977,0.4122516556291389,0.8606645230439454,0.5581395348837184,0.2061403508771935,0.33333333333333354,0.6000000000000001,0.6380090497737556,0.9797541833977831,0.9797541833977831,0.12149532710280375
0.0,0.7919746568109816,0.2102559398220344,0.6833050642112897,0.27378385978067354,0.5649717514124293,0.3081476865555375,0.8108108108108112,0.31327358087921464,0.4558050645007168,0.2337860866078581,0.8634842089943241,0.0,0.7526592163726951,0.33768996960486186,0.6585291425083906,0.2695910440941294,0.687825182101977,0.4107339955849876,0.864951768488746,0.5569767441860485,0.20394736842105265,0.3214285714285714,0.6000000000000001,0.6402714932126696,0.625908196617292,0.625908196617292,0.30841121495327106
0.0,0.7946145723336853,0.22495642601596244,0.6833050642112897,0.2820320554878616,0.5649717514124293,0.3100171366256419,0.8108108108108112,0.31327358087921464,0.4558050645007168,0.2337860866078581,0.8634842089943241,0.0,0.7602262016965124,0.3345390070921985,0.6585291425083906,0.26730637422892367,0.687825182101977,0.4054911699779218,0.8692390139335464,0.555813953488375,0.2017543859649117,0.30952380952380926,0.6000000000000001,0.6425339366515836,0.008786418647644111,0.008786418647644111,0.16822429906542058
0.0,0.802534318901795,0.22135583891386257,0.6833050642112897,0.2895304152216708,0.5649717514124293,0.3100171366256419,0.8108108108108112,0.31327358087921464,0.4558050645007168,0.23433740978348022,0.8659791670998196,0.0,0.7670661101386804,0.33206686930091145,0.6585291425083906,0.26730637422892367,0.687825182101977,0.40286975717439133,0.8735262593783504,0.554651162790698,0.1995614035087725,0.29761904761904784,0.6000000000000001,0.6447963800904977,0.8981331392182813,0.8981331392182813,0.13084112149532712
0.0,0.8141499472016893,0.21768645078433146,0.6753089411194555,0.2931858655919023,0.5649717514124293,0.31157501168406077,0.8078078078078106,0.3118509034002004,0.46217550565376975,0.23433740978348022,0.8691893465288896,0.0,0.7737983034872762,0.32468085106382993,0.6585291425083906,0.2647932373772002,0.687825182101977,0.40286975717439133,0.877813504823151,0.5534883720930246,0.19736842105263153,0.2857142857142857,0.6000000000000001,0.6470588235294117,0.5631545713491403,0.5631545713491403,0.06542056074766356
0.0,0.8211897219289008,0.19383542794239217,0.6753089411194555,0.29131127565844916,0.5649717514124293,0.3209222620345824,0.8018018018018018,0.3090055484421681,0.46536072623029145,0.2337860866078581,0.8751273468199681,0.0,0.7818769355055892,0.31995947315096096,0.6676838571864501,0.2556545579163809,0.687825182101977,0.3970750551876363,0.8783494105037521,0.552713178294578,0.1907894736842105,0.29761904761904784,0.6000000000000001,0.6387631975867272,0.3127716408548895,0.3127716408548895,0.06542056074766356
0.0,0.8247096092925024,0.1809925694890384,0.6680397383086969,0.28409410441466065,0.5732801595214356,0.3299579373734238,0.8018018018018018,0.3074406032152497,0.46536072623029145,0.23178127506014418,0.8751273468199681,0.0,0.7849198868991516,0.3146099290780142,0.6676838571864501,0.253598355037697,0.687825182101977,0.3945916114790273,0.8788853161843504,0.5519379844961172,0.1842105263157895,0.30952380952380926,0.6000000000000001,0.630467571644042,0.7448785885753607,0.7448785885753607,0.05607476635514019
0.14285714285714285,0.8247096092925024,0.17347032382350414,0.6680397383086969,0.28221951448120774,0.5732801595214356,0.33338526250194667,0.8018018018018018,0.30431071276141686,0.46536072623029145,0.22922514033680824,0.8792856103291253,0.0,0.7917059377945332,0.3120567375886525,0.6676838571864501,0.2489147818140265,0.687825182101977,0.3900386313465769,0.8794212218649518,0.5511627906976777,0.17763157894736842,0.3214285714285714,0.6000000000000001,0.6221719457013575,0.1114453902858704,0.1114453902858704,0.06542056074766356
0.0,0.8247096092925024,0.16897532336482868,0.6680397383086969,0.2811884900178081,0.5732801595214356,0.33338526250194667,0.8018018018018018,0.3058756579883355,0.46536072623029145,0.2262179230152364,0.8809489157327901,0.0,0.7954759660697455,0.3081560283687943,0.6737870003051589,0.24640164496230277,0.687825182101977,0.3900386313465769,0.8799571275455529,0.5503875968992347,0.17105263157894735,0.33333333333333354,0.6000000000000001,0.6138763197586729,0.07798198310172931,0.07798198310172931,0.05607476635514019
0.0,0.8317493840197148,0.16897532336482868,0.6636782166222421,0.2791264410910119,0.5788190982607757,0.33650101261878884,0.8018018018018018,0.3090055484421681,0.4739608217869087,0.2247143143544505,0.8828201343119109,0.0,0.8011310084825636,0.3051165146909822,0.6768385718645091,0.2433173406442768,0.687825182101977,0.3887969094922723,0.8804930332261511,0.5496124031007668,0.16447368421052633,0.34523809523809496,0.6000000000000001,0.6055806938159878,0.9859142243028334,0.9859142243028334,0.05607476635514019
0.0,0.8352692713833154,0.17640583432712575,0.6614974557790145,0.28221951448120774,0.5815885676304418,0.3380588876772077,0.8018018018018018,0.3058756579883355,0.4739608217869087,0.22270950280673657,0.882520739339252,0.0,0.8011310084825636,0.3046099290780142,0.6768385718645091,0.2453735435229607,0.687825182101977,0.3887969094922723,0.8810289389067523,0.5488372093023273,0.15789473684210525,0.3571428571428571,0.6000000000000001,0.5972850678733032,0.2811664954127816,0.2811664954127816,0.05607476635514019
0.0,0.8416050686378036,0.2002568571690676,0.6614974557790145,0.28409410441466065,0.5815885676304418,0.3380588876772077,0.8018018018018018,0.3090055484421681,0.4739608217869087,0.22170709703287877,0.8813231594486131,0.0,0.8037229029217718,0.30642730496453896,0.6768385718645091,0.24828649760109656,0.687825182101977,0.3900386313465769,0.8831725616291544,0.5480620155038878,0.1600877192982461,0.3571428571428571,0.6000000000000001,0.6040723981900452,0.07251450813245806,0.07251450813245806,0.05607476635514019
0.0,0.8384371700105595,0.20576093936336182,0.6566513205718398,0.29515418502202695,0.5815885676304418,0.33946097522978613,0.8018018018018018,0.31327358087921464,0.48033126293996187,0.2208049318364072,0.885955464997817,0.0,0.8055742560926384,0.31545086119554266,0.6768385718645091,0.2579392277815866,0.687825182101977,0.3900386313465769,0.8853161843515529,0.5472868217054199,0.16228070175438541,0.3571428571428571,0.6000000000000001,0.6108597285067874,0.3126613426226668,0.3126613426226668,0.05607476635514019
0.0,0.8447729672650472,0.21842032841023828,0.6566513205718398,0.30452713468928627,0.5815885676304418,0.3456924754634656,0.8018018018018018,0.3158344003414426,0.4835164835164836,0.2208049318364072,0.8887664511300074,0.0,0.8114985862393966,0.3223404255319149,0.6768385718645091,0.26502170436371797,0.687825182101977,0.39307395143487556,0.887459807073955,0.5465116279069768,0.16447368421052633,0.3571428571428571,0.6000000000000001,0.6176470588235294,0.24130487208129545,0.24130487208129545,0.04672897196261682
0.0,0.8447729672650472,0.22300706357215094,0.6542282529682562,0.314931108819945,0.5815885676304418,0.3456924754634656,0.7984984984984951,0.3218096457533077,0.4972129319955372,0.22381214915797903,0.8884005239412023,0.0,0.8114985862393966,0.32619047619047525,0.6768385718645091,0.2717614804660726,0.687825182101977,0.39831677704194113,0.8896034297963569,0.5457364341085373,0.16666666666666718,0.3571428571428571,0.6000000000000001,0.6244343891402715,0.19856276315635307,0.19856276315635307,0.05607476635514019
0.0,0.8447729672650472,0.22502522704339123,0.6542282529682562,0.320367419626958,0.5815885676304418,0.33946097522978613,0.7984984984984951,0.3243704652155355,0.5035833731485906,0.2247143143544505,0.8873942241719867,0.0,0.8114985862393966,0.3312056737588651,0.6768385718645091,0.27633082019648025,0.687825182101977,0.4013520971302398,0.8917470525187554,0.544961240310073,0.1688596491228065,0.3571428571428571,0.6000000000000001,0.6312217194570136,0.3883193357025609,0.3883193357025609,0.06542056074766356
0.14285714285714285,0.8447729672650472,0.23328135033483233,0.6542282529682562,0.329834098790889,0.5815885676304418,0.3380588876772077,0.7984984984984951,0.3272158201735682,0.5035833731485906,0.22516539695268628,0.8871197787803814,0.0,0.8114985862393966,0.3368794326241136,0.6768385718645091,0.2855837331505582,0.6947624002774917,0.4042494481236172,0.8938906752411575,0.5441860465116299,0.17105263157894735,0.3571428571428571,0.6000000000000001,0.6380090497737556,0.4210345099283917,0.4210345099283917,0.07476635514018692
0.0,0.8447729672650472,0.24043665718741458,0.6487763508601871,0.340425531914894,0.5865736124958456,0.34086306278236433,0.7918918918918922,0.3331910655854331,0.5099538143016435,0.22727044907778654,0.8865625714701528,0.0,0.8114985862393966,0.34163120567375893,0.6768385718645091,0.2878684030157641,0.687825182101977,0.40700883002207355,0.8917470525187554,0.5434108527131833,0.1842105263157895,0.3571428571428571,0.6000000000000001,0.6493212669683257,0.7403173373643649,0.7403173373643649,0.07476635514018692
0.0,0.8553326293558603,0.24227135125218036,0.6469590501574978,0.34783016215202867,0.5890661349285473,0.34226515033494276,0.7918918918918922,0.33589415279556123,0.5160057333970378,0.22832297514033667,0.886479406199971,0.0,0.8114985862393966,0.3459979736575496,0.6768385718645091,0.2888965044551062,0.6982310093652446,0.40825055187637815,0.8896034297963569,0.5426356589147261,0.19736842105263153,0.3571428571428571,0.6000000000000001,0.6606334841628959,0.1385060622165561,0.1385060622165561,0.08411214953271029
0.0,0.8482928546286475,0.24227135125218036,0.6469590501574978,0.3497047520854817,0.595297441010302,0.33911045334164136,0.796846846846847,0.3384549722577892,0.5281095715878357,0.22922514033680824,0.8848161007963063,0.0,0.805278039585297,0.3460992907801419,0.6768385718645091,0.2909527073337903,0.691293791189729,0.4107339955849876,0.887459807073955,0.541860465116283,0.21052631578947367,0.3571428571428571,0.6000000000000001,0.6719457013574661,0.2913287387530744,0.2913287387530744,0.07476635514018692
0.0,0.8482928546286475,0.24227135125218036,0.6469590501574978,0.3525166369856598,0.5973745430375539,0.3380588876772077,0.7918918918918922,0.3384549722577892,0.5418060200668895,0.22922514033680824,0.8814146412458158,0.0,0.8011310084825636,0.34751773049645385,0.6795849862679271,0.2957505140507195,0.6982310093652446,0.4107339955849876,0.8853161843515529,0.5410852713178365,0.22368421052631582,0.3571428571428571,0.6000000000000001,0.6832579185520362,0.17838829887560456,0.17838829887560456,0.08411214953271029
0.0,0.8482928546286475,0.24227135125218036,0.6442936757935502,0.3550473333958202,0.5973745430375539,0.33650101261878884,0.7918918918918922,0.34314980793854044,0.5481764612199422,0.22832297514033667,0.8780381312763791,0.0,0.8011310084825636,0.3494326241134753,0.6795849862679271,0.29780671692940364,0.6982310093652446,0.4107339955849876,0.8831725616291544,0.5403100775193721,0.23684210526315785,0.3571428571428571,0.6000000000000001,0.6945701357466063,0.15036400755828624,0.15036400755828624,0.07476635514018692
0.0,0.8447729672650472,0.24126226951655871,0.6389629270656634,0.35710938232261635,0.5973745430375539,0.33650101261878884,0.7918918918918922,0.34314980793854044,0.5513616817964644,0.22681936647955075,0.8780381312763791,0.0,0.8011310084825636,0.34797365754812404,0.6768385718645091,0.29906328535526727,0.6982310093652446,0.4107339955849876,0.8810289389067523,0.5395348837209326,0.25,0.3571428571428571,0.6000000000000001,0.7058823529411764,0.6105308861959701,0.6105308861959701,0.205607476635514
0.0,0.8447729672650472,0.24470232088799249,0.6389629270656634,0.35898397225606926,0.5973745430375539,0.33650101261878884,0.7918918918918922,0.34314980793854044,0.5577321229495176,0.2257167201283084,0.8763748258727142,0.0,0.8011310084825636,0.3500709219858158,0.6823314006713446,0.31048663468128823,0.6982310093652446,0.4107339955849876,0.8815648445873536,0.5395348837209326,0.25,0.34523809523809496,0.6000000000000001,0.706636500754148,0.40484319289914417,0.40484319289914417,0.205607476635514
0.0,0.8447729672650472,0.2662141087973595,0.6389629270656634,0.36067110319617623,0.5973745430375539,0.33650101261878884,0.7918918918918922,0.34314980793854044,0.5545469023729861,0.22381214915797903,0.8732062290787368,0.0,0.7943988151339678,0.34751773049645385,0.6850778150747625,0.3275074251770629,0.6982310093652446,0.4107339955849876,0.8821007502679519,0.5395348837209326,0.25,0.33333333333333354,0.6000000000000001,0.7073906485671189,0.4165555089636165,0.4165555089636165,0.17757009345794394
0.14285714285714285,0.8447729672650472,0.2818090083478575,0.6389629270656634,0.3684506514200031,0.5973745430375539,0.34226515033494276,0.7918918918918922,0.3444302176696541,0.5609173435260393,0.22381214915797903,0.871925483917916,0.0,0.7917059377945332,0.3487943262411348,0.6911809581934718,0.3389307745030843,0.6982310093652446,0.4107339955849876,0.882636655948553,0.5395348837209326,0.25,0.3214285714285714,0.6000000000000001,0.7081447963800905,0.47791852917918853,0.47791852917918853,0.16822429906542058
0.0,0.8447729672650472,0.31098064397761616,0.6389629270656634,0.37782360108726243,0.6034673756508222,0.35192397569715017,0.7918918918918922,0.34699103713188206,0.5609173435260393,0.2242632317562147,0.8683597729588124,0.0,0.7917059377945332,0.3512664640324219,0.6942325297528216,0.34487091615261467,0.6982310093652446,0.4107339955849876,0.8831725616291544,0.5395348837209326,0.25,0.30952380952380926,0.6000000000000001,0.708898944193062,0.7774786362093847,0.7774786362093847,0.08411214953271029
0.0,0.8447729672650472,0.31116411338409367,0.6365398594620797,0.3852282313243971,0.606513791957461,0.3628291011060909,0.7918918918918922,0.3485559823588009,0.566650740563784,0.22727044907778654,0.8634842089943241,0.0,0.7883129123468426,0.3573049645390072,0.6942325297528216,0.3403015764222068,0.6982310093652446,0.4107339955849876,0.8837084673097522,0.5395348837209326,0.25,0.29761904761904784,0.6000000000000001,0.7096530920060331,0.08553546683257669,0.08553546683257669,0.09345794392523364
0.0,0.8447729672650472,0.31116411338409367,0.62733220256845,0.38897741119130325,0.6120527306968007,0.36906060133977037,0.7918918918918922,0.3516858728126333,0.5727026596591778,0.2313301924619085,0.8574963095411353,0.0,0.785646963780801,0.3627152988855107,0.6975892584681134,0.348412154443684,0.6982310093652446,0.4122516556291389,0.8842443729903537,0.5395348837209326,0.25,0.2857142857142857,0.6000000000000001,0.7104072398190044,0.3215138811999832,0.3215138811999832,0.09345794392523364
0.0,0.8447729672650472,0.3011650307311269,0.6227283741216387,0.3954447464617127,0.6148222000664672,0.37498052656176917,0.7918918918918922,0.35310855029164756,0.5790731008122314,0.23223235765837996,0.8550429340707321,0.0,0.7832233741753061,0.3700000000000001,0.7104058590173956,0.3598355037697052,0.6982310093652446,0.415286975717438,0.8767416934619519,0.5387596899224931,0.2587719298245619,0.2738095238095235,0.6000000000000001,0.711161387631976,0.593259313714625,0.593259313714625,0.09345794392523364
0.0,0.8447729672650472,0.2973121731951214,0.6130361037072891,0.3975067953885091,0.6148222000664672,0.37498052656176917,0.7918918918918922,0.35595390524967985,0.5758878802357097,0.23223235765837996,0.8573715616358609,0.0,0.7832233741753061,0.37472137791286886,0.7134574305767463,0.36874571624400265,0.6982310093652446,0.4190121412803516,0.8692390139335464,0.5379844961240252,0.2675438596491223,0.26190476190476214,0.6000000000000001,0.7119155354449469,0.7424895102450051,0.7424895102450051,0.09345794392523364
0.0,0.8416050686378036,0.29465186680121147,0.6026169130118715,0.4143781047895776,0.6148222000664672,0.37669418912603336,0.7918918918918922,0.3657703798548868,0.5758878802357097,0.2313301924619085,0.8498035220491923,0.0,0.7813383600377002,0.3801418439716313,0.7203234665852905,0.3767991775188484,0.6982310093652446,0.42242687637968945,0.8617363344051447,0.5372093023255822,0.2763157894736842,0.25,0.6000000000000001,0.7126696832579186,0.845756835396757,0.845756835396757,0.12149532710280375
0.2857142857142857,0.8352692713833154,0.30015594899550546,0.5815362248606721,0.44249695379135845,0.6148222000664672,0.3801215142545562,0.7918918918918922,0.3683311993171148,0.6172957477305301,0.543429230152366,0.8200303553236182,0.0,0.7737983034872762,0.3852583586626135,0.7281049740616408,0.38496687228695303,0.6982310093652446,0.423565121412802,0.8542336548767426,0.5364341085271427,0.28508771929824617,0.2380952380952378,0.6000000000000001,0.71342383107089,0.9220692214024887,0.9220692214024887,0.13084112149532712
0.2857142857142857,0.8352692713833154,0.3166681955783879,0.5773823946830923,0.4519770228833885,0.6231306081754733,0.38479513942981725,0.7918918918918922,0.3757291222079937,0.615145723841376,0.45119536888532447,0.7852423228059963,0.0,0.7737983034872762,0.3932624113475176,0.7360826539953815,0.38509742485068155,0.6982310093652446,0.4289459161147888,0.8467309753483376,0.5356589147286748,0.2938596491228065,0.2261904761904764,0.6000000000000001,0.7141779788838611,0.09721773337971586,0.09721773337971586,0.12149532710280375
0.2857142857142857,0.8352692713833154,0.32382350243097013,0.5786285437363685,0.45858093542037703,0.6231306081754733,0.38479513942981725,0.7984984984984951,0.38682600654431476,0.6023252110208601,0.42569667201283107,0.7535813044472625,0.0,0.7737983034872762,0.39549138804457784,0.7460482148306369,0.38498971898560663,0.6982310093652446,0.43142935982339825,0.8392282958199357,0.5348837209302317,0.30263157894736836,0.21428571428571427,0.6000000000000001,0.7149321266968325,0.4058652220699164,0.4058652220699164,0.11214953271028037
0.2857142857142857,0.8317493840197148,0.3203375837079163,0.5815362248606721,0.4543470401563955,0.6231306081754733,0.3890014020875523,0.8018018018018018,0.3970692843932264,0.5959547698678158,0.41872995188452206,0.7200989666715181,0.0,0.7681432610744581,0.3971631205673758,0.7526919220541402,0.38260060706942056,0.6982310093652446,0.4329470198675496,0.8258306538049294,0.5352713178294621,0.3092105263157895,0.2023809523809521,0.5538461538461539,0.7058823529411764,0.7756913651392376,0.7756913651392376,0.11214953271028037
0.2857142857142857,0.8317493840197148,0.31831942023667614,0.5815362248606721,0.45093260849189265,0.6231306081754733,0.3890014020875523,0.8018018018018018,0.4056053492673195,0.5895843287147635,0.4196321170809935,0.6979437386947199,0.0,0.7643732327992458,0.3971631205673758,0.7592310039670425,0.3803975325565456,0.6982310093652446,0.43598233995584845,0.8124330117899261,0.5356589147286748,0.3157894736842105,0.19047619047619072,0.5076923076923077,0.6968325791855203,0.5478480436453732,0.5478480436453732,0.12149532710280375
0.0,0.8317493840197148,0.31657646087515046,0.580497767316279,0.45093260849189265,0.6231306081754733,0.39414238978033933,0.8018018018018018,0.4097311139564659,0.5895843287147635,0.40720228548516463,0.6764954155144811,0.004206268958543983,0.7643732327992458,0.3971631205673758,0.7670779022625229,0.38304122197199764,0.6982310093652446,0.43598233995584845,0.7990353697749195,0.5360465116279087,0.3223684210526315,0.17857142857142855,0.46153846153846156,0.6877828054298641,0.7442001190556478,0.7442001190556478,0.102803738317757
0.0,0.8247096092925024,0.31309054215209664,0.5742670220499138,0.45093260849189265,0.6231306081754733,0.39414238978033933,0.8078078078078106,0.4097311139564659,0.5895843287147635,0.3891589815557341,0.656735347318961,0.019789108767875225,0.7540056550424128,0.39817629179331204,0.773878547451937,0.3834818368745714,0.6982310093652446,0.43598233995584845,0.7856377277599134,0.5364341085271427,0.32894736842105265,0.16666666666666638,0.4153846153846154,0.6787330316742082,0.26044561354428997,0.26044561354428997,0.08411214953271029
0.0,0.8247096092925024,0.312081460416475,0.5742670220499138,0.45500984159715097,0.6231306081754733,0.39624552110920663,0.8063063063063065,0.40482287665386263,0.5790731008122314,0.37357157177225314,0.639935962741959,0.03660262891809909,0.7540056550424128,0.4007092198581561,0.7766249618553545,0.3881654100982417,0.6982310093652446,0.43598233995584845,0.7722400857449099,0.5368217054263518,0.3355263157894737,0.154761904761905,0.36923076923076925,0.6696832579185519,0.1299072237319447,0.1299072237319447,0.06542056074766356
0.0,0.8247096092925024,0.3100632969452348,0.5662708989580794,0.4573999437623021,0.6203611388058072,0.39694656488549573,0.8018018018018018,0.39863422962014505,0.5790731008122314,0.3665547313552518,0.630080878225254,0.0484905387837643,0.7540056550424128,0.4007092198581561,0.771132133048519,0.4043865661411925,0.6982310093652446,0.43598233995584845,0.7588424437299035,0.5372093023255822,0.3421052631578947,0.14285714285714285,0.3230769230769231,0.6606334841628959,0.2986856041086684,0.2986856041086684,0.07476635514018692
0.14285714285714285,0.8247096092925024,0.3100632969452348,0.5662708989580794,0.46114912362920524,0.6203611388058072,0.39694656488549573,0.8018018018018018,0.39863422962014505,0.5790731008122314,0.35763331996792286,0.6211905108426722,0.05759352881698685,0.747273461693817,0.4007092198581561,0.7766249618553545,0.41900845327850234,0.6982310093652446,0.43142935982339825,0.7486602357984982,0.5375968992248126,0.3574561403508777,0.13095238095238068,0.36923076923076925,0.6613876319758674,0.578031249299253,0.578031249299253,0.06542056074766356
0.0,0.8247096092925024,0.3100632969452348,0.559001696147321,0.46218014809260477,0.6231306081754733,0.39834865243807394,0.8018018018018018,0.3943661971830985,0.5790731008122314,0.34961407377706527,0.6101212133812924,0.06803408926765855,0.7445805843543825,0.40198581560283686,0.7766249618553545,0.42152159013022605,0.6982310093652446,0.4344646799116969,0.7384780278670964,0.5379844961240252,0.37280701754385914,0.11904761904761929,0.4153846153846154,0.6621417797888385,0.7087467228205027,0.7087467228205027,0.06542056074766356
0.0,0.8247096092925024,0.3100632969452348,0.554640174460866,0.4640547380260579,0.6231306081754733,0.39834865243807394,0.8018018018018018,0.3943661971830985,0.5790731008122314,0.34049218123496366,0.6015136079173338,0.07502527805864509,0.7409451999461452,0.40055724417426597,0.7683857186451011,0.4249485949280327,0.6982310093652446,0.4344646799116969,0.7282958199356913,0.5383720930232592,0.38815789473684204,0.10714285714285714,0.46153846153846156,0.66289592760181,0.646328205827601,0.646328205827601,0.06542056074766356
0.0,0.8141499472016893,0.3119897257132378,0.5500363460140547,0.4649920329927829,0.6231306081754733,0.39834865243807394,0.8018018018018018,0.3928012519561799,0.5727026596591778,0.33457798716920634,0.5968147701519837,0.08318647984977615,0.7445805843543825,0.4007092198581561,0.7622825755263922,0.4201507882111033,0.6982310093652446,0.43142935982339825,0.7181136120042861,0.5387596899224931,0.40350877192982504,0.09523809523809498,0.5076923076923077,0.6636500754147814,0.2355480536934796,0.2355480536934796,0.03738317757009346
0.0,0.8141499472016893,0.317493807907532,0.5451902108068802,0.4666791639328899,0.6231306081754733,0.401775977566597,0.8018018018018018,0.38967136150234727,0.5695174390826565,0.33207197273456274,0.5903361956047155,0.09354903943377149,0.7421569947488871,0.3996960486322201,0.7592310039670425,0.42152159013022605,0.6982310093652446,0.43598233995584845,0.7079314040728844,0.5391472868216987,0.4188596491228065,0.08333333333333358,0.5538461538461539,0.6644042232277525,0.9089893741342377,0.9089893741342377,0.03738317757009346
0.0,0.8141499472016893,0.31309054215209664,0.5379210079961216,0.4685537538663428,0.6231306081754733,0.4050475151892796,0.8018018018018018,0.38967136150234727,0.5695174390826565,0.3309693263833203,0.586128032933448,0.10251336125956925,0.7411875589066919,0.39929078014184394,0.7592310039670425,0.42380625999543153,0.6982310093652446,0.43846578366445765,0.697749196141479,0.5395348837209326,0.4342105263157895,0.07142857142857142,0.6000000000000001,0.6651583710407238,0.2155275601504067,0.2155275601504067,0.04672897196261682
0.0,0.8141499472016893,0.31107237868085647,0.5325902592682346,0.4685537538663428,0.6175916694361332,0.408163265306122,0.8018018018018018,0.38967136150234727,0.5695174390826565,0.329064755412991,0.5797991558725077,0.10469160768452981,0.7360980207351553,0.3971631205673758,0.7592310039670425,0.4328307059629881,0.6982310093652446,0.4483995584988947,0.6827438370846719,0.5395348837209326,0.46271929824561453,0.07142857142857142,0.6000000000000001,0.6681749622926094,0.1933286860686712,0.1933286860686712,0.03738317757009346
0.0,0.8141499472016893,0.3100632969452348,0.5226556820935289,0.4731464992032993,0.6231306081754733,0.41236952796385706,0.8018018018018018,0.38583013230900565,0.5695174390826565,0.32796210906174855,0.5763976963220172,0.10613895709952376,0.7360980207351553,0.3971631205673758,0.7531278608483327,0.43740004569339574,0.6982310093652446,0.4483995584988947,0.6677384780278681,0.5395348837209326,0.491228070175438,0.07142857142857142,0.6000000000000001,0.6711915535444946,0.8000479067630322,0.8000479067630322,0.03738317757009346
0.0,0.7085533262935584,0.3396018713879454,0.5870608189968483,0.4739900646733529,0.6480558325024925,0.4217167783143789,0.7567567567567568,0.41840944657845913,0.5577321229495176,0.24987469927826705,0.7351186144665989,0.04341085271317825,0.6889726672950045,0.40162107396150004,0.6585291425083906,0.46127484578478395,0.739854318418314,0.5836092715231787,0.6596998928188649,0.5329457364341188,0.43640350877193035,0.154761904761905,0.6000000000000001,0.6161387631975869,0.7713141388406825,0.7713141388406825,0.07476635514018692
0.0,0.7085533262935584,0.33758370791670544,0.6353283256602842,0.45454788907783505,0.6535947712418322,0.4189126032092221,0.7567567567567568,0.4269455114525522,0.5513616817964644,0.24726844426623878,0.7624799883568623,0.01506572295247725,0.6889726672950045,0.4078014184397165,0.6585291425083906,0.46355951564998965,0.739854318418314,0.5682257174392922,0.6698821007502669,0.5333333333333279,0.43859649122806965,0.16666666666666638,0.6000000000000001,0.630467571644042,0.9492931707840161,0.9492931707840161,0.08411214953271029
0.0,0.7085533262935584,0.3367580955875613,0.6873758177853144,0.4267503983503612,0.6591337099811647,0.4175105156566441,0.7657657657657662,0.4310712761416986,0.5577321229495176,0.24636627906976732,0.7797506427982333,0.0036063363667004043,0.6889726672950045,0.40962512664640416,0.6585291425083906,0.46607265250171337,0.739854318418314,0.5560154525386298,0.680064308681672,0.5337209302325618,0.4407894736842105,0.17857142857142855,0.6000000000000001,0.6447963800904977,0.06785693401207755,0.06785693401207755,0.102803738317757
0.0,0.7155931010207699,0.33510687092927305,0.7339817923777228,0.4038134515217652,0.6646726487205048,0.4140831905281208,0.7657657657657662,0.42851045667947085,0.5609173435260393,0.24471230954290285,0.7984766894678125,0.0,0.6889726672950045,0.41177304964538997,0.6676838571864501,0.4704135252456032,0.739854318418314,0.544701986754967,0.6902465166130771,0.5341085271317922,0.44298245614035137,0.19047619047619072,0.6000000000000001,0.6591251885369533,0.4343067845818585,0.4343067845818585,0.17757009345794394
0.0,0.7191129883843714,0.33510687092927305,0.776060092076567,0.37034398725278883,0.6646726487205048,0.41096744041127886,0.7657657657657662,0.42851045667947085,0.5609173435260393,0.24471230954290285,0.8118662979673031,0.0,0.6889726672950045,0.41742654508612076,0.6676838571864501,0.4752113319625324,0.7502601456815816,0.5500827814569536,0.7004287245444791,0.5344961240310013,0.44517543859649067,0.2023809523809521,0.6000000000000001,0.6734539969834086,0.4219831309872834,0.4219831309872834,0.11214953271028037
0.0,0.7191129883843714,0.33510687092927305,0.8014815327633342,0.36284027154774345,0.6646726487205048,0.408163265306122,0.7657657657657662,0.42851045667947085,0.5609173435260393,0.24403568564554917,0.8303012661912387,0.0,0.6889726672950045,0.4184397163120568,0.6676838571864501,0.4763536668951336,0.7502601456815816,0.583471302428253,0.7106109324758842,0.5348837209302317,0.4473684210526315,0.21428571428571427,0.6000000000000001,0.6877828054298641,0.9531483644106912,0.9531483644106912,0.06542056074766356
0.0,0.7296726504751845,0.3486836070085306,0.8206929973346235,0.3417752366669796,0.6619031793508392,0.4048917276834394,0.7657657657657662,0.4269455114525522,0.5609173435260393,0.2433590617481955,0.8421384563139775,0.0,0.6889726672950045,0.4198074974670709,0.6676838571864501,0.4784098697738175,0.7502601456815816,0.596992273730683,0.7224008574490901,0.5356589147286748,0.4320175438596485,0.21428571428571427,0.6000000000000001,0.6900452488687783,0.5374401149539502,0.5374401149539502,0.1869158878504673
0.0,0.7296726504751845,0.3451976882854797,0.8206929973346235,0.3325522541943954,0.6508253018721581,0.39834865243807394,0.7657657657657662,0.4238156209987196,0.5609173435260393,0.2433590617481955,0.8503856789404745,0.0,0.6889726672950045,0.4184397163120568,0.6676838571864501,0.4832076764907469,0.7502601456815816,0.5945088300220736,0.7341907824222926,0.5364341085271427,0.4166666666666672,0.21428571428571427,0.6000000000000001,0.6923076923076922,0.40866988094713963,0.40866988094713963,0.21495327102803738
0.0,0.7328405491024286,0.33409778919365163,0.8315968015507611,0.33030274627425293,0.6480558325024925,0.39414238978033933,0.7657657657657662,0.4238156209987196,0.6239847109412324,0.5185194466720124,0.8554310386649192,0.0,0.6913962569004994,0.4184397163120568,0.6676838571864501,0.47167009367146306,0.7537287547693341,0.5818156732891802,0.7459807073954983,0.5372093023255822,0.4013157894736842,0.21428571428571427,0.6000000000000001,0.6945701357466063,0.08810519623175136,0.08810519623175136,0.1869158878504673
0.0,0.7391763463569163,0.33207962572241145,0.8575582401606154,0.3193363951635584,0.6480558325024925,0.39694656488549573,0.7657657657657662,0.4238156209987196,0.7513935340022264,0.7981906575781874,0.8614466598748364,0.0,0.6974552309142317,0.4170212765957446,0.6676838571864501,0.45544893762851246,0.7606659729448488,0.5738134657836629,0.7577706323687039,0.5379844961240252,0.3859649122807012,0.21428571428571427,0.6000000000000001,0.6968325791855203,0.49392177631644574,0.49392177631644574,0.06542056074766356
0.0,0.7391763463569163,0.3385927896523271,0.8779743154833999,0.30685162620676776,0.6563642406114987,0.39834865243807394,0.7657657657657662,0.41997439180537777,0.7036152253543524,0.7851092622293501,0.8672682287876584,0.0,0.6974552309142317,0.41480496453900706,0.6676838571864501,0.43740004569339574,0.7606659729448488,0.562637969094921,0.7695605573419069,0.5387596899224931,0.37061403508771984,0.21428571428571427,0.6000000000000001,0.6990950226244343,0.4607640012200804,0.4607640012200804,0.08411214953271029
0.0,0.7462161210841287,0.34061095312356704,0.8913081103534215,0.28856634039875295,0.6508253018721581,0.39834865243807394,0.7729729729729733,0.419803670507896,0.6717630195891064,0.7881164795509219,0.8707611701353516,0.0,0.6974552309142317,0.40369807497467014,0.6676838571864501,0.42117888965044536,0.7606659729448488,0.5558380637023013,0.7813504823151125,0.5395348837209326,0.35526315789473684,0.21428571428571427,0.6000000000000001,0.7013574660633484,0.6132059769496214,0.6132059769496214,0.07476635514018692
0.0,0.7536078845476981,0.3497844234473897,0.8965834746789412,0.26124285312587936,0.6480558325024925,0.3915718959339458,0.7747747747747746,0.41414141414141237,0.6532887402452652,0.7901714113873297,0.8819967981370981,0.0,0.6974552309142317,0.3934042553191488,0.6676838571864501,0.4043865661411925,0.7606659729448488,0.5416942604856496,0.7942122186495175,0.5395348837209326,0.32894736842105265,0.2261904761904764,0.6000000000000001,0.6877828054298641,0.805341359353345,0.805341359353345,0.09345794392523364
0.0,0.7613516367476236,0.38097422254839164,0.9055349787116209,0.2483965561104956,0.6480558325024925,0.38479513942981725,0.7747747747747746,0.408450704225352,0.6469182990922124,0.7820519246190856,0.8921346445724261,0.0,0.6974552309142317,0.3828774062816631,0.6737870003051589,0.4018734292894688,0.7606659729448488,0.5304123304951116,0.8070739549839228,0.5395348837209326,0.30263157894736836,0.2380952380952378,0.6000000000000001,0.6742081447963801,0.4110667052852531,0.4110667052852531,0.102803738317757
0.0,0.7613516367476236,0.31841115493991334,0.9086503513448001,0.23711688068235137,0.6480558325024925,0.378252064184452,0.7747747747747746,0.3956466069142126,0.6373626373626375,0.7434091820368887,0.8988793479842818,0.0,0.6974552309142317,0.37078014184397157,0.6795849862679271,0.3962759881197153,0.7606659729448488,0.5193432671081661,0.819935691318328,0.5395348837209326,0.2763157894736842,0.25,0.6000000000000001,0.6606334841628959,0.22761576286743931,0.22761576286743931,0.3271028037383178
0.0,0.7683914114748356,0.29474360150444867,0.9086503513448001,0.23232864239519135,0.6480558325024925,0.37669418912603336,0.7747747747747746,0.3871105420401193,0.6303551520942856,0.6903819165998393,0.9108052477285491,0.0,0.698801669583949,0.3645896656534966,0.6911809581934718,0.3917066483893077,0.7606659729448488,0.5103673919899088,0.832797427652733,0.5395348837209326,0.25,0.26190476190476214,0.6000000000000001,0.6470588235294117,0.34563300697574373,0.34563300697574373,0.2429906542056075
0.0,0.7719112988384371,0.2621777818548763,0.9086503513448001,0.2331240041240985,0.6480558325024925,0.3832372643713984,0.7747747747747746,0.3758713899558983,0.626851409460105,0.6321421411387331,0.9199534274486975,0.0,0.706880301602262,0.36170212765957444,0.6975892584681134,0.3824537354352293,0.7662851196670137,0.5030353200882987,0.8456591639871383,0.5395348837209326,0.22368421052631582,0.2738095238095235,0.6000000000000001,0.6334841628959276,0.1567116514477851,0.1567116514477851,0.102803738317757
0.0,0.7856388595564938,0.22841941106320496,0.9086503513448001,0.2279501359077708,0.6480558325024925,0.3832372643713984,0.7747747747747746,0.3698961445440334,0.6204809683070514,0.5760074178027259,0.9195791837328744,0.0,0.706880301602262,0.36058763931104254,0.7104058590173956,0.3778843957048217,0.7620038650215506,0.4925693787448755,0.8585209003215433,0.5395348837209326,0.19736842105263153,0.2857142857142857,0.6000000000000001,0.6199095022624435,0.964201330644623,0.964201330644623,0.12149532710280375
0.0,0.7919746568109816,0.21007247041555976,0.9071965107826485,0.22069547286531144,0.6480558325024925,0.37669418912603336,0.7747747747747746,0.36448997012377293,0.6172957477305301,0.5320018043303931,0.9175083685053123,0.0,0.706880301602262,0.35070921985815606,0.716509002136096,0.3598355037697052,0.7700312174817896,0.49351545253863005,0.8638799571275464,0.5391472868216987,0.18859649122806965,0.2857142857142857,0.6000000000000001,0.6161387631975869,0.5390749492115966,0.5390749492115966,0.102803738317757
0.0,0.7954945441745822,0.2001651224658304,0.8956696320398767,0.21754616177711184,0.6389165835825854,0.37186477644492677,0.7828828828828829,0.35595390524967985,0.6172957477305301,0.5139585004009626,0.9208682454207132,0.0,0.706880301602262,0.34594731509625176,0.7281049740616408,0.35046835732236814,0.7673554333283759,0.4896720277514981,0.8692390139335464,0.5387596899224931,0.17982456140350928,0.2857142857142857,0.6000000000000001,0.6123680241327298,0.6786539728762521,0.6786539728762521,0.08411214953271029
0.0,0.8102780711017206,0.19282634620677075,0.8904773443179042,0.21360952291686253,0.6389165835825854,0.3628291011060909,0.7828828828828829,0.35595390524967985,0.6086956521739129,0.4903518444266241,0.9216998981225442,0.0,0.706880301602262,0.34099290780141844,0.733902960024408,0.34270047978067164,0.7662851196670137,0.4796081677704178,0.8745980707395498,0.5383720930232592,0.17105263157894735,0.2857142857142857,0.6000000000000001,0.6085972850678733,0.05865166553328878,0.05865166553328878,0.2336448598130841
0.0,0.8176698345652895,0.1919089991743892,0.8823773754716284,0.20975322362518867,0.6389165835825854,0.3614270135535125,0.7828828828828829,0.35310855029164756,0.6086956521739129,0.46829891740176394,0.9165436513711862,0.0,0.706880301602262,0.3340932117527873,0.7400061031431178,0.33127713045465024,0.7673554333283759,0.4683262377798798,0.8799571275455529,0.5379844961240252,0.16228070175438541,0.2857142857142857,0.6000000000000001,0.6048265460030167,0.40871895560777904,0.40871895560777904,0.22429906542056074
0.0,0.8317493840197148,0.18273552885056388,0.8795735401017666,0.20449901584028563,0.6389165835825854,0.3583112634366701,0.7828828828828829,0.34699103713188206,0.6086956521739129,0.43622193263833225,0.9144229369815167,0.0,0.7172478793590951,0.32468085106382993,0.7400061031431178,0.3197395476353666,0.7662851196670137,0.4631346578366431,0.8853161843515529,0.5375968992248126,0.15350877192982498,0.2857142857142857,0.6000000000000001,0.6010558069381597,0.09089052699972747,0.09089052699972747,0.08411214953271029
0.0,0.8447729672650472,0.1588845060086247,0.8774966250129803,0.20187994590468994,0.6389165835825854,0.35675338837825143,0.7828828828828829,0.3444302176696541,0.6086956521739129,0.41116178829190025,0.9135081190095009,0.0,0.7172478793590951,0.31555217831813454,0.7400061031431178,0.31288553803975305,0.7653485952133197,0.4537803532008815,0.8906752411575563,0.5372093023255822,0.14473684210526316,0.2857142857142857,0.6000000000000001,0.5972850678733032,0.8297939390845674,0.8297939390845674,0.07476635514018692
0.0,0.8518127419922596,0.16805797633244735,0.8677610855342843,0.19522682538194835,0.6389165835825854,0.35675338837825143,0.7828828828828829,0.34314980793854044,0.6086956521739129,0.3881565757818763,0.9187891136661331,0.0,0.7172478793590951,0.31056737588652483,0.750076289288983,0.3118574366004112,0.7646796491749634,0.4386431725007862,0.8949624866023569,0.5364341085271427,0.13157894736842102,0.29761904761904784,0.6000000000000001,0.5791855203619909,0.39598038584898776,0.39598038584898776,0.06542056074766356
0.0,0.8553326293558603,0.16438858820291868,0.8541313302641123,0.17424313431436944,0.6389165835825854,0.35675338837825143,0.7888888888888921,0.3400199174847076,0.6086956521739129,0.36962459903769024,0.9178742956941174,0.0,0.7212871953682465,0.3052178318135781,0.750076289288983,0.30500342700479766,0.7606659729448488,0.42993929359823246,0.8992497320471609,0.5356589147286748,0.11842105263157893,0.30952380952380926,0.6000000000000001,0.5610859728506787,0.8199489683843093,0.8199489683843093,0.08411214953271029
0.0,0.8553326293558603,0.14971103568479938,0.8460313614178365,0.16677155443675307,0.6389165835825854,0.3533260632497286,0.7951951951951985,0.3275003556693683,0.6086956521739129,0.3521200882117073,0.9168679959249019,0.0,0.7266729500471254,0.30000000000000004,0.7400061031431178,0.2875257025359834,0.7673554333283759,0.4246885840428889,0.9035369774919615,0.5348837209302317,0.10526315789473684,0.3214285714285714,0.6000000000000001,0.5429864253393666,0.29110859755259094,0.29110859755259094,0.06542056074766356
0.0,0.8553326293558603,0.1404458306577394,0.8388660043615195,0.16383916018371059,0.6419629998892238,0.35503972581398746,0.7951951951951985,0.3101436904253818,0.5991399904443384,0.33497894947874823,0.915587250764081,0.0,0.7280193887168427,0.29584599797365585,0.7400061031431178,0.2740461503312783,0.762539021852237,0.4167770419426031,0.9078242229367619,0.5341085271317922,0.09210526315789475,0.33333333333333354,0.6000000000000001,0.5248868778280543,0.5299289838123735,0.5299289838123735,0.07476635514018692
0.0,0.8630763815557858,0.1424639941289798,0.8307660355152438,0.16464255586947496,0.6480558325024925,0.3516124006854644,0.7984984984984951,0.3072272015933972,0.5991399904443384,0.32295008019246113,0.9138407800902344,0.0,0.7360980207351553,0.291985815602837,0.7400061031431178,0.263879369431117,0.7633417570982621,0.4093740145064648,0.9121114683815656,0.5333333333333279,0.07894736842105265,0.34523809523809496,0.6000000000000001,0.5067873303167421,0.9978103000390035,0.9978103000390035,0.06542056074766356
0.14285714285714285,0.8704681450193552,0.1479680763232738,0.8254906711897241,0.17086887243415572,0.6480558325024925,0.3474061380277298,0.8018018018018018,0.30431071276141686,0.5991399904443384,0.31287590216519573,0.9115953177952874,0.0,0.7385216103406502,0.28890577507598914,0.7400061031431178,0.25451222298377973,0.7644120707596256,0.40452538631346413,0.9163987138263665,0.5325581395348884,0.06578947368421051,0.3571428571428571,0.6000000000000001,0.48868778280542985,0.020052808202379445,0.020052808202379445,0.06542056074766356
0.0,0.877507919746568,0.1534721585175679,0.8196545397902302,0.17641230266593655,0.6480558325024925,0.3474061380277298,0.8047297297297298,0.3041506615450278,0.6055104315973912,0.30585906174819605,0.9122107407946443,0.0,0.7445805843543825,0.28985815602836884,0.7400061031431178,0.24765821338816663,0.7633417570982621,0.39926285083569524,0.9190782422293666,0.5321705426356509,0.06359649122806976,0.36904761904761924,0.6000000000000001,0.49095022624434387,0.6157320019399349,0.6157320019399349,0.06542056074766356
0.14285714285714285,0.877507919746568,0.15438950554994924,0.8121153380179285,0.17958571562470782,0.6480558325024925,0.3516124006854644,0.8076576576576577,0.3039906103286385,0.6023252110208601,0.295835004009623,0.915587250764081,0.0,0.7541402989093873,0.30364741641337245,0.7400061031431178,0.24206077221841316,0.7700312174817896,0.39922737306843104,0.9217577706323696,0.5317829457364418,0.06140350877193024,0.38095238095238065,0.6000000000000001,0.4932126696832579,0.3168338354367379,0.3168338354367379,0.05607476635514019
0.0,0.877507919746568,0.1507201174204208,0.8068815119941826,0.185249655209353,0.6480558325024925,0.35056083502103075,0.8105855855855857,0.30383055911224943,0.6086956521739129,0.28891840417000786,0.9151215252510552,0.0,0.7622997172478796,0.30680851063829784,0.7400061031431178,0.2374914324880053,0.7700312174817896,0.40286975717439133,0.9244372990353698,0.5313953488372114,0.05921052631578949,0.39285714285714285,0.6000000000000001,0.4954751131221719,0.554849750481664,0.554849750481664,0.06542056074766356
0.0,0.8880675818373807,0.156224199614715,0.8068815119941826,0.2056237698003568,0.6480558325024925,0.3474061380277298,0.8135135135135136,0.3036705078958599,0.6086956521739129,0.28135024057738606,0.9204524190697977,0.0,0.7540056550424128,0.30040526849037597,0.7400061031431178,0.23406442769019864,0.7700312174817896,0.3945916114790273,0.9271168274383697,0.531007751937981,0.05701754385964869,0.40476190476190493,0.6000000000000001,0.497737556561086,0.015534231176322466,0.015534231176322466,0.05607476635514019
0.0,0.8944033790918688,0.156224199614715,0.8068815119941826,0.21585903083700508,0.6563642406114987,0.3474061380277298,0.8164414414414416,0.30351045667947085,0.6086956521739129,0.27744085805934277,0.9216998981225442,0.0,0.7540056550424128,0.29276595744680844,0.7400061031431178,0.2272104180945851,0.7700312174817896,0.38986124251024834,0.9297963558413729,0.5306201550387684,0.05482456140350922,0.41666666666666635,0.6000000000000001,0.5,0.8398228592468705,0.8398228592468705,0.05607476635514019
0.0,0.8975712777191125,0.15971011833776882,0.8054276714320308,0.22350735776548947,0.6508253018721581,0.3474061380277298,0.8193693693693695,0.30335040546308134,0.6086956521739129,0.2723787089013631,0.919807888225877,0.0,0.7540056550424128,0.2835359675785212,0.7400061031431178,0.22024217500571264,0.7700312174817896,0.3838300220750537,0.932475884244373,0.530232558139538,0.05263157894736842,0.42857142857142855,0.6000000000000001,0.502262443438914,0.2720730260236246,0.2720730260236246,0.05607476635514019
0.0,0.9054910242872223,0.161728281809009,0.8027276818166031,0.23232864239519135,0.6563642406114987,0.3474061380277298,0.8222972972972975,0.3031903542466923,0.6086956521739129,0.2682688452285488,0.9187891136661331,0.0,0.7540056550424128,0.2772340425531916,0.7400061031431178,0.21590130226182302,0.7700312174817896,0.37785793125196987,0.9356913183279743,0.530232558139538,0.046052631578947345,0.40476190476190493,0.6000000000000001,0.49095022624434387,0.3676774457409778,0.3676774457409778,0.06542056074766356
0.0,0.9158746920098515,0.1452160352261267,0.7996123091834242,0.2193738869622277,0.6563642406114987,0.3474061380277298,0.8252252252252255,0.303030303030303,0.6086956521739129,0.26440958299919787,0.9199534274486975,0.0,0.7540056550424128,0.2709663120567376,0.7400061031431178,0.20938999314599038,0.7700312174817896,0.36934326710816645,0.9389067524115755,0.530232558139538,0.03947368421052633,0.38095238095238065,0.6000000000000001,0.4796380090497737,0.3068363228988913,0.3068363228988913,0.08411214953271029
0.0,0.9197465681098203,0.14879368865241793,0.7996123091834242,0.20526759771300007,0.6563642406114987,0.3502103131328862,0.8198198198198201,0.30046948356807524,0.6086956521739129,0.2583951483560543,0.9216998981225442,0.0,0.7540056550424128,0.2649442755825744,0.750076289288983,0.20527758738862234,0.7700312174817896,0.3672146010722144,0.9421221864951768,0.530232558139538,0.032894736842105254,0.3571428571428571,0.6000000000000001,0.4683257918552036,0.0450970254585254,0.0450970254585254,0.07476635514018692
0.0,0.9267863428370318,0.14677552518117754,0.7896777320087183,0.20133095885275054,0.6563642406114987,0.3474061380277298,0.8279279279279279,0.30431071276141686,0.6086956521739129,0.2528819165998389,0.9216998981225442,0.0,0.7540056550424128,0.26241134751773054,0.750076289288983,0.2032213845099382,0.7700312174817896,0.3622240618101531,0.945337620578778,0.530232558139538,0.02631578947368418,0.33333333333333354,0.6000000000000001,0.45701357466063347,0.004897293301329038,0.004897293301329038,0.07476635514018692
0.0,0.9303062302006333,0.12127327768094742,0.7843469832808316,0.19195800918549133,0.6563642406114987,0.3456924754634656,0.8279279279279279,0.3066581306017926,0.6086956521739129,0.2487720529270247,0.9216998981225442,0.0,0.7540056550424128,0.26291793313069856,0.750076289288983,0.20093671464473273,0.7700312174817896,0.3569260485651198,0.9485530546623793,0.530232558139538,0.019736842105263164,0.30952380952380926,0.6000000000000001,0.4457013574660633,0.43605058947078285,0.43605058947078285,0.08411214953271029
0.0,0.9303062302006333,0.11742042014494158,0.7748970196268457,0.19580091854906911,0.6563642406114987,0.33946097522978613,0.8279279279279279,0.3090055484421681,0.6086956521739129,0.24376002405773894,0.9246106825789551,0.0,0.7540056550424128,0.2678723404255319,0.7561794324076918,0.20984692711902997,0.7700312174817896,0.3532008830022062,0.9517684887459807,0.530232558139538,0.01315789473684209,0.2857142857142857,0.6000000000000001,0.4343891402714932,0.4059973753010287,0.4059973753010287,0.09345794392523364
0.0,0.9338261175642344,0.11310888909274364,0.7705354979403904,0.1997375574093182,0.6646726487205048,0.3380588876772077,0.8339339339339371,0.3090055484421681,0.614429049211658,0.23985064153969565,0.9282976762237433,0.0,0.7540056550424128,0.26914893617021285,0.7622825755263922,0.22035640849897176,0.7700312174817896,0.3525504572689979,0.9560557341907812,0.5286821705426306,0.017543859649122362,0.2857142857142857,0.6000000000000001,0.4494720965309199,0.5464171476157248,0.5464171476157248,0.09345794392523364
0.0,0.9408658922914463,0.10742133749197491,0.7632662951296323,0.2060174336863817,0.6646726487205048,0.3380588876772077,0.8369369369369373,0.3090055484421681,0.6115623506927854,0.23624198075380948,0.9282976762237433,0.0,0.7540056550424128,0.26914893617021285,0.7683857186451011,0.2224126113776559,0.7700312174817896,0.3486479028697558,0.9603429796355851,0.527131782945748,0.021929824561403966,0.2857142857142857,0.6000000000000001,0.46455505279034703,0.9242202912266092,0.9242202912266092,0.08411214953271029
0.0,0.9338261175642344,0.10366021465920627,0.7584201599224571,0.20789202361983483,0.6646726487205048,0.3380588876772077,0.8369369369369373,0.3090055484421681,0.6172957477305301,0.23323476343223776,0.9226701596080135,0.0,0.7540056550424128,0.26914893617021285,0.7766249618553545,0.22618231665524324,0.7700312174817896,0.3486479028697558,0.9646302250803858,0.5255813953488371,0.02631578947368418,0.2857142857142857,0.6000000000000001,0.4796380090497737,0.1771162909001642,0.1771162909001642,0.09345794392523364
0.0,0.9408658922914463,0.10549490872397194,0.7480009692270395,0.20986034304995949,0.6646726487205048,0.33494313756036553,0.8369369369369373,0.3090055484421681,0.6172957477305301,0.22982658380112259,0.9197593751516023,0.0,0.7581526861451462,0.271276595744681,0.7766249618553545,0.22823851953392715,0.7700312174817896,0.3486479028697558,0.9689174705251864,0.5240310077519297,0.030701754385964453,0.2857142857142857,0.6000000000000001,0.4947209653092004,0.02352407481904453,0.02352407481904453,0.08411214953271029
0.0,0.9338261175642344,0.10641225575635338,0.7480009692270395,0.21379698191020857,0.6646726487205048,0.33494313756036553,0.8369369369369373,0.3090055484421681,0.6172957477305301,0.22626804330392875,0.9222820550138263,0.0,0.7560791705937795,0.2734751773049644,0.7802868477265781,0.23303632625085657,0.7700312174817896,0.3486479028697558,0.9732047159699904,0.5224806201550471,0.035087719298246056,0.2857142857142857,0.6000000000000001,0.5098039215686276,0.5090203333877314,0.5090203333877314,0.07476635514018692
0.0,0.9408658922914463,0.10843041922759344,0.7455779016234558,0.21754616177711184,0.6646726487205048,0.33416420003115843,0.8369369369369373,0.3090055484421681,0.6172957477305301,0.2242632317562147,0.9237790298771242,0.0,0.7574615142946939,0.27659574468085113,0.7766249618553545,0.22618231665524324,0.7700312174817896,0.3486479028697558,0.977491961414791,0.5209302325581433,0.03947368421052633,0.2857142857142857,0.6000000000000001,0.5248868778280543,0.41481762949234535,0.41481762949234535,0.08411214953271029
0.0,0.9408658922914463,0.11576919548665332,0.7407317664162809,0.22527884525260167,0.6646726487205048,0.33338526250194667,0.8369369369369373,0.3058756579883355,0.6172957477305301,0.22170709703287877,0.9144229369815167,0.0,0.7643732327992458,0.2815602836879434,0.7766249618553545,0.22402819935376606,0.7700312174817896,0.35206263796909343,0.9758842443729903,0.5193798449612359,0.037280701754385526,0.2857142857142857,0.6000000000000001,0.5180995475113122,0.3472900944427018,0.3472900944427018,0.07476635514018692
0.0,0.9338261175642344,0.11925511420970725,0.7363702447298262,0.23329271721810918,0.6646726487205048,0.33338526250194667,0.8402402402402436,0.3058756579883355,0.6172957477305301,0.2198025260625494,0.9123022225918468,0.0,0.7540056550424128,0.2815602836879434,0.7766249618553545,0.22009938313913624,0.7700312174817896,0.3532008830022062,0.9742765273311897,0.5178294573643463,0.035087719298246056,0.2857142857142857,0.6000000000000001,0.5113122171945701,0.41110219118989677,0.41110219118989677,0.08411214953271029
0.0,0.9303062302006333,0.1286120539400072,0.7317664162830149,0.24463398631549305,0.6646726487205048,0.33338526250194667,0.8468468468468469,0.3090055484421681,0.626851409460105,0.22030372894947908,0.9070877601513608,0.0,0.7584489026524877,0.2875379939209717,0.7766249618553545,0.2211788896504454,0.7700312174817896,0.3570443077893377,0.972668810289389,0.5162790697674424,0.032894736842105254,0.2857142857142857,0.6000000000000001,0.504524886877828,0.7943430243291041,0.7943430243291041,0.07476635514018692
0.0,0.9303062302006333,0.13760205485735222,0.7269202810758402,0.2540069359827555,0.6646726487205048,0.33338526250194667,0.8435435435435401,0.3118509034002004,0.626851409460105,0.2193013231756213,0.901033328482026,0.0,0.7560791705937795,0.2919148936170213,0.7766249618553545,0.2224126113776559,0.7700312174817896,0.3614790286975702,0.9710610932475883,0.514728682170535,0.030701754385964453,0.2857142857142857,0.6000000000000001,0.497737556561086,0.3440928380474914,0.3440928380474914,0.07476635514018692
0.0,0.9267863428370318,0.15154572974956493,0.724497213472256,0.2660980410535211,0.6646726487205048,0.33338526250194667,0.8435435435435401,0.31441172286242836,0.626851409460105,0.2193013231756213,0.9122689564837725,0.0,0.7599299851891701,0.29888551165146815,0.7766249618553545,0.22618231665524324,0.7700312174817896,0.36266162093976395,0.9694533762057878,0.5131782945736525,0.028508771929824983,0.2857142857142857,0.6000000000000001,0.49095022624434387,0.7181729158798096,0.7181729158798096,0.06542056074766356
0.0,0.9197465681098203,0.1531969544078533,0.7196510782650818,0.27003467991377017,0.6646726487205048,0.33338526250194667,0.8468468468468469,0.3186797552994751,0.6338588947284565,0.2193013231756213,0.9220325592032776,0.0,0.7581526861451462,0.30269503546099297,0.7766249618553545,0.22456672867913285,0.7700312174817896,0.367108167770418,0.9678456591639872,0.5116279069767415,0.02631578947368418,0.2857142857142857,0.6000000000000001,0.48416289592760176,0.7150833910061373,0.7150833910061373,0.07476635514018692
0.0,0.9197465681098203,0.1589762407118619,0.7269202810758402,0.2746274252507269,0.6721502160186108,0.33338526250194667,0.8468468468468469,0.3218096457533077,0.6373626373626375,0.2193013231756213,0.9289768592635717,0.0,0.7584489026524877,0.3086626139817623,0.7766249618553545,0.22618231665524324,0.7700312174817896,0.37194497004099336,0.9544480171489809,0.5112403100775111,0.06140350877193024,0.2738095238095235,0.6000000000000001,0.5218702865761687,0.20641750587935392,0.20641750587935392,0.06542056074766356
0.0,0.9197465681098203,0.16814971103568443,0.722074145868665,0.2781891461242868,0.6721502160186108,0.33650101261878884,0.8468468468468469,0.32373026034997854,0.6373626373626375,0.2193013231756213,0.9310559910181517,0.0,0.7602262016965124,0.3190070921985815,0.7766249618553545,0.2283853911681184,0.7700312174817896,0.37389624724061665,0.9410503751339774,0.5108527131783056,0.09649122807017502,0.26190476190476214,0.6000000000000001,0.5595776772247362,0.9553627666915302,0.9553627666915302,0.07476635514018692
0.0,0.9197465681098203,0.17640583432712575,0.7269202810758402,0.285968694348111,0.6721502160186108,0.33650101261878884,0.8468468468468469,0.32565087494664957,0.6405478579391588,0.2198025260625494,0.9471401542715763,0.0,0.7670661101386804,0.32968591691996085,0.7766249618553545,0.23303632625085657,0.7700312174817896,0.37389624724061665,0.927652733118971,0.5104651162790717,0.13157894736842102,0.25,0.6000000000000001,0.5972850678733032,0.6477762009196197,0.6477762009196197,0.07476635514018692
0.0,0.9197465681098203,0.17480047702045753,0.7269202810758402,0.2878432842815639,0.6721502160186108,0.3299579373734238,0.8468468468468469,0.32565087494664957,0.6532887402452652,0.2208049318364072,0.9627419589579393,0.0,0.7737983034872762,0.34007092198581557,0.7766249618553545,0.2304415940468023,0.7700312174817896,0.37389624724061665,0.9142550911039649,0.5100775193798412,0.16666666666666718,0.2380952380952378,0.6000000000000001,0.6349924585218701,0.189782279706969,0.189782279706969,0.06542056074766356
0.0,0.9197465681098203,0.1644803229061561,0.7269202810758402,0.2869059893148388,0.6804586241276169,0.324038012151425,0.8468468468468469,0.32565087494664957,0.6650740563784041,0.2208049318364072,0.9726386261097367,0.0,0.7737983034872762,0.34544072948328375,0.7766249618553545,0.22618231665524324,0.7700312174817896,0.37389624724061665,0.9008574490889614,0.5096899224806322,0.2017543859649117,0.2261904761904764,0.6000000000000001,0.6726998491704375,0.24007510328666073,0.24007510328666073,0.05607476635514019
0.0,0.9197465681098203,0.16062746537015016,0.722074145868665,0.2850313993813859,0.6749196853882764,0.324038012151425,0.8468468468468469,0.3218096457533077,0.6650740563784041,0.2198025260625494,0.9701436680042409,0.0,0.7794533459000943,0.35021276595744677,0.7766249618553545,0.22510525800450276,0.7700312174817896,0.3729856512141265,0.887459807073955,0.5093023255813982,0.23684210526315785,0.21428571428571427,0.6000000000000001,0.7104072398190044,0.4400029848642298,0.4400029848642298,0.06542056074766356
0.14285714285714285,0.9197465681098203,0.1809925694890384,0.7196510782650818,0.2850313993813859,0.6804586241276169,0.32061068702290174,0.8468468468468469,0.3218096457533077,0.6650740563784041,0.21719627105052114,0.9611701353514773,0.0,0.7832233741753061,0.35552178318135796,0.7766249618553545,0.2193283070596297,0.7700312174817896,0.3706441185745819,0.8938906752411575,0.5085271317829516,0.22368421052631582,0.21428571428571427,0.6000000000000001,0.7013574660633484,0.11429047241122642,0.11429047241122642,0.5140186915887851
0.0,0.9197465681098203,0.22484175763691372,0.7196510782650818,0.2904677101883959,0.6749196853882764,0.3302695123851045,0.8468468468468469,0.3243704652155355,0.6650740563784041,0.2151914595028071,0.9567956421398428,0.0,0.7832233741753061,0.3631205673758864,0.7779327782379335,0.23328111230784399,0.7700312174817896,0.37389624724061665,0.90032154340836,0.5077519379844944,0.21052631578947367,0.21428571428571427,0.6000000000000001,0.6923076923076922,0.32767330057075483,0.32767330057075483,0.5794392523364487
0.0,0.9197465681098203,0.27272727272727226,0.7116549551732474,0.29974693035898337,0.6721502160186108,0.34226515033494276,0.8468468468468469,0.33176838810641485,0.6650740563784041,0.2151914595028071,0.943894629602678,0.0,0.7844351689780489,0.37370820668692906,0.785779676533414,0.25771076079506483,0.7730043109855773,0.3760249132765685,0.9067524115755625,0.5069767441860478,0.19736842105263153,0.21428571428571427,0.6000000000000001,0.6832579185520362,0.4595447116470762,0.4595447116470762,0.205607476635514
0.0,0.9197465681098203,0.3579488120355936,0.7068088199660725,0.33555159808791957,0.6776891547579513,0.34226515033494276,0.8468468468468469,0.33461374306444736,0.6714444975314573,0.2193013231756213,0.9338669771503422,0.0,0.7917059377945332,0.3765070921985816,0.785779676533414,0.26730637422892367,0.7762747138397501,0.37762141280353045,0.9131832797427653,0.5062015503876012,0.1842105263157895,0.21428571428571427,0.6000000000000001,0.6742081447963801,0.27551286778333534,0.27551286778333534,0.08411214953271029
0.0,0.9197465681098203,0.2955692138335928,0.704385752362489,0.358140406786016,0.6804586241276169,0.34226515033494276,0.8468468468468469,0.33461374306444736,0.674629718107979,0.22481455493183683,0.9264819011580759,0.0,0.7917059377945332,0.3755319148936169,0.785779676533414,0.27532556545579157,0.7804370447450573,0.37762141280353045,0.9196141479099678,0.5054263565891404,0.17105263157894735,0.21428571428571427,0.6000000000000001,0.6651583710407238,0.44193143876146096,0.44193143876146096,0.09345794392523364
0.0,0.9197465681098203,0.2789652325474732,0.700024230676034,0.35439122691911273,0.6804586241276169,0.34226515033494276,0.8468468468468469,0.33461374306444736,0.674629718107979,0.22794707297514022,0.9116285839033621,0.0,0.7917059377945332,0.3766464032421488,0.7872182745542529,0.2881621462841466,0.7700312174817896,0.3794426048565107,0.9260450160771705,0.5046511627907009,0.15789473684210525,0.21428571428571427,0.6000000000000001,0.6561085972850679,0.10137391214155242,0.10137391214155242,0.102803738317757
0.0,0.9120028159098943,0.2736446197596565,0.6881511994184639,0.37210610179023473,0.6721502160186108,0.3474061380277298,0.8468468468468469,0.3400199174847076,0.68163720337633,0.22922514033680824,0.9261908227124349,0.0,0.7917059377945332,0.39290780141843973,0.7936527311565449,0.3013708019191226,0.7759774044893752,0.38276568905707764,0.9201500535905689,0.5058139534883708,0.17763157894736842,0.2023809523809521,0.6000000000000001,0.6734539969834086,0.27755982002015095,0.27755982002015095,0.11214953271028037
0.0,0.908130939809926,0.28079992661223896,0.6779743154834028,0.39628831193176617,0.6776891547579513,0.3502103131328862,0.8468468468468469,0.348840517854601,0.6851409460105111,0.22922514033680824,0.9553485664386553,0.0,0.7917059377945332,0.4075481256332305,0.8076202101224954,0.3107803779496707,0.7762747138397501,0.3870584988962458,0.9142550911039649,0.5069767441860478,0.19736842105263153,0.19047619047619072,0.6000000000000001,0.6907993966817497,0.03104052451490607,0.03104052451490607,0.102803738317757
0.0,0.908130939809926,0.2899733969360616,0.6658589774654697,0.41906457962320864,0.6804586241276169,0.3583112634366701,0.8468468468468469,0.35310855029164756,0.6915113871635639,0.22832297514033667,0.9731376177308368,0.0,0.7917059377945332,0.4211347517730497,0.8141592920353973,0.3164496230294722,0.7804370447450573,0.3900386313465769,0.9083601286173633,0.5081395348837212,0.2171052631578947,0.17857142857142855,0.6000000000000001,0.7081447963800905,0.2329502029537517,0.2329502029537517,0.12149532710280375
0.14285714285714285,0.8975712777191125,0.30290799009265257,0.6542282529682562,0.44530883869153637,0.6804586241276169,0.3642311886586691,0.8468468468468469,0.3616446151657404,0.6915113871635639,0.22967622293504403,0.9629166060253239,0.0,0.7957452538036851,0.4411347517730497,0.8188674310126878,0.3229707235875836,0.7804370447450573,0.39831677704194113,0.9024651661307619,0.5093023255813982,0.23684210526315785,0.16666666666666638,0.6000000000000001,0.7254901960784312,0.214394479640684,0.214394479640684,0.08411214953271029
0.0,0.8975712777191125,0.3139161544812408,0.6416283014296107,0.46218014809260477,0.6804586241276169,0.37217635145661254,0.8468468468468469,0.37444871247687983,0.6915113871635639,0.23077886928628638,0.9269393101440839,0.0,0.7954759660697455,0.46382978723404267,0.8223985352456507,0.33228238519533915,0.7804370447450573,0.4045845159255752,0.8965702036441576,0.5104651162790717,0.256578947368421,0.154761904761905,0.6000000000000001,0.7428355957767724,0.6143032064120446,0.6143032064120446,0.09345794392523364
0.0,0.8944033790918688,0.3201541143014417,0.6227283741216387,0.4751148186334241,0.6804586241276169,0.37840785169029223,0.8468468468468469,0.37985488689714053,0.6851409460105111,0.23323476343223776,0.8709358172027363,0.0,0.8011310084825636,0.48318135764944325,0.828937617158553,0.3425536081464804,0.7804370447450573,0.4101545253863119,0.8906752411575563,0.5116279069767415,0.2763157894736842,0.14285714285714285,0.6000000000000001,0.7601809954751131,0.029444295244003705,0.029444295244003705,0.08411214953271029
0.0,0.8810278071101687,0.3258416659022103,0.6130361037072891,0.4790514574936734,0.6804586241276169,0.38245832684218706,0.8468468468468469,0.3912363067292661,0.6851409460105111,0.2353398155573379,0.82273322660457,0.0,0.8011310084825636,0.4998581560283688,0.8315532499237102,0.3543522960932144,0.7804370447450573,0.41794780826237554,0.8831725616291544,0.5116279069767415,0.2916666666666672,0.13095238095238068,0.6000000000000001,0.7662141779788824,0.7731505504741294,0.7731505504741294,0.08411214953271029
0.0,0.877507919746568,0.32685074763783195,0.6052822873758188,0.4863623582341364,0.6804586241276169,0.3890014020875523,0.8468468468468469,0.3972115521411308,0.6975633062589581,0.3474589013632711,0.7831465579973804,0.0,0.8055742560926384,0.5104863221884504,0.8315532499237102,0.3547929109957879,0.7804370447450573,0.4252207505518748,0.8756698821007489,0.5116279069767415,0.3070175438596485,0.11904761904761929,0.6000000000000001,0.7722473604826561,0.10363901569109954,0.10363901569109954,0.08411214953271029
0.0,0.877507919746568,0.3286854417025975,0.6154591713108799,0.4826131783672333,0.6804586241276169,0.3890014020875523,0.8468468468468469,0.4024754588134871,0.7931199235547062,0.663216720128307,0.7561594278229399,0.0,0.8011310084825636,0.5102836879432626,0.8244125724748241,0.3534612748457846,0.7804370447450573,0.43003242273730535,0.8681672025723473,0.5116279069767415,0.3223684210526315,0.10714285714285714,0.6000000000000001,0.7782805429864252,0.38086076577509614,0.38086076577509614,0.08411214953271029
0.0,0.877507919746568,0.3304284010641232,0.6203053065180479,0.4790514574936734,0.6804586241276169,0.3955444773329173,0.8468468468468469,0.4059965855740504,0.7899347029781845,0.7183991579791489,0.7318003201862903,0.0,0.8011310084825636,0.504964539007092,0.8200444657570052,0.38357975129736466,0.7804370447450573,0.4353319142226404,0.8606645230439454,0.5116279069767415,0.33771929824561453,0.09523809523809498,0.6000000000000001,0.7843137254901946,0.6043539597717991,0.6043539597717991,0.05607476635514019
0.0,0.877507919746568,0.33207962572241145,0.6251514417252224,0.47717686756022026,0.6804586241276169,0.39834865243807394,0.8468468468468469,0.4097311139564659,0.7580824972129288,0.7384472734562952,0.7119986693556773,0.0,0.8011310084825636,0.4963120567375885,0.8223985352456507,0.39527073337902663,0.7804370447450573,0.43672737306843135,0.8531618435155399,0.5116279069767415,0.353070175438596,0.08333333333333358,0.6000000000000001,0.7903469079939682,0.8929338065720948,0.8929338065720948,0.03738317757009346
0.14285714285714285,0.877507919746568,0.32960278873497906,0.6178822389144643,0.46874121285968606,0.6804586241276169,0.39834865243807394,0.8468468468468469,0.40717029449423836,0.7488453575410128,0.7419055733761026,0.6894192985009461,0.002831142568250759,0.8011310084825636,0.4883485309017237,0.8246872139151655,0.3975325565455792,0.7804370447450573,0.4381110059918003,0.8456591639871383,0.5116279069767415,0.36842105263157887,0.07142857142857142,0.6000000000000001,0.7963800904977376,0.26846406592780686,0.26846406592780686,0.03738317757009346
0.0,0.8739880323829665,0.3258416659022103,0.6178822389144643,0.4649920329927829,0.6804586241276169,0.401775977566597,0.8468468468468469,0.4097311139564659,0.74247491638796,0.7349889735364876,0.677485082229661,0.01986133179257543,0.7917059377945332,0.47716312056737586,0.8212215005013324,0.4019387055713295,0.7804370447450573,0.43970750551876225,0.8269024651661319,0.5127906976744221,0.390350877192983,0.07142857142857142,0.6000000000000001,0.7918552036199096,0.12391318673833293,0.12391318673833293,0.04672897196261682
0.0,0.8669482576557546,0.32382350243097013,0.6154591713108799,0.46218014809260477,0.6721502160186108,0.408163265306122,0.8468468468468469,0.41101152368758,0.7294155120242041,0.6937900962309544,0.6647358463105808,0.03132457027300303,0.7917059377945332,0.47299898682877317,0.8158071406774483,0.4110349554489374,0.7804370447450573,0.43970750551876225,0.8081457663451221,0.5139534883720955,0.41228070175438536,0.07142857142857142,0.6000000000000001,0.7873303167420815,0.8523539455405504,0.8523539455405504,0.04672897196261682
0.0,0.8669482576557546,0.32134666544353796,0.6106130361037057,0.46218014809260477,0.6721502160186108,0.408163265306122,0.8402402402402436,0.408450704225352,0.722408026755853,0.6578037289494778,0.6508721957710465,0.04297269969666329,0.7917059377945332,0.47092198581560285,0.8200444657570052,0.4204445314794858,0.7804370447450573,0.43970750551876225,0.7893890675241158,0.515116279069769,0.4342105263157895,0.07142857142857142,0.6000000000000001,0.7828054298642533,0.4301747797542227,0.4301747797542227,0.03738317757009346
0.0,0.8669482576557546,0.32134666544353796,0.6026169130118715,0.4601180991658086,0.6804586241276169,0.408163265306122,0.8435435435435401,0.4097311139564659,0.7128523650262781,0.6140988372093024,0.635162276233445,0.05854398382204246,0.785646963780801,0.469098277608915,0.8191028379615495,0.4280328992460589,0.7804370447450573,0.43970750551876225,0.7706323687031094,0.5162790697674424,0.4561403508771935,0.07142857142857142,0.6000000000000001,0.7782805429864252,0.52367886840849,0.52367886840849,0.04672897196261682
0.0,0.8553326293558603,0.31932850197229756,0.5977707778046963,0.4640547380260579,0.6749196853882764,0.408163265306122,0.8369369369369373,0.4097311139564659,0.7128523650262781,0.5840266639935847,0.6271285111337506,0.07249747219413549,0.7832233741753061,0.46808510638297873,0.8165133615240427,0.4330265348085778,0.7804370447450573,0.43970750551876225,0.7518756698820996,0.5174418604651159,0.478070175438596,0.07142857142857142,0.6000000000000001,0.7737556561085972,0.9011979794703521,0.9011979794703521,0.04672897196261682
0.14285714285714285,0.8553326293558603,0.31932850197229756,0.5953477102011129,0.4658355984628365,0.6804586241276169,0.41236952796385706,0.8402402402402436,0.41399914639351243,0.707118967988533,0.5309993985565353,0.6194440401688255,0.08756319514661273,0.7832233741753061,0.4711246200607908,0.8123283490997855,0.43365318711446177,0.7804370447450573,0.4436100599180046,0.7331189710610932,0.5186046511627929,0.5,0.07142857142857142,0.6000000000000001,0.7692307692307692,0.3929435917199459,0.3929435917199459,0.05607476635514019
0.0,0.8553326293558603,0.3201541143014417,0.5909861885146579,0.46752272940294326,0.6804586241276169,0.41236952796385706,0.8402402402402436,0.41712903684734504,0.7128523650262781,0.47887429831595746,0.6139883984448087,0.10208002311136805,0.7832233741753061,0.4716312056737588,0.8050045773573382,0.4359639674924123,0.7804370447450573,0.4467439293598219,0.7213290460878874,0.5189922480620268,0.521929824561404,0.07142857142857142,0.6000000000000001,0.7707390648567104,0.23220593673013587,0.23220593673013587,0.04672897196261682
0.0,0.8553326293558603,0.32382350243097013,0.5815362248606721,0.4741775236666991,0.6804586241276169,0.41236952796385706,0.8369369369369373,0.41997439180537777,0.7128523650262781,0.4512078989574972,0.6131567457429778,0.11820020222446917,0.7832233741753061,0.475025329280649,0.8050045773573382,0.44331734064427675,0.7804370447450573,0.4494638915168707,0.7095391211146849,0.5193798449612359,0.5438596491228066,0.07142857142857142,0.6000000000000001,0.7722473604826561,0.3790665888978945,0.3790665888978945,0.05607476635514019
0.0,0.8553326293558603,0.32382350243097013,0.576690089653497,0.47811416252694816,0.6804586241276169,0.41236952796385706,0.8369369369369373,0.41997439180537777,0.706402293358815,0.4360841018444264,0.6131567457429778,0.11668351870576338,0.7832233741753061,0.48723404255319136,0.8050045773573382,0.4517281895623233,0.7804370447450573,0.4566777041942591,0.697749196141479,0.5197674418604663,0.5657894736842105,0.07142857142857142,0.6000000000000001,0.7737556561085972,0.686501766012339,0.686501766012339,0.03738317757009346
0.0,0.7888067581837379,0.45041739289973437,0.7366125514901818,0.47886399850032724,0.7444333665669656,0.4450849041906837,0.8198198198198201,0.48114952340304273,0.6650740563784041,0.2884673215717721,0.8280558038962917,0.007077856420626895,0.8011310084825636,0.6830293819655531,0.7400061031431178,0.5118574366004112,0.8324661810613943,0.6843267108167757,0.7154340836012862,0.5290697674418574,0.5592105263157895,0.07142857142857142,0.5,0.7873303167420815,0.21170534300410213,0.21170534300410213,0.11214953271028037
0.0,0.7856388595564938,0.43124483992294227,0.7748970196268457,0.44699596963164334,0.7477567298105683,0.4450849041906837,0.8252252252252255,0.48968558827713604,0.6650740563784041,0.2874649157979143,0.8458448551884734,0.0,0.8011310084825636,0.6991489361702128,0.7400061031431178,0.5163353895362133,0.8324661810613943,0.6760485651214112,0.7309753483386912,0.5294573643410914,0.5307017543859645,0.07142857142857142,0.5333333333333337,0.7858220211161402,0.44272422168538234,0.44272422168538234,0.33644859813084116
0.0,0.7919746568109816,0.4204201449408316,0.8246910588805407,0.42421970194020076,0.7522432701894317,0.4450849041906837,0.8309309309309276,0.49253094323516877,0.6714444975314573,0.3536236968724931,0.8653970102085374,0.0,0.8011310084825636,0.696808510638298,0.7420201403722908,0.5284441398217956,0.8362816510579292,0.6605960264900661,0.7465166130760996,0.529844961240304,0.5021929824561409,0.07142857142857142,0.566666666666666,0.7843137254901946,0.12689848341069435,0.12689848341069435,0.05607476635514019
0.0,0.7954945441745822,0.41381524630767874,0.8645505209595301,0.3963820414284379,0.7552342971086738,0.4450849041906837,0.8435435435435401,0.4950917626973963,0.7042522694696605,0.5616228949478752,0.8819967981370981,0.0,0.8011310084825636,0.6829787234042555,0.750076289288983,0.5346127484578478,0.8381893860561915,0.6624931015452522,0.7620578778135048,0.530232558139538,0.4736842105263158,0.07142857142857142,0.6000000000000001,0.7828054298642533,0.9199919385723286,0.9199919385723286,0.2990654205607477
0.0,0.802534318901795,0.4103293275846247,0.8941119457232833,0.3853219608210716,0.7552342971086738,0.445941735472813,0.8468468468468469,0.4963721724285104,0.7163561076604588,0.6668755012028871,0.8878932157930841,0.0,0.8011310084825636,0.676798378926039,0.750076289288983,0.5397532556545579,0.8362816510579292,0.6590783664459148,0.7722400857449099,0.530232558139538,0.4583333333333328,0.08333333333333358,0.6000000000000001,0.7820512820512805,0.4673387470748129,0.4673387470748129,0.205607476635514
0.0,0.802534318901795,0.40638473534538155,0.9231887569663169,0.3647014715530973,0.7537387836490526,0.45022589188347073,0.8528528528528556,0.5023474178403755,0.7701863354037266,0.7611016439454681,0.8908455828845875,0.0,0.8011310084825636,0.6707801418439716,0.750076289288983,0.5652273246515864,0.8439125910509884,0.6539735099337745,0.7824222936763119,0.530232558139538,0.44298245614035137,0.09523809523809498,0.6000000000000001,0.7812971342383122,0.21918164936348422,0.21918164936348422,0.04672897196261682
0.0,0.802534318901795,0.40638473534538155,0.9474194330021759,0.35889024275939774,0.7477567298105683,0.45022589188347073,0.8588588588588559,0.506615450277422,0.7771938206720777,0.7579941860465118,0.8962513254464941,0.0,0.8011310084825636,0.6621073961499504,0.7561794324076918,0.5864176376513603,0.8439125910509884,0.6481788079470199,0.792604501607717,0.530232558139538,0.42763157894736836,0.10714285714285714,0.6000000000000001,0.7805429864253394,0.7532298554489485,0.7532298554489485,0.06542056074766356
0.0,0.8141499472016893,0.40941198055224337,0.963896292706564,0.34473708876183284,0.7477567298105683,0.4533416420003127,0.866891891891892,0.5167520273154076,0.8119127249562064,0.8412941058540497,0.9053995051666425,0.0,0.8011310084825636,0.6549645390070924,0.7592310039670425,0.5789924605894445,0.8473812001387404,0.6481788079470199,0.8027867095391221,0.530232558139538,0.41228070175438536,0.11904761904761929,0.6000000000000001,0.7797888386123666,0.19846009240024795,0.19846009240024795,0.06542056074766356
0.0,0.8211897219289008,0.40941198055224337,0.974073176641626,0.3374261880213699,0.7477567298105683,0.4548995170587318,0.8789789789789821,0.5252525252525264,0.7870680044593115,0.7941810344827576,0.9149219286026168,0.0,0.8063147973609801,0.6680851063829787,0.750076289288983,0.5673749143248799,0.8473812001387404,0.6456953642384105,0.8129689174705239,0.530232558139538,0.396929824561404,0.13095238095238068,0.6000000000000001,0.7790346907993981,0.43939400935068257,0.43939400935068257,0.06542056074766356
0.0,0.8247096092925024,0.41381524630767874,0.985946207899195,0.33067766426094247,0.7477567298105683,0.4554252998909485,0.8918918918918919,0.5336463223787151,0.7670011148272049,0.6773005212510022,0.9209430941638773,0.0,0.8114985862393966,0.6658156028368793,0.750076289288983,0.5602296093214527,0.854318418314256,0.6429359823399545,0.8231511254019293,0.530232558139538,0.381578947368421,0.14285714285714285,0.6000000000000001,0.7782805429864252,0.09855815227554847,0.09855815227554847,0.3738317757009346
0.0,0.8317493840197148,0.41381524630767874,1.0,0.32524135345393246,0.7460950481887667,0.4574232746533726,0.8978978978979006,0.5279556124626548,0.754897276636407,0.5429781475541302,0.9365864814853326,0.0,0.8114985862393966,0.6499493414387021,0.750076289288983,0.5448252227553116,0.854318418314256,0.6399006622516554,0.8365487674169356,0.530232558139538,0.36842105263157887,0.14285714285714285,0.6000000000000001,0.7828054298642533,0.380533203238035,0.380533203238035,0.15887850467289721
0.0,0.8352692713833154,0.42207136959911984,1.0,0.318492829693505,0.745382898922283,0.4591057797164668,0.9009009009009012,0.516431924882629,0.7488453575410128,0.45581896551724116,0.9446950953281911,0.0,0.8114985862393966,0.6331205673758866,0.7440341776014638,0.5296778615490059,0.854318418314256,0.633278145695364,0.8499464094319391,0.530232558139538,0.35526315789473684,0.14285714285714285,0.6000000000000001,0.7873303167420815,0.3410604498489662,0.3410604498489662,0.03738317757009346
0.0,0.842397043294614,0.425236216860839,0.9951538647928251,0.318492829693505,0.7477567298105683,0.4591057797164668,0.9009009009009012,0.5107412149665684,0.74247491638796,0.41462008821170787,0.9507661600515618,0.0,0.8055742560926384,0.6178824721377907,0.7400061031431178,0.512737034498516,0.854318418314256,0.6305187637969079,0.8633440514469453,0.530232558139538,0.3421052631578947,0.14285714285714285,0.6000000000000001,0.7918552036199096,0.43062451092002646,0.43062451092002646,0.04672897196261682
0.0,0.8447729672650472,0.4231721860379787,0.9861885146595588,0.3194301246602299,0.7477567298105683,0.4591057797164668,0.903903903903901,0.4995020628823428,0.74247491638796,0.37868384121892523,0.9582593508950663,0.0,0.8011310084825636,0.599645390070922,0.7400061031431178,0.4984578478409869,0.854318418314256,0.6247240618101528,0.8767416934619519,0.530232558139538,0.32894736842105265,0.14285714285714285,0.6000000000000001,0.7963800904977376,0.5177291778507178,0.5177291778507178,0.03738317757009346
0.0,0.8482928546286475,0.41931932850197273,0.9764962442452094,0.32130471459368315,0.7477567298105683,0.4591057797164668,0.903903903903901,0.4906814625124498,0.74247491638796,0.3555282678428226,0.9661933176705401,0.0,0.8055742560926384,0.5849037487335353,0.7400061031431178,0.4809458533241946,0.854318418314256,0.619205298013245,0.8901393354769551,0.530232558139538,0.3157894736842105,0.14285714285714285,0.6000000000000001,0.8009049773755657,0.4554265943496886,0.4554265943496886,0.04672897196261682
0.0,0.8553326293558603,0.4156499403724443,0.9714078022776782,0.32130471459368315,0.7441959834781406,0.4591057797164668,0.90690690690691,0.48399487836107546,0.7329192546583851,0.3344276263031279,0.9750836850531219,0.0,0.8011310084825636,0.5716312056737589,0.7363442172718941,0.4651816312542836,0.854318418314256,0.611065121412802,0.9035369774919615,0.530232558139538,0.30263157894736836,0.14285714285714285,0.6000000000000001,0.8054298642533937,0.4388978543015687,0.4388978543015687,0.03738317757009346
0.0,0.8553326293558603,0.4102375928813875,0.9660770535497916,0.32130471459368315,0.7444333665669656,0.4591057797164668,0.90690690690691,0.47801963294921035,0.7329192546583851,0.31738672814755337,0.9751751668503245,0.0,0.8011310084825636,0.5596251266464043,0.7400061031431178,0.4479952021932829,0.854318418314256,0.6027869757174376,0.905144694533762,0.529844961240304,0.3004385964912275,0.154761904761905,0.6000000000000001,0.8046757164404208,0.5782736050523638,0.5782736050523638,0.03738317757009346
0.0,0.8553326293558603,0.4027153472158531,0.9566270898958056,0.32130471459368315,0.741822152589847,0.4591057797164668,0.90690690690691,0.4696258358230174,0.7329192546583851,0.2968374097834808,0.9750254693639937,0.0,0.8011310084825636,0.5492907801418438,0.7363442172718941,0.43433858807402315,0.854318418314256,0.5957505518763782,0.9067524115755625,0.5294573643410914,0.2982456140350882,0.16666666666666638,0.6000000000000001,0.8039215686274526,0.4388667163424155,0.4388667163424155,0.03738317757009346
0.0,0.8553326293558603,0.3946426933308864,0.9474194330021759,0.32130471459368315,0.7394483217015622,0.4621903723321388,0.9009009009009012,0.46393512590695685,0.7392896958114374,0.285911186848436,0.9817348275360211,0.0,0.8011310084825636,0.5349037487335353,0.733902960024408,0.4114690427233274,0.854318418314256,0.5905077262693126,0.9083601286173633,0.5290697674418574,0.29605263157894735,0.17857142857142855,0.6000000000000001,0.8031674208144797,0.13804031996445867,0.13804031996445867,0.03738317757009346
0.0,0.8553326293558603,0.390973305201358,0.9350617882238863,0.316618239760052,0.7394483217015622,0.46057463334297855,0.9009009009009012,0.4568217385118776,0.7361044752349064,0.26831896551724116,0.977836455496184,0.0,0.8011310084825636,0.5212765957446808,0.7308513884650583,0.39907470870459205,0.854318418314256,0.5818156732891802,0.909967845659164,0.5286821705426306,0.2938596491228065,0.19047619047619072,0.6000000000000001,0.8024132730015068,0.4520064945120436,0.4520064945120436,0.04672897196261682
0.0,0.8669482576557546,0.3827171819099171,0.9297310394959997,0.30724529009279267,0.7394483217015622,0.46116217479358146,0.9009009009009012,0.4511310285958172,0.74247491638796,0.2593975541299121,0.9757240576335323,0.0,0.8011310084825636,0.5127659574468084,0.7400061031431178,0.3865661411925976,0.854318418314256,0.5738134657836629,0.9115755627009647,0.5282945736434215,0.2916666666666672,0.2023809523809521,0.6000000000000001,0.8016591251885383,0.2029490018183822,0.2029490018183822,0.028037383177570097
0.0,0.8669482576557546,0.3751949362443827,0.9202810758420137,0.3082763145561923,0.7394483217015622,0.45984020652972246,0.90690690690691,0.4451557831839523,0.7376970855231726,0.24178027265437035,0.9725554608395546,0.0,0.8011310084825636,0.5047281323877055,0.7400061031431178,0.3781128626913397,0.854318418314256,0.5669150110375245,0.9131832797427653,0.5279069767441875,0.2894736842105263,0.21428571428571427,0.6000000000000001,0.8009049773755657,0.1562444155572979,0.1562444155572979,0.04672897196261682
0.0,0.8669482576557546,0.367122282359416,0.9062272837412162,0.3103383634829886,0.7394483217015622,0.4591057797164668,0.9009009009009012,0.44259496372172435,0.74247491638796,0.23584101844426614,0.9744433124727114,0.0,0.8011310084825636,0.5004255319148936,0.7400061031431178,0.3673749143248799,0.854318418314256,0.5583609271523178,0.9196141479099678,0.527131782945748,0.28070175438596434,0.2261904761904764,0.6000000000000001,0.7993966817496245,0.26642909633161854,0.26642909633161854,0.03738317757009346
0.0,0.8669482576557546,0.3634528942298876,0.8933850254422078,0.3145561908332557,0.7394483217015622,0.4591057797164668,0.903903903903901,0.44131455399061026,0.74247491638796,0.23173115477145184,0.9790839345489333,0.0,0.8011310084825636,0.49751773049645376,0.7414447011639571,0.3554293547439549,0.854318418314256,0.5516694260485635,0.9260450160771705,0.5263565891472801,0.271929824561404,0.2380952380952378,0.6000000000000001,0.7978883861236787,0.06235548726925251,0.06235548726925251,0.04672897196261682
0.0,0.8739880323829665,0.3587744243647377,0.8839350617882218,0.3194301246602299,0.7394483217015622,0.4574232746533726,0.903903903903901,0.43846919903257753,0.74247491638796,0.22681936647955075,0.9866103915005094,0.0,0.8011310084825636,0.49422492401215945,0.750076289288983,0.35298149417409164,0.854318418314256,0.5462196467991138,0.932475884244373,0.5255813953488371,0.26315789473684215,0.25,0.6000000000000001,0.7963800904977376,0.8256124024693574,0.8256124024693574,0.04672897196261682
0.0,0.8739880323829665,0.3552885056416837,0.8795735401017666,0.32130471459368315,0.7394483217015622,0.4579039903856843,0.9009009009009012,0.4370465215535637,0.74247491638796,0.2208049318364072,0.9843649292055625,0.0,0.8011310084825636,0.49191489361702145,0.750076289288983,0.353666895133653,0.854318418314256,0.5431843267108152,0.9389067524115755,0.5248062015503976,0.25438596491228016,0.26190476190476214,0.6000000000000001,0.7948717948717964,0.31974278911654747,0.31974278911654747,0.04672897196261682
0.0,0.877507919746568,0.35134391340244053,0.8650351344802498,0.3269284843940393,0.7394483217015622,0.4548995170587318,0.9009009009009012,0.4370465215535637,0.74247491638796,0.21078087409783403,0.9816620579246108,0.0,0.8011310084825636,0.48865248226950353,0.750076289288983,0.3528835797512986,0.854318418314256,0.5379415011037498,0.945337620578778,0.5240310077519297,0.24561403508771984,0.2738095238095235,0.6000000000000001,0.7933634992458507,0.17889569836239963,0.17889569836239963,0.03738317757009346
0.0,0.877507919746568,0.3476745252729123,0.8597043857523627,0.32130471459368315,0.7394483217015622,0.4548995170587318,0.9009009009009012,0.4323516858728125,0.7488453575410128,0.20276162790697655,0.9819947190053443,0.0,0.8011310084825636,0.4810874704491739,0.750076289288983,0.34201507882111004,0.854318418314256,0.5349061810154512,0.9517684887459807,0.5232558139534866,0.23684210526315785,0.2857142857142857,0.6000000000000001,0.7918552036199096,0.249673198429083,0.249673198429083,0.04672897196261682
0.0,0.877507919746568,0.3424456471883326,0.8475890477344299,0.3194301246602299,0.7394483217015622,0.45022589188347073,0.9009009009009012,0.4269455114525522,0.7520305781175345,0.18772554129911773,0.9757240576335323,0.0,0.8011310084825636,0.47387706855791834,0.7579231875844634,0.3321746793302638,0.854318418314256,0.5298013245033111,0.9555198285101834,0.5228682170542562,0.21929824561403566,0.2857142857142857,0.6000000000000001,0.7714932126696832,0.6351441682839721,0.6351441682839721,0.04672897196261682
0.0,0.877507919746568,0.34061095312356704,0.8383813908407998,0.32130471459368315,0.7394483217015622,0.45022589188347073,0.9009009009009012,0.42125480153649164,0.7520305781175345,0.17970629510826025,0.9701852506393334,0.0,0.8011310084825636,0.4665248226950356,0.7555691180958184,0.3206991089787523,0.854318418314256,0.5240066225165563,0.9592711682743826,0.5224806201550471,0.2017543859649117,0.2857142857142857,0.6000000000000001,0.751131221719457,0.7217305287211238,0.7217305287211238,0.03738317757009346
0.0,0.877507919746568,0.33574901385193967,0.833535255633632,0.32130471459368315,0.7394483217015622,0.45022589188347073,0.9009009009009012,0.41997439180537777,0.7520305781175345,0.17554631114675218,0.9714743123271722,0.0,0.8011310084825636,0.45709219858156036,0.7603753433017997,0.3048749143248801,0.854318418314256,0.5129690949227359,0.9630225080385852,0.5220930232558167,0.1842105263157895,0.2857142857142857,0.6000000000000001,0.7307692307692308,0.4762447469149433,0.4762447469149433,0.04672897196261682
0.0,0.877507919746568,0.3304284010641232,0.8233583716985708,0.32336676352047933,0.745382898922283,0.45022589188347073,0.9009009009009012,0.41997439180537777,0.7577639751552796,0.16963211708099485,0.9747177578643168,0.0,0.8011310084825636,0.4522695035460993,0.7683857186451011,0.29105062175658314,0.854318418314256,0.5077262693156701,0.9667738478027876,0.5217054263565828,0.16666666666666718,0.2857142857142857,0.6000000000000001,0.7104072398190044,0.7414707911110386,0.7414707911110386,0.04672897196261682
0.0,0.877507919746568,0.32533712503440104,0.8206929973346235,0.32336676352047933,0.7477567298105683,0.4450849041906837,0.9009009009009012,0.41414141414141237,0.7606306736741517,0.15755312750601375,0.9799155872507642,0.0,0.8011310084825636,0.43943262411347517,0.7766249618553545,0.27073337902673056,0.854318418314256,0.5005518763796895,0.9705251875669874,0.5213178294573737,0.14912280701754344,0.2857142857142857,0.6000000000000001,0.6900452488687783,0.8110592297345621,0.8110592297345621,0.03738317757009346
0.0,0.877507919746568,0.3203375837079163,0.8158468621274484,0.32130471459368315,0.7465698143664259,0.4450849041906837,0.9009009009009012,0.408450704225352,0.7670011148272049,0.14662690457097066,0.9910597334553078,0.0,0.8011310084825636,0.4326241134751774,0.774270892366709,0.26618035836678855,0.854318418314256,0.49254966887417195,0.9742765273311897,0.5209302325581433,0.13157894736842102,0.2857142857142857,0.6000000000000001,0.6696832579185519,0.23596050491189657,0.23596050491189657,0.04672897196261682
0.0,0.877507919746568,0.3166681955783879,0.8044584443905989,0.3223357390570827,0.7444333665669656,0.4425611465960426,0.9009009009009012,0.4056053492673195,0.7701863354037266,0.13961006415396943,0.9956338233153836,0.0,0.805278039585297,0.4253900709219858,0.7749771132133039,0.258190541466758,0.854318418314256,0.4810982339955834,0.9710610932475883,0.5193798449612359,0.12938596491228027,0.2857142857142857,0.6000000000000001,0.66289592760181,0.16482665146177253,0.16482665146177253,0.04672897196261682
0.0,0.877507919746568,0.312081460416475,0.7996123091834242,0.32439778798387897,0.7477567298105683,0.44087864153294887,0.9009009009009012,0.4024754588134871,0.7701863354037266,0.13459803528468367,0.9885231927147227,0.0,0.805278039585297,0.4170212765957446,0.7707397881337466,0.256682659355723,0.854318418314256,0.4810982339955834,0.9678456591639872,0.5178294573643463,0.1271929824561408,0.2857142857142857,0.6000000000000001,0.6561085972850679,0.944372674157281,0.944372674157281,0.03738317757009346
0.0,0.877507919746568,0.30841207228694656,0.7923431063726658,0.3269284843940393,0.7427716849451644,0.43573765384016183,0.9009009009009012,0.3972115521411308,0.7736900780379072,0.1299869687249398,0.9838742541114831,0.0,0.8114985862393966,0.4078014184397165,0.7683857186451011,0.25222755311857425,0.854318418314256,0.4798565121412788,0.9646302250803858,0.5162790697674424,0.125,0.2857142857142857,0.6000000000000001,0.6493212669683257,0.6551008119296495,0.6551008119296495,0.04672897196261682
0.0,0.877507919746568,0.3037336024217967,0.7870123576447787,0.31774299372012327,0.7477567298105683,0.43573765384016183,0.9009009009009012,0.3943661971830985,0.7806975633062587,0.12307036888532469,0.9889390190656383,0.0,0.8114985862393966,0.40354609929078,0.7730938576223916,0.24463918535200113,0.854318418314256,0.4718543046357613,0.9614147909967845,0.514728682170535,0.1228070175438592,0.2857142857142857,0.6000000000000001,0.6425339366515836,0.584807903440318,0.584807903440318,0.03738317757009346
0.0,0.877507919746568,0.30024768369874266,0.781923915677248,0.31596213328334466,0.7477567298105683,0.4333340751785977,0.9009009009009012,0.38967136150234727,0.7806975633062587,0.11956194867682485,0.9909183524959978,0.0,0.8114985862393966,0.39560283687943265,0.7784559047909663,0.23427004797806705,0.854318418314256,0.4634381898454716,0.9581993569131833,0.5131782945736525,0.12061403508771973,0.2857142857142857,0.6000000000000001,0.6357466063348416,0.33886552844113854,0.33886552844113854,0.04672897196261682
0.0,0.88454769447378,0.2954774791303556,0.777077780470073,0.31596213328334466,0.7477567298105683,0.431531391182427,0.9009009009009012,0.3871105420401193,0.7870680044593115,0.11144246190858104,0.9892716801463718,0.0,0.8114985862393966,0.38812056737588674,0.785779676533414,0.22260844022324533,0.854318418314256,0.4579194260485635,0.954983922829582,0.5116279069767415,0.11842105263157893,0.2857142857142857,0.6000000000000001,0.6289592760180995,0.6024652677673801,0.6024652677673801,0.028037383177570097
0.0,0.88454769447378,0.29382625447206734,0.7705354979403904,0.31596213328334466,0.7441959834781406,0.43019606970378277,0.8948948948948916,0.384265187082087,0.7902532250358336,0.10597935044105783,0.9927230388589726,0.0,0.8114985862393966,0.3792198581560282,0.785779676533414,0.20753941055517466,0.854318418314256,0.4483995584988947,0.9533762057877813,0.5104651162790717,0.11842105263157893,0.2857142857142857,0.6000000000000001,0.6266968325791855,0.4925374820840036,0.4925374820840036,0.03738317757009346
0.0,0.8810278071101687,0.2899733969360616,0.7705354979403904,0.31408754334989175,0.7477567298105683,0.42872721607727016,0.8948948948948916,0.37857447716602644,0.7995699952221693,0.09333650761828388,0.9948853358837345,0.0,0.8114985862393966,0.37078014184397157,0.785779676533414,0.20527758738862234,0.854318418314256,0.44260485651213965,0.9517684887459807,0.5093023255813982,0.11842105263157893,0.2857142857142857,0.6000000000000001,0.6244343891402715,0.9128717655327329,0.9128717655327329,0.03738317757009346
0.0,0.8880675818373807,0.2864874782130076,0.7681124303368068,0.3122129534164414,0.7477567298105683,0.4288607482251332,0.8978978978979006,0.3758713899558983,0.8084089823220257,0.08137028869286339,0.9979042351913842,0.0,0.8114985862393966,0.36418439716312045,0.785779676533414,0.20548320767649053,0.854318418314256,0.43370584988962335,0.95016077170418,0.5081395348837212,0.11842105263157893,0.2857142857142857,0.6000000000000001,0.6221719457013575,0.9419939357913439,0.9419939357913439,0.03738317757009346
0.0,0.8810278071101687,0.2817172736446203,0.7584201599224571,0.3122129534164414,0.7477567298105683,0.42685776600716596,0.8918918918918919,0.3698961445440334,0.8179646440516006,0.07645850040096219,1.0,0.0,0.8114985862393966,0.35440729483282607,0.785779676533414,0.19768921962204922,0.854318418314256,0.42204746136865023,0.9485530546623793,0.5069767441860478,0.11842105263157893,0.2857142857142857,0.6000000000000001,0.6199095022624435,0.7238714663022852,0.7238714663022852,0.03738317757009346
0.0,0.8880675818373807,0.27804788551509185,0.7559970923188737,0.31174430593307767,0.7477567298105683,0.425388912380654,0.9009009009009012,0.36448997012377293,0.8179646440516006,0.07044406575781875,0.9984281763935382,0.0,0.8171536286522147,0.3460992907801419,0.785779676533414,0.19376285126799164,0.854318418314256,0.4165286975717424,0.9469453376205788,0.5058139534883708,0.11842105263157893,0.2857142857142857,0.6000000000000001,0.6176470588235294,0.5679336788245612,0.5679336788245612,0.04672897196261682
0.0,0.8880675818373807,0.27456196679203804,0.7480009692270395,0.31315024838316674,0.7477567298105683,0.42003427325128473,0.8948948948948916,0.36448997012377293,0.8284758719541327,0.06728648757016836,0.9973802939892302,0.0,0.815537902248548,0.3407294832826737,0.785779676533414,0.1850582590815626,0.854318418314256,0.409492273730683,0.945337620578778,0.5046511627907009,0.11842105263157893,0.2857142857142857,0.6000000000000001,0.6153846153846154,0.8484424731376722,0.8484424731376722,0.04672897196261682
0.0,0.8810278071101687,0.27272727272727226,0.7480009692270395,0.31315024838316674,0.7477567298105683,0.41871230498742595,0.8918918918918919,0.3585147247119078,0.8348463131071855,0.06337710505212507,0.9959249017610247,0.0,0.8114985862393966,0.33035460992907795,0.785779676533414,0.16860863605209042,0.854318418314256,0.4042494481236172,0.9544480171489809,0.5042635658914669,0.11403508771929866,0.2857142857142857,0.6000000000000001,0.6191553544494719,0.9177143947894764,0.9177143947894764,0.03738317757009346
0.0,0.8810278071101687,0.2687826804880291,0.7407317664162809,0.3103383634829886,0.7477567298105683,0.4175105156566441,0.8918918918918919,0.3548868971404182,0.8380315336837076,0.0539043704891739,0.9950516664241014,0.0,0.816211121583412,0.32505910165484764,0.7929726666376009,0.1540683442671109,0.854318418314256,0.39307395143487556,0.9635584137191864,0.5038759689922578,0.10964912280701711,0.2857142857142857,0.6000000000000001,0.6229260935143289,0.2624134984238013,0.2624134984238013,0.04672897196261682
0.0,0.8810278071101687,0.26713145582974085,0.7407317664162809,0.3082763145561923,0.7477567298105683,0.4175105156566441,0.8918918918918919,0.3516858728126333,0.8380315336837076,0.051799318364073754,0.9880293989230099,0.0,0.8193528118127522,0.3178486997635921,0.785779676533414,0.14941740918437274,0.854318418314256,0.3875551876379677,0.972668810289389,0.5034883720930274,0.10526315789473684,0.2857142857142857,0.6000000000000001,0.6266968325791855,0.3842529515279046,0.3842529515279046,0.03738317757009346
0.0,0.88454769447378,0.2632785982937351,0.7341894838865985,0.3082763145561923,0.7477567298105683,0.41236952796385706,0.8918918918918919,0.34699103713188206,0.8444019748367604,0.0513983560545303,0.9804977441420464,0.0,0.820923656927427,0.31028368794326244,0.7844718601508349,0.15421521590130216,0.854318418314256,0.3821743929359809,0.9817792068595914,0.5031007751937899,0.10087719298245656,0.2857142857142857,0.6000000000000001,0.630467571644042,0.4425095476112593,0.4425095476112593,0.04672897196261682
0.0,0.877507919746568,0.26162737363544686,0.7341894838865985,0.3103383634829886,0.752029625409488,0.411768633298468,0.8918918918918919,0.3444302176696541,0.8380315336837076,0.04939354450681632,0.9651870179013246,0.0,0.820923656927427,0.3053900709219859,0.7802868477265781,0.15887594242631908,0.854318418314256,0.3791390728476822,0.9908896034297972,0.5027131782945808,0.09649122807017502,0.2857142857142857,0.6000000000000001,0.634238310708899,0.6298263689687377,0.6298263689687377,0.03738317757009346
0.0,0.8810278071101687,0.257040638473534,0.7269202810758402,0.30724529009279267,0.7507477567298104,0.408163265306122,0.8918918918918919,0.3400199174847076,0.8380315336837076,0.04939354450681632,0.9570368214233737,0.0,0.820923656927427,0.301418439716312,0.7766249618553545,0.16092235386272424,0.854318418314256,0.37389624724061665,1.0,0.5023255813953504,0.09210526315789475,0.2857142857142857,0.6000000000000001,0.6380090497737556,0.2838352073477906,0.2838352073477906,0.05607476635514019
0.0,0.8880675818373807,0.25337125034400565,0.7269202810758402,0.30724529009279267,0.7477567298105683,0.408163265306122,0.8918918918918919,0.3400199174847076,0.8380315336837076,0.04528368083400214,0.9608499490612721,0.0,0.820923656927427,0.29645390070921973,0.7766249618553545,0.1665524331734063,0.854318418314256,0.36837748344370835,0.9978563772775979,0.501162790697677,0.07675438596491185,0.3214285714285714,0.6000000000000001,0.6085972850678733,0.7098675093402799,0.7098675093402799,0.03738317757009346
0.0,0.8827877507919741,0.25103201541143083,0.724497213472256,0.30724529009279267,0.7507477567298104,0.40348964013086097,0.8918918918918919,0.3371745625266753,0.8504538939321546,0.03977044907778665,0.9653616649687092,0.0,0.820923656927427,0.29276595744680844,0.7719168228780644,0.16449623029472216,0.854318418314256,0.36423841059602613,0.9957127545551994,0.5,0.06140350877193024,0.3571428571428571,0.6000000000000001,0.5791855203619909,0.03838499714299974,0.03838499714299974,0.04672897196261682
0.0,0.877507919746568,0.24704155582056753,0.7196510782650818,0.30724529009279267,0.7552342971086738,0.4027552133176049,0.8918918918918919,0.33176838810641485,0.8625577321229525,0.03175120288692912,0.967690292533838,0.0,0.820923656927427,0.28631205673758875,0.7700335672871521,0.1610692254969155,0.854318418314256,0.3614790286975702,0.9935691318327973,0.49883720930232656,0.046052631578947345,0.39285714285714285,0.6000000000000001,0.5497737556561086,0.5527098873700269,0.5527098873700269,0.04672897196261682
0.0,0.877507919746568,0.24520686175580197,0.7169857039011343,0.3025588152591616,0.7552342971086738,0.39750739990652706,0.8918918918918919,0.3287807654004824,0.8657429526994742,0.01927125100240623,0.9603648183185358,0.0,0.8168843409182751,0.271023302938195,0.7707397881337466,0.1437873298736907,0.854318418314256,0.3614790286975702,0.9914255091103954,0.4976744186046531,0.030701754385964453,0.42857142857142855,0.6000000000000001,0.5203619909502263,0.9221662096260108,0.9221662096260108,0.04672897196261682
0.0,0.877507919746568,0.24043665718741458,0.7116549551732474,0.29131127565844916,0.7552342971086738,0.39414238978033933,0.8918918918918919,0.3230900554844216,0.8657429526994742,0.016163793103448287,0.9508077426866541,0.0,0.8171536286522147,0.2609219858156029,0.7683857186451011,0.13899931459904025,0.854318418314256,0.35844370860927155,0.9892818863879969,0.49651162790697967,0.015350877192982892,0.46428571428571425,0.6000000000000001,0.49095022624434387,0.11811890885913304,0.11811890885913304,0.028037383177570097
0.0,0.877507919746568,0.23676726905788614,0.704385752362489,0.2895304152216708,0.7552342971086738,0.39414238978033933,0.8885885885885851,0.3202447005263891,0.8692466953336553,0.01180332798716921,0.9478969582302431,0.0,0.816211121583412,0.2526004728132374,0.7631544531147778,0.1276804073239992,0.854318418314256,0.3532008830022062,0.9871382636655948,0.4953488372093062,0.0,0.5,0.6000000000000001,0.46153846153846156,0.06959785129326365,0.06959785129326365,0.04672897196261682
0.0,0.877507919746568,0.23328135033483233,0.704385752362489,0.2878432842815639,0.7552342971086738,0.39414238978033933,0.8819819819819823,0.31455399061032874,0.8692466953336553,0.01080092221331136,0.9460673222862145,0.0,0.8190386427898206,0.24744680851063827,0.7592310039670425,0.11844585332419455,0.854318418314256,0.3501655629139071,0.9839228295819935,0.4953488372093062,0.006578947368421073,0.4761904761904764,0.5717948717948722,0.4690799396681751,0.5923003748141159,0.5923003748141159,0.028037383177570097
0.0,0.877507919746568,0.23144665627006666,0.7022049915192616,0.2878432842815639,0.7552342971086738,0.3931141922417818,0.8819819819819823,0.3118509034002004,0.8762541806020068,0.0071922614274253505,0.9432397030999855,0.0,0.8152686145146089,0.2396453900709219,0.7592310039670425,0.11960246744345437,0.854318418314256,0.3474061810154512,0.9807073954983923,0.4953488372093062,0.01315789473684209,0.4523809523809521,0.543589743589743,0.4766214177978882,0.8389787293013172,0.8389787293013172,0.03738317757009346
0.0,0.877507919746568,0.2295202275020638,0.6978434698328064,0.2878432842815639,0.752029625409488,0.38779961275677,0.8819819819819823,0.3090055484421681,0.8762541806020068,0.0032828789093819477,0.94178431087178,0.0,0.8182307795879924,0.23520770010131553,0.7592310039670425,0.12067952609419463,0.854318418314256,0.34492273730684175,0.977491961414791,0.4953488372093062,0.019736842105263164,0.42857142857142855,0.5153846153846153,0.48416289592760176,0.029507550154482136,0.029507550154482136,0.028037383177570097
0.0,0.877507919746568,0.22750206403082351,0.6978434698328064,0.2869059893148388,0.7552342971086738,0.3873188970244583,0.8819819819819823,0.30431071276141686,0.8762541806020068,0.0006265036086612885,0.9429486246543444,0.0,0.820923656927427,0.23368794326241127,0.7592310039670425,0.12337217272104173,0.854318418314256,0.3435430463576157,0.9742765273311897,0.4953488372093062,0.02631578947368418,0.40476190476190493,0.4871794871794876,0.4917043740573154,0.47349240450378877,0.47349240450378877,0.03738317757009346
0.0,0.877507919746568,0.22667645170167927,0.6978434698328064,0.2869059893148388,0.7509614015097541,0.38078917499387854,0.8819819819819823,0.3017498932991889,0.8810320114667942,0.0,0.9446950953281911,0.0,0.820923656927427,0.23368794326241127,0.7592310039670425,0.1228336433956716,0.854318418314256,0.34078366445915953,0.9710610932475883,0.4953488372093062,0.032894736842105254,0.38095238095238065,0.4589743589743585,0.4992458521870285,0.9480531034761062,0.9480531034761062,0.04672897196261682
0.0,0.877507919746568,0.22502522704339123,0.6905742670220483,0.2886868497516174,0.7477567298105683,0.37703692163888425,0.8819819819819823,0.30046948356807524,0.8762541806020068,0.0032327586206896686,0.9380488041527203,0.0,0.820923656927427,0.23368794326241127,0.7537381751602066,0.12111034955448918,0.854318418314256,0.3377483443708609,0.9678456591639872,0.4953488372093062,0.03947368421052633,0.3571428571428571,0.4307692307692308,0.5067873303167421,0.6017858145980634,0.6017858145980634,0.03738317757009346
0.0,0.8704681450193552,0.2240161453077696,0.6905742670220483,0.29037398069172415,0.7477567298105683,0.3719760532348164,0.8819819819819823,0.2973395931142424,0.8727504379678257,0.005287690457097538,0.9233299374181343,0.0,0.820923656927427,0.23368794326241127,0.750076289288983,0.12067952609419463,0.854318418314256,0.3377483443708609,0.9608788853161832,0.4953488372093062,0.050438596491227616,0.34523809523809496,0.4589743589743585,0.5173453996983407,0.6082524367754973,0.6082524367754973,0.04672897196261682
0.0,0.8704681450193552,0.22199798183652952,0.6857281318148731,0.2922485706251772,0.7477567298105683,0.3656332762112475,0.8819819819819823,0.30046948356807524,0.859372511546421,0.0071922614274253505,0.9070295444622326,0.0,0.820923656927427,0.23723404255319158,0.750076289288983,0.13159698423577781,0.854318418314256,0.34078366445915953,0.9539121114683826,0.4953488372093062,0.06140350877193024,0.33333333333333354,0.4871794871794876,0.5279034690799398,0.2670911749514716,0.2670911749514716,0.03738317757009346
0.0,0.8669482576557546,0.22199798183652952,0.6833050642112897,0.2942168900553018,0.7477567298105683,0.3614270135535125,0.8885885885885851,0.30046948356807524,0.8533205924510272,0.01716619887730597,0.8885654683937332,0.0,0.8182307795879924,0.24103343465045746,0.750076289288983,0.14231861353177178,0.854318418314256,0.34492273730684175,0.9469453376205788,0.4953488372093062,0.07236842105263158,0.3214285714285714,0.5153846153846153,0.5384615384615384,0.6436402999173817,0.6436402999173817,0.03738317757009346
0.0,0.8669482576557546,0.22199798183652952,0.6833050642112897,0.2962789389820981,0.7430090680339894,0.3614270135535125,0.8819819819819823,0.2981220657276997,0.8475871954132821,0.031300120288693334,0.866918934652889,0.0,0.8114985862393966,0.2495035460992907,0.7460482148306369,0.15352981494174078,0.854318418314256,0.3474061810154512,0.9399785637727747,0.4953488372093062,0.08333333333333287,0.30952380952380926,0.543589743589743,0.5490196078431371,0.21867290853632038,0.21867290853632038,0.04672897196261682
0.14285714285714285,0.8669482576557546,0.22383267590129508,0.6753089411194555,0.3064017246227393,0.7394483217015622,0.35862283844835585,0.8819819819819823,0.30431071276141686,0.8475871954132821,0.05275160384923766,0.8544607771794499,0.0,0.8128450249091135,0.26281661600810646,0.742883299184796,0.16635660432781707,0.854318418314256,0.3501655629139071,0.9330117899249744,0.4953488372093062,0.09429824561403549,0.29761904761904784,0.5717948717948722,0.5595776772247362,0.12942697916859683,0.12942697916859683,0.07476635514018692
0.0,0.8669482576557546,0.23667553435464606,0.6704628059122804,0.3251476239572607,0.7408330563863985,0.35675338837825143,0.8819819819819823,0.3074406032152497,0.8596910336040804,0.2012078989574984,0.8304675967316052,0.0,0.8138548539114041,0.2800531914893618,0.750076289288983,0.19465387251542143,0.854318418314256,0.3556843267108152,0.9260450160771705,0.4953488372093062,0.10526315789473684,0.2857142857142857,0.6000000000000001,0.5701357466063348,0.6237525294422064,0.6237525294422064,0.05607476635514019
0.0,0.8669482576557546,0.24786716814971166,0.6566513205718398,0.3431436873184004,0.7477567298105683,0.35675338837825143,0.8819819819819823,0.31042822592118235,0.8625577321229525,0.2082748596631921,0.8021830883423083,0.0,0.820923656927427,0.312695035460993,0.750076289288983,0.2210418094585329,0.854318418314256,0.36009933774834435,0.9121114683815656,0.49651162790697967,0.1271929824561408,0.2857142857142857,0.6000000000000001,0.5837104072398189,0.988517530059599,0.988517530059599,0.07476635514018692
0.0,0.8592045054558286,0.25318778093752814,0.6416283014296107,0.363576717593026,0.7477567298105683,0.35808870985689634,0.8819819819819823,0.31327358087921464,0.8504538939321546,0.1501353247794706,0.776825997463458,0.0,0.8303487276154569,0.33847517730496435,0.7519072322245948,0.24448252227553113,0.854318418314256,0.3846578366445901,0.8981779206859584,0.4976744186046531,0.14912280701754344,0.2857142857142857,0.6000000000000001,0.5972850678733032,0.16752278542394453,0.16752278542394453,0.06542056074766356
0.14285714285714285,0.8553326293558603,0.2632785982937351,0.6295129634116776,0.37032524135345324,0.7477567298105683,0.3614270135535125,0.8819819819819823,0.3186797552994751,0.8380315336837076,0.1299869687249398,0.7521175956920391,0.0,0.8303487276154569,0.35401891252954965,0.7592310039670425,0.26363458337412937,0.8612556364897708,0.4054911699779218,0.8842443729903537,0.49883720930232656,0.17105263157894735,0.2857142857142857,0.6000000000000001,0.6108597285067874,0.47015977915365503,0.47015977915365503,0.06542056074766356
0.0,0.8553326293558603,0.26403540959545047,0.6203053065180479,0.37782360108726243,0.7465698143664259,0.36383059221507663,0.8819819819819823,0.3218096457533077,0.8380315336837076,0.12307036888532469,0.7375927812545481,0.0,0.8303487276154569,0.37047872340425525,0.7592310039670425,0.28355037697052765,0.854318418314256,0.41376931567328623,0.8703108252947489,0.5,0.19298245614035137,0.2857142857142857,0.6000000000000001,0.6244343891402715,0.1236832612050488,0.1236832612050488,0.05607476635514019
0.0,0.8482928546286475,0.26630584350059694,0.6079476617397581,0.3954447464617127,0.7394483217015622,0.3656332762112475,0.8819819819819823,0.32565087494664957,0.8284758719541327,0.11690557337610258,0.7231358851210392,0.0,0.8303487276154569,0.38297872340425543,0.7592310039670425,0.29496719866836507,0.8577870274020085,0.42494481236202786,0.8563772775991414,0.501162790697677,0.21491228070175383,0.2857142857142857,0.6000000000000001,0.6380090497737556,0.5350831216715115,0.5350831216715115,0.06542056074766356
0.0,0.8447729672650472,0.2782313549215665,0.5977707778046963,0.4162526947230306,0.7394483217015622,0.3693054102775224,0.8819819819819823,0.32565087494664957,0.8284758719541327,0.12001303127506063,0.7051375345655655,0.0,0.8303487276154569,0.3870921985815603,0.7592310039670425,0.3096641535298148,0.8647242455775233,0.43018763796909343,0.842443729903537,0.5023255813953504,0.23684210526315785,0.2857142857142857,0.6000000000000001,0.6515837104072397,0.13875468477707362,0.13875468477707362,0.05607476635514019
0.0,0.8447729672650472,0.28905604990368006,0.5863823600678468,0.4321867091573711,0.7394483217015622,0.37498052656176917,0.8819819819819823,0.3303457106274006,0.8249721293199517,0.1270799919807542,0.694575545252304,0.0,0.8303487276154569,0.3933637284701099,0.7618466367321992,0.3402526192108084,0.8577870274020085,0.43970750551876225,0.8360128617363343,0.5038759689922578,0.24561403508771984,0.2857142857142857,0.6000000000000001,0.6530920060331823,0.7644537217195363,0.7644537217195363,0.06542056074766356
0.0,0.8416050686378036,0.2874048252453918,0.576690089653497,0.42637548036367157,0.7358875753691341,0.37571495337502525,0.8819819819819823,0.3324797268459241,0.8179646440516006,0.12908480352846824,0.6858681414641247,0.0,0.8303487276154569,0.3971631205673758,0.7683857186451011,0.3594928032899245,0.8626430801248699,0.4449227373068416,0.8295819935691318,0.5054263565891404,0.25438596491228016,0.2857142857142857,0.6000000000000001,0.6546003016591253,0.003971335305750593,0.003971335305750593,0.04672897196261682
0.0,0.8352692713833154,0.2927254380332085,0.5742670220499138,0.4387477739244551,0.7311399135925556,0.3801215142545562,0.8819819819819823,0.33589415279556123,0.8179646440516006,0.12798215717722577,0.6771108385138379,0.0,0.820923656927427,0.40673758865248244,0.7683857186451011,0.360246744345442,0.8617511520737355,0.437164932198042,0.8231511254019293,0.5069767441860478,0.26315789473684215,0.2857142857142857,0.6000000000000001,0.6561085972850679,0.43855731965248684,0.43855731965248684,0.03738317757009346
0.0,0.8352692713833154,0.3119897257132378,0.5742670220499138,0.44043490486456205,0.7311399135925556,0.3801215142545562,0.8819819819819823,0.3388817755014939,0.8179646440516006,0.12908480352846824,0.6652597875127347,0.0,0.82900228894574,0.42188449848024456,0.7683857186451011,0.3658670322138451,0.8584807492195627,0.4190121412803516,0.8167202572347265,0.5085271317829516,0.271929824561404,0.2857142857142857,0.6000000000000001,0.6576168929110104,0.2116232580967114,0.2116232580967114,0.04672897196261682
0.0,0.8352692713833154,0.3195119713787722,0.5815362248606721,0.43856031493110914,0.7311399135925556,0.386041439476555,0.8819819819819823,0.34186939820742634,0.8147794234750789,0.13149057738572573,0.6609351934632107,0.004723385815397977,0.8303487276154569,0.43177304964539,0.7683857186451011,0.37109566239106906,0.8572915118180437,0.42350599180069115,0.810289389067524,0.5100775193798412,0.28070175438596434,0.2857142857142857,0.6000000000000001,0.6591251885369533,0.8621037402240137,0.8621037402240137,0.04672897196261682
0.0,0.8317493840197148,0.32198880836620436,0.5815362248606721,0.43687318399100217,0.7394483217015622,0.39414238978033933,0.8819819819819823,0.344857020913359,0.8084089823220257,0.13149057738572573,0.6568185125891428,0.010657229524772494,0.8303487276154569,0.43956433637284764,0.7683857186451011,0.38636052090472917,0.8605619146722165,0.4284492273730669,0.8038585209003215,0.5116279069767415,0.2894736842105263,0.2857142857142857,0.6000000000000001,0.6606334841628959,0.4157637367024037,0.4157637367024037,0.04672897196261682
0.0,0.8247096092925024,0.3148335015136221,0.5742670220499138,0.434061299090824,0.7394483217015622,0.4003738900140186,0.8819819819819823,0.3478446436192917,0.8084089823220257,0.133595629510826,0.6559036946171272,0.016654629495883314,0.8303487276154569,0.45177304964539,0.7683857186451011,0.39547635366689504,0.8617511520737355,0.4327302112898137,0.7861736334405145,0.5127906976744221,0.3223684210526315,0.26190476190476214,0.6000000000000001,0.6689291101055805,0.25135425839631487,0.25135425839631487,0.04672897196261682
0.0,0.8247096092925024,0.31309054215209664,0.5742670220499138,0.43593588902427693,0.7422177910712278,0.408163265306122,0.8819819819819823,0.35083226632522413,0.8055422838031536,0.13550020048115524,0.6536166496870908,0.02887765419615773,0.8303487276154569,0.4593211752786206,0.7683857186451011,0.3981494174091844,0.8582206035379809,0.440845750551875,0.7684887459807073,0.5139534883720955,0.35526315789473684,0.2380952380952378,0.6000000000000001,0.6772247360482656,0.7328184601588199,0.7328184601588199,0.04672897196261682
0.0,0.8247096092925024,0.31309054215209664,0.5742670220499138,0.44043490486456205,0.7477567298105683,0.41096744041127886,0.8819819819819823,0.3538198890311568,0.7998088867654085,0.1376052526062554,0.6492088903673818,0.040112667918532456,0.8303487276154569,0.4700709219858157,0.7644622694973657,0.40267306374228906,0.8647242455775233,0.4483995584988947,0.7508038585209003,0.515116279069769,0.38815789473684204,0.21428571428571427,0.6000000000000001,0.6855203619909502,0.5065755838431557,0.5065755838431557,0.04672897196261682
0.0,0.8247096092925024,0.31309054215209664,0.5682699297310381,0.4451682444465276,0.7477567298105683,0.4175105156566441,0.8819819819819823,0.35595390524967985,0.7998088867654085,0.1385575380914193,0.6427885315092419,0.04707785642062689,0.8303487276154569,0.4821175278622092,0.7592310039670425,0.41089787525702537,0.8647242455775233,0.4547264269946356,0.7331189710610932,0.5162790697674424,0.42105263157894735,0.19047619047619072,0.6000000000000001,0.6938159879336347,0.359369248002549,0.359369248002549,0.03738317757009346
0.0,0.8247096092925024,0.31309054215209664,0.5662708989580794,0.4499953135251674,0.7477567298105683,0.4175105156566441,0.8759759759759727,0.35438896002276143,0.7998088867654085,0.14056234963913333,0.6371915088259148,0.054311714574606366,0.8303487276154569,0.4906382978723405,0.7592310039670425,0.41359052188387224,0.8626430801248699,0.46470750551876217,0.7154340836012862,0.5174418604651159,0.45394736842105265,0.16666666666666638,0.6000000000000001,0.7021116138763199,0.16267608440741868,0.16267608440741868,0.04672897196261682
0.0,0.8247096092925024,0.31309054215209664,0.559001696147321,0.451776173961946,0.7552342971086738,0.4217167783143789,0.8774774774774776,0.3578745198463509,0.7998088867654085,0.14111367281475534,0.635162276233445,0.0561577350859454,0.8303487276154569,0.4982776089159078,0.7592310039670425,0.41907372956036304,0.8572915118180437,0.47713654998422994,0.697749196141479,0.5186046511627929,0.48684210526315785,0.14285714285714285,0.6000000000000001,0.7104072398190044,0.8296437518116434,0.8296437518116434,0.03738317757009346
0.0,0.8247096092925024,0.31309054215209664,0.559001696147321,0.453463304902053,0.7552342971086738,0.4217167783143789,0.8789789789789821,0.3585147247119078,0.7998088867654085,0.14111367281475534,0.6328669147763908,0.058038422649140546,0.8303487276154569,0.5097872340425533,0.7574000610314302,0.42556545579163796,0.8647242455775233,0.4810982339955834,0.7009646302250805,0.5189922480620268,0.478070175438596,0.154761904761905,0.6000000000000001,0.706636500754148,0.6420597359184592,0.6420597359184592,0.04672897196261682
0.0,0.8211897219289008,0.31309054215209664,0.5524594136176384,0.4573999437623021,0.7552342971086738,0.42514410344290177,0.8729729729729729,0.3578745198463509,0.7966236661888868,0.1420158380112268,0.6321932760879058,0.05985844287158746,0.8303487276154569,0.5238095238095253,0.750076289288983,0.4316067756780566,0.8647242455775233,0.4888442131819615,0.7041800643086815,0.5193798449612359,0.46929824561403555,0.16666666666666638,0.6000000000000001,0.7028657616892909,0.8883045684998749,0.8883045684998749,0.03738317757009346
0.0,0.8211897219289008,0.31309054215209664,0.5524594136176384,0.46114912362920524,0.7552342971086738,0.42685776600716596,0.8725225225225228,0.357981220657277,0.7902532250358336,0.1420158380112268,0.6332411584922137,0.06066734074823054,0.8337417530631479,0.5308510638297874,0.750076289288983,0.4371487320082248,0.8647242455775233,0.502041942604855,0.707395498392283,0.5197674418604663,0.4605263157894737,0.17857142857142855,0.6000000000000001,0.6990950226244343,0.48246925692295145,0.48246925692295145,0.04672897196261682
0.0,0.8247096092925024,0.31309054215209664,0.5451902108068802,0.4601180991658086,0.7552342971086738,0.42685776600716596,0.8720720720720723,0.3580879214682031,0.7902532250358336,0.1424669206094626,0.6316693348857518,0.06612740141557127,0.8351959068264467,0.5382978723404257,0.750076289288983,0.4365024968177824,0.8647242455775233,0.5115499842321025,0.7106109324758842,0.5201550387596967,0.4517543859649117,0.19047619047619072,0.6000000000000001,0.6953242835595778,0.9872815978525443,0.9872815978525443,0.04672897196261682
0.0,0.8176698345652895,0.31309054215209664,0.5451902108068802,0.4640547380260579,0.7552342971086738,0.431531391182427,0.8716216216216217,0.35819462227912946,0.7902532250358336,0.1424669206094626,0.6350707944362421,0.06722519139101546,0.8337417530631479,0.544468085106383,0.750076289288983,0.434270047978067,0.8647242455775233,0.5224889624724047,0.7138263665594855,0.5205426356589093,0.44298245614035137,0.2023809523809521,0.6000000000000001,0.6915535444947207,0.01666588069011363,0.01666588069011363,0.028037383177570097
0.0,0.8141499472016893,0.31309054215209664,0.5379210079961216,0.46752272940294326,0.7552342971086738,0.43433556628758363,0.8711711711711712,0.35830132309005536,0.7870680044593115,0.14412089013632706,0.6339979624508806,0.0650758341759353,0.8303487276154569,0.5468591691995959,0.750076289288983,0.43180260452364627,0.8647242455775233,0.5308853673919864,0.7170418006430868,0.5209302325581433,0.4342105263157895,0.21428571428571427,0.6000000000000001,0.6877828054298641,0.23678050447023694,0.23678050447023694,0.04672897196261682
0.0,0.8141499472016893,0.314007889184478,0.5379210079961216,0.46958477832973966,0.7552342971086738,0.4329334787350052,0.870720720720721,0.3584080239009815,0.7806975633062587,0.14412089013632706,0.6285423207268637,0.06904521161346239,0.8337417530631479,0.5496453900709222,0.750076289288983,0.43488690884167225,0.8647242455775233,0.538383002207504,0.7111468381564854,0.5217054263565828,0.44298245614035137,0.2023809523809521,0.6000000000000001,0.6870286576168927,0.5630626732328715,0.5630626732328715,0.03738317757009346
0.0,0.8141499472016893,0.314007889184478,0.5299248849042875,0.47145936826319257,0.7552342971086738,0.43573765384016183,0.8702702702702705,0.3585147247119078,0.7806975633062587,0.14562449879711298,0.626429922864212,0.0711830131445905,0.8351959068264467,0.5496453900709222,0.7457604952264649,0.43488690884167225,0.8647242455775233,0.5444851781772306,0.7052518756698811,0.5224806201550471,0.4517543859649117,0.19047619047619072,0.6000000000000001,0.6862745098039217,0.2836801230181629,0.2836801230181629,0.03738317757009346
0.0,0.8141499472016893,0.31584258324924375,0.5299248849042875,0.4731464992032993,0.7552342971086738,0.4374513164044258,0.8698198198198199,0.35862142552283394,0.7806975633062587,0.14562449879711298,0.6241345614071576,0.07619529105878958,0.838831291234684,0.5496453900709222,0.7440341776014638,0.43365318711446177,0.8647242455775233,0.5518763796909476,0.6993569131832797,0.5232558139534866,0.4605263157894737,0.17857142857142855,0.6000000000000001,0.6855203619909502,0.009204210077404074,0.009204210077404074,0.03738317757009346
0.0,0.8141499472016893,0.31584258324924375,0.5299248849042875,0.47717686756022026,0.7552342971086738,0.44087864153294887,0.8693693693693694,0.35872812633376006,0.7806975633062587,0.14562449879711298,0.6218890991122108,0.08153016514998312,0.838831291234684,0.5505572441742659,0.742883299184796,0.4335650641339477,0.8647242455775233,0.5582032481866888,0.6934619506966784,0.5240310077519297,0.46929824561403555,0.16666666666666638,0.6000000000000001,0.6847662141779787,0.4712753521442352,0.4712753521442352,0.04672897196261682
0.0,0.8141499472016893,0.31584258324924375,0.5250787496971123,0.4790514574936734,0.7552342971086738,0.44087864153294887,0.8689189189189193,0.3588348271446864,0.7806975633062587,0.14562449879711298,0.6222633428280337,0.08058645096056624,0.838831291234684,0.5496453900709222,0.7440341776014638,0.4261823166552432,0.8647242455775233,0.5647902869757158,0.6875669882100739,0.5248062015503976,0.478070175438596,0.154761904761905,0.6000000000000001,0.6840120663650077,0.09344079042967267,0.09344079042967267,0.04672897196261682
0.0,0.8141499472016893,0.31584258324924375,0.5226556820935289,0.4826131783672333,0.7552342971086738,0.44087864153294887,0.8684684684684683,0.3589415279556125,0.7806975633062587,0.14697774659182034,0.6276275027548509,0.07005633395926622,0.838831291234684,0.55,0.7414447011639571,0.4179966709096261,0.8647242455775233,0.5724534847051406,0.6816720257234725,0.5255813953488371,0.48684210526315785,0.14285714285714285,0.6000000000000001,0.6832579185520362,0.07197940763833292,0.07197940763833292,0.03738317757009346
0.0,0.8141499472016893,0.31584258324924375,0.5182941604070739,0.4826131783672333,0.7580037664783394,0.44087864153294887,0.8680180180180181,0.3590482287665384,0.7736900780379072,0.14697774659182034,0.6306214524814437,0.06748230535894845,0.838831291234684,0.545744680851064,0.7400061031431178,0.4083618917066483,0.874089490114464,0.5863962472406168,0.6784565916398715,0.5251937984496102,0.4890350877192987,0.14285714285714285,0.6000000000000001,0.6825037707390647,0.5489964547905983,0.5489964547905983,0.05607476635514019
0.0,0.7888067581837379,0.33207962572241145,0.6539859462078998,0.46114912362920524,0.7477567298105683,0.3890014020875523,0.8528528528528556,0.4112486366007513,0.7329192546583851,0.1832147153167601,0.7639353805850677,0.0,0.8114985862393966,0.45390070921985815,0.6903090806050853,0.35136590619798125,0.8921262573707904,0.5035871964679879,0.6655948553054662,0.541860465116283,0.5657894736842105,0.16666666666666638,0.6000000000000001,0.7285067873303167,0.17823145263951334,0.17823145263951334,0.03738317757009346
0.0,0.7919746568109816,0.33574901385193967,0.6831233341410206,0.4408098228512515,0.7527417746759721,0.38619722698239567,0.8543543543543517,0.41340636411058895,0.7329192546583851,0.18355302726543693,0.7753290226001631,0.0,0.8114985862393966,0.4487943262411349,0.6887397009459861,0.3507196710075393,0.8921262573707904,0.4953090507726239,0.6768488745980707,0.5430232558139565,0.5460526315789473,0.17857142857142855,0.6000000000000001,0.7285067873303167,0.7781645368944633,0.7781645368944633,0.05607476635514019
0.0,0.7919746568109816,0.33207962572241145,0.6978434698328064,0.4236573249601653,0.7477567298105683,0.38619722698239567,0.8558558558558562,0.41556409162043084,0.7329192546583851,0.18366579791499588,0.7824188618832777,0.0,0.8114985862393966,0.44240121580547154,0.6863856314573411,0.34710662880642196,0.8959417273673258,0.49227373068432523,0.6881028938906752,0.5441860465116299,0.5263157894736842,0.19047619047619072,0.6000000000000001,0.7285067873303167,0.43890208790710744,0.43890208790710744,0.04672897196261682
0.0,0.7919746568109816,0.3312540133932673,0.704385752362489,0.41334708032617795,0.7449872604409022,0.38479513942981725,0.8573573573573603,0.41772181913026896,0.7329192546583851,0.1832147153167601,0.7858826953864068,0.0,0.8114985862393966,0.4387234042553192,0.6850778150747625,0.3453735435229608,0.8959417273673258,0.489790286975716,0.6993569131832797,0.5453488372093034,0.506578947368421,0.2023809523809521,0.6000000000000001,0.7285067873303167,0.9699609169441791,0.9699609169441791,0.05607476635514019
0.0,0.7919746568109816,0.3277680946702133,0.7092318875696639,0.4095979004592748,0.7394483217015622,0.3875993145349741,0.8588588588588559,0.41987954664011085,0.7329192546583851,0.1822123095429023,0.794748113187932,0.0,0.8114985862393966,0.43617021276595747,0.6850778150747625,0.34235777930089095,0.8959417273673258,0.4798565121412788,0.7106109324758842,0.5465116279069768,0.48684210526315785,0.21428571428571427,0.6000000000000001,0.7285067873303167,0.04343331302765243,0.04343331302765243,0.05607476635514019
0.0,0.802534318901795,0.32685074763783195,0.7506663435909868,0.40313056518886514,0.7394483217015622,0.38479513942981725,0.8603603603603605,0.4220372741499485,0.7329192546583851,0.1800571371291097,0.808179304322515,0.0,0.8114985862393966,0.43617021276595747,0.6850778150747625,0.34235777930089095,0.8959417273673258,0.4773730684326696,0.7218649517684887,0.5465116279069768,0.46929824561403555,0.2261904761904764,0.6000000000000001,0.7277526395173453,0.12905965683456797,0.12905965683456797,0.05607476635514019
0.0,0.802534318901795,0.32685074763783195,0.7850739035619072,0.38982097666135673,0.7394483217015622,0.38479513942981725,0.861861861861865,0.4241950016597906,0.7329192546583851,0.17915497193263813,0.8246044451836908,0.0,0.8114985862393966,0.43799392097264556,0.6850778150747625,0.34602957015568503,0.8959417273673258,0.4810982339955834,0.7331189710610932,0.5465116279069768,0.4517543859649117,0.2380952380952378,0.6000000000000001,0.7269984917043741,0.6103635134653151,0.6103635134653151,0.05607476635514019
0.0,0.802534318901795,0.32685074763783195,0.7996123091834242,0.376792576623863,0.7394483217015622,0.38479513942981725,0.8633633633633611,0.4263527291696285,0.7329192546583851,0.17815256615878045,0.8326298937563674,0.0,0.8114985862393966,0.44014184397163136,0.6850778150747625,0.3492117888965043,0.8959417273673258,0.4810982339955834,0.7443729903536977,0.5465116279069768,0.4342105263157895,0.25,0.6000000000000001,0.7262443438914027,0.3226672699754829,0.3226672699754829,0.05607476635514019
0.14285714285714285,0.8102780711017206,0.3286854417025975,0.8044584443905989,0.37304339675695963,0.7394483217015622,0.38619722698239567,0.8648648648648651,0.42851045667947085,0.7329192546583851,0.17704991980753798,0.8426097261783468,0.0,0.8114985862393966,0.44554204660587593,0.6850778150747625,0.3519044355233514,0.8959417273673258,0.4786147902869742,0.7556270096463023,0.5465116279069768,0.4166666666666672,0.26190476190476214,0.6000000000000001,0.7254901960784312,0.03772403956698953,0.03772403956698953,0.04672897196261682
0.0,0.8141499472016893,0.33207962572241145,0.8068815119941826,0.36910675789671055,0.7394483217015622,0.3890014020875523,0.8648648648648651,0.4310712761416986,0.7329192546583851,0.17704991980753798,0.8500946004948334,0.0,0.8114985862393966,0.45035460992907805,0.6850778150747625,0.3576422206991088,0.8959417273673258,0.4798565121412788,0.7668810289389068,0.5465116279069768,0.3991228070175433,0.2738095238095235,0.6000000000000001,0.7247360482654601,0.7957460793955959,0.7957460793955959,0.04672897196261682
0.0,0.8141499472016893,0.3343500596275577,0.8112430336806378,0.3674196269566037,0.7394483217015622,0.39414238978033933,0.8729729729729729,0.4370465215535637,0.7329192546583851,0.17704991980753798,0.8622367299415776,0.0,0.8114985862393966,0.4538500506585603,0.6850778150747625,0.3591501028101438,0.8959417273673258,0.4773730684326696,0.7781350482315113,0.5465116279069768,0.381578947368421,0.2857142857142857,0.6000000000000001,0.7239819004524887,0.3922008044638095,0.3922008044638095,0.04672897196261682
0.0,0.8141499472016893,0.33510687092927305,0.8257814393021545,0.35795294779266984,0.7394483217015622,0.39414238978033933,0.8729729729729729,0.4370465215535637,0.7361044752349064,0.17805232558139578,0.88356862174356,0.0,0.8114985862393966,0.45904255319148946,0.6850778150747625,0.36326250856751185,0.8959417273673258,0.4773730684326696,0.7856377277599134,0.5465116279069768,0.37061403508771984,0.2738095238095235,0.6000000000000001,0.7217194570135747,0.516623961591311,0.516623961591311,0.04672897196261682
0.0,0.8176698345652895,0.33510687092927305,0.8359583232372163,0.3525166369856598,0.7422177910712278,0.39414238978033933,0.8729729729729729,0.44131455399061026,0.74247491638796,0.1800571371291097,0.8891406948458334,0.0,0.8114985862393966,0.46290780141843957,0.6850778150747625,0.365465583080387,0.8959417273673258,0.4798565121412788,0.7931404072883184,0.5465116279069768,0.359649122807017,0.26190476190476214,0.6000000000000001,0.7194570135746606,0.8341350672590642,0.8341350672590642,0.03738317757009346
0.0,0.8247096092925024,0.3367580955875613,0.8432275260479747,0.3497047520854817,0.7477567298105683,0.39694656488549573,0.8729729729729729,0.44131455399061026,0.7361044752349064,0.18060846030473182,0.8966089361082813,0.0,0.8114985862393966,0.46529888551165244,0.6850778150747625,0.3701165181631252,0.8959417273673258,0.4833747240618087,0.8006430868167203,0.5465116279069768,0.3486842105263158,0.25,0.6000000000000001,0.7171945701357466,0.5163254858804227,0.5163254858804227,0.04672897196261682
0.0,0.8247096092925024,0.33758370791670544,0.8432275260479747,0.3476427031586855,0.7477567298105683,0.3955444773329173,0.8729729729729729,0.44131455399061026,0.74247491638796,0.18271351242983197,0.905732166247376,0.0,0.8114985862393966,0.4716312056737588,0.6850778150747625,0.3734945657495339,0.8959417273673258,0.489790286975716,0.8081457663451221,0.5465116279069768,0.33771929824561453,0.2380952380952378,0.6000000000000001,0.7149321266968325,0.10359127794626859,0.10359127794626859,0.03738317757009346
0.0,0.8247096092925024,0.3396018713879454,0.8521928761812405,0.34304995782172587,0.7477567298105683,0.39834865243807394,0.8729729729729729,0.44387537345283823,0.74247491638796,0.18366579791499588,0.9283947023722894,0.0,0.8114985862393966,0.47482269503546104,0.6850778150747625,0.37662782727895805,0.8959417273673258,0.489790286975716,0.8156484458735271,0.5465116279069768,0.3267543859649117,0.2261904761904764,0.6000000000000001,0.7126696832579186,0.19564177863149684,0.19564177863149684,0.03738317757009346
0.0,0.8282294966561035,0.34152830015594837,0.8623697601163021,0.346799137688632,0.7477567298105683,0.40006231500233813,0.8729729729729729,0.4451557831839523,0.74247491638796,0.18456796311146745,0.9286026155477486,0.0,0.8114985862393966,0.47482269503546104,0.6850778150747625,0.37932047390580514,0.8959417273673258,0.489790286975716,0.8231511254019293,0.5465116279069768,0.3157894736842105,0.21428571428571427,0.6000000000000001,0.7104072398190044,0.6634121564618982,0.6634121564618982,0.03738317757009346
0.0,0.8352692713833154,0.34336299422071415,0.8570390113884154,0.33845721248476934,0.7477567298105683,0.40348964013086097,0.8729729729729729,0.4451557831839523,0.74247491638796,0.18622193263833192,0.917450152816184,0.0,0.8114985862393966,0.47774822695035457,0.6850778150747625,0.3834818368745714,0.8959417273673258,0.489790286975716,0.8311897106109325,0.5465116279069768,0.31140350877193035,0.2023809523809521,0.6000000000000001,0.715686274509804,0.5876716348542311,0.5876716348542311,0.03738317757009346
0.0,0.8384371700105595,0.34336299422071415,0.8570390113884154,0.3401443434248763,0.7477567298105683,0.408163265306122,0.8729729729729729,0.4451557831839523,0.74247491638796,0.18622193263833192,0.9147555980622502,0.0,0.8114985862393966,0.4797872340425531,0.6850778150747625,0.3886713012826799,0.8959417273673258,0.489790286975716,0.8392282958199357,0.5465116279069768,0.3070175438596485,0.19047619047619072,0.6000000000000001,0.7209653092006032,0.5521611266283273,0.5521611266283273,0.04672897196261682
0.2857142857142857,0.8447729672650472,0.3450142188790024,0.8570390113884154,0.33930077795482283,0.7477567298105683,0.408163265306122,0.8729729729729729,0.4482856736377847,0.74247491638796,0.18757518043303917,0.9144229369815167,0.0,0.8114985862393966,0.48425531914893627,0.6850778150747625,0.39328307059629863,0.8959417273673258,0.489790286975716,0.847266881028939,0.5465116279069768,0.30263157894736836,0.17857142857142855,0.6000000000000001,0.7262443438914027,0.1891080305191141,0.1891080305191141,0.04672897196261682
0.2857142857142857,0.8447729672650472,0.3468489129437682,0.8521928761812405,0.3409879088949297,0.7477567298105683,0.408163265306122,0.8759759759759727,0.45269597382273585,0.74247491638796,0.18867782678428152,0.9087676986090613,0.0,0.8114985862393966,0.4884751773049647,0.6850778150747625,0.3979180945853322,0.8959417273673258,0.489790286975716,0.8553054662379422,0.5465116279069768,0.2982456140350882,0.16666666666666638,0.6000000000000001,0.7315233785822022,0.9535605485253924,0.9535605485253924,0.06542056074766356
0.14285714285714285,0.8447729672650472,0.34886707641500836,0.8475890477344299,0.34661167869528575,0.7477567298105683,0.41096744041127886,0.8819819819819823,0.45838668373879643,0.74247491638796,0.18998095429029666,0.9077281327317713,0.0,0.8114985862393966,0.4893617021276595,0.6850778150747625,0.40061686086360493,0.8959417273673258,0.489790286975716,0.8633440514469453,0.5465116279069768,0.2938596491228065,0.154761904761905,0.6000000000000001,0.7368024132730013,0.2655725391935691,0.2655725391935691,0.05607476635514019
0.0,0.8482928546286475,0.3507017704797739,0.8432275260479747,0.3489314837379328,0.7477567298105683,0.41236952796385706,0.8852852852852886,0.46108977094892434,0.7456601369644817,0.19118384121892534,0.9119279788760208,0.0,0.8114985862393966,0.4893617021276595,0.690570643881598,0.4028786840301575,0.9004013676230065,0.489790286975716,0.8713826366559485,0.5465116279069768,0.2894736842105263,0.14285714285714285,0.6000000000000001,0.7420814479638009,0.7263058195275172,0.7263058195275172,0.05607476635514019
0.0,0.8553326293558603,0.35437115860930235,0.8432275260479747,0.3497047520854817,0.7527417746759721,0.41236952796385706,0.8885885885885851,0.4637928581590567,0.7456601369644817,0.19208600641539691,0.9216998981225442,0.0,0.8114985862393966,0.4893617021276595,0.6890012642224983,0.40423969450700126,0.8959417273673258,0.489790286975716,0.8713826366559485,0.5468992248062072,0.2938596491228065,0.154761904761905,0.6000000000000001,0.7481146304675714,0.7631190561492505,0.7631190561492505,0.04672897196261682
0.0,0.8592045054558286,0.3552885056416837,0.8408044584443908,0.3525166369856598,0.7552342971086738,0.4175105156566441,0.8918918918918919,0.4664959453691848,0.7456601369644817,0.1926373295910188,0.9261076574422531,0.0,0.8114985862393966,0.4938534278959823,0.6850778150747625,0.4050719671007539,0.9033744611268053,0.4919189530116679,0.8713826366559485,0.5472868217054199,0.2982456140350882,0.16666666666666638,0.6000000000000001,0.7541478129713439,0.8537846999842709,0.8537846999842709,0.205607476635514
0.42857142857142855,0.8669482576557546,0.3607925878359779,0.8408044584443908,0.3542037679257667,0.7552342971086738,0.4175105156566441,0.8918918918918919,0.4664959453691848,0.7520305781175345,0.1937399759422614,0.9319458594091109,0.0,0.8114985862393966,0.4980496453900709,0.6876934478399193,0.40977185939489,0.9001040582726325,0.49351545253863005,0.8713826366559485,0.5476744186046538,0.30263157894736836,0.17857142857142855,0.6000000000000001,0.7601809954751131,0.14151865167234715,0.14151865167234715,0.16822429906542058
0.2857142857142857,0.8669482576557546,0.35960003669388185,0.8359583232372163,0.35898397225606926,0.7552342971086738,0.4175105156566441,0.8941441441441442,0.47119078104993606,0.7520305781175345,0.19509322373696864,0.9427822941139777,0.0,0.8114985862393966,0.5006205673758866,0.6850778150747625,0.4146675805346127,0.9033744611268053,0.4967675812046646,0.8713826366559485,0.5480620155038878,0.3070175438596485,0.19047619047619072,0.6000000000000001,0.7662141779788824,0.2949371378612275,0.2949371378612275,0.15887850467289721
0.2857142857142857,0.8669482576557546,0.35960003669388185,0.8359583232372163,0.3627331521229725,0.7552342971086738,0.4175105156566441,0.8963963963963966,0.4758856167306873,0.7520305781175345,0.19509322373696864,0.9628583903361957,0.0,0.8114985862393966,0.5035460992907801,0.6903090806050853,0.4185841574463911,0.9001040582726325,0.49806843267108025,0.8713826366559485,0.5484496124030969,0.31140350877193035,0.2023809523809521,0.6000000000000001,0.7722473604826561,0.655550188432019,0.655550188432019,0.06542056074766356
0.14285714285714285,0.8669482576557546,0.3644619759655092,0.833535255633632,0.3647014715530973,0.7585576603522761,0.4175105156566441,0.8986486486486489,0.4805804524114383,0.7520305781175345,0.19564454691259064,0.9785433602927405,0.0,0.8128450249091135,0.5089665653495428,0.690570643881598,0.42282385195339267,0.906347554630593,0.501793598233994,0.8713826366559485,0.5488372093023273,0.3157894736842105,0.21428571428571427,0.6000000000000001,0.7782805429864252,0.10120428940557757,0.10120428940557757,0.06542056074766356
0.0,0.8669482576557546,0.36813136409503766,0.8286891204264577,0.36826319242665706,0.7635427052176804,0.4196136469855114,0.9009009009009012,0.48527528809218956,0.7520305781175345,0.1967471932638331,0.9827099403289188,0.0,0.820923656927427,0.5141843971631206,0.6942325297528216,0.4280328992460589,0.906347554630593,0.5045253863134644,0.8751339764201511,0.5484496124030969,0.3092105263157895,0.21428571428571427,0.6000000000000001,0.7760180995475113,0.9424482498700741,0.9424482498700741,0.04672897196261682
0.0,0.877507919746568,0.36661774149160675,0.8206929973346235,0.3740744212203594,0.7635427052176804,0.4217167783143789,0.9009009009009012,0.48783610755441753,0.7577639751552796,0.1982508019246189,0.9756325758363295,0.0,0.8146402764687368,0.5152482269503544,0.6942325297528216,0.43180260452364627,0.906347554630593,0.5063465783664443,0.8788853161843504,0.5480620155038878,0.30263157894736836,0.21428571428571427,0.6000000000000001,0.7737556561085972,0.48286088429788715,0.48286088429788715,0.3271028037383178
0.0,0.877507919746568,0.36813136409503766,0.8158468621274484,0.37969819102071545,0.7635427052176804,0.4189126032092221,0.9009009009009012,0.48783610755441753,0.7577639751552796,0.19915296712109049,0.9787512734681998,0.0,0.820923656927427,0.5199763593380602,0.6942325297528216,0.4335650641339477,0.906347554630593,0.5104856512141265,0.882636655948553,0.5476744186046538,0.29605263157894735,0.21428571428571427,0.6000000000000001,0.7714932126696832,0.49074575222148853,0.49074575222148853,0.33644859813084116
0.0,0.877507919746568,0.3716172828180915,0.8134237945238652,0.3831661823976009,0.7635427052176804,0.4217167783143789,0.90690690690691,0.48783610755441753,0.7606306736741517,0.20125801924619074,0.9777324989084559,0.0,0.820923656927427,0.5212765957446808,0.6942325297528216,0.43488690884167225,0.906347554630593,0.5104856512141265,0.8863879957127554,0.5472868217054199,0.2894736842105263,0.21428571428571427,0.6000000000000001,0.7692307692307692,0.25445201318491284,0.25445201318491284,0.09345794392523364
0.0,0.877507919746568,0.37336024217961716,0.8090622728374102,0.3852282313243971,0.7635427052176804,0.4217167783143789,0.9009009009009012,0.48783610755441753,0.7606306736741517,0.20125801924619074,0.9694367632076846,0.0,0.820923656927427,0.5175531914893619,0.6942325297528216,0.43488690884167225,0.906347554630593,0.5104856512141265,0.8901393354769551,0.5468992248062072,0.2828947368421052,0.21428571428571427,0.6000000000000001,0.7669683257918551,0.714724168411814,0.714724168411814,0.04672897196261682
0.0,0.877507919746568,0.37336024217961716,0.7996123091834242,0.38982097666135673,0.7635427052176804,0.4217167783143789,0.9009009009009012,0.48527528809218956,0.7606306736741517,0.202611267040898,0.9641973511861447,0.0,0.820923656927427,0.5141843971631206,0.6942325297528216,0.43180260452364627,0.906347554630593,0.5104856512141265,0.8938906752411575,0.5465116279069768,0.2763157894736842,0.21428571428571427,0.6000000000000001,0.7647058823529411,0.1788554013306696,0.1788554013306696,0.05607476635514019
0.0,0.877507919746568,0.3699660581598032,0.794766173976249,0.3937576155216058,0.7635427052176804,0.4217167783143789,0.90690690690691,0.48399487836107546,0.7606306736741517,0.202611267040898,0.9645300122668783,0.0,0.820923656927427,0.5102836879432626,0.6942325297528216,0.4296484872221691,0.906347554630593,0.5063465783664443,0.8922829581993568,0.5465116279069768,0.28508771929824617,0.21428571428571427,0.6000000000000001,0.7722473604826561,0.19325909076336306,0.19325909076336306,0.21495327102803738
0.0,0.88454769447378,0.3661132006237975,0.7843469832808316,0.38419720686100045,0.7602193419740777,0.42003427325128473,0.9009009009009012,0.48114952340304273,0.7606306736741517,0.202611267040898,0.9559307233299376,0.0,0.820923656927427,0.5081560283687945,0.6942325297528216,0.4274160383824537,0.906347554630593,0.5056961526332364,0.8906752411575563,0.5465116279069768,0.2938596491228065,0.21428571428571427,0.6000000000000001,0.7797888386123666,0.9856309450934106,0.9856309450934106,0.04672897196261682
0.0,0.8912354804646248,0.36721401706265633,0.7843469832808316,0.38625925578779685,0.7522432701894317,0.4175105156566441,0.9009009009009012,0.4781619006971103,0.7606306736741517,0.20170910184442642,0.9644884296317858,0.0,0.8272070373861167,0.5059101654846347,0.6942325297528216,0.4249485949280327,0.906347554630593,0.4995584988962456,0.8890675241157555,0.5465116279069768,0.30263157894736836,0.21428571428571427,0.6000000000000001,0.7873303167420815,0.517801865690765,0.517801865690765,0.03738317757009346
0.0,0.8975712777191125,0.36721401706265633,0.781923915677248,0.3871028212578501,0.7552342971086738,0.4175105156566441,0.9009009009009012,0.4750320102432777,0.763815894250673,0.202611267040898,0.96239266482317,0.0,0.8272070373861167,0.5035460992907801,0.6942325297528216,0.42152159013022605,0.906347554630593,0.500729265216018,0.887459807073955,0.5465116279069768,0.31140350877193035,0.21428571428571427,0.6000000000000001,0.7948717948717964,0.7390267322636042,0.7390267322636042,0.04672897196261682
0.0,0.8975712777191125,0.36262728190074367,0.777077780470073,0.3908520011247534,0.7552342971086738,0.4175105156566441,0.9009009009009012,0.4750320102432777,0.7701863354037266,0.20170910184442642,0.9593321828804279,0.0,0.8272070373861167,0.5022458628841593,0.6956711277736609,0.41936747282874887,0.906347554630593,0.49946536975717293,0.8858520900321543,0.5465116279069768,0.32017543859649067,0.21428571428571427,0.6000000000000001,0.8024132730015068,0.9103694515278957,0.9103694515278957,0.03738317757009346
0.0,0.8975712777191125,0.3606091184295033,0.7748970196268457,0.39282032055487803,0.7552342971086738,0.41648231811808656,0.9009009009009012,0.4750320102432777,0.7701863354037266,0.20125801924619074,0.9653616649687092,0.0,0.8272070373861167,0.4996453900709219,0.7002746414403407,0.4177518848526387,0.906347554630593,0.4962472406181,0.8842443729903537,0.5465116279069768,0.32894736842105265,0.21428571428571427,0.6000000000000001,0.8099547511312217,0.6664665100404477,0.6664665100404477,0.04672897196261682
0.0,0.8975712777191125,0.35437115860930235,0.7748970196268457,0.39469491048833094,0.7514955134596213,0.41236952796385706,0.9024024024024053,0.4864845639493509,0.7701863354037266,0.20125801924619074,0.9636983595650443,0.0,0.8303487276154569,0.4964539007092199,0.7043027158986868,0.4177518848526387,0.906347554630593,0.491386786502678,0.882636655948553,0.5453488372093034,0.3311403508771935,0.21428571428571427,0.6000000000000001,0.8084464555052806,0.21286427761656035,0.21286427761656035,0.06542056074766356
0.0,0.8975712777191125,0.3468489129437682,0.7705354979403904,0.3972256068984914,0.753988035892323,0.41236952796385706,0.903903903903901,0.49793711765542903,0.7701863354037266,0.20125801924619074,0.967690292533838,0.0,0.8303487276154569,0.4964539007092199,0.7043027158986868,0.4146675805346127,0.906347554630593,0.489790286975716,0.8810289389067523,0.5441860465116299,0.3333333333333328,0.21428571428571427,0.6000000000000001,0.8069381598793348,0.5894734198792082,0.5894734198792082,0.04672897196261682
0.0,0.8975712777191125,0.3450142188790024,0.7705354979403904,0.39469491048833094,0.7552342971086738,0.4144259230409717,0.9099099099099102,0.5064731825295219,0.7736900780379072,0.19960404971932627,0.9803314136016795,0.0,0.8303487276154569,0.49255319148936194,0.7043027158986868,0.4146675805346127,0.906347554630593,0.489790286975716,0.8794212218649518,0.5430232558139565,0.3355263157894737,0.21428571428571427,0.6000000000000001,0.8054298642533937,0.8313469362101966,0.8313469362101966,0.06542056074766356
0.2857142857142857,0.8975712777191125,0.34152830015594837,0.7705354979403904,0.39282032055487803,0.7635427052176804,0.4175105156566441,0.9099099099099102,0.5151515151515149,0.7806975633062587,0.19960404971932627,0.9810799010333285,0.0,0.8303487276154569,0.49255319148936194,0.7043027158986868,0.413913639479095,0.906347554630593,0.489790286975716,0.877813504823151,0.541860465116283,0.33771929824561453,0.21428571428571427,0.6000000000000001,0.8039215686274526,0.8497757158625323,0.8497757158625323,0.05607476635514019
0.2857142857142857,0.8975712777191125,0.3396018713879454,0.7681124303368068,0.39282032055487803,0.7635427052176804,0.4175105156566441,0.9153153153153155,0.5177123346137429,0.7736900780379072,0.19724839615076112,0.9839491028546472,0.0,0.8303487276154569,0.4893617021276595,0.7043027158986868,0.4119749339077654,0.906347554630593,0.489790286975716,0.8762057877813505,0.5406976744186025,0.33991228070175383,0.21428571428571427,0.6000000000000001,0.8024132730015068,0.4234434356716442,0.4234434356716442,0.05607476635514019
0.42857142857142855,0.8975712777191125,0.3396018713879454,0.7632662951296323,0.39469491048833094,0.7635427052176804,0.42003427325128473,0.918018018018018,0.5138711054204013,0.7806975633062587,0.1982508019246189,0.9792752146703537,0.0,0.8303487276154569,0.49148936170212787,0.7043027158986868,0.4124057573680602,0.906347554630593,0.489790286975716,0.8745980707395498,0.5395348837209326,0.3421052631578947,0.21428571428571427,0.6000000000000001,0.8009049773755657,0.38308016943911205,0.38308016943911205,0.05607476635514019
0.2857142857142857,0.8975712777191125,0.3367580955875613,0.7608432275260479,0.3972256068984914,0.7635427052176804,0.4217167783143789,0.918018018018018,0.5081803955043405,0.7806975633062587,0.1967471932638331,0.9690209368567692,0.0,0.8303487276154569,0.49148936170212787,0.7043027158986868,0.4119749339077654,0.906347554630593,0.489790286975716,0.882636655948553,0.5391472868216987,0.3267543859649117,0.21428571428571427,0.6000000000000001,0.7948717948717964,0.5159727147606786,0.5159727147606786,0.05607476635514019
0.2857142857142857,0.9046110524463249,0.3330887074580329,0.7559970923188737,0.3992876558252876,0.7635427052176804,0.41919302071973785,0.9225225225225226,0.4987195902688859,0.7806975633062587,0.19564454691259064,0.9693203318294281,0.0,0.8303487276154569,0.4893617021276595,0.7043027158986868,0.41184030157642204,0.906347554630593,0.489790286975716,0.8906752411575563,0.5387596899224931,0.31140350877193035,0.21428571428571427,0.6000000000000001,0.7888386123680227,0.4687764818444974,0.4687764818444974,0.05607476635514019
0.2857142857142857,0.9010911650827131,0.3312540133932673,0.7559970923188737,0.4003186802886872,0.7713763471490278,0.4211158836489901,0.9270270270270273,0.4950917626973963,0.7806975633062587,0.19509322373696864,0.9669833877372813,0.0,0.8303487276154569,0.48817966903073406,0.7043027158986868,0.41028101439342013,0.906347554630593,0.489790286975716,0.8987138263665595,0.5383720930232592,0.29605263157894735,0.21428571428571427,0.6000000000000001,0.7828054298642533,0.30781092707138025,0.30781092707138025,0.05607476635514019
0.2857142857142857,0.908130939809926,0.3277680946702133,0.7559970923188737,0.4003186802886872,0.7726819541375871,0.4183517681881912,0.9336336336336302,0.48940105278133594,0.7806975633062587,0.19419105854049706,0.9676320768447098,0.0,0.8303487276154569,0.4858156028368794,0.7043027158986868,0.4119749339077654,0.906347554630593,0.4889624724061794,0.9067524115755625,0.5379844961240252,0.28070175438596434,0.21428571428571427,0.6000000000000001,0.7767722473604841,0.22987412222281658,0.22987412222281658,0.08411214953271029
0.2857142857142857,0.908130939809926,0.33084120722869526,0.7480009692270395,0.4011622457587405,0.7726819541375871,0.41856208132107753,0.9369369369369369,0.48399487836107546,0.7806975633062587,0.1937399759422614,0.9643636817265115,0.0,0.838831291234684,0.4893617021276595,0.7171193164479699,0.43454420836189156,0.906347554630593,0.4856512141280338,0.9147909967845658,0.5375968992248126,0.265350877192983,0.21428571428571427,0.6000000000000001,0.7707390648567104,0.41562615267289915,0.41562615267289915,0.07476635514018692
0.42857142857142855,0.908130939809926,0.3330887074580329,0.7480009692270395,0.40491142562564375,0.7726819541375871,0.42051498898359685,0.9429429429429457,0.48399487836107546,0.7806975633062587,0.1937399759422614,0.9424828991413187,0.0,0.8331762488218664,0.48699763593380485,0.7273202842320954,0.44942720062665154,0.906347554630593,0.48383002207505377,0.922829581993569,0.5372093023255822,0.25,0.21428571428571427,0.6000000000000001,0.7647058823529411,0.7469715804573601,0.7469715804573601,0.07476635514018692
0.2857142857142857,0.908130939809926,0.33510687092927305,0.7385510055730538,0.4123160558627812,0.7726819541375871,0.4217167783143789,0.948948948948946,0.48527528809218956,0.7806975633062587,0.1937399759422614,0.9303075035865026,0.0,0.8345900094250707,0.4875886524822697,0.7326823314006701,0.4584647018505825,0.906347554630593,0.48174865972879144,0.9190782422293666,0.5364341085271427,0.24780701754385914,0.21428571428571427,0.6000000000000001,0.7564102564102579,0.006119017081082123,0.006119017081082123,0.07476635514018692
0.2857142857142857,0.908130939809926,0.33510687092927305,0.7341894838865985,0.41606523572968435,0.7726819541375871,0.4217167783143789,0.9549549549549552,0.48527528809218956,0.7806975633062587,0.1937399759422614,0.9234463687963907,0.0,0.8303487276154569,0.4858156028368794,0.7400061031431178,0.4649955938509731,0.906347554630593,0.48383002207505377,0.9153269024651671,0.5356589147286748,0.24561403508771984,0.21428571428571427,0.6000000000000001,0.7481146304675714,0.4077091039911564,0.4077091039911564,0.14953271028037385
0.2857142857142857,0.908130939809926,0.33877625905880127,0.7317664162830149,0.42000187458993365,0.7726819541375871,0.4217167783143789,0.9549549549549552,0.4768814909659962,0.7806975633062587,0.1937399759422614,0.9237790298771242,0.0,0.8303487276154569,0.48817966903073406,0.750076289288983,0.47429746401644945,0.906347554630593,0.4856512141280338,0.9115755627009647,0.5348837209302317,0.24342105263157898,0.21428571428571427,0.6000000000000001,0.7398190045248869,0.987962070999433,0.987962070999433,0.3738317757009346
0.2857142857142857,0.908130939809926,0.3641867718557945,0.7269202810758402,0.42187646452338656,0.7700707401604685,0.4217167783143789,0.9549549549549552,0.47119078104993606,0.7806975633062587,0.19464214113873285,0.9163440547227478,0.0,0.8303487276154569,0.4893617021276595,0.7553075548193062,0.47341623421129864,0.906347554630593,0.48383002207505377,0.9078242229367619,0.5341085271317922,0.24122807017543801,0.21428571428571427,0.6000000000000001,0.7315233785822022,0.22433192714311662,0.22433192714311662,0.4953271028037384
0.2857142857142857,0.9158746920098515,0.41005412347491,0.7269202810758402,0.436685724997656,0.7635427052176804,0.4237731733914938,0.951951951951955,0.48242993313415683,0.7806975633062587,0.19564454691259064,0.904027278208619,0.0,0.8360037700282754,0.48699763593380485,0.7610619469026543,0.4763536668951336,0.906347554630593,0.4810982339955834,0.9040728831725624,0.5333333333333279,0.2390350877192987,0.21428571428571427,0.6000000000000001,0.723227752639517,0.770920198585097,0.770920198585097,0.28037383177570097
0.14285714285714285,0.9197465681098203,0.45050912760297157,0.7269202810758402,0.4610553941325336,0.7635427052176804,0.4332673091046686,0.951951951951955,0.4995020628823428,0.7806975633062587,0.19865176423416236,0.8964342890408966,0.0,0.8303487276154569,0.4858156028368794,0.7683857186451011,0.4925095466562237,0.906347554630593,0.4810982339955834,0.90032154340836,0.5325581395348884,0.23684210526315785,0.21428571428571427,0.6000000000000001,0.7149321266968325,0.6248061234257596,0.6248061234257596,0.09345794392523364
0.14285714285714285,0.9197465681098203,0.47454361985139104,0.7169857039011343,0.47708313806354885,0.7635427052176804,0.438822246455834,0.9459459459459463,0.5151515151515149,0.7806975633062587,0.20366379310344812,0.8845666049857577,0.0,0.8303487276154569,0.48817966903073406,0.7716814159292027,0.48779986291980815,0.906347554630593,0.4810982339955834,0.8960342979635594,0.5321705426356509,0.24342105263157898,0.21428571428571427,0.6000000000000001,0.7179487179487181,0.9857067107972864,0.9857067107972864,0.09345794392523364
0.2857142857142857,0.9303062302006333,0.4624346390239442,0.7068088199660725,0.4902052675977139,0.7674595261833579,0.4420804308637307,0.9459459459459463,0.5177123346137429,0.7870680044593115,0.2077736567762623,0.8656381894920682,0.0,0.8303487276154569,0.4962174940898332,0.7766249618553545,0.5017624596103014,0.906347554630593,0.489790286975716,0.8917470525187554,0.5317829457364418,0.25,0.21428571428571427,0.6000000000000001,0.7209653092006032,0.6227398989688788,0.6227398989688788,0.09345794392523364
0.2857142857142857,0.9303062302006333,0.45527933217136174,0.6978434698328064,0.5115755928390676,0.7726819541375871,0.44714129926779855,0.9459459459459463,0.5323659126476012,0.7838827838827804,0.21228448275861994,0.8474748944840635,0.0,0.8360037700282754,0.5080378250591029,0.7821177906621903,0.5185743660041122,0.906347554630593,0.489790286975716,0.887459807073955,0.5313953488372114,0.256578947368421,0.21428571428571427,0.6000000000000001,0.7239819004524887,0.07418247442869828,0.07418247442869828,0.102803738317757
0.42857142857142855,0.9303062302006333,0.4433538207503893,0.6978434698328064,0.5173868216327667,0.7726819541375871,0.45349742950615335,0.9459459459459463,0.5548442168160477,0.7878643096034399,0.266213913392141,0.8256076262552758,0.0,0.8303487276154569,0.5177304964539007,0.785779676533414,0.5253108782923714,0.906347554630593,0.4994757174392921,0.8831725616291544,0.531007751937981,0.26315789473684215,0.21428571428571427,0.6000000000000001,0.7269984917043741,0.9732355120908679,0.9732355120908679,0.14018691588785048
0.2857142857142857,0.9303062302006333,0.4358315750848549,0.6978434698328064,0.5127940762958104,0.7743436357593882,0.4591057797164668,0.9459459459459463,0.5722008820600384,0.8055422838031536,0.40524759422614304,0.8102750691311309,0.00020222446916076837,0.8303487276154569,0.5269503546099292,0.7958498626792792,0.5277587388622342,0.906347554630593,0.5155116682434562,0.8788853161843504,0.5306201550387684,0.26973684210526316,0.21428571428571427,0.6000000000000001,0.7300150829562592,0.5508930313613721,0.5508930313613721,0.09345794392523364
0.2857142857142857,0.9303062302006333,0.4314283093294198,0.6905742670220483,0.5136376417658638,0.7809903622465937,0.4591057797164668,0.9459459459459463,0.5892730118082243,0.8084089823220257,0.38409683239775433,0.7992390377778227,0.003177813086812033,0.8303487276154569,0.5375886524822695,0.7971576790618573,0.5340742191324772,0.906347554630593,0.5224889624724047,0.8745980707395498,0.530232558139538,0.2763157894736842,0.21428571428571427,0.6000000000000001,0.7330316742081447,0.8871340555118729,0.8871340555118729,0.102803738317757
0.14285714285714285,0.9303062302006333,0.4314283093294198,0.6905742670220483,0.5153247727059705,0.7809903622465937,0.4621903723321388,0.948948948948946,0.6005121638924453,0.8026755852842811,0.3941208901363274,0.7865230679668171,0.01294236602628918,0.8303487276154569,0.5472813238770673,0.8050045773573382,0.5364633310486633,0.906347554630593,0.5263693432671066,0.8660235798499454,0.531007751937981,0.3004385964912275,0.2023809523809521,0.6000000000000001,0.746606334841629,0.18833414046743485,0.18833414046743485,0.09345794392523364
0.0,0.9303062302006333,0.4294101458581796,0.6881511994184639,0.5163557971693703,0.7809903622465937,0.46204348696948583,0.9549549549549552,0.6030729833546735,0.7998088867654085,0.3876052526062543,0.7785308855022152,0.021782464249602722,0.8303487276154569,0.5528368794326242,0.8115436592702401,0.5387741114266138,0.906347554630593,0.5339601072216968,0.8574490889603441,0.5317829457364418,0.3245614035087725,0.19047619047619072,0.6000000000000001,0.7601809954751131,0.4096986517504941,0.4096986517504941,0.09345794392523364
0.0,0.9303062302006333,0.4314283093294198,0.6833050642112897,0.5202924360296194,0.7809903622465937,0.46508801994080073,0.9549549549549552,0.597666808934413,0.7998088867654085,0.37758119486768266,0.7702226750109156,0.03229524772497472,0.838831291234684,0.5618794326241137,0.8174549893194989,0.5414667580534611,0.906347554630593,0.5411147902869742,0.8488745980707395,0.5325581395348884,0.3486842105263158,0.17857142857142855,0.6000000000000001,0.7737556561085972,0.40993387231803247,0.40993387231803247,0.09345794392523364
0.0,0.9197465681098203,0.4314283093294198,0.6833050642112897,0.5247914518699045,0.7809903622465937,0.46845303006698846,0.9549549549549552,0.58913074406032,0.7998088867654085,0.35347333600641456,0.761606753019939,0.03839375993066592,0.8303487276154569,0.5647754137115852,0.8237063516282292,0.543425046509352,0.906347554630593,0.5477373068432656,0.8403001071811351,0.5333333333333279,0.37280701754385914,0.16666666666666638,0.6000000000000001,0.7873303167420815,0.7997530438220191,0.7997530438220191,0.08411214953271029
0.0,0.9267863428370318,0.4314283093294198,0.6779743154834028,0.5306026806636038,0.7809903622465937,0.4735940177597755,0.9549549549549552,0.586427656850192,0.7998088867654085,0.33953989574979976,0.7525833212050648,0.04398382204246713,0.8303487276154569,0.5695035460992908,0.8315532499237102,0.545510623714873,0.906347554630593,0.5518763796909476,0.8317256162915336,0.5341085271317922,0.396929824561404,0.154761904761905,0.6000000000000001,0.8009049773755657,0.4000226382392014,0.4000226382392014,0.09345794392523364
0.0,0.9197465681098203,0.4339051463168522,0.6753089411194555,0.533414565563782,0.7809903622465937,0.4735940177597755,0.9459459459459463,0.5817328211694408,0.7902532250358336,0.32545609462710484,0.7461795954009607,0.048793875487505446,0.8303487276154569,0.574468085106383,0.8315532499237102,0.5490551258200342,0.906347554630593,0.5540050457268997,0.8231511254019293,0.5348837209302317,0.42105263157894735,0.14285714285714285,0.6000000000000001,0.8144796380090498,0.49275521585797116,0.49275521585797116,0.08411214953271029
0.0,0.9197465681098203,0.43266672782313575,0.6753089411194555,0.539038335364138,0.7809903622465937,0.4763981928649321,0.9459459459459463,0.5817328211694408,0.7902532250358336,0.31743684843624725,0.7416387716489595,0.055753286147623864,0.8303487276154569,0.574468085106383,0.8355813243820562,0.5548320767649073,0.906347554630593,0.5565121412803518,0.8161843515541254,0.5352713178294621,0.4320175438596485,0.14285714285714285,0.5717948717948722,0.8152337858220227,0.8972405826937282,0.8972405826937282,0.08411214953271029
0.0,0.9197465681098203,0.4339051463168522,0.6680397383086969,0.5427875152310443,0.7809903622465937,0.4762646607170695,0.9369369369369369,0.5817328211694408,0.7902532250358336,0.30951784282277445,0.7361581803438889,0.06247291636573741,0.8303487276154569,0.5790780141843972,0.8387462400278971,0.5548320767649073,0.906347554630593,0.560154525386312,0.8092175777063246,0.5356589147286748,0.44298245614035137,0.14285714285714285,0.543589743589743,0.8159879336349909,0.29966698577596496,0.29966698577596496,0.08411214953271029
0.2857142857142857,0.9197465681098203,0.4339051463168522,0.6680397383086969,0.5484112850314004,0.777666999002991,0.4824739055927716,0.9369369369369369,0.5791720017072128,0.7902532250358336,0.30240076182838843,0.7313345946732644,0.07435793731041454,0.8303487276154569,0.5796099290780143,0.8416234360695753,0.5555860178204246,0.906347554630593,0.560154525386312,0.8022508038585208,0.5360465116279087,0.45394736842105265,0.14285714285714285,0.5153846153846153,0.8167420814479638,0.769860759990333,0.769860759990333,0.102803738317757
0.0,0.983104540654699,0.49903678561599984,0.8383813908407998,0.5146686662292633,0.920334235389074,0.5535797743306714,0.9598198198198202,0.6699103713188221,0.8475871954132821,0.28295408981555664,0.8751273468199681,0.0,0.9330819981149856,0.6015366430260036,0.8050045773573382,0.5823460295701539,0.9954214360041622,0.6618101545253847,0.8456591639871383,0.432558139534887,0.42105263157894735,0.3571428571428571,0.4307692307692308,0.846153846153846,0.2426887476106155,0.2426887476106155,0.14953271028037385
0.0,0.9936642027455116,0.4726171910833883,0.8286891204264577,0.5097010029056145,0.9072781655034894,0.5193020719738277,0.9549549549549552,0.663800987744648,0.8475871954132821,0.27884422614274235,0.8751273468199681,0.0,0.9393653785736757,0.5918439716312056,0.8050045773573382,0.5742289239204934,0.990188791437492,0.644059444970041,0.8553054662379422,0.4321705426356566,0.396929824561404,0.36904761904761924,0.4589743589743585,0.8348416289592759,0.9619737652970581,0.9619737652970581,0.14953271028037385
0.0,0.9999999999999998,0.4652784148243285,0.8286891204264577,0.5080138719655077,0.8973080757726817,0.5068435225780619,0.9549549549549552,0.6596670934699103,0.8475871954132821,0.27493484362469917,0.8751273468199681,0.0,0.945962928055297,0.5827423167848687,0.8076202101224954,0.5613923430921384,0.9999999999999998,0.6386313465783648,0.864951768488746,0.43178294573644393,0.37280701754385914,0.38095238095238065,0.4871794871794876,0.8235294117647058,0.5107570834317825,0.5107570834317825,0.5700934579439253
0.0,0.9999999999999998,0.45784790386203134,0.8182699297310398,0.49873465179492016,0.9006314390162844,0.5172456768967131,0.9549549549549552,0.6547161758429363,0.8475871954132821,0.2699228147554133,0.8710522485809926,0.0,0.952874646559849,0.5730496453900709,0.8050045773573382,0.5488690884167235,0.9999999999999998,0.6317013560391018,0.8745980707395498,0.43139534883721353,0.3486842105263158,0.39285714285714285,0.5153846153846153,0.8122171945701357,0.3477260968966831,0.3477260968966831,0.4205607476635514
0.14285714285714285,0.9936642027455116,0.4541785157325029,0.8085170826266033,0.49873465179492016,0.9252005887100614,0.5173925622593656,0.9549549549549552,0.6485702091335894,0.8504538939321546,0.26726643945469114,0.8709552224324466,0.0,0.9560163367891892,0.5638297872340425,0.8050045773573382,0.5385293253696262,0.9931321540062437,0.6154525386313452,0.8842443729903537,0.431007751937976,0.3245614035087725,0.40476190476190493,0.543589743589743,0.8009049773755657,0.3775767013708703,0.3775767013708703,0.21495327102803738
0.0,0.9936642027455116,0.4534446381065962,0.8020353767870079,0.49873465179492016,0.9405117979395148,0.5005140987692787,0.9549549549549552,0.64288762880312,0.8504538939321546,0.2642592221331193,0.8672682287876584,0.0,0.9622997172478793,0.5541371158392447,0.8050045773573382,0.5095956134338586,0.9999999999999998,0.6030234941658774,0.8938906752411575,0.43062015503876694,0.3004385964912275,0.41666666666666635,0.5717948717948722,0.7895927601809954,0.1811376421335283,0.1811376421335283,0.22429906542056074
0.0,0.9936642027455116,0.4516099440418304,0.7971892415798401,0.5012653482050803,0.9530931016474407,0.48274096988850124,0.9549549549549552,0.6364489970123774,0.8504538939321546,0.26085104250200414,0.8644544704797934,0.0,0.9654414074772195,0.5400709219858155,0.8102358428876619,0.48981690002937284,0.9999999999999998,0.577642108167769,0.9035369774919615,0.430232558139533,0.2763157894736842,0.42857142857142855,0.6000000000000001,0.7782805429864252,0.49904034816311255,0.49904034816311255,0.2429906542056075
0.0,0.9901443153819109,0.44683973947344313,0.7870123576447787,0.49395444746461725,0.9662678630774342,0.4667705250038945,0.9549549549549552,0.6321565758185492,0.8561872909698993,0.2578438251804323,0.8683597729588124,0.0,0.9717247879359092,0.5329787234042553,0.8104974061641737,0.47813570938999295,0.9999999999999998,0.5708333333333317,0.9035369774919615,0.431007751937976,0.2763157894736842,0.4404761904761907,0.6000000000000001,0.7775263951734525,0.30881801054339125,0.30881801054339125,0.22429906542056074
0.0,0.983104540654699,0.4451885148151551,0.7843469832808316,0.4931108819945639,0.9764753358970664,0.47012218191529653,0.9549549549549552,0.624413145539906,0.8561872909698993,0.25423516439454613,0.8709552224324466,0.0,0.9745523091423187,0.5223404255319148,0.8076202101224954,0.4709683736414356,0.9999999999999998,0.5671318196152606,0.9035369774919615,0.43178294573644393,0.2763157894736842,0.4523809523809521,0.6000000000000001,0.7767722473604841,0.6786038295678779,0.6786038295678779,0.19626168224299065
0.0,0.983104540654699,0.44133565727914914,0.7795008480736565,0.49479801293467063,0.9859310956020848,0.46424676740925364,0.9510939510939551,0.6211206633741828,0.8561872909698993,0.25132818765036075,0.8709552224324466,0.0,0.9802073515551364,0.5152482269503544,0.8141592920353973,0.4492803289924605,0.9999999999999998,0.5568432671081662,0.9035369774919615,0.432558139534887,0.2763157894736842,0.46428571428571425,0.6000000000000001,0.7760180995475113,0.7942274687878255,0.7942274687878255,0.14953271028037385
0.0,0.983104540654699,0.43418035042656666,0.7748970196268457,0.4956415784047242,0.9887005649717513,0.44268132552911954,0.9531531531531534,0.616986769099445,0.8561872909698993,0.24882217321571692,0.8690146994615049,0.0,0.9833490417844766,0.5046099290780142,0.8128514756528191,0.45070008812298124,0.9999999999999998,0.5475599180069368,0.9035369774919615,0.43333333333332646,0.2763157894736842,0.4761904761904764,0.6000000000000001,0.7752639517345384,0.3672187098964627,0.3672187098964627,0.08411214953271029
0.0,0.983104540654699,0.42216310430235704,0.7705354979403904,0.4956415784047242,0.9801547737739198,0.41203569759419345,0.9459459459459463,0.6120358514724711,0.8561872909698993,0.24571471531676065,0.8709552224324466,0.0,0.9896324222431667,0.49751773049645376,0.80683552029295,0.46058944482522257,0.9999999999999998,0.5402869757174378,0.9035369774919615,0.4341085271317944,0.2763157894736842,0.4880952380952378,0.6000000000000001,0.7745098039215701,0.43337933597522094,0.43337933597522094,0.17757009345794394
0.0,0.983104540654699,0.4129896339785346,0.7608432275260479,0.49479801293467063,0.9554669325357259,0.3864776444929112,0.9459459459459463,0.6103286384976525,0.8561872909698993,0.24328388131515616,0.8672682287876584,0.0,0.9896324222431667,0.49148936170212787,0.8141592920353973,0.481151473612063,0.9999999999999998,0.522193314411854,0.9035369774919615,0.43488372093023386,0.2763157894736842,0.5,0.6000000000000001,0.7737556561085972,0.9837521815693075,0.9837521815693075,0.31775700934579443
0.0,0.983104540654699,0.40514631685166536,0.7559970923188737,0.4931108819945639,0.960926743578788,0.4045578973137758,0.9459459459459463,0.6037436741662101,0.8561872909698993,0.2391990777866873,0.8644544704797934,0.0,0.9896324222431667,0.4893617021276595,0.8174549893194989,0.49657299520219333,0.9999999999999998,0.5551876379690934,0.9035369774919615,0.4352713178294678,0.2763157894736842,0.5,0.6000000000000001,0.7737556561085972,0.4244855893725075,0.4244855893725075,0.2710280373831776
0.0,0.983104540654699,0.4073938170810032,0.7533317179549261,0.4931108819945639,0.9767364572947823,0.43050319364386946,0.9459459459459463,0.6030729833546735,0.8625577321229525,0.23629210104250192,0.8644544704797934,0.0,0.9896324222431667,0.48817966903073406,0.8302454335411311,0.48981690002937284,0.9999999999999998,0.5583215074109107,0.9035369774919615,0.4356589147286769,0.2763157894736842,0.5,0.6000000000000001,0.7737556561085972,0.40560334725285313,0.40560334725285313,0.411214953271028
0.0,0.983104540654699,0.4073938170810032,0.7480009692270395,0.49479801293467063,0.986326734083466,0.4313978590345642,0.9459459459459463,0.6030729833546735,0.8657429526994742,0.2337860866078581,0.8644544704797934,0.0,0.9965441407477187,0.49503546099290774,0.8315532499237102,0.48307059629883464,0.9999999999999998,0.5533664459161134,0.9035369774919615,0.43604651162790375,0.2763157894736842,0.5,0.6000000000000001,0.7737556561085972,0.19622808362983996,0.19622808362983996,0.411214953271028
0.0,0.983104540654699,0.4039078983579494,0.7407317664162809,0.4956415784047242,0.9936856098371551,0.41545412057952924,0.9459459459459463,0.5992317541613317,0.8727504379678257,0.23268344025661575,0.8644544704797934,0.0,0.9999999999999998,0.4964539007092199,0.8315532499237102,0.47282874767453364,0.9999999999999998,0.5469686218858401,0.9035369774919615,0.4364341085271377,0.2763157894736842,0.5,0.6000000000000001,0.7737556561085972,0.5270081057098348,0.5270081057098348,0.26168224299065423
0.0,0.983104540654699,0.401889734886709,0.7407317664162809,0.4956415784047242,0.996890281536341,0.40929828856297035,0.9459459459459463,0.6003292482165725,0.8921802834846344,0.3571321170809946,0.8585358754184254,0.0,0.9930882814954478,0.4867612293144219,0.8315532499237102,0.46792323509252887,0.9999999999999998,0.5349061810154512,0.9035369774919615,0.43682170542635035,0.2763157894736842,0.5,0.6000000000000001,0.7737556561085972,0.8937641337526594,0.8937641337526594,0.2429906542056075
0.0,0.983104540654699,0.39840381616365517,0.7407317664162809,0.4956415784047242,1.0,0.39956379498364214,0.9423423423423423,0.5992317541613317,0.9686255773212327,0.6677776663993586,0.8527143065056033,0.0,0.9896324222431667,0.4819148936170212,0.8373076420070573,0.47282874767453364,0.9999999999999998,0.5331322926521602,0.9035369774919615,0.4372093023255843,0.2763157894736842,0.5,0.6000000000000001,0.7737556561085972,0.9155790775641826,0.9155790775641826,0.25233644859813087
0.0,0.9760647659274861,0.40005504082194343,0.7407317664162809,0.4956415784047242,0.9970089730807574,0.38926846638328216,0.9459459459459463,0.5992317541613317,0.9581143494187006,0.713337008821171,0.843108717799447,0.0,0.9896324222431667,0.4819148936170212,0.8416234360695753,0.49684715558601766,0.9999999999999998,0.5144591611479012,0.8960342979635594,0.43837209302325775,0.28070175438596434,0.5357142857142857,0.5717948717948722,0.767722473604828,0.4037607885079976,0.4037607885079976,0.17757009345794394
0.0,0.9795846532910975,0.4039078983579494,0.7385510055730538,0.49667260286812376,0.9853772017281486,0.3763826141143476,0.9459459459459463,0.5992317541613317,0.9517439082656474,0.7164444667201273,0.8334061029447445,0.0,0.9896324222431667,0.4819148936170212,0.8442390688347325,0.5045040634485467,0.9999999999999998,0.49913276568905607,0.8885316184351544,0.43953488372093474,0.28508771929824617,0.5714285714285714,0.543589743589743,0.7616892911010543,0.09175531801151947,0.09175531801151947,0.102803738317757
0.0,0.9795846532910975,0.4055591230162374,0.7341894838865985,0.5004217827350267,0.9693538432322111,0.3466049451405402,0.9395109395109371,0.5965489909151898,0.9517439082656474,0.7019597032878906,0.8272934555862815,0.0,0.9896324222431667,0.48085106382978715,0.8507781507476344,0.5118574366004112,0.9931321540062437,0.4773730684326696,0.8810289389067523,0.4406976744186082,0.2894736842105263,0.6071428571428571,0.5153846153846153,0.755656108597285,0.25541696506279365,0.25541696506279365,0.102803738317757
0.0,0.983104540654699,0.4055591230162374,0.7341894838865985,0.505295716562001,0.9469923562645395,0.31842966194111155,0.9423423423423423,0.5945369184805807,0.9517439082656474,0.6728899358460307,0.8197254159996128,0.0,0.9833490417844766,0.47872340425531923,0.8560094162779581,0.5091060413198867,0.990188791437492,0.4566777041942591,0.8735262593783504,0.4418604651162781,0.2938596491228065,0.6428571428571428,0.4871794871794876,0.7496229260935146,0.4557777626142664,0.4557777626142664,0.09345794392523364
0.0,0.9760647659274861,0.4039078983579494,0.7293433486794239,0.5088574374355611,0.9273370365095213,0.315892551131685,0.9391891891891893,0.5911224925309431,0.9431438127090301,0.6085856054530872,0.8118662979673031,0.0,0.9802073515551364,0.47482269503546104,0.8599328654256935,0.5058259081562713,0.9864724245577523,0.44426048565121246,0.8660235798499454,0.4430232558139551,0.2982456140350882,0.6785714285714285,0.4589743589743585,0.7435897435897434,0.5360320599015111,0.5360320599015111,0.5140186915887851
0.0,0.983104540654699,0.40849463351986204,0.7341894838865985,0.5097010029056145,0.9139248919906944,0.3226359245988466,0.9369369369369369,0.586427656850192,0.9488772097467748,0.5684893744987964,0.802163683112598,0.0,0.9802073515551364,0.4726950354609929,0.8658180391473014,0.49676882404778255,0.98260740300282,0.43994402396720167,0.8585209003215433,0.4441860465116285,0.30263157894736836,0.7142857142857142,0.4307692307692308,0.7375565610859728,0.14542079523925813,0.14542079523925813,0.411214953271028
0.0,0.9901443153819109,0.41931932850197273,0.732372183183909,0.5104742712531635,0.9115510611024091,0.34199808603921267,0.9369369369369369,0.58898847631242,0.9517439082656474,0.5113522453889325,0.7926551205549905,0.0,0.9802073515551364,0.47044917257683316,0.8681721086359468,0.48600639707562365,0.9781477627471384,0.42422737306843095,0.8494105037513409,0.446124031007745,0.3092105263157895,0.7023809523809521,0.4307692307692308,0.7337858220211163,0.27737646275056377,0.27737646275056377,0.4485981308411215
0.0,0.9936642027455116,0.43601504449133244,0.7269202810758402,0.5165432561627133,0.9219009637753404,0.3499298956223704,0.9369369369369369,0.5844155844155825,0.9517439082656474,0.466243985565356,0.7866394993450736,0.0,0.9745523091423187,0.46808510638297873,0.8681721086359468,0.4785567414080085,0.970120410286899,0.4158191422264239,0.8403001071811351,0.4480620155038828,0.3157894736842105,0.6904761904761907,0.4307692307692308,0.7300150829562592,0.2819033497993738,0.2819033497993738,0.25233644859813087
0.0,0.9936642027455116,0.43051096229703845,0.7169857039011343,0.4967663323647954,0.9388501163177132,0.3516124006854644,0.9369369369369369,0.5809645753307724,0.9517439082656474,0.4328137530072171,0.7789259205355844,0.0,0.9717247879359092,0.46808510638297873,0.8681721086359468,0.47943797121315956,0.9687825182101977,0.415286975717438,0.8311897106109325,0.45000000000000284,0.3223684210526315,0.6785714285714285,0.4307692307692308,0.7262443438914027,0.7061822665656525,0.7061822665656525,0.25233644859813087
0.0,0.9999999999999998,0.4017980001834689,0.7024472982796177,0.47595838410347746,0.9554669325357259,0.3499298956223704,0.9369369369369369,0.5778915919760992,0.9517439082656474,0.4146702085004001,0.7682045311211381,0.0,0.9717247879359092,0.46548463356974135,0.8718339945071705,0.4832076764907469,0.96580942470641,0.4168834752443995,0.8220793140407296,0.4519379844961193,0.32894736842105265,0.6666666666666664,0.4307692307692308,0.7224736048265461,0.3631265286726108,0.3631265286726108,0.28037383177570097
0.14285714285714285,0.9936642027455116,0.38730391707182976,0.6881511994184639,0.46874121285968606,0.949532355315005,0.33859301626866767,0.9369369369369369,0.5716602646180111,0.9549291288421686,0.39567461908580576,0.7585019162664329,0.0,0.9622997172478793,0.46418439716312054,0.8761497885696881,0.4830608048565559,0.9583766909469305,0.409243929359822,0.8129689174705239,0.4538759689922536,0.3355263157894737,0.654761904761905,0.4307692307692308,0.718702865761689,0.4907025408017872,0.4907025408017872,0.25233644859813087
0.0,0.9901443153819109,0.3644619759655092,0.6731281802762279,0.45936826319242685,0.9388501163177132,0.32300981461286726,0.9369369369369369,0.5618559843911948,0.9612995699952223,0.3786337209302328,0.747052830737884,0.0,0.9622997172478793,0.4620567375886524,0.883368935001525,0.4832076764907469,0.9568901441950362,0.39145774203721007,0.8038585209003215,0.4558139534883736,0.3421052631578947,0.6428571428571428,0.4307692307692308,0.7149321266968325,0.6095451358576115,0.6095451358576115,0.28037383177570097
0.0,0.983104540654699,0.34960095404091507,0.6634359098618854,0.44137219983128706,0.9447846935384345,0.30841475085126735,0.9369369369369369,0.5384549722577894,0.984551680203851,0.5661337209302326,0.7526803473536109,0.0,0.9622997172478793,0.4560283687943263,0.8928898382667065,0.48032899246058935,0.9479708636836628,0.36868101545253706,0.7952840300107169,0.45852713178295446,0.33771929824561453,0.6428571428571428,0.4589743589743585,0.6983408748114629,0.04094990027843453,0.04094990027843453,0.2990654205607477
0.0,0.9795846532910975,0.32932758462526435,0.649382117761081,0.43593588902427693,0.9554669325357259,0.2815080230565501,0.9369369369369369,0.5222852265105802,0.9909221213569037,0.6201633921411385,0.7751904138165244,0.0,0.9560163367891892,0.4489361702127659,0.8965517241379306,0.47406899702992766,0.94470046082949,0.3569260485651198,0.7867095391211156,0.46124031007751753,0.3333333333333328,0.6428571428571428,0.4871794871794876,0.6817496229260936,0.5161027325592942,0.5161027325592942,0.16822429906542058
0.0,0.9725448785638855,0.32217227777268187,0.6542282529682562,0.4499015840284929,0.949532355315005,0.2704248547837864,0.9369369369369369,0.5138711054204013,1.0000000000000002,0.5034833600641537,0.7693688449037025,0.0,0.952874646559849,0.4453900709219858,0.902044552944766,0.4721727210418094,0.9365244536940687,0.35459782008829865,0.7781350482315113,0.4639534883720948,0.32894736842105265,0.6428571428571428,0.5153846153846153,0.6651583710407238,0.7009656159577992,0.7009656159577992,0.11214953271028037
0.0,0.9725448785638855,0.32382350243097013,0.6590743881754308,0.45721248476895593,0.9285476902625458,0.25374668951549983,0.9369369369369369,0.5193585756966026,0.9581143494187006,0.36911086607858784,0.7548149226216474,0.0,0.952874646559849,0.44326241134751787,0.9073542874580403,0.4677861549006168,0.926118626430801,0.3471578366445902,0.7695605573419069,0.46666666666667567,0.3245614035087725,0.6428571428571428,0.543589743589743,0.6485671191553544,0.033033556731871784,0.033033556731871784,0.12149532710280375
0.0,0.9725448785638855,0.32685074763783195,0.6542282529682562,0.4658355984628365,0.8970706926838568,0.2345714730821442,0.932972972972973,0.5274434485702091,0.9396400700748491,0.32089514835605487,0.7332751176442062,0.0,0.9425070688030159,0.4443262411347517,0.913945682026243,0.4612177290381525,0.9221049502006868,0.34770182907600145,0.7609860664523054,0.4693798449612352,0.32017543859649067,0.6428571428571428,0.5717948717948722,0.631975867269985,0.3932794184040564,0.3932794184040564,0.13084112149532712
0.0,0.9725448785638855,0.33033666636088577,0.6542282529682562,0.4752085481300955,0.8640744433366567,0.22916342109362753,0.9341055341055318,0.5325285043594921,0.907469342251954,0.2843574578989579,0.6965992334934274,0.006033029996629625,0.9425070688030159,0.44645390070921986,0.913945682026243,0.45390678546949936,0.920499479708637,0.3597406181015437,0.7524115755627008,0.47209302325581604,0.3157894736842105,0.6428571428571428,0.6000000000000001,0.6153846153846154,0.8633718205871868,0.8633718205871868,0.12149532710280375
0.0,0.9725448785638855,0.33510687092927305,0.6442936757935502,0.47811416252694816,0.8505436072734209,0.24244986980615435,0.9270270270270273,0.5282116944088775,0.8889950629081034,0.2684192060946275,0.6614757677194004,0.03569261880687563,0.9425070688030159,0.45035460992907805,0.913945682026243,0.4461960246744343,0.9137802883900725,0.372595395774201,0.7352625937834951,0.4759689922480703,0.3574561403508777,0.6190476190476192,0.566666666666666,0.630467571644042,0.7272830532860206,0.7272830532860206,0.11214953271028037
0.0,0.9725448785638855,0.33510687092927305,0.6341167918584885,0.47623957259349525,0.833333333333333,0.2536220595108247,0.9270270270270273,0.5305164319248827,0.8727504379678257,0.25383420208500435,0.6333381846407597,0.06831816649814632,0.9362236883443258,0.4527186761229325,0.9215746109246221,0.43968471555860167,0.906347554630593,0.3794426048565107,0.7181136120042861,0.4798449612403033,0.3991228070175433,0.595238095238095,0.5333333333333337,0.6455505279034692,0.03067025495801148,0.03067025495801148,0.11214953271028037
0.0,0.9609292502639912,0.322997890101826,0.6227283741216387,0.47717686756022026,0.82015857190334,0.266552422495715,0.9270270270270273,0.5297481860862143,0.859372511546421,0.24270749799518881,0.613932954931355,0.09063026626221768,0.930254476908577,0.4549645390070922,0.9231003967043026,0.43180260452364627,0.8974282741192188,0.3857221696625661,0.7009646302250805,0.48372093023256113,0.4407894736842105,0.5714285714285714,0.5,0.6606334841628959,0.6999123640626143,0.6999123640626143,0.08411214953271029
0.0,0.9609292502639912,0.32134666544353796,0.6178822389144643,0.48280063736057655,0.8076959597398301,0.26214586161618403,0.9270270270270273,0.5266752027315407,0.8444019748367604,0.2281726142742581,0.5947217775190423,0.11557128412537918,0.9222431668237514,0.4600177304964539,0.9194385108330789,0.43180260452364627,0.8890738813735692,0.3870584988962458,0.6838156484458746,0.4875968992248154,0.4824561403508777,0.5476190476190478,0.4666666666666662,0.6757164404223226,0.17516700687191888,0.17516700687191888,0.102803738317757
0.14285714285714285,0.9503695881731782,0.32217227777268187,0.6178822389144643,0.4949854719280168,0.7937853107344632,0.26328088487303236,0.9270270270270273,0.5266752027315407,0.831661092530654,0.22015336808340052,0.5811381167224567,0.138422649140546,0.9151743638077285,0.46312056737588647,0.9185230393652728,0.43180260452364627,0.8844953173777317,0.3900386313465769,0.6666666666666656,0.4914728682170484,0.5241228070175433,0.5238095238095235,0.4333333333333338,0.6907993966817497,0.02676070188279283,0.02676070188279283,0.08411214953271029
0.0,0.9503695881731782,0.3258416659022103,0.6130361037072891,0.504358421595276,0.7845511085790209,0.26728684930897106,0.9270270270270273,0.5266752027315407,0.8119127249562064,0.20817461908580576,0.5656139329549323,0.15702730030333673,0.9151743638077285,0.46548463356974135,0.9185230393652728,0.43180260452364627,0.8703433922996877,0.38854856512141134,0.6495176848874598,0.4953488372093062,0.5657894736842105,0.5,0.4,0.7058823529411764,0.15059439953336873,0.15059439953336873,0.06542056074766356
0.0,0.802534318901795,0.24332630033941904,0.5088441967530881,0.4144835504733342,0.5973745430375539,0.20205639507711393,0.8729729729729729,0.3234558868361672,0.7834277523718491,0.11243770764119537,0.5030563236792316,0.0,0.838831291234684,0.2680851063829788,0.8141592920353973,0.27587388622344045,0.8913631633714878,0.3373068432671067,0.45069667738478036,0.6178294573643512,0.484649122807017,0.3571428571428571,0.6000000000000001,0.38084464555052805,0.17624665499490497,0.17624665499490497,0.06542056074766356
0.0,0.802534318901795,0.23961104485827045,0.5102980373152397,0.42000187458993365,0.5973745430375539,0.20377005764137768,0.8729729729729729,0.3163465642338883,0.7902532250358336,0.12117582197273452,0.5022558579537186,0.0,0.838831291234684,0.263593380614656,0.8141592920353973,0.27381768334475676,0.8910361230860662,0.3254099653106248,0.4512325830653803,0.6193798449612338,0.49561403508771984,0.3571428571428571,0.6000000000000001,0.3906485671191552,0.2500263260752342,0.2500263260752342,0.06542056074766356
0.0,0.802534318901795,0.24126226951655871,0.5228633736024042,0.42201036380434753,0.6019441674975075,0.20719738276990096,0.8729729729729729,0.3102249862813231,0.7902532250358336,0.1271086321457206,0.5022558579537186,0.0,0.838831291234684,0.25756501182032965,0.8141592920353973,0.27739155977675445,0.8959417273673258,0.3057671081677691,0.4517684887459807,0.6209302325581412,0.506578947368421,0.3571428571428571,0.6000000000000001,0.4004524886877828,0.9431517596063094,0.9431517596063094,0.08411214953271029
0.0,0.802534318901795,0.243280432987799,0.5379210079961216,0.41690880119973783,0.5973745430375539,0.20719738276990096,0.8729729729729729,0.30277422108408003,0.7938843764930723,0.1822524057738571,0.506136903895599,0.0,0.838831291234684,0.2526004728132374,0.8191028379615495,0.2829335161069224,0.8959417273673258,0.28798092084515714,0.452304394426581,0.622480620155045,0.5175438596491222,0.3571428571428571,0.6000000000000001,0.41025641025641035,0.8026487946140604,0.8026487946140604,0.07476635514018692
0.0,0.802534318901795,0.243280432987799,0.5440479075080451,0.4129721623394885,0.5973745430375539,0.21342888300358065,0.8742599742599733,0.2984574111334657,0.8739335198962539,0.6172850555619194,0.5141900742250036,0.0,0.838831291234684,0.2470449172576843,0.8141592920353973,0.2671595025947324,0.8959417273673258,0.27025386313465627,0.452840300107181,0.6240310077519347,0.5285087719298249,0.3571428571428571,0.6000000000000001,0.42006033182503755,0.02427143241304136,0.02427143241304136,0.26168224299065423
0.0,0.802534318901795,0.24126226951655871,0.5710685728131799,0.40858562189521075,0.606513791957461,0.22121825829568365,0.8819819819819823,0.30046948356807524,0.9353798375537503,0.7325957297514027,0.5159365448988502,0.0,0.838831291234684,0.242316784869975,0.8191028379615495,0.26799177518848527,0.8959417273673258,0.259184799747711,0.4533762057877813,0.625581395348842,0.5394736842105263,0.3571428571428571,0.6000000000000001,0.4298642533936652,0.35225923887644867,0.35225923887644867,0.3925233644859813
0.0,0.8064061950017634,0.2431886982845617,0.5934784866212024,0.40345192346317205,0.6131605184446656,0.22458326842187182,0.8819819819819823,0.30046948356807524,0.8915432393693263,0.7517892943063345,0.520787852326203,0.0,0.838831291234684,0.23723404255319158,0.8223985352456507,0.2775873886223441,0.8959417273673258,0.2479028697571728,0.45873526259378355,0.6267441860465155,0.5175438596491222,0.3571428571428571,0.6000000000000001,0.418552036199095,0.01616554908900099,0.01616554908900099,0.08411214953271029
0.0,0.8141499472016893,0.2486927804788558,0.6058153622486051,0.3984628362545696,0.6148222000664672,0.2254245209534187,0.8819819819819823,0.30046948356807524,0.8729779537232962,0.7562399759422611,0.5326250424489392,0.0,0.838831291234684,0.2337765957446809,0.82850167836436,0.27507425177062017,0.8861305188048176,0.23647902869757043,0.4640943193997855,0.6279069767441854,0.49561403508771984,0.3571428571428571,0.6000000000000001,0.4072398190045249,0.5538463508053635,0.5538463508053635,0.08411214953271029
0.0,0.8064061950017634,0.25777451609944113,0.6198553082488159,0.3946145709197556,0.6148222000664672,0.2254245209534187,0.8819819819819823,0.30046948356807524,0.854467271858576,0.7139284282277463,0.5452384417600553,0.0,0.838831291234684,0.23049645390070927,0.8315532499237102,0.2727895819054147,0.8867845993756502,0.22811810154525225,0.46945337620578775,0.6290697674418624,0.4736842105263158,0.3571428571428571,0.6000000000000001,0.39592760180995473,0.6973223562052264,0.6973223562052264,0.08411214953271029
0.0,0.8141499472016893,0.26694798642326334,0.6360552459413602,0.38952104227200335,0.6181455633100699,0.23224801370929948,0.883963963963964,0.30371318822023063,0.8475871954132821,0.5969218982701336,0.5530005336438161,0.0,0.838831291234684,0.22695035460992918,0.8396093988404023,0.2666209732693625,0.8910361230860662,0.21885840428886594,0.47481243301179,0.6302325581395358,0.4517543859649117,0.3571428571428571,0.6000000000000001,0.3846153846153846,0.8809811677235078,0.8809811677235078,0.09345794392523364
0.0,0.8141499472016893,0.2687826804880291,0.6368860119768773,0.38625925578779685,0.6231306081754733,0.23648543386820453,0.8890604890604867,0.31449301871836943,0.8437649307214523,0.4890487169206092,0.5528064813467239,0.0,0.838831291234684,0.2245862884160743,0.8434543790051872,0.2575736806031528,0.8844953173777317,0.20651214128035167,0.48017148981779195,0.6313953488372128,0.42982456140350933,0.3571428571428571,0.6000000000000001,0.3733031674208145,0.23488423971452446,0.23488423971452446,0.09345794392523364
0.0,0.8141499472016893,0.26713145582974085,0.649866731281801,0.3795107320273694,0.6231306081754733,0.2399127589967276,0.8918918918918919,0.3303457106274006,0.8380315336837076,0.43938667086722455,0.558628050259546,0.0,0.838831291234684,0.2221040189125283,0.8533937835127916,0.251150494467834,0.8844953173777317,0.19822216966256612,0.4855305466237942,0.6325581395348863,0.4078947368421052,0.3571428571428571,0.6000000000000001,0.36199095022624433,0.8057690503873437,0.8057690503873437,0.09345794392523364
0.0,0.8141499472016893,0.2652967617649753,0.6500744227906763,0.3737262830898598,0.6231306081754733,0.24598847172456684,0.8918918918918919,0.33278458630571484,0.8322981366459625,0.3965767842822772,0.5662931159947606,0.0,0.838831291234684,0.2195035460992909,0.8599328654256935,0.2433173406442768,0.8844953173777317,0.19243929359823264,0.4892818863879968,0.6344961240309992,0.4078947368421052,0.36904761904761924,0.6000000000000001,0.3665158371040724,0.7247818668454309,0.7247818668454309,0.07476635514018692
0.0,0.8141499472016893,0.2597926795706811,0.6453598255391308,0.37371824913300244,0.6231306081754733,0.24879264682972346,0.8918918918918919,0.33529662825437456,0.8284758719541327,0.3613923416198875,0.5606655993790337,0.0,0.838831291234684,0.2159574468085106,0.864641004402984,0.24277881131890644,0.8844953173777317,0.18332150741091047,0.49303322615219614,0.636434108527137,0.4078947368421052,0.38095238095238065,0.6000000000000001,0.37104072398190047,0.8380865001942225,0.8380865001942225,0.07476635514018692
0.0,0.8176698345652895,0.28373543711586047,0.6423898369621666,0.37400747157987746,0.6231306081754733,0.24668951550085594,0.8952702702702704,0.3286918480580452,0.8284758719541327,0.33477846832397734,0.5604715470819386,0.0,0.838831291234684,0.21382978723404267,0.8665242599938963,0.2389307745030842,0.8844953173777317,0.1752207505518748,0.4967845659163987,0.638372093023257,0.4078947368421052,0.39285714285714285,0.6000000000000001,0.3755656108597285,0.6053703390120112,0.6053703390120112,0.08411214953271029
0.0,0.8247096092925024,0.3367580955875613,0.6469590501574978,0.3732121098509704,0.6256231306081754,0.2539336345225105,0.8944658944658921,0.295774647887324,0.8269742679680554,0.32058010654141383,0.564352593023819,0.0,0.838831291234684,0.21158392434988293,0.8622869349143389,0.23646333104866324,0.8844953173777317,0.1803650268054222,0.5005359056806014,0.6403100775193735,0.4078947368421052,0.40476190476190493,0.6000000000000001,0.38009049773755654,0.8703580463529268,0.8703580463529268,0.07476635514018692
0.0,0.8247096092925024,0.3368498302907985,0.6446744435598288,0.37935005289021595,0.6306081754735793,0.2567378096276669,0.8783783783783787,0.2353393085787452,0.8221691352126135,0.306480553327987,0.5595983117450154,0.0,0.8451146716933742,0.21158392434988293,0.8681721086359468,0.23954763536668944,0.8867845993756502,0.18929359823399428,0.5042872454448006,0.6422480620155113,0.4078947368421052,0.41666666666666635,0.6000000000000001,0.3846153846153846,0.7017768469692223,0.7017768469692223,0.08411214953271029
0.0,0.8247096092925024,0.3146500321071475,0.6469590501574978,0.38108538757146904,0.6306081754735793,0.26483875993145123,0.868339768339766,0.2035241753551602,0.825472663981978,0.2918611811204032,0.5617328870130491,0.0,0.8482563619227144,0.21158392434988293,0.8681721086359468,0.23954763536668944,0.8959417273673258,0.19591611479028548,0.5080385852090032,0.6441860465116314,0.4078947368421052,0.42857142857142855,0.6000000000000001,0.3891402714932127,0.7510442337681389,0.7510442337681389,0.09345794392523364
0.0,0.8247096092925024,0.31024676635171233,0.6469590501574978,0.37489120683421995,0.6306081754735793,0.2679545100482934,0.8648648648648651,0.190183525394793,0.8179646440516006,0.2760475140336806,0.564546645320914,0.0,0.8482563619227144,0.2092198581560285,0.8681721086359468,0.2377851757563878,0.8959417273673258,0.1898730684326695,0.5048231511254019,0.6457364341085317,0.41228070175438536,0.42857142857142855,0.5717948717948722,0.3898944193061842,0.23711456994649885,0.23711456994649885,0.09345794392523364
0.0,0.8380851812742021,0.312081460416475,0.6513205718439525,0.3747305276970666,0.6306081754735793,0.2679545100482934,0.8706563706563692,0.2105359429303073,0.8179646440516006,0.26522582770076714,0.5672391209430943,0.0,0.8482563619227144,0.2092198581560285,0.8736649374427827,0.2336531871144618,0.8959417273673258,0.18101545253862983,0.5016077170418006,0.6472868217054213,0.4166666666666672,0.42857142857142855,0.543589743589743,0.3906485671191552,0.81928939196971,0.81928939196971,0.11214953271028037
0.0,0.8447729672650472,0.29364278506558983,0.6469590501574978,0.3773817334600913,0.6306081754735793,0.2679545100482934,0.8819819819819823,0.23363209560392662,0.8179646440516006,0.2553277866880512,0.5578518410711688,0.0,0.8482563619227144,0.20685579196217363,0.8773268233140064,0.22706354646039384,0.8936524453694068,0.17083333333333162,0.4983922829581993,0.6488372093023287,0.42105263157894735,0.42857142857142855,0.5153846153846153,0.3914027149321267,0.9321552710209198,0.9321552710209198,0.09345794392523364
0.0,0.852692713833157,0.29382625447206734,0.6469590501574978,0.37658637173118414,0.6333776448432449,0.2738744352702922,0.8833976833976849,0.24431437107493403,0.8179646440516006,0.24636627906976732,0.5673604036287789,0.0,0.8482563619227144,0.2043735224586276,0.8813548977723524,0.22803289924605874,0.8844953173777317,0.1508593503626614,0.49517684887459806,0.6503875968992361,0.4254385964912275,0.42857142857142855,0.4871794871794876,0.3921568627450982,0.8621942921096105,0.8621942921096105,0.09345794392523364
0.0,0.8630763815557858,0.28079992661223896,0.6469590501574978,0.37693986583292005,0.6389165835825854,0.27730176039881527,0.887927927927928,0.25761843790012784,0.8179646440516006,0.23966018444266218,0.5656139329549323,0.0,0.8482563619227144,0.19940898345153535,0.8873970094598715,0.23499461470674765,0.8605619146722165,0.11603200883002063,0.4919614147909968,0.6519379844961151,0.42982456140350933,0.42857142857142855,0.4589743589743585,0.3929110105580692,0.9614586819792202,0.9614586819792202,0.11214953271028037
0.0,0.8704681450193552,0.26694798642326334,0.6437606009207639,0.3747305276970666,0.6389165835825854,0.27730176039881527,0.8918918918918919,0.2686421559660992,0.8179646440516006,0.23326340359720416,0.5626061223499724,0.0,0.8517122211749955,0.20307328605201058,0.8892279523954829,0.23166552433173382,0.854318418314256,0.10868515452538485,0.48874598070739544,0.653488372093026,0.4342105263157895,0.42857142857142855,0.4307692307692308,0.3936651583710407,0.7913857209179206,0.7913857209179206,0.09345794392523364
0.0,0.877507919746568,0.26162737363544686,0.6389629270656634,0.3728425478355173,0.6389165835825854,0.27730176039881527,0.9009009009009012,0.2806658130601791,0.8179646440516006,0.2262179230152364,0.5626061223499724,0.0,0.8586239396795474,0.2316784869976345,0.8965517241379306,0.22260844022324533,0.854318418314256,0.11272075055187503,0.4989281886388006,0.653488372093026,0.4166666666666672,0.4404761904761907,0.42820512820512774,0.3891402714932127,0.8856011933955561,0.8856011933955561,0.11214953271028037
0.14285714285714285,0.8880675818373807,0.25318778093752814,0.6389629270656634,0.3680382416346428,0.6389165835825854,0.27730176039881527,0.9009009009009012,0.2916285592341912,0.8152344549860107,0.21672370832855942,0.5762868092951041,0.0,0.8586239396795474,0.2537825059101666,0.902044552944766,0.2108978752570252,0.854318418314256,0.111065121412802,0.5091103965702026,0.653488372093026,0.3991228070175433,0.4523809523809521,0.4256410256410261,0.3846153846153846,0.6308350084887249,0.6308350084887249,0.11214953271028037
0.0,0.8880675818373807,0.2515365562792401,0.6368860119768773,0.3572566715316734,0.6389165835825854,0.27730176039881527,0.9009009009009012,0.28297055057618437,0.8179646440516006,0.20958801122694454,0.5627031484985214,0.0,0.8586239396795474,0.2419621749408971,0.9091067614107011,0.2040536571036906,0.854318418314256,0.11703721223588537,0.5192926045016077,0.653488372093026,0.381578947368421,0.46428571428571425,0.4230769230769231,0.38009049773755654,0.42949283462600224,0.42949283462600224,0.102803738317757
0.0,0.8880675818373807,0.19915604073020887,0.6066149745577885,0.2794076295810296,0.6389165835825854,0.2815080230565501,0.8916344916344958,0.19242729101883893,0.8125042659204109,0.20482371978462638,0.5627031484985214,0.0,0.8586239396795474,0.22145390070921978,0.9090021361000913,0.19396847155586006,0.8647242455775233,0.12224061810154363,0.5294748124330129,0.653488372093026,0.3640350877192987,0.4761904761904764,0.42051282051282,0.3755656108597285,0.21583540381968966,0.21583540381968966,0.07476635514018692
0.0,0.8810278071101687,0.15714154664709634,0.6005399979230854,0.26896348566608175,0.6389165835825854,0.27870384795139347,0.8819819819819823,0.14938113529662833,0.8084089823220257,0.1969576984763431,0.5724057633532238,0.0,0.8586239396795474,0.20673758865248226,0.9057064388159897,0.17673553314403345,0.8674000297309366,0.10781299274676726,0.5396570203644148,0.653488372093026,0.34649122807017485,0.4880952380952378,0.4179487179487184,0.37104072398190047,0.7392545575280018,0.7392545575280018,0.08411214953271029
0.0,0.8810278071101687,0.1424639941289798,0.6094707328048712,0.2709719748804955,0.6389165835825854,0.27216077270602845,0.8819819819819823,0.14980793854033303,0.8125042659204109,0.1902172356512774,0.5828845873963033,0.0,0.8586239396795474,0.19940898345153535,0.9057064388159897,0.17786154900616835,0.8647242455775233,0.09732339955849745,0.5498392282958199,0.653488372093026,0.32894736842105265,0.5,0.4153846153846154,0.3665158371040724,0.9229658340844276,0.9229658340844276,0.08411214953271029
0.0,0.8880675818373807,0.1424639941289798,0.6106130361037057,0.2758646546068053,0.6450094161958537,0.2693565976008716,0.8819819819819823,0.15928297055057605,0.8084089823220257,0.18501904570970312,0.5869596856352788,0.0,0.8586239396795474,0.19030732860520194,0.9057064388159897,0.17786154900616835,0.8647242455775233,0.08906890570797588,0.5498392282958199,0.6546511627906995,0.3245614035087725,0.5119047619047621,0.4461538461538462,0.36274509803921584,0.708938760844417,0.708938760844417,0.09345794392523364
0.0,0.8880675818373807,0.15154572974956493,0.6106130361037057,0.2800101763453543,0.6450094161958537,0.26483875993145123,0.8794079794079821,0.16011218828120355,0.8084089823220257,0.18078746133577678,0.5887061563091254,0.0,0.8586239396795474,0.1853427895981099,0.9106499847421419,0.18355037697052778,0.8647242455775233,0.08954194260485493,0.5498392282958199,0.6558139534883729,0.32017543859649067,0.5238095238095235,0.47692307692307695,0.3589743589743588,0.4683188942898013,0.4683188942898013,0.09345794392523364
0.0,0.8880675818373807,0.1587010366021473,0.6106130361037057,0.2850313993813859,0.6450094161958537,0.2679545100482934,0.8522522522522522,0.10055484421681604,0.8084089823220257,0.178102445870088,0.5811381167224567,0.0,0.8586239396795474,0.18404255319148932,0.913945682026243,0.19519240184079134,0.8647242455775233,0.0908427940712706,0.5498392282958199,0.6569767441860463,0.3157894736842105,0.5357142857142857,0.5076923076923077,0.3552036199095023,0.5586373161022384,0.5586373161022384,0.08411214953271029
0.0,0.8880675818373807,0.16879185395835405,0.6094707328048712,0.2869193792429351,0.6361471142129194,0.2567378096276669,0.833204633204631,0.08822632766294936,0.8084089823220257,0.17569667201283073,0.5750254693639936,0.0,0.8649073201382371,0.18167848699763467,0.913945682026243,0.200137080191912,0.8665972944849114,0.09533664459160995,0.5498392282958199,0.6581395348837233,0.31140350877193035,0.5476190476190478,0.5384615384615385,0.3514328808446457,0.9345146575247074,0.9345146575247074,0.07476635514018692
0.0,0.8810278071101687,0.14677552518117754,0.5928761812454553,0.25786859124566563,0.6229228979727486,0.22004985200186855,0.8230630630630633,0.07580025608194618,0.8084089823220257,0.175267069538321,0.5732789986901471,0.0,0.8774740810556076,0.18049645390070923,0.9178691311739788,0.20023499461470506,0.874089490114464,0.11153815830968128,0.5498392282958199,0.6593023255813968,0.3070175438596485,0.5595238095238092,0.5692307692307692,0.34766214177978866,0.23540731704836537,0.23540731704836537,0.11214953271028037
0.0,0.8704681450193552,0.12127327768094742,0.5815362248606721,0.2489991028748173,0.6031904287138583,0.16793893129770887,0.8108108108108112,0.05706969087250968,0.8084089823220257,0.17052425821972722,0.576092756998012,0.0,0.8774740810556076,0.1783687943262411,0.9194385108330789,0.19876627827278948,0.8844953173777317,0.1085816777041928,0.5498392282958199,0.6604651162790738,0.30263157894736836,0.5714285714285714,0.6000000000000001,0.3438914027149321,0.8482769154082037,0.8482769154082037,0.102803738317757
0.0,0.877507919746568,0.11742042014494158,0.5888054276714303,0.25100759208923107,0.5838041431261791,0.11341330425299612,0.8018018018018018,0.04507042253521121,0.8084089823220257,0.1672764635124297,0.576092756998012,0.0,0.8774740810556076,0.17257683215130126,0.9231003967043026,0.19876627827278948,0.8844953173777317,0.10645301166824073,0.5498392282958199,0.6612403100775133,0.30482456140350933,0.5595238095238092,0.6000000000000001,0.34690799396681765,0.5924416445023037,0.5924416445023037,0.12149532710280375
0.0,0.8704681450193552,0.11934684891294445,0.5888054276714303,0.2552655892237873,0.5677412207820949,0.09783455366879434,0.8018018018018018,0.06139869520151087,0.8084089823220257,0.1636076583801121,0.5737156163586087,0.0,0.8774740810556076,0.17021276595744683,0.9231003967043026,0.19499657299520212,0.8844953173777317,0.10560154525386167,0.5498392282958199,0.6620155038759776,0.3070175438596485,0.5476190476190478,0.6000000000000001,0.34992458521870273,0.7730549783427568,0.7730549783427568,0.11214953271028037
0.0,0.877507919746568,0.12503440051371584,0.5888054276714303,0.2596681975817796,0.5649717514124293,0.10110609129147696,0.8018018018018018,0.06658130601792567,0.8084089823220257,0.15911401649673546,0.5771600446320274,0.0,0.8774740810556076,0.17021276595744683,0.9274161907668192,0.1901498090668745,0.887765720231904,0.11390334279406855,0.5498392282958199,0.6627906976744171,0.3092105263157895,0.5357142857142857,0.6000000000000001,0.3529411764705882,0.7940441608870156,0.7940441608870156,0.11214953271028037
0.0,0.877507919746568,0.1314558297403915,0.5916092630412924,0.2696865417832708,0.5533399800598204,0.07618009035675355,0.804375804375802,0.09664044875312405,0.7998088867654085,0.15515737770649546,0.5653228545092912,0.0,0.8831291234684262,0.17021276595744683,0.9231003967043026,0.1725839616175462,0.8959417273673258,0.12927704194260325,0.5498392282958199,0.6635658914728602,0.31140350877193035,0.5238095238095235,0.6000000000000001,0.35595776772247373,0.993726557615895,0.993726557615895,0.11214953271028037
0.0,0.8704681450193552,0.13494174846344542,0.5815362248606721,0.266922860624239,0.5203832945607589,0.03396167627355973,0.8198198198198201,0.12462654716175825,0.8071803972425127,0.15309958185359201,0.5538737689807394,0.0,0.8803016022620171,0.16891252955082603,0.9204847639391454,0.15308920003916704,0.8959417273673258,0.13424392935982188,0.5498392282958199,0.6643410852713281,0.31359649122806965,0.5119047619047621,0.6000000000000001,0.3589743589743588,0.26139339463535005,0.26139339463535005,0.11214953271028037
0.0,0.8669482576557546,0.1354462893312547,0.5773823946830923,0.26723618494168866,0.5203832945607589,0.0560835021031314,0.8319176319176302,0.14480824339979081,0.8084089823220257,0.15064655172413793,0.5517391937127056,0.0,0.8859566446748348,0.16394799054373388,0.913945682026243,0.13776559287182977,0.8959417273673258,0.13714128035319928,0.5498392282958199,0.6651162790697676,0.3157894736842105,0.5,0.6000000000000001,0.36199095022624433,0.9981757568387107,0.9981757568387107,0.102803738317757
0.0,0.8669482576557546,0.13778552426382973,0.5742670220499138,0.27372762208267,0.5234297108673978,0.05764137716155027,0.8438867438867479,0.15861837692823744,0.8084089823220257,0.14940500057280365,0.5604715470819386,0.0,0.8859566446748348,0.15957446808510634,0.913945682026243,0.1331146577890916,0.8959417273673258,0.13017384105960272,0.5487674169346206,0.6658914728682106,0.3223684210526315,0.5,0.6000000000000001,0.36576168929110087,0.5431562192370152,0.5431562192370152,0.09345794392523364
0.0,0.8669482576557546,0.139436748922118,0.5742670220499138,0.28165713750117216,0.5173368782541292,0.04829412681102818,0.8558558558558562,0.1724285104566794,0.8084089823220257,0.14944366479550913,0.5567845534371505,0.0,0.8859566446748348,0.1572104018912518,0.913945682026243,0.1354352296093213,0.8959417273673258,0.12447571743929209,0.5476956055734179,0.6666666666666785,0.32894736842105265,0.5,0.6000000000000001,0.3695324283559579,0.5472790293627205,0.5472790293627205,0.09345794392523364
0.0,0.8669482576557546,0.13329052380515705,0.5662708989580794,0.25972443527978306,0.5203832945607589,0.06387287739522995,0.861861861861865,0.17498932991890737,0.8084089823220257,0.14622594226142732,0.5617328870130491,0.0,0.8859566446748348,0.15602836879432624,0.913945682026243,0.13120532654459893,0.8959417273673258,0.1358995584988949,0.5466237942122186,0.667441860465118,0.3355263157894737,0.5,0.6000000000000001,0.3733031674208145,0.14610218031130032,0.14610218031130032,0.09345794392523364
0.0,0.8592045054558286,0.12026419594532578,0.5611824569905486,0.25811764390825154,0.5087515232081501,0.03863530144882099,0.8648648648648651,0.1792573623559539,0.8084089823220257,0.14412089013632706,0.5481492262164663,0.0,0.8859566446748348,0.15366430260047148,0.9108559658223983,0.14050719671007528,0.8959417273673258,0.13449227373068262,0.5455519828510194,0.668217054263561,0.3421052631578947,0.5,0.6000000000000001,0.377073906485671,0.45371466725296467,0.45371466725296467,0.09345794392523364
0.0,0.8669482576557546,0.12017246124208858,0.5524594136176384,0.2596681975817796,0.49573501717071267,0.010905125408940508,0.8648648648648651,0.187793427230047,0.8111391713876157,0.14412089013632706,0.5354388007568041,0.0,0.8859566446748348,0.15248226950354604,0.9090021361000913,0.15202193283070597,0.8959417273673258,0.12224061810154363,0.5444801714898166,0.6689922480620218,0.3486842105263158,0.5,0.6000000000000001,0.38084464555052805,0.2741768110381602,0.2741768110381602,0.09345794392523364
0.0,0.8592045054558286,0.12017246124208858,0.5524594136176384,0.2672763547259749,0.48465713969203184,0.004362050163575271,0.8648648648648651,0.19504908237302598,0.8141423793597709,0.14045208500400946,0.541260369669626,0.0,0.8859566446748348,0.1495567375886525,0.913945682026243,0.15602663272299844,0.8959417273673258,0.11575607064017346,0.5434083601286174,0.6697674418604684,0.35526315789473684,0.5,0.6000000000000001,0.3846153846153846,0.5101798518092704,0.5101798518092704,0.08411214953271029
0.0,0.8553326293558603,0.12586001284286008,0.5524594136176384,0.2747961383447376,0.48188767032236623,0.0,0.8648648648648651,0.19760990183525395,0.816599549518805,0.1399322660098526,0.5403871343327027,0.0,0.8859566446748348,0.14858156028368796,0.9157766249618549,0.1561343385880738,0.8921262573707904,0.1059602649006619,0.5418006430868167,0.6713178294573723,0.353070175438596,0.5119047619047621,0.5717948717948722,0.38084464555052805,0.7043410975984569,0.7043410975984569,0.08411214953271029
0.0,0.8553326293558603,0.13503348316668262,0.5524594136176384,0.2800905159139295,0.49296554780103863,0.024614425923037864,0.8675675675675676,0.20230473751600497,0.8179646440516006,0.13834703287890932,0.5365060883908224,0.0,0.8859566446748348,0.14503546099290776,0.9259775927459808,0.15494957407226173,0.8913631633714878,0.08887969094922599,0.540192926045016,0.6728682170542584,0.3508771929824567,0.5238095238095235,0.543589743589743,0.377073906485671,0.8289360038124377,0.8289360038124377,0.07476635514018692
0.0,0.8669482576557546,0.1424639941289798,0.5510055730554868,0.28671853032149275,0.5087515232081501,0.05281196448044878,0.8729729729729729,0.20230473751600497,0.8224694560098322,0.13542144002749484,0.5326250424489392,0.0,0.8859566446748348,0.14503546099290776,0.9331705828501673,0.15387251542152147,0.8803329864724245,0.0783664459161133,0.5385852090032155,0.6744186046511622,0.3486842105263158,0.5357142857142857,0.5153846153846153,0.3733031674208145,0.6550727939840831,0.6550727939840831,0.08411214953271029
0.0,0.8592045054558286,0.1404458306577394,0.5451902108068802,0.28856634039875295,0.5203832945607589,0.0839694656488521,0.8729729729729729,0.20372741499501923,0.8179646440516006,0.133595629510826,0.5268034735361171,0.0,0.8831291234684262,0.14503546099290776,0.9331705828501673,0.1544110447468916,0.874089490114464,0.07133002207505368,0.5369774919614148,0.6759689922480732,0.34649122807017485,0.5476190476190478,0.4871794871794876,0.3695324283559579,0.8437190885739649,0.8437190885739649,0.4485981308411215
0.14285714285714285,0.8553326293558603,0.15530685258233345,0.5422825296825766,0.30021557784234754,0.5317381189764041,0.09612089110453037,0.8789789789789821,0.2091335894152797,0.8179646440516006,0.1333593481498449,0.5189443555038074,0.0,0.8774740810556076,0.1473995271867624,0.9368324687213909,0.16093214530500322,0.8684703433922996,0.06884657836644448,0.5353697749196141,0.6775193798449557,0.34429824561403555,0.5595238095238092,0.4589743589743585,0.36576168929110087,0.6069125104030814,0.6069125104030814,0.5233644859813085
0.0,0.8630763815557858,0.2541968626731498,0.5379210079961216,0.3323514052729528,0.5317381189764041,0.11169964168873658,0.8819819819819823,0.21895006402048645,0.8179646440516006,0.13227245388933434,0.5168097802357736,0.0,0.8774740810556076,0.14988179669030854,0.9397096647630696,0.16792323509252904,0.8647242455775233,0.06644591611478878,0.5337620578778135,0.6790697674418631,0.3421052631578947,0.5714285714285714,0.4307692307692308,0.36199095022624433,0.21666837828450988,0.21666837828450988,0.4205607476635514
0.14285714285714285,0.8704681450193552,0.36519585359141304,0.5379210079961216,0.43325288218202307,0.5400465270854102,0.13919613646985396,0.8819819819819823,0.22492530943235156,0.8209678520237553,0.1339822717378853,0.5130257604424393,0.0,0.8774740810556076,0.15248226950354604,0.9423252975282268,0.17374914324880053,0.8647242455775233,0.06346578366445765,0.5267952840300096,0.680232558139533,0.353070175438596,0.5595238095238092,0.4589743589743585,0.36349924585218685,0.3054475389021594,0.3054475389021594,0.102803738317757
0.14285714285714285,0.877507919746568,0.3561141179708278,0.530132576413163,0.46089471499538004,0.5450315719508143,0.1726125564729697,0.8819819819819823,0.27628396642481,0.8283393625008502,0.14811619314927266,0.4967253674865377,0.0,0.8774740810556076,0.14858156028368796,0.9311565456209947,0.1328307059629883,0.854318418314256,0.06412803532008682,0.5128617363344051,0.682558139534887,0.375,0.5357142857142857,0.5153846153846153,0.3665158371040724,0.5485245689201662,0.5485245689201662,0.09345794392523364
0.0,0.8704681450193552,0.26437941473259396,0.488054276714319,0.3304714593682636,0.5558325024925224,0.19317650724411783,0.8525525525525499,0.15364916773367487,0.8399426660296225,0.15190958299919793,0.49866589045747933,0.0,0.8774740810556076,0.14503546099290776,0.9204847639391454,0.1291491236659148,0.8577870274020085,0.08140176600441218,0.5058949624866013,0.6837209302325604,0.3859649122807012,0.5238095238095235,0.543589743589743,0.36802413273001494,0.7040213476704288,0.7040213476704288,0.09345794392523364
0.0,0.8518127419922596,0.17906614072103544,0.4797673855100544,0.3037906886440037,0.5558325024925224,0.19317650724411783,0.8225225225225226,0.08564518423673495,0.8475871954132821,0.14407792988887663,0.4945907922185039,0.0,0.8711907005969179,0.14054373522458496,0.913945682026243,0.1218642906100067,0.8595213319458896,0.077745584988961,0.4989281886388006,0.6848837209302339,0.396929824561404,0.5119047619047621,0.5717948717948722,0.3695324283559579,0.32753149318206154,0.32753149318206154,0.08411214953271029
0.0,0.8447729672650472,0.14787634162003638,0.48107584201599085,0.2956603243040591,0.558878918799161,0.1947343823025367,0.8225225225225226,0.08550291648883035,0.8475871954132821,0.1353999599037689,0.4909037985737157,0.0,0.8680490103675778,0.1371158392434998,0.9127686472819247,0.11446196024674404,0.854318418314256,0.06015452538631205,0.4919614147909968,0.6860465116279038,0.4078947368421052,0.5,0.6000000000000001,0.37104072398190047,0.7057900334917064,0.7057900334917064,0.08411214953271029
0.0,0.8447729672650472,0.13218970736629831,0.48630966803973696,0.2931858655919023,0.5649717514124293,0.20065430752453572,0.8279279279279279,0.09688433632095594,0.8434919118148974,0.13054545194180373,0.4870227526318353,0.0,0.8617656299088876,0.13215130023640786,0.9111992676228255,0.10932145305003416,0.8439125910509884,0.05518763796909343,0.4882100750267942,0.6872093023255843,0.40350877192982504,0.4880952380952378,0.6000000000000001,0.36199095022624433,0.7326648408243762,0.7326648408243762,0.07476635514018692
0.0,0.8447729672650472,0.12732776809467083,0.48630966803973696,0.30021557784234754,0.5649717514124293,0.20377005764137768,0.8279279279279279,0.10413999146393516,0.8475871954132821,0.1287540096230953,0.511958472808421,0.0,0.8586239396795474,0.1284869976359324,0.9057064388159897,0.10623714873200818,0.8528318715623622,0.056370230211287176,0.48445873526259486,0.6883720930232577,0.3991228070175433,0.4761904761904764,0.6000000000000001,0.3529411764705882,0.701007117401402,0.701007117401402,0.07476635514018692
0.0,0.8447729672650472,0.1287037886432444,0.48070199730000596,0.309816156287242,0.5649717514124293,0.20719738276990096,0.8279279279279279,0.10684307867406284,0.8475871954132821,0.1276375801924618,0.5373793237277457,0.0,0.8586239396795474,0.13085106382978728,0.9057064388159897,0.1026045236463331,0.854318418314256,0.05518763796909343,0.48070739549839225,0.6895348837209347,0.39473684210526316,0.46428571428571425,0.6000000000000001,0.3438914027149321,0.6141565774170433,0.6141565774170433,0.07476635514018692
0.0,0.8352692713833154,0.13310705439867976,0.4797673855100544,0.32017996063361187,0.5649717514124293,0.21140364542763557,0.8279279279279279,0.11509460805235605,0.8475871954132821,0.12908480352846824,0.5326250424489392,0.0,0.8586239396795474,0.13085106382978728,0.9057064388159897,0.09794379712131573,0.854318418314256,0.05518763796909343,0.47695605573419064,0.6906976744186082,0.390350877192983,0.4523809523809521,0.6000000000000001,0.334841628959276,0.8352657079731197,0.8352657079731197,0.07476635514018692
0.14285714285714285,0.8352692713833154,0.13861113659297386,0.47457509778808205,0.3192962253792694,0.5649717514124293,0.21140364542763557,0.8279279279279279,0.1212121212121211,0.8437649307214523,0.12743083400160377,0.514966283413381,0.0,0.8517122211749955,0.1284869976359324,0.9057064388159897,0.08670322138450981,0.8501560874089489,0.04334988962472264,0.47320471596998936,0.6918604651162781,0.3859649122807012,0.4404761904761907,0.6000000000000001,0.3257918552036199,0.7502087941246481,0.7502087941246481,0.06542056074766356
0.0,0.8352692713833154,0.139436748922118,0.4652289798885376,0.318492829693505,0.5649717514124293,0.2165446331204226,0.8279279279279279,0.12405747617015339,0.8380315336837076,0.12723751288807478,0.4695580458933693,0.0,0.8482563619227144,0.12411347517730498,0.8988404028074455,0.07359492803289913,0.837371785342653,0.0344331441185719,0.46945337620578775,0.6930232558139551,0.381578947368421,0.42857142857142855,0.6000000000000001,0.3167420814479638,0.033393912479360605,0.033393912479360605,0.09345794392523364
0.0,0.8282294966561035,0.13778552426382973,0.46408667658970315,0.3205013189079188,0.5649717514124293,0.2181025081788417,0.8279279279279279,0.1297481860862142,0.8361204013377923,0.12574679230152358,0.4480182409159269,0.0,0.8482563619227144,0.12411347517730498,0.8965517241379306,0.059172949508796924,0.8262226847034337,0.028283664459159752,0.4640943193997855,0.6949612403100716,0.3859649122807012,0.42857142857142855,0.6000000000000001,0.31447963800904977,0.6277442272728148,0.6277442272728148,0.07476635514018692
0.0,0.8247096092925024,0.1404458306577394,0.45577901623455164,0.3224294685537543,0.5649717514124293,0.2240224334008405,0.8279279279279279,0.13515436050647467,0.8325711555525175,0.12618498682552465,0.43152379566293114,0.0,0.838831291234684,0.12411347517730498,0.8947207812023183,0.06579849211788891,0.8220603537981266,0.03267108167770272,0.45873526259378355,0.6968992248062129,0.390350877192983,0.42857142857142855,0.6000000000000001,0.31221719457013575,0.5003924353229237,0.5003924353229237,0.06542056074766356
0.0,0.8247096092925024,0.14411521878726785,0.44996365398594484,0.3401845132091653,0.5649717514124293,0.2254245209534187,0.8279279279279279,0.1394223929435212,0.8284758719541327,0.12541599839615064,0.42007471013438136,0.0,0.838831291234684,0.12411347517730498,0.89350015257858,0.08795978981037345,0.8220603537981266,0.034492273730682754,0.4533762057877813,0.6988372093023294,0.39473684210526316,0.42857142857142855,0.6000000000000001,0.30995475113122173,0.5579677443731762,0.5579677443731762,0.06542056074766356
0.14285714285714285,0.8176698345652895,0.1424639941289798,0.4473467409740721,0.354035054831756,0.5649717514124293,0.22885184608194176,0.8225225225225226,0.1394223929435212,0.8284758719541327,0.12343553098865817,0.4103720952796778,0.011459386585776846,0.838831291234684,0.12411347517730498,0.8904485810192209,0.10029700708247757,0.8220603537981266,0.034492273730682754,0.4480171489817791,0.7007751937984423,0.3991228070175433,0.42857142857142855,0.6000000000000001,0.3076923076923077,0.9794501467132829,0.9794501467132829,0.06542056074766356
0.0,0.8176698345652895,0.14411521878726785,0.44529059503617274,0.35468580533722704,0.5649717514124293,0.23477177130394056,0.8198198198198201,0.14255228339735382,0.8284758719541327,0.12096531676022443,0.4024159510988211,0.024199528142905255,0.838831291234684,0.12730496453900708,0.8873970094598715,0.11720356408498978,0.8220603537981266,0.03697571743929218,0.4426580921757771,0.7027131782945837,0.40350877192982504,0.42857142857142855,0.6000000000000001,0.30542986425339363,0.4727196012638285,0.4727196012638285,0.06542056074766356
0.0,0.8141499472016893,0.14888542335565524,0.4390598497698075,0.3574093167119696,0.5649717514124293,0.23819909643246362,0.8198198198198201,0.1453976383553861,0.8239710599959003,0.11941874785198808,0.39387765002668235,0.03798449612403104,0.838831291234684,0.12730496453900708,0.8873970094598715,0.13056888279643575,0.8220603537981266,0.03863134657836498,0.4372990353697748,0.7046511627907002,0.4078947368421052,0.42857142857142855,0.6000000000000001,0.3031674208144796,0.27153377086743036,0.27153377086743036,0.06542056074766356
0.0,0.8141499472016893,0.1507201174204208,0.4361521686455041,0.36288044133202957,0.5649717514124293,0.2399127589967276,0.8198198198198201,0.1510883482714469,0.8342092689918774,0.12688953488372084,0.3845146266918935,0.049216380182002015,0.8360037700282754,0.13085106382978728,0.8806835520292977,0.12782727895819046,0.8167087854913009,0.03922264269946174,0.430332261521972,0.706201550387604,0.4407894736842105,0.40476190476190493,0.6000000000000001,0.3190045248868778,0.6007936418940748,0.6007936418940748,0.06542056074766356
0.0,0.8141499472016893,0.1507201174204208,0.4288829658347455,0.3659012091105074,0.5649717514124293,0.2399127589967276,0.8198198198198201,0.15364916773367487,0.8312060610197227,0.12818263833199678,0.3703973220783001,0.06471183013144591,0.8303487276154569,0.13345153664302467,0.8773268233140064,0.12662782727895805,0.8126951092611863,0.04277041942604698,0.4233654876741694,0.7077519379844901,0.4736842105263158,0.38095238095238065,0.6000000000000001,0.334841628959276,0.4472846459693558,0.4472846459693558,0.05607476635514019
0.0,0.8141499472016893,0.15237134207870917,0.4288829658347455,0.37276220826694195,0.5649717514124293,0.2399127589967276,0.8198198198198201,0.1591976099018353,0.8284758719541327,0.12842321571772247,0.3607917333721438,0.07475564543309737,0.8303487276154569,0.1359338061465708,0.8773268233140064,0.13456705506054467,0.8126951092611863,0.04351545253862987,0.41639871382636656,0.7093023255813939,0.506578947368421,0.3571428571428571,0.6000000000000001,0.3506787330316742,0.0750751082666197,0.0750751082666197,0.06542056074766356
0.0,0.8141499472016893,0.156224199614715,0.4272837412163788,0.37765488799325175,0.5649717514124293,0.24302850911356955,0.8138138138138109,0.16232750035566768,0.8209678520237553,0.1279033967235655,0.35477611216222765,0.08426019548365349,0.8303487276154569,0.13829787234042556,0.8742752517546561,0.14359150102810125,0.8082354690055047,0.046495584988961,0.4094319399785637,0.7108527131783049,0.5394736842105263,0.33333333333333354,0.6000000000000001,0.3665158371040724,0.04707476849113201,0.04707476849113201,0.05607476635514019
0.0,0.6768743400211192,0.20576093936336182,0.44472982796219895,0.3732121098509704,0.5399278355409938,0.22101796007388752,0.7657657657657662,0.2518139137857449,0.7520305781175345,0.11668003207698469,0.5450443894629603,0.0,0.7675149230285856,0.20177304964539,0.7653341470857513,0.2193283070596297,0.8584807492195627,0.25179359823399405,0.47749196141479094,0.7616279069767415,0.49780701754385914,0.29761904761904784,0.6000000000000001,0.4268476621417796,0.19393728596034085,0.19393728596034085,0.09345794392523364
0.0,0.6768743400211192,0.20658655169250595,0.4551559417079174,0.3732844154626884,0.547524094383516,0.23140676117775283,0.7657657657657662,0.24640773936548444,0.7520305781175345,0.11555232558139522,0.5460631640227042,0.0,0.7737983034872762,0.19940898345153535,0.7766249618553545,0.2224126113776559,0.854318418314256,0.24455022075055055,0.48231511254019294,0.7627906976744221,0.48684210526315785,0.2857142857142857,0.6000000000000001,0.4253393665158371,0.5494034465674174,0.5494034465674174,0.08411214953271029
0.14285714285714285,0.6768743400211192,0.2102559398220344,0.46043130603343707,0.3732121098509704,0.5534586716042373,0.2417822090668318,0.7657657657657662,0.24768814909659853,0.7520305781175345,0.11555232558139522,0.5549410566147577,0.0,0.7737983034872762,0.19716312056737584,0.7766249618553545,0.2224126113776559,0.8522372528616022,0.23457505518763666,0.4855305466237942,0.7627906976744221,0.48026315789473684,0.29761904761904784,0.6000000000000001,0.4245852187028656,0.5712641470851402,0.5712641470851402,0.08411214953271029
0.0,0.6698345652939068,0.21566828731309118,0.47561355533247496,0.3752527348928131,0.5558325024925224,0.24879264682972346,0.7657657657657662,0.25878503343291936,0.7520305781175345,0.11555232558139522,0.5704652403822821,0.0,0.7737983034872762,0.19267139479905326,0.785779676533414,0.2181859721270285,0.8483722313066695,0.2222287921791224,0.48874598070739544,0.7627906976744221,0.4736842105263158,0.30952380952380926,0.6000000000000001,0.4238310708898946,0.30372729922109487,0.30372729922109487,0.09345794392523364
0.14285714285714285,0.6768743400211192,0.22117236950738528,0.481948146353282,0.3738869622270131,0.5610549304467509,0.25560278637081857,0.7657657657657662,0.2663252240717029,0.7520305781175345,0.11555232558139522,0.5741522340270704,0.0,0.7737983034872762,0.1914893617021276,0.785779676533414,0.21133196253141517,0.8501560874089489,0.21330022075055033,0.4919614147909968,0.7627906976744221,0.4671052631578947,0.3214285714285714,0.6000000000000001,0.4230769230769231,0.10787404407530206,0.10787404407530206,0.08411214953271029
0.0,0.6733544526575181,0.22585083937253514,0.4873481255841301,0.3744493392070488,0.5649717514124293,0.2612244897959177,0.7717717717717749,0.2691705790297352,0.7520305781175345,0.11555232558139522,0.5753165478096347,0.0,0.7737983034872762,0.18912529550827295,0.7958498626792792,0.206762622801004,0.8439125910509884,0.2017108167770405,0.49517684887459806,0.7627906976744221,0.4605263157894737,0.33333333333333354,0.6000000000000001,0.42232277526395157,0.41206824152307603,0.41206824152307603,0.09345794392523364
0.0,0.6663146779303062,0.22750206403082351,0.4958634774481643,0.37693986583292005,0.5649717514124293,0.2666191885696487,0.7747747747747746,0.276781903542467,0.7520305781175345,0.11555232558139522,0.5714355018677544,0.0,0.7737983034872762,0.1879432624113475,0.8019530057979876,0.19990861320539066,0.8439125910509884,0.19500551876379535,0.4983922829581993,0.7627906976744221,0.45394736842105265,0.34523809523809496,0.6000000000000001,0.4215686274509805,0.8126134189298697,0.8126134189298697,0.09345794392523364
0.14285714285714285,0.6733544526575181,0.23052930923768522,0.5088441967530881,0.37219983128690637,0.5649717514124293,0.2679545100482934,0.7747747747747746,0.2775643761559239,0.7520305781175345,0.11555232558139522,0.5858923980012605,0.0,0.7737983034872762,0.1853427895981099,0.8080561489166884,0.19750970984692584,0.8439125910509884,0.19136313465783505,0.5016077170418006,0.7627906976744221,0.4473684210526315,0.3571428571428571,0.6000000000000001,0.42081447963800905,0.7822473662280603,0.7822473662280603,0.07476635514018692
0.0,0.674234424498416,0.23321254930740365,0.5088441967530881,0.37219983128690637,0.5649717514124293,0.2710925155231132,0.7747747747747746,0.27187366623986353,0.7520305781175345,0.11574564669492421,0.5858923980012605,0.0,0.7737983034872762,0.18404255319148932,0.8196521208422332,0.192940370116518,0.8439125910509884,0.18565121412803398,0.5053590568060032,0.7627906976744221,0.4407894736842105,0.3571428571428571,0.6000000000000001,0.42006033182503755,0.11418092286117136,0.11418092286117136,0.08411214953271029
0.0,0.6768743400211192,0.23575818732226472,0.5132057184395431,0.3715812166088671,0.5682951146560318,0.278984265461909,0.7828828828828829,0.26774790155071715,0.7520305781175345,0.11609362469927825,0.5889002086062204,0.0,0.7800816839459659,0.18404255319148932,0.8169057064388152,0.19191226867717615,0.835736583915567,0.17935982339955703,0.5091103965702026,0.7627906976744221,0.4342105263157895,0.3571428571428571,0.6000000000000001,0.41930618401206654,0.6164928900720297,0.6164928900720297,0.07476635514018692
0.0,0.6768743400211192,0.23511604439959788,0.5179826231437568,0.36729911760373923,0.5709063286331506,0.28177508735227974,0.7828828828828829,0.26774790155071715,0.7520305781175345,0.11645449077786679,0.5986028234609228,0.0,0.7832233741753061,0.18286052009456388,0.8169057064388152,0.1893991318254522,0.8324661810613943,0.1752207505518748,0.5128617363344051,0.7627906976744221,0.42763157894736836,0.3571428571428571,0.6000000000000001,0.418552036199095,0.07851314760020997,0.07851314760020997,0.09345794392523364
0.0,0.6768743400211192,0.24043665718741458,0.5161133995638463,0.3596588246321121,0.5732801595214356,0.28664901074933713,0.7828828828828829,0.2647602788447845,0.7501194457716196,0.11579290296712103,0.6033571047397265,0.0,0.7832233741753061,0.18049645390070923,0.8141592920353973,0.1881425633995888,0.837371785342653,0.1745703248186672,0.5166130760986076,0.7627906976744221,0.42105263157894735,0.3571428571428571,0.6000000000000001,0.41779788838612353,0.9685223184537606,0.9685223184537606,0.08411214953271029
0.0,0.6768743400211192,0.23236400330245077,0.5217210703035771,0.3588634629032049,0.5732801595214356,0.2879843322279818,0.7888888888888921,0.26163038839095165,0.7488453575410128,0.11377305533279919,0.5915199146169903,0.0,0.7832233741753061,0.17730496453900702,0.8141592920353973,0.18608636052090466,0.8370447450572323,0.1706677704194246,0.5203644158628071,0.7627906976744221,0.4144736842105263,0.3571428571428571,0.6000000000000001,0.41704374057315247,0.16144181001322597,0.16144181001322597,0.07476635514018692
0.0,0.683210137275607,0.22685992110815678,0.5213472255875924,0.3570156528259446,0.5782652043868395,0.28758373578438934,0.7828828828828829,0.2518139137857449,0.7520305781175345,0.11239474739374494,0.6052006015621221,0.0,0.7832233741753061,0.17730496453900702,0.8260604211168743,0.1850582590815626,0.8324661810613943,0.16730477373068298,0.5241157556270096,0.7627906976744221,0.4078947368421052,0.3571428571428571,0.6000000000000001,0.41628959276018096,0.2795618951067691,0.2795618951067691,0.09345794392523364
0.0,0.6863780359028506,0.22034675717824115,0.5161133995638463,0.3572566715316734,0.5815885676304418,0.2913226359245982,0.7888888888888921,0.2518139137857449,0.7520305781175345,0.11239474739374494,0.6073351768301558,0.0,0.7832233741753061,0.17553191489361697,0.8315532499237102,0.1850582590815626,0.8324661810613943,0.1597287921791224,0.5310825294748135,0.7616279069767415,0.39473684210526316,0.3571428571428571,0.6000000000000001,0.4132730015082955,0.8748044287609682,0.8748044287609682,0.09345794392523364
0.0,0.6863780359028506,0.22199798183652952,0.5226556820935289,0.3665760614865502,0.5815885676304418,0.2878174170431522,0.7918918918918922,0.2478304168445027,0.7520305781175345,0.1134973937449873,0.6208218114781925,0.0,0.7832233741753061,0.17257683215130126,0.8329918479445491,0.18451972975619246,0.8324661810613943,0.15452538631346413,0.5380493033226141,0.7604651162790717,0.381578947368421,0.3571428571428571,0.6000000000000001,0.41025641025641035,0.9031901377202337,0.9031901377202337,0.08411214953271029
0.0,0.6863780359028506,0.22300706357215094,0.5268095122711081,0.3687452298381174,0.5815885676304418,0.2913226359245982,0.7858858858858826,0.23929435197040982,0.7520305781175345,0.11404871692060942,0.6225682821520391,0.0,0.7832233741753061,0.17021276595744683,0.8416234360695753,0.19040438656614112,0.835736583915567,0.15192368338063744,0.545016077170418,0.7593023255813982,0.36842105263157887,0.3571428571428571,0.6000000000000001,0.4072398190045249,0.41711152994293343,0.41711152994293343,0.2336448598130841
0.0,0.6863780359028506,0.22502522704339123,0.5315241095226542,0.3686006186146785,0.5815885676304418,0.2913226359245982,0.7858858858858826,0.2377294067434912,0.7520305781175345,0.11404871692060942,0.6265463542424684,0.0,0.7917059377945332,0.16631205673758864,0.8416234360695753,0.19191226867717615,0.8324661810613943,0.15767108167770272,0.5519828510182219,0.7581395348837212,0.35526315789473684,0.3571428571428571,0.6000000000000001,0.4042232277526393,0.18969534152273373,0.18969534152273373,0.14018691588785048
0.14285714285714285,0.6969376979936641,0.22667645170167927,0.5379210079961216,0.36577266580078593,0.5815885676304418,0.2913226359245982,0.7918918918918922,0.2377294067434912,0.7456601369644817,0.11404871692060942,0.6362489690971708,0.0,0.7917059377945332,0.16394799054373388,0.8416234360695753,0.1850582590815626,0.835736583915567,0.2086289813938822,0.5589496248660225,0.7569767441860478,0.3421052631578947,0.3571428571428571,0.6000000000000001,0.40120663650075433,0.5192515831010767,0.5192515831010767,0.06542056074766356
0.0,0.6969376979936641,0.22300706357215094,0.5379210079961216,0.3596588246321121,0.5815885676304418,0.2923742015890318,0.7918918918918922,0.23488405178545868,0.7520305781175345,0.11404871692060942,0.6401300150390541,0.0,0.794847628023873,0.1606382978723404,0.8468547015998986,0.18309997062567152,0.8439125910509884,0.25344922737306685,0.5659163987138263,0.7558139534883708,0.32894736842105265,0.3571428571428571,0.6000000000000001,0.3981900452488688,0.7432243614701648,0.7432243614701648,0.06542056074766356
0.0,0.6969376979936641,0.21759471608109415,0.5367787046972872,0.3523961276327954,0.5815885676304418,0.2955288985823332,0.7858858858858826,0.22919334186939833,0.7520305781175345,0.1134973937449873,0.6349148595546501,0.0,0.794847628023873,0.15827423167848564,0.8507781507476344,0.18300205620287846,0.8439125910509884,0.25067013560390716,0.5669882100750258,0.7546511627907009,0.3267543859649117,0.34523809523809496,0.6000000000000001,0.39668174962292624,0.9808460821965987,0.9808460821965987,0.07476635514018692
0.0,0.6969376979936641,0.21759471608109415,0.524254906711896,0.32878432842815675,0.5815885676304418,0.2955288985823332,0.7858858858858826,0.22791293213828423,0.7520305781175345,0.11239474739374494,0.6227623344491341,0.0,0.794847628023873,0.15602836879432624,0.8442390688347325,0.1816312542837557,0.8439125910509884,0.24119757174392786,0.5680600214362282,0.7534883720930274,0.3245614035087725,0.33333333333333354,0.6000000000000001,0.3951734539969832,0.6080437735829017,0.6080437735829017,0.07476635514018692
0.0,0.6969376979936641,0.2157600220163285,0.5207864585136182,0.31776977357631575,0.5815885676304418,0.2888689827075861,0.7918918918918922,0.22193768672641911,0.7520305781175345,0.11049017642341558,0.6208218114781925,0.0,0.794847628023873,0.1510638297872341,0.8462007934086047,0.17631939684715547,0.8439125910509884,0.2277278461053267,0.5691318327974276,0.7523255813953504,0.3223684210526315,0.3214285714285714,0.6000000000000001,0.3936651583710407,0.7062052307319339,0.7062052307319339,0.05607476635514019
0.0,0.6969376979936641,0.21209063388679994,0.5255633632178323,0.32439778798387897,0.5815885676304418,0.2595419847328235,0.7828828828828829,0.21510883482714482,0.7520305781175345,0.10938753007217322,0.6247028574200757,0.0,0.794847628023873,0.14858156028368796,0.8507781507476344,0.1747772446881426,0.8439125910509884,0.20874724061810013,0.570203644158627,0.751162790697677,0.32017543859649067,0.30952380952380926,0.6000000000000001,0.3921568627450982,0.5578247784483138,0.5578247784483138,0.08411214953271029
0.14285714285714285,0.7008095740936324,0.2157600220163285,0.5299248849042875,0.32761137072693924,0.5760496288911017,0.2445863841719884,0.7828828828828829,0.21510883482714482,0.7520305781175345,0.10893644747393744,0.628583903361956,0.0,0.8011310084825636,0.14858156028368796,0.8507781507476344,0.1726231273866654,0.8439125910509884,0.19757174392935828,0.5712754555198296,0.75,0.31798245614035137,0.29761904761904784,0.6000000000000001,0.3906485671191552,0.6397245219516429,0.6397245219516429,0.08411214953271029
0.0,0.7085533262935584,0.2157600220163285,0.5284710443421359,0.33272096728840606,0.5815885676304418,0.2454276367035355,0.7828828828828829,0.211978944373312,0.7520305781175345,0.10803428227746587,0.6266433803910145,0.0,0.8011310084825636,0.1473995271867624,0.8507781507476344,0.16946538725154214,0.8439125910509884,0.1874724061810138,0.572347266881029,0.7488372093023266,0.3157894736842105,0.2857142857142857,0.6000000000000001,0.3891402714932127,0.11609602203835641,0.11609602203835641,0.08411214953271029
0.0,0.7085533262935584,0.21768645078433146,0.5226556820935289,0.33845721248476934,0.5815885676304418,0.24879264682972346,0.7828828828828829,0.2160691421254799,0.7520305781175345,0.10753307939053763,0.628583903361956,0.0,0.8011310084825636,0.14503546099290776,0.8507781507476344,0.16792323509252904,0.8439125910509884,0.17640334279406877,0.5766345123258296,0.7480620155038871,0.3157894736842105,0.2857142857142857,0.6000000000000001,0.3936651583710407,0.5772882342946999,0.5772882342946999,0.06542056074766356
0.0,0.7085533262935584,0.21952114484909702,0.5226556820935289,0.3409879088949297,0.5815885676304418,0.2539336345225105,0.7828828828828829,0.22748612889457975,0.7520305781175345,0.10653067361667995,0.6266433803910145,0.0,0.8011310084825636,0.14184397163120566,0.8568812938663437,0.16563856522732334,0.8370447450572323,0.16917770419425882,0.5809217577706334,0.7472868217054192,0.3157894736842105,0.2857142857142857,0.6000000000000001,0.3981900452488688,0.1615493773602917,0.1615493773602917,0.07476635514018692
0.0,0.7085533262935584,0.21952114484909702,0.5226556820935289,0.34363911465795427,0.5815885676304418,0.25633721318407443,0.7918918918918922,0.2432778489116516,0.7520305781175345,0.10803428227746587,0.6247028574200757,0.0,0.8011310084825636,0.14184397163120566,0.8599328654256935,0.15995544893762825,0.8341013824884806,0.16032008830021915,0.585209003215434,0.7465116279069797,0.3157894736842105,0.2857142857142857,0.6000000000000001,0.40271493212669685,0.8122044633469172,0.8122044633469172,0.08411214953271029
0.2857142857142857,0.7085533262935584,0.21860379781671557,0.5213472255875924,0.34346236760708626,0.5815885676304418,0.2612244897959177,0.7918918918918922,0.2518139137857449,0.7520305781175345,0.10803428227746587,0.6186872362101588,0.0,0.8011310084825636,0.14184397163120566,0.8599328654256935,0.154626456477039,0.8324661810613943,0.15452538631346413,0.5894962486602346,0.7457364341085366,0.3157894736842105,0.2857142857142857,0.6000000000000001,0.4072398190045249,0.5453214637220564,0.5453214637220564,0.07476635514018692
0.2857142857142857,0.7085533262935584,0.21860379781671557,0.5161133995638463,0.3409879088949297,0.5815885676304418,0.26328088487303236,0.7918918918918922,0.2590695689287237,0.7488453575410128,0.10803428227746587,0.6112162227720361,0.0,0.8011310084825636,0.14184397163120566,0.8648764113518457,0.15524331734064423,0.8324661810613943,0.15127325764742938,0.5937834941050386,0.7449612403100687,0.3157894736842105,0.2857142857142857,0.6000000000000001,0.4117647058823529,0.9631118255328996,0.9631118255328996,0.08411214953271029
0.2857142857142857,0.7085533262935584,0.2167691037519499,0.5088441967530881,0.3447136563876655,0.5834579594549685,0.2702913226359236,0.7918918918918922,0.2647602788447845,0.74247491638796,0.10803428227746587,0.6034541308882755,0.0,0.8011310084825636,0.14184397163120566,0.8681721086359468,0.16341917164398212,0.8324661810613943,0.14624724061810013,0.5980707395498392,0.7441860465116257,0.3157894736842105,0.2857142857142857,0.6000000000000001,0.41628959276018096,0.998275021149171,0.998275021149171,0.08411214953271029
0.42857142857142855,0.7085533262935584,0.2167691037519499,0.5015749939423295,0.34784890805136426,0.5890661349285473,0.27814301293036237,0.7951951951951985,0.27187366623986353,0.74247491638796,0.10848536487570165,0.5954009605588707,0.0,0.8011310084825636,0.1439716312056738,0.8681721086359468,0.1607265250171348,0.8324661810613943,0.143645537685273,0.5980707395498392,0.7434108527131897,0.3092105263157895,0.2857142857142857,0.6000000000000001,0.4110105580693814,0.6776694690995244,0.6776694690995244,0.09345794392523364
0.2857142857142857,0.7085533262935584,0.21768645078433146,0.4970057807469985,0.35167307151560634,0.5890661349285473,0.2855273407072745,0.8018018018018018,0.2775643761559239,0.74247491638796,0.11062800721732152,0.593654489885024,0.0,0.7917059377945332,0.1462174940898332,0.8681721086359468,0.15969842357779274,0.8324661810613943,0.14169426048564993,0.5980707395498392,0.7426356589147218,0.30263157894736836,0.2857142857142857,0.6000000000000001,0.4057315233785823,0.5137066429310527,0.5137066429310527,0.11214953271028037
0.2857142857142857,0.7085533262935584,0.21952114484909702,0.49212503028834376,0.3556659480738593,0.5890661349285473,0.2913226359245982,0.8048048048048015,0.2804097311139564,0.74247491638796,0.1110414995990377,0.5810410905739107,0.0,0.7917059377945332,0.1495567375886525,0.8681721086359468,0.15250171350239872,0.8324661810613943,0.14299511195206538,0.5980707395498392,0.7418604651162823,0.29605263157894735,0.2857142857142857,0.6000000000000001,0.4004524886877828,0.8123939246466686,0.8123939246466686,0.09345794392523364
0.2857142857142857,0.7085533262935584,0.2167691037519499,0.48163660908996486,0.3588634629032049,0.5890661349285473,0.2913226359245982,0.8108108108108112,0.28297055057618437,0.74247491638796,0.11239474739374494,0.5732789986901471,0.0,0.7917059377945332,0.15484633569740047,0.8736649374427827,0.14359150102810125,0.8324661810613943,0.14624724061810013,0.5980707395498392,0.7410852713178357,0.2894736842105263,0.2857142857142857,0.6000000000000001,0.3951734539969832,0.9947170480555044,0.9947170480555044,0.09345794392523364
0.42857142857142855,0.7085533262935584,0.22025502247500384,0.476859704385751,0.3654513075264789,0.5890661349285473,0.2913226359245982,0.8138138138138109,0.284535495803103,0.74247491638796,0.11239474739374494,0.5654198806578373,0.0,0.7917059377945332,0.1572104018912518,0.8773268233140064,0.14941740918437274,0.8309796343095,0.14784374014506185,0.5980707395498392,0.7403100775193749,0.2828947368421052,0.2857142857142857,0.6000000000000001,0.3898944193061842,0.10459776922582163,0.10459776922582163,0.2710280373831776
0.2857142857142857,0.7085533262935584,0.22117236950738528,0.47145972515490286,0.36974947444532147,0.5890661349285473,0.29216388845614505,0.8198198198198201,0.284535495803103,0.74247491638796,0.11239474739374494,0.5597923640421103,0.0,0.7860508953817151,0.16170212765957448,0.8773268233140064,0.1501028101439339,0.8220603537981266,0.14699227373068302,0.5980707395498392,0.7395348837209319,0.2763157894736842,0.2857142857142857,0.6000000000000001,0.3846153846153846,0.11169247729111162,0.11169247729111162,0.3271028037383178
0.2857142857142857,0.7085533262935584,0.21952114484909702,0.4652289798885376,0.37534914237510575,0.5890661349285473,0.2955288985823332,0.8198198198198201,0.28297055057618437,0.74247491638796,0.11239474739374494,0.5462087032455247,0.010111223458038422,0.7832233741753061,0.17139479905437216,0.8773268233140064,0.15352981494174078,0.8265199940538086,0.15322453484704868,0.5911039657020354,0.739147286821698,0.2982456140350882,0.2738095238095235,0.6000000000000001,0.39668174962292624,0.0765354117866227,0.0765354117866227,0.12149532710280375
0.2857142857142857,0.7085533262935584,0.22199798183652952,0.4652289798885376,0.3798320903016763,0.5890661349285473,0.2955288985823332,0.8198198198198201,0.28297055057618437,0.74247491638796,0.11294607056936695,0.5334982777858623,0.03161442534546683,0.7832233741753061,0.17612293144208158,0.8773268233140064,0.16449623029472216,0.8259625390218523,0.1571123068432656,0.5841371918542346,0.7387596899224853,0.32017543859649067,0.26190476190476214,0.6000000000000001,0.4087481146304674,0.17193963086502612,0.17193963086502612,0.08411214953271029
0.2857142857142857,0.7085533262935584,0.2240161453077696,0.45723285679670345,0.3844034117536792,0.5890661349285473,0.2986134911980052,0.8198198198198201,0.28297055057618437,0.74247491638796,0.11404871692060942,0.5276767088730404,0.0444219750589821,0.7832233741753061,0.1853427895981099,0.8773268233140064,0.1658670322138449,0.8220603537981266,0.1642108167770404,0.5771704180064308,0.7383720930232549,0.3421052631578947,0.25,0.6000000000000001,0.42081447963800905,0.842098774791553,0.842098774791553,0.17757009345794394
0.42857142857142855,0.7085533262935584,0.22942849279882638,0.4561943992523101,0.3905975924909283,0.5890661349285473,0.30066988627512026,0.8198198198198201,0.28297055057618437,0.7329192546583851,0.11294607056936695,0.5247659244166294,0.05089315807212669,0.7832233741753061,0.19030732860520194,0.8773268233140064,0.1718985606579848,0.8250334473019143,0.17013560391043847,0.570203644158627,0.7379844961240245,0.3640350877192987,0.2380952380952378,0.6000000000000001,0.43288084464555066,0.5364044003854715,0.5364044003854715,0.2990654205607477
0.2857142857142857,0.7085533262935584,0.24410604531694313,0.45287133511024824,0.40358046677289383,0.5890661349285473,0.30207197382769824,0.8252252252252255,0.2905107412149679,0.7329192546583851,0.11404871692060942,0.5226313491485957,0.05554432086282437,0.7800816839459659,0.1982269503546099,0.8773268233140064,0.18779986291980788,0.8220603537981266,0.17339955849889477,0.5632368703108264,0.7375968992248154,0.3859649122807012,0.2261904761904764,0.6000000000000001,0.4449472096530918,0.5109712267915477,0.5109712267915477,0.26168224299065423
0.0,0.7085533262935584,0.3386845243555643,0.4915019557617093,0.4071475436176899,0.5973745430375539,0.3745799301181767,0.7657657657657662,0.33575188504766107,0.6985188724319158,0.15915697674418589,0.6875758016785534,0.0,0.7737983034872762,0.22948328267477303,0.8141592920353973,0.23701165181631234,0.8324661810613943,0.4327302112898137,0.572347266881029,0.737209302325585,0.4078947368421052,0.07142857142857142,0.6000000000000001,0.4773755656108597,0.1309650448006321,0.1309650448006321,0.06542056074766356
0.0,0.7085533262935584,0.2854325291257689,0.476859704385751,0.37371824913300244,0.5957128614157527,0.34647141299267736,0.7657657657657662,0.3189642907952752,0.7042522694696605,0.15479651162790692,0.6972784165332558,0.0,0.7832233741753061,0.225531914893617,0.8141592920353973,0.2310780377949655,0.8324661810613943,0.43970750551876225,0.572347266881029,0.736434108527142,0.3991228070175433,0.07142857142857142,0.6000000000000001,0.47058823529411764,0.2529469897030369,0.2529469897030369,0.08411214953271029
0.0,0.7085533262935584,0.2661223740941192,0.4766520128768754,0.3681025132895035,0.586929687129087,0.31068479736496424,0.7657657657657662,0.29193341869398215,0.7042522694696605,0.14827085004009616,0.6830155726968419,0.0,0.7832233741753061,0.2180344478216809,0.8141592920353973,0.21315969842357774,0.8324661810613943,0.4381110059918003,0.572347266881029,0.7356589147286741,0.390350877192983,0.07142857142857142,0.6000000000000001,0.4638009049773756,0.1628760738318348,0.1628760738318348,0.08411214953271029
0.0,0.7085533262935584,0.2516282909824804,0.4797673855100544,0.3626394226263009,0.5782652043868395,0.2845926156722225,0.7657657657657662,0.25778915919761003,0.7015220804040705,0.14208027838240317,0.6692378596031641,0.0,0.7832233741753061,0.2153191489361701,0.8141592920353973,0.20155683932243318,0.8324661810613943,0.43896247240617936,0.572347266881029,0.7348837209302346,0.381578947368421,0.07142857142857142,0.6000000000000001,0.45701357466063347,0.6419029963375569,0.6419029963375569,0.08411214953271029
0.0,0.7085533262935584,0.25327951564076845,0.4797673855100544,0.34962441251690646,0.5720932440772928,0.2777691229163415,0.7612612612612615,0.2535211267605635,0.7004300047778307,0.13594125902165194,0.6790375006064125,0.0,0.7832233741753061,0.21175278622087235,0.8141592920353973,0.19362577107607937,0.837371785342653,0.4346814884894328,0.5777063236870321,0.7337209302325611,0.381578947368421,0.08333333333333358,0.6000000000000001,0.463046757164404,0.36872709767422523,0.36872709767422523,0.06542056074766356
0.0,0.7155931010207699,0.2661223740941192,0.4797673855100544,0.3455994001312216,0.5649717514124293,0.2623461598379804,0.7597597597597565,0.24868402333191209,0.7028871749368657,0.13393931149043342,0.6827244942512007,0.0,0.7832233741753061,0.20780141843971633,0.8141592920353973,0.1881425633995888,0.8324661810613943,0.4277041942604842,0.5830653804930321,0.7325581395348806,0.381578947368421,0.09523809523809498,0.6000000000000001,0.4690799396681751,0.3213877414119857,0.3213877414119857,0.1869158878504673
0.14285714285714285,0.7191129883843714,0.2845610494450046,0.48537505624978516,0.3414297765221008,0.5649717514124293,0.26515033494313656,0.7582582582582613,0.24384691990325646,0.7042522694696605,0.13167101042502,0.6907776645806055,0.0,0.788070553386296,0.2029381965552164,0.8086664632285618,0.1850582590815626,0.8324661810613943,0.42155471460107186,0.5884244372990354,0.7313953488372107,0.381578947368421,0.10714285714285714,0.6000000000000001,0.4751131221719457,0.006269998446134032,0.006269998446134032,0.07476635514018692
0.0,0.7261527631115838,0.3010732960278868,0.48500121153380027,0.33930077795482283,0.5613160518444664,0.2399127589967276,0.7567567567567568,0.23900981647460506,0.7042522694696605,0.13058841218925415,0.7080483190219765,0.0,0.7917059377945332,0.1982269503546099,0.8102358428876619,0.18158229707235773,0.8324661810613943,0.4167770419426031,0.5937834941050386,0.7302325581395372,0.381578947368421,0.11904761904761929,0.6000000000000001,0.4811463046757163,0.5611280126091044,0.5611280126091044,0.08411214953271029
0.0,0.7191129883843714,0.2534629850472431,0.47769047042126833,0.33074461390142407,0.5610549304467509,0.24926000934724946,0.7501501501501535,0.2190923317683866,0.7042522694696605,0.12842321571772247,0.6972784165332558,0.0,0.7917059377945332,0.19685916919959578,0.8086664632285618,0.17786154900616835,0.8324661810613943,0.4139861242510221,0.5991425509110386,0.7290697674418638,0.381578947368421,0.13095238095238068,0.6000000000000001,0.48717948717948734,0.3048547640323815,0.3048547640323815,0.07476635514018692
0.0,0.7191129883843714,0.22594257407577256,0.4652289798885376,0.3231605586278006,0.5691259554669326,0.25656254868359474,0.7351351351351354,0.19476454687722144,0.7042522694696605,0.12513246076297452,0.6916508999175288,0.0,0.7917059377945332,0.1950354609929077,0.8050045773573382,0.17786154900616835,0.8324661810613943,0.4107339955849876,0.6045016077170418,0.7279069767441904,0.381578947368421,0.14285714285714285,0.6000000000000001,0.4932126696832579,0.7915809229681526,0.7915809229681526,0.07476635514018692
0.0,0.7191129883843714,0.20117420420144916,0.4606597666932064,0.3153997563033091,0.5749418411432368,0.2539336345225105,0.7237237237237208,0.18651301749893312,0.7042522694696605,0.12156676022453877,0.6827244942512007,0.0,0.7917059377945332,0.19281914893617014,0.8050045773573382,0.17786154900616835,0.8324661810613943,0.4086053295490355,0.6066452304394436,0.7267441860465098,0.3640350877192987,0.14285714285714285,0.6000000000000001,0.4796380090497737,0.041273079007780135,0.041273079007780135,0.07476635514018692
0.0,0.7191129883843714,0.18814787634162067,0.45432517567240005,0.3078639047708318,0.5780278212980141,0.2539336345225105,0.7177177177177205,0.17769241712903527,0.7042522694696605,0.11699149387100488,0.6827244942512007,0.0,0.7904941429917904,0.18996960486322334,0.802388944592181,0.1747772446881426,0.8324661810613943,0.40700883002207355,0.6087888531618424,0.7255813953488399,0.34649122807017485,0.14285714285714285,0.6000000000000001,0.4660633484162896,0.5297864526587729,0.5297864526587729,0.07476635514018692
0.0,0.7191129883843714,0.18539583524447356,0.4595174633943724,0.3174885850862982,0.5815885676304418,0.2539336345225105,0.7177177177177205,0.18622848200312836,0.7042522694696605,0.11185344827586191,0.6859263571532529,0.0,0.7866163996229971,0.19078014184397163,0.7958498626792792,0.1747772446881426,0.8324661810613943,0.4040523494165853,0.6109324758842443,0.7244186046511665,0.32894736842105265,0.14285714285714285,0.6000000000000001,0.4524886877828054,0.070467212177173,0.070467212177173,0.07476635514018692
0.0,0.7191129883843714,0.18539583524447356,0.472498182699296,0.32541006654794313,0.585861463229362,0.25633721318407443,0.7237237237237208,0.20500782472613333,0.7042522694696605,0.10932308970099686,0.6934943967399215,0.0,0.7892823481890383,0.1879432624113475,0.7938358254501061,0.17251542152159005,0.8324661810613943,0.39831677704194113,0.6130760986066464,0.7232558139534895,0.31140350877193035,0.14285714285714285,0.6000000000000001,0.43891402714932126,0.23881589533113487,0.23881589533113487,0.06542056074766356
0.0,0.7191129883843714,0.19016603981286095,0.4735366402436889,0.3303830858428284,0.5890661349285473,0.25916809471880264,0.7351351351351354,0.22207995447431927,0.7042522694696605,0.1071321170809943,0.6888371416096639,0.0,0.7866163996229971,0.1879432624113475,0.7886568725750922,0.17100753941055524,0.8324661810613943,0.39618811100598905,0.615219721329045,0.722093023255816,0.2938596491228065,0.14285714285714285,0.6000000000000001,0.4253393665158371,0.45474770938705583,0.45474770938705583,0.07476635514018692
0.0,0.7191129883843714,0.19365195853591488,0.4783135449479028,0.3356453275845912,0.5890661349285473,0.26328088487303236,0.7378378378378379,0.23929435197040982,0.7042522694696605,0.10605811089471823,0.6888371416096639,0.0,0.7844351689780489,0.1879432624113475,0.785779676533414,0.16792323509252904,0.8324661810613943,0.3953366445916102,0.6173633440514469,0.720930232558139,0.2763157894736842,0.14285714285714285,0.6000000000000001,0.4117647058823529,0.3311906757625947,0.3311906757625947,0.07476635514018692
0.0,0.7085533262935584,0.19631226492982456,0.47457509778808205,0.33431972470307747,0.5890661349285473,0.26328088487303236,0.743843843843847,0.2478304168445027,0.7042522694696605,0.10433540497193255,0.6847620433706885,0.0,0.7832233741753061,0.18716312056737583,0.785779676533414,0.16596494663663797,0.8324661810613943,0.3967202775149792,0.6195069667738489,0.720930232558139,0.2741228070175433,0.154761904761905,0.6000000000000001,0.41025641025641035,0.8652809123759184,0.8652809123759184,0.102803738317757
0.0,0.7085533262935584,0.20750389872488728,0.4797673855100544,0.33845721248476934,0.5847932393296276,0.2539336345225105,0.7468468468468472,0.2546592687437772,0.7091666097877305,0.10352345629510823,0.6830155726968419,0.0,0.7832233741753061,0.18404255319148932,0.785779676533414,0.16449623029472216,0.8324661810613943,0.39608167770419267,0.6216505894962476,0.720930232558139,0.271929824561404,0.16666666666666638,0.6000000000000001,0.4087481146304674,0.04999293480398442,0.04999293480398442,0.09345794392523364
0.0,0.7085533262935584,0.21007247041555976,0.4766520128768754,0.3399033247191475,0.5799268860086406,0.2471101417666295,0.7468468468468472,0.25778915919761003,0.7076923076923076,0.10433540497193255,0.6752534808130782,0.0,0.7832233741753061,0.18404255319148932,0.785779676533414,0.16449623029472216,0.8324661810613943,0.38980211289813727,0.6237942122186495,0.720930232558139,0.26973684210526316,0.17857142857142855,0.6000000000000001,0.4072398190045249,0.3517199255023564,0.3517199255023564,0.09345794392523364
0.0,0.7085533262935584,0.21209063388679994,0.4770414344560201,0.3393710750773272,0.5732801595214356,0.23610709278258524,0.7468468468468472,0.25117370892018775,0.7042522694696605,0.10487670408981548,0.6807839712802591,0.0,0.7832233741753061,0.18404255319148932,0.785779676533414,0.16298834818368735,0.8324661810613943,0.3821743929359809,0.6259378349410514,0.720930232558139,0.2675438596491223,0.19047619047619072,0.6000000000000001,0.4057315233785823,0.6938373112750897,0.6938373112750897,0.5794392523364487
0.0,0.7085533262935584,0.2680488028621222,0.472498182699296,0.34514949854719323,0.5766035227650383,0.21934880822557945,0.7567567567567568,0.2546592687437772,0.7042522694696605,0.10487670408981548,0.6790375006064125,0.0,0.7794533459000943,0.1813475177304964,0.7805484110030907,0.16180358366787506,0.8324661810613943,0.3766753390097761,0.6280814576634501,0.720930232558139,0.265350877192983,0.2023809523809521,0.6000000000000001,0.4042232277526393,0.07087688896344538,0.07087688896344538,0.36448598130841126
0.0,0.7164730728616682,0.3768690945784796,0.472498182699296,0.39409236372400624,0.5768409058538633,0.22836222820643792,0.7501501501501535,0.25778915919761003,0.7076923076923076,0.10857558139534879,0.6713724348711978,0.0,0.7805304968358715,0.1830293819655533,0.7802868477265781,0.1607265250171348,0.8324661810613943,0.37389624724061665,0.630225080385852,0.720930232558139,0.26315789473684215,0.21428571428571427,0.6000000000000001,0.40271493212669685,0.3754322430041123,0.3754322430041123,0.31775700934579443
0.0,0.7120732136571586,0.3716172828180915,0.4652289798885376,0.39115193551410665,0.571618477899634,0.24645583424209283,0.75345345345345,0.25778915919761003,0.7079380247082085,0.11252362813609756,0.6692378596031641,0.0,0.7775683317624884,0.18191489361702118,0.7831640437682568,0.16341917164398212,0.8283038501560875,0.3661975717439281,0.6280814576634501,0.720930232558139,0.26973684210526316,0.2023809523809521,0.6000000000000001,0.4072398190045249,0.2985231363523514,0.2985231363523514,0.102803738317757
0.0,0.7085533262935584,0.3562058526740679,0.4693828100661168,0.4219300242357693,0.5780278212980141,0.25693810784946325,0.75345345345345,0.2634798691136706,0.7094123268036314,0.11522153167602239,0.6681705719691458,0.0,0.7751447421569935,0.18100303951367724,0.7802868477265781,0.1561343385880738,0.8280065408057122,0.36597287921790955,0.6259378349410514,0.720930232558139,0.2763157894736842,0.19047619047619072,0.6000000000000001,0.4117647058823529,0.6507901473181761,0.6507901473181761,0.08411214953271029
0.0,0.7085533262935584,0.3486836070085306,0.472498182699296,0.44643359265160776,0.5815885676304418,0.26328088487303236,0.7501501501501535,0.2631953336178703,0.7091666097877305,0.1173781360980643,0.6644835783243574,0.0,0.7737983034872762,0.17985815602836874,0.7831640437682568,0.1604327817487523,0.8262226847034337,0.36628035320088137,0.6237942122186495,0.720930232558139,0.2828947368421052,0.17857142857142855,0.6000000000000001,0.41628959276018096,0.7746082656263896,0.7746082656263896,0.09345794392523364
0.0,0.7120732136571586,0.36244381249426594,0.472498182699296,0.4497275149632459,0.585861463229362,0.27262813522355445,0.7501501501501535,0.2631953336178703,0.7042522694696605,0.12057437850842018,0.6579828263717072,0.0,0.7737983034872762,0.17958459979736507,0.785779676533414,0.16946538725154214,0.8220603537981266,0.3571625670135594,0.6216505894962476,0.720930232558139,0.2894736842105263,0.16666666666666638,0.6000000000000001,0.42081447963800905,0.3966446676669707,0.3966446676669707,0.08411214953271029
0.0,0.7191129883843714,0.3752866709476199,0.472498182699296,0.4519448870559567,0.5890661349285473,0.2791712104689197,0.7468468468468472,0.2631953336178703,0.7079380247082085,0.12242596517355991,0.6528265796203493,0.0,0.7737983034872762,0.18049645390070923,0.785779676533414,0.17580534612748444,0.8220603537981266,0.3513796909492257,0.6195069667738489,0.720930232558139,0.29605263157894735,0.154761904761905,0.6000000000000001,0.4253393665158371,0.6179064753590305,0.6179064753590305,0.13084112149532712
0.0,0.7191129883843714,0.3467571782405279,0.472498182699296,0.45008904302183905,0.5890661349285473,0.2879843322279818,0.7468468468468472,0.2663252240717029,0.7111323459149543,0.12388231756214912,0.6501819240285257,0.0,0.7684125488083973,0.18049645390070923,0.785779676533414,0.17786154900616835,0.8220603537981266,0.3481748659728765,0.6173633440514469,0.720930232558139,0.30263157894736836,0.14285714285714285,0.6000000000000001,0.4298642533936652,0.9112584735274284,0.9112584735274284,0.08411214953271029
0.0,0.7191129883843714,0.33226309512888896,0.472498182699296,0.4468834942356362,0.5890661349285473,0.2955288985823332,0.7468468468468472,0.2663252240717029,0.7161285919049882,0.25420652422957996,0.6451753747634988,0.0,0.7643732327992458,0.18049645390070923,0.7958498626792792,0.17786154900616835,0.8220603537981266,0.32323399558498744,0.615219721329045,0.720930232558139,0.30263157894736836,0.14285714285714285,0.6000000000000001,0.42760180995475117,0.6658590691506904,0.6658590691506904,0.102803738317757
0.0,0.7085533262935584,0.322997890101826,0.472498182699296,0.44249695379135845,0.596187627593411,0.29846660583535223,0.7408408408408376,0.2663252240717029,0.74247491638796,0.42634823576583775,0.6367340998399069,0.0,0.7643732327992458,0.18049645390070923,0.7958498626792792,0.17786154900616835,0.8220603537981266,0.29389388205613365,0.6130760986066464,0.720930232558139,0.30263157894736836,0.14285714285714285,0.6000000000000001,0.4253393665158371,0.4121424968218074,0.4121424968218074,0.102803738317757
0.0,0.7085533262935584,0.3176772773140093,0.4652289798885376,0.4450276502015186,0.5973745430375539,0.30151113880666713,0.743843843843847,0.2631953336178703,0.7625418060200666,0.5399136499026225,0.6255483710002707,0.0,0.7643732327992458,0.18404255319148932,0.7958498626792792,0.17683344756682629,0.8220603537981266,0.26272075055187494,0.6109324758842443,0.720930232558139,0.30263157894736836,0.14285714285714285,0.6000000000000001,0.4230769230769231,0.8831745524117012,0.8831745524117012,0.09345794392523364
0.0,0.7085533262935584,0.3139161544812408,0.4652289798885376,0.4415328789684406,0.6039025779803424,0.30854828299912995,0.743843843843847,0.2774221084080237,0.837458193979933,0.7407528067361664,0.6130403143647214,0.0,0.7643732327992458,0.18728470111448936,0.7958498626792792,0.17226410783641866,0.8220603537981266,0.2526214128035307,0.6087888531618424,0.720930232558139,0.30263157894736836,0.14285714285714285,0.6000000000000001,0.42081447963800905,0.7794982101988965,0.7794982101988965,0.102803738317757
0.2857142857142857,0.7085533262935584,0.30841207228694656,0.4636297552701709,0.4440153716374545,0.606513791957461,0.31469076180090294,0.7468468468468472,0.3017498932991889,0.8059518121629903,0.7238264692404623,0.5968563527870762,0.0,0.7622997172478796,0.19985815602836876,0.7958498626792792,0.20070824765821427,0.8220603537981266,0.2429359823399544,0.6066452304394436,0.720930232558139,0.30263157894736836,0.14285714285714285,0.6000000000000001,0.418552036199095,0.9962784476539087,0.9962784476539087,0.102803738317757
0.14285714285714285,0.7085533262935584,0.3100632969452348,0.45723285679670345,0.4450276502015186,0.606513791957461,0.3170943404624671,0.7468468468468472,0.30431071276141686,0.7764930721452459,0.7309793504410582,0.5785184107116869,0.0,0.7584489026524877,0.22391084093211688,0.7958498626792792,0.22355494631025685,0.8193845696447133,0.24144591611478883,0.6045016077170418,0.720930232558139,0.30263157894736836,0.14285714285714285,0.6000000000000001,0.41628959276018096,0.3423904598503889,0.3423904598503889,0.09345794392523364
0.2857142857142857,0.7085533262935584,0.3100632969452348,0.44996365398594484,0.4481207235917145,0.6010302426055167,0.317214519395544,0.7468468468468472,0.3090055484421681,0.766091051805341,0.7005420151220068,0.5643387321454548,0.0,0.7540056550424128,0.23879432624113472,0.7989014342386285,0.24434544208361864,0.8126951092611863,0.24144591611478883,0.5980707395498392,0.720930232558139,0.3267543859649117,0.14285714285714285,0.6000000000000001,0.43061840120663664,0.550769159044064,0.550769159044064,0.08411214953271029
0.0,0.7085533262935584,0.30758645995780265,0.44902904219599304,0.4497275149632459,0.5973745430375539,0.31953964792023615,0.7468468468468472,0.3090055484421681,0.7741997133301479,0.701057538091419,0.549992723038859,0.0026626221772834188,0.7540056550424128,0.24468085106382986,0.8027158986878233,0.24828649760109656,0.8126951092611863,0.23848943550930057,0.5916398713826366,0.720930232558139,0.3508771929824567,0.14285714285714285,0.6000000000000001,0.4449472096530918,0.9627030490282011,0.9627030490282011,0.11214953271028037
0.0,0.6733544526575181,0.36813136409503766,0.7843469832808316,0.35710938232261635,0.5815885676304418,0.39414238978033933,0.7657657657657662,0.45980936121781024,0.41376015289058765,0.2381866479550921,0.6991496351123767,0.051552795031055906,0.7394910461828463,0.44645390070921986,0.6219102837961539,0.33207676490747073,0.8220603537981266,0.49806843267108025,0.5471596998928199,0.6879844961240273,0.728070175438596,0.2857142857142857,0.8846153846153846,0.6825037707390647,0.5484427390071686,0.5484427390071686,0.03738317757009346
0.0,0.6768743400211192,0.36813136409503766,0.7843469832808316,0.3550473333958202,0.5815885676304418,0.39498364231188643,0.7747747747747746,0.4612320386968287,0.40939185038563775,0.2371942662389735,0.7090962014262845,0.034155712841253794,0.7445805843543825,0.44645390070921986,0.6219102837961539,0.332830705962988,0.8220603537981266,0.49806843267108025,0.5605573419078231,0.6875968992248147,0.7061403508771934,0.2857142857142857,0.7846153846153847,0.6862745098039217,0.3934824165294385,0.3934824165294385,0.04672897196261682
0.0,0.6768743400211192,0.36813136409503766,0.7923431063726658,0.36460774205642554,0.5847932393296276,0.39834865243807394,0.7801801801801804,0.45838668373879643,0.41758241758241743,0.23752506014434632,0.7171133334719431,0.02192691029900333,0.7394910461828463,0.4445390070921984,0.6219102837961539,0.33682561441300196,0.8220603537981266,0.49351545253863005,0.5739549839228295,0.6872093023255843,0.6842105263157895,0.2857142857142857,0.6846153846153846,0.6900452488687783,0.8781304913239021,0.8781304913239021,0.03738317757009346
0.0,0.683210137275607,0.36813136409503766,0.7923431063726658,0.35898397225606926,0.5890661349285473,0.40143324505374633,0.7828828828828829,0.4568217385118776,0.41758241758241743,0.23884823576583786,0.7230679668170573,0.0183417593528817,0.7360980207351553,0.44326241134751787,0.6219102837961539,0.33927347498286475,0.8262226847034337,0.4945916114790272,0.587352625937836,0.6868217054263503,0.6622807017543855,0.2857142857142857,0.5846153846153848,0.6938159879336347,0.5317172830105983,0.5317172830105983,0.04672897196261682
0.0,0.6863780359028506,0.36813136409503766,0.794766173976249,0.35710938232261635,0.585861463229362,0.40055193287784174,0.7828828828828829,0.4536918480580452,0.4210224558050646,0.2402014835605451,0.7343701270349499,0.00982233135923731,0.7360980207351553,0.44326241134751787,0.6140633855006725,0.3397140898854385,0.8220603537981266,0.489790286975716,0.6007502679528391,0.6864341085271377,0.6403508771929829,0.2857142857142857,0.4846153846153846,0.6975867269984919,0.15833620512326868,0.15833620512326868,0.03738317757009346
0.0,0.6863780359028506,0.36813136409503766,0.794766173976249,0.3550473333958202,0.5860751080093056,0.40143324505374633,0.7918918918918922,0.4568217385118776,0.42403248924988035,0.2402014835605451,0.7457138698879349,0.0040444893832153675,0.7360980207351553,0.44326241134751787,0.6127555691180944,0.34311172035640847,0.8220603537981266,0.4856512141280338,0.6141479099678456,0.6860465116279038,0.6184210526315789,0.2857142857142857,0.38461538461538464,0.7013574660633484,0.16573777646844018,0.16573777646844018,0.04672897196261682
0.0,0.6969376979936641,0.36510411888817584,0.794766173976249,0.3525166369856598,0.5837250154299021,0.40202078650434925,0.7984984984984951,0.4536918480580452,0.4261825131390349,0.24161917172642872,0.7533110173191676,0.0,0.7360980207351553,0.44326241134751787,0.6127555691180944,0.3461274845784783,0.8241415192507804,0.4856512141280338,0.6232583065380483,0.6856589147286769,0.603070175438596,0.29761904761904784,0.38974358974358925,0.7013574660633484,0.11057768372174913,0.11057768372174913,0.028037383177570097
0.0,0.6969376979936641,0.36510411888817584,0.794766173976249,0.3525166369856598,0.5890661349285473,0.408163265306122,0.7951951951951985,0.4524114383269311,0.4261825131390349,0.24185545308740958,0.754662452959645,0.0,0.7360980207351553,0.44326241134751787,0.6127555691180944,0.3461274845784783,0.8250334473019143,0.48239908546199906,0.632368703108254,0.6852713178294678,0.5877192982456144,0.30952380952380926,0.39487179487179536,0.7013574660633484,0.6248830520903648,0.6248830520903648,0.04672897196261682
0.0,0.6969376979936641,0.36510411888817584,0.7923431063726658,0.3525166369856598,0.5890661349285473,0.408163265306122,0.8018018018018018,0.44985061886470357,0.4261825131390349,0.24185545308740958,0.7503711250181925,0.0,0.7360980207351553,0.44326241134751787,0.6127555691180944,0.3461274845784783,0.8220603537981266,0.4796081677704178,0.6414790996784565,0.6848837209302339,0.5723684210526315,0.3214285714285714,0.4,0.7013574660633484,0.18941307856493753,0.18941307856493753,0.028037383177570097
0.0,0.7046814501935896,0.367122282359416,0.7870123576447787,0.3431436873184004,0.5875706214689265,0.4098457703692162,0.8018018018018018,0.44985061886470357,0.4357381748686098,0.24275761828388115,0.7401501133126793,0.0,0.7360980207351553,0.44326241134751787,0.6127555691180944,0.3461274845784783,0.8220603537981266,0.4755518763796893,0.6505894962486591,0.6844961240310035,0.5570175438596486,0.33333333333333354,0.40512820512820463,0.7013574660633484,0.2217656652019437,0.2217656652019437,0.04672897196261682
0.0,0.7085533262935584,0.36813136409503766,0.777077780470073,0.33930077795482283,0.586929687129087,0.4093650546369041,0.8018018018018018,0.44672072841087074,0.4357381748686098,0.24185545308740958,0.7358754184252657,0.0,0.7360980207351553,0.4404761904761916,0.6127555691180944,0.3461274845784783,0.8220603537981266,0.4728200883002194,0.6596998928188649,0.6841085271317944,0.5416666666666671,0.34523809523809496,0.41025641025641074,0.7013574660633484,0.9018929141759627,0.9018929141759627,0.03738317757009346
0.0,0.7085533262935584,0.36813136409503766,0.7703537678701218,0.34176117724247856,0.5890661349285473,0.41236952796385706,0.8108108108108112,0.4482856736377847,0.4357381748686098,0.24185545308740958,0.732498908455829,0.0,0.7360980207351553,0.4393617021276597,0.6127555691180944,0.3461274845784783,0.8220603537981266,0.4728200883002194,0.6688102893890675,0.6837209302325604,0.5263157894736842,0.3571428571428571,0.4153846153846154,0.7013574660633484,0.5284623233636577,0.5284623233636577,0.04672897196261682
0.0,0.7085533262935584,0.36813136409503766,0.7584201599224571,0.3457681132252324,0.5890661349285473,0.41236952796385706,0.8108108108108112,0.4451557831839523,0.4357381748686098,0.24067404628250683,0.7354096929122399,0.0,0.7360980207351553,0.4393617021276597,0.6041239809930685,0.34656809948105205,0.8220603537981266,0.4728200883002194,0.67524115755627,0.6829457364341138,0.5087719298245619,0.3571428571428571,0.40769230769230774,0.6945701357466063,0.318743254410056,0.318743254410056,0.03738317757009346
0.0,0.7155931010207699,0.36813136409503766,0.7480009692270395,0.3506420470522068,0.5890661349285473,0.41236952796385706,0.8108108108108112,0.44985061886470357,0.4462494027711419,0.24185545308740958,0.73852839054411,0.0,0.7360980207351553,0.4393617021276597,0.6026853829722292,0.35152501713502393,0.8220603537981266,0.4728200883002194,0.6816720257234725,0.6821705426356566,0.491228070175438,0.3571428571428571,0.4,0.6877828054298641,0.6322663956445603,0.6322663956445603,0.03738317757009346
0.0,0.7191129883843714,0.36510411888817584,0.7431548340198644,0.3542037679257667,0.5890661349285473,0.41236952796385706,0.8108108108108112,0.44985061886470357,0.4462494027711419,0.24314426051094068,0.7371561635860866,0.0,0.7360980207351553,0.4393617021276597,0.6026853829722292,0.35702535983550354,0.8220603537981266,0.4728200883002194,0.6881028938906752,0.6813953488372135,0.4736842105263158,0.3571428571428571,0.3923076923076923,0.680995475113122,0.14905033932081757,0.14905033932081757,0.04672897196261682
0.0,0.7191129883843714,0.36510411888817584,0.7385510055730538,0.35898397225606926,0.5911432369557992,0.41236952796385706,0.8138138138138109,0.44985061886470357,0.4481605351170568,0.243629711307137,0.7478013181695328,0.00043333814820161777,0.7360980207351553,0.44014184397163136,0.6026853829722292,0.36056986194066476,0.8220603537981266,0.4728200883002194,0.6945337620578778,0.6806201550387669,0.4561403508771935,0.3571428571428571,0.38461538461538464,0.6742081447963801,0.9474705474775191,0.9474705474775191,0.03738317757009346
0.0,0.7191129883843714,0.36510411888817584,0.7341894838865985,0.3627331521229725,0.5973745430375539,0.41236952796385706,0.8198198198198201,0.44985061886470357,0.4558050645007168,0.24432566731584332,0.7537476349876292,0.0,0.7360980207351553,0.44326241134751787,0.6026853829722292,0.36326250856751185,0.8220603537981266,0.4728200883002194,0.7009646302250805,0.6798449612403026,0.43859649122806965,0.3571428571428571,0.37692307692307697,0.6674208144796381,0.266300731688433,0.266300731688433,0.03738317757009346
0.0,0.7261527631115838,0.36510411888817584,0.7341894838865985,0.36376417658637206,0.5950007121492686,0.41236952796385706,0.8198198198198201,0.4482856736377847,0.4558050645007168,0.24275761828388115,0.7643512069359832,0.0,0.7360980207351553,0.44326241134751787,0.6026853829722292,0.36326250856751185,0.8220603537981266,0.4728200883002194,0.707395498392283,0.6790697674418631,0.42105263157894735,0.3571428571428571,0.36923076923076925,0.6606334841628959,0.5952118733146805,0.5952118733146805,0.028037383177570097
0.0,0.7296726504751845,0.36510411888817584,0.7293433486794239,0.36563876651982496,0.5973745430375539,0.41236952796385706,0.8198198198198201,0.4486769099445156,0.4558050645007168,0.2420702543246645,0.7784310871779946,0.0,0.7360980207351553,0.44326241134751787,0.6026853829722292,0.36326250856751185,0.8220603537981266,0.4728200883002194,0.7031082529474824,0.6779069767441896,0.42982456140350933,0.3571428571428571,0.40769230769230774,0.66289592760181,0.15635790645904407,0.15635790645904407,0.03738317757009346
0.0,0.7296726504751845,0.36510411888817584,0.724497213472256,0.3674196269566037,0.5973745430375539,0.41236952796385706,0.8198198198198201,0.44672072841087074,0.4577161968466317,0.2433590617481955,0.7855167681976015,0.0,0.7360980207351553,0.44326241134751787,0.6026853829722292,0.365465583080387,0.8220603537981266,0.4728200883002194,0.6988210075026784,0.6767441860465127,0.43859649122806965,0.3571428571428571,0.4461538461538462,0.6651583710407238,0.7503812334425257,0.7503812334425257,0.03738317757009346
0.0,0.7328405491024286,0.36262728190074367,0.7196510782650818,0.3711688068235067,0.5973745430375539,0.41236952796385706,0.8198198198198201,0.4482856736377847,0.46536072623029145,0.24228505556191954,0.7858826953864068,0.0,0.7360980207351553,0.44326241134751787,0.6026853829722292,0.36634681288553783,0.8220603537981266,0.4728200883002194,0.6945337620578778,0.6755813953488392,0.4473684210526315,0.3571428571428571,0.4846153846153846,0.6674208144796381,0.9327982490470709,0.9327982490470709,0.028037383177570097
0.0,0.7391763463569163,0.36262728190074367,0.7196510782650818,0.37304339675695963,0.5973745430375539,0.41236952796385706,0.8198198198198201,0.4482856736377847,0.46536072623029145,0.24185545308740958,0.7878038131276379,0.0,0.7360980207351553,0.44326241134751787,0.6026853829722292,0.36502496817781327,0.8220603537981266,0.4728200883002194,0.6902465166130771,0.6744186046511622,0.4561403508771935,0.3571428571428571,0.5230769230769232,0.6696832579185519,0.13494194992911518,0.13494194992911518,0.018691588785046728
0.0,0.7391763463569163,0.36262728190074367,0.7143203295371947,0.3674196269566037,0.5973745430375539,0.41236952796385706,0.8198198198198201,0.44985061886470357,0.46536072623029145,0.24185545308740958,0.7847765972929706,0.0,0.7360980207351553,0.44326241134751787,0.6026853829722292,0.36511309115832735,0.8220603537981266,0.4728200883002194,0.6859592711682734,0.6732558139534888,0.46491228070175383,0.3571428571428571,0.5615384615384615,0.6719457013574661,0.009260649767877127,0.009260649767877127,0.028037383177570097
0.0,0.7391763463569163,0.35960003669388185,0.7070511267264363,0.3684506514200031,0.5973745430375539,0.41236952796385706,0.8138138138138109,0.44985061886470357,0.4670807453416148,0.24086307137129098,0.7752458573299782,0.0,0.7347515820654384,0.44326241134751787,0.6026853829722292,0.36502496817781327,0.8220603537981266,0.4728200883002194,0.6816720257234725,0.6720930232558189,0.4736842105263158,0.3571428571428571,0.6000000000000001,0.6742081447963801,0.14023008908831794,0.14023008908831794,0.028037383177570097
0.0,0.7391763463569163,0.35960003669388185,0.6978434698328064,0.37346517949198643,0.5973745430375539,0.413838381590369,0.8138138138138109,0.44985061886470357,0.47150365162787344,0.23981484133348568,0.7700480279435309,0.0,0.7323279924599435,0.44326241134751787,0.6026853829722292,0.36634681288553783,0.8220603537981266,0.4728200883002194,0.6827438370846719,0.6713178294573723,0.4758771929824567,0.3571428571428571,0.5717948717948722,0.6787330316742082,0.6814622792212175,0.6814622792212175,0.04672897196261682
0.0,0.7426962337205165,0.35960003669388185,0.6978434698328064,0.37876089605398766,0.5973745430375539,0.4144259230409717,0.8138138138138109,0.44985061886470357,0.4739608217869087,0.23966018444266218,0.7809842609726182,0.0,0.7320587047260039,0.44326241134751787,0.6026853829722292,0.36634681288553783,0.8220603537981266,0.4728200883002194,0.6838156484458746,0.6705426356589115,0.478070175438596,0.3571428571428571,0.543589743589743,0.6832579185520362,0.6950052505662594,0.6950052505662594,0.04672897196261682
0.0,0.7497360084477294,0.35960003669388185,0.6978434698328064,0.38063548598744057,0.5973745430375539,0.4175105156566441,0.8108108108108112,0.44985061886470357,0.4739608217869087,0.23884823576583786,0.7912967544753312,0.0,0.7304429783223376,0.4417021276595745,0.6026853829722292,0.36634681288553783,0.8220603537981266,0.4728200883002194,0.684887459807074,0.6697674418604684,0.48026315789473684,0.3571428571428571,0.5153846153846153,0.6877828054298641,0.5196959833704012,0.5196959833704012,0.03738317757009346
0.0,0.7497360084477294,0.35960003669388185,0.6876665858977447,0.38164776455150473,0.5973745430375539,0.4175105156566441,0.8108108108108112,0.44985061886470357,0.47778308647873846,0.2382467923015234,0.7927937293386291,0.0,0.7280193887168427,0.44214792299898575,0.6026853829722292,0.36634681288553783,0.8220603537981266,0.4728200883002194,0.6859592711682734,0.6689922480620218,0.4824561403508777,0.3571428571428571,0.4871794871794876,0.6923076923076922,0.6240522903714096,0.6240522903714096,0.04672897196261682
0.0,0.7497360084477294,0.35960003669388185,0.6833050642112897,0.3861789162192214,0.5973745430375539,0.4175105156566441,0.8108108108108112,0.44985061886470357,0.4807862944508934,0.2354114159697564,0.7878038131276379,0.0,0.7266729500471254,0.4393617021276597,0.6026853829722292,0.3620059401416482,0.8220603537981266,0.4720750551876365,0.6870310825294759,0.668217054263561,0.484649122807017,0.3571428571428571,0.4589743589743585,0.6968325791855203,0.3576984797953163,0.3576984797953163,0.03738317757009346
0.0,0.7497360084477294,0.35960003669388185,0.6770535497940375,0.3894085668759961,0.5973745430375539,0.4175105156566441,0.8048048048048015,0.44985061886470357,0.4796942188246538,0.23268344025661575,0.7843108717799447,0.0,0.7266729500471254,0.4393617021276597,0.6026853829722292,0.3594928032899245,0.8220603537981266,0.46909492273730535,0.6881028938906752,0.667441860465118,0.48684210526315785,0.3571428571428571,0.4307692307692308,0.7013574660633484,0.8392480047775674,0.8392480047775674,0.03738317757009346
0.0,0.7497360084477294,0.3579488120355936,0.6680397383086969,0.3918830255881529,0.5973745430375539,0.41604166203013193,0.8108108108108112,0.44985061886470357,0.4821513889836879,0.22935402107916086,0.7840780090234319,0.0,0.7266729500471254,0.43617021276595747,0.6026853829722292,0.35732236691798125,0.8220603537981266,0.46661147902869593,0.6864951768488745,0.6664082687338606,0.49013157894736836,0.35317460317460286,0.4354700854700862,0.7017345399698339,0.8857629560166932,0.8857629560166932,0.028037383177570097
0.0,0.7497360084477294,0.35712319970644946,0.6680397383086969,0.3918830255881529,0.5973745430375539,0.41648231811808656,0.8108108108108112,0.44985061886470357,0.4835164835164836,0.22245890136327168,0.8006944300060284,0.0,0.7266729500471254,0.43566362715298945,0.6026853829722292,0.348412154443684,0.8220603537981266,0.462945443077893,0.684887459807074,0.6653746770025855,0.49342105263157887,0.34920634920634924,0.44017094017094005,0.7021116138763199,0.6284750684491638,0.6284750684491638,0.03738317757009346
0.0,0.7574797606476549,0.35712319970644946,0.6680397383086969,0.3918830255881529,0.5973745430375539,0.41236952796385706,0.8108108108108112,0.4482856736377847,0.4856187290969898,0.21863973536487563,0.8064328336486684,0.0,0.7266729500471254,0.4318439716312057,0.5996338114128794,0.33458990175919423,0.8220603537981266,0.46040286975717293,0.6832797427652733,0.6643410852713281,0.4967105263157895,0.34523809523809496,0.44487179487179535,0.7024886877828054,0.7205498935036411,0.7205498935036411,0.04672897196261682
0.0,0.7613516367476236,0.35437115860930235,0.6647685970438559,0.3922345112006752,0.6028580923894982,0.4179778781741701,0.8108108108108112,0.4451557831839523,0.4940277114190157,0.2185924790926787,0.8074516082084122,0.0,0.7266729500471254,0.4287234042553192,0.5996338114128794,0.33207676490747073,0.8220603537981266,0.46040286975717293,0.6816720257234725,0.6633074935400494,0.5,0.34126984126984145,0.44957264957264925,0.7028657616892909,0.448680865323142,0.448680865323142,0.04672897196261682
0.0,0.7613516367476236,0.35437115860930235,0.6571359340925595,0.3952010497703631,0.6025969709917827,0.4153072352168763,0.8018018018018018,0.44387537345283823,0.4940277114190157,0.2171060545308739,0.7952471048090323,0.0,0.7266729500471254,0.4274468085106382,0.6026853829722292,0.32899246058944476,0.8220603537981266,0.4566777041942591,0.680064308681672,0.662273901808792,0.5032894736842105,0.3373015873015871,0.45427350427350466,0.7032428355957769,0.8124127981905684,0.8124127981905684,0.03738317757009346
0.0,0.7613516367476236,0.35134391340244053,0.6542282529682562,0.3981093421528338,0.606513791957461,0.41648231811808656,0.8018018018018018,0.44131455399061026,0.4940277114190157,0.21629410585404968,0.7788968126910203,0.0,0.7266729500471254,0.4255319148936172,0.5965822398535199,0.32899246058944476,0.8220603537981266,0.4566777041942591,0.6784565916398715,0.6612403100775133,0.506578947368421,0.33333333333333354,0.4589743589743585,0.7036199095022624,0.9279818562682168,0.9279818562682168,0.04672897196261682
0.0,0.7613516367476236,0.34969268874415227,0.6469590501574978,0.40133095885275116,0.606513791957461,0.41236952796385706,0.8018018018018018,0.44387537345283823,0.4940277114190157,0.21629410585404968,0.7614404224795722,0.0,0.7266729500471254,0.4255319148936172,0.5935306682941701,0.33053461274845763,0.8220603537981266,0.4557671081677688,0.6768488745980707,0.6602067183462559,0.5098684210526315,0.32936507936507925,0.4636752136752138,0.703996983408748,0.4266503639226765,0.4266503639226765,0.04672897196261682
0.0,0.7613516367476236,0.3478579946793867,0.6390667728201049,0.4062236385790611,0.606513791957461,0.41236952796385706,0.8018018018018018,0.4422748612889458,0.4940277114190157,0.21629410585404968,0.7458885169553195,0.0,0.7266729500471254,0.4255319148936172,0.5935306682941701,0.33207676490747073,0.8220603537981266,0.45537685272784323,0.67524115755627,0.6591731266149807,0.513157894736842,0.3253968253968257,0.4683760683760677,0.704374057315234,0.5460119557034387,0.5460119557034387,0.03738317757009346
0.0,0.7613516367476236,0.34583983120814654,0.631693724254905,0.4087543349892214,0.606513791957461,0.41236952796385706,0.8018018018018018,0.4451557831839523,0.4940277114190157,0.21629410585404968,0.7514605900575929,0.0,0.7266729500471254,0.4255319148936172,0.5996338114128794,0.33458990175919423,0.8220603537981266,0.45891280353200714,0.6736334405144695,0.6581395348837233,0.5164473684210527,0.3214285714285714,0.4730769230769231,0.7047511312217194,0.22755807405374792,0.22755807405374792,0.06542056074766356
0.0,0.7497360084477294,0.3450142188790024,0.6270206653051329,0.4087543349892214,0.606513791957461,0.4098457703692162,0.8018018018018018,0.4451557831839523,0.4981229950174004,0.21839915797914983,0.7549119487701936,0.0,0.7266729500471254,0.4255319148936172,0.6026853829722292,0.35058259081562704,0.8220603537981266,0.45194733522548014,0.6720257234726688,0.657105943152466,0.5197368421052632,0.31746031746031717,0.47777777777777847,0.7051282051282048,0.261729982110951,0.261729982110951,0.05607476635514019
0.0,0.7574797606476549,0.34152830015594837,0.6178822389144643,0.40706720404911445,0.6039025779803424,0.406827943827478,0.7951951951951985,0.44259496372172435,0.4940277114190157,0.2193013231756213,0.751003181071585,0.0,0.7210179076343073,0.4239716312056738,0.6026853829722292,0.36885994973726155,0.8220603537981266,0.44500551876379535,0.670418006430868,0.6560723514211837,0.5230263157894737,0.3134920634920635,0.4824786324786323,0.705505279034691,0.0676140123809987,0.0676140123809987,0.06542056074766356
0.0,0.7497360084477294,0.3367580955875613,0.6105091903492641,0.4087543349892214,0.5973745430375539,0.39834865243807394,0.7918918918918922,0.44131455399061026,0.4940277114190157,0.2193013231756213,0.7369815165187019,0.0,0.7172478793590951,0.4255319148936172,0.6127555691180944,0.38690884167237827,0.8220603537981266,0.43704667297382427,0.6688102893890675,0.6550387596899334,0.5263157894736842,0.30952380952380926,0.4871794871794876,0.7058823529411764,0.8948096543109968,0.8948096543109968,0.06542056074766356
0.0,0.7497360084477294,0.3343500596275577,0.6026169130118715,0.4113975067953888,0.5973745430375539,0.3959450737765098,0.7918918918918922,0.44131455399061026,0.5035833731485906,0.2193013231756213,0.7345780402104091,0.0,0.7172478793590951,0.4255319148936172,0.6188587122368032,0.3983321909983992,0.8183142559833507,0.43142935982339825,0.6672025723472668,0.6540051679586547,0.5296052631578947,0.30555555555555575,0.4918803418803415,0.7062594268476619,0.5930413242476498,0.5930413242476498,0.06542056074766356
0.0,0.7497360084477294,0.33409778919365163,0.6005399979230854,0.4177925364540802,0.5973745430375539,0.3931141922417818,0.7888888888888921,0.439891876511596,0.5035833731485906,0.2183561977316994,0.7418134187163442,0.0,0.7172478793590951,0.4255319148936172,0.6310649984742129,0.40301576422206975,0.8193845696447133,0.42587117628508264,0.6655948553054662,0.6529715762273973,0.5328947368421052,0.3015873015873014,0.496581196581197,0.706636500754148,0.15020511088782937,0.15020511088782937,0.07476635514018692
0.0,0.7497360084477294,0.3330887074580329,0.5953477102011129,0.4228137594901118,0.5973745430375539,0.39267353615382716,0.7888888888888921,0.439891876511596,0.5035833731485906,0.21764735364875681,0.749131962492464,0.0,0.7172478793590951,0.4274468085106382,0.6365578272810488,0.4169522503998182,0.8183142559833507,0.423565121412802,0.6639871382636655,0.6519379844961151,0.5361842105263157,0.29761904761904784,0.5012820512820508,0.7070135746606334,0.8852876168934265,0.8852876168934265,0.08411214953271029
0.0,0.7497360084477294,0.33877625905880127,0.5953477102011129,0.42425987172449,0.5973745430375539,0.3890014020875523,0.7828828828828829,0.4370465215535637,0.5035833731485906,0.216680748081109,0.7369815165187019,0.0,0.7172478793590951,0.4287234042553192,0.6484589563625254,0.42928946767192233,0.8220603537981266,0.423565121412802,0.662379421221865,0.6509043927648612,0.5394736842105263,0.29365079365079355,0.505982905982906,0.7073906485671189,0.822882586891635,0.822882586891635,0.16822429906542058
0.0,0.7497360084477294,0.33758370791670544,0.5953477102011129,0.4277064392164217,0.6012913640032314,0.39521064696325414,0.7828828828828829,0.4370465215535637,0.5035833731485906,0.21629410585404968,0.7349938665613245,0.0,0.7172478793590951,0.4287234042553192,0.6551724137930988,0.4338588074023302,0.8126951092611863,0.4256346578366432,0.6607717041800643,0.649870801033579,0.5427631578947368,0.28968253968254,0.51068376068376,0.707767722473605,0.19091203318025982,0.19091203318025982,0.3457943925233645
0.0,0.683210137275607,0.39565177506650806,0.5863823600678468,0.47989502296372677,0.5918356042982134,0.4876148932855586,0.7567567567567568,0.5024896855882754,0.5513616817964644,0.20576884522854838,0.79362538204046,0.0,0.6974552309142317,0.4726950354609929,0.6676838571864501,0.4098697738176833,0.802289281997919,0.41215310627562074,0.7170418006430868,0.48294573643411454,0.42982456140350933,0.5714285714285714,0.543589743589743,0.6877828054298641,0.7669349682972072,0.7669349682972072,0.06542056074766356
0.0,0.6863780359028506,0.3891386111365924,0.5863823600678468,0.4752085481300955,0.5918356042982134,0.4876148932855586,0.7567567567567568,0.4963721724285104,0.5581871544604489,0.20533924275403875,0.790714597584049,0.0,0.6974552309142317,0.46312056737588647,0.6737870003051589,0.40301576422206975,0.802289281997919,0.40618101545253693,0.7186495176848875,0.4813953488372107,0.42763157894736836,0.5714285714285714,0.5153846153846153,0.6877828054298641,0.42986252409976167,0.42986252409976167,0.06542056074766356
0.0,0.6863780359028506,0.385469223007064,0.5815362248606721,0.4731464992032993,0.5973745430375539,0.48418756815703534,0.7567567567567568,0.4938113529662824,0.5570950788342091,0.20086708099438638,0.7887740746131072,0.0,0.6974552309142317,0.45839243498818094,0.6809581934696358,0.3975325565455792,0.802289281997919,0.3996176285083566,0.720257234726688,0.4798449612403033,0.4254385964912275,0.5714285714285714,0.4871794871794876,0.6877828054298641,0.2460440560510194,0.2460440560510194,0.06542056074766356
0.0,0.6863780359028506,0.3891386111365924,0.5815362248606721,0.4706158027931392,0.5973745430375539,0.4824739055927716,0.7567567567567568,0.48783610755441753,0.5554569653948496,0.19818636155344277,0.7809149565807976,0.0,0.6974552309142317,0.45709219858156036,0.6850778150747625,0.4018734292894688,0.802289281997919,0.3945916114790273,0.7218649517684887,0.47829457364342076,0.4232456140350882,0.5714285714285714,0.4589743589743585,0.6877828054298641,0.7877630190694712,0.7877630190694712,0.06542056074766356
0.0,0.6934178106300635,0.385469223007064,0.5815362248606721,0.4685537538663428,0.5918356042982134,0.47966973048761474,0.7567567567567568,0.48783610755441753,0.5532728141423793,0.19482257417802712,0.782661427254644,0.0,0.6974552309142317,0.4549645390070922,0.6850778150747625,0.406671236006398,0.802289281997919,0.3901568905707946,0.7234726688102893,0.4767441860465098,0.42105263157894735,0.5714285714285714,0.4307692307692308,0.6877828054298641,0.9661366633358044,0.9661366633358044,0.07476635514018692
0.0,0.6969376979936641,0.3837262636455385,0.5815362248606721,0.46752272940294326,0.5890661349285473,0.4735940177597755,0.7567567567567568,0.48655569782330343,0.5568220599276541,0.1937399759422614,0.7837287148886626,0.0,0.6974552309142317,0.45035460992907805,0.6942325297528216,0.4121544436828888,0.802289281997919,0.3863134657836629,0.72508038585209,0.4759689922480703,0.41228070175438536,0.5595238095238092,0.4589743589743585,0.680995475113122,0.4630651747162233,0.4630651747162233,0.07476635514018692
0.0,0.6969376979936641,0.38189156958077275,0.5815362248606721,0.4658355984628365,0.5890661349285473,0.47016669263125244,0.7567567567567568,0.48399487836107546,0.5609173435260393,0.1942812750601442,0.7878038131276379,0.0,0.6974552309142317,0.44775413711584067,0.6942325297528216,0.4121544436828888,0.802289281997919,0.3833569851781746,0.7266881028938907,0.47519379844960596,0.40350877192982504,0.5476190476190478,0.4871794871794876,0.6742081447963801,0.45092243719833847,0.45092243719833847,0.07476635514018692
0.0,0.6969376979936641,0.37886432437391115,0.5815362248606721,0.46218014809260477,0.5973745430375539,0.46424676740925364,0.7567567567567568,0.4797268459240289,0.5568220599276541,0.19111940084774898,0.7781011982729354,0.0,0.6974552309142317,0.4453900709219858,0.7043027158986868,0.4043865661411925,0.802289281997919,0.37762141280353045,0.7282958199356913,0.4744186046511665,0.39473684210526316,0.5357142857142857,0.5153846153846153,0.6674208144796381,0.73713177368465,0.73713177368465,0.06542056074766356
0.0,0.6969376979936641,0.3772130997156229,0.5815362248606721,0.4601180991658086,0.5973745430375539,0.4608194422807306,0.7567567567567568,0.4750320102432777,0.5609173435260393,0.18730453087409765,0.7683985834182303,0.0,0.6974552309142317,0.44326241134751787,0.7104058590173956,0.41124057573680584,0.802289281997919,0.37389624724061665,0.729903536977492,0.4736434108527199,0.3859649122807012,0.5238095238095235,0.543589743589743,0.6606334841628959,0.5180958409252704,0.5180958409252704,0.06542056074766356
0.0,0.7085533262935584,0.37537840565085734,0.5815362248606721,0.45908707470240906,0.5973745430375539,0.4548995170587318,0.7567567567567568,0.4750320102432777,0.5581871544604489,0.18551308855538934,0.761606753019939,0.0,0.6974552309142317,0.4393617021276597,0.7134574305767463,0.3949051862005928,0.802289281997919,0.3712945443077895,0.7315112540192925,0.4728682170542591,0.37719298245614086,0.5119047619047621,0.5717948717948722,0.6538461538461537,0.048492202214058845,0.048492202214058845,0.05607476635514019
0.0,0.7085533262935584,0.3717090175213289,0.5815362248606721,0.4571890523947887,0.5973745430375539,0.4548995170587318,0.7567567567567568,0.47119078104993606,0.5570950788342091,0.18556034482758604,0.761606753019939,0.0,0.6974552309142317,0.4393617021276597,0.7073542874580365,0.37000228466986607,0.802289281997919,0.36859823399558356,0.7331189710610932,0.47209302325581604,0.36842105263157887,0.5,0.6000000000000001,0.6470588235294117,0.8633509953464762,0.8633509953464762,0.05607476635514019
0.0,0.7085533262935584,0.367122282359416,0.576690089653497,0.45655637829224893,0.5973745430375539,0.45022589188347073,0.7567567567567568,0.46806089059610323,0.5513616817964644,0.18141038492381706,0.7431717847960035,0.0,0.6974552309142317,0.4343971631205674,0.7043027158986868,0.35069682430888593,0.802289281997919,0.3644355093030591,0.7261521972132894,0.47054263565890864,0.37280701754385914,0.5,0.6000000000000001,0.6425339366515836,0.1131686496128657,0.1131686496128657,0.03738317757009346
0.0,0.7085533262935584,0.3634528942298876,0.5742670220499138,0.45655637829224893,0.5973745430375539,0.4450849041906837,0.7468468468468472,0.462654716175843,0.5513616817964644,0.17870388933440245,0.7354096929122399,0.0,0.6918001885014136,0.4338061465721028,0.7043027158986868,0.3436143477267546,0.7981269510926114,0.35965783664459017,0.7191854233654886,0.4689922480620261,0.37719298245614086,0.5,0.6000000000000001,0.6380090497737556,0.07831943522955062,0.07831943522955062,0.05607476635514019
0.0,0.7085533262935584,0.36111365929731276,0.5689362733220267,0.45824350923235546,0.5973745430375539,0.4450849041906837,0.7468468468468472,0.462654716175843,0.5513616817964644,0.17823132661244073,0.7274535487313842,0.0,0.6974552309142317,0.4338061465721028,0.700945987183395,0.33813114005026357,0.7993161884941313,0.3547973825291677,0.7122186495176848,0.4674418604651187,0.381578947368421,0.5,0.6000000000000001,0.6334841628959276,0.17602313529336786,0.17602313529336786,0.12149532710280375
0.0,0.7085533262935584,0.3771213650123857,0.5662708989580794,0.4601180991658086,0.5946050736678878,0.44087864153294887,0.7468468468468472,0.45838668373879643,0.5513616817964644,0.17704991980753798,0.7149371755688169,0.0,0.6946277097078231,0.4326241134751774,0.6942325297528216,0.33333333333333437,0.7939646201873047,0.35229028697571585,0.7052518756698811,0.46589147286820776,0.3859649122807012,0.5,0.6000000000000001,0.6289592760180995,0.9881483126165562,0.9881483126165562,0.21495327102803738
0.0,0.6969376979936641,0.40088065315108756,0.631693724254905,0.4433405192614116,0.5973745430375539,0.46424676740925364,0.7597597597597565,0.5138711054204013,0.5736127226810417,0.2583951483560543,0.6907776645806055,0.0,0.7266729500471254,0.4858156028368794,0.5876454945725618,0.3450504259277378,0.802289281997919,0.560154525386312,0.6259378349410514,0.583720930232559,0.4605263157894737,0.14285714285714285,0.6000000000000001,0.5912518853695325,0.8187401824844529,0.8187401824844529,0.04672897196261682
0.0,0.6969376979936641,0.40088065315108756,0.631693724254905,0.4450276502015186,0.5973745430375539,0.46424676740925364,0.7657657657657662,0.5138711054204013,0.5714285714285714,0.2583951483560543,0.6925241352544521,0.0,0.7266729500471254,0.4858156028368794,0.5902349710100689,0.3461274845784783,0.802289281997919,0.560154525386312,0.6393354769560546,0.5860465116279094,0.4342105263157895,0.14285714285714285,0.6000000000000001,0.5874811463046755,0.8441399303887058,0.8441399303887058,0.028037383177570097
0.0,0.6969376979936641,0.39840381616365517,0.6295129634116776,0.4490580185584395,0.5973745430375539,0.46424676740925364,0.7657657657657662,0.5123061601934826,0.5749778172138458,0.2583951483560543,0.6843254257022269,0.0,0.7266729500471254,0.4824721377912873,0.5852914250839167,0.3470087143836289,0.8061914672216439,0.5615514624724047,0.652733118971061,0.5883720930232599,0.4078947368421052,0.14285714285714285,0.6000000000000001,0.5837104072398189,0.2915612724481866,0.2915612724481866,0.03738317757009346
0.0,0.6969376979936641,0.39840381616365517,0.6251514417252224,0.45093260849189265,0.6034673756508222,0.46705094251441004,0.7597597597597565,0.5091762697396502,0.5790731008122314,0.2577937048917401,0.6789404744578665,0.0,0.7266729500471254,0.4819148936170212,0.5869392737259673,0.3461274845784783,0.802289281997919,0.560154525386312,0.657556270096463,0.5883720930232599,0.396929824561404,0.13095238095238068,0.6000000000000001,0.5784313725490194,0.755713949580444,0.755713949580444,0.028037383177570097
0.0,0.6969376979936641,0.39840381616365517,0.6178822389144643,0.451776173961946,0.5973745430375539,0.46424676740925364,0.7567567567567568,0.5091762697396502,0.5790731008122314,0.2568915396952685,0.6789404744578665,0.0,0.7266729500471254,0.47963525835866294,0.5911765988055246,0.3461274845784783,0.8037758287498125,0.560154525386312,0.662379421221865,0.5883720930232599,0.3859649122807012,0.11904761904761929,0.6000000000000001,0.5731523378582204,0.5742250616360978,0.5742250616360978,0.03738317757009346
0.0,0.6969376979936641,0.39840381616365517,0.6178822389144643,0.453463304902053,0.6034673756508222,0.46705094251441004,0.7567567567567568,0.5091762697396502,0.5790731008122314,0.2568915396952685,0.6906806384320565,0.0,0.7266729500471254,0.47872340425531923,0.5902349710100689,0.34235777930089095,0.8064516129032258,0.556677704194259,0.6672025723472668,0.5883720930232599,0.375,0.10714285714285714,0.6000000000000001,0.5678733031674208,0.7773605533127199,0.7773605533127199,0.03738317757009346
0.0,0.7085533262935584,0.39840381616365517,0.6106130361037057,0.453463304902053,0.5973745430375539,0.46424676740925364,0.7567567567567568,0.5078958600085361,0.5790731008122314,0.25571013289036565,0.7003832532867619,0.0,0.7320587047260039,0.47492401215805313,0.5923536335498518,0.3401057475766174,0.802289281997919,0.5506937874487545,0.6720257234726688,0.5883720930232599,0.3640350877192987,0.09523809523809498,0.6000000000000001,0.5625942684766212,0.8218714938365564,0.8218714938365564,0.03738317757009346
0.0,0.7085533262935584,0.39840381616365517,0.6106130361037057,0.453463304902053,0.5973745430375539,0.46424676740925364,0.7627627627627656,0.5053350405463082,0.5790731008122314,0.2538843223736968,0.7217290059671082,0.0,0.7360980207351553,0.47092198581560285,0.5902349710100689,0.3358464701850581,0.802289281997919,0.5394591611479014,0.6768488745980707,0.5883720930232599,0.353070175438596,0.08333333333333358,0.6000000000000001,0.5573152337858222,0.02661302263691253,0.02661302263691253,0.04672897196261682
0.0,0.7085533262935584,0.39840381616365517,0.6106130361037057,0.45449432936545253,0.606513791957461,0.46845303006698846,0.7657657657657662,0.5053350405463082,0.5790731008122314,0.2536480410127157,0.733178091495657,0.0,0.7360980207351553,0.46529888551165244,0.5911765988055246,0.33476941153431783,0.802289281997919,0.5310627562283192,0.6816720257234725,0.5883720930232599,0.3421052631578947,0.07142857142857142,0.6000000000000001,0.5520361990950227,0.976427536327154,0.976427536327154,0.03738317757009346
0.0,0.7085533262935584,0.3965691220988894,0.6106130361037057,0.4557831099446997,0.606513791957461,0.46564885496183184,0.7657657657657662,0.5024896855882754,0.5790731008122314,0.2519597032878908,0.7509338766797642,0.0,0.7360980207351553,0.46099290780141855,0.5935306682941701,0.3221384509938312,0.802289281997919,0.526131346578365,0.6881028938906752,0.5899224806201602,0.3311403508771935,0.07142857142857142,0.6000000000000001,0.5497737556561086,0.36564491524184195,0.36564491524184195,0.04672897196261682
0.0,0.7191129883843714,0.3946426933308864,0.6106130361037057,0.453463304902053,0.6120527306968007,0.46424676740925364,0.7657657657657662,0.5010670081092616,0.5820763087843861,0.2512637472791844,0.7606364915344694,0.0,0.7433687895516392,0.45830800405268435,0.5935306682941701,0.3142073827474776,0.802289281997919,0.5198281299274665,0.6945337620578778,0.5914728682170498,0.32017543859649067,0.07142857142857142,0.6000000000000001,0.5475113122171946,0.2586719563802707,0.2586719563802707,0.03738317757009346
0.0,0.7191129883843714,0.390973305201358,0.6106130361037057,0.45093260849189265,0.6120527306968007,0.46424676740925364,0.7657657657657662,0.4963721724285104,0.5790731008122314,0.24937349639133904,0.765293746664727,0.0,0.750235626767201,0.45319148936170195,0.5935306682941701,0.3070596298834818,0.802289281997919,0.5142108167770405,0.7009646302250805,0.5930232558139537,0.3092105263157895,0.07142857142857142,0.6000000000000001,0.5452488687782806,0.45716196183509905,0.45716196183509905,0.04672897196261682
0.0,0.7191129883843714,0.39014769287221407,0.6106130361037057,0.45093260849189265,0.6148222000664672,0.4608194422807306,0.7657657657657662,0.4938113529662824,0.5850795167565306,0.24937349639133904,0.7575316547809635,0.0,0.7540056550424128,0.44756838905775176,0.5935306682941701,0.2996181337510999,0.802289281997919,0.5080022075055171,0.707395498392283,0.5945736434108646,0.2982456140350882,0.07142857142857142,0.6000000000000001,0.5429864253393666,0.2762966909727625,0.2762966909727625,0.06542056074766356
0.0,0.7261527631115838,0.39014769287221407,0.6052822873758188,0.451776173961946,0.6148222000664672,0.46424676740925364,0.7657657657657662,0.49253094323516877,0.5895843287147635,0.24904270248596622,0.7606364915344694,0.0,0.7540056550424128,0.4417021276595745,0.5935306682941701,0.2909527073337903,0.802289281997919,0.5010485651214112,0.7138263665594855,0.5961240310077436,0.28728070175438547,0.07142857142857142,0.6000000000000001,0.5407239819004525,0.09685338248719827,0.09685338248719827,0.06542056074766356
0.0,0.7328405491024286,0.3862948353362081,0.6058153622486051,0.4519448870559567,0.6148222000664672,0.4591057797164668,0.7717717717717749,0.49253094323516877,0.5895843287147635,0.24744887730553305,0.76451753747635,0.0,0.7599299851891701,0.4389057750759895,0.604516325907841,0.2981004601977859,0.802289281997919,0.4971578366445899,0.720257234726688,0.5976744186046545,0.2763157894736842,0.07142857142857142,0.6000000000000001,0.5384615384615384,0.5744996924603446,0.5744996924603446,0.06542056074766356
0.0,0.7391763463569163,0.38464361067791986,0.6026169130118715,0.45093260849189265,0.6148222000664672,0.46253310484498966,0.7747747747747746,0.49253094323516877,0.5895843287147635,0.24636627906976732,0.7606364915344694,0.0,0.7643732327992458,0.43617021276595747,0.6200793408605416,0.30500342700479766,0.802289281997919,0.4910320088300206,0.7154340836012862,0.5988372093023244,0.2916666666666672,0.09523809523809498,0.6000000000000001,0.5482654600301661,0.11794667004369598,0.11794667004369598,0.06542056074766356
0.0,0.7391763463569163,0.38088248784515133,0.6026169130118715,0.4547005342581313,0.6148222000664672,0.4591057797164668,0.7747747747747746,0.48940105278133594,0.5895843287147635,0.24518487226486457,0.7509338766797642,0.0,0.7643732327992458,0.43321513002364176,0.633419067962858,0.31381572505630206,0.8057578910856711,0.48703090507725966,0.7106109324758842,0.6000000000000014,0.3070175438596485,0.11904761904761929,0.6000000000000001,0.5580693815987932,0.8770008473002596,0.8770008473002596,0.06542056074766356
0.0,0.7462161210841287,0.38088248784515133,0.6026169130118715,0.45611451066507736,0.6148222000664672,0.4591057797164668,0.7747747747747746,0.48783610755441753,0.5895843287147635,0.24471230954290285,0.7429777324989085,0.0,0.7681432610744581,0.431063829787234,0.6429661275556899,0.3252227553118574,0.8057578910856711,0.483995584988961,0.7057877813504823,0.6011627906976749,0.3223684210526315,0.14285714285714285,0.6000000000000001,0.5678733031674208,0.7637920219817631,0.7637920219817631,0.06542056074766356
0.0,0.7497360084477294,0.38088248784515133,0.6026169130118715,0.4547005342581313,0.6148222000664672,0.4591057797164668,0.7747747747747746,0.48527528809218956,0.5895843287147635,0.24355238286172448,0.7526803473536109,0.0,0.7737983034872762,0.4279255319148936,0.6542133484458725,0.332223636541662,0.8092265001734338,0.48289183222957743,0.7009646302250805,0.6023255813953519,0.33771929824561453,0.16666666666666638,0.6000000000000001,0.5776772247360484,0.9618652420121079,0.9618652420121079,0.07476635514018692
0.0,0.752639915522703,0.37824511512705294,0.6026169130118715,0.4556726430379062,0.6148222000664672,0.4591057797164668,0.7747747747747746,0.48399487836107546,0.594362159579551,0.2433590617481955,0.7575316547809635,0.0,0.7737983034872762,0.4255319148936172,0.664021971315226,0.3466758053461274,0.802289281997919,0.4773730684326696,0.6961414790996783,0.6034883720930253,0.353070175438596,0.19047619047619072,0.6000000000000001,0.5874811463046755,0.8652485937577947,0.8652485937577947,0.06542056074766356
0.0,0.7613516367476236,0.376387487386479,0.6026169130118715,0.45655637829224893,0.6148222000664672,0.4591057797164668,0.7747747747747746,0.48399487836107546,0.5991399904443384,0.2433590617481955,0.765293746664727,0.0,0.7737983034872762,0.4224113475177307,0.6742229390993519,0.3655634975031834,0.802289281997919,0.4715783664459148,0.6913183279742765,0.6046511627906952,0.36842105263157887,0.21428571428571427,0.6000000000000001,0.5972850678733032,0.53220799701497,0.53220799701497,0.08411214953271029
0.0,0.7613516367476236,0.376387487386479,0.5984630828342921,0.45872554664381593,0.6148222000664672,0.4591057797164668,0.7747747747747746,0.48399487836107546,0.5991399904443384,0.24292945927368587,0.7635472759908805,0.0,0.7737983034872762,0.421631205673759,0.6801342691486103,0.37422892392049345,0.802289281997919,0.46909492273730535,0.6966773847802796,0.6054263565891382,0.353070175438596,0.21428571428571427,0.6000000000000001,0.5874811463046755,0.7752542632984716,0.7752542632984716,0.07476635514018692
0.0,0.7613516367476236,0.3727180992569503,0.5953477102011129,0.45475677195613484,0.6148222000664672,0.4591057797164668,0.7747747747747746,0.48114952340304273,0.5991399904443384,0.24185545308740958,0.7657546208703246,0.0,0.7737983034872762,0.421631205673759,0.6850778150747625,0.391510819543718,0.8092265001734338,0.4715783664459148,0.7020364415862796,0.6062015503876061,0.33771929824561453,0.21428571428571427,0.6000000000000001,0.5776772247360484,0.708486026333694,0.708486026333694,0.07476635514018692
0.0,0.7613516367476236,0.36244381249426594,0.5906746512513408,0.43767657967676643,0.6175916694361332,0.4548995170587318,0.7747747747747746,0.4797268459240289,0.6005050849771332,0.2389556363844661,0.7634502498423315,0.0,0.7775683317624884,0.41971631205673776,0.6850778150747625,0.40061686086360493,0.802289281997919,0.46909492273730535,0.707395498392283,0.6069767441860492,0.3223684210526315,0.21428571428571427,0.6000000000000001,0.5678733031674208,0.6997866348272331,0.6997866348272331,0.06542056074766356
0.0,0.7613516367476236,0.35161911751215524,0.5815362248606721,0.43687318399100217,0.6231306081754733,0.4483564418133663,0.7747747747747746,0.4797268459240289,0.6086956521739129,0.23758520449077775,0.76451753747635,0.0,0.7737983034872762,0.4172576832151311,0.6916168969876644,0.39841378635072977,0.802289281997919,0.46909492273730535,0.7127545551982861,0.6077519379844887,0.3070175438596485,0.21428571428571427,0.6000000000000001,0.5580693815987932,0.6759556874134435,0.6759556874134435,0.08411214953271029
0.14285714285714285,0.7613516367476236,0.3441886065498583,0.5877669701270376,0.43904235234256916,0.6231306081754733,0.44368281663810527,0.7747747747747746,0.4781619006971103,0.6086956521739129,0.23319896322602768,0.7682045311211381,0.0,0.7737983034872762,0.4095153664302589,0.6982606042111676,0.3822481151473609,0.802289281997919,0.4677152317880793,0.7181136120042861,0.6085271317829566,0.2916666666666672,0.21428571428571427,0.6000000000000001,0.5482654600301661,0.30029373055632386,0.30029373055632386,0.06542056074766356
0.0,0.7683914114748356,0.34583983120814654,0.5888054276714303,0.4367044708969915,0.6231306081754733,0.44368281663810527,0.7747747747747746,0.4724711907810497,0.6172957477305301,0.22772153167602233,0.7749381458303013,0.0,0.7737983034872762,0.4006382978723404,0.7043027158986868,0.3749143248800546,0.802289281997919,0.45640176600441174,0.7234726688102893,0.6093023255813961,0.2763157894736842,0.21428571428571427,0.6000000000000001,0.5384615384615384,0.7570814078954142,0.7570814078954142,0.05607476635514019
0.0,0.7683914114748356,0.33877625905880127,0.5836131399494582,0.4243402112930651,0.6203611388058072,0.4419691540738411,0.7747747747747746,0.4696258358230174,0.6172957477305301,0.22348994730209587,0.7663610342987425,0.0,0.7737983034872762,0.3945626477541384,0.7088800732377165,0.36964530500342674,0.802289281997919,0.4470198675496686,0.7261521972132894,0.6100775193798391,0.28070175438596434,0.21428571428571427,0.6000000000000001,0.546003016591252,0.34972129598381035,0.34972129598381035,0.07476635514018692
0.0,0.7613516367476236,0.3257499311989731,0.5742670220499138,0.4102727528353176,0.6148222000664672,0.4298177286181628,0.7747747747747746,0.4664959453691848,0.619206880076445,0.21863973536487563,0.7671372434871199,0.0,0.7737983034872762,0.3916666666666666,0.7152883735123581,0.3637422892392048,0.8092265001734338,0.44426048565121246,0.7288317256162926,0.6108527131782999,0.28508771929824617,0.21428571428571427,0.6000000000000001,0.5535444947209651,0.1307520977022339,0.1307520977022339,0.05607476635514019
0.0,0.7613516367476236,0.312081460416475,0.5702689605039966,0.40486456087730927,0.6148222000664672,0.4143947655398017,0.7657657657657662,0.4612320386968287,0.626851409460105,0.21371649100698759,0.7690777664580615,0.0,0.7737983034872762,0.38851063829787225,0.7226121452548053,0.35631058454910525,0.802289281997919,0.4344646799116969,0.7315112540192925,0.6116279069767465,0.2894736842105263,0.21428571428571427,0.6000000000000001,0.5610859728506787,0.8609822383227066,0.8609822383227066,0.08411214953271029
0.0,0.7613516367476236,0.312081460416475,0.559001696147321,0.40133095885275116,0.6148222000664672,0.4050475151892796,0.7657657657657662,0.45081092616303864,0.6310559006211183,0.20958801122694454,0.7663610342987425,0.0,0.7737983034872762,0.38617021276595764,0.7259078425389065,0.3492117888965043,0.802289281997919,0.43142935982339825,0.7341907824222926,0.6124031007751896,0.2938596491228065,0.21428571428571427,0.6000000000000001,0.5686274509803924,0.4479472872069747,0.4479472872069747,0.36448598130841126
0.0,0.7613516367476236,0.33033666636088577,0.559001696147321,0.40369294216890084,0.6120527306968007,0.386041439476555,0.7657657657657662,0.44259496372172435,0.6373626373626375,0.20510296139305767,0.7760636491534478,0.0,0.7737983034872762,0.38617021276595764,0.72967435372074,0.34823264466856063,0.802289281997919,0.4277041942604842,0.7368703108252959,0.6131782945736504,0.2982456140350882,0.21428571428571427,0.6000000000000001,0.5761689291101053,0.8570429508054183,0.8570429508054183,0.4766355140186916
0.0,0.7613516367476236,0.40574259242271493,0.559001696147321,0.4154466210516452,0.606513791957461,0.37669418912603336,0.7657657657657662,0.44259496372172435,0.6373626373626375,0.20294206094627093,0.7722796293601136,0.0,0.7719132893496699,0.38617021276595764,0.7275556911809575,0.33982179575051386,0.802289281997919,0.4277041942604842,0.7395498392282958,0.613953488372097,0.30263157894736836,0.21428571428571427,0.6000000000000001,0.5837104072398189,0.01877187053288029,0.01877187053288029,0.14018691588785048
0.0,0.7613516367476236,0.4431703513439147,0.559001696147321,0.43715437248101996,0.606513791957461,0.38479513942981725,0.7657657657657662,0.4451557831839523,0.6373626373626375,0.20572588498109795,0.7548149226216474,0.0,0.7643732327992458,0.38617021276595764,0.7308513884650583,0.3322725937530602,0.802289281997919,0.42632450331125793,0.7374062165058939,0.6147286821705364,0.30482456140350933,0.21428571428571427,0.6000000000000001,0.5837104072398189,0.5075054762042773,0.5075054762042773,0.08411214953271029
0.0,0.7613516367476236,0.40299055132556805,0.5557305548824798,0.4454142843752932,0.6120527306968007,0.3875993145349741,0.7657657657657662,0.44985061886470357,0.6373626373626375,0.2087760625501202,0.7341483529811293,0.0,0.7643732327992458,0.38617021276595764,0.7308513884650583,0.32899246058944476,0.802289281997919,0.42632450331125793,0.7352625937834951,0.6155038759690008,0.3070175438596485,0.21428571428571427,0.6000000000000001,0.5837104072398189,0.11941590558647373,0.11941590558647373,0.1869158878504673
0.0,0.7613516367476236,0.38170810017429546,0.5524594136176384,0.4481207235917145,0.6148222000664672,0.3955444773329173,0.7597597597597565,0.4524114383269311,0.6373626373626375,0.20954934700423905,0.724445738126424,0.0,0.7643732327992458,0.39134751773049636,0.7308513884650583,0.32899246058944476,0.802289281997919,0.4277041942604842,0.7331189710610932,0.6162790697674403,0.3092105263157895,0.21428571428571427,0.6000000000000001,0.5837104072398189,0.7735207718266046,0.7735207718266046,0.09345794392523364
0.0,0.7613516367476236,0.35987524080359656,0.5409325348748666,0.4497275149632459,0.6148222000664672,0.40220439320766443,0.7567567567567568,0.45838668373879643,0.6373626373626375,0.20985866078588594,0.7139669140833445,0.0,0.7643732327992458,0.3978014184397163,0.7308513884650583,0.32960932145305,0.802289281997919,0.43018763796909343,0.7309753483386912,0.6170542635658833,0.31140350877193035,0.21428571428571427,0.6000000000000001,0.5837104072398189,0.27108332292286696,0.27108332292286696,0.05607476635514019
0.0,0.7497360084477294,0.3440968718466211,0.5284710443421359,0.45408191958009214,0.6148222000664672,0.40348964013086097,0.7567567567567568,0.4612320386968287,0.6373626373626375,0.2087760625501202,0.7081453451705224,0.0,0.7584489026524877,0.4040020263424504,0.7284973189764128,0.33207676490747073,0.802289281997919,0.43598233995584845,0.7288317256162926,0.6178294573643512,0.31359649122806965,0.21428571428571427,0.6000000000000001,0.5837104072398189,0.3461430067067328,0.3461430067067328,0.05607476635514019
0.0,0.7497360084477294,0.34061095312356704,0.5226556820935289,0.4620395538475962,0.6148222000664672,0.40348964013086097,0.7567567567567568,0.46393512590695685,0.6373626373626375,0.20658079390537282,0.6963081550477864,0.0,0.7540056550424128,0.41049645390070943,0.7259078425389065,0.33358464701850576,0.802289281997919,0.43846578366445765,0.7266881028938907,0.6186046511627907,0.3157894736842105,0.21428571428571427,0.6000000000000001,0.5837104072398189,0.5773845436975321,0.5773845436975321,0.05607476635514019
0.0,0.7497360084477294,0.34061095312356704,0.5193845408286877,0.47178742150154773,0.6148222000664672,0.40348964013086097,0.7567567567567568,0.4696258358230174,0.6373626373626375,0.20576884522854838,0.6906806384320565,0.005325244354566936,0.7540056550424128,0.419636524822695,0.7261432494877682,0.337755801429551,0.802289281997919,0.44426048565121246,0.7197213290460869,0.6213178294573751,0.33771929824561453,0.21428571428571427,0.6000000000000001,0.5965309200603317,0.3721057531218075,0.3721057531218075,0.08411214953271029
0.0,0.7391763463569163,0.3468489129437682,0.5132057184395431,0.48130096541381573,0.6034673756508222,0.408163265306122,0.75345345345345,0.47659695547019654,0.6373626373626375,0.20576884522854838,0.6809974288070646,0.024759015840916783,0.7521206409048069,0.4282269503546101,0.7275556911809575,0.3596298834818368,0.802289281997919,0.441225165562914,0.7127545551982861,0.6240310077519347,0.359649122807017,0.21428571428571427,0.6000000000000001,0.6093514328808447,0.5981750388024444,0.5981750388024444,0.09345794392523364
0.0,0.7391763463569163,0.3505183010732964,0.5015749939423295,0.4910019683194301,0.5918356042982134,0.4143947655398017,0.7468468468468472,0.4825722008820612,0.6373626373626375,0.20576884522854838,0.6764663076699171,0.038574317492416584,0.7513127777029782,0.43606889564336515,0.7334670212302155,0.41848624302359827,0.802289281997919,0.46330022075055033,0.7057877813504823,0.6267441860465155,0.381578947368421,0.21428571428571427,0.6000000000000001,0.6221719457013575,0.6595922987705616,0.6595922987705616,0.08411214953271029
0.2857142857142857,0.7919746568109816,0.30024768369874266,0.554640174460866,0.4526197394319994,0.667165171153207,0.4577036921638884,0.7858858858858826,0.5309432351685872,0.7520305781175345,0.25211758219727337,0.6702081210886335,0.0,0.7643732327992458,0.39586288416075543,0.750076289288983,0.30808773132282385,0.8220603537981266,0.3821743929359809,0.6205787781350482,0.6813953488372135,0.5482456140350881,0.30952380952380926,0.47692307692307695,0.6530920060331823,0.09697503134654807,0.09697503134654807,0.12149532710280375
0.2857142857142857,0.799014431538194,0.3057517658930369,0.5638478313544957,0.4526197394319994,0.6721502160186108,0.4548995170587318,0.7984984984984951,0.5622421397069266,0.7554706163401816,0.24844125902165187,0.6723426963566672,0.0,0.7643732327992458,0.3932624113475176,0.750076289288983,0.30862626064819376,0.8158168574401665,0.3821743929359809,0.6189710610932475,0.680232558139533,0.5438596491228066,0.29761904761904784,0.4461538461538462,0.6478129713423832,0.870483604427688,0.870483604427688,0.11214953271028037
0.2857142857142857,0.799014431538194,0.3092376846160907,0.5662708989580794,0.453463304902053,0.6721502160186108,0.4548995170587318,0.8048048048048015,0.5763266467491803,0.7520305781175345,0.24331610150074506,0.6742832193276089,0.0,0.7643732327992458,0.3932624113475176,0.750076289288983,0.31048663468128823,0.8126951092611863,0.3821743929359809,0.6173633440514469,0.6790697674418631,0.5394736842105263,0.2857142857142857,0.4153846153846154,0.6425339366515836,0.7008732346329773,0.7008732346329773,0.12149532710280375
0.0,0.6969376979936641,0.32409870654068484,0.5888054276714303,0.40425531914893653,0.6480558325024925,0.44087864153294887,0.7657657657657662,0.41001564945227065,0.38795986622073575,0.15849538893344023,0.6422645903070878,0.0,0.6701225259189443,0.39952718676123045,0.6585291425083906,0.3461274845784783,0.7284079084287203,0.29663355408388203,0.5535905680600225,0.6449612403100708,0.5197368421052632,0.07142857142857142,0.42820512820512774,0.5452488687782806,0.20023489855270118,0.20023489855270118,0.03738317757009346
0.0,0.6969376979936641,0.3250160535730662,0.6052822873758188,0.3984440903552341,0.6361471142129194,0.42825985355974416,0.7657657657657662,0.4024754588134871,0.38795986622073575,0.15473207125673055,0.6653568136612809,0.0,0.6701225259189443,0.3945626477541384,0.6585291425083906,0.3411240575736805,0.7214706902532042,0.2880794701986753,0.5659163987138263,0.6441860465116314,0.48684210526315785,0.07142857142857142,0.4307692307692308,0.5384615384615384,0.39436674500203867,0.39436674500203867,0.04672897196261682
0.0,0.6969376979936641,0.32134666544353796,0.6154591713108799,0.4038804011622471,0.6361471142129194,0.43449135379342385,0.7717717717717749,0.4056053492673195,0.38604873387482086,0.15097734562951076,0.6500266821908516,0.0,0.673264216148284,0.3908983451536632,0.6570905444875517,0.3382453735435227,0.7180020811654526,0.2911147902869744,0.5696677384780289,0.6434108527131883,0.491228070175438,0.07142857142857142,0.42051282051282,0.5467571644042231,0.7093603592589596,0.7093603592589596,0.03738317757009346
0.0,0.6969376979936641,0.31831942023667614,0.6203053065180479,0.3992876558252876,0.6389165835825854,0.44228072908552685,0.7747747747747746,0.41101152368758,0.37840420449116086,0.1486317161186848,0.6626400815019649,0.0,0.6795475966069746,0.38167848699763485,0.6545010680500445,0.3329677861549005,0.7180020811654526,0.2798013245033111,0.5734190782422283,0.6426356589147204,0.49561403508771984,0.07142857142857142,0.41025641025641074,0.5550527903469081,0.30960859352938486,0.30960859352938486,0.03738317757009346
0.0,0.6969376979936641,0.3148335015136221,0.6295129634116776,0.3936638860249315,0.6450094161958537,0.44228072908552685,0.7801801801801804,0.41101152368758,0.38413760152890597,0.1476393344025661,0.6723426963566672,0.0,0.6764059063776335,0.3755319148936169,0.6585291425083906,0.3279154019387043,0.7086368366285118,0.2731788079470199,0.5771704180064308,0.6418604651162809,0.5,0.07142857142857142,0.4,0.5633484162895928,0.20022154616137097,0.20022154616137097,0.03738317757009346
0.0,0.6969376979936641,0.312081460416475,0.631693724254905,0.3879463867279035,0.6450094161958537,0.4450849041906837,0.7828828828828829,0.415706359368331,0.37840420449116086,0.14940500057280365,0.6557512249551245,0.0,0.6764059063776335,0.3755319148936169,0.6545010680500445,0.3252227553118574,0.7086368366285118,0.2814569536423839,0.5809217577706334,0.6410852713178414,0.5043859649122802,0.07142857142857142,0.38974358974358925,0.5716440422322773,0.06210168098710171,0.06210168098710171,0.03738317757009346
0.0,0.6969376979936641,0.3100632969452348,0.631693724254905,0.38419720686100045,0.6389165835825854,0.4450849041906837,0.7828828828828829,0.4185517143263635,0.37840420449116086,0.15064655172413793,0.6576917479260662,0.0,0.6795475966069746,0.3794326241134751,0.6527747504250425,0.32390091060413284,0.7086368366285118,0.2923565121412788,0.5846730975348328,0.6403100775193735,0.5087719298245619,0.07142857142857142,0.37948717948717997,0.5799396681749625,0.7474616915571807,0.7474616915571807,0.028037383177570097
0.0,0.6969376979936641,0.30758645995780265,0.631693724254905,0.38063548598744057,0.6450094161958537,0.4450849041906837,0.7828828828828829,0.41997439180537777,0.37840420449116086,0.14998496391339206,0.6577887740746122,0.0,0.6795475966069746,0.3794326241134751,0.6484589563625254,0.3221384509938312,0.7086368366285118,0.294839955849888,0.5884244372990354,0.6395348837209269,0.513157894736842,0.07142857142857142,0.36923076923076925,0.5882352941176471,0.6079269637952294,0.6079269637952294,0.04672897196261682
0.0,0.6969376979936641,0.30758645995780265,0.631693724254905,0.38063548598744057,0.6389165835825854,0.44228072908552685,0.7828828828828829,0.42253521126760574,0.37840420449116086,0.15515737770649546,0.6653568136612809,0.0,0.6795475966069746,0.3794326241134751,0.6484589563625254,0.3221384509938312,0.7086368366285118,0.2993929359823384,0.5916398713826366,0.6391472868217001,0.5175438596491222,0.07142857142857142,0.40769230769230774,0.5950226244343891,0.8680196844279328,0.8680196844279328,0.04672897196261682
0.0,0.6969376979936641,0.30758645995780265,0.6251514417252224,0.38063548598744057,0.6480558325024925,0.44368281663810527,0.7858858858858826,0.425380566225638,0.37840420449116086,0.157116364990262,0.6761267161500015,0.0,0.6795475966069746,0.3794326241134751,0.6484589563625254,0.3199965729952021,0.7086368366285118,0.2993929359823384,0.594855305466238,0.638759689922491,0.521929824561404,0.07142857142857142,0.4461538461538462,0.6018099547511312,0.510716851138355,0.510716851138355,0.04672897196261682
0.0,0.7046814501935896,0.3092376846160907,0.6203053065180479,0.37876089605398766,0.6480558325024925,0.44087864153294887,0.7918918918918922,0.4310712761416986,0.37840420449116086,0.15642040898155568,0.6761267161500015,0.0,0.6795475966069746,0.3794326241134751,0.6484589563625254,0.31871144619602454,0.7086368366285118,0.294839955849888,0.5980707395498392,0.638372093023257,0.5263157894736842,0.07142857142857142,0.4846153846153846,0.6085972850678733,0.09315847274705241,0.09315847274705241,0.03738317757009346
0.0,0.7085533262935584,0.306577378222181,0.6178822389144643,0.37876089605398766,0.6480558325024925,0.44087864153294887,0.7918918918918922,0.4323516858728125,0.37840420449116086,0.15797556993928313,0.6733129578421395,0.0,0.6795475966069746,0.3794326241134751,0.6484589563625254,0.3181729168706542,0.7016996184529967,0.294839955849888,0.6012861736334405,0.6379844961240266,0.5307017543859645,0.07142857142857142,0.5230769230769232,0.6153846153846154,0.2375532366843618,0.2375532366843618,0.04672897196261682
0.0,0.7085533262935584,0.30455921475094083,0.6178822389144643,0.38063548598744057,0.6480558325024925,0.44087864153294887,0.7918918918918922,0.4323516858728125,0.37840420449116086,0.1579540898155572,0.6650778634842092,0.0,0.6795475966069746,0.3794326241134751,0.6484589563625254,0.31720356408498973,0.6982310093652446,0.2993929359823384,0.6045016077170418,0.6375968992248175,0.5350877192982461,0.07142857142857142,0.5615384615384615,0.6221719457013575,0.6995983304335499,0.6995983304335499,0.05607476635514019
0.0,0.7085533262935584,0.30332079625722463,0.6178822389144643,0.38063548598744057,0.6480558325024925,0.44087864153294887,0.7918918918918922,0.4323516858728125,0.3801788273837936,0.20463039867109595,0.6606554557362306,0.0,0.686616399622997,0.3806146572104008,0.6484589563625254,0.31871144619602454,0.6982310093652446,0.2993929359823384,0.607717041800643,0.6372093023255836,0.5394736842105263,0.07142857142857142,0.6000000000000001,0.6289592760180995,0.27146132265225115,0.27146132265225115,0.03738317757009346
0.0,0.7191129883843714,0.30281625538941537,0.6130361037072891,0.38063548598744057,0.650132934529744,0.4395933946097521,0.7918918918918922,0.4323516858728125,0.4842809364548495,0.6459051724137927,0.670628567732336,0.0,0.6889726672950045,0.3794326241134751,0.6484589563625254,0.3164496230294722,0.7016996184529967,0.3033250551876363,0.6120042872454436,0.636434108527137,0.521929824561404,0.08333333333333358,0.5692307692307692,0.6206636500754149,0.9490376945796805,0.9490376945796805,0.05607476635514019
0.0,0.7191129883843714,0.29933033666636133,0.6154591713108799,0.3831661823976009,0.6563642406114987,0.43573765384016183,0.7951951951951985,0.4323516858728125,0.6056924442017582,0.7834767728262115,0.6706031561220027,0.0,0.6889726672950045,0.3794326241134751,0.6484589563625254,0.3294330754920185,0.7019036542816954,0.308328463835865,0.6162915326902476,0.6356589147286797,0.5043859649122802,0.09523809523809498,0.5384615384615385,0.6123680241327298,0.8608300318202101,0.8608300318202101,0.06542056074766356
0.0,0.7191129883843714,0.29630309145949973,0.6106130361037057,0.3831661823976009,0.6563642406114987,0.43433556628758363,0.8018018018018018,0.4323516858728125,0.5475394171046342,0.7737720529270242,0.6764299228642119,0.0,0.6950989632422242,0.3794326241134751,0.6545010680500445,0.35003427004797794,0.6966301128632051,0.3072253353710306,0.6205787781350482,0.6348837209302367,0.48684210526315785,0.10714285714285714,0.5076923076923077,0.6040723981900452,0.7424367056800799,0.7424367056800799,0.05607476635514019
0.0,0.7261527631115838,0.2983212549307397,0.6106130361037057,0.3871028212578501,0.6563642406114987,0.431531391182427,0.8018018018018018,0.43391663109973133,0.5261074329397324,0.7703953774773744,0.6805302105840606,0.0,0.6974552309142317,0.3794326241134751,0.6650682244212929,0.3621854499167716,0.6917273673257023,0.30935258002207355,0.6248660235798489,0.6341085271317901,0.46929824561403555,0.11904761904761929,0.47692307692307695,0.5957767722473606,0.44079425365706126,0.44079425365706126,0.07476635514018692
0.0,0.7296726504751845,0.2973121731951214,0.6106130361037057,0.388789952197957,0.6563642406114987,0.4329334787350052,0.8018018018018018,0.4358728126333762,0.5074056378404206,0.7728698877305527,0.6676226596008792,0.0,0.6974552309142317,0.3794326241134751,0.6768385718645091,0.3701165181631252,0.6956295525494276,0.31553532008829865,0.6291532690246527,0.6333333333333258,0.4517543859649117,0.13095238095238068,0.4461538461538462,0.5874811463046755,0.5502714747272068,0.5502714747272068,0.05607476635514019
0.0,0.7296726504751845,0.2973121731951214,0.6026169130118715,0.38982097666135673,0.6563642406114987,0.43573765384016183,0.8018018018018018,0.4346991037131882,0.5016722408026755,0.7698626704089813,0.6666504956419095,0.0,0.6998114985862396,0.38031914893617014,0.6828545272243773,0.3685009301870148,0.689661504560197,0.3137823009998675,0.6334405144694533,0.6325581395348863,0.4342105263157895,0.14285714285714285,0.4153846153846154,0.5791855203619909,0.601575544824356,0.601575544824356,0.06542056074766356
0.0,0.7328405491024286,0.29630309145949973,0.60461594378483,0.3925859968131974,0.6563642406114987,0.431531391182427,0.8018018018018018,0.4370465215535637,0.4870202261506642,0.7475691659983954,0.6835613447824189,0.0,0.7053094564875868,0.3823877068557908,0.690570643881598,0.36785469499657286,0.6970067943930902,0.31580314244903107,0.6334405144694533,0.6317829457364432,0.43640350877193035,0.14285714285714285,0.4461538461538462,0.5814479638009049,0.7225914216953406,0.7225914216953406,0.06542056074766356
0.0,0.7391763463569163,0.29630309145949973,0.6106130361037057,0.39469491048833094,0.6563642406114987,0.43433556628758363,0.8018018018018018,0.4370465215535637,0.4835164835164836,0.694742381716118,0.6878668801241945,0.0,0.706880301602262,0.38297872340425543,0.6942325297528216,0.36414373837266245,0.6982310093652446,0.32002462217693695,0.6334405144694533,0.6310077519379789,0.43859649122806965,0.14285714285714285,0.47692307692307695,0.5837104072398189,0.12626926832848973,0.12626926832848973,0.06542056074766356
0.0,0.7426962337205165,0.2973121731951214,0.6052822873758188,0.39282032055487803,0.6563642406114987,0.431531391182427,0.8048048048048015,0.43846919903257753,0.4835164835164836,0.6409561519074356,0.6910687430262467,0.0,0.7086082312283974,0.3815996847911738,0.7079646017699104,0.3644962302947221,0.6988813735691985,0.32370998896247083,0.6334405144694533,0.6302325581395358,0.4407894736842105,0.14285714285714285,0.5076923076923077,0.585972850678733,0.43356537685703206,0.43356537685703206,0.06542056074766356
0.0,0.7497360084477294,0.29933033666636133,0.6052822873758188,0.39282032055487803,0.6563642406114987,0.431531391182427,0.8063063063063065,0.4391805377720872,0.4835164835164836,0.5795659582999195,0.7013535147722312,0.0,0.7172478793590951,0.3794326241134751,0.7108417978115891,0.36957798883775506,0.7026906496209262,0.3244343267108154,0.6334405144694533,0.6294573643410963,0.44298245614035137,0.14285714285714285,0.5384615384615385,0.5882352941176471,0.8053860199329619,0.8053860199329619,0.05607476635514019
0.0,0.7536078845476981,0.30024768369874266,0.6106130361037057,0.39553847595838443,0.6563642406114987,0.43433556628758363,0.8108108108108112,0.44131455399061026,0.4835164835164836,0.5141804616794594,0.7104739727356514,0.0,0.7172478793590951,0.3794326241134751,0.7189502593835817,0.3728581220013705,0.7011215169383769,0.3243193524650454,0.6334405144694533,0.6286821705426284,0.44517543859649067,0.14285714285714285,0.5692307692307692,0.5904977375565611,0.8023549786637239,0.8023549786637239,0.07476635514018692
0.0,0.7613516367476236,0.3037336024217967,0.6154591713108799,0.3992876558252876,0.6563642406114987,0.4336345225112943,0.8108108108108112,0.44700526390667084,0.4835164835164836,0.4667050922213309,0.7200553049046718,0.0,0.7172478793590951,0.3794326241134751,0.7226121452548053,0.37256437873298864,0.6982310093652446,0.31654709345106347,0.6334405144694533,0.6279069767441854,0.4473684210526315,0.14285714285714285,0.6000000000000001,0.5927601809954751,0.8238661487027739,0.8238661487027739,0.06542056074766356
0.0,0.7648715241112243,0.3063939088157066,0.6154591713108799,0.4011622457587405,0.6563642406114987,0.4346860881757282,0.8138138138138109,0.46550007113387526,0.4835164835164836,0.44675435330507535,0.7263862610973658,0.0,0.7196041470311025,0.38031914893617014,0.7308513884650583,0.3706648389307743,0.6982310093652446,0.32245348470514057,0.639871382636656,0.627519379844955,0.44298245614035137,0.14285714285714285,0.6000000000000001,0.5972850678733032,0.4517219992471686,0.4517219992471686,0.07476635514018692
0.0,0.7719112988384371,0.30841207228694656,0.6106130361037057,0.40284937669884735,0.6563642406114987,0.43573765384016183,0.8198198198198201,0.47119078104993606,0.4835164835164836,0.43031776263031246,0.7273010790693815,0.0,0.7266729500471254,0.3852583586626135,0.7308513884650583,0.3645843532752362,0.7059053069719041,0.3260899558498882,0.6463022508038585,0.6271317829457459,0.43859649122806965,0.14285714285714285,0.6000000000000001,0.6018099547511312,0.21252358298469495,0.21252358298469495,0.05607476635514019
0.0,0.7719112988384371,0.3094211540225682,0.6106130361037057,0.4059424500890433,0.6563642406114987,0.43573765384016183,0.8198198198198201,0.47119078104993606,0.4835164835164836,0.412149873983274,0.7219230582642032,0.0,0.7266729500471254,0.38617021276595764,0.7326823314006701,0.36250856751199434,0.7102895268409155,0.32398389819503715,0.652733118971061,0.6267441860465155,0.4342105263157895,0.14285714285714285,0.6000000000000001,0.6063348416289592,0.7144226984379984,0.7144226984379984,0.06542056074766356
0.0,0.7719112988384371,0.3149252362168622,0.6052822873758188,0.40219327022214013,0.6563642406114987,0.43573765384016183,0.8198198198198201,0.4768814909659962,0.4835164835164836,0.3957347634322372,0.7110237875774182,0.0,0.7266729500471254,0.38617021276595764,0.7400061031431178,0.35861157348477346,0.7180020811654526,0.3180187637969081,0.6591639871382636,0.6263565891472815,0.42982456140350933,0.14285714285714285,0.6000000000000001,0.6108597285067874,0.8321121070837362,0.8321121070837362,0.06542056074766356
0.0,0.7824709609292502,0.30758645995780265,0.6106130361037057,0.40284937669884735,0.6563642406114987,0.4327331805132091,0.8198198198198201,0.48940105278133594,0.4835164835164836,0.3839894317791261,0.7149068548973949,0.0,0.7323279924599435,0.38617021276595764,0.7345132743362819,0.35503769705277577,0.7180020811654526,0.31325883002207355,0.6655948553054662,0.6259689922480725,0.4254385964912275,0.14285714285714285,0.6000000000000001,0.6153846153846154,0.6909981233625936,0.6909981233625936,0.06542056074766356
0.0,0.7824709609292502,0.30556829648656225,0.6106130361037057,0.4011622457587405,0.6563642406114987,0.42685776600716596,0.8252252252252255,0.4982216531512289,0.48982322025800284,0.37501503608660763,0.7212791574602097,0.0,0.7360980207351553,0.38851063829787225,0.7400061031431178,0.35298149417409164,0.7180020811654526,0.31181015452538485,0.6720257234726688,0.625581395348842,0.42105263157894735,0.14285714285714285,0.6000000000000001,0.6199095022624435,0.24909046894116027,0.24909046894116027,0.07476635514018692
0.0,0.7824709609292502,0.306577378222181,0.6079476617397581,0.402005811228794,0.6516165788349197,0.4261233391939099,0.8309309309309276,0.5120216246976825,0.4940277114190157,0.36665497193263813,0.7210410023683191,0.0,0.7360980207351553,0.3900709219858156,0.750076289288983,0.35298149417409164,0.7180020811654526,0.31181015452538485,0.6725616291532701,0.625581395348842,0.41008771929824617,0.13095238095238068,0.566666666666666,0.6101055806938158,0.2596361868219601,0.2596361868219601,0.383177570093458
0.0,0.7895987328405487,0.3068296486560871,0.6026169130118715,0.4003186802886872,0.6497175141242937,0.4217167783143789,0.8369369369369373,0.5208422250675755,0.5035833731485906,0.35793404170008,0.7226022413040315,0.0,0.7360980207351553,0.38877068557919503,0.750076289288983,0.35046835732236814,0.7180020811654526,0.31181015452538485,0.6730975348338681,0.625581395348842,0.3991228070175433,0.11904761904761929,0.5333333333333337,0.6003016591251886,0.754286490502619,0.754286490502619,0.21495327102803738
0.0,0.7919746568109816,0.30556829648656225,0.5953477102011129,0.3972256068984914,0.6563642406114987,0.4217167783143789,0.8435435435435401,0.5110257504623685,0.5035833731485906,0.3504804387673269,0.7169747246883044,0.0,0.7360980207351553,0.38617021276595764,0.7592310039670425,0.3461274845784783,0.7180020811654526,0.31181015452538485,0.6736334405144695,0.625581395348842,0.38815789473684204,0.10714285714285714,0.5,0.5904977375565611,0.9611751903909059,0.9611751903909059,0.2429906542056075
0.0,0.802534318901795,0.30180717365379395,0.5953477102011129,0.3972256068984914,0.6563642406114987,0.4217167783143789,0.8369369369369373,0.5024896855882754,0.5035833731485906,0.34458199679230134,0.7169747246883044,0.0,0.7360980207351553,0.38617021276595764,0.7592310039670425,0.34081562714187785,0.7249392993409678,0.31429359823399405,0.6741693461950706,0.625581395348842,0.37719298245614086,0.09523809523809498,0.4666666666666662,0.5806938159879335,0.8915279807994039,0.8915279807994039,0.16822429906542058
0.0,0.802534318901795,0.29630309145949973,0.5909861885146579,0.3982566313618908,0.6615569956796277,0.4217167783143789,0.8369369369369373,0.4797268459240289,0.5104088458125751,0.34019145950280655,0.7226992674525775,0.0,0.7411875589066919,0.3900709219858156,0.7555691180958184,0.32899246058944476,0.7214706902532042,0.31305187637968923,0.6747052518756689,0.625581395348842,0.366228070175438,0.08333333333333358,0.4333333333333338,0.5708898944193064,0.09047757394303016,0.09047757394303016,0.15887850467289721
0.0,0.8141499472016893,0.2973121731951214,0.5953477102011129,0.3982566313618908,0.6646726487205048,0.4217167783143789,0.8369369369369373,0.46550007113387526,0.5165790731008122,0.3343875300721731,0.7285208363653994,0.0,0.7385216103406502,0.39143870314082974,0.750076289288983,0.3239988250269257,0.7284079084287203,0.31553532008829865,0.67524115755627,0.625581395348842,0.35526315789473684,0.07142857142857142,0.4,0.5610859728506787,0.22446017372040505,0.22446017372040505,0.05607476635514019
0.0,0.8141499472016893,0.29364278506558983,0.5931669493578855,0.3963820414284379,0.6646726487205048,0.41816482318118053,0.8369369369369373,0.45838668373879643,0.5217391304347825,0.3309120460533845,0.7383204773686509,0.0,0.7394910461828463,0.3932624113475176,0.750076289288983,0.3221384509938312,0.7284079084287203,0.32270971302427953,0.6779206859592701,0.6251937984496045,0.366228070175438,0.08333333333333358,0.4333333333333338,0.5754147812971344,0.4504434766889479,0.4504434766889479,0.06542056074766356
0.0,0.8141499472016893,0.28070819190899865,0.5839592924642558,0.38907114068797477,0.6646726487205048,0.41457280840362465,0.8339339339339371,0.4536918480580452,0.5274725274725276,0.32741078588612654,0.7460825692524145,0.0,0.739733405143393,0.3932624113475176,0.750076289288983,0.3211593067658878,0.7284079084287203,0.3254690949227359,0.6806002143622734,0.6248062015503955,0.37719298245614086,0.09523809523809498,0.4666666666666662,0.5897435897435896,0.6692120172046399,0.6692120172046399,0.102803738317757
0.0,0.8141499472016893,0.2790569672507106,0.5815362248606721,0.38907114068797477,0.6646726487205048,0.4106870229007631,0.8279279279279279,0.4480011381419846,0.5312947921643574,0.32741078588612654,0.7371561635860866,0.0,0.7360980207351553,0.3932624113475176,0.7400061031431178,0.3149417409184372,0.7284079084287203,0.3325055187637955,0.6832797427652733,0.624418604651165,0.38815789473684204,0.10714285714285714,0.5,0.6040723981900452,0.008433326397974875,0.008433326397974875,0.16822429906542058
0.0,0.8141499472016893,0.2864874782130076,0.5815362248606721,0.39282032055487803,0.6599249869439263,0.39808158814234385,0.8279279279279279,0.44131455399061026,0.5418060200668895,0.32741078588612654,0.7354096929122399,0.0,0.7409451999461452,0.3990881458966562,0.7400061031431178,0.31317928130813555,0.7284079084287203,0.33802428256070316,0.6859592711682734,0.6240310077519347,0.3991228070175433,0.11904761904761929,0.5333333333333337,0.6184012066365009,0.33332436894140727,0.33332436894140727,0.14018691588785048
0.0,0.8141499472016893,0.29199156040730156,0.576690089653497,0.39282032055487803,0.6563642406114987,0.3845147219193017,0.8279279279279279,0.43846919903257753,0.5472663981980792,0.32683082254553814,0.7354096929122399,0.0,0.7445805843543825,0.4039007092198583,0.7400061031431178,0.3118574366004112,0.739854318418314,0.339266004415008,0.6886387995712764,0.623643410852722,0.41008771929824617,0.13095238095238068,0.566666666666666,0.632730015082956,0.787245963794994,0.787245963794994,0.07476635514018692
0.0,0.8141499472016893,0.30208237776350844,0.5742670220499138,0.3918830255881529,0.6563642406114987,0.3719760532348164,0.8279279279279279,0.4354815763266451,0.5532728141423793,0.32575681635926196,0.7371561635860866,0.0,0.7445805843543825,0.4039007092198583,0.7400061031431178,0.3151375697640264,0.739854318418314,0.339266004415008,0.6913183279742765,0.6232558139534916,0.42105263157894735,0.14285714285714285,0.6000000000000001,0.6470588235294117,0.7726818873136562,0.7726818873136562,0.08411214953271029
0.0,0.8141499472016893,0.2982295202275027,0.5742670220499138,0.38813384572124976,0.6480558325024925,0.37077426390403456,0.8279279279279279,0.4323516858728125,0.5609173435260393,0.32408136670867166,0.7389996604084791,0.0,0.7445805843543825,0.4078014184397165,0.7400061031431178,0.3267306374228922,0.739854318418314,0.3337472406180999,0.6907824222936751,0.6232558139534916,0.4188596491228065,0.14285714285714285,0.5717948717948722,0.6432880844645552,0.7628805325310543,0.7628805325310543,0.14953271028037385
0.0,0.8141499472016893,0.28272635538024193,0.5638478313544957,0.3900084356546999,0.6428334045482629,0.36943894242538966,0.8279279279279279,0.4323516858728125,0.5695174390826565,0.3207197273456293,0.7409401833794208,0.0,0.7469368520263904,0.4097960992907803,0.7414447011639571,0.3434348379516312,0.739854318418314,0.339266004415008,0.6902465166130771,0.6232558139534916,0.4166666666666672,0.14285714285714285,0.543589743589743,0.6395173453996982,0.6232252403927563,0.6232252403927563,0.28037383177570097
0.0,0.8141499472016893,0.2735528850564164,0.554640174460866,0.3900084356546999,0.6355932203389831,0.3614270135535125,0.8279279279279279,0.4323516858728125,0.5722476281482465,0.31445827127964193,0.7421044971619852,0.0,0.7513127777029782,0.4163627152988867,0.750076289288983,0.3680603152844413,0.743322927506066,0.34036975717439155,0.6897106109324758,0.6232558139534916,0.4144736842105263,0.14285714285714285,0.5153846153846153,0.6357466063348416,0.08784653830285717,0.08784653830285717,0.102803738317757
0.0,0.8141499472016893,0.27456196679203804,0.5524594136176384,0.3918830255881529,0.6347623795280821,0.35909020096588207,0.8279279279279279,0.4370465215535637,0.5790731008122314,0.3087284482758618,0.7399699218939515,0.0,0.7540056550424128,0.4184397163120568,0.7546536466280127,0.37508567511994517,0.7502601456815816,0.3541666666666634,0.6891747052518746,0.6232558139534916,0.41228070175438536,0.14285714285714285,0.4871794871794876,0.631975867269985,0.5423494286211044,0.5423494286211044,0.102803738317757
0.0,0.8129157009832839,0.2763811731796326,0.5512274253490583,0.39513312631692976,0.6349350217745018,0.3609110938913067,0.8268749268749283,0.43832138838540735,0.5789490013092495,0.3087777549235043,0.7369999136845292,0.0066839126495344785,0.7537730883631004,0.42037395228884744,0.75364306124147,0.37657887006755986,0.7502601456815816,0.3576481465554304,0.6886387995712764,0.6232558139534916,0.41008771929824617,0.14285714285714285,0.4589743589743585,0.628205128205128,0.20530679641196825,0.20530679641196825,0.102803738317757
0.0,0.8116814547648785,0.27820037956722743,0.5499954370804852,0.3983832270457066,0.6351076640209206,0.3627319868167358,0.8258219258219281,0.43959625521725587,0.5788249018062681,0.30882706157114653,0.7340299054751099,0.013367825299068957,0.7535405216837796,0.42230818826563477,0.7526324758549361,0.37807206501517787,0.7502601456815816,0.3611296264441928,0.6881028938906752,0.6232558139534916,0.4078947368421052,0.14285714285714285,0.4307692307692308,0.6244343891402715,0.9330663960275877,0.9330663960275877,0.102803738317757
0.0,0.8104472085464731,0.280019585954822,0.5487634488119055,0.40163332777448335,0.6352803062673478,0.3645528797421602,0.824768924768928,0.4408711220490993,0.5787008023032871,0.30887636821879044,0.7310598972656907,0.020051737948603435,0.7533079550044677,0.4242424242424254,0.7516218904683938,0.3795652599627928,0.7502601456815816,0.36461110633295934,0.6870310825294759,0.6232558139534916,0.41228070175438536,0.13095238095238068,0.4589743589743585,0.6274509803921571,0.9916691333764681,0.9916691333764681,0.102803738317757
0.0,0.8092129623280673,0.2818387923424168,0.5475314605433328,0.4048834285032631,0.635452948513767,0.3663737726675895,0.823715923715928,0.4421459888809429,0.5785767028003057,0.3089256748664327,0.7280898890562685,0.026735650598137914,0.7530753883251549,0.42617666021921274,0.7506113050818608,0.38105845491040746,0.7502601456815816,0.3680925862217259,0.6859592711682734,0.6232558139534916,0.4166666666666672,0.11904761904761929,0.4871794871794876,0.630467571644042,0.9694599270150764,0.9694599270150764,0.11214953271028037
0.0,0.8079787161096512,0.28365799873001163,0.5462994722747523,0.40813352923203994,0.6356255907601858,0.36819466559301417,0.822662922662919,0.44342085571279166,0.5784526032973238,0.30897498151407504,0.725119880846849,0.03341956324767249,0.752842821645834,0.4281108961960036,0.749600719695318,0.3825516498580226,0.7502601456815816,0.37157406611048804,0.684887459807074,0.6232558139534916,0.42105263157894735,0.10714285714285714,0.5153846153846153,0.6334841628959276,0.3514630094529689,0.3514630094529689,0.09345794392523364
0.0,0.8067444698912458,0.28547720511760644,0.5450674840061798,0.4113836299608168,0.635798233006605,0.3700155585184386,0.8216099216099189,0.44469572254463485,0.5783285037943433,0.3090242881617174,0.7221498726374297,0.040103475897206975,0.7526102549665221,0.4300451321727907,0.7485901343087753,0.3840448448056406,0.7502601456815816,0.37505554599925484,0.6838156484458746,0.6232558139534916,0.4254385964912275,0.09523809523809498,0.543589743589743,0.6365007541478132,0.39447420359807106,0.39447420359807106,0.102803738317757
0.0,0.8055102236728404,0.287296411505201,0.5438354957375997,0.4146337306895934,0.6359708752530331,0.3718364514438677,0.8205569205569192,0.4459705893764787,0.5782044042913614,0.30907359480935964,0.7191798644280077,0.04678738854674145,0.7523776882872102,0.4319793681495814,0.7475795489222419,0.3855380397532555,0.7502601456815816,0.3785370258880172,0.6827438370846719,0.6232558139534916,0.42982456140350933,0.08333333333333358,0.5717948717948722,0.6395173453996982,0.316156323717882,0.316156323717882,0.09345794392523364
0.0,0.804275977454435,0.28911561789279583,0.5426035074690267,0.41788383141837027,0.6361435174994514,0.3736573443692923,0.8195039195039191,0.44724545620832257,0.57808030478838,0.30912290145700355,0.7162098562185883,0.05347130119627593,0.7521451216078889,0.4339136041263689,0.7465689635356991,0.3870312347008702,0.7502601456815816,0.38201850577678376,0.6816720257234725,0.6232558139534916,0.4342105263157895,0.07142857142857142,0.6000000000000001,0.6425339366515836,0.5368736918334994,0.5368736918334994,0.09345794392523364
0.0,0.8030417312360296,0.29093482428039064,0.5413715192004469,0.4211339321471471,0.6363161597458702,0.3754782372947214,0.818450918450919,0.44852032304017064,0.577956205285399,0.309172208104646,0.7132398480091691,0.060155213845810414,0.7519125549285766,0.4358478401031596,0.7455583781491568,0.38852442964848843,0.7502601456815816,0.38549998566554655,0.6757770632368714,0.6240310077519347,0.4495614035087724,0.08333333333333358,0.5641025641025645,0.6485671191553544,0.8478919209148168,0.8478919209148168,0.21495327102803738
0.0,0.8018074850176242,0.292754030667985,0.5401395309318742,0.42438403287592674,0.6364888019922899,0.37729913022014605,0.8173979173979193,0.4497951898720143,0.5778321057824176,0.3092215147522884,0.7102698397997467,0.06683912649534487,0.7516799882492646,0.4377820760799467,0.7445477927626234,0.39001762459610334,0.7502601456815816,0.38898146555431246,0.6698821007502669,0.6248062015503955,0.46491228070175383,0.09523809523809498,0.5282051282051277,0.6546003016591253,0.9102037214734493,0.9102037214734493,0.40186915887850466
0.0,0.8005732387992184,0.2945732370555798,0.5389075426632939,0.4276341336047035,0.6366614442387082,0.3791200231455705,0.8163449163449192,0.45107005670385814,0.5777080062794357,0.3092708213999306,0.7072998315903275,0.07352303914487937,0.7514474215699429,0.43971631205673756,0.7435372073760806,0.391510819543718,0.7502601456815816,0.39246294544307525,0.6639871382636655,0.625581395348842,0.48026315789473684,0.10714285714285714,0.4923076923076923,0.6606334841628959,0.6175012166125976,0.6175012166125976,0.14018691588785048
0.0,0.7993389925808125,0.2963924434431746,0.5376755543947211,0.43088423433348033,0.6368340864851363,0.38094091607099956,0.8152919152919196,0.45234492353570643,0.5775839067764548,0.309320128047573,0.7043298233809081,0.08020695179441387,0.7512148548906314,0.44165054803352843,0.7425266219895472,0.39300401449133315,0.7502601456815816,0.3959444253318418,0.6580921757770644,0.6263565891472815,0.49561403508771984,0.11904761904761929,0.4564102564102569,0.6666666666666665,0.43951772191807875,0.43951772191807875,0.06542056074766356
0.14285714285714285,0.7981047463623969,0.2982116498307694,0.5364435661261406,0.4341343350622572,0.6370067287315551,0.3827618089964242,0.8142389142389097,0.45361979036754985,0.5774598072734733,0.30936943469521677,0.7013598151714888,0.08689086444394833,0.7509822882113195,0.44358478401031554,0.7415160366030049,0.39449720943895117,0.7502601456815816,0.39942590522060395,0.6521972132904598,0.6271317829457459,0.5109649122807012,0.13095238095238068,0.42051282051282,0.6726998491704375,0.8412621330649053,0.8412621330649053,0.09345794392523364
0.2857142857142857,0.7968705001439915,0.3000308562183611,0.5352115778575681,0.43738443579103403,0.6371793709779743,0.3845827019218484,0.81318591318591,0.4548946571993939,0.5773357077704919,0.30941874134285924,0.6983898069620667,0.0935747770934833,0.7507497215319978,0.4455190199871064,0.7405054512164617,0.3959904043865661,0.7502601456815816,0.40290738510937074,0.6463022508038585,0.6279069767441854,0.5263157894736842,0.14285714285714285,0.38461538461538464,0.6787330316742082,0.30271310268631263,0.30271310268631263,0.05607476635514019
0.0,0.7956362539255861,0.3018500626059559,0.5339795895889883,0.4406345365198109,0.637352013224393,0.38640359484727793,0.81213291213291,0.4561695240312378,0.577211608267511,0.3094680479905015,0.6954197987526474,0.10025868974301719,0.7505171548526863,0.4474532559638935,0.7394948658299287,0.39748359933418076,0.7502601456815816,0.4063888649981331,0.6355841371918552,0.6290697674418624,0.5504385964912276,0.13095238095238068,0.42051282051282,0.6817496229260936,0.9343226760885899,0.9343226760885899,0.05607476635514019
0.0,0.7191129883843714,0.45527933217136174,0.8411506109591884,0.3786269967730269,0.6976293342195663,0.6184763981928652,0.8198198198198201,0.6202873808507594,0.5790731008122314,0.30440557337610247,0.7284238102168535,0.0,0.7360980207351553,0.5645390070921985,0.6585291425083906,0.5368974183230533,0.802289281997919,0.6358995584988947,0.6420150053590579,0.651162790697672,0.7543859649122803,0.07142857142857142,0.8923076923076925,0.825037707390647,0.7787778577919134,0.7787778577919134,0.2336448598130841
0.0,0.7191129883843714,0.4433538207503893,0.8432275260479747,0.3680944793326464,0.7224160850780987,0.6203458482629696,0.8198198198198201,0.5949637217242851,0.5790731008122314,0.3025010024057731,0.7381264250715559,0.0,0.7360980207351553,0.555572441742656,0.6551724137930988,0.5274160383824535,0.802289281997919,0.6290011037527563,0.6559485530546624,0.651162790697672,0.7236842105263158,0.07142857142857142,0.9076923076923078,0.8235294117647058,0.44822200605668316,0.44822200605668316,0.26168224299065423
0.0,0.7191129883843714,0.43418035042656666,0.8421890685035818,0.36693758954514333,0.7447103135039295,0.621280573298022,0.8198198198198201,0.5832977663963594,0.5790731008122314,0.2993434242181227,0.7528743996507059,0.0,0.7360980207351553,0.5488652482269503,0.6484589563625254,0.5185058259081561,0.802289281997919,0.6259657836644577,0.6698821007502669,0.651162790697672,0.6929824561403514,0.07142857142857142,0.9230769230769231,0.8220211161387647,0.21107760479353263,0.21107760479353263,0.19626168224299065
0.0,0.7226328757479725,0.4378497385560951,0.8359583232372163,0.37208735589089914,0.7552342971086738,0.6057018227138202,0.8309309309309276,0.5804524114383267,0.5790731008122314,0.2954340417000794,0.7565613932954942,0.0,0.7360980207351553,0.545744680851064,0.6534940494354582,0.5140507196710074,0.802289281997919,0.6259657836644577,0.6838156484458746,0.651162790697672,0.6622807017543855,0.07142857142857142,0.9384615384615385,0.8205128205128189,0.46758024795631015,0.46758024795631015,0.14953271028037385
0.0,0.7360084477296727,0.4486744335382089,0.8307660355152438,0.38055514641886523,0.7477567298105683,0.5592771459728916,0.8369369369369373,0.5778915919760992,0.582576843446412,0.29282778668805115,0.7615097268713927,0.0,0.7360980207351553,0.545744680851064,0.6484589563625254,0.5071967100753938,0.802289281997919,0.6234823399558482,0.697749196141479,0.651162790697672,0.631578947368421,0.07142857142857142,0.953846153846154,0.8190045248868778,0.8842762362419322,0.8842762362419322,0.07476635514018692
0.0,0.7391763463569163,0.44133565727914914,0.8206929973346235,0.3872715343518608,0.7527417746759721,0.5281196448044883,0.8468468468468469,0.5892730118082243,0.582576843446412,0.2919256214915796,0.7690777664580615,0.0,0.739733405143393,0.5474164133738617,0.6551724137930988,0.5094813799405995,0.802289281997919,0.6176876379690934,0.7015005359056816,0.6500000000000021,0.6162280701754381,0.07142857142857142,0.8461538461538463,0.8122171945701357,0.019819960363489913,0.019819960363489913,0.06542056074766356
0.0,0.7391763463569163,0.4358315750848549,0.8165391671570443,0.3901155550794707,0.7477567298105683,0.5044399439164979,0.8468468468468469,0.586427656850192,0.5895843287147635,0.29237670408981536,0.767234269635666,0.0,0.7377945334590008,0.545744680851064,0.6484589563625254,0.5071967100753938,0.802289281997919,0.6176876379690934,0.7052518756698811,0.6488372093023287,0.6008771929824566,0.07142857142857142,0.7384615384615385,0.8054298642533937,0.2915030650294602,0.2915030650294602,0.06542056074766356
0.0,0.7391763463569163,0.44509678011191767,0.8094984250060555,0.3906457962320746,0.7422177910712278,0.49509269356597585,0.8558558558558562,0.5820173566652456,0.5895843287147635,0.2914745388933439,0.7575316547809635,0.0,0.7445805843543825,0.5448328267477198,0.6484589563625254,0.5046835732236703,0.802289281997919,0.6176876379690934,0.7090032154340835,0.6476744186046517,0.5855263157894737,0.07142857142857142,0.6307692307692307,0.7986425339366516,0.9441838844592004,0.9441838844592004,0.08411214953271029
0.0,0.7391763463569163,0.4542702504357403,0.8048045969053965,0.3926864212739173,0.7311399135925556,0.4876148932855586,0.8558558558558562,0.57063593683312,0.5895843287147635,0.2914745388933439,0.7596662300489971,0.0,0.7445805843543825,0.5411347517730496,0.6484589563625254,0.5034270047978064,0.802289281997919,0.6176876379690934,0.7127545551982861,0.6465116279069782,0.5701754385964908,0.07142857142857142,0.5230769230769232,0.7918552036199096,0.0006113296124686573,0.0006113296124686573,0.5514018691588786
0.14285714285714285,0.7497360084477294,0.444087698376296,0.7996123091834242,0.3957071890523951,0.7311399135925556,0.49696214363608027,0.8468468468468469,0.5650874946649593,0.5895843287147635,0.2914745388933439,0.765293746664727,0.0,0.7459270230240997,0.536778115501521,0.6551724137930988,0.5059401416495302,0.802289281997919,0.6176876379690934,0.7165058949624854,0.6453488372093013,0.5548245614035092,0.07142857142857142,0.4153846153846154,0.7850678733031674,0.1804550736080566,0.1804550736080566,0.4672897196261682
0.0,0.7574797606476549,0.4349142280524736,0.788812350721728,0.3913206486081173,0.753018721612936,0.5281196448044883,0.8468468468468469,0.561957604211127,0.5895843287147635,0.2914745388933439,0.7690777664580615,0.0,0.7483506126295947,0.5351063829787235,0.6484589563625254,0.5034270047978064,0.802289281997919,0.6176876379690934,0.720257234726688,0.6441860465116314,0.5394736842105263,0.07142857142857142,0.3076923076923077,0.7782805429864252,0.8447932688719757,0.8447932688719757,0.25233644859813087
0.0,0.7613516367476236,0.42757545179341405,0.7799854615943764,0.3906457962320746,0.7751744765702893,0.5405826452718474,0.8468468468468469,0.5650874946649593,0.5895843287147635,0.28982056936647943,0.7671372434871199,0.0,0.7516493873704049,0.5322251773049647,0.6484589563625254,0.5013708019191223,0.802289281997919,0.6176876379690934,0.7304394426580931,0.6437984496123974,0.513157894736842,0.07142857142857142,0.31538461538461543,0.7692307692307692,0.29743753719583704,0.29743753719583704,0.22429906542056074
0.0,0.7613516367476236,0.42207136959911984,0.7724047215203009,0.3938915148025667,0.7945607621579676,0.5436983953886898,0.8468468468468469,0.5650874946649593,0.5959547698678158,0.28891840417000786,0.7751904138165244,0.0,0.7540056550424128,0.5280141843971633,0.6484589563625254,0.5003427004797807,0.8126951092611863,0.6181015452538616,0.7406216505894949,0.6434108527131883,0.48684210526315785,0.07142857142857142,0.3230769230769231,0.7601809954751131,0.6021874289040847,0.6021874289040847,0.2336448598130841
0.0,0.7719112988384371,0.4204201449408316,0.7632662951296323,0.39650255078130225,0.8111775783759798,0.5530456457392119,0.8435435435435401,0.5622421397069266,0.5927695492912848,0.28796611868484395,0.782758453403193,0.0,0.7540056550424128,0.5248226950354611,0.6484589563625254,0.5003427004797807,0.8057578910856711,0.6098233995584974,0.7508038585209003,0.6430232558139579,0.4605263157894737,0.07142857142857142,0.33076923076923076,0.751131221719457,0.12887769190422813,0.12887769190422813,0.22429906542056074
0.0,0.7719112988384371,0.4156499403724443,0.7628386949642916,0.3972256068984914,0.8253018721612913,0.5419847328244258,0.8435435435435401,0.5565514297908665,0.5991399904443384,0.28696371291098616,0.7972153495366991,0.0,0.7546155125575209,0.5231539424280356,0.6484589563625254,0.49760109664153496,0.802289281997919,0.6098233995584974,0.7609860664523054,0.6426356589147204,0.4342105263157895,0.07142857142857142,0.3384615384615385,0.7420814479638009,0.6695963638492582,0.6695963638492582,0.15887850467289721
0.0,0.7719112988384371,0.4156499403724443,0.7559970923188737,0.39877214359358926,0.8358258557660352,0.5323259074622233,0.8468468468468469,0.5565514297908665,0.5991399904443384,0.2853097433841217,0.7972153495366991,0.0,0.7643732327992458,0.5204964539007093,0.6484589563625254,0.49657299520219333,0.802289281997919,0.6098233995584974,0.7711682743837072,0.6422480620155113,0.4078947368421052,0.07142857142857142,0.3461538461538462,0.7330316742081447,0.02210575897852799,0.02210575897852799,0.09345794392523364
0.0,0.7824709609292502,0.4184937161728286,0.7431548340198644,0.40448964289061706,0.8358258557660352,0.5120735317027556,0.8468468468468469,0.5565514297908665,0.5991399904443384,0.284633119486768,0.7934798428176394,0.0,0.7643732327992458,0.5167375886524823,0.6484589563625254,0.49657299520219333,0.802289281997919,0.611203090507723,0.7813504823151125,0.6418604651162809,0.381578947368421,0.07142857142857142,0.35384615384615387,0.7239819004524887,0.20984919922919626,0.20984919922919626,0.06542056074766356
0.0,0.7824709609292502,0.4148243280433004,0.7407317664162809,0.404705220732965,0.8253018721612913,0.4964947811185543,0.8369369369369373,0.5435339308578746,0.5991399904443384,0.2834051724137924,0.7906175714355028,0.0,0.7643732327992458,0.5113981762917945,0.6484589563625254,0.49657299520219333,0.802289281997919,0.611203090507723,0.7840300107181126,0.6414728682170505,0.37061403508771984,0.08333333333333358,0.3666666666666662,0.7171945701357466,0.799744688156434,0.799744688156434,0.05607476635514019
0.14285714285714285,0.7824709609292502,0.40941198055224337,0.7360587074665088,0.40674584577480777,0.8111775783759798,0.46720673002025026,0.8369369369369373,0.5420401195049083,0.5991399904443384,0.2814003608660784,0.8059477029059321,0.0,0.7643732327992458,0.5070921985815604,0.6484589563625254,0.49234635595156595,0.802289281997919,0.6098233995584974,0.7867095391211156,0.6410852713178414,0.359649122807017,0.09523809523809498,0.37948717948717997,0.7104072398190044,0.10397950143714713,0.10397950143714713,0.06542056074766356
0.0,0.7824709609292502,0.40941198055224337,0.7341894838865985,0.4112850313993818,0.8050847457627119,0.44228072908552685,0.8369369369369373,0.5505761843790014,0.5991399904443384,0.2804480753809145,0.8147770824237143,0.0,0.7724518648175589,0.5050658561296846,0.6484589563625254,0.49006168608636025,0.802289281997919,0.6098233995584974,0.7893890675241158,0.6406976744186075,0.3486842105263158,0.10714285714285714,0.3923076923076923,0.7036199095022624,0.7722786946039856,0.7722786946039856,0.05607476635514019
0.0,0.7824709609292502,0.40941198055224337,0.7279587386202331,0.41305250190806386,0.7967763376537054,0.43433556628758363,0.8369369369369373,0.5565514297908665,0.5991399904443384,0.2794456696070567,0.8264202202493581,0.0,0.7737983034872762,0.5027659574468086,0.6484589563625254,0.4862919808087729,0.802289281997919,0.605270419426047,0.7920685959271156,0.6403100775193735,0.33771929824561453,0.11904761904761929,0.40512820512820463,0.6968325791855203,0.5761694525664565,0.5761694525664565,0.06542056074766356
0.0,0.7824709609292502,0.40941198055224337,0.7254664405136884,0.41651513731371304,0.7917912927883015,0.4284156410655844,0.8435435435435401,0.5591122492530942,0.6086956521739129,0.2794456696070567,0.8207927036336284,0.0,0.7737983034872762,0.4996453900709219,0.6484589563625254,0.48423577793008876,0.802289281997919,0.6027869757174376,0.7947481243301189,0.6399224806201609,0.3267543859649117,0.13095238095238068,0.4179487179487184,0.6900452488687783,0.11195944803721802,0.11195944803721802,0.05607476635514019
0.0,0.7824709609292502,0.40941198055224337,0.7173664716674129,0.41871644149270915,0.7851445663010965,0.4196136469855114,0.8402402402402436,0.5565514297908665,0.6086956521739129,0.27834302325581434,0.828554795517392,0.0,0.7832233741753061,0.4996453900709219,0.6423558132438156,0.4832076764907469,0.802289281997919,0.6015452538631332,0.797427652733119,0.6395348837209269,0.3157894736842105,0.14285714285714285,0.4307692307692308,0.6832579185520362,0.919658153706335,0.919658153706335,0.06542056074766356
0.0,0.7824709609292502,0.4073938170810032,0.7116549551732474,0.4143781047895776,0.7726819541375871,0.41236952796385706,0.8468468468468469,0.5534215393370336,0.6086956521739129,0.2777917000801923,0.8293310047057693,0.0,0.7832233741753061,0.49782168186423403,0.6484589563625254,0.4832076764907469,0.802289281997919,0.6015452538631332,0.7995712754555206,0.638759689922491,0.32017543859649067,0.154761904761905,0.4230769230769231,0.6900452488687783,0.04671389879604011,0.04671389879604011,0.05607476635514019
0.0,0.7824709609292502,0.4055591230162374,0.7044895981169306,0.418314743649827,0.7726819541375871,0.40956535285870044,0.8468468468468469,0.542182387252808,0.6086956521739129,0.27688953488372076,0.8370930965895299,0.0,0.7849198868991516,0.4964539007092199,0.6484589563625254,0.4832076764907469,0.802289281997919,0.6027869757174376,0.8017148981779196,0.6379844961240266,0.3245614035087725,0.16666666666666638,0.4153846153846154,0.6968325791855203,0.09155510526324685,0.09155510526324685,0.05607476635514019
0.0,0.7824709609292502,0.401889734886709,0.6978434698328064,0.42168900553004063,0.7726819541375871,0.41096744041127886,0.8468468468468469,0.5364916773367476,0.6086956521739129,0.27588712910986296,0.8498035220491923,0.0,0.7917059377945332,0.4936676798378936,0.6484589563625254,0.4832076764907469,0.802289281997919,0.6027869757174376,0.8038585209003215,0.6372093023255836,0.32894736842105265,0.17857142857142855,0.40769230769230774,0.7036199095022624,0.7574356894203029,0.7574356894203029,0.05607476635514019
0.0,0.7824709609292502,0.39840381616365517,0.6978434698328064,0.4246213997830831,0.7726819541375871,0.41096744041127886,0.8402402402402436,0.5320813771518011,0.614429049211658,0.2747844827586206,0.8595061369038945,0.0,0.7954759660697455,0.49255319148936194,0.6484589563625254,0.4806945396390232,0.802289281997919,0.5930601545253846,0.8060021436227234,0.636434108527137,0.3333333333333328,0.19047619047619072,0.4,0.7104072398190044,0.5216592979120519,0.5216592979120519,0.04672897196261682
0.14285714285714285,0.7824709609292502,0.40005504082194343,0.6978434698328064,0.42658168525635054,0.7696355378309483,0.41236952796385706,0.8468468468468469,0.5320813771518011,0.6115623506927854,0.27343123496391325,0.8682384902731276,0.0,0.8011310084825636,0.49072948328267385,0.6484589563625254,0.47167009367146306,0.802289281997919,0.5845750551876363,0.8081457663451221,0.6356589147286797,0.33771929824561453,0.2023809523809521,0.3923076923076923,0.7171945701357466,0.6957957972242848,0.6957957972242848,0.04672897196261682
0.0,0.7824709609292502,0.40088065315108756,0.6916127245664412,0.4287990573490611,0.7635427052176804,0.41236952796385706,0.8468468468468469,0.5252525252525264,0.6172957477305301,0.2723035284683238,0.8740600591859496,0.0,0.8011310084825636,0.48723404255319136,0.6484589563625254,0.46915695681973935,0.802289281997919,0.587610375275935,0.810289389067524,0.6348837209302367,0.3421052631578947,0.21428571428571427,0.38461538461538464,0.7239819004524887,0.027583372245419492,0.027583372245419492,0.04672897196261682
0.0,0.7824709609292502,0.40088065315108756,0.6851223649139793,0.43392070484581524,0.7607732358480144,0.408163265306122,0.8468468468468469,0.5224071702944941,0.6172957477305301,0.27192762630312733,0.8750303206714221,0.0,0.8011310084825636,0.4847011144883475,0.6484589563625254,0.4671007539410552,0.802289281997919,0.5845750551876363,0.8156484458735271,0.6341085271317901,0.33771929824561453,0.19047619047619072,0.42051282051282,0.7262443438914027,0.4754568708283326,0.4754568708283326,0.04672897196261682
0.0,0.7824709609292502,0.40088065315108756,0.6833050642112897,0.4373793232730342,0.7552342971086738,0.4050475151892796,0.8468468468468469,0.5224071702944941,0.6172957477305301,0.27027365677626286,0.8730897977004803,0.0,0.8114985862393966,0.4819148936170212,0.6484589563625254,0.4671007539410552,0.802289281997919,0.587610375275935,0.8210075026795272,0.6333333333333258,0.3333333333333328,0.16666666666666638,0.4564102564102569,0.7285067873303167,0.2790429386686165,0.2790429386686165,0.04672897196261682
0.0,0.7824709609292502,0.40289881662232774,0.6775935477171244,0.4394038804011625,0.7527417746759721,0.39834865243807394,0.8468468468468469,0.5192772798406617,0.6236661888835833,0.27027365677626286,0.8770678697909096,0.0,0.8114985862393966,0.48009118541033335,0.6484589563625254,0.46607265250171337,0.802289281997919,0.5845750551876363,0.8263665594855305,0.6325581395348863,0.32894736842105265,0.14285714285714285,0.4923076923076923,0.7307692307692308,0.05587575465407226,0.05587575465407226,0.03738317757009346
0.0,0.7824709609292502,0.401889734886709,0.6753089411194555,0.4450276502015186,0.7477567298105683,0.3955444773329173,0.8468468468468469,0.5192772798406617,0.626851409460105,0.27027365677626286,0.8751273468199681,0.0,0.8114985862393966,0.47872340425531923,0.6484589563625254,0.46607265250171337,0.8092265001734338,0.5845750551876363,0.8317256162915336,0.6317829457364432,0.3245614035087725,0.11904761904761929,0.5282051282051277,0.7330316742081447,0.3511735787075773,0.3511735787075773,0.05607476635514019
0.0,0.7824709609292502,0.4039078983579494,0.6753089411194555,0.4450276502015186,0.7449872604409022,0.39414238978033933,0.8468468468468469,0.5252525252525264,0.626851409460105,0.2693714915797913,0.8671712026391122,0.0,0.8114985862393966,0.47963525835866294,0.6484589563625254,0.46607265250171337,0.802289281997919,0.5833333333333317,0.8370846730975336,0.6310077519379789,0.32017543859649067,0.09523809523809498,0.5641025641025645,0.7352941176470589,0.4523542069621993,0.4523542069621993,0.05607476635514019
0.0,0.7824709609292502,0.4039078983579494,0.6753089411194555,0.4450276502015186,0.7394483217015622,0.39071506465181605,0.8558558558558562,0.535211267605634,0.626851409460105,0.2689204089815556,0.8671712026391122,0.0,0.8152686145146089,0.48723404255319136,0.6484589563625254,0.46607265250171337,0.802289281997919,0.5808498896247227,0.842443729903537,0.6302325581395358,0.3157894736842105,0.07142857142857142,0.6000000000000001,0.7375565610859728,0.37263408473737386,0.37263408473737386,0.11214953271028037
0.0,0.7824709609292502,0.4039078983579494,0.6753089411194555,0.4450276502015186,0.7394483217015622,0.3890014020875523,0.8498498498498466,0.535211267605634,0.6338588947284565,0.2689204089815556,0.8780381312763791,0.0,0.820923656927427,0.49174265450861343,0.6518156850778172,0.47738176833447565,0.802289281997919,0.5820916114790271,0.8397642015005369,0.6290697674418624,0.3092105263157895,0.08333333333333358,0.6000000000000001,0.7262443438914027,0.4378409833489758,0.4378409833489758,0.3551401869158879
0.14285714285714285,0.7888067581837379,0.42592422713512557,0.66907819585309,0.4496471753946679,0.7394483217015622,0.3890014020875523,0.8558558558558562,0.5364916773367476,0.6303551520942856,0.26726643945469114,0.8780381312763791,0.0,0.8228086710650329,0.49914893617021283,0.6585291425083906,0.4862919808087729,0.802289281997919,0.587610375275935,0.8370846730975336,0.6279069767441854,0.30263157894736836,0.09523809523809498,0.6000000000000001,0.7149321266968325,0.7206510410466643,0.7206510410466643,0.383177570093458
0.0,0.7919746568109816,0.4534446381065962,0.6724012599951521,0.45408191958009214,0.7311399135925556,0.39414238978033933,0.8558558558558562,0.5436406316688007,0.6373626373626375,0.26726643945469114,0.8860718963760734,0.0,0.8303487276154569,0.5035460992907801,0.6707354287457998,0.4957733607493726,0.802289281997919,0.5918874172185429,0.8344051446945338,0.6267441860465155,0.29605263157894735,0.10714285714285714,0.6000000000000001,0.7036199095022624,0.5728310226590256,0.5728310226590256,0.6542056074766356
0.0,0.799014431538194,0.45693055682965,0.6753089411194555,0.4592477538395624,0.7311399135925556,0.4003738900140186,0.861861861861865,0.5505761843790014,0.6373626373626375,0.2689204089815556,0.8911366613302286,0.0,0.8303487276154569,0.5035460992907801,0.6768385718645091,0.5049120402101881,0.802289281997919,0.5905077262693126,0.8317256162915336,0.625581395348842,0.2894736842105263,0.11904761904761929,0.6000000000000001,0.6923076923076922,0.4445912291529167,0.4445912291529167,0.7850467289719627
0.0,0.802534318901795,0.46050821025594124,0.6753089411194555,0.46875995875902154,0.7447103135039295,0.43464714129926896,0.8648648648648651,0.5565514297908665,0.6373626373626375,0.2689204089815556,0.8940474457866395,0.0,0.8303487276154569,0.5070921985815604,0.6881293866341118,0.5311857436600411,0.802289281997919,0.593267108167769,0.8290460878885304,0.624418604651165,0.2828947368421052,0.13095238095238068,0.6000000000000001,0.680995475113122,0.2168112608413425,0.2168112608413425,0.42990654205607476
0.0,0.802534318901795,0.4733510687092921,0.6721935684862761,0.47804721288646645,0.7668660684612827,0.462377317339149,0.8648648648648651,0.5534215393370336,0.6469182990922124,0.27192762630312733,0.8853566750524989,0.0,0.8327723172209518,0.5150962512664645,0.700945987183395,0.554032442312087,0.802289281997919,0.593267108167769,0.8263665594855305,0.6232558139534916,0.2763157894736842,0.14285714285714285,0.6000000000000001,0.6696832579185519,0.45049570210222417,0.45049570210222417,0.3271028037383178
0.0,0.802534318901795,0.4763783139161537,0.6738551005573039,0.4856875058580935,0.7917912927883015,0.4718803551955113,0.8648648648648651,0.5505761843790014,0.6469182990922124,0.272930032076985,0.8736719545917625,0.0,0.8354382657869934,0.5197163120567376,0.7073542874580365,0.5597441169750956,0.802289281997919,0.593267108167769,0.8285101822079324,0.6220930232558111,0.27850877192982504,0.14285714285714285,0.6000000000000001,0.6757164404223226,0.08442073823438831,0.08442073823438831,0.5700934579439253
0.0,0.802534318901795,0.46903953765709705,0.6661705147287864,0.47985485317943766,0.8119391824526421,0.4802539336345222,0.8648648648648651,0.5480153649167734,0.6501035196687337,0.27343123496391325,0.8700819870955232,0.0,0.8376194964319412,0.5207193515704147,0.7195605736954551,0.5640849897189855,0.8126951092611863,0.596992273730683,0.8306538049303311,0.6209302325581412,0.28070175438596434,0.14285714285714285,0.6000000000000001,0.6817496229260936,0.19114018982093267,0.19114018982093267,0.5514018691588786
0.0,0.802534318901795,0.44977524997706775,0.6513205718439525,0.46836629487299664,0.8280713415309653,0.48418756815703534,0.861861861861865,0.5450277422108407,0.6564739608217869,0.27343123496391325,0.866297967302189,0.0,0.838831291234684,0.5226241134751775,0.7226121452548053,0.5651130911583275,0.8126951092611863,0.596992273730683,0.832797427652733,0.6197674418604677,0.2828947368421052,0.14285714285714285,0.6000000000000001,0.6877828054298641,0.29203236841817926,0.29203236841817926,0.4766355140186916
0.0,0.802534318901795,0.45527933217136174,0.6423898369621666,0.4676030689715186,0.8496732026143818,0.4767097678766177,0.8558558558558562,0.5364916773367476,0.6586239847109414,0.27192762630312733,0.8764371998253531,0.0,0.838831291234684,0.5276152482269503,0.7287915776624949,0.5625428375599724,0.8074921956295522,0.596992273730683,0.8349410503751351,0.6186046511627907,0.28508771929824617,0.14285714285714285,0.6000000000000001,0.6938159879336347,0.33414690610148345,0.33414690610148345,0.26168224299065423
0.0,0.802534318901795,0.5075681130171557,0.6375090865035118,0.4706158027931392,0.8613049739669902,0.4735940177597755,0.8558558558558562,0.535211267605634,0.6650740563784041,0.27192762630312733,0.8780381312763791,0.0,0.838831291234684,0.524743892829,0.7308513884650583,0.5459218642906098,0.8126951092611863,0.5982931251970984,0.8370846730975336,0.6174418604651173,0.28728070175438547,0.14285714285714285,0.6000000000000001,0.6998491704374059,0.13824151077341681,0.13824151077341681,0.22429906542056074
0.0,0.802534318901795,0.45986606733327173,0.631693724254905,0.46840646465728575,0.8748753738783646,0.46253310484498966,0.8558558558558562,0.535211267605634,0.6650740563784041,0.27027365677626286,0.8760976083054373,0.0,0.838831291234684,0.5197163120567376,0.7308513884650583,0.5243317340644276,0.8126951092611863,0.596992273730683,0.8392282958199357,0.6162790697674403,0.2894736842105263,0.14285714285714285,0.6000000000000001,0.7058823529411764,0.43008241426466914,0.43008241426466914,0.16822429906542058
0.0,0.799014431538194,0.43051096229703845,0.6251514417252224,0.46724154091292547,0.8798604187437684,0.45630160461131,0.8558558558558562,0.5336463223787151,0.6650740563784041,0.2693714915797913,0.8739630330374036,0.0,0.838831291234684,0.5201114488348544,0.7308513884650583,0.5106237148732007,0.8126951092611863,0.596992273730683,0.8370846730975336,0.6151162790697704,0.29605263157894735,0.154761904761905,0.5717948717948722,0.7104072398190044,0.6924330641389197,0.6924330641389197,0.102803738317757
0.0,0.7919746568109816,0.41399871571415603,0.620997611547643,0.4817428330409871,0.8853993574831089,0.4405670665212629,0.8558558558558562,0.5305164319248827,0.6650740563784041,0.26583801122694445,0.8780381312763791,0.0,0.838831291234684,0.5254609929078016,0.7308513884650583,0.49908613205391683,0.8126951092611863,0.5957505518763782,0.8349410503751351,0.613953488372097,0.30263157894736836,0.16666666666666638,0.543589743589743,0.7149321266968325,0.05939503240681709,0.05939503240681709,0.08411214953271029
0.0,0.802534318901795,0.4204201449408316,0.6149745577901606,0.49873465179492016,0.8748753738783646,0.42498831593706154,0.8558558558558562,0.5305164319248827,0.6682592769549254,0.2648105453087413,0.8605734245379131,0.0,0.838831291234684,0.5291286727456952,0.7253585596582228,0.4897189856065798,0.8126951092611863,0.5957505518763782,0.832797427652733,0.61279069767442,0.3092105263157895,0.17857142857142855,0.5153846153846153,0.7194570135746606,0.2949322170516213,0.2949322170516213,0.28971962616822433
0.0,0.7954945441745822,0.429593615264654,0.6169735885631191,0.5101227856406411,0.8668439127063228,0.42639040348963997,0.8558558558558562,0.5336463223787151,0.6943780856824364,0.4051473536487567,0.8469897637413273,0.0,0.838831291234684,0.5319148936170215,0.7308513884650583,0.48526387936943083,0.8126951092611863,0.6015452538631332,0.8306538049303311,0.6116279069767465,0.3157894736842105,0.19047619047619072,0.4871794871794876,0.7239819004524887,0.059129947221989415,0.059129947221989415,0.2429906542056075
0.0,0.802534318901795,0.4267498394642697,0.6162668605120749,0.5238229137376192,0.8829068350504068,0.44539647920236947,0.8468468468468469,0.535211267605634,0.7195413282369805,0.534958901363271,0.8421384563139775,0.0,0.838831291234684,0.5367375886524823,0.7308513884650583,0.4832076764907469,0.8126951092611863,0.5960264900662249,0.8285101822079324,0.6104651162790695,0.3223684210526315,0.2023809523809521,0.4589743589743585,0.7285067873303167,0.078550386329325,0.078550386329325,0.26168224299065423
0.0,0.7954945441745822,0.4320704522520864,0.6178822389144643,0.5409129252975912,0.9028470145120218,0.4751518928181939,0.8468468468468469,0.535211267605634,0.7287147634973723,0.6071722133119484,0.840197933343036,0.0,0.8339841120236946,0.5425025329280639,0.7308513884650583,0.4819511080648833,0.8126951092611863,0.5941983995584974,0.8263665594855305,0.6093023255813961,0.32894736842105265,0.21428571428571427,0.4307692307692308,0.7330316742081447,0.8891227623718926,0.8891227623718926,0.2429906542056075
0.0,0.802534318901795,0.43693239152371377,0.6106130361037057,0.5492860936670109,0.9139248919906944,0.48107181804019317,0.8468468468468469,0.535211267605634,0.7192228061793313,0.5655823977546108,0.8460195022558581,0.0,0.8354382657869934,0.5507801418439717,0.7308513884650583,0.4819511080648833,0.8126951092611863,0.6025110375275906,0.8226152197213279,0.6093023255813961,0.33771929824561453,0.21428571428571427,0.4589743589743585,0.7368024132730013,0.35105329307852584,0.35105329307852584,0.2336448598130841
0.0,0.802534318901795,0.4445005045408681,0.6149745577901606,0.5559846283625457,0.9241719286584655,0.4876148932855586,0.8468468468468469,0.5377720870678615,0.7128523650262781,0.5244587008821167,0.8532964633968856,0.0,0.838831291234684,0.5601823708206701,0.7308513884650583,0.49543066026959237,0.8126951092611863,0.6027869757174376,0.8188638799571286,0.6093023255813961,0.34649122807017485,0.21428571428571427,0.4871794871794876,0.7405731523378583,0.32821784144633953,0.32821784144633953,0.28037383177570097
0.0,0.802534318901795,0.45986606733327173,0.6106130361037057,0.5588286490901554,0.9297108673978065,0.4876148932855586,0.8468468468468469,0.5437473324797268,0.7128523650262781,0.41878007217321606,0.8467471983699607,0.0,0.8354382657869934,0.5705673758865248,0.736954531583768,0.532213845099383,0.8048907388137356,0.6024765452538614,0.815112540192926,0.6093023255813961,0.35526315789473684,0.21428571428571427,0.5153846153846153,0.744343891402715,0.7591327145981248,0.7591327145981248,0.22429906542056074
