Feature_0,Feature_1,Feature_2,Feature_3,Feature_4,Feature_5,Feature_6,Feature_7,Feature_8,Feature_9,Feature_10,Feature_11,Feature_12,Feature_13,Feature_14,Feature_15,Feature_16,Feature_17,Feature_18,Feature_19,Feature_20,Feature_21,Feature_22,Feature_23,Feature_24,Feature_25,Feature_26,Feature_27,Feature_28,Feature_29,Feature_30,Feature_31,Feature_32,Feature_33,Feature_34,Feature_35,Feature_36,Feature_37,Feature_38,Feature_39,Feature_40,Feature_41,Feature_42,Feature_43,Feature_44,Feature_45,Feature_46,Feature_47,Feature_48,Feature_49,Feature_50,Feature_51,Feature_52,Feature_53,Feature_54,Feature_55,Feature_56,Feature_57,Feature_58,Feature_59,Target
-1.0273214499558887,-0.47780310599850545,-0.5629409607714018,-0.3104756674035485,-1.3207954062362979,0.7890625317237535,2.3900240063198335,-0.6833164814086413,1.6334305125009811,-0.9474655155943452,1.2977302157235773,1.5655750613179615,-0.7460801115945545,1.9097460504484087,0.8518253114934482,0.347619925692983,1.0084367349458512,1.212914034990721,0.19296281750658978,1.4327581269448695,1.3629903650775421,1.056165292123382,-1.184176545001181,0.9971677412343467,1.4875184873413667,-0.6396705251776188,1.4717844883361155,0.03960885250986243,-0.010593776787564624,0.9910701068069439,0.5552079506409323,-0.20217611676270864,1.5151088257165761,0.3212132714055892,-1.3124239460739493,0.8239631830130152,-0.022829672273376067,1.4195078119560058,0.885261926492164,0.6357637149288171,1.8006579545875223,0.3376967330461256,2.579385541122037,0.18921149603787454,0.4830046142355768,0.8118104836114646,-0.621104506619623,-1.1608497765665258,-0.04998478972424914,0.8546318840635057,0.6479466027834965,1.577843143198058,1.7673823997304152,1.799955465684757,0.5306949405598419,-1.751894899239624,-0.5235884602563441,0.3695141817401501,0.774353162693517,1.564446877096678,1
-0.02931094054718386,1.2793001383463587,0.0745173213504553,0.5293624935763541,-1.6102534591166935,0.7648935856222082,2.661586912474969,-0.5099446545566968,1.540344035642698,-0.9271921198698364,1.0255794648659833,1.6827450373705846,-0.543016733758709,1.7730643183750168,0.8250936563767678,0.3208389124452094,0.7053654798362594,0.8152431604813464,0.3700470977608318,1.448547435123914,1.5185115151148967,0.8869015909366168,-1.5011042658662215,1.1954359768142213,1.6096271109552074,-0.889506416551361,1.4968438353813684,0.2955570909653569,0.18874965400102048,0.9131511094599394,0.5262917924333407,-0.4729883380087321,1.403834056891178,0.24604395418151642,-1.4017649886986348,0.9016259782543856,0.29046738131054467,1.4983358838131415,0.6736423716618708,0.7205920320822223,1.951663434206924,0.5662405653363727,2.398516102236013,-0.029923727317573923,0.4426857384345455,0.5961853895527545,-0.3570563119440618,-1.4655995278690712,0.15000423093840673,0.8355921019885237,0.5955773788207777,1.36374333694868,1.7872953519558095,1.7262619273705744,0.5157538077122352,-1.453846969293254,-0.4691061279514466,0.5627774173350057,0.5483396102676819,1.3234418972755537,1
-1.3148298526012956,0.2084835952898354,-0.5804677345028137,-0.1354347303038443,-1.1354131160909433,0.8623592522222847,2.279132193543879,-0.33091040173109093,1.8263719656185216,-0.7090802175631428,1.060041595379154,1.6140995837496745,-0.5377177137908867,2.446376903375748,1.0347983525913664,0.19251448738912286,0.49883943447803913,1.1932193417003778,0.5157834371094762,1.5444041585887731,1.4921824619075368,1.0587741608222292,-1.247275127653705,1.0768514225965466,1.4600125141447813,-0.8788843741380862,1.686458017502977,0.25876823072548993,-0.06289466882085347,0.8777783416705707,0.4766697579713895,-0.20541748004216828,1.3131809434065813,0.5001662988214575,-1.5887607749992574,0.6670009114684115,0.10498636504320644,1.3352445404617355,0.6843293880828178,0.46559404219227296,1.8531112510137342,0.39918734799058947,2.661035395503505,0.11656135097705336,0.5200420870898745,0.8377280975821544,-0.32265567324698086,-1.220344995971884,0.05928363025025561,0.555984771390975,0.17823925323792972,1.451564798466517,1.7001464870639287,1.7272023893576307,0.4170865124746889,-1.573211117951994,-0.49806095248338267,0.5856994234591033,0.6463581008361577,1.4913612292101606,1
0.8903178673962804,-0.7956180211715191,-1.6038161521520957,-0.882535074579652,-0.988274855451259,0.5287508036683397,2.5093409235342286,-0.8231367880710144,1.9487896315383022,-0.9624856156042065,1.0844598715863656,1.3517208052766616,-0.461639842288833,2.15872691666795,0.8011101457101214,0.40535740673078496,1.0173488539206241,0.8051565122613193,0.45140014332538947,1.4006228614399037,1.3405958206178208,1.12094267811112,-1.5496401536957467,1.433626385482861,1.6149527139544526,-0.9660188413646116,1.3033698598537333,0.32892391526247416,0.17023749861750087,1.1322009011525027,0.44404578442507003,-0.16852971116754079,1.3249925329347954,0.42320435427384995,-1.5700023276580999,1.0050116227339196,0.14656559822673618,1.6439680315468272,0.8087077436821887,0.6241952090897618,1.8476026128920875,0.544543824481077,2.7366803542011455,0.35023394380891404,0.5073207996595233,0.622747282551322,-0.4013132930654509,-1.1926386244371023,-0.025492871361615686,0.791607119354341,0.4414886738481895,1.4361559974343157,1.843635693234516,1.655063503269317,0.4690728681040058,-1.5069305319026614,-0.6217121863765794,0.4628535830371036,0.6279343751108556,1.5126503867463426,1
-0.35873091865618445,-0.4848974076832922,-0.9410874088411216,-0.21400331426667288,-1.510020644931346,0.760866482988932,2.7110019994901995,-0.20439811759935778,1.2943586216761613,-0.9179225973721648,0.7958164971830874,1.8960086773358915,-0.5669104882523557,1.8582792628881697,0.7499929345336682,0.4556166352047978,1.406112071248987,1.0276622340484702,0.5012192475865318,1.328756718238584,1.5189740275706498,1.3748410451888857,-1.3511382959570581,1.0638105991726037,1.5744395119131185,-0.7493144196126734,1.6116798437958844,0.16530606061267206,-0.037271372584880225,1.4315806219791463,0.4901840925653053,-0.0798035058513534,1.3120836326443965,0.6178823632377066,-1.1188037295084414,0.6454809749429335,0.26052441495421325,1.524084942844039,0.7840388867294297,0.7546720292343791,1.7950313523678,0.4809485758629499,2.5855122947169575,0.12052945041428115,0.3263444046434646,0.5831598309786862,-0.5705668961120227,-1.110337996132871,-0.049620784399176984,0.8683999148030753,0.47674881881729964,1.4826890338467642,1.7128056749634588,1.5279588432101205,0.5521080555264724,-1.597697078056908,-0.4854252273610121,0.5950867755748277,0.7381815211193365,1.522136112325886,1
1.4551028282169844,0.7206006097918176,-0.40115829096954375,-0.3264006003983089,-1.485657364694624,0.33585293846698877,2.478882005250253,-0.5790653681089466,1.0710536786284353,-1.0425802255052983,1.3334877201705022,1.5237196477899577,-0.4282809771034838,1.7628711197614468,0.4539753265064052,0.2848288517538572,1.1081058728307427,0.7234532855778202,0.5070211911299375,1.4797988498031163,1.8052247296162347,1.115717271371635,-1.4851626149865944,1.0491914287506872,1.619980747967821,-1.102003948299724,1.6846902865311102,0.1688611793871402,0.12968850901095705,0.9146244014430568,0.8084893582514747,-0.2114291318466223,1.3615762951463861,0.39263136399180215,-1.371690556430502,0.9425734374317924,0.3469860478408788,1.6324850190266131,0.8576390547733338,0.6587896072360777,1.959144719581485,0.5971103897990403,2.7667351824348163,0.17772404805441697,0.22530882092154442,0.7132046059835971,-0.43717019741984364,-1.2303800274390093,-0.029793620600920247,0.5906801108851232,0.45433046847734526,1.61036369995601,1.7792055030512142,1.7529300308159022,0.5527672048897747,-1.6338061176642336,-0.5155666379366853,0.5047164796557997,0.5334295705699986,1.294436050194582,1
-0.2280064174801852,0.33136964392609247,-0.9986022083483094,0.3062084476448953,-0.8682286108403525,0.5395738908258416,2.1761112038482953,-0.49699628231232074,0.9456264955263578,-1.0789179902198576,1.1881481359461663,1.5865516523982408,-0.6609022505561118,1.9889923939832188,1.0505648958529383,0.529104454283543,1.0197809652562535,0.8922122522285462,0.2825266423187391,1.4856276196511589,1.682867166101654,1.0727007543942628,-1.3543732078849597,1.0651119170406143,1.2863889645040867,-0.6885190050141741,1.567029564156187,-0.026904889230305845,0.06914916727865782,1.1617257570236295,0.6132761083332707,-0.2503274265457963,1.2785602098393987,0.5685085450084107,-1.5102997094642083,0.8119139069180228,0.35445234819247184,1.6555275540862158,0.9007509607389945,0.7365681797997452,1.9109773804105172,0.39766579158555676,2.513758889101248,0.5113593354708325,0.4423845722516977,0.7025948784613091,-0.5665091302811238,-1.2051309008760485,-0.14504050122621828,0.7926051776403918,0.5279948817754216,1.4809007488551096,1.7537460112001786,1.7694316624493336,0.47532156127371794,-1.6912502906484348,-0.4921256503775145,0.3356637520387662,0.6469328467997304,1.6070851382594395,4
-1.5929260844869266,1.250496631230766,-1.335471214598134,-0.6030057785282884,-1.0674692253852065,0.8469271708833883,2.1514943582730774,-0.5216719200066652,1.4248980998776257,-1.2182023743953274,0.9113166409542179,1.5135066164422435,-0.4380261526223885,1.6014148127439083,0.7210729327481139,0.3122070231600646,0.8337738184403495,0.6645123487844196,0.6432122775564362,1.3467960279068676,1.6707029388001913,0.693893888431911,-1.3439565097127364,0.9038357056260597,1.565044844546906,-0.6922090942753945,1.6641844445954448,0.09689194880134033,0.19543431948291576,1.0573863036812958,0.4206452548468938,-0.29958188355877147,1.4032338690572155,0.6263742884850423,-1.429798415032625,0.8271419805334611,0.262782087949488,1.4830539063454233,0.8761333578340865,0.6658195897973104,1.821432055720738,0.5681084642744073,2.57018188278417,0.1915023133428046,0.41508837503208457,0.5761964289939429,-0.3127548002585391,-1.1669096841932105,-0.020470993278910436,0.8613597740058045,0.4015491766394768,1.445582524629916,1.8277263956034482,1.798781475147128,0.5539987973583769,-1.6596626575484656,-0.45789938807793046,0.3358898145856786,0.6683715185134406,1.427923407059379,4
-2.9294939826293094,0.8106206009380872,-0.6796025375507568,-0.9299102016306326,-1.2672504735107353,0.14493353317557667,2.2524807186302565,0.031509787774078646,1.526547541360283,-0.8656057690497145,0.9110216214144633,1.3726885460427032,-0.2009937391573434,1.7212253148630092,0.7699625137914553,0.11055504167839356,0.9876959106645199,0.896417386812207,0.2113588415267607,1.4741874776020498,1.612568438765901,1.0183199264158618,-1.278215566868589,0.9973074592394698,1.4651924820941482,-0.8266338556679458,1.333469573398118,0.21736612785179196,0.08740932301473281,1.070855954724363,0.4387322952610341,-0.199274149205781,1.141868662724558,0.43531901309125737,-1.1471765479758256,0.9559784097024098,0.23979747789634903,1.5067649846408695,0.695097659058031,0.7037632858488888,1.8923930354211291,0.5964744013249671,2.6736620347595452,0.26775886106801966,0.35437328064117196,0.679781897586902,-0.4485852802314075,-1.1645501643706013,-0.024274563800436137,0.8741308305538987,0.4507255789266102,1.3226650385484697,1.9258013664474596,1.648668393138602,0.4362930893544996,-1.6399398466139588,-0.5480540102834159,0.4674403330609984,0.8614340587690337,1.5491514012015277,4
0.5374034474309781,1.135331518588868,-1.3615661796371599,-0.25576709975747125,-1.7381404059417336,0.6424757437114663,2.1606406002042577,-0.7767955954165999,1.5563222828618117,-0.8932466845651599,0.9784170500874287,1.6681747108932976,-0.34437874320613765,2.1110435374873866,0.7677153886994033,0.42851012547554646,0.8410491835853048,1.0364293922753907,0.48728035692638205,1.5110054550112304,1.6393594046998543,1.3437716307159866,-1.3686177372018178,0.9398325265743973,1.1833057438479706,-0.7034263549525759,1.5145331442349739,0.2910748421758126,0.15050659089819118,1.0623177076264496,0.3037984102175946,-0.31567771739646383,1.3257847825877551,0.32017902325442793,-1.2607301185587918,0.910811028627207,0.12565810458499274,1.4787106735408106,0.7021173912325032,0.5169108850807774,1.8725369544163009,0.3770433143228493,2.5593897861313946,0.13438177455549152,0.5990681473118158,0.585714587031535,-0.5678448910987153,-1.1597789065726927,0.13092637081544603,0.7410806425892402,0.4905731723756261,1.3207371086802917,1.7288807912482962,1.582893133525066,0.5379995905880497,-1.6751220156033813,-0.5555295946162679,0.7181893183819917,0.5771882620635096,1.5734849845173877,1
-1.8346583948959556,0.0319374744767113,-0.7483344316426347,-0.23527331111683253,-1.1741639262002304,0.905801916348125,1.988458067236823,-0.544534054024934,1.6790730094155335,-0.98409877238144,1.4366484746570882,1.6542135881773443,0.0826220666633235,1.84819250757319,0.772144025629307,0.3030020386658192,1.19181845087582,1.1380593431796884,0.09414984278079597,1.3172871308761422,1.7513945393497814,0.9527923403926785,-1.8612424187381609,1.110580861384632,1.7023292836427764,-0.6312827246157401,1.4102084514408766,0.2641672914150431,-0.22800039875030786,1.0353544088695632,0.6873421356571943,-0.08125506584137757,1.5490160554195138,0.33482479634129336,-1.5049285521205071,0.8815245638797501,0.17055725006105066,1.4696475191618648,0.7184691382640772,0.682856673468832,1.6561917499957879,0.41241570176443015,2.69692325167866,0.18216270621066163,0.6023544772784561,0.9014766330648079,-0.28749196697450186,-1.2318917511500753,-0.1657491490482893,0.7598627484977394,0.3197399674223895,1.3600508929364283,1.76608857846193,1.8301786849357524,0.5559803736840527,-1.656637471930143,-0.5853231233224383,0.5653184051972472,0.6201611733163992,1.4971855424259382,4
-1.1545004415610922,0.8064800382689379,-0.947536734851249,-0.4706065153024862,-1.0300083408606602,0.9336513132236172,2.495627517802564,-0.453738658665708,1.6880828916622768,-0.8157175849927435,1.533609278344493,1.6586998192788927,-0.32015710765495586,2.112670844297846,0.7627547016655786,0.5686737312505927,0.9518177117308584,1.0963508778802302,0.6125247170485855,1.5586767558097268,1.3818299729482133,1.126628692484434,-1.5779823346435111,1.099537185908071,1.4016692431857896,-0.7832482319019368,1.5598690835955327,0.1285678359698385,-0.15834674259110476,1.0914257576571482,0.5808213836125263,-0.1935219572866605,1.3423298233754117,0.2717638304221084,-1.1981575979907684,0.9587659162624211,0.16874407704644945,1.5141152648614478,0.7649792781377083,0.6007080932117043,1.9222772411954332,0.5735814209579381,2.64618927759783,0.1949378113321478,0.49839672563473414,0.5670392565181498,-0.4979666338219747,-1.2060618604529065,-0.11820082885423538,0.7711999037921091,0.4190216349693554,1.5066913643533613,1.8214257720148954,1.6787308791586844,0.4118085525488988,-1.7469996583274632,-0.3951510817909059,0.5145326798962739,0.6661665743153201,1.4353727373711116,4
-0.5686544899970236,-0.41140203686159244,-0.3125730397673688,-0.38307840560080864,-1.3090414553627197,1.0281034323705502,2.7791125634485274,-0.2937159761824752,1.543553221740638,-0.7330584424273174,1.2658268182725951,1.7364158728938963,-0.12654880051065936,1.9780452226525915,0.8724845285162115,0.3126959831877966,1.4444900483215442,1.2735658517605872,0.497533516743311,1.2412257245632556,1.701374920297059,1.1929257124651642,-1.297949043063145,1.0096378216614916,1.5952184001714975,-0.7044339343766576,1.494363251790064,0.32103935922464527,0.1313903204010096,0.8778526378791519,0.29784553382170587,-0.029043481659272258,1.353407640143858,0.44004354035295423,-1.374296411687967,0.6215661160576852,0.12385585695117687,1.6997336429618612,0.8263382188756725,0.5001570489305597,1.8771870643908153,0.7267783168488811,2.487168390217292,0.14344394375551978,0.4421382598338263,0.6682834521197474,-0.33563722299603843,-1.3577165381070508,-0.028494599227734087,0.7790560261094762,0.4659604873883624,1.5208291416714368,1.7274465416129783,1.5403328753104808,0.580275986755035,-1.4457415768213397,-0.545526348598968,0.5734252010350721,0.782058597249452,1.4364022142461699,1
-1.0353179976725932,0.850215113325649,-0.5856480493794515,-0.20096066551003053,-1.724974918094334,0.499486355160428,2.5989655859883056,-0.6859797909000175,1.420989075345559,-1.0803699456627058,1.1278793413413184,1.7379420053238144,-0.4737301917479448,1.7731061204166187,0.7596620077357475,0.2285189986670591,0.868372515711235,1.0827443688163085,0.6385922631760133,1.2570801194158072,1.795382544393366,0.9609265909234982,-1.1083776647213082,1.2224358704982485,1.3291389933698705,-0.7310245970594141,1.3935153613653681,0.2984216051200346,0.06815168670912333,1.1978062335687136,0.6946922588295005,-0.3630924523169433,1.3762672753412954,0.6066840948724486,-1.3102415923790176,0.6163655913366319,0.23424165927278048,1.5296303144494008,0.8653923081053189,0.4998508634259151,1.7681364071151306,0.4946772265998028,2.657025555658635,0.3316613752169994,0.5317858153392545,0.6045100461548777,-0.4082509387164179,-1.1734365432157101,0.048102698004079424,0.7858237394872478,0.4103861229794788,1.4621179273021787,1.8924313708285754,1.6684844462900212,0.39002081090110224,-1.7513567307907132,-0.4388901383221161,0.5547585883373188,0.7747684191394979,1.5198637338185534,1
-0.5190815249589528,-0.012888805646200346,-1.2297244307660695,-0.5413113296685055,-0.8637003945294184,1.163881302755693,2.317039668071719,-0.3370254491639591,1.719098878005172,-0.9661264670166453,1.448871636410669,0.8808369662068187,-0.36739719428931517,1.9482083981638063,0.847856194753249,0.3747873264079337,0.8422423781427086,0.9312115871692649,0.7670031765343219,1.4637504102834893,1.4167991606326535,1.126228585891115,-1.5715326301386014,1.0152523303870458,1.4288499348737622,-0.6914715721906485,1.4798730312788262,0.26118691393771665,0.0569173995485643,0.928213240626672,0.5335412066936275,-0.165480990797849,1.3882666409854933,0.463490876960838,-1.3849906672527195,0.827744541582721,0.3103752894665612,1.762238155304019,0.7954604093961659,0.6997086357883968,1.7840377405321908,0.3762147561872912,2.6443498017975076,0.07350334803265031,0.4966295549387792,0.638519671757428,-0.42527066001752745,-1.2151385416330467,-0.08978084228802154,0.6938202169472178,0.4663648889980121,1.3053455336271187,1.8024298908839596,1.6907546483974718,0.5218109808462726,-1.5991724601685318,-0.46842863146625074,0.6457216267759636,0.6543208932195239,1.4208451743913655,1
-0.2809990072049517,1.4874655437360336,-1.1229403742915396,-0.7594988140018477,-1.3199787757374644,0.42120297975966275,2.5832595435585812,-0.3208705676184209,2.042376834421087,-0.9398414642248302,0.9304379692412277,1.9111507157742258,-0.38930738962244127,1.8760516182043379,0.5336929011129269,0.24592509805845147,1.159566163504682,1.084885096649745,0.22441863847140084,1.4389593815194244,1.334890026629557,1.0198329160930302,-1.2375832840137972,0.9720569006489548,1.6919684738367144,-0.6905025388523274,1.4086525445302345,0.17612322485997361,0.14429681312483922,0.7916627064469595,0.5284292657978344,-0.031666354554802795,1.652417160819462,0.38671495177058557,-1.4530182033964731,0.9275889677309987,0.15542047785470758,1.2254585220853713,0.8963766229826904,0.7175488294303063,1.8793180443817785,0.4497820004971481,2.6773091629073016,0.2081380142042093,0.2980832638950428,0.6693633176872502,-0.5090116567231653,-1.1756225161043254,-0.218517961680935,0.6940701914205558,0.5403669490353774,1.4839004857721805,1.892314219194798,1.7379531094859317,0.3060812610977198,-1.820031982450582,-0.6021746409021861,0.47320234963607344,0.6385470954847203,1.4913213142129254,4
-1.2353602867628748,0.1152149350296585,-1.1971652291641153,-0.1625996134144175,-1.2835448573706303,0.9664590923597092,2.462553435150388,-0.5692013109970906,1.2244554649853387,-0.8011854058241419,1.55350099786542,1.880755815059647,-0.22723395248187625,2.118145605320756,0.798738836028306,0.5296313629066205,0.8349617686861907,1.1689984539908753,0.5953571200576443,1.3091681496343486,1.8219174064184425,0.873882208696076,-1.6538022308146536,1.1194076629014758,1.2535597694903386,-0.9034205623760386,1.6745136508986906,0.384243546867833,0.017529667845681333,1.2192758506180499,0.4228152660156536,-0.3927287520352851,1.5410206694189204,0.5505606873804475,-1.4595298289137018,0.8188852521182808,0.2867470939479752,1.4490801494585166,0.8576018796201441,0.7174521555002983,1.9534427596996538,0.5998731465358098,2.376988777899405,0.09728774526213202,0.6082995728732639,0.6647901490070266,-0.330587081286721,-1.3454159189178834,-0.22093639526536854,0.8047721901902988,0.42152748307974375,1.4843240035427023,1.730953403760197,1.6966548692923533,0.4527463215651705,-1.6483715626881474,-0.45223349428088455,0.5705608835124014,0.7189381576309909,1.511655532887398,1
-0.9533108570676035,-0.2006938866139395,-0.2007873056097611,-0.16385334414467342,-1.066355125675579,0.6347500309049725,2.5418661158595905,-0.3085246322873826,1.7802117107063766,-0.7808724057457102,1.334938583162774,1.6347749618489338,-0.6031530491523307,1.6489922752800281,0.9411432235176151,0.4000604409461551,0.8161715700907527,0.9745281599690473,0.13925216485929076,1.3505875630583932,1.3483061702633288,0.8924638577421405,-1.427442729618906,1.218238145938809,1.153008991641909,-0.6889281712083497,1.7212139421374835,0.08826620659854026,0.011756634463133214,1.2043376948778879,0.6870652958370967,-0.15568010920075,1.5604246061645841,0.2925080359069279,-1.4441961634089444,0.8585600127871532,0.29458911585129893,1.5133430641363252,0.6255427631547149,0.7934228387729618,1.8541847722971212,0.3115729373219793,2.511397339786115,0.3526874573465937,0.4576512926589476,0.4743656796512962,-0.5251003061496716,-1.2951062921434,0.036176899685218485,0.6376826767450329,0.7060550240562848,1.2809338793337397,1.7530541650466327,1.5364076329411407,0.5209627727405303,-1.730331447153882,-0.4260292592166559,0.49211452145554113,0.6573287204493518,1.4652590406483215,1
-1.807836651184161,-0.49397676990360256,-0.2832280769060839,0.16469621212864471,-0.9445688210745004,0.49831028172740355,2.431188628235409,-1.1971931534324691,1.4516452770760673,-1.2202636811666656,1.4159036248403525,2.007186313884061,-0.4413493956464587,2.403111493652539,0.7586804035002612,0.13015895477919842,1.0113567089594455,1.1066938749903328,0.6832828875561959,1.5848623344771624,1.4405241821539592,1.194928950415576,-1.5169205924256002,0.978063213535454,1.575204683273724,-0.935256136612029,1.4580857086727792,0.24291237320862655,-0.010627579169928743,1.1397500358048676,0.503745592374523,-0.026823742136517337,1.3344046462668295,0.3171955494542844,-1.3659074850980013,0.8530959213808882,0.14091674204022625,1.425247057751797,0.7818466272125083,0.6148038210456478,1.9134010055740274,0.6488913113387373,2.6446378925953016,0.253445022206811,0.4815004598177716,0.7079625951312081,-0.17476862098699444,-1.4610186705650525,-0.12049425103184887,0.5893132090636306,0.2989914375707353,1.492978963775616,1.6069918043521303,1.5891196364935114,0.3082719228326178,-1.6004137269282233,-0.44235404708347154,0.41808556764975435,0.6549446061959776,1.3592337189616863,1
-0.1323875596769961,-0.1417658071165921,-1.4146317384420564,-0.4118497287766338,-0.9834734206832716,0.7912861000769709,1.9654031052344352,-1.071924840453633,2.3321171630425725,-1.0661190758015375,1.2552913854634429,2.0498781556909815,-0.5955496241469332,1.6042008395463625,0.8754618828549157,0.6294972455240178,1.08663393109792,1.0414121292674232,0.30941560085920994,1.3892010251862061,1.4473474063601326,1.00961074614371,-1.4480499689515434,0.9536352562393305,1.3540314624989396,-0.7570347906773658,1.8894271056565024,0.19163328600877225,0.03858100308789433,1.1235507781464362,0.4148712885762056,-0.16054781124065914,1.3888334624190293,0.3681578515353626,-1.3250924957920684,0.9385857354157832,0.2124502308778059,1.614893931050511,0.5870665328004825,0.868093957147805,1.782976525915136,0.47680786625941224,2.650425177123928,0.29747120723029885,0.3549098217953004,0.6941330949406447,-0.4527256386524608,-1.2406219723419554,-0.010874724615929116,0.7621431841102911,0.5536067096514058,1.366768586628654,1.874731543272264,1.7006959165170887,0.603252801215213,-1.6866244661327312,-0.4113162992603931,0.5450621284878268,0.7723515226390967,1.4243882031437898,1
-0.7339506253104627,-0.009482145694495125,-0.6578437644658773,-0.10240629931478412,-1.2788971827183504,0.44188589181437343,2.5304821120683165,-1.042960646854286,1.2809039921788876,-1.090326215985821,0.8583745841348764,1.934280203160734,-0.3011526321042993,2.03974861571397,0.7970934158996448,0.0126307014983022,0.8063074605091947,0.8501032817500664,0.3179340337341282,1.5123761994877625,1.9585169556137234,1.2251110204077462,-1.4671051277974891,1.1878239275675482,1.3693444042126863,-0.6255086391866266,1.3878117322961638,0.20571450341245215,0.03558335049560789,1.0196929764327725,0.4609099156702929,-0.12813455840124946,1.354707618717794,0.584883956275568,-1.4745343037562069,0.7176047369303625,0.20500772220819852,1.4984412495268415,0.8279847736337063,0.8011481370333485,1.7560868663274758,0.588374371264867,2.3723612126678773,0.27463593071547604,0.4396462424868244,0.5879879024849473,-0.21922784763793027,-1.320345354340461,-0.04387301893608144,0.8154573958136339,0.7319921715358807,1.5214775369019333,1.8922527953878787,1.7365953356698691,0.43546053818096153,-1.6975037123954977,-0.35402926762800657,0.4215669648511778,0.7088265020395258,1.6072405217027446,1
0.3962497935563033,-0.46762908161642897,-1.0578588409269079,-0.7530710730634314,-0.7648688681149399,0.8044366571236745,2.95293900864895,-0.7011744505695384,1.264521253402162,-1.2402308599944492,1.5952249592641596,1.492197198202043,-0.42834623800666505,1.830230958066756,1.0711097602248567,0.5676263001232076,1.0056727388519688,0.9327474398440505,0.5749661608293507,1.6074092706378096,1.777320585762327,1.068136226112687,-1.4721094433365405,0.8641593571132465,1.571966058908446,-0.8532848731488715,1.7000864827386133,0.17799874042963365,0.08341426827957704,1.0795554654900574,0.6601031005657878,-0.07989036099673782,1.4067129011250232,0.34478778060451315,-1.4055421814057343,0.8362726981907902,0.23556587125551387,1.5237986803137318,0.500559853533634,0.7017482936108922,1.8840397163618248,0.5048583046728725,2.6827559060761086,0.12194517114151757,0.4797455657499952,0.6403368084953246,-0.26298077189034236,-1.2140627010907934,-0.04742588736326822,0.6201061296113803,0.5861821745796701,1.5122404958242794,1.7552117170959423,1.6136782086101085,0.31251047575834373,-1.6358193026062517,-0.5633997035940345,0.4560399478801025,0.7910796643490305,1.3492467057764148,1
-1.6481571556762344,-0.23212020665513694,-1.1397449472762726,0.01780049900221753,-1.4320655990868036,0.38140251976860534,2.1166507093507234,-0.2718728229809536,1.8105578167600243,-1.2313461398621788,1.5921155298351253,1.9966240604464325,-0.3010116477770524,1.8340408029213728,0.8186695292291066,0.15118657399206092,1.1790738004130212,0.9174839442707925,0.8077907557201591,1.5980757865856903,1.438600872756814,1.0594193432024064,-1.5157278362386937,1.1281769228727965,1.3744644082958983,-0.8807507736232609,1.7044809800343887,0.297801336804879,0.1082209329758512,1.2402816950074282,0.5882411093463107,-0.24362815052913522,1.5482053479810924,0.3663176637194779,-1.3182405556817145,1.146252097467639,0.2269189952412789,1.458879979325371,0.7652849561019791,0.9088921271158408,1.8315310601822197,0.4430404016135222,2.547163934475462,0.13731987684791597,0.46583460018733175,0.6800198881745027,-0.5334619188576206,-1.0513090406341452,-0.08048633828754499,0.7527073000305612,0.43768532630719315,1.329295302954679,1.8443020775530616,1.6760805177683396,0.5774085217399066,-1.538310172413093,-0.3843664218824858,0.6237635918369046,0.7962581712358063,1.5369199256503667,4
-1.4222440901070628,0.6284582802851983,-0.3107413752359073,-0.8171463684056828,-1.383004317120544,0.05123052194073219,2.5835312958194914,0.02074238059460376,1.754956910889148,-0.8921132054424235,1.446255158266427,2.1663046451495322,-0.26337147051672616,1.7028245254415921,0.6062534786406741,0.42908081482400345,1.0886245259928826,1.1144208618631861,0.35620720463398725,1.5546402523560747,1.654815437715466,1.1674108309019466,-1.3197763464479733,0.7649916722285097,1.3700994436604994,-0.9690538815274377,1.7078790832274429,0.2068744604706243,0.2656381655111588,0.9517895744083555,0.5146418659158873,-0.27057587798330585,1.1474501659324141,0.5148219906513676,-1.396532453464459,0.9475390409987225,0.38600344630691885,1.5845507287577918,0.7202811208345835,0.470732315907605,1.7179372766841978,0.3408590968141961,2.5839468942355155,0.03719431668041903,0.5361139147081563,0.5401333496299751,-0.4152862458036611,-1.0859445293924028,0.12245072944594082,0.7123892202088161,0.3811992573825854,1.4810885948240335,1.6396480814235015,1.702558795605174,0.30430295092821824,-1.5789287274446602,-0.48268411480702766,0.5839162337031707,0.6008212278592733,1.5627791744659376,1
0.21667672302991903,0.1350869423014979,-0.44181471270917894,-0.25261762224800455,-1.1908678231686964,0.6268438695949158,2.1568262454882725,-0.31221780736919785,1.6909267455533188,-1.0844261676595643,1.3583838207822814,1.9332901750476983,-0.389412091297948,2.294545043479487,0.6892391731375901,0.12445553332752482,1.3639313902698311,1.26353554896128,0.10441158915290177,1.3397437527258007,1.6194368124189036,0.7817914080492591,-1.4991461858786295,1.2194017664408008,1.4780306191929127,-1.0556978664199363,1.908350755604349,0.32112486493632625,-0.006539525200023502,1.214619626592361,0.6811668307857383,-0.25806220218681597,1.4861825912262385,0.44327763110251894,-1.2204586204961716,0.9700868695967544,0.24892496409802795,1.6944777993778568,0.924300620166917,0.6871362658095519,1.819644894965487,0.5996168576843888,2.512883914073097,0.2750879045121577,0.6904910416145988,0.5777448261520607,-0.33601513362224494,-1.1985312394808025,-0.06599602355479314,0.8675533295575806,0.6631801412787608,1.4730003426779728,1.7271560825434338,1.644661666353001,0.6069384251522688,-1.667329917717768,-0.45699264142013846,0.4658173419929218,0.6735669541709016,1.591971170286501,1
-0.9295902667014182,0.10548093980200336,-0.7002588110603256,-0.6603429189823593,-1.299848779018312,0.5735935251306931,2.489113086099816,-0.5424867691628156,1.7260326276269724,-1.1408761808658205,1.2079815104779994,1.8978405288233238,-0.8181414080226265,2.168936357887063,0.6763864070733661,0.34577350648929894,0.7215657032137996,1.2209571169698856,0.22951683679558146,1.4210848945148735,1.6506797473481012,1.083254687574652,-1.441990006839811,1.1846257330895527,1.3058590272340633,-0.7813962805512149,1.7966627839176255,0.43268260742102105,-0.21380392577597973,1.1123083981754913,0.43460188354294793,-0.18511411663715133,1.5071712698175994,0.4882152989099756,-1.2512377065050664,1.025062672798991,0.2570518281501058,1.5946428554130554,0.8178116650367264,0.7444113067602993,1.8892841736217298,0.533976981952683,2.646802477232845,0.21061500872762304,0.493004563412416,0.6543874816451196,-0.22638819805247656,-1.0215784788262803,-0.12488185465320459,0.5736301619826732,0.39268588535705207,1.4798834589206211,1.8164113061556322,1.6281194578636473,0.4648190261432242,-1.7215848353900232,-0.5925351262506522,0.49699374594755924,0.6364087241371109,1.5013594755694333,1
-0.5520692221470318,0.41341290386836155,-0.31016887232366536,-0.6754727873953013,-1.7219437196391691,1.1433220706679503,2.436615666861855,-0.5192649604258758,1.4587019455075854,-1.4265083146824236,1.1443631351777495,1.4922130231461965,-0.7005282331409934,1.8028849683595423,0.7394703508884674,0.42641447449046904,0.6773945610481433,1.1636787313602113,0.07159690332940588,1.5290380739881377,1.8372128384853013,1.091932693356055,-1.317255247972376,1.0977113197590715,1.2698886743594122,-0.5079003697568643,1.3928850101183516,0.4403267474126553,0.2976794172087272,1.0378376752024892,0.4688389093624818,-0.39358912400956303,1.4130139942711435,0.31619402618733217,-1.4599269057124584,0.7906356379460866,0.2872426900121175,1.5421201681702614,0.7366780069081879,0.5890309551347567,1.8233467073452503,0.6259947839162808,2.793285849236449,0.01513850961018387,0.5507170983642904,0.7193240810017258,-0.36641699342207174,-1.2500068743547463,-0.028623019515782968,0.7872153174077487,0.5249518662183154,1.5279002257256373,1.8997369707582712,1.596187522397928,0.47062973045091094,-1.6256979119270296,-0.49423487726636317,0.49341947727785695,0.6701614987421141,1.4931821415853312,1
-1.8866995674246962,0.3534035432129001,-0.16809103442469664,-0.7514069166509355,-0.3227053463261724,0.7479511577368099,2.9031527344499213,-0.8333506959239663,1.7927614938549548,-1.1473240767911794,0.9030726120597321,1.6195810043744725,-0.47745822895526585,1.8486571289361404,0.9869302826017193,0.17040900627974098,1.1320219900879591,1.018667765405659,0.19046258086394968,1.6827369232768883,1.7429905978258584,1.1538710629710092,-1.442096940670613,0.9522567209218966,1.311224922468853,-0.8779508995838975,1.644227359503535,0.3334525842547571,0.18295274077173992,0.9196987743137456,0.507120228296918,-0.4222793418059361,1.1558050238951103,0.5984920276679329,-1.520935173791625,0.6095583769676554,0.4297741846401325,1.4097799471687376,0.7562493676645525,0.8629120192961487,1.9182673529962493,0.566860853849798,2.833539434060401,0.1693991003983264,0.32942660027018655,0.4701188338458493,-0.49412661130549285,-1.0163931163596622,0.04626296378335874,0.8263373656361352,0.46563560847693736,1.3039505385568655,1.8349648895213586,1.8520416037734275,0.3672514852893303,-1.6601381004802165,-0.3766904969360632,0.4913468626716569,0.7078406133033961,1.602643099305548,4
1.0002714441987255,-1.0608657364676521,-0.9639473316415927,-0.45107189810720927,-0.9456968878804667,0.5774416661392088,2.5065936309773957,-0.4895641765321698,1.1852586173547202,-1.2599600270119018,1.1849958749068072,1.388264200749142,-0.5019810887296163,1.6268715777284795,0.7526325246912119,0.8347134100016467,1.1202024124231569,1.0554975612891229,0.4155653241590913,1.21386415893134,1.5448016446498725,1.0568426195734175,-1.4575619689941541,0.9903021227669146,1.4677079069965868,-0.6524388478529379,1.6925929697889646,0.09503225157066611,0.023619873369899094,0.8480016219740699,0.424592280304593,-0.09796279661707769,1.5468079605517564,0.40413659173695066,-1.5806099864694756,0.8124024206529483,0.15071829409503615,1.5876870519312394,0.7293254368335451,0.904080387916595,1.8896742431688989,0.47292011463821065,2.7517729046774866,0.15125970742393338,0.5047278739208013,0.6066424533643494,-0.2946004353023661,-1.1093220767487895,-0.11064285508621839,0.6966453096463798,0.3286331837726657,1.3908166584682504,1.7788947124634682,1.6807143469129304,0.5124909898853941,-1.609546663886121,-0.4164526000024502,0.46495862271334737,0.5685726304594644,1.4453125008125225,1
0.2542885182024238,-0.28951932612978076,-0.39335442006049676,-0.5035610513827242,-1.4134592400345594,0.8270426125239089,2.285959179019342,-0.6975918241854375,1.4784567002556082,-0.8585274312577558,1.4270915630432324,1.8973197018931598,-0.612526086258294,1.592512388756706,0.500648949534994,0.24917230582989522,1.106975669279694,1.1859437404750186,0.2267772942274437,1.5312206476468255,1.511275646921728,0.9040974535094503,-1.6813914284210623,1.2054597814170505,1.3444975218104944,-0.9093158546540583,1.4060694707965418,0.15369871323508877,0.1268129513526034,1.1752022432509168,0.612234220536503,-0.032791229223258,1.3019097979532446,0.5535799317357462,-1.5019537448717843,0.8755038979816439,0.20549845061814112,1.4247512405004807,0.6404000388467316,0.6299657612282116,1.8691709901013738,0.5526793455902788,2.8271285189447233,0.09235031115411205,0.4739912120226316,0.6498289920510942,-0.21146531443410108,-1.0840439303267835,-0.12233845366249362,0.8731001942565113,0.3207895225042704,1.412195167070141,1.7004359824584894,1.7257660676667825,0.5374945928918539,-1.6851295428339224,-0.5273984260403015,0.4609784960956361,0.6299427825492752,1.3935492110566874,1
-1.2740831235404437,1.1999716883445082,-0.764993568238361,-0.5045130618000031,-0.5537536041953062,0.8100441257265811,2.547202700902095,-0.5082518928733015,1.7629672810788295,-1.09554509997158,1.3883033692156959,1.710592046116604,-0.2610531057876736,1.9055757983550772,1.1806928906022562,0.257648560522688,0.4470578309780683,0.8973100153955105,0.4052295427393033,1.6050240043306503,1.47099074949611,0.8835164338305462,-1.3790247734226213,1.2078288553932657,1.515628740801954,-0.8531121692084959,1.6247290920242794,0.41894982754297344,-0.02893625587892551,1.0722932842999433,0.5620573500480606,-0.3770133954180066,1.3857087304047124,0.5865563339892317,-1.3470255990919686,0.8637193914089536,0.029664112133954645,1.5113125342230938,0.5803461076472712,0.6322752385357564,1.7637415066717048,0.3468769857247837,2.6785166955117545,0.26945471408139765,0.36536757895174665,0.5041985536390932,-0.257842682319735,-1.2766869680957695,-0.0405837882702627,0.8193898311765105,0.34193321843265195,1.5322171627048076,1.8131880968758907,1.647913138964809,0.3859858893756894,-1.6281022670519505,-0.5030538478478151,0.4634276678926896,0.7156914650999088,1.4245835945667245,4
-0.1525364851854027,0.7679210963825147,0.6606628841251894,-0.9420295810639432,-1.2916945282755683,0.5564783920501082,2.6631563690133357,-0.5795226138785077,2.1785974087202526,-0.8450411853456653,1.3474246532294751,1.773639030281249,-0.5969802720029582,2.185058586272963,0.8719321174776339,0.6246274280165864,1.0116959091756144,0.7787541513901527,0.5663757143154674,1.291398263024741,1.511077748365577,1.1473792297274386,-1.623376562052082,0.8749961261544685,1.5383531811857227,-0.8212625617594009,1.9438648925957573,0.22295187190128454,0.2599414782501973,1.182329554190682,0.5940873209637959,-0.08724684094503438,1.2662373781755003,0.5254424243432414,-1.5846891572745179,0.7862456548885451,0.19704946300945508,1.4687108267387199,0.9330742977129796,0.9109948460163184,1.7965713099638496,0.40221646957761586,2.730479267834107,0.14371676234438216,0.46341265255230984,0.6204354029852557,-0.31048266816349374,-1.2115610077689989,-0.013355922586741682,0.6647763514902038,0.590032144287966,1.514666770627053,1.8371553181156746,1.6668396932171765,0.5027790894484898,-1.5943511588951322,-0.4398251408315149,0.5607078276129359,0.6537250526226244,1.486329903161185,1
-1.4859560259633842,1.3860241345848752,-0.8316913313517481,0.1319342228924369,-0.7474829466936022,0.7884364534937307,2.6643757046226333,-0.10452406597668173,1.6759446782063214,-1.0684778855068342,0.9022428861391165,1.8076874726304664,-0.4323733923811237,2.0526487857131053,0.5384444267647239,0.1476649389045882,1.3166007003949733,0.8797460542860409,0.49554486881870735,1.4756710264112594,1.9424470249649555,0.9629053420553775,-1.4498310624559936,1.1310145680161034,1.4924437017547818,-1.0649996994675428,1.6107121469200592,0.1383876226982365,0.08552687266812131,0.7636453312118454,0.3413035112193393,-0.4710762885929674,1.3925472862817838,0.49745050299007115,-1.2792473159918691,1.079368473143827,0.6614228940294752,1.494445844754296,0.8606662041608677,0.7256208181185715,1.8105132566098363,0.6624529647833987,2.751840131291582,0.27635370450098107,0.6845955062848234,0.5057384077010632,-0.44766874531105955,-1.1260554063542372,-0.3408684166079091,0.7149388641931947,0.38430705147051347,1.368848807443422,1.7451494543958184,1.5961041249632415,0.4415961948037544,-1.5228636271843619,-0.37337887457984914,0.5077127725607029,0.6544160743603233,1.3482646742559183,4
1.0749672720449457,1.382330214825443,-0.35919125309259026,0.2615791483626493,-1.059180284520331,0.8834723489300473,2.2570336400329842,-0.7728680658932692,1.7181711334026335,-1.1617497770321803,1.2929154455342722,1.4986454508395546,-0.399910429123505,1.9642796586797222,0.8389890697318589,0.6299312556723045,1.1881424315016664,1.424298490188384,0.39694632132588353,1.5214387121208732,1.74747588440203,0.9923494063097203,-1.4404160761835039,0.7928413432972014,1.6465193264160025,-0.8662812701577911,1.4593499153527296,0.2869841477212315,0.12864890766219506,1.074371416469905,0.4988916042739152,-0.03633144024912105,1.3560216252921449,0.2914912665682375,-1.298697447483756,0.8313614828117791,0.23419466599850366,1.5190686899945267,0.6842984397522315,0.5873285335538732,1.6902620040314906,0.5598576000657074,2.577393369776012,0.2553723433293444,0.3585561435488894,0.614862323923379,-0.3946273104537636,-1.3159334849276196,-0.07246099465452532,0.7195307660976176,0.5091209908023107,1.424073204847935,1.8884861478404247,1.7445215228524442,0.3836312711256433,-1.7014744720641897,-0.340626568510327,0.5950434977085912,0.6381826034613699,1.4200856444817143,1
-0.5278165498410683,0.5228896873335684,-0.9405614545190306,-0.4645214865123237,-1.286402480211537,0.645119426079217,3.320822049172394,-0.8450200615586039,1.342400163186606,-1.5341043087370185,1.528083039332839,1.8431780680379548,-0.6577492180107294,1.8113712166762326,0.9342559623167184,0.20986492780581814,1.169146761408035,0.8777685566442451,0.4181690380547597,1.424431240888108,1.663464668656185,1.2874670299708695,-1.651947461475661,0.7622063968941024,1.3994095426781428,-0.959582102499887,1.6185145190743466,0.35037560411559565,0.04686310699641329,1.1391109273751445,0.4354021344053452,-0.27847349173347125,1.5563563927393171,0.45777194757025513,-1.1745740385553476,0.8283196624625716,0.1657440877113489,1.5402764631281827,0.6890195739884967,0.6508185312059669,1.8884558459889766,0.35120254977987797,2.5979317643277144,0.10282342555430674,0.5500173903622503,0.5082621763145656,-0.3483746939500868,-1.3014226544597156,0.04576282236754073,0.8259405744499136,0.41503305662441076,1.5116299961267012,1.76589356501166,1.7739652223541678,0.5684659059595238,-1.5416515286630543,-0.5586139554203504,0.5534255849174077,0.7419372628400643,1.5004007641063573,1
-0.8676926306690103,0.9621417274032316,-1.2008480139899165,-0.6965598892281918,-1.1856905795932455,0.8251034217323897,2.389717145181161,-0.7064136077310395,1.1331391372649773,-0.9087743591703255,1.0794755161269347,1.7582625201772226,-0.43399430633230796,1.7604207957940814,0.7481818070329344,0.19228221666951298,1.1452820286621226,0.8004507177298186,0.3891043179236566,1.3764803298770945,1.4233677209221924,0.9595910581804996,-1.5537626610135657,1.3441526135100306,1.530058007054721,-0.9376043891286219,1.5659609254650557,0.32807294930732134,0.29958569829403237,1.1065296622149456,0.5187817246052681,-0.4087653696680079,1.4568704192852828,0.6541329474572057,-1.5682957404121736,0.8067488187994649,0.338840674793204,1.5449832049857257,0.608038931274403,0.720955580971384,1.7307011358207152,0.5230653147851699,2.492337869617792,0.24314842755374078,0.421839235377265,0.6437879154522711,-0.35573919192382175,-1.2969336855343725,-0.015153405543117662,0.8257754687998733,0.3896145883114155,1.5478463286711495,1.7313597295093741,1.693650485092995,0.510147801421546,-1.606715094663788,-0.5937496923433295,0.35222123144368594,0.8291585185175113,1.5088632881486244,4
0.5062902794798112,-0.3175267899839774,-1.0969684083279314,-0.703212427159241,-1.0299564915347352,0.3576589762982538,2.0202512506024903,-0.6631903483429247,1.5823596874837242,-1.0423877295165929,1.2912851230603282,2.121755250798328,-0.4335262265866421,1.6391968274857898,0.5815335063835865,0.3466610925305059,0.9334731259075121,1.081418979451588,0.5245434703857703,1.553066352307176,1.6836735791938684,1.1129211286598841,-1.6633029318367316,1.3573572636476507,1.306561599970134,-0.7226359850327237,1.539477445649161,0.415695907080176,0.06600201443061805,1.1508676830063123,0.3687645663947151,-0.20227927392109768,1.415114865062487,0.5442730488420958,-1.2167912807696213,0.9010024831463792,0.21769575857830228,1.7694158989296231,0.8072370290862578,0.653595905685432,1.6754792612211653,0.5102377256244526,2.5369138437100047,0.09071328963794255,0.6467972438346081,0.7318780048268986,-0.24891720284276916,-1.083776402672063,-0.06937660198293512,0.8949758890076085,0.4324327648688388,1.4760764525345418,1.6361116184955566,1.7515836657411334,0.4592654766531818,-1.3942165257609038,-0.5054151287278603,0.525372628777512,0.6855763467505599,1.5029972959231794,1
0.20113966608901157,1.5379830984680298,-0.5363863083645589,-0.4394158449450457,-1.0344979283817115,0.2691337292337412,2.594858274685445,-0.8976283422717137,1.9325084515334898,-1.0316493273962255,1.4638389498496696,1.5675990654152223,-0.4109937425698964,1.940381546445002,0.5698365565643694,-0.0053269529973287155,1.194023619075565,0.7449421010497626,0.4779106106893921,1.5044232527733323,1.6390572910173458,0.8619219572810242,-1.4799892222966533,1.3223855523997758,1.4818133548244716,-0.8225670984879944,1.6588176842409426,0.2843166053326339,0.03205552153951645,1.1832031389901356,0.455195344297405,-0.100532996759851,1.4121068647579258,0.4302982813032621,-1.4584492731660994,0.9537575525776376,0.35591703944934544,1.8548737542255611,0.8287352460142033,0.8251391759752273,2.0049177869201427,0.5796142509437456,2.6028709765681177,0.34170252523587075,0.5554414841348816,0.6158267939638353,-0.37034259612712195,-1.273923873013522,-0.1456064147794408,0.7527096123099563,0.436355431024379,1.5318384658631012,1.775561940925229,1.614863453780162,0.6567636255688091,-1.5531619208947542,-0.47061010733033354,0.3817344874326821,0.5241382780361835,1.321019474408155,1
-1.4810874082520058,0.08056563608862938,-0.5172583216945212,0.048874090182460195,-1.0298935798529874,0.4301826896968546,2.460461410284868,-0.4783123219402107,1.5209270564477235,-1.2288485171401864,1.3577268427691211,1.6376784405283638,-0.4539081152334019,1.559990187839162,0.5011688901101163,0.2762229356892674,1.3820006338102502,1.3378680815234452,0.4839969610512186,1.9485152135645691,1.74628766569407,1.136702538533226,-1.3322764214442344,0.9916206013625984,1.3609941458421986,-0.9738593832650397,1.756649686334357,0.283884572218508,-0.09258263222833077,1.1330364111903306,0.43468775030584705,-0.23966048279807248,1.4501707003623294,0.2505265516070141,-1.3543965948017571,1.0782579765625846,0.1905776486144179,1.7022543260912828,1.0267246886882613,0.685460418116968,1.935228814338559,0.4941843803726972,2.6867436249391172,0.43650347331356837,0.3714357498297675,0.6579579606569705,-0.35847824459480576,-1.203852278727452,0.016554956599889814,0.6245691944459011,0.4675922995643166,1.4340406210171157,1.45579441172928,1.6998929080371754,0.7033786947894398,-1.4899017365437612,-0.50167661435053,0.6127363690856948,0.6943892002121888,1.446791610643479,1
-1.298389744021808,1.1164222062980722,-0.714852619968358,0.07857057945280382,-1.1412161695503154,-0.24864413017170106,2.861935468975747,-0.41886369153326947,1.5127709477689641,-1.2769391535439971,1.0302054032996384,1.706672171314296,-0.29052905412811525,1.733799098305504,0.7061702356118016,0.1950834625173168,0.9232543642509368,1.1275340472183555,0.348569852421847,1.4214100674349341,1.787059451183279,1.2520262542372158,-1.362305626270775,1.0246335655411043,1.2799131349955057,-0.9688246414324293,1.428191216035318,0.048234475078615446,0.11846331949157031,0.8408068172831857,0.58798061712196,-0.3779469135359479,1.3530335500623127,0.6350333198194738,-1.2504881828713885,0.8089867645879487,0.10484217253630887,1.5762841992899725,0.8605999659706027,0.7226522868720044,1.9740846651789252,0.45850417569224006,2.5275003656513806,0.18962961748410068,0.4530784765179442,0.5680152331673427,-0.29765568873567894,-1.2965185625257734,-0.06344016962970703,0.6541215197500323,0.3577056241238586,1.265723893472805,1.8104174426269235,1.6646501986063704,0.47319666108532293,-1.7052809805490325,-0.5210887912783394,0.5386533713170065,0.6222977380296734,1.4739193141474902,4
0.2966522356105892,0.7616660497991952,0.2995872196574685,0.007868794704573967,-1.0924216033010599,1.2871527856430647,2.732980944009252,-0.6573676249514544,1.9054472057651952,-0.8264954404535998,0.7304269082670231,1.8666311341077235,-0.506060648628954,1.888956822910355,0.7361623123229641,0.5500681381546844,0.8468777951066565,1.1693889126178094,0.7615454899565586,1.4283508256786657,1.6253898510522797,1.1801556724587783,-1.3811564452783756,1.2090580056021019,1.5065490817514786,-0.9622001700782594,1.609243321459337,0.24485255284272306,0.1456943024881213,1.0674187921989047,0.5349712298533204,-0.20245713845735483,1.7198891461118204,0.594384889000201,-1.609870430646259,0.8533882738419006,0.3509915604875392,1.756619817764522,0.6662918742719345,0.6365492117834736,1.8381489321560935,0.498863701496218,2.482165832884547,0.25908826446835587,0.4115710648748394,0.7020071392101239,-0.1826621518304437,-1.3062908367137873,0.09829843900210719,0.5732025201729435,0.48461477175689655,1.346740245523493,1.8733515973632993,1.6523965508160379,0.31017196002094094,-1.6227727906871778,-0.48945288426206407,0.4763707490938444,0.5583121581333059,1.233950556956258,1
-0.6926919231546079,0.6748456370831836,0.4698619027065891,-0.5536378590435487,-1.9559962653057605,0.8632766041236668,2.2734733307238577,-0.7558378349376783,0.7238662335376551,-1.25465126425397,1.4419582374269435,1.7736132747346285,-0.8962371521048291,1.7895484993987278,0.6312614455436137,0.1037051305219755,1.3437783307837952,0.8685561951448926,0.47277995316802557,1.534401406156744,1.5734698233359758,1.1199878862788282,-1.5369095485246342,1.102490228238813,1.5696685286190597,-0.8920155987380447,1.5835424984066713,0.3357655626396247,-0.16781268574690297,1.0457146475896673,0.6377948672025285,-0.16890511439206585,1.429071180808199,0.5270248643281946,-1.5325487413470609,0.7270561280142194,0.2404173566643184,1.6393133347389366,0.6912633712597096,0.8766154180335406,2.0539514442994085,0.4915153612576856,2.6144222530401997,0.31335146880380216,0.5776843321280308,0.6156708781572794,-0.4597598718396788,-1.2722047844499238,-0.06950775432952805,0.831984182046409,0.5831951370282296,1.3868586541226045,1.7565315880400572,1.6633476605793518,0.6097600387918151,-1.825669966698971,-0.49901633490599406,0.45302155610075445,0.7978736277826932,1.2472680328097436,1
0.22797275648566373,-0.21268028001386186,-1.1593819616098393,-0.08944895173895323,-0.6950367486953075,0.4134705243081914,2.165530402413529,-0.4287000304862225,1.4769346320515941,-0.6732056816208432,1.335929706823214,1.8045201868876302,-0.9932416640039365,1.7623076560033388,0.6088588652786247,0.9334547269727311,1.1429959309368143,0.9427847653678705,0.35274930106663493,1.298324257608681,1.7962592253026566,1.022645992913438,-1.5334251300012773,1.1897290405262704,1.1212527242527104,-0.8215059612544304,1.7761690680739213,0.37112257314224906,-0.08669076208896762,0.9319208849088314,0.3666851074643432,-0.06192179346014451,1.1601022217752293,0.4651229715604666,-1.5097038256173785,1.1230155476678814,0.3395458988376743,1.4161059649081529,0.8301133918889867,0.6607674317347719,1.807933662990333,0.7209583284780646,2.6563023919704456,0.2516976716527357,0.44438496685194334,0.5329143787880749,-0.2291346087779316,-1.2474073180411098,-0.015194871903335867,0.7060003431370878,0.5816113557745806,1.447437229330221,1.8014763288183133,1.8373653285726843,0.4561553805514317,-1.6312346062562857,-0.5357825854141491,0.4429886942141768,0.6997946959708642,1.3978477806394833,1
-0.6796517204172877,0.7042380809176552,-0.5411757563958556,-0.38404105018333784,-1.543090459837947,0.5939625760479882,2.296099365521939,-0.8734240302022336,1.7937624728700636,-0.7304014427544674,1.096164727608778,1.8047100585724642,-0.3616609063317755,1.9031087084976814,0.4927326722896005,0.3326148945529491,1.144407604608118,1.0257911438101879,0.4656966869677662,1.1567880394437497,1.4309251444188777,1.1392115343095968,-1.2840905848474171,1.1855762300062644,1.4167844451445517,-1.099025084609135,1.463427876377791,0.4172847427323104,0.13949324054795922,1.2026121037265538,0.5733286712009398,-0.3119992971945546,1.280252610461077,0.4256514149095035,-1.5499098362461885,0.9476784728917009,0.31670386225125985,1.4436285498431114,0.7795629439579892,0.7658427253892238,2.1040184511819917,0.5832387529234097,2.618311762185041,0.130800161197001,0.4729079720084137,0.5959942558609681,-0.325889457417928,-1.124876794965852,0.009245126436242897,0.910453060092439,0.5490212835705552,1.4638103229491617,1.849273643324333,1.698915938973302,0.4205554767947369,-1.6473536091521277,-0.576668347675402,0.5692659372041213,0.7082071667509061,1.5335481456752291,1
-0.8364486020184954,0.9158644573142818,-0.7737269628174509,0.3403502506252253,-0.4026112780028771,0.055312794605855586,2.1815608877248875,-0.4213600916869097,1.228714103617681,-1.3083827240329657,0.7030273014575826,2.331971528287694,-0.5248623452177011,1.9120435230294375,0.6387620974622559,0.2544484333646264,1.1558528232848704,0.9568811242493022,0.38426966346072844,1.3231556479680766,1.6332430427114242,0.9752847714536219,-1.2946514319410565,0.9965363210767622,1.3735830150616983,-0.7431650262863888,1.428134231280768,0.2842469944877171,0.2699638817689645,1.0363886340758253,0.5698869016686,0.04560712183286153,1.272156566951685,0.7688822005656084,-1.5618756622545573,0.6561039822497435,0.24450725640041404,1.6159677874361251,0.9618075684707494,0.7575358136037607,1.897352898294749,0.5443410260129986,2.641495152469609,0.12434481707504996,0.5298258122558117,0.6019085443040233,-0.43050848832954947,-1.2104841246627394,0.2078623932558854,0.6514845793218182,0.7215157201165995,1.6637415928696027,1.7346599265861091,1.7509661334266813,0.4168679073801956,-1.5614833529380694,-0.4086295966046906,0.5451208183095175,0.5757454930689194,1.4671001463674873,4
-1.4010028182409884,0.43810244908482027,-1.4560262272178635,-0.257421964770737,-1.4950222499587975,0.46015585569822437,1.9419944314411675,-0.16076663350130682,1.4971627273330166,-1.3341082762150833,1.6239021310851323,1.5740278632485423,-0.32012596426061835,2.2746604396468086,0.7081414978183279,0.4211519645723677,1.0890010668998653,1.0088644617139662,0.7746588927549745,1.1899110949735943,1.7078369295934694,1.0300043777290866,-1.73188176597672,1.0907376818726213,1.3472131632040105,-0.7903827185615208,1.429041300022875,0.4480828541896785,0.08285705218226719,1.2011180118095526,0.5948974889341945,-0.18482769771610041,1.4901862754510227,0.394750550446366,-1.2958931223819963,0.9499101729609745,0.1465932605590622,1.6283080782946222,0.6911712741667375,0.5290330547632662,1.7038221650996914,0.6797813241998282,2.635757466593327,0.2878997553010523,0.4161980464144842,0.8991393203190465,-0.3637464283862393,-1.293526444427954,-0.0271266182376121,0.7455144514001599,0.657304002187898,1.4724572158268299,1.6884289444155474,1.723056804383367,0.4618569218249723,-1.7722076137677458,-0.468621110594842,0.4012299964596854,0.7584872371338471,1.360999763747044,4
-1.7164177259071938,0.2661354603303508,-0.17909541232037074,0.0005651381486459495,-0.5085867242330244,0.04474403537594629,2.5824159607474035,-0.6827309373024849,1.541059902660939,-0.7130151851082677,0.7909949985133562,1.5667550171465943,-0.6310068181548881,1.8238659331356732,1.1452381458480962,0.004427728148090004,0.9655739757901789,0.8254747304269745,0.3386661341734381,1.617758374831593,1.4366273266011775,1.4514375249790925,-1.6553186191478897,0.9755889107720098,1.3197925966802795,-0.8155522912426969,1.517606751475743,0.2471708944753312,0.047296848984506604,0.9344153453630961,0.3267347936509458,-0.3563798536832702,1.221350434106458,0.43353894204335264,-1.4154064972230775,0.822026652223577,0.21042122029811458,1.6832756607411934,0.7337806559541669,0.651436260342059,1.8169607120082323,0.6542569351341687,2.5606874615929636,0.16174863991903263,0.46902921376255025,0.6108289053491183,-0.20866436059295643,-1.1347942613446904,-0.025693038267871973,0.8661512267626874,0.4470933821631904,1.4101428909592222,1.5761686539572703,1.7429481131231508,0.5291013384700193,-1.7104721676935997,-0.4689457077687353,0.41147809029114035,0.8211464305139504,1.5021538736618363,1
-0.5676836928423489,-0.9597129885348341,-0.28471944931513915,0.0823693454555014,-1.423697473581331,0.6702067619237015,2.6159889300741366,-0.6021042142977462,1.4512693934407135,-0.7888504894331538,0.9825010294186369,1.7264794959247223,-0.3598261229883951,1.6988746455518164,0.38417410658787116,0.46119634468030546,1.195276179106985,0.7557789627883507,0.5278748605853683,1.3395114828757442,1.1962222293870846,1.3180223200932433,-1.5047715979760719,0.9890928648826145,1.3870912720071737,-1.1470787367235178,1.329402327630235,-0.009567841145202288,0.05551363471477852,1.2284421451395182,0.5888800120132403,-0.17600600577552605,1.4290548523728728,0.26472900229388757,-1.2447750222903762,0.904916150799007,-0.0024393213232000166,1.340421432706043,0.7646693106795676,0.7406246368881833,1.7725293870245722,0.3280322115933782,2.599014531236999,0.16116269156999305,0.33642471157076126,0.561124516095342,-0.28135290539535207,-1.249624537631019,-0.16068219760480565,0.8573461490271583,0.3623276701810447,1.3274752320266834,1.9337651783250205,1.880123518236446,0.5007840348846467,-1.6519084180463384,-0.4516703298686196,0.5758549417136881,0.6402885600192815,1.4449767513424365,1
0.5025790483785377,-0.7359520983042827,-0.5286739421398139,-0.15693538348118394,-1.026637628420817,0.48986670687416367,2.37953137668761,-0.8560082328188799,1.6972218858358785,-0.9888341537988324,0.8425267347462578,1.481240229239391,-0.2777631422562709,2.0090156682965126,0.5985482062084992,0.33166588567273786,1.0164818332871615,1.0293892918507535,0.6324574864092622,1.6455761208437178,1.7368185337392914,1.1996762965530077,-1.388570136554324,1.128275850927006,1.556362242988896,-0.9326145679785918,1.8145399648244904,0.23215285586749637,0.07720251912507689,0.9125095200045238,0.5976438724566026,-0.10074375724357491,1.6216834137153213,0.5301093021817573,-1.4884199713623745,0.810429751645744,0.26454271433941134,1.542539408190902,0.9130469068491845,0.6981653179495683,1.8117271546125067,0.3153376071362288,2.5166971098678066,0.1330057028160784,0.3528968782257985,0.5750080723246548,-0.4302619912087474,-1.202142559503193,0.04759925032198676,0.7197974299297618,0.5743443223803283,1.4712496389899192,1.730945930024497,1.7010108200727463,0.45169628517780525,-1.5901857780913395,-0.5431881703887902,0.542313774167604,0.6021598478229027,1.4657353385412906,1
-0.3238779392849525,-0.039509866102205415,-1.169236995542001,-0.4669768709644201,-0.8136707299232406,1.1157510512689084,1.9517211556890053,-0.3936459884517549,1.2693410179537654,-0.9789423587355399,1.4211781413002762,1.997145684038587,-0.2609761324496399,2.1271065315915463,0.953095501394084,0.6816692641528385,0.9909263759772784,1.2596919328769136,0.5282384263961871,1.7410449897948008,1.7487098452864887,1.215540849819592,-1.631313100139171,1.0949155613119432,1.5759472465538031,-0.9533484775669039,1.553676765063701,0.4882282849449185,-0.13602284018713237,1.0625449595491376,0.645183316666371,-0.10325212118514886,1.2341709024464091,0.39458922897995063,-1.4210245906652832,0.8694206474007383,0.3117511075057465,1.5207501558503822,0.6543199765083512,0.5843542972258599,1.7509532649926582,0.6646311058515952,2.6484108525513084,0.32899249802376773,0.5302354601662712,0.6053240581291273,-0.30451648554329036,-1.204022325199037,0.06488895641449531,0.6643957855227932,0.4376163955218233,1.5567307841395441,1.7806985757054625,1.6460701881031932,0.4586895641965066,-1.7035728487584036,-0.6098625474938798,0.6265647071420488,0.7271682884166223,1.5558536281260948,1
0.2521587621757104,1.1917862666425902,-0.9825285993253456,0.3359526727227531,-1.662757810212732,0.5732296418023758,2.548582460845311,-0.44171895501854075,1.5781517586424318,-1.2349356301406524,0.7359024278438611,1.4589653057121426,-0.45380775635166926,1.8328323907913855,0.8058492238744996,0.38910444550297046,1.197228123915957,0.785669675859987,0.4842827851726894,1.9610153124578207,1.691693094699771,1.1474338677173779,-1.3698309581831698,1.2051975739225562,1.4354093078218684,-0.8108395013776788,1.4239420182167524,0.2485633620723934,-0.023050182993592044,1.0251586669970876,0.6171585358250505,-0.3093284070594291,1.3137656126892883,0.5285186533556395,-1.3371347538219995,0.7279285879646107,0.37394161780047913,1.60656340014111,0.6706283083193652,0.6238447701406776,1.9321233159947167,0.7771003907396671,2.560594356086513,0.32415779303872305,0.4188626933722278,0.5136300474050991,-0.36162156335498946,-1.2638887279180613,-0.13722571449651275,0.823216464970353,0.38052879413379853,1.3401383944405998,1.8276401770893438,1.5615557044489277,0.6068317048514477,-1.6740064869425972,-0.47443883585427815,0.5390268482156685,0.652856185379972,1.3612327936749355,4
-1.844174313887538,0.6636463787355513,-0.7395883345180817,0.539578427119531,-1.592718043733345,0.4730310374906147,2.7101361399877124,-1.0263837407764527,1.6264849322797943,-1.1846308597435078,1.477283127444008,1.4369378429975426,-0.5314995823125569,1.8028004196073673,0.8271655835972899,0.3666016089549039,0.9203323039448326,1.1126919955088521,0.562519362000636,1.5532501625074133,1.6718714943206126,1.055733541922637,-1.4365202867358886,1.081558428842045,1.1849674265291772,-0.8472538764299692,1.7171991321792563,-0.04077937008078733,-0.11254748782076135,1.006333621381919,0.6062236442890274,-0.3529163167028013,1.4957689420956766,0.45430337701389845,-1.3818168222447234,0.9489332472590041,0.29703336153400467,1.5829136418836194,0.7526134458174929,0.5857061317944371,1.9530271188593005,0.5907280400876707,2.628336575008753,0.16578728797073777,0.40527059915966795,0.5900238125736288,-0.399530482451678,-1.3365723875872415,0.03305867746828611,0.7823450234250449,0.47531231314908906,1.4109125830523013,1.737866384352516,1.7690270313125993,0.5068187686842253,-1.5868705646474757,-0.6204196175910213,0.5128609432993045,0.7329806902479208,1.5696441070182683,4
0.10034209216438861,0.7882066367166864,0.351095167611444,0.26095628749440236,-1.4444134091863534,0.5644077030839498,1.6161176335074374,-0.8444148362149898,1.7657749467530592,-1.1692710473881087,1.506748407338633,1.6614596073233914,-0.6300354874736332,2.0080930099123706,0.7905102965155344,0.02877298119293431,1.3253134279169847,1.2739000854512428,0.1774291209953895,1.4815529575747541,1.3969951230151294,1.026748023226511,-1.2533489216203375,1.0766105399868031,1.4328833024046306,-0.9360214197730544,1.5582744146599556,0.2136661763440968,-0.0825530455201405,0.8950968888499022,0.6094055684453243,-0.2515700921408249,1.424597994227336,0.7054638940914104,-1.4402315419540195,0.8504971778914127,0.3446352098459702,1.5368312131024404,0.822145937641166,0.6568246061950527,1.851230453823728,0.5005253805340503,2.688307825017127,0.19134997402583753,0.6263901051405263,0.4721016063302583,-0.34097481327713464,-1.297297638408493,-0.06779359754652452,0.733421960036584,0.5697112571348826,1.518448399689644,1.7217680676914466,1.6628306552997911,0.6251366476679932,-1.5692377151434904,-0.4660321993557026,0.3157890338934696,0.7547142341815672,1.3951418712699084,1
0.3619461740678721,1.2742066383948638,-0.7916953151549349,0.01635294633777007,-0.598415505304068,0.408519012162495,2.4329297482994505,-0.5377078632850552,1.7571595762444718,-0.9223218138929787,0.47110743567662483,1.4064697870611118,-0.722892370606389,2.0132540479485463,0.9217436779489062,0.16106086044906912,0.9888243687167646,0.949140906224661,0.33750454683119624,1.30758671017915,1.6765127166565075,1.174081733750499,-1.4303171378544852,1.2413953129159236,1.4792164205989784,-0.8389385244273018,1.6641941647664993,0.02110143420051422,-0.12910182338475854,0.8563277063116468,0.5935510069162959,-0.1531129895387886,1.5377291603510879,0.4045717526568729,-1.514397661679626,0.793340644832017,0.3429253383536035,1.4665139590445768,0.6578927421431654,0.6300425568042776,1.6669986369865324,0.47302843657231347,2.684929468408476,0.17977002538600878,0.44933303856557233,0.6591289133119508,-0.22840403116025568,-1.3228791479860866,0.00445870438257547,0.7940740437491431,0.5294948250703171,1.2424825430352326,1.8208370049236304,1.6475968474101828,0.47458169055465,-1.6383363192930063,-0.5297402717794,0.4821163984102336,0.8041128898015164,1.4918566650677771,1
-2.76065317462219,0.5286015426071595,-0.5008929298451184,-0.36376544363547736,-0.9832384934595049,0.8063094472883833,2.0274077520184033,-0.39285467537467156,1.6208423220167876,-1.0658561348898827,1.4251843093491028,1.626614335588597,-0.6161275333763468,2.148560109413914,0.6434648468755723,0.599706280522732,1.4176737090800988,0.8738043264825548,0.3982719784304417,1.287783699237639,1.5521152294267562,1.0466752179741508,-1.7081164607514348,1.0956938723539174,1.4339515335699966,-0.6496336496020482,1.3157158399362103,0.18010541301118127,0.024051367652943086,0.956486649230616,0.3966816914378388,-0.2437021737412157,1.4124114517998596,0.653152559018536,-1.3133342537380202,0.9011188070927147,0.38815496789211,1.4413891719921004,0.7445085955635319,0.7590895581206379,1.8571863767779562,0.48537129472503376,2.543008539249952,0.22757836656750882,0.6349572097747267,0.36579375364606354,-0.4080394537246574,-1.2417379061808436,-0.09404595683010297,0.9404227892281708,0.35379750052004877,1.6856700250501342,1.7082426176961685,1.8975154477445206,0.3635838295332007,-1.5336560663913303,-0.5507241891380962,0.48185828007460746,0.6748398702808193,1.4171313008279596,4
0.18019611512476919,-0.1677748500380064,-0.9298934801616039,-0.2403312182496894,-1.3037846658574515,0.9996073788286544,2.8324418853372135,-0.5011540090813544,1.5201501075144117,-1.3409278778592768,1.2592439125522676,1.5020290895302255,-0.36994281791764627,1.8827311123789485,0.8410137414056661,0.2744344590070225,0.7906750233511093,1.0621454567619288,0.43947320241427984,1.3764200283665677,1.489181004899388,1.202081873798414,-1.3599639174768532,0.8741637108069942,1.5907530121628315,-0.9346137349412309,1.6457906390281132,0.06792441110510747,0.03651426074879111,1.1059553149037398,0.36210141672417306,-0.14294902228891243,1.5314307017578423,0.6577117314235831,-1.3335919034229486,0.6709274728003602,0.530320645419857,1.7604229244869174,0.7191826500872627,0.7270635265508631,1.7506671934634352,0.41825578604181546,2.7056362720029687,0.25288998304484106,0.40727879766467606,0.6888627889553794,-0.2512971862241848,-1.1326678788140847,0.02437121440909237,0.8560801096869617,0.6607302829273182,1.4919535974776221,1.715289370016911,1.543255800582041,0.2948445817266908,-1.569189358373309,-0.5116267023955109,0.48642056963353375,0.7522998310699396,1.5267467762348603,1
0.5466095932197796,0.6131900111345672,-1.0028413812945265,-0.4762113055972768,-1.3709991168454656,0.3296466830027874,2.6289359635955853,-0.23863252877457813,1.5437473879079344,-1.1255764458649795,1.124780191854017,1.5866782908836823,-0.5719450690732598,1.84397286056631,0.6312884368740903,0.2907265615372117,1.1544684748514058,1.2818765608418092,0.5224113600968624,1.5670122440490872,1.460042149512901,0.6753679970949654,-1.3945172038376117,1.083774740957219,1.4288828408537644,-0.9844274975363987,1.5021545502120766,0.555746762828942,0.1031258211485228,1.2628795684698764,0.4672258553454569,-0.1708338277605768,1.3637560130914583,0.5174485152211913,-1.3862612790082853,0.7170508901355395,0.15076736870600005,1.4945550428673513,0.8773895856980419,0.8296418584948919,1.840741014397154,0.5789288432677137,2.5111207376939877,0.2737660341733493,0.3841853523680709,0.4768593300555332,-0.5222077750447113,-1.0937950587133807,-0.17691660662034386,0.7873234241094416,0.48521307313871287,1.4771306562973763,1.6875797266516956,1.6942098979440579,0.36397443839661864,-1.521631642371294,-0.529553956476387,0.4997811328634807,0.6515357597955114,1.488792955356496,1
-2.06739096760543,0.24317855094232557,-0.02659489907540047,-0.39650503376228785,-1.4030158285015975,1.2662005122204643,1.8508085462627364,-0.7449561695395289,1.553147217223406,-1.2076828204920897,1.1878390156156855,1.704173992225377,-0.5352719554230018,1.5834660146499095,0.5455541265173278,0.6306143776708679,0.8490540967614697,0.9379690715430761,0.4671898365450177,1.3656681177661738,1.6288374095801905,0.9000728513897278,-1.4428318091048347,0.9812167482320481,1.5349218137416585,-0.8543591623330511,1.2968631647267395,0.2678145676736516,-0.22305647997491407,1.0945979613733452,0.5571798442834278,-0.2237405188513546,1.4257437976231289,0.6709267598741346,-1.4300129951844622,0.8998663918241067,0.2972803839184749,1.4818886458938574,0.6200414017856997,0.6125809523022145,1.8974984606832515,0.6207747675705565,2.5590394902489146,0.13035035963915848,0.501030128317948,0.5514765882089585,-0.36256728849544845,-1.3296316000208976,0.13082543844960412,0.6857777612491058,0.34461003172266097,1.3768371218052413,1.7731352596025844,1.5413844589510273,0.5639164195248919,-1.6204470613964936,-0.47534763972051897,0.5550096870950947,0.7739720771780448,1.4286076591238808,4
-1.4795796328558963,-0.15166689310605708,0.17019821724060125,-0.5232717750268802,-1.1795117910580342,1.275999897762599,2.3282490465806216,-0.804669184968504,1.4243328619284834,-1.2170359216635969,1.1157681361714682,1.5578268296001345,-0.32392989393970417,2.2409748835834993,0.3150869776215754,0.42203079465699356,1.3353975582712774,1.157935766057317,0.8371937695985086,1.536533801425095,1.4126560691306482,1.1976417742187775,-1.4062110040143283,1.0554874034612014,1.3111401038040167,-0.8658210408470001,1.5116727963431313,0.04633593092823954,0.15048681498471594,1.011133873158488,0.4910185129666229,-0.03271350609504692,1.5612280394691533,0.6434275777359197,-1.6645594657194676,0.8812578803841572,0.3987217787882852,1.3665439619791702,0.6870716822222965,0.6365329740155868,2.004588912395287,0.5644168862958219,2.67100091794384,0.2519697570725393,0.5955282060673823,0.5579907497165721,-0.3203800715600079,-1.0780004195529034,0.00959596476000824,1.0402776240732583,0.42503885865777236,1.4201636950365437,1.8526334754378884,1.7687699879776437,0.41105627997673133,-1.5657440582830775,-0.5329392345653018,0.47733395732030054,0.8056866027058202,1.3151508613840102,4
-1.368696914631676,1.142689772236921,-1.283515782609872,-0.29752833772860277,-1.5622458190152717,0.9780565770080567,3.608265610609319,-0.7298209256726454,1.1265948172708586,-0.8257403671898962,1.2444297290478121,1.4396003467404577,-0.36961842794091515,1.7710112247873302,0.9528523434220753,0.2372170060250684,1.1161574363124882,1.1366885904259187,0.7057472838865188,1.7725370733795511,1.4753886832948702,0.8577291226077387,-1.3414684957752838,1.3167894182614273,1.2714779079808465,-0.5718005166955002,1.4769848836094719,0.18986588085165995,0.18956077698577317,0.9157268534793134,0.5965172739399419,-0.31043656307708034,1.454574186756701,0.5064919070712673,-1.6008033358322318,1.1400376604827016,0.35906079386620016,1.6466484655956135,0.6773134254332609,0.6150921241211067,1.8211752799390717,0.5489648236539187,2.6979423248415846,0.12986050452044867,0.5412481422290535,0.6376837600017726,-0.32735375848900067,-1.185651893519045,-0.07343135078930506,0.9282448590396596,0.4587541719002793,1.4560034728552838,1.7264906362447863,1.6786895150446468,0.5113378844032909,-1.7402171207447592,-0.4415712959300513,0.44272206821503773,0.8521399743832353,1.4898563273260126,1
1.6413498729452916,0.9596005756767851,-0.5785622623124858,-0.09271926867975555,-1.692281651689119,0.9784469420884421,2.3477338227282987,-1.1058646864843158,1.726415394535636,-1.2038290760601307,1.174383360574952,1.832687309710586,-0.652731757957072,1.9449714203053485,0.6888869483614831,0.22817400172685282,1.3464414161479317,0.9933398364574015,0.5552278056166782,1.3904042064246347,1.4017224655468419,1.170170804640607,-1.469723063957309,0.8236486825927698,1.7354006718481203,-0.7076496057733835,1.3491529316051398,0.1674332284687511,0.09245904763597326,1.061123470918548,0.6058258029249617,-0.1939042797740292,1.4685423704952147,0.5272809219762732,-1.32893420740661,0.8171324142825587,0.3279904747382575,1.459072065928759,0.7279334892465112,0.749809638537084,1.8457153487537432,0.3911730209922475,2.677378616542569,0.2868761271396817,0.5652122019800071,0.699719633031579,-0.3989433787852505,-1.3619607425605238,0.015346146698970328,0.6517061592088131,0.546762593506636,1.4132029119980871,1.6164690044458445,1.7343139343317022,0.5965465061833017,-1.671448882652043,-0.48952789542769665,0.5854062477755682,0.8268760574446742,1.5495941525403463,1
-1.6555420303105632,0.5798446277067322,-0.35583702835624687,-0.10482728438792249,-0.9633619873867898,0.4936396263528816,2.2895586558556187,-0.7031543377983618,1.3647284080560107,-1.1068611065994844,1.2552266715362874,2.0634410408675024,-0.17362297752452394,1.6989662019706713,0.9775065403147953,0.8092041881100054,1.329784322034912,0.9338173757140383,0.4491325606187695,1.3529108355454493,1.59882251467854,1.1096437632227962,-1.3646469422705758,0.9506101618092075,1.3342356467402423,-0.8488692519260514,1.6149873564096877,0.20293268130146808,0.13764032973351908,1.177123054814083,0.6686511276121879,-0.3434958657235967,1.3037184840994585,0.43413229327556396,-1.2226364755391796,0.779717267721593,0.32937199519822613,1.5594293576926261,0.7170716869972219,0.6460929976421781,1.8450060160489443,0.6390640658507574,2.6424797189388767,0.04772613567939374,0.5432587402154734,0.4687070167593623,-0.2541703020615479,-1.3710574409599847,0.006471464306511663,0.9196008930112429,0.33288506266705054,1.3654398692040115,1.9529112496131733,1.6983837132443422,0.3631079171307514,-1.4464670019375163,-0.48751686921050236,0.4362305314494123,0.6727370425141738,1.573776854110343,4
-0.7848621598390485,0.08576780256008001,-1.3525458245832747,-1.1975999201802865,-1.4997610558618975,1.126603726893044,2.5002272434387818,-0.12196228786347418,1.6403491520378672,-1.1441595452665663,1.440680829048641,1.9761354061390983,-0.8243933511607777,1.659124404433813,0.8787222733982272,0.3277923456776928,1.1537173624766366,0.8465991587094004,0.8345600871308027,1.3667480530488683,1.4404784871193175,1.1382319477192733,-1.33505162778245,1.0612445407281041,1.4331804699565245,-0.7370754150446583,1.539597130468698,0.1558924508150692,-0.07612885004859116,1.2326052292917686,0.6280765556705781,-0.2157064583677198,1.5722107712455555,0.5631843911802253,-1.5231473386103536,1.0176619733392296,0.1491387441752858,1.5842537222296684,0.7811603702024316,0.7665568039285355,1.9568274562946384,0.6317766873230045,2.5724065519343293,0.20689583452326313,0.37508672589136927,0.642350498733116,-0.3503650996064278,-1.346209073392245,-0.1778597122745259,0.7063814820439022,0.666187608816827,1.3891677440722046,1.7747224317532404,1.78453480318296,0.5272413249155864,-1.6123219840571088,-0.5334933383254974,0.6675053069055984,0.6016398596954466,1.6245975678812696,4
-1.0745573475064218,-0.23891999477384745,-0.33289977022056366,-0.49474291587943425,-0.7227101632733894,0.7431502948505804,2.3284120697459043,-0.29141624712361536,1.361879202985238,-0.5843227969437204,1.104956404311674,1.6524352657863846,-0.04720971576515853,1.9037203782524532,0.9800119336819014,-0.015826108257535776,1.1029556164077716,1.1449021093171394,0.3585827448475726,1.40644185010273,1.2679655642639784,1.092381185572532,-1.5285021384435964,1.238692650272043,1.5883696495891284,-0.8487614805613867,1.4299582709224627,0.1998189769612813,-0.06455160698821262,1.1181350417260247,0.7006339979041363,-0.2489897766235068,1.3082018035988483,0.5184068147061813,-1.398553208981012,0.9822821007738659,0.2613406657848431,1.6318117664278806,0.8726773883344912,0.5995245064829844,1.7493006215640412,0.5925569783716413,2.4476261568561863,0.4182030584357366,0.5009051982418175,0.650661719113867,-0.4416627128133889,-1.0293705177087897,0.07878007933877093,0.6588361131583389,0.43528023611435335,1.3589253117641118,1.858808821598987,1.7529935568507469,0.43471451062693406,-1.6382084008927853,-0.6571650115282054,0.5256635730214536,0.5901610029828079,1.4807662084742115,1
0.6374982093711983,0.25419813694522586,-0.836601525566319,-0.23338508596886448,-1.3429698224061486,0.48355466502271416,2.6786652611761808,-0.21358895163853592,1.6636362904674198,-0.9306151250126796,1.4114894420934556,1.8576026718244556,0.021520200963114744,2.2153308863383994,0.6074628955046398,0.12956308987759932,1.1114903678107952,1.02120349713468,0.6500576452887592,1.4950078541574534,1.6284194000648857,1.0984802287263702,-1.1992972957827015,0.9738275746162545,1.6017957680442958,-0.7483833815756419,1.6207753914433853,0.36413889996842985,0.008061460297362003,0.9767277446072987,0.5577086778781721,-0.2767389316239621,1.4580181581146046,0.6114172737043263,-1.1605111790144842,0.8325638933648775,0.28163706979725067,1.6104051450268662,0.7367000425965974,0.641095317549408,2.0067262714323,0.5038385857988835,2.626230641855493,0.3057301917409276,0.35533938987745456,0.6440666830542043,-0.46736537878737805,-1.0836457678943414,-0.11456749462440423,0.8061968095523603,0.4356289115254302,1.5328805773131704,1.5956238379163081,1.664157971444315,0.3687311524526491,-1.7887404322064773,-0.48780497637013703,0.48092909816226015,0.6415656566857324,1.41310816597703,1
0.470196137181081,-0.44037821533372773,-0.8726935030649685,-0.2388956898467388,-1.7353335295210215,0.6710222160517074,2.463600096654023,-0.7695055861135671,1.6147741355427592,-1.4815198290244946,1.1695816705622333,1.7586224821295513,-0.6389849656279173,1.8913385095334134,0.44756618033077816,0.38982623419494883,1.1000290967368318,0.7640497145187324,0.29572062658914877,1.4010332303702715,1.478106886303976,1.1543813989588352,-1.3452574546300224,0.9600581622458715,1.333520460496006,-0.6926389539698213,1.5838444144306039,0.01676725648589794,-0.2568326092928461,1.0903099104780225,0.6660134404416893,-0.0295322300621359,1.441185390012499,0.550013624340475,-1.228903133045508,0.7540895865400299,0.3537713694025959,1.3770628322437621,0.5773021685934142,0.5829278662158679,1.8221557503921686,0.48680762416204815,2.5932284235855767,0.32781301253993766,0.5384292988369724,0.5523064351641049,-0.43639908750557954,-1.2659816081587278,0.07567671169530149,0.7585526436870064,0.5127444047563011,1.6943356976828305,1.7313857484793072,1.844685213000707,0.4946603944942817,-1.5720722051709166,-0.29444750656063934,0.5564683906144151,0.7929541250806488,1.5039607464578417,1
-0.18104143126428457,0.004351173568239358,-1.5120304545660228,0.1788020036328919,-1.9867265449558653,1.1096996519663724,2.901630330326979,-0.38888487062533894,1.1611220060366478,-1.0649363818385575,1.2197055555633858,1.8235277283378166,-0.34020348196568784,1.730881504061859,1.1269760522703804,0.3717651208459831,0.8418708497465082,0.8164189736753243,0.562224184177427,1.6920956317568605,1.5687133684226435,0.8168354851389252,-1.2163184530062916,1.0872813630967708,1.4006408986562888,-0.7428515619017367,1.6335972351666148,0.30169660092312756,0.29107906303966913,1.0213712643096267,0.47184849418125957,-0.1729207610018724,1.2972145621732551,0.5776469186502821,-1.6084744536418918,0.7731913463292666,0.2746228955126728,1.6745944318608725,0.6294107265519893,0.7902877451958755,1.798204901128105,0.5202528635151307,2.5995846344812485,0.03702419876272006,0.6152936709282699,0.6594314809124225,-0.33919194597985886,-1.1115786628469655,0.04989531492061037,0.7765487148564334,0.34114589878002455,1.467455156770885,1.7149384810119948,1.6024401610361974,0.3888868529746584,-1.655334199398491,-0.4840861918613155,0.4764179959148865,0.5831416018267498,1.5338727788366637,1
-1.8959086632388142,0.6930515850123368,-0.9352753280616067,-0.7295015146996544,-0.9016486626564353,0.5376109209745967,2.3504452431069462,-0.4726681213085551,1.9651623542886554,-1.0271942507353247,0.8999951436652889,1.3144435346170067,-0.14256751708188548,1.9286099203230977,0.6417731181478162,0.36898041987108654,1.0209814080443669,0.8084465529538163,0.4471810353187866,1.4262494435887818,1.3170049180637227,1.1945733327053352,-1.3265380998969052,1.28017965927107,1.7160170845438412,-0.8982893579556765,1.3754289577649372,0.37063433293366904,-0.03751528371382068,1.2668008257886099,0.4030286722496432,-0.24495769010943488,1.496521354283169,0.762644121168103,-1.4974688818963438,0.5995652045879823,0.33227045449173465,1.3741760076240193,0.7998830500758412,0.6453660221763472,1.8702779732316872,0.464096850779381,2.650863498795744,0.16194351065431933,0.5044711237040953,0.6235310874417613,-0.39748378715261806,-1.1750006968083704,-0.07969738067657657,0.8046686793879664,0.5787847008604525,1.4801422050769188,1.8594397440486283,1.819617516461741,0.5451071961135467,-1.5867199906896015,-0.3318942815365826,0.560967384601159,0.6685772334980186,1.4854564797854832,4
-0.4799486047031271,0.4348811741268852,-0.5805947823208161,0.0012567660536387248,-1.5330639034932523,0.5052195324021633,2.049017551564698,-0.18474453183694944,1.5470126528800245,-1.0734091166756958,1.7246037203328384,1.6688087304226045,-0.38683901714388025,1.9849428974790444,0.6707123628499523,0.619807392604199,0.7159387895724231,1.1347664622148157,0.5026187435479689,1.5842328070911142,1.489373065129925,1.0171110357200484,-1.5987013794256477,1.1333634029496287,1.4781720752236631,-1.1930850810749312,1.5553717893498993,0.17970430899833767,0.1860911111964478,1.0373909704255626,0.8165569231434145,-0.2788438031134744,1.3261217436392752,0.6695145645124432,-1.3923977094677498,0.8646383766271496,0.43387475127836106,1.636300103231816,0.8490388891103722,0.5956215409579685,1.8656146165585132,0.569580689359519,2.7676351550389606,0.21557326935666563,0.49585685358880105,0.5481059936818505,-0.45187240657419536,-1.0482579008973638,-0.009732967611181087,0.9183052909095788,0.5664881212907036,1.4131292299519123,1.809053495389613,1.5896901271837431,0.4791621467702293,-1.810606983029981,-0.5109057219064099,0.6523403602793916,0.5506202643116036,1.4718322763473166,1
-0.8773696341864206,-0.8606787434149232,-0.7752147678474655,-0.8266794178507133,-1.4657055215851138,1.0230978476846964,2.299246923566289,-0.22702372741662719,1.4585052523233046,-1.119852042363893,1.5452479068719618,1.5905566840436764,-0.7104394149906015,1.9881300010421485,0.7637495488012538,0.47657346135564854,1.1071335834396734,0.9367413486520999,0.3666056849155279,1.7782496439896578,1.6989517186026575,1.2495875539610974,-1.4832707294947898,1.0635223326491332,1.6504981866225443,-0.5229974739990626,1.3951546941852981,0.4801033486644637,0.09390678404610962,1.242566759578735,0.40408442311654247,-0.1878206582201025,1.4966156222960356,0.5734671808594489,-1.5407000004981262,0.952683120805914,0.20411971679864105,1.149463254012426,0.8039460115845167,0.6051079924311575,1.8121756603204822,0.38911489216552136,2.59048861980441,0.1469017097101146,0.5093937587773638,0.5012639923657105,-0.46177296062996137,-1.1818933681450776,0.20802072590588425,0.7020106424405711,0.5061296326556111,1.4462399753053439,1.799932088072411,1.6437909958718004,0.5310067299348245,-1.5936862647748722,-0.5464381693661341,0.5683739374773088,0.8432234116188174,1.3417559386109155,1
-1.5968164723867415,0.43098862158294393,-0.7934585735628861,-0.3861164367434406,-1.4882969593407316,0.23786616193902266,2.7426884330466628,-0.7229612512403574,1.1810690807859308,-1.1635541182714455,0.8333440783063248,1.5286218340216806,-0.4368747577108779,1.4993836285325173,0.6903046584611824,0.37893346380645715,0.920122733240665,1.0029359654720955,0.28350714676666894,1.837210406082511,1.7948277499642349,1.237614903302533,-1.334922180175246,1.2621387591677298,1.4550818870035211,-0.6592565179088651,1.4218237725817675,0.2725557098912383,0.20229619143701122,1.3078167570166102,0.5597160309920497,-0.19255041182963195,1.3080896696550377,0.5212267666115222,-1.3733157501197109,0.8489027641151319,0.17803824923157507,1.5335331075419618,0.8184443572086266,0.6840139401243721,1.8409982170837118,0.5189588328186105,2.4593641862572504,0.17029197795866624,0.5209333362798708,0.443913441052619,-0.3197627931665939,-1.1484817449403169,0.035523360254486304,0.841058352324458,0.2913462436411858,1.46928093430628,1.5904836726159342,1.715219839740698,0.5358344178429052,-1.641713998051735,-0.3154856651634328,0.4375709866607852,0.6474508357372049,1.3075946083797878,1
-0.9500756657163795,0.6773296302911396,-0.42406377077336077,-0.6954304232463,-1.4314248962782605,0.09248420677001545,2.3639595700587996,-0.8051767030564343,1.2987920591615545,-1.295877347920608,1.5938209558438359,2.0037723614682417,-0.3812306413971156,1.7305245571448098,0.719383994496315,0.5769848386987941,0.9848029086011724,0.9566684764111475,0.5267425369284524,1.4601691052842283,1.6796476960650049,1.0576967645337272,-1.3305129105842493,0.8660448486860003,1.322110427263104,-0.5339315416615795,1.368727605237946,0.22938986116499335,0.2003003801985748,0.8190248004683218,0.676329184795729,0.005301095489826435,1.437917646224644,0.477446763398064,-1.312155093090896,0.8640486131527498,0.35267433805515047,1.5502965553797539,0.7478321932129658,0.6649412755761712,1.8644873355382152,0.5618205865550938,2.6583933883664947,0.2058742004632926,0.4806508754937737,0.5164121505433803,-0.3880229452167582,-1.1734330420109194,0.00820418606347439,0.756819667503151,0.4177183909792918,1.4442525944453397,1.8897804887153293,1.7443834722099982,0.47619806539388154,-1.5412038335854665,-0.2947199632058972,0.38469681676347234,0.806036270592256,1.4825285908062877,1
-0.8349534607690778,1.9608924156770922,0.6258813835211188,-0.31014567237602486,-0.8400473406855276,0.7322510183283574,2.562199462982933,-0.2224583150023825,1.846023311841032,-1.233562705509636,1.2520515036866775,1.7607846539546799,-0.4328740451427534,1.7623059236025838,0.6974371279495749,0.6148110897784725,1.2742096729932038,1.1978636516559877,0.29659339708105353,1.3324390561929773,1.7296908460425293,0.9618613947855507,-1.5579952103130652,1.1247349959655217,1.464336929299174,-0.8579504886466788,1.5012193483921126,0.22171005911498193,0.20828533433063356,1.1780381529652093,0.634308570041276,-0.07540050063278969,1.4128203141078002,0.2175819861981077,-1.565425045147511,0.9731500216603943,0.31040000909914817,1.449354174400056,0.934901727315963,0.6634390149232261,1.9050498534717946,0.652510393471489,2.8646068332925063,0.07238486835459823,0.5773000163747082,0.7155157707106998,-0.16952880774597195,-1.3612701985062567,0.08618559315329978,0.677010746287899,0.3572071927437432,1.4719460479672608,1.7094103118730675,1.674187864833926,0.5078796426200284,-1.528924057288494,-0.39478315426619126,0.3836579085856443,0.8052765017750942,1.5618895426003845,1
-1.5317477994850441,-0.2742090117497315,-1.467132307825282,-0.23753856204467186,-0.7620836802071325,0.7755331500085023,2.394355870230296,-0.8557943208100852,1.7524186393086658,-0.9663500546851016,1.5434898938066477,1.8130945536501812,-0.5099906926769444,2.4762990285412454,0.631990528149973,0.06163606881673378,1.198037806326304,1.1871997128932772,0.4529744108315576,1.3624297879955845,1.4796969175317276,1.1803160267034756,-1.5096201076251141,0.938291888632514,1.503920257500499,-0.9198536451592905,1.2569222352857854,0.4279496187107382,-0.12678711858747646,0.9551796677770105,0.6064757381111437,-0.16937728930423074,1.36978731571925,0.6009179283446627,-1.5608121877202297,1.1113675108175745,0.35801643379284614,1.4994081329672468,0.7780221774515409,0.667824119962242,1.809417835985746,0.4494058262726459,2.7065975280158736,0.10024046799400327,0.21178652475788162,0.6274427506343375,-0.40144172704851655,-1.225273158364823,0.012565021665611742,0.8372118983032348,0.3382547641024462,1.4926116544796832,1.6535426133340347,1.6295732155530969,0.3290124949596017,-1.6146887232288487,-0.5264155176380237,0.5818220375763175,0.6573367782305687,1.398091092490158,4
-1.3868576324182647,0.3089483938093577,-0.5485079007293949,0.2736576761559274,-0.7099690330653787,1.1216217998880114,2.6036682701970815,-0.5529218494089416,1.554183159696466,-1.0094178212787281,1.347808060415093,1.687407889259588,-0.4279591332006947,1.8823920926684354,0.8646012076893674,0.331037806488832,0.9647473767336154,0.9953930876722321,0.5819013766713665,1.5277998421805694,1.718849793240242,0.909277779485171,-1.5719270850869616,1.0016715912125467,1.5059655667121932,-0.953321235695434,1.5715974444336334,0.22156744840800158,0.05859251349143782,0.9919698714916209,0.5591512750784053,-0.007540426042919296,1.2818763823512966,0.4298202840694775,-1.3391109959294751,0.9630012490744129,0.3950418402171384,1.7929039546494843,0.6814544114077998,0.6191151517703155,1.9221031975302398,0.6015937803279815,2.5919375772807474,0.3510361652587106,0.593131941619276,0.730560916694207,-0.43587046362743764,-1.0244598761415364,0.11906878630510481,0.7477554297873424,0.4563037292171074,1.4560046864609073,1.6698888544544406,1.579703959674467,0.5121422796890994,-1.6955915867264224,-0.5616101876745361,0.7898607830611413,0.7292048395211119,1.5577994644285575,1
-2.4661643149351873,1.1433445733877987,-1.1458811730938068,0.3904641891511422,-0.9914386248781805,0.8109915207412236,2.0693321414069943,-0.5720589788703053,1.373042417394294,-0.6607697825940351,1.224813484977604,1.9435226274322714,-0.28062465765923195,1.9133185108398878,0.7890837485624211,0.3917970700370644,0.8435069844573575,0.9484622863120499,0.5972312471749128,1.3574034202875676,1.5702187414325566,1.3611130310890327,-1.4189742805873298,1.3339091788011634,1.176857606477729,-0.7435425628466223,1.7557264904954946,0.26100496646315285,-0.044144558671332795,0.9090051163620394,0.7201896600808058,0.1259835308086107,1.3862615746432496,0.38994764118918124,-1.5439398635176775,0.9261863657384424,0.20729042672880713,1.5594019947290652,0.8191796299599473,0.5006640034321359,1.8110603686626379,0.49731723693371144,2.6424316207115894,0.03370224031189223,0.45305328642721854,0.4355849984648468,-0.3581162378405317,-1.2983607961381387,0.002348194092141523,0.8103415186266769,0.3840614361456939,1.4753097619525652,1.8940214195662808,1.6381614387847652,0.3792096303428077,-1.5604580495599922,-0.4645413712670843,0.4584010450971474,0.905759473486988,1.4417059121028768,4
-0.8206069215937328,0.6692733035035733,-0.7650000302684531,0.41290033330042,-1.4222497319300096,0.8114985100682903,2.660520005403586,-0.39868084572560764,1.5252611174922137,-1.393262006070576,1.1219846137336997,1.351621762219321,-0.4139773699981286,2.146193253584615,0.9665366323064829,0.2453458197249149,1.241724422477014,0.8620460151528418,0.18410317937303045,1.4014574854745414,1.610217264771604,0.9049853442646003,-1.444639645438386,0.8957193850131283,1.4826200117215034,-0.760681082613586,1.5913361588701758,0.2946849148792177,0.20222295116146655,1.5280785345399737,0.7150401202987117,-0.3423075948646469,1.4331064295584517,0.44618805045027693,-1.1625771543612757,0.9760248480562888,0.1520750538534496,1.436610846364327,0.736287605293123,0.6912890634551137,1.8085336928646616,0.5633071229458629,2.6629216624628085,0.2612585500134953,0.5666070976676515,0.6648973757601044,-0.6021150151165207,-1.137077286043517,0.002069484140173667,0.5484429561339561,0.4157512488002324,1.4653053395762248,1.657160643751448,1.7549469274106722,0.31023213427591423,-1.5902150096603018,-0.2744630890977201,0.5964974036163004,0.5928231569299234,1.5557165240681532,4
0.534093651651786,0.7302073334813646,-0.1734165634960716,-0.2058217587737809,-1.9237805410140059,0.8236924942454505,2.247964684040859,-0.7095447853851045,1.689551188216075,-1.538068978159897,1.283876580714123,1.1652463117269094,-0.23190097328977255,1.7432836253310506,0.6804694903629365,0.2748862086657736,1.1908744675749958,1.044152296884641,0.40030528247877767,1.6188404689544946,1.9566400955261205,1.1029081754426486,-1.333692809796768,1.0977307266984344,1.0596770208590773,-0.8797414542054997,1.7582516004480602,0.28957314082290664,0.010891528069931523,1.1546180919240139,0.7521311592548992,-0.3163301530559548,1.4146209947164243,0.6036153206179717,-1.4910247898330469,0.9176835147164437,0.3253514810371121,1.5724400841010486,0.6921741650852922,0.7236258517971409,1.9458993010738015,0.48663388703972527,2.650874462966554,0.21805630601359394,0.49757039415208376,0.6862074001197898,-0.35361989035169183,-1.01457597578847,0.1308364778028889,0.8248511871166052,0.5034567824101622,1.4956912910536095,1.8778988818945652,1.6292910605804518,0.3251971039523902,-1.5167032287101732,-0.4691299536297416,0.6626334280419917,0.6461428461493056,1.652788721003691,1
-0.4570416898242199,-0.32916319684893663,-0.6955813393526271,-0.6836619227240308,-1.6423932567378,0.6707404216592125,2.404844272244893,-0.29190365129979373,1.73373842750927,-1.061575251942568,1.2539062665325607,1.8190984804955117,-0.5458299824070435,1.9729309591774675,0.7936068981234274,0.5843382192258268,0.9033074110154595,0.9627535598198478,0.6147382180318001,1.9657594232659754,1.6585262579667237,0.8419554249517652,-1.5339869552942649,1.2312090743367567,1.2309139301370704,-0.8836673833328618,1.478972762552561,0.30894606535918434,0.023682884729476196,1.1782509217998443,0.5075883716090142,-0.1755473209017063,1.2407806650426338,0.4436365685343144,-1.5460261311593744,0.8390324225330058,0.33463026294616255,1.464809912727482,0.6744348203283206,0.8306868033439727,2.051989158296216,0.4878548691775017,2.605475893513092,0.3753629864511952,0.4953896874378851,0.48655519451749873,-0.3285317993992095,-1.0675350196113254,0.00354934902056458,0.5648481797446969,0.6942877032659465,1.3829556896825614,1.7408626621379373,1.785187403996537,0.5255468621632203,-1.7434175716288944,-0.4077831469832851,0.6109119251092121,0.6376665410127247,1.4298686181090283,1
-0.7326516514042054,-0.18279664274029794,-0.7247451292027212,-0.7426547295285413,-1.234611089142855,0.5273449414041793,2.398901002725849,-0.7909922040043766,1.4790222932749097,-1.25054624389268,1.3981936049795674,1.5381544813948234,-0.33117081735499876,1.9192990272387396,0.46704510978063135,0.2767711977894726,1.2657288776800506,1.150447034634813,0.6021382097370207,1.5944658242656942,1.5375378021730408,1.099947451386357,-1.2980229848545164,1.0351048932471976,1.5772234839804415,-0.7184682764563145,1.3441957263285753,0.07548578827819805,-0.09239834098072089,1.0279719670555933,0.599850959953022,-0.2777916344563477,1.440420810888404,0.42964714348600325,-1.2694419743739855,0.8397715042056332,0.450388027682177,1.504924642992203,0.8074089930898912,0.7214720029980614,1.7113174073939705,0.583156153964264,2.754781950077936,0.26244783229282675,0.568514533803589,0.8175688043554107,-0.500021173788343,-1.3958284704910868,0.1036272313478144,0.6214787153167389,0.4424884703677341,1.3454620740438428,1.6677411064589132,1.8198347418578338,0.5722595907236161,-1.5883199508738486,-0.493357742420149,0.6103846045257286,0.6955947021974419,1.5220764293054203,1
0.06910163943458791,-0.27588109915232517,-0.555681306407057,-0.5492630351011665,-1.1790281356652899,1.0276908117823047,2.723541283611942,-1.0788627815472878,1.6777951430466775,-0.7825068137247815,1.2494168914219574,1.7719534645281652,-0.429155542452952,1.9193643162854404,1.103275685928217,0.45076594433648765,1.0753114236641488,0.9672112209606716,0.5610619461814684,1.4674866397821167,1.5196349246392977,1.1212890053011597,-1.3747032872442444,1.1481842901007426,1.478552887722323,-0.823733051141924,1.5584583349130416,0.3654207089684541,0.21157750475021941,1.1521167566540127,0.4492026310890184,-0.1063294451909423,1.460743225594222,0.2718950430136028,-1.378106618640682,0.7789006542034926,0.2560149787483615,1.4605094491249648,0.8169106136648109,0.8714841139319922,1.976466598846771,0.4008045542389585,2.5109987594432233,0.07341021493983176,0.4987724761289766,0.43309973258447276,-0.3482121505205137,-1.2376163141969543,-0.10200914642879862,0.7991727859947625,0.3519580908734492,1.4663841632048862,1.7958719177711393,1.7497764239233604,0.3624118012333593,-1.6371607864271853,-0.4348407963867212,0.33626027016051896,0.6124516725218447,1.3864553193305384,1
1.788573504082617,0.43408703245915836,-0.4185324170188059,-0.38110593423841677,-0.8403792036032105,0.18787485711898555,2.2817639155889435,-0.6474255558010903,1.1499298529893658,-0.6143610996319326,1.3271396705516356,1.92880894383564,-0.1275957315393571,1.8353775068982368,0.6120967255294154,0.24735343749994598,0.8371701705456289,1.0103108301438535,0.5188689201606319,1.577782330034523,1.2666506465845926,1.1023554867034704,-1.5563221413377084,1.1033060583694427,1.320198861151317,-1.1259399064680247,1.367903677106808,0.26937831023618747,0.08797182559888014,1.0248754513150082,0.5145447644257124,-0.2670659245238571,1.382284618897619,0.48441049622588483,-1.243265803750542,0.9527461104913724,0.10656014493398033,1.5021187033522252,0.7118799344889508,0.6509198479015093,1.8858898358903458,0.47359851417140336,2.553344234967306,0.14888115125617443,0.4555282955456706,0.6001720554124916,-0.4029673520748323,-1.2143804205557653,0.09896743967022853,0.8030900884010218,0.43010253218085165,1.5128115012648617,1.8054752770722813,1.5492111199474712,0.4593816992121966,-1.7814473560022617,-0.5654771245077207,0.6275221297913691,0.7417633879873669,1.542749537334333,1
-2.0562588543228104,-0.1579481409403518,-0.7358611846880653,0.5819213939344344,-0.33292881444971156,1.2760171769996038,2.630065267186756,-0.37583799694654774,1.1727707187621383,-0.7048981066106903,1.5416276157127289,1.8266433367889527,-0.21159318150738426,2.091349117383751,0.6166569183462745,0.4690600859173305,0.9175205568772444,1.116717581074039,0.304923557718459,1.315060803980304,1.4359993663980295,1.2766643979929313,-1.4487349633401136,1.0819481571061644,1.6028572079403183,-1.0686839900535634,1.5612150457510245,0.43526515908070773,0.1240305810761476,1.2171210617033066,0.44389087085569656,-0.1727156539025314,1.1753094186665498,0.3740078802932483,-1.3635975160589777,1.1003557146196985,0.12699639589485395,1.5812678796926547,0.9486672419298267,0.7860617187834398,1.7993103896740164,0.6279671168811706,2.5319466920756737,0.2024682424672743,0.4363388890090236,0.4764320258812809,-0.2953535821842376,-1.2005271917318565,-0.07259852891400527,0.7342135080771199,0.5839510810960734,1.4898047620710513,1.7854841416752933,1.6968589809061723,0.5557641768127124,-1.5890687350514414,-0.6462369565854742,0.4933579355611697,0.7808589035263247,1.4208022233840891,1
-0.8409870306780896,-0.03662774080605874,-0.9939650567531736,-0.5299582389008287,-1.0298186310955684,0.7908933566354062,2.5750839469283027,-1.0674743899883008,1.2930024350159801,-1.2043181543059278,1.4769310904999597,1.9005207639508994,-0.2638466177028597,2.061527784934838,0.5061130576711534,0.27701646811868974,1.1870546658533199,0.8533400773026728,0.7549141961927037,1.7131789716609203,1.3573839350271424,0.9451864369092633,-1.71273788483393,1.1515350122600145,1.4873305751558512,-0.930138617144677,1.5808280467299851,0.3226735759868049,-0.00014803207199783064,0.875467963158,0.5948807699115886,-0.29178960135379745,1.2732327784644255,0.45150694614956716,-1.4335581559459725,0.663732030656965,0.22824025116079463,1.4184586344614765,0.8196577256511067,0.6133435200237218,1.8193591161961271,0.6825548696068074,2.714908956336598,0.3252992534548682,0.44876498654143376,0.6785699573950792,-0.2149917848485125,-1.178143329568925,-0.1261958875810773,0.8743853221412486,0.3321388036458189,1.5191944321776387,1.9968691874985482,1.6344154512027653,0.4925651245316513,-1.5159856132127552,-0.3966631817343303,0.4475038509491487,0.5654470388684717,1.4429358695295011,4
-0.041512400019361184,1.1871279237016044,-0.14435852025876839,-1.3223196453101589,-1.1204324437012516,0.035080193557826544,2.3636288041015145,0.19647197395256366,1.9184675185873237,-1.5854309384938747,1.541282170730888,1.476225786552871,-0.6880822746048222,1.929503756623127,0.8584954015683504,0.10303255343532294,1.143496859455222,1.229395203957058,0.43746406304402613,1.4921842067814488,1.6696034024822963,0.9335646150719563,-1.2620638574352885,0.6820608620206008,1.4495577963510409,-0.8195811391834229,1.4011934743205356,0.1310805509981297,-0.22173796971926074,0.9916657054521589,0.5372829928217824,-0.16376392191412345,1.3772910133996152,0.7199718950416579,-1.3594233570299123,0.8464002699844242,0.3214618768665283,1.577918432335992,0.7155841093981091,0.5846370745517618,1.9890752070108975,0.538682235555919,2.5879046571695548,0.32003263022920236,0.6692532418578987,0.553523567375811,-0.4528101548695401,-1.242173553864932,0.0005267706829946784,0.7424677905818552,0.37174823726591977,1.4792095823483102,1.9177770301769181,1.630011802799666,0.5655828360910433,-1.711215408724055,-0.5161433802207173,0.556959807177508,0.6922201422658324,1.5294249964147335,1
-0.7439261289653438,0.5416005368504692,-1.526390448011177,-0.8469220291521795,-0.8596917469941003,0.1732581873862432,2.1053853543989804,-0.8620540285368236,1.3763693482876693,-0.4116992025988063,1.418591915180645,1.095635934187744,-0.5504713879784909,1.8919034660838718,0.6867533842375101,0.30311510551939586,1.4246345559833045,1.0013840261103673,0.6304460171968598,1.2398219441544565,1.80240667321696,1.0590700001489686,-1.6419388861858681,1.0869736569583823,1.3857358389387358,-0.7212419797909295,1.6138928381636446,0.23974980119270617,-0.13337732927931598,0.959358997051679,0.5627650368146042,-0.11176136727095913,1.3929274200571202,0.4546798879417015,-1.2510445463354207,0.8131803382740843,0.19646030059448055,1.4940331006504501,0.8787647738774677,0.7254966164916201,1.8934028651010382,0.36974165660353464,2.4472165446942444,0.14380500477298563,0.6534810242036434,0.5112236567104947,-0.48831331313762694,-1.165264783776889,-0.014058982889381025,0.5870125524172781,0.3457268316511062,1.545228053848086,1.8376829228692826,1.6947915448254562,0.4979168315360977,-1.8084848365257313,-0.5211043672390001,0.4819792011578684,0.6244489193791698,1.4819966157323692,1
-0.922738892552532,-0.15375400793187216,-0.4825029596601552,0.2380577888807781,-1.415991978115895,0.8255808426875018,2.4165732125990163,-0.45883887720804317,1.6227348810848894,-0.5007602580473621,1.1236042655162255,1.3992902866152293,-0.19779432283686288,1.9121819530703537,0.9225231017844456,0.6474702456421773,1.0340477547299685,1.1317679819451025,0.5506978452158526,1.243524170703546,1.6118722113106052,1.0111049565149268,-1.2604982393867936,1.258600110868594,1.504536914642938,-0.782664332827614,1.9149233092715028,0.4464909197846627,0.1524077614186622,0.8040234480018789,0.5664561357569051,-0.13131002115824109,1.4831475325728911,0.7122797487650014,-1.2288410247431063,0.8985318545066922,0.32861030952341114,1.4821478420348884,0.9457983616749838,0.7791741934830416,1.6271054220140073,0.4035797633185864,2.5860229055307538,0.29482444869660773,0.7235791828462868,0.6789417599655357,-0.34362001924893326,-1.1500697291946709,-0.057890161469282116,0.7005268828573514,0.39278694070812803,1.3432422054312916,1.6509235037938774,1.6598823268191063,0.6326611967885032,-1.5250444671498518,-0.48779164247387113,0.5274296875695275,0.6906122031568732,1.4537040229944505,1
-0.7525466428194296,0.3185911706795295,-1.218648717277584,0.2891123798776889,-1.2266043359242036,0.5284065052217364,2.190229841982047,-0.5460265013666514,1.2339340395045175,-0.9678047410128456,1.5469519940514935,2.080018503827601,-0.16690507369693097,2.431484976434789,0.8674530266794412,0.2867357365535169,1.0583722271115887,0.6855997569126739,0.28623349709798274,1.6724325511815425,1.7307984461727883,1.108793296798475,-1.416689034162733,1.0354146926741838,1.335593781820386,-0.8497128162154337,1.4915617785859283,0.1385702056356829,0.0595168654937564,1.104145181948182,0.5952281600918519,-0.41681149838933695,1.5369624454165212,0.3731532065370037,-1.437555520435297,0.7162693320184206,0.26931899330491293,1.3935169052919227,0.591921732626009,0.7404831936324635,1.9547003538109,0.38873830860410424,2.521837205419211,0.3548348410579764,0.4489929861262947,0.6502735480883117,-0.5169095004463516,-1.2725811726351308,-0.09938011558362138,0.7454270275558097,0.3536726123061527,1.5075373042013147,1.7291968688088961,1.8196356242859597,0.4162365041511063,-1.6909619586468994,-0.46056216712953707,0.46059434039125946,0.6945772139451133,1.5175365484427348,4
0.7136992292307855,-1.0746416623926773,-0.9065995631820454,-0.7925054752090206,-0.778934236336187,0.2350399384290141,2.146132450850085,-0.8456579871895431,1.0426865869717075,-0.6994639219777374,1.4088938168468956,1.5772866312259646,-0.3428832837936733,1.928360880937536,0.7132859880411921,0.15093028833224628,1.2544471590165758,1.1628829413834068,0.2855231705338216,1.4346601492825137,1.5203237064108768,1.0590031323510725,-1.402741846078707,0.9005326624111789,1.248627909945861,-0.8671512092127573,1.3274662722834558,0.10912110353829693,0.06803859713630386,1.311542506179159,0.7076088936978706,-0.2671023712195489,1.3082188537750183,0.5079750029909824,-1.1555925226678248,0.681941059190828,0.17094901126874662,1.555853018248276,0.4933573111205881,0.759485490194405,1.9698607635696774,0.630543095177581,2.5939908847804944,0.26588659460900377,0.39875154368781474,0.4539063144878315,-0.5689318505175534,-1.2446202915510916,-0.021216451387864432,0.5735477482389272,0.47121592726711037,1.5947391943781002,1.9074238974058815,1.5461907178621932,0.6093255887746303,-1.7189536768165705,-0.5467016828978234,0.570281194237426,0.8292547199592831,1.3628573174273781,1
-0.2922062845491984,-0.4196282308846742,-0.9338826471656405,-1.153256405531129,-1.1670444230336185,1.0694280587439549,2.050464043352856,-0.09660972854453309,1.4573103593383292,-1.1741930510771845,1.2441306742756497,1.6640822517196487,-0.757075401189008,1.6022109549919552,0.6123939587593947,0.5959048443789272,0.8803947713868805,0.7959630641306801,0.6346823528916943,1.2460283768434164,1.5642555280050803,0.9572746859163164,-1.2741992804857143,1.3145908645772175,1.3545777280321896,-1.0007516318114804,1.5555079981088418,0.3892664418858135,-0.03616313231911307,0.9552481904296996,0.7211759839796449,-0.3542646017277783,1.5382643650732553,0.4973404334630002,-1.3493549104327092,0.992268212296543,0.24037297817138056,1.5913865090859936,0.8631411120919167,0.6359770962191414,1.9243804244096665,0.5291528353847484,2.7979040470347885,0.17295450899125245,0.4572166349896329,0.7053353924400003,-0.43747798497559254,-1.1109508497744804,0.00907961388525399,0.681612554456472,0.5129881316605672,1.2970482467240525,1.818160395741072,1.7458469966022052,0.4525380019321708,-1.4514131619106188,-0.5006175616702621,0.4459902635472037,0.5876574779828723,1.4434337454588069,1
-0.818957411738102,-0.7274320820469635,-0.21238082354811832,-0.42229220475355145,-0.8125949319552153,0.8076204278031117,2.897450240890798,-0.8326024126868903,1.4083498933977106,-0.7837835349558412,1.1208590236289677,1.91699042840385,-0.9077727933947627,2.236494801244163,0.6177003665750238,0.48936329957707014,0.51264562162885,1.0802831691400718,0.4469371789899655,1.4890256277735847,1.4142318910755445,1.314605122150154,-1.45566500533266,0.9560714810752275,1.229371526139443,-0.7016808099517482,1.6005494490615644,0.3147308035883327,-0.13060369167198901,1.1633999723113275,0.6640753004659412,-0.18231623030800798,1.4668967118760443,0.6822260977351468,-1.3118367583559025,0.7996136331367774,0.31751613661106287,1.6858041615325672,0.6006013582827454,0.7915859044920519,2.123827554061965,0.8179909828396672,2.661604847487051,0.11406226504243622,0.4554597608846491,0.6275615867488411,-0.5424320434880389,-1.1408815189370065,-0.07962562121421059,0.6493826898795475,0.5399899122067288,1.404686044542893,1.8300577814319037,1.695572611976779,0.45557559501138767,-1.664353190948619,-0.34717720534269525,0.3956211568675396,0.7055008688733725,1.4445683376945095,1
-0.18879362500032865,-0.35042044482032103,-0.5506759196536918,-0.4334249648712474,-1.0753897582465402,0.4998007043212781,1.9587789178276225,-0.44946098964897263,1.893433307105441,-1.5326133376961946,1.0258751698969066,1.6317740265014844,-0.18544756556472453,1.5858378101070634,0.8692994214224582,0.22630100434240036,1.2141316149078947,0.9888927351401127,0.6892506673583566,1.4436077861814423,1.43399178870151,1.1388205688538628,-1.6062682540727018,1.176383469796642,1.5968773424760214,-0.8346441650913364,1.5541141882828977,0.24962912952083602,0.12362446632269439,1.2857000553287945,0.7212286648991069,-0.051910449934375824,1.2571417768887823,0.49484306256461097,-1.3099505996712075,0.6120275828936793,0.3037506377142617,1.515911101453731,0.637694137806034,0.7790740586558534,1.9987344917500627,0.42515767302173635,2.8516744404742975,0.21606810764262493,0.48886045836567565,0.6946779195552225,-0.3704027081651343,-1.0371075150301525,-0.09968259703515804,0.7794268383365905,0.4335145078056664,1.4687352249346275,1.7197639111833554,1.64679841819834,0.5106185019220875,-1.5993510937585473,-0.4860398809904986,0.5091713594426628,0.47278472691400575,1.5341299521015686,1
-1.0330911778153842,1.0521695543321048,-0.6202563985667301,-0.27657874137534905,-1.2968765347622635,0.4006135694597039,2.869639999051231,-0.5407425573296265,1.589165550747369,-1.4215773920448709,0.9839112129866933,1.7961169198062876,-0.2346162235192832,2.392656490133296,0.797099359454549,0.39162836698706815,1.1750036661125716,1.1186714087172112,0.7657974122605464,1.4142541030831566,1.2984259005147378,1.0488576886094771,-1.6019820064272012,1.1928804282513579,1.1346445506946505,-1.0982121954676114,1.6224815111488053,0.18369325602176698,0.10162758803909408,1.211783249805889,0.42405532040721133,-0.08669926352560428,1.4859276298302182,0.37671894962448793,-1.5222884824263645,0.7485619280956538,0.2410430828375629,1.4268391711420727,0.578279605465728,0.7757906787798632,1.9644585254050757,0.2794491006763136,2.548105216218748,0.05119225422723339,0.44967438248770575,0.6961692826221348,-0.42244745078505475,-1.1854839902766416,0.13117561647717832,0.7507093257298468,0.398639883521135,1.4966414009927513,1.8364569652013691,1.722027274421196,0.519663985260912,-1.6089721158376349,-0.3905828150480538,0.529246855317484,0.6314789371352536,1.515398917087099,1
-1.4201383427959509,-0.20174261563111223,-0.16782020791034102,-0.4866280499727975,-0.7753437101649775,0.3336348024510525,2.7335030595087497,-1.154271921565602,1.3796272862637957,-1.1564014731585734,1.4196525583458057,1.7851315759474755,-0.09460658723499621,2.0032951931891545,0.81810999562552,0.741336553349002,0.8787892562792983,0.7547225209432108,0.62526185700558,1.2872178527406932,1.7011256163919282,0.9776505699793893,-1.6265522720071033,1.1935302728443107,1.5856334844470426,-0.6577756843089908,1.6973046198565898,0.327174325556576,-0.07932109768804571,0.8944358967486165,0.43728733762501865,-0.09493137862277788,1.3330392013887156,0.30364333959142753,-1.3954925417793407,0.6363023956898959,0.4534743975101005,1.5384030468877987,0.5979975872656473,0.5751379247678607,1.6995231242379762,0.4644150182190733,2.6748302480816304,0.26072942336615185,0.4907471479219312,0.6101747058835727,-0.38037557411694184,-1.19594465665041,0.04818161458523725,0.7061485491545813,0.6172611580360734,1.3559580649202767,1.7705678706955907,1.6528325528713987,0.3720839092375516,-1.6817483707629777,-0.5354135045665188,0.6340254419066564,0.7832063579315356,1.4207667528793608,1
-1.2259828718518875,0.4476078813066423,0.16272245752150272,-0.1443577085538923,-0.885436121575888,0.7243510276246735,2.448173174099398,-0.6966904096202191,1.757243496310005,-1.3695286937550544,1.282971074087433,1.5003317307031419,-0.2184255766582446,1.8914937938513527,0.869267988586065,0.22560282105217266,0.9177296600164018,1.2435291108418878,0.43798137075903326,1.3301551108629086,1.6807607965811773,0.9530838175573917,-1.210357655825219,0.9908854757221054,1.6615384573970526,-0.574784059346007,1.327811559963371,0.14331136846333078,-0.17534310201382744,1.0233538399821904,0.6524291842043899,-0.10138287022918542,1.247272375395715,0.48891961845318915,-1.40995999008159,0.7161201503234552,0.27913970854515524,1.4858394678756637,0.8272310424285475,0.618864852416648,1.9876220580251491,0.3074619484602842,2.657063566528711,0.2685701638070298,0.4033675627514061,0.5850006672230011,-0.4319547446956338,-1.255406974760684,0.09425013871234575,0.5976537211650218,0.44360787532276225,1.376160507874473,1.8826917154087868,1.6571558065038043,0.4224117118649356,-1.6042591864134939,-0.39486306730764664,0.45255411413649616,0.46109333441016975,1.384876135225051,4
0.12734891693126338,0.6641598656470411,-0.7277757921802519,-0.38206542488361045,-1.9298553436923267,0.6701101583741476,2.2013829937682563,-0.7569982345549243,1.2366438096258687,-0.8204205007998178,1.3045273501877448,1.8278479607945226,-0.5852827024009963,1.769435337914457,0.6475400566267092,0.32704623997655424,0.7163156772116978,0.7386581255567706,0.06142020339360932,1.2472282483610382,1.5620311396687216,0.7864550715458369,-1.562746014290875,0.7963984909473489,1.5973458936175011,-0.8584030981048142,1.131734985941922,0.31544319143487065,0.06600970746320936,1.1460873354422956,0.5470833501547312,-0.30100088449239615,1.4738853215652599,0.3488432786905412,-1.513976891244257,0.9822224188434078,0.18677292937411227,1.511767756874991,0.7513336624328066,0.8091478292817128,2.0992283223506076,0.46225829541742697,2.711778306836046,0.16663958882745128,0.47271587579178587,0.5927602735727,-0.2915775136241118,-1.18795959184884,0.13868130597277328,0.6729218994455709,0.5665711797153464,1.1625013432246185,1.7135357515256135,1.6518753181100412,0.6109844080442437,-1.6192425656771516,-0.46177726248029666,0.5938689211657316,0.6842183160434888,1.546797313913602,1
-0.18176027986274929,-0.9929576426339186,-1.2673707263725273,-0.03969049337487063,-0.6473410451147976,0.5679671246121362,2.4862455733166793,-0.6615422288734931,1.227845436711525,-1.0259453377665082,1.0719966569120225,1.3649213117164847,-0.5339602190858417,1.6443912957940765,0.5194981418535282,-0.2034306235971129,0.9698371618474279,1.2281005603962545,0.7414960902884618,1.4944515312519884,1.7441083869543414,0.9367842736220909,-1.3225367818221636,1.0525745606013808,1.6597036860632792,-1.1581441494581801,1.502801166587603,0.26848963066971177,0.15459613794575028,0.7946825592412424,0.7499233644996591,-0.18511722243821294,1.4545934344404006,0.43401712701150164,-1.3559327442227156,0.87702190116677,0.30495335051586137,1.5739079110615188,0.797396817372472,0.6597107816225707,1.9668790699087553,0.500346204969568,2.5099349132329993,0.06603419124461721,0.5890910151089185,0.5343807491426485,-0.30767159829120583,-1.131717597015147,0.09562181739937338,0.7256844262963458,0.2622473926024076,1.4434003835109461,1.8960098639083587,1.670559662935571,0.528247911980372,-1.614885820322482,-0.6184569039882821,0.3077389349643633,0.7532048940525948,1.5373826496308742,1
0.6096665026617754,0.3365856124340943,-0.08802161618627258,-0.7401819931509581,-0.9175576904234435,0.41425327321909766,2.343466451840102,-0.8148304532938697,1.5881481982401116,-0.8780545878885301,1.265255192459814,1.6385600930832562,-0.17122877096031258,1.956631879614186,0.6559622300814165,0.2903783795546518,0.9987581913613569,1.2303073549824644,0.3897784254555959,1.3006231118818294,1.4691005838665796,0.8370037834176073,-1.3374852596696616,1.173210008115008,1.2430272691688269,-0.8325099054687118,1.4065388952435554,0.29744068617962816,0.09041141953813621,1.101299703889484,0.5942894477019709,-0.18772363255089528,1.3545925667592345,0.47152305424525803,-1.4250549807582842,1.0638365765004885,0.3095967414867037,1.7321202421161555,0.7211578808247099,0.8861963560454302,1.8507467075887616,0.5325484252390222,2.360031176905454,0.09047843655968225,0.5024987097871138,0.6280460070884971,-0.4680116500471989,-1.1367686966420985,-0.09943431478588252,0.7806496454427276,0.3430752084460376,1.341270645282422,1.7637745849682163,1.5736008577384002,0.6141170273923837,-1.5136367213015731,-0.4240149673647539,0.6880326658832936,0.8255409727621178,1.4498618605852338,1
0.1226148789352316,0.5804568327686537,-0.6863897319483998,-0.7259810342212294,-1.442572296614601,0.5867635889403403,2.476367264451684,-0.5001274162613769,1.7592272014500163,-1.5907907444367833,0.8965597577896055,1.6083688573412072,-0.3287265676100063,2.11882550159161,0.5807360179113082,0.18683068255181537,1.1181738917287432,1.0754699025962924,0.3786411959205863,1.5504522617708048,1.5842724482514199,1.0273718620796102,-1.5194310020213344,0.971916814036448,1.0133538498434227,-0.8123805726054164,1.3021536873048398,0.2503432473111282,-0.0077873895039759986,0.9578653175345414,0.5650971710470725,-0.2862525499872383,1.409705416356228,0.5244572689736574,-1.4893869081818356,0.9968568923180532,0.4421547034681046,1.5779389078752355,0.9495115336261264,0.6965112966340063,1.9193971889172134,0.6474042245116985,2.6584128374103186,0.028140557908106767,0.2498589792301579,0.5963254671171454,-0.19892917414292638,-1.137930893751283,0.17171188710480545,0.5796697560454325,0.6385979178502992,1.4650807452420844,1.622820823476194,1.8573667274657517,0.29899681242589327,-1.4540807186341078,-0.5144146740633179,0.5297423714129522,0.6349725646098088,1.39638483049823,1
1.2681873158333596,0.5706532401068021,-1.2015017993580095,-0.14844101665728607,-0.5214641515331442,0.6163193045117389,2.284806783722993,-0.660088086476139,1.114807254520594,-1.1665205113880597,1.3934132468868052,1.5224383012049887,-0.5426299630393239,1.8777642306115538,0.5084659783964587,0.06652198371815915,1.1693583204614926,0.8761016261010688,0.3709695056438481,1.2173416977584923,1.7329550549813584,1.3304665699745715,-1.382796731184281,0.9516824406390052,1.410395437604851,-0.8255221636384007,1.4902035053002363,0.2328732357868968,0.25326687538992126,1.1055051023117761,0.5947018127201108,-0.32306816287857887,1.1744405448385837,0.5478921990822677,-1.4329690873217638,0.8636339128969558,0.2032294550413737,1.536270009260425,0.80671296191924,0.7999051779345635,1.9085059251266965,0.4604110719624589,2.691471155381548,0.2014523989058557,0.3759497580062333,0.6956034510942479,-0.5687685683356328,-1.3441478070905966,-0.12358361155021058,0.859383191801399,0.5212930089537707,1.3392945040129465,1.8946500580329118,1.7264357645454413,0.5338908211314675,-1.7983191352969663,-0.5141102120165149,0.39561900636208935,0.7200357537638568,1.424140175724653,1
1.3639337236853253,-0.314632276867788,-0.045677539084418406,-0.8419330832499077,-0.9757485685274525,0.27717943552003654,2.268067646926726,-1.055401226885286,1.6217931848283327,-1.3671393417453814,1.398658955149086,1.878577977907389,-0.44568219082612387,1.9315619671632038,0.7418928401417665,0.3348977489372888,1.4101370963024653,1.163417923119455,0.5364720210098942,1.3722329728917544,1.5619448761387051,1.0522088579844617,-1.4854251175676176,1.153903833734697,1.7697466238996085,-0.8248098241461236,1.3242529884207221,0.07623152367099365,0.16387769725476917,0.9330806778853292,0.6473723226720673,-0.36972168776039116,1.6487807056158936,0.3619123599208991,-1.5598991120031263,0.7461303514255124,0.35916205491166897,1.361228965608977,0.787445472663162,0.5145464822345047,1.7682715441775856,0.2819760983779361,2.5092928644894843,0.13802484022316566,0.5408319118367888,0.7042841708080788,-0.5214277352537796,-1.2148147050023164,-0.038414202167100855,0.7274524160023119,0.24240159130103744,1.4666296093500417,1.670205925462338,1.688246043546479,0.6285189167509961,-1.5699915768636006,-0.5712976636487563,0.7264463206876537,0.8058751290584831,1.5586905715668236,1
-1.3205680027401683,0.23385444506043937,-0.6554642257185141,-0.9661220114707231,-1.7790397664560775,0.7043165493519611,2.0577730582072404,-0.7332583287863358,1.4203444771517806,-0.8503440054437048,1.416515171969417,1.8037825947439257,-0.6984612833810372,1.6971677164669081,0.5050943838423833,0.4235838907627163,1.3531846217154584,0.8286791738389064,0.5351847966405626,1.2573083856729799,1.9201590171251195,0.8986897651034825,-1.3728030384768484,1.0971821687215366,1.2689060974991844,-1.0368899015467996,1.4604367607452904,0.14509914459828727,0.22467868453101886,0.8330607810501107,0.5234176899915473,-0.10549511627157492,1.602890476438953,0.6081809284254692,-1.331967572686257,0.6791413381697697,0.4628420683727399,1.5499041888103873,0.9124880351767715,0.6785883578526695,1.9708428082519178,0.6988440822859587,2.5847399399475184,-0.10777846010490089,0.5415511115284117,0.6614003771671944,-0.3615512802892633,-1.080004070632609,-0.06013892142350984,0.8866435746935125,0.39483045567983327,1.3748173114915454,1.569493695151681,1.5478710000079394,0.473123829186762,-1.5358083022923752,-0.6442950039631221,0.48797682772371775,0.5873107200654166,1.4078987252425734,4
0.7293300414884181,-0.02960894583233334,-1.3660224120130722,-0.12569182420367836,-1.3382071293462685,0.5673236088317772,2.3946346274536907,-0.29341546384314954,1.6770408314353014,-1.0707022908747024,1.2936435968283841,1.7049279460811162,-0.8758496562388696,1.917146333889601,1.0590634804243573,0.07249484034356243,0.9620734625404943,0.8919681734101964,0.7078002658405762,1.1968584215848501,1.6046307724989965,0.7954705864208453,-1.5568773826180733,0.9398649090300392,1.6242215859719402,-0.6909983590560551,1.5112045199613657,0.14558117115665903,0.22978987893867772,0.9195478907577702,0.2868080030158324,-0.3978387090283588,1.5435148346090417,0.3625807675435926,-1.4089369808179801,0.7826977005194987,0.037883460827442594,1.3690254744590722,0.7842364828859653,0.5643955876039377,1.8788534216392336,0.5677279044240026,2.6528251054522527,0.12054958113591394,0.26645132604631916,0.43462390773329174,-0.31910099996593055,-1.1777642244186641,0.07455088661631297,0.8560230964303986,0.5416311585346637,1.3600091700649264,1.788340632468494,1.4760026815187917,0.49116459831686443,-1.5855157186225168,-0.4779589700002521,0.5958455652840043,0.830282055201344,1.378293209481392,1
-0.1627716069800471,-0.48779694093894715,0.7237683496673937,0.524066864827074,-1.2489047498518975,1.09279425673338,2.443575802922335,-1.0808184867017032,1.2797141796211815,-1.131004568093921,1.0889519285027893,1.857115124924193,-0.48421629136316524,1.8693153362270958,0.4391883663455834,0.2917205229733611,0.9806094214464691,0.9959459950527954,0.6168375384119724,1.5824193365984063,1.8434017501380888,0.83428788117786,-1.6076048484619259,0.8963142831473964,1.3008687948598885,-0.7795518457471131,1.6372926809354367,0.21523812454602298,0.15804871277036847,0.9939885714000374,0.6764949467067245,-0.5201814663616537,1.3486949740156553,0.48983719672316595,-1.5616239902514324,0.6114351207329127,0.2908162304679403,1.5275331333713118,0.8767763165521475,0.7020990039940018,1.7237516570597726,0.5557822167851104,2.7697080388098287,0.21946097730616596,0.5618476636856625,0.6475543505305545,-0.3916063809119988,-1.1773214791624524,-0.11125939909196268,0.7117254573867374,0.5720308739196037,1.2619555499057449,1.860237288010819,1.6967091576691364,0.461930918163943,-1.6944006906402223,-0.4533940344487528,0.5512708389001527,0.6610539485652187,1.5718961350393126,1
0.4203412453527384,1.0154340339211965,-1.5099879919911414,0.059783076575393224,-1.4249800526220453,0.2741509243134787,2.2844335254546952,-0.5770204234164703,1.5583277275860536,-1.0484997612812794,1.2595967516964173,1.1945902115804823,-0.5347763609899935,1.9980509243268532,0.6800436537561871,0.2146583922231376,1.1067285778125562,0.9028858450514623,0.06267981261497824,1.4581646982063454,1.4597507997879131,1.1680860223955372,-1.4050307357182683,1.1947584801797078,1.1574890715044797,-0.8226249397968207,1.4439655662509836,0.205400116530314,0.09737318121483701,1.0631981798303498,0.521671565076905,-0.1603181213045576,1.365999660296755,0.5299167709308543,-1.5339627258352,1.0495789477912247,0.1940035653402496,1.5127676966318817,0.8010162481908165,0.7483441620268493,1.7728811634349695,0.4704608255441084,2.651365662362099,0.2216949918752908,0.5841010408440721,0.6195746576070581,-0.3643782082470102,-1.0800194223497068,-0.07551426183012346,0.6175675151155517,0.3409021045971912,1.4369135908568538,1.7411852082759982,1.606004741979482,0.4886692844655047,-1.552162023362101,-0.5215107106862908,0.39408238766366344,0.6900562211852994,1.5107152390196756,1
-0.11206585531457536,-0.8992989034515171,-0.8604290070952483,-1.4514063639137424,-1.6189508205976817,0.7203399658341202,2.726341164296702,-0.4876118622459312,1.6484893113613406,-1.1556307442621792,1.0029041452933432,1.8275792936127053,-0.6084116784990199,1.8138980656199744,0.6686922326820584,0.3035685152048223,1.092309135124839,0.8972540335746806,0.3934970517368286,1.3939775266296253,1.9434283266125916,0.9908965192553075,-1.7580309581618234,0.9716755117883995,1.606493628978106,-0.6362521113945996,1.4258928268668705,0.12306581155629562,-0.010438992513537942,1.039060341662697,0.45439938186979223,-0.14832423334079825,1.3907357020126299,0.5241611285632307,-1.4795064031914944,0.8453074425672658,0.15511123550011013,1.4183348816946382,0.7126005193224799,0.7048595311810392,2.0588290520779773,0.4129351900757309,2.5657291462650123,0.2442942688231678,0.41652584410407756,0.8049951642140523,-0.4306821330277892,-1.14593856245361,0.003413220173224917,0.7152060907531042,0.4061733395188034,1.389459369070474,1.6467956875008496,1.7343962541162874,0.4229242871515695,-1.67115780139915,-0.5562936992360504,0.5523875139638882,0.7367873218866732,1.4255018912768038,1
0.695421562620069,0.3041734384671758,-1.595966732855635,-0.6313544627236722,-1.2330300974861552,0.629482611439312,2.5730355575149026,-0.27859851866684027,1.5668347909888662,-0.7520699478924122,1.4553702056554365,1.9305749839404445,-0.1760214240117834,2.2594030827259557,0.8510768873810873,0.337541614103818,1.0096938200958765,0.6589291677413822,0.5099443542035561,1.496224998665944,1.6410628256585298,1.1896973010237855,-1.1771109771310415,0.8012167953879644,1.2846244067874888,-1.095139928999826,1.4690142906934278,0.3072550109515101,-0.0625446367178827,1.0837618170633878,0.38214181643707035,-0.20149842989199748,1.2361263581813637,0.5245050534969478,-1.5742370625406084,0.9208255237564373,0.2212458256795416,1.5753935066617204,0.8230743991884416,0.7642313237920072,1.8445121426713658,0.4833186817920034,2.6336905317127335,0.10510513141313547,0.44921364230798466,0.7285114443125096,-0.2539046766223345,-1.26307476033321,0.2031062972120749,0.7168818239796042,0.5845958067346356,1.492839396157042,1.7312568408652664,1.6307105496988228,0.5028057143982293,-1.4537818201124866,-0.5052537543599945,0.4877445679230525,0.6878535142878172,1.5594092746500985,1
-0.6612138160349625,0.935735654013345,-0.905095819771329,-0.5641557056367911,-1.6506455340726753,0.744078511861157,2.527977483108635,-0.806912364101922,1.0979731075300418,-0.9859754158739352,0.8465151134906079,1.8756712685726584,-0.2190141184357195,1.8014010448193252,0.8891866019281041,0.3900071461053818,1.269451809528676,1.0943375275229779,0.47609311587379877,1.4265526312585963,1.790907527613399,1.1802005250240972,-1.580887708598922,0.9177765809325276,1.314771272655863,-0.7320727491609305,1.4950562847594093,0.23185311322382743,0.024620965229317816,1.1220178508458678,0.49786928926044166,-0.13848054842120075,1.6800974505654318,0.32281515738504446,-1.246743070765643,0.7645136808544922,0.12967942169651897,1.5522293929992004,0.9523701160786762,0.7784957051958639,1.8689653094551322,0.3703645780436243,2.5670109189691694,0.0698284623033572,0.4359748466705236,0.5613935961473002,-0.4254022882699672,-1.1216642133030408,-0.1898515196303238,0.741809815263369,0.3899901691487138,1.4579885353329984,1.953613505701536,1.6412585751996651,0.4579891256424058,-1.5050966126824348,-0.4671687857302745,0.48243637672167194,0.7624473276908339,1.4685792988406758,1
0.9674523585062784,0.17882174744879814,-1.0915940031650622,-0.3381288060265505,-1.2897462662767527,0.4926720807310944,2.7058507881419844,-0.622584222909435,1.5180879094401583,-0.9017006897147912,1.6778270142285727,1.8346891253829207,-0.7251025552776642,1.7461650377003468,0.814663394353702,0.3241235955066838,0.7999968254732592,0.8848228044026749,0.5042437241113558,1.4303704174883585,1.4148504438840441,1.1750651912947496,-1.3934511953212343,1.2005824359759272,1.6576245469587378,-0.7964246442237727,1.5688139821242948,0.27137617524056956,0.0970731500853282,1.023606748425391,0.6923526048756435,-0.23600942177734527,1.3087463698491895,0.5258138326942646,-1.3680112084902363,1.0633101051049723,0.31023473808451496,1.5862507904826924,0.951173331878327,0.738273495298794,1.8338442300758975,0.45190589200776266,2.6088919636180203,0.1460598415156929,0.4744883425506396,0.6199882149429583,-0.452343817712189,-1.164089336491562,-0.0564494583951862,0.6530142238986104,0.3560105329653729,1.31342263915992,1.840466319484627,1.5798508288136202,0.4333500199427114,-1.5500007945261454,-0.550752928206164,0.5713538198126594,0.558448405127809,1.489418957809029,1
0.4036471594960114,0.7860695731350948,-0.822364400541396,0.20272091235722678,-0.8367322084033879,1.120972810251482,2.5906016659937343,-0.4608969857591469,1.3381281972315746,-1.2743668271836122,1.1819230254000592,1.7406716184749293,-0.736114755592596,2.2112172865376922,0.4945391771598621,0.4050580706570327,1.0968870459126643,1.217815376463964,0.39083771988462157,1.4298279825798785,1.6678969491613198,1.1078611651942376,-1.43494994670827,1.0132787713035865,1.3068146756222858,-0.6918901999405538,1.664981116283307,0.5585815701745853,0.07355804561590804,1.074506474223499,0.5308859755638523,-0.14686946460343947,1.604375712748874,0.5288270657157661,-1.4909778093405206,0.9085206459297172,0.21598104835392307,1.6620475364393927,0.5949708778713073,0.7697513709589093,1.9209288913479403,0.45032655211111844,2.8621497975407633,0.1471620982557273,0.5847031995301134,0.40618423193595854,-0.2871324585292211,-1.1529617176006144,0.020409230725107565,0.8880475948789477,0.40548431183515643,1.479827446083556,1.783712701370327,1.5878492923763299,0.33105847964988216,-1.8235270976644526,-0.4062122905488931,0.5219121890168622,0.8820375724959602,1.4218652454234046,1
0.4021760419441385,0.08719266748660134,-0.6850115796486737,-0.49158941544180307,-1.028629839978386,0.4204016119089959,3.1399172803855895,-0.7861425338640897,1.3624747030106514,-1.2723855381168814,1.1304203975471787,1.525317009023894,-0.6011253508409501,1.8808992510245754,0.9171438348151358,0.30459257075055546,0.7634692249259444,1.022793409367781,0.3567568493139715,1.2518836892536742,1.7456310176246477,1.3317238327577503,-1.5200072728158343,0.9799756363477937,1.386849721107057,-0.7467927252276512,1.418575972464765,0.05566067408229192,0.019295881577035143,1.266848167272841,0.6478611036021031,-0.06905637164820397,1.3838552836449927,0.5564295559735021,-1.6166927326954694,0.8975712678579243,0.32252122063022787,1.5841786295034335,0.6052816830293417,0.6930066308556093,1.846901519171806,0.6821937065880241,2.6109148053265385,0.17641691423840128,0.5301063424098621,0.6949463644166385,-0.4253531594034888,-1.173807547530725,-0.07524892760032957,0.6989645600552061,0.564066340613659,1.4601018583509706,1.648175742897392,1.8514923977389268,0.3923832430138147,-1.577169989193735,-0.5298367850939384,0.49084830518957445,0.7171928626103886,1.4473025975546587,1
-0.8204345302614652,0.7199010800266983,-0.8201148033042976,-0.0796955493463532,-1.5776526793145207,0.7376004050360447,2.193267162034683,-0.45175300847939326,1.4533306867610127,-1.3263765484965797,0.9698769027481322,1.6228077059101924,-0.9816922361778517,1.691594014040272,1.0227152268595165,0.3004857060145335,0.9985206638252745,1.0382687016779122,0.7543266297058195,1.3884303192420502,1.638558423513527,1.1218676495462707,-1.333508799944542,0.8628340964405018,1.647698792882051,-0.8179400328455976,1.585467298709392,0.17250426939112806,0.09676781727651049,1.333396879267101,0.47410279053808024,-0.19361940902278418,1.4403341042550435,0.5470758388265555,-1.2901964936515706,0.8431622627980272,0.07796222454430574,1.7193412959526018,0.5868861786137484,0.5232662285387675,1.8530226182362677,0.5361787296831668,2.6190363528137253,0.1594605079433931,0.481420537435058,0.45922276483084284,-0.43642617859188004,-1.3558314450350448,0.01213127547171227,0.8564643607725329,0.4594225740239951,1.5489580730805639,1.9035710519653994,1.7597795365609656,0.5154506867061471,-1.55383993067003,-0.4252000309105389,0.34778755646122006,0.6882601159824048,1.3788366512240915,1
-2.128939327958789,0.7428342922227875,-0.8773934178113203,0.04253989446298734,-1.257461597025105,0.9549432121710646,2.5440772593688483,-0.2986238166533869,1.9462789866072419,-0.6856112802251357,1.1133910903960718,1.6071065229642938,-0.28628717879138443,1.968234392645087,0.7993068691223545,0.6465454162021579,0.6361893175359443,1.1404764352614822,0.5542906126325466,1.241932920164209,1.5244461625728896,1.102316657932922,-1.629406066519232,1.2320590910066247,1.5805800877126703,-0.6695204144163747,1.4072549518457966,0.11221010251605626,-0.04814153341425098,0.9329350890166545,0.3945143224599673,-0.22798147362925017,1.3621077456064603,0.5514304865268277,-1.5216257682276408,1.048298933777787,0.2802219513974444,1.5742960673688104,0.7538252339477339,0.6980125780536578,1.9321268035077164,0.5240662697114982,2.588960102405299,0.20746871775397183,0.6124678251289475,0.5609646795779282,-0.4682124316159316,-1.1092760457613235,-0.047867764984460714,1.0795433913198473,0.46235121292734593,1.4323924630626488,1.688914884139916,1.486259513659138,0.5177877100959156,-1.645962484653112,-0.523560804461205,0.5465322515781977,0.7619187860611762,1.5875832943301889,4
0.9186040283122698,0.7193913974885577,-1.3811593848048087,-0.20112574464080454,-1.6875204790386351,0.609544954228069,2.2942680286450896,-0.8041106746821943,1.3711633185439744,-1.257645223413408,1.1701148542251545,1.6372300234625603,-0.8513633631908453,1.9309926400599218,0.3018056211416574,0.04486024561793056,1.0718633711201195,0.9894467230776739,0.4640359405504233,1.2810029490620178,1.7782471138856533,1.0661038090329957,-1.4708338001944459,1.0507226049864453,1.49140731155808,-0.8642653038877657,1.2520979255743532,0.3601147497814247,0.15029277885302483,0.8964760098178135,0.5544323033333458,-0.15373666412291181,1.5251076416078952,0.46348041823717234,-1.4226429988440095,0.7929859393796626,0.1541944254429964,1.7313311031875538,0.8013592791393463,0.6922690746999625,1.815958422031457,0.4539305366876828,2.5415128360685846,0.202513466740942,0.3346962340836934,0.7022714910241362,-0.28216288694344954,-1.418095344149435,-0.13109085223171463,0.9371940619722785,0.4913878210615246,1.5320328483879415,1.7437401584803622,1.6567040758290605,0.3212197316982246,-1.4882424267297905,-0.4438835158305374,0.5536115377179309,0.5433586511980788,1.5142076806815183,1
-2.36374980691932,0.8292551044112553,-1.2070318645610965,-0.0020939456209541074,-1.830236806564121,0.6694291013442515,2.467183544479796,-0.21631820340277202,2.1289082036150635,-1.1766669854388967,1.0689135926507798,1.6596759787513409,-0.4079306059754377,1.7445152543964815,0.9128079422723021,0.5001582558238568,1.0725918385329587,1.0581496591311224,0.09183015580897574,1.5123466065922515,1.82942922697578,0.9219643949061725,-1.549562705753328,0.9578617501074249,1.5236445344120273,-0.6180886527564365,1.3333164630458532,0.18424149966846315,-0.12385617840547469,0.8708069707454484,0.47502820209999,-0.10651056539592459,1.1136825489291309,0.5872358774302728,-1.4192093424788113,0.9359080334358709,0.38546541071062507,1.574952684773309,0.6296153593933561,0.5900782598574603,1.7544673114043798,0.5480434864033121,2.7184863609855507,0.09588612069305381,0.4814080410680941,0.5216390144959072,-0.3094775984477536,-1.32093700496716,-0.028513598932909928,0.716430344073925,0.47059032193225037,1.4596187423203202,1.7956451286401764,1.7436522567281905,0.5396975766762591,-1.6263298413646041,-0.5039760405289426,0.5430793178101252,0.549132442455022,1.4930611770420508,4
-0.6041978791797994,0.2320034408917282,-0.24681402854828244,-0.4623378350088378,-0.880393968578945,0.25182974881329795,2.524401998289202,-0.1454850793145011,1.4412164976316852,-1.3528446771716476,1.0472295855268359,1.5393994769110868,-0.7236528993007708,2.055413807346052,0.547420662746361,0.253145315899509,1.0897651320462833,1.2317931768564285,0.5113890602414006,1.4874682938872616,1.5709046127322606,1.1755079394005554,-1.4206862266302918,1.048341018972392,1.5957314665238573,-0.8187487710818284,1.3474680567285107,0.19484365782115315,-6.040792035720555e-06,1.1179281468764113,0.5925311947545573,-0.3328391818211208,1.304442624089062,0.46762201205443665,-1.3551749855618744,0.8469569222639932,0.23837804787088393,1.5916746856527533,0.8275724135094407,0.6655195243205141,1.7703109324869724,0.5337527065007345,2.3911946645598685,0.012920621211344019,0.655676688315236,0.6129281596075794,-0.4552519879530975,-1.0398094453393212,0.09989801188967182,0.7319710511324514,0.4479406757242317,1.4514627515832843,1.8403520284942199,1.585210167080036,0.4141378234423809,-1.728934234942934,-0.607927700555174,0.5622904518565511,0.6395108554534115,1.514494769588027,1
-1.3036652737891419,-0.6513502403547193,0.21339188214421778,0.7233786550699324,-0.7510576708893982,0.9448349301329404,2.9334388997722565,-0.1950750963940917,1.562053365654061,-0.9480624702442423,0.8891110964121829,1.393569775542855,-0.8709469009258122,1.887279763267356,0.9086486760909791,0.5173322025113682,0.9393230637041825,0.8005919579546121,0.3193952876151722,1.2017432261332217,1.5418161896909215,1.280240123495898,-1.4356547348348725,1.0463940339742597,1.3547624835804442,-0.6144326474876964,1.4897780483461656,0.27016508701507075,-0.10050641451999606,1.1926973614806111,0.5422504295224536,-0.18469407827713943,1.579528363368257,0.28068115342735883,-1.5224789448740808,0.8965554372442812,0.33263917659000636,1.4174895854859286,0.7593244151829057,0.6214996206426996,1.9139254958167369,0.5609581003931965,2.641023874319077,0.17402408341478723,0.5480000919524634,0.7849878026202634,-0.391476318279924,-1.4612753362302042,0.1053920063021308,0.7743189978007646,0.4767297667386364,1.4610705417475818,1.6885049428626353,1.6222321369581982,0.601773522798786,-1.66479535527601,-0.39537382388166975,0.5969953338185336,0.7534047414117971,1.5428622040615032,1
-1.2935747850374946,0.5835906707423788,-0.37834116762643855,-0.949203101705264,-1.610966111829742,0.9776788040611162,2.4350863720855096,0.054976453755763766,1.4134812757002715,-0.9660085007470667,0.5845364919330024,1.5483296878655894,-0.2845353296591771,2.096592953860829,0.7788342240265768,0.3364030337202296,1.1502248884602622,0.7078892153229199,0.3656935197757842,1.7369028495312175,1.6642229726667048,1.0789392117211374,-1.4339017523844835,1.0042416734428263,1.5190126540874647,-0.766642741999367,1.3778996916655708,0.3121704200938308,0.17052171229232949,1.106554704225019,0.6457536401907763,-0.3563091103413728,1.3325630256924432,0.44939359275238777,-1.4418832759677989,0.9710770446573892,0.23703865591242732,1.4701968144071127,0.6921635347477402,0.7855624031528036,1.8870757747298836,0.6365734339988396,2.776221193639007,0.2995259479938549,0.42808997109194846,0.6009752257599208,-0.4398694215797834,-1.2568969752290482,0.018465641222130486,0.7109871735577807,0.5279481754671036,1.4221736554421622,1.9114741639616548,1.818581497983396,0.49311112453287637,-1.5665330737678957,-0.47662047311815153,0.4976557862010803,0.6178754957969804,1.404884653014922,4
-0.3097615314925622,-0.19466931819393857,-0.251011521508044,-0.8170787780200668,-1.3666019535454872,0.8912542914814382,2.4624620227918994,-0.62547735975157,1.170381144461923,-1.3073838111981326,1.0700374876581515,1.624651320209966,-0.27367927776135226,2.2543692996768554,0.764644352789205,0.7752056383147596,0.6562927423034415,0.9221539625451779,0.5447478882366726,1.242289202040779,1.5546543617338955,1.0620453781315529,-1.2098814052252245,1.0478041504151587,1.4924148654172538,-1.0662416848872225,1.4728020301434883,0.11092361349504809,-0.047493669096327906,0.7978981064905644,0.6720648157715658,0.015296825080696713,1.3922055303073504,0.29889830118278643,-1.1779299900936313,0.8328129655867499,0.21775991234464798,1.7080540995658087,0.7094833846279124,0.6401624466942318,1.8287349441905725,0.7836150711267884,2.756863230433055,0.1681679965036845,0.4911300790651738,0.6755782095115357,-0.3640288550727545,-1.1785551775721388,-0.024133270312602057,0.7241085171812293,0.5016026875981446,1.3803262921406412,1.685317309876206,1.641678600211817,0.5275362226147426,-1.6165091300112433,-0.6311120241268429,0.35113642337750095,0.8731619071395409,1.4934468644647956,1
-0.33870076807423133,0.6878023454887048,-0.6036209026987114,-0.1798014919723949,-0.8842915698372622,1.0624733765945074,2.419744633319663,-0.9465709088536238,1.6623310056857867,-0.901203133911608,1.181372703188889,1.7604448951400873,-0.6091755240870427,1.9002838178955785,0.6114143154374223,0.16092847628336138,0.8957283419465525,0.8099321613601893,0.412993131289929,1.1443431156315058,1.480664790901123,0.9754155129657279,-1.6477045910975732,1.1541401836364844,1.3005475964050375,-0.6467949893735326,1.651017269794905,0.2985574119343212,0.27438842097634053,0.8077507138663533,0.7086792982462102,0.09458170161578311,1.4805426883414012,0.30134165584998107,-1.526857819700231,1.0235611869185466,0.2833866048746477,1.4083995015827504,0.8152328364474521,0.7182740913732697,1.8655551014068041,0.5458744215334109,2.7032421535804616,0.37689637886463256,0.37105630878155504,0.5545287084570487,-0.32206466290579616,-1.363358132143651,0.09824725026628728,0.7698545566424302,0.4944755635400404,1.4055900518248323,1.7986428353047115,1.5223744422722645,0.5382841968564862,-1.4774257470863739,-0.5624616210500613,0.49343929789547775,0.8020870561515561,1.4863384013278218,1
-1.1971167187353893,1.4362009177542738,-0.6292519727259861,-0.3592421875096781,-1.4719146165126342,-0.03618886491049267,1.9942134431650242,-0.5643262218268417,1.407688646253872,-0.816672269638563,1.511915147074193,1.7481328437112515,-0.6412824902393555,2.019766764435673,1.065758038853951,0.33172932948507483,1.040177734158052,1.0765533498720514,0.18037521223490527,1.5115872921764766,1.7173016996622414,1.0509071862893995,-1.669353581772776,0.9895857090947058,1.5235115142821498,-0.832387545481309,1.5519178890423797,0.28331328451590454,-0.2634345958369312,1.0577206807246684,0.6986168675452902,-0.09876891299493676,1.239921632547862,0.41227087313790844,-1.4672311642470144,0.8567672868993121,0.3287319900195426,1.5557554028875085,0.7234150228876715,0.8494742269615017,1.6417630550734206,0.6228263867514893,2.614214388476696,0.18418031888599393,0.6805456855171774,0.5634212081462492,-0.28595124328610605,-1.4070216784239913,-0.07295015114183541,0.6875271370905595,0.5304828644214409,1.3442476784444186,1.8328031991865472,1.4595360936714203,0.47726254495567527,-1.505351991905638,-0.5519849462285071,0.5217174078959669,0.5631677113913579,1.327876678256298,1
-0.006421233923425307,-0.4387394357681575,0.29080487196596194,0.0990595000470762,-1.0794056617101209,0.7211108151796224,2.3487161805770755,-0.3499548471541512,1.2685792968693868,-1.0010289443233555,0.8914945083520466,1.1222623814596073,-0.3436820741052308,1.7979002266902486,0.9196575309163086,0.0926917090402849,1.0564191461118264,0.42545555683090164,0.6400569038698181,1.1680714722409864,1.7686147535960455,1.094661676156335,-1.4385581384654744,0.8899327818903738,1.297325505557316,-0.9185707751831154,1.6604681137373927,0.082878442805675,0.001683667834378469,1.2006917567377229,0.49474852930532653,-0.33093557288182707,1.4614193163999616,0.5118767402918186,-1.5000638561100341,0.9098499721942234,0.39365810912340393,1.7583186602156247,0.5946180046464707,0.631634653290141,1.8206677511160458,0.5719627675876569,2.6255255999395306,0.12651192431507993,0.5406170128107145,0.6990018289537748,-0.43296573303248304,-1.2662777150177384,-0.09991418993754948,0.6777224115981113,0.5626289566930591,1.6442330490068486,1.932685365187542,1.7972140346712495,0.4765631547797085,-1.4367750944223305,-0.3204287407146492,0.5207791617635315,0.7138753667955064,1.5773616072888361,1
-0.5898967350238846,0.31626153961386594,-1.2370065926403941,-0.5728297292264659,-1.2951953057662942,0.5392446398628159,2.6276437237243395,-1.099478173406228,1.5545985328294476,-1.4742416664661435,0.9309082307088892,1.625200654687078,-0.2972289347943068,1.7221296925053249,0.8016827779394224,0.20424456801106378,1.1711022914141735,1.2604624101813433,0.6811223053083968,1.554168562052097,1.5347650573547396,1.04284435492052,-1.405281749488937,1.1377239306636282,1.4796562642469189,-0.8072347867391384,1.543293752231699,0.11224910909368235,0.06728622712832853,1.1572853542130652,0.7242091545906896,-0.19077567118464012,1.682572377040251,0.6890320767666417,-1.386720659689497,0.92848309509968,0.2989240244024874,1.418488233484986,0.9448014100241766,0.7915179948832844,1.7908759073120404,0.5371984999260551,2.6143598316015004,0.14814412658300513,0.3706401297342976,0.5324498473553071,-0.3663223610118016,-1.2770916837877855,0.046892145413174616,0.6196960486237446,0.4152719262086464,1.0807113088178029,1.7536928150467943,1.665649528041128,0.4961899945873551,-1.6976054831154288,-0.4636611281527411,0.4999647728679642,0.8851360826220421,1.4884324963933975,1
-1.8321309841438451,0.3771689302518566,-0.2587379788039989,-0.2964599162109409,-1.930181180772316,1.1111511521518702,2.4201195221023184,-0.6766434620748468,1.1855321155981775,-1.1841895909586262,0.8372325230131765,1.8544686714234795,-0.3383195830772457,2.102457309509203,1.0081669218507794,0.9228700968078476,1.2868079155043812,0.9219222278519921,0.4560996991601664,1.393084489499289,1.8273409190041952,1.0125596674383133,-1.108360784467294,1.2365782950831237,1.4280667051055176,-1.041756223834575,1.6616781624117123,0.2998639028688358,0.02421030925073971,1.0725314444925056,0.7317266976583515,0.08195610562914757,1.2440299534800752,0.31599485342143163,-1.328139477566881,0.7931227601439189,0.427747906122721,1.6545797147392374,0.7781251806012507,0.8271472930159689,1.7902624816663772,0.24048155387151182,2.5824379713568533,0.24037188060918346,0.4540710503260559,0.5740814693936808,-0.2217131269166122,-1.0770576779160281,0.059988462242103274,0.7011372727850315,0.5085440861292628,1.4125310512249454,1.8846986485112807,1.6789067719156412,0.5117712742912424,-1.7922900368307724,-0.520394650552026,0.33307242182359803,0.7909064000499412,1.4095819050618463,1
-1.129939325577683,0.20356385561442691,-1.506556171206342,-0.4678516273371935,-0.9609624435979086,0.5865059838058946,2.6971341070912276,-0.7104714560520283,1.5756871637418186,-0.893928501246497,1.1352787041046142,1.8726141285789146,-0.3785610600940371,1.7721886257002093,0.6545372754055149,-0.04371098861131534,1.3170539997807749,1.0792952171942254,0.5623235722894062,1.4757533920040042,1.5901182471390718,0.9118811257591682,-1.4887508083667327,0.9682473072477484,1.651369447774945,-0.8394509788615722,1.589583358487368,0.32879685580298523,0.0675471369504347,1.058774132305134,0.528783357764874,-0.19506804493466118,1.4974432488944671,0.4972125371893461,-1.5427127817023656,1.004500020499345,0.2898825658626897,1.5476463919611363,0.7833051392692384,0.7023851970986058,1.825395555453364,0.26688168167521376,2.7766964376809877,0.04319093087856851,0.4453489063257795,0.6645530502133978,-0.39545727837114686,-1.197754229585655,-0.18029367318721454,0.7990294799755625,0.45256262067316766,1.538270324006114,1.840524963389028,1.7188094051205403,0.46387853874124996,-1.5581323354019905,-0.550128502425012,0.5013410816342698,0.7472046473763484,1.4589488173857592,1
2.0144413458045856,-0.5646480184195879,-0.9556515107689487,-0.6119883145142238,-1.5006559253809086,0.9042332840642988,2.546012428448608,-0.8695271817017161,1.2710116200746147,-1.0899660174225634,0.9681280545382297,1.9465620288270813,-0.6954398403742383,1.4328349669960871,0.6717612728425209,0.2807822916835897,1.203334931503051,1.1655927116608926,0.5523453414606501,1.2345313749296165,1.149515011559004,1.122094472064835,-1.6004379128249675,0.9742566405182909,1.4500902081309175,-0.8165638530563217,1.3417769467003184,0.1200850012604282,-0.052396233962900524,0.9815932362370039,0.5932803208735,-0.3088752039493164,1.4643578767235743,0.5613297730627549,-1.3843746287667957,0.879789373925153,0.26658977107586984,1.5925026912196567,0.8405635971936387,0.6462290570840193,1.9772602431514064,0.42936873861483216,2.938507238383302,0.06333445940611612,0.5335895378739893,0.5842491162501797,-0.23368305641230774,-1.3436563094184055,0.03031227294895788,0.8624030430306896,0.36101373164538203,1.5091600950297406,1.682008594963073,1.754322961815199,0.42705535099268466,-1.6990546375547746,-0.4700415456761069,0.5027099438056158,0.6882523614443079,1.4210345519174237,1
-0.052948198035414284,1.817299285070889,-1.1987672879894749,-0.5629192321644051,-1.2829415308864014,0.389964344786904,2.427661665329585,-1.1301176053017405,1.9193723575040913,-1.523311751200872,1.3724558163162193,1.7090004216383563,-0.5305804113082121,1.9803140363523897,0.7500982534211965,0.5681930718803678,0.9611167087343728,0.7957861610916954,0.3242936714948548,1.6324077673754303,1.5466946459650472,1.0951565381832045,-1.6610083692583053,0.9389248001760451,1.4370915438972993,-0.685483357340382,1.65164919264153,0.32104448404175834,-0.17000398165372296,1.0732250452803955,0.360316053360871,-0.2757739365861593,1.4878474765593335,0.517351505212219,-1.2542944494970445,0.9215151973923695,0.2663072353349919,1.3213044885897585,0.7870436786546495,0.8193822235750756,1.9057872384078598,0.5831694341188617,2.629508932531842,0.19674246603740514,0.5337326839434164,0.7173700845021764,-0.4433896753436397,-1.2139388109320148,0.09045193417898663,0.6819084422062347,0.42620703833948675,1.3470929750767588,1.6086746479406475,1.62196711578424,0.3696827832701369,-1.5768556976355164,-0.5653409723394961,0.6678608039102228,0.7716596325654018,1.4876714031322076,1
-0.07612307444741939,0.044578036169403035,-0.9156904416978305,-0.27355257152802726,-1.3887010917244516,0.4543984097553443,2.7242128122827056,-0.66606592000297,1.8410605295646147,-0.8714669335088723,1.3534304133934685,1.1458930070509665,-0.47894529867921487,2.4557735908457143,0.8080011612304663,0.6797332019219738,0.711969286277916,1.1480270948703781,0.30669844726803497,1.4579238058384636,1.4431206237920418,1.0670203406098817,-1.491250350793621,0.842188322449907,1.2699060238833735,-0.7631121174131863,1.4805227022648995,0.45963639156626934,0.1778268351515757,1.1713588104966823,0.39999002459374156,0.04351721215467755,1.357957322786946,0.5329943198242277,-1.4581889340836687,0.8375291283632516,0.17186070539411225,1.564332664646542,0.9413519891876997,0.7114397594811728,1.9028887656502544,0.7573125519263274,2.642024366657095,0.22077854218260845,0.5507620641717987,0.560866694610175,-0.36062094240922854,-1.2335104542122703,0.2171224415607798,0.7997797641607142,0.23355426716077904,1.474872947811849,1.798424806308055,1.5867180928571274,0.34487635897748303,-1.7399208855355044,-0.5177760001848283,0.5431934532224566,0.4530095794860777,1.476870704160764,1
-1.8720387959952174,0.521067811852025,-1.5669786033708295,-0.5728609858192301,-1.3760323826669132,0.8712173537310706,2.390040174974104,-0.4412921477731618,1.6340186569177484,-1.0292166232354165,1.1397231068358111,1.870935478189354,-0.4339664348379576,1.3264671034021909,0.7415862182703014,0.21899435878854995,1.043743542190115,0.9427561067440279,0.43648909545716047,1.4086798824060256,1.9082586001906463,0.7995254507732974,-1.4208091426638743,1.2448817197998423,1.140532015936928,-0.8621753547904691,1.687953826200394,0.011142797103717045,0.18918922389821202,1.0437298797704417,0.47631777992669827,-0.03696890233942349,1.4107988240453964,0.5578071964565894,-1.3202583965966508,0.7094712564012967,0.15540233868002612,1.5438280084474971,0.7261202243509652,0.4845054539379879,1.8617207577828179,0.41223005809224,2.6287290472276457,0.22157413433028894,0.5163179218137103,0.6332359942393397,-0.2767053144681245,-1.1302934507080087,-0.0720132768381387,0.7305078482395515,0.5065700263819226,1.4475037431632372,1.8143694830541754,1.622510985740526,0.4344496683005959,-1.495640194846148,-0.47365354280341204,0.48475490819343325,0.588280860318697,1.4264364079655543,4
0.4952978889571582,-0.6657974806029614,-0.836190758506073,-0.08495128760273446,-0.41704576328298126,0.5999326970045011,2.9086268586942765,-0.30100251547243306,1.769945764810032,-0.884750170816571,1.5092444040764463,1.8853423293473415,-0.2890093873729391,1.9227117774253621,0.7608766111490962,0.45338928501724324,1.2326783883843977,1.135676262563082,0.3061598007761869,1.272843868890944,1.6969246856353815,0.7179622630533703,-1.404838039643091,1.1073773908606015,1.1667701455956192,-0.8592566613231564,1.5048276120724242,0.16530465981494225,0.22347801836760933,1.13276816188712,0.4625186014273704,-0.13568340565400497,1.1947074721962823,0.5728052654184138,-1.3178356810740646,0.793392610522343,0.31195699723998804,1.6749931968611305,0.7071529821647273,0.6604080549303354,1.8680165157930018,0.6875471064864425,2.395347502344955,0.11668117431277579,0.19192587839668135,0.8268621836275626,-0.38465504967616526,-1.1230459099547776,0.1356932721347776,0.831991596575385,0.636206536216412,1.5021866637575612,1.7675871080234717,1.8345207261969227,0.6159526843231429,-1.7875063286754453,-0.40349583487678525,0.6192136154459458,0.8216090553010698,1.3974363035093726,1
0.24342677484832054,0.9603356700000869,-0.1959686968069826,-0.3310204733371224,-1.5569199383378787,0.1246538053918107,1.6879287921734165,-0.7119545832609492,1.7665189989196537,-0.8439358760223284,1.1315169266696894,1.6557141592485884,-0.11942632024612232,1.5695565743182986,0.45417865096485593,0.4219044909769998,1.1656236457969928,1.0060153345579257,0.37428316770355186,1.3478508203646997,1.3674964865992296,0.9972958344714663,-1.553738030715532,1.1664482222068675,1.2551994880291062,-0.5199846994711818,1.539672745626385,0.02437461339944602,-0.13330883272028804,1.4171988984632087,0.7396980218235256,-0.2947164962336529,1.5172826556474348,0.39685107355515,-1.2267616629475635,0.7970967350065485,0.28561534252495246,1.7869278449619843,0.8922967747443648,0.7474626372768355,1.7733621161114812,0.6688444783931802,2.640136764833351,-0.01417880175515987,0.32224842835779016,0.7481999564098982,-0.5226747300208434,-1.3289884765482822,0.052118444430174576,0.7888449590736685,0.4035016347621715,1.5848042060291003,1.7697436562054127,1.6924701293798348,0.4790072731704955,-1.6026463094803416,-0.44991882729656585,0.46996977722692235,0.9121091157540848,1.4847250968736998,1
-1.2449321217565408,1.0765706704879683,-0.8530581752581148,-0.3099908567479728,-0.9092236281341495,1.0519872961701378,2.295084629780671,-0.7053530130567683,1.6496135741244518,-1.4352579583866834,0.8888992873272019,1.6338956887002587,-0.6702782269608113,1.7208799761823395,0.7951743591359881,0.3307761041412208,1.2827662380258087,0.9373225197063245,0.2828082934510546,1.7218405534885013,1.5955236860431137,0.8199638038586117,-1.523763360447523,0.8700475214308195,1.2340514460622323,-0.615435290807003,1.593068270828527,0.22840310234256828,-0.11657531236966862,0.9167235199919047,0.5126771391106125,-0.2742564653998631,1.4331733077676472,0.5668588180570855,-1.4678534281532205,0.8489618990308588,0.39941243036309954,1.6149778842723739,0.7782339900309295,0.8932671656890744,1.6617314267153158,0.6591429628638737,2.5505411036951884,0.2554364035225909,0.5625253151886647,0.548244275594657,-0.48212650867024964,-0.9967250976424569,0.01748470245267092,0.5474228807143027,0.4114152255639942,1.3980726165437551,1.921135888554709,1.719844218970274,0.50203283967836,-1.6419190899216145,-0.46405379845738814,0.4402469735624203,0.7194765551021673,1.4879667503327196,4
-0.35020404339767475,0.5546550783136741,-0.7498519296755572,-0.9323342491316156,-0.7787911882901841,0.39441475236013873,2.106898270353857,-0.38454743381969003,1.4327273694091751,-0.9809275951285649,1.2488473159806186,1.5885341554353762,-0.27854829821249993,1.6701970149996972,0.6714210778152411,0.19904921834762512,1.1342229476627061,0.888835300865618,0.4282265814816615,1.2191778912954763,1.6821964529897842,0.938257244995971,-1.3378645941205696,0.8640991744537041,1.6226257440671006,-0.7021419007858742,1.6956439708969138,0.25430188643411245,0.05397645956675379,1.1696027833325089,0.7098406263131087,-0.012875049059540011,1.4137587690264393,0.5145191711672281,-1.4446769389593608,0.8744865711656102,0.26761767611947995,1.5815772081267678,0.7351796739960169,0.6798408976194598,1.8710957308665959,0.4075047310606353,2.795150969705925,0.23361375708697618,0.5318218062097558,0.5255073916473227,-0.43948513716779514,-1.1513101395637286,-0.003181565230156843,0.5739850999302379,0.26331316041116754,1.526370011718119,1.7367469378737204,1.6760775307871905,0.3549629215254104,-1.8287675262990521,-0.5704141438482124,0.6331365291516797,0.8939960081971472,1.4733878125920246,1
0.6094162238929792,0.16060488656420502,-0.5523688636726269,-0.6579677380392119,-1.1192743900604636,0.9645833820974006,2.8100136579525614,-0.8800361440018032,2.290659562177407,-0.8438473499834993,1.6077228508922647,1.6555316110359308,-0.6582142749508334,2.0596014055645093,0.611629878947448,0.6564278403417045,1.3484274126151339,1.4835089330246116,0.6774856325434525,1.3281127275325204,1.4016325665407001,1.071199676631135,-1.263878908412451,1.2787938047524001,1.4201367376247795,-0.9392736655472561,1.4811924718902656,0.1793218291438734,-0.09935989809720044,1.0192897340538274,0.4381186612700261,-0.16225951522400284,1.5945279911550259,0.4882203929518064,-1.4601558163228832,1.0042825737141727,0.25463239871356985,1.6163920374314509,0.48269735511006123,0.6996063051246444,1.7693183155780987,0.7311376214971175,2.7389294959039794,0.19864558953619238,0.5430448161776034,0.5345078324206768,-0.43680479271535666,-1.1359278236595025,0.04554932883277587,0.9944183353440589,0.43465660843459497,1.477974340643504,1.8283744483240307,1.6734026112303848,0.4050576729376333,-1.5113124197671104,-0.45806371384922273,0.609127825076656,0.7202379481816381,1.4901641278756916,1
-0.6766984437779755,-0.28957915001883977,-0.977711763041213,-0.4696801049809742,-1.2289565811611358,1.0622995724147368,2.07122642746822,-0.6479433009759061,1.493124953506134,-0.9730868721290099,0.9829469093950376,1.7832201939682373,-0.49815694214905143,1.8186787189112426,1.0332196105199154,0.3884545112510613,1.319208605381207,0.9382687954210678,0.5021579345471849,1.6410868363337108,1.7438724819015157,1.2072443888008528,-1.4734366165330042,0.8992817115921862,1.5047973957146275,-0.882150149449656,1.3530435394244904,0.25702366361864804,0.18847285699352317,0.9707151408160045,0.48918210946249313,-0.36782076248514195,1.4647999229024915,0.6266560117753646,-1.3805417950461263,0.878669841225145,0.49081693500736473,1.725084206805637,0.60806797438877,0.8272000984967801,2.0292903077110664,0.6015183619656477,2.469586749284305,0.05551608003065833,0.6012000096022029,0.5956831454799449,-0.3793729545029095,-1.0928426385346603,-0.07680947287414734,0.6503016649469213,0.657120187860923,1.5183333682403566,1.801485418411858,1.6356815404680949,0.5121961133425289,-1.6772481340200116,-0.3812543653060558,0.5019657387060975,0.5005677483332744,1.6749930914821953,4
-0.5426313004269869,0.6198891602006504,-0.9998936301679697,-0.2550730337070804,-1.3808495627304498,0.7063060702365784,2.2963359602984332,-0.3447390298570275,1.5241396636269113,-1.0597116988089055,1.4878018634791887,1.7100879845706018,-0.18397110431425506,2.0452248354371916,0.7372824953833327,0.24628509102005702,1.2053442806561299,0.9240671728230585,0.4880531730813313,1.5478063224416423,1.615028972575137,0.8630633201652371,-1.5846430563237754,1.179784929509137,1.4035277256875967,-0.6463765137516362,1.4735096109427284,0.20235917946231602,-0.019805419108434252,0.9996373500967526,0.4135700756349159,-0.26951883527733367,1.4063411742729328,0.2668597151250467,-1.4354889491046832,0.9711172549993932,0.21860611840401456,1.3926280054869196,0.7894560523548116,0.521986282710612,1.7769679546807824,0.48748130696209657,2.6643403178662624,0.11068960588237366,0.42185573136756216,0.7994541689577727,-0.2467611184176333,-1.1890952245295183,-0.019284032559286044,0.7328961220159317,0.4818474473375333,1.5370553277262151,1.7757098357342072,1.661523091238291,0.5492628850395483,-1.5126080390504615,-0.471311112118714,0.4773778026170119,0.7446869080796772,1.4760064154934818,4
-0.01508856903177902,-0.07747167487433188,-0.6708541850395788,-0.5487545551631834,-1.2208986717152188,0.9114498767577479,2.3362418516298704,-0.24107533493990269,1.538978533732764,-0.6261286417030637,1.2510747390254513,1.744036157597591,-0.4084595573794559,1.7176100259130744,0.732095156628554,0.28572828950357226,1.309165893372514,0.807973698787444,0.339513973682936,1.479003246689354,1.5991648627239714,1.0475637755067921,-1.3171024527001522,1.1353776828210562,1.5039383522175214,-0.8151919893764098,1.6768698033659348,0.13701792020050213,-0.10373977784132718,1.0056478206412858,0.7345170892865355,-0.0336690643780691,1.439789372152803,0.41163122390400453,-1.269305823317106,0.8657656242618159,0.32595292150957034,1.7527760686369869,0.9093618303003238,0.5978449161347209,1.8180161645004753,0.42847602801075785,2.496571575558301,0.2695484169761124,0.558328617443065,0.5567264782649863,-0.4025021600598179,-1.1996693560888263,0.10478659467147028,0.9434114535670635,0.36803694413336535,1.575273943464552,1.680377424911571,1.7532492344845974,0.4930306007842871,-1.8568495028439433,-0.4393310402726532,0.5454661044445416,0.5961890533589249,1.5079397007276492,4
1.6841889137289292,0.0357046543167254,-0.7877001958886752,-0.6830371360838916,-1.8951921851248181,0.3132992053030836,2.5391491527554577,-0.3728773300566772,1.0942437201728867,-1.2148486301404073,1.2290689512691935,1.213304248052976,-0.9501561012506452,1.8230514765692027,0.7833399596740535,0.4569016565260733,0.987894162858638,1.0797957069193007,0.6136551435946942,1.3815614796453706,1.7009682491931346,1.1916844544490957,-1.5121074249932256,1.2218996805725106,1.1861703551737186,-0.6246352044750629,1.553531129476389,0.25399005608382486,-0.016109315561974938,1.168964622827713,0.654700683848625,-0.07152981126090902,1.5051944709524157,0.6617605450906932,-1.5431690461301588,1.0969001666194387,0.29158882254838037,1.39903493377122,0.8210198115647598,0.7176443968955853,2.083573002188081,0.6605238332435267,2.723329370072917,0.3330611928459387,0.49014072777707185,0.740308623463647,-0.3771341113906782,-1.2019910238813776,-0.10328124463842536,0.7181937590271994,0.6338498276457393,1.5511975295794507,1.6886240462323059,1.8096936126866185,0.3593887806056215,-1.6310405326624895,-0.47843592353864595,0.4130344961216581,0.722965789248817,1.443183303605047,1
-0.9287701209258565,0.4564775610112376,-1.3498857249811678,-0.4553800964230899,-1.778728627627729,0.7816646432187818,2.5544509549884933,-0.4148418035901519,1.1970325415761012,-1.021682073930768,1.257081423943601,1.7561553794912061,-0.29210218304629454,1.4664413913209677,0.6636228518110504,0.2380284567258517,1.238632026246692,1.079998814197622,0.4477807103073572,1.5392317471227241,1.4162692496332483,1.2422913098132218,-1.3884091963639147,0.9299137957878585,1.1679581099634528,-1.0220956536845107,1.6440557594379794,0.32568326041342793,-0.13088330990722113,1.0023051135120797,0.369132641913928,-0.2981720769270252,1.179114613152427,0.42288573683846653,-1.2645354772694233,0.7806975710726524,0.41437017043279284,1.5101642226910479,0.8627818717210162,0.678822609839122,1.8058704549294868,0.5771931111335722,2.7439670553703537,0.44335607698128054,0.5254467185130568,0.5338402531320061,-0.48368067378606416,-1.2193162074309305,-0.09728489524325334,0.6887551087961744,0.5239763355668439,1.5815163338813445,1.8871276731525706,1.6209010687086287,0.5699818082513909,-1.6119368713957347,-0.651008117313481,0.5600868265807712,0.6414570870133015,1.4019326616517176,4
-1.977439955229981,0.6874013179876639,0.21065554849262946,-0.334940353023844,-1.3283577561320385,1.543230805515166,2.539276560628762,-0.9119198546051734,1.7445096677170127,-1.5104115894742831,1.1104920033630385,1.5444671156389287,-0.5581887138963939,1.4889320616811526,1.0591033254837026,0.6454472197560748,1.1894002082728843,0.9270267303292262,0.4352654257713478,1.349728472691016,1.7066063902128359,0.9533975578138084,-1.465478781401659,0.8364810466409676,1.1483446910138064,-1.0778785669472404,1.459796555184092,0.2860191592188766,0.1827392395345151,0.9875205322123859,0.5492407777904748,-0.1242759697907055,1.3023011706091772,0.5193446651304631,-1.1327006570217706,0.8579109388874455,0.2712771728295572,1.41252753106795,0.8401047018541459,0.5601864589538346,1.9807214284719463,0.6112141646627403,2.7626493227065287,0.22234177024039736,0.46015923528545444,0.8081682899960283,-0.5650826992509042,-1.2341547109894286,-0.0391178047493192,0.8207120630833205,0.48445254720504577,1.3783175832312007,1.705904986570239,1.5651442709612156,0.5507641695300515,-1.592658829009346,-0.41291784050050473,0.43731528160961625,0.5974375626301173,1.4762941744742302,4
-2.222639042653629,0.11310082756887774,-0.7377875077622691,-0.31160715943300554,-1.3171525617371285,0.4024801909790191,2.425216560070418,-0.5320469179354895,1.4981499208147042,-0.33734727456720714,1.0107181196858768,1.8719020856808588,-0.6013620151058119,2.4018907464970054,0.8452452043619606,0.20147067560852938,1.2020594370780655,0.7664369427048879,0.21147709635573048,1.3726781237904497,1.5978236399250958,1.0319333783853515,-1.3131776160214206,1.4332957997686862,1.0261209410251395,-0.9957615747567445,1.5778507737706533,0.30345044676776967,-0.012490836429055387,1.1825021589319007,0.7121927468873395,-0.37036998034929386,1.409737261332979,0.5153304977530881,-1.4927452287027898,0.6956410498433152,0.30977327392731824,1.5064261137601878,0.6749313405223363,0.7933882872202129,1.7774148408262018,0.5063240034991321,2.695805135479503,0.3343201291279328,0.40199088722416937,0.5233154679663568,-0.28562292196862377,-1.2897563380208468,0.042958087823830704,0.8246365867009726,0.5150097645304132,1.4815394646696298,1.7825471721800121,1.6116327351086175,0.41008528410792505,-1.5816261555932922,-0.5330546684348608,0.45321895471702456,0.7281708541951578,1.5047400044277277,4
-0.968902112245108,0.738706575835842,-0.7656803772970352,-0.34164795684280536,-0.8605162223028384,0.7267839800757455,1.7707338566368713,-0.43213409486451954,0.8294484525513625,-1.1166902982934948,1.0930509981020489,1.4592212275015952,-0.1638973964918064,2.138708807763556,0.6607924114458031,0.34055047004995886,1.0824451364115275,1.0909705191063173,0.6114553192431367,1.3377892335468036,1.573353924694037,1.06749772355656,-1.5219813022221609,0.9575129752273813,1.2626258645280461,-0.950920721328896,1.6361905162761006,0.2774117286497132,-0.3209188205771721,1.1060634125841908,0.5656088701332532,-0.22390005652715123,1.3124668845917538,0.5129907653323733,-1.0546310444337261,0.8601957783130114,0.429155326737572,1.3683777571721243,0.7779075200971919,0.6983600057818249,1.7036325574288602,0.4599187251786022,2.6020799715412823,0.35815240661148995,0.4767785228932777,0.46757667035537154,-0.34216586026916923,-1.0827767419589782,-0.11661398118161487,0.6959902553621012,0.4152790824388887,1.527889205325016,1.8745091436674504,1.7893894017157146,0.4047203228871052,-1.7708737308488005,-0.5877605297102736,0.5424365894842241,0.6576289027070151,1.549171258256475,4
-0.5525063915625954,0.2600606946016775,0.03367019498146351,0.27875968443175103,-0.4492066148694185,0.934742827731174,2.770241234971618,-0.6829576748921282,1.323392797594479,-0.8647952974151484,1.3777854401486935,1.618124706970475,-0.17735009527103718,1.7772857378897868,1.123774536730525,0.3279492423317909,1.3732722773514816,0.9504606673872394,0.3824647298763023,1.3895844920225164,1.4234102865697642,1.057407546318139,-1.3767900366593107,0.7649650732089903,1.4340993041572252,-0.7481855018479084,1.4744960696171545,0.06257746312487997,-0.043724101000720425,1.1656227912484258,0.5044263435210788,-0.16240136783866568,1.5951984912326682,0.519414010945298,-1.5195227150183188,0.8518356044877063,0.4553344140367155,1.250171887998774,0.830799881114928,0.4733022673745617,1.8254280776164762,0.6095256638060895,2.5768787058344276,0.12393891720400932,0.5137057868540668,0.6671952422325897,-0.5478887809662271,-1.182617530061361,0.044418321675966925,0.9062611458074804,0.48945113069395835,1.5697840984634523,1.8120727626252204,1.6643860758588918,0.2907287549303576,-1.7218073226244976,-0.5189430141633908,0.5133505574850837,0.619712915532775,1.5076761224340343,4
0.3195424755654418,0.03942883586387361,-1.219263220664951,-0.806351653244394,-0.6408755661945237,0.005653089852243998,1.9431487729921937,-0.5370045511366263,1.4810150594381735,-1.0159373275075143,1.3067728429457393,1.267407538197916,-0.2574833561890705,2.168698901571282,0.7896877291549154,0.1815963841682702,1.162116089903362,1.159492555153067,0.4607163153727761,1.361764926094832,1.6632671481564127,1.036773272170387,-1.4506481834717342,1.171903550639457,1.2326168966120412,-0.6179018314148366,1.1680157449672564,0.4299357701174212,0.030841487266045978,1.1503511841417162,0.5818153855750986,-0.1816957732280844,1.4541633545655555,0.600262361268538,-1.5331230914497627,0.6332526541841861,0.13818839976741099,1.531102406576009,0.8376962507784782,0.6537931670001815,1.839411388689572,0.32331594328571844,2.5886353711827352,0.19982644632034915,0.5683403187863466,0.7055206996144807,-0.3382520544290833,-1.0696726150529328,-0.15125962250772465,0.5649415151592145,0.4119864816567166,1.3484707075904458,1.8760727878162327,1.5394629832642819,0.49891325899720146,-1.5747331867954504,-0.4991279050025537,0.5245107631451154,0.7890182197144218,1.5708882827360702,1
0.5349407246813556,0.6640900917437504,-0.8354101641750533,-0.918777084237818,-0.7789714642751575,0.6197704977502403,2.2029814234105154,-0.9254652240537655,1.6176010008399873,-1.0797493664834692,1.183698179581802,1.5053386453473976,-0.6160670939970392,1.9743329125278675,0.46470945215175125,0.32417009023843235,1.0964213237015583,0.6953625481341126,0.6854452531487092,1.5701624578735196,1.4958118866453125,1.0027557740024449,-1.4136705569191887,1.1186592300492009,1.413505350288646,-0.835327133781798,1.6287948992297958,0.13724193368570647,0.08206882867323359,1.2458945023901522,0.6294570430745217,-0.32996557581447217,1.366811684813175,0.44222031054032945,-1.2303497706877964,0.7454649536650392,0.21705560771257315,1.57758745898598,0.7851387676695791,0.6477017887741007,1.8361631869347586,0.7477449061976804,2.4894611692561384,0.18103421155385158,0.5181644002326741,0.5110611254904306,-0.3045665745499598,-1.3119422868100785,0.06746723419353788,0.7638380675320894,0.600030626535122,1.3918572475641877,1.642622615272939,1.7537125219738574,0.36767944483495785,-1.566517554390967,-0.3595185755953567,0.41627496925103247,0.695918479808937,1.4782373551258983,1
-1.910494779201399,0.12259738382798409,-0.17657870481532778,-0.7522404059804316,-0.44972724455777435,0.4413801395763918,2.1510771921128065,-0.5328844953837341,1.1700819935986764,-1.1401400333452183,0.9959128226635235,1.8514432919382076,-0.3689031646260098,1.9007499198213855,0.6026958093762165,0.2686602258738171,0.7223215047083945,1.1333440678823996,0.6290601777064728,1.304803458633956,1.6264386075574644,0.9568437430001598,-1.16862122001162,0.9998210903166368,1.2532326683264925,-1.0291685571566271,1.673356920253906,0.05188351194551585,0.16953405953639256,1.1991301958213263,0.6491017472599593,-0.3205700571720368,1.2303545721682965,0.4509900888270218,-1.3895857895993762,0.9129830246248378,0.17553934702503118,1.4487339623432338,0.5921195224492358,0.5722043439916362,1.7860123955727814,0.35207994780885643,2.6198272376198677,0.23413135218517636,0.48143408836294616,0.5911407350709363,-0.3612704318746778,-1.2618914521116449,0.14350896122968734,0.8065765094041544,0.5547305182602037,1.4810948847985468,1.9426502129475143,1.6795587469210895,0.4825556814597911,-1.697992354220226,-0.6406214351401617,0.6006150505319641,0.7242061108323452,1.4690721936953193,1
-1.6101557315013788,-0.34016203097479786,-0.009797624437567043,-0.6044760632012108,-1.7949770618605942,1.0611059155644886,2.8512033757628683,-0.7224987211437458,1.8481023108267458,-1.2532327516898942,0.9561791873826675,1.8866273150783468,-0.45257581075771486,1.5871201457435429,0.7856164496096063,0.04578626088336868,1.07285011799644,0.763901584002787,0.6115557054231648,1.3860916831719503,1.8355520780515047,1.1403584560412594,-1.6378872496914085,1.0935180243005294,1.5273525821520177,-0.8826379272306955,1.5030715133676729,0.03796008116946875,-0.08304074015233098,1.0148110116429512,0.4727278088989981,-0.4034206694322148,1.4811661241104848,0.23813518533634828,-1.360487955200013,0.9934660671053489,0.038047527769463435,1.5985407911076925,0.9039197305208819,0.765216163682847,2.0518700054259282,0.38702235069161484,2.643441933465486,0.1533891531961818,0.38147150189480733,0.6487545735049257,-0.33670467819800226,-1.233440216625346,-0.021675510214997834,0.731049051165052,0.4209937081295341,1.554163937604271,1.8425946088365341,1.6129954235389616,0.40786271280467834,-1.6653872538041825,-0.41870246567441033,0.4468620680783858,0.7497631935703806,1.4103642779101644,1
-0.021761116071816855,0.25357427278034944,-0.5086923688033395,0.3960542380979176,-1.1637809372082026,0.5492240706930082,2.398967213212585,-0.5569999064481679,1.471407246945223,-1.2336001963110763,1.2424053682508533,1.6547672151875734,-0.5202558713551786,1.8308887542810093,0.5656525120628488,-0.04507742852880414,0.6154356398903993,0.8535117461710777,0.6403321021333958,1.6209980084013689,1.4843084334703516,1.0516706796780344,-1.290618953775795,1.1225334865673458,1.6699362402030467,-1.0314755703493714,1.368546820151765,0.39398469902573374,0.0748626865329644,1.00548543687413,0.4960034651457299,-0.3198104170467594,1.295715163761875,0.27508585959188336,-1.42290557422637,0.8720735690472864,0.266987846999963,1.4697616594237988,0.8814623411970139,0.5952434530273017,1.9333124731957876,0.4473145868316383,2.540688727248636,0.03611234115450013,0.5171532642606749,0.5988996749338289,-0.3185419715442088,-1.392928510298556,-0.04035335236790286,0.8451657636490028,0.5187732669725859,1.5121715118751298,1.8294056313847509,1.6737827508597263,0.33229271011861083,-1.4278804112617793,-0.4555954841528335,0.5402952058620546,0.7398236118325199,1.5229943137784836,1
0.49898045178192163,0.8203655709086222,-1.016217979955538,-0.4584318597045412,-0.7086429886826286,0.6949849015949002,2.5295808861353573,-0.3983865568405228,1.4238887659893056,-1.0182566714220644,1.014138497917842,1.6867935628983035,-0.873766440539597,1.5447371942457246,0.8223898403579745,-0.005156621903689984,1.2425131560742813,1.0745049885461868,0.0613014327539278,1.5347034737406857,1.4075484207454358,0.9796541747705564,-1.2129453860017938,1.0009189815033783,1.4648759881633062,-0.8094010180772977,1.6124956940725867,0.2338328932124864,0.2390940048392505,1.1543969113214632,0.3018541365174661,-0.4136213012717179,1.5796128811487238,0.34771989023048866,-1.4701801270603863,0.7321144759672475,0.24217308354588712,1.6708329127496533,0.79355309527432,0.789138434796307,1.7121235405407937,0.5854022726431038,2.6406886971457526,0.12738680500022398,0.4154269808901073,0.7868242354496822,-0.3264800968688008,-1.1484898289873242,0.06965221363379914,0.8640324361286494,0.6423810599391883,1.467444679416656,1.9770799873836942,1.6368277340807487,0.4645184918104868,-1.6385669683513413,-0.5914969780536817,0.4587455810883609,0.5517794771634916,1.5309099345665944,1
-0.490186570724535,0.5574359352471334,-1.5473637401683926,-0.276533674980339,-1.0886535949961356,0.6410250713939416,2.2107727057415985,-0.24770111512974385,1.9358126651414316,-1.0660285861182255,1.2284225611884925,1.2933340746162263,-0.2698739038519886,2.0127807190825058,0.7424404758577947,0.042757962972979346,1.0277924172641086,1.0151101579735928,0.48721846867555896,1.4884479413608873,1.5223761356908418,1.0537832194956929,-1.4410000384994315,1.1278645671503822,1.474917065565934,-0.6524852488293951,1.6897126296416163,0.32202495670986375,-0.0006982679726285287,1.229428589824575,0.7961934122035741,0.1542456843958292,1.2275066827621086,0.7496223152676376,-1.3405680365333654,0.8530275926135401,0.36240229176759936,1.3934689847512742,0.7520860070198431,0.738075843829904,1.8671746322333964,0.6734715461114452,2.6284956801205426,0.15070945931665441,0.278765698071908,0.6038362836811945,-0.40048527055256405,-1.352005989819915,0.0057269047876815395,0.7142612587130319,0.4923959203308713,1.5284237866691663,1.7946591242587087,1.7094576532948904,0.5587795846364451,-1.692383642647132,-0.5145681287686324,0.3412422335169689,0.6486301024315675,1.5240033814974052,4
-0.3898736655753388,-0.6889635544238284,-0.3844519743189307,-0.38592361055741187,-1.6413515087982078,0.6685553009407601,2.1096794011873063,-0.6844403400509008,1.3340670858904546,-1.200338302099083,0.9041428809625832,1.6659671236672018,-0.38190096678843766,1.7323785933633644,0.4817216578472388,0.3047276471143986,1.0810709845196516,0.8332031578436988,0.36230839036748774,1.568314428015668,1.4941407109697293,1.1618211648536496,-1.4348472322381305,1.190238726332398,1.3951119863976766,-0.5826658369973001,1.5407766859490426,0.1588918019305972,0.1395988008187741,1.1294461211612474,0.666276998427026,0.17688573736728852,1.5354956060368363,0.5866671733646452,-1.3871135782518604,0.7350929232358381,0.49680003433996933,1.3536236976685414,0.7250236753887211,0.6688576179047341,1.9042983467342347,0.7142783722918109,2.509321297778674,0.05449575422049896,0.5236151824526826,0.49159147072395726,-0.48634027555824066,-1.1782599028102052,-0.056488825687362236,0.7306827801540773,0.46766507444461425,1.5495411646732107,1.7239393506765284,1.7260069500305728,0.6010845091899367,-1.7581454374090448,-0.4492334425848988,0.44759095441461894,0.7941694989943348,1.4695916694925368,1
-0.38480098219235137,-1.061587633473625,0.21647533414679965,-0.545507778598542,-0.5975813505682998,0.6416617928783479,2.5520047036612925,-0.9162307658124631,1.4207062085042352,-1.0737859006825232,0.7590040956860677,1.906342623169814,-0.32552356546910166,2.205119010233405,0.5120903730733071,0.5383294499159756,1.089771637290573,0.8274993819560734,0.6514606878870496,1.4021758513222906,1.5552584338821696,1.255505090783128,-1.4750191921059133,1.106252692211804,1.379117909373655,-0.7638161179763359,1.5904559309963497,0.33158221241983576,0.27521681583100255,1.196844822145228,0.7194340511572296,-0.1251065436837977,1.413339902031987,0.5597824241069848,-1.6524637305094814,0.7363825884271272,0.24555639232356716,1.388136118589652,0.707767253514916,0.7008618790028897,1.8293867196766112,0.4263418868673191,2.7309878352784773,0.01934798440190394,0.4405902546209235,0.6114093258795993,-0.38945399524442587,-1.2254300286708808,-0.03802058726885562,0.8165526001202015,0.2739156145791223,1.363362494378687,1.9585776861170274,1.7067321327457967,0.5549704492822692,-1.7895298138991416,-0.49890267455708487,0.4996541935576369,0.667616895482337,1.3856900037472046,1
0.8799154769167707,0.3303468471184963,-0.9629644923773155,0.2504207395330741,-1.421598920879973,0.4729364131483673,2.823774125836613,-1.0308139036814001,1.647463462239604,-1.0956922782845262,1.0754288828795031,1.8325639716985929,-0.5393468730306256,1.9480153238432205,0.8529893650073852,0.09608170092678403,0.8722295853794325,0.9084946433820931,0.3903843301102975,1.0490228846347955,1.5892674199358294,1.136108894429321,-1.4507139980984187,1.0926590586805816,1.674609070240653,-0.7627903110413176,1.674548001401679,0.06184667498309035,0.02351142210973211,1.00179979595909,0.3298420149576854,-0.41231412910952514,1.2460495713666622,0.46493111552850946,-1.3454767986619183,0.8856393123590268,0.2779231050598551,1.411520363107139,0.7763086102061849,0.6594081337996329,1.6334857161194687,0.46529139186728813,2.583216869933004,0.1617050322731174,0.7323984840890166,0.8593500886406951,-0.5385769617506021,-1.1923774172552881,0.1524104934746989,0.616808584051969,0.4523068811387439,1.5790843083438881,1.799046916985792,1.6815716579894968,0.510156633551851,-1.6295642767135308,-0.4296545793334133,0.47265521381785647,0.7172834229958801,1.2383416037937611,1
-0.8768271413492978,-0.2569878694043032,-0.7666452580546205,-0.4010271717545359,-0.46021443537195217,0.7147414072366167,2.432210942967175,-0.5735520713560884,1.9386704265357324,-0.6312135227112927,1.4933582873323212,1.6509490643765514,-0.43127307317157615,1.8798481606934707,1.2971633927144928,0.0841968615338384,1.2215665821105317,1.1635439861891639,0.34709551006238326,1.172381826209759,1.597211777560688,1.1940481428586642,-1.5835403678940074,1.046649195948571,1.40125709732719,-0.7879252947395462,1.3023619044743853,0.228759959422725,0.005156030044478926,1.2145785435852616,0.7135588688648324,-0.12195034728465809,1.376832202569588,0.4702681235058026,-1.4014777608685889,0.8789855762648776,0.2174706856882071,1.4391786674368041,0.7419573024284747,0.7560022847663679,1.7854733717049776,0.4949782332296698,2.5200016176933606,0.13784784204768066,0.3914169874463378,0.5867072066277488,-0.44955522440122253,-1.1902809861497519,0.09648765529011481,0.6943912372939354,0.5170106238017397,1.4538093275278123,1.8664660944624398,1.8198199038883187,0.3583862328589657,-1.7456485712077492,-0.531699999535765,0.4905455998525143,0.7760208925086713,1.3298227308099633,1
-0.28786453613027563,0.9581649250695357,-1.0919173374131352,-0.7402925890193517,-1.515603689743572,0.5445485171389199,2.371843037158749,-0.7619046910332506,1.7345053600217881,-0.8022764364228298,1.0330640439631085,1.767443995674266,-0.32145529621206415,1.6693455941000863,0.9221125479131976,-0.04721690225075015,1.0857851955761733,0.600120843880973,0.29919219568157407,1.3104848928375719,1.818641141257008,0.89036358261754,-1.417592382215341,1.0187155721760184,1.505360319808513,-0.7905933482182311,1.458009422039169,0.08569206666569154,0.058436960197545185,1.1227308380677414,0.5266737702592016,-0.19604617874461316,1.5973871517209222,0.40928151188912243,-1.4908017974060235,0.9551904204206979,0.10566033723182147,1.5314216106756524,0.9442944879759146,0.7167521385211283,1.631971941105958,0.6294627965228998,2.692478361186322,0.24832812042104227,0.36973693030742566,1.0004437195567375,-0.2851676270924824,-1.290274861851977,0.08067875865669462,0.7106180278685962,0.4744508582879901,1.4630945148277605,1.691555299606697,1.5882565611400354,0.612532542455392,-1.5115642488404493,-0.44348488617528614,0.4558238274914249,0.6011867948806442,1.6364789954088252,1
-1.623184342533566,-0.0068510225488220555,-0.9446755750646076,-0.24338034788281637,-1.0848779938103954,0.7366531555881543,2.6025269212513917,-0.5255649574587061,1.0842891748898547,-1.5962648680232836,1.1424457176217513,1.9411930565915316,-0.28110183951957474,1.7627919432648798,0.8276056018819563,0.28800043223852656,0.9956542429431512,0.768625454342154,0.6745936195979296,1.3670320897140005,1.5048837904735093,0.8996062324008348,-1.3860195948570728,0.90641485703312,1.5440582170217803,-0.9934891238725323,1.4479254768246137,0.17283240186922222,0.0751287259861253,1.0971966207391861,0.4819003763779923,-0.14182096033808025,1.2594675203665704,0.6518493117354351,-1.3506023691239017,0.7454005954188991,0.34529443047860675,1.8498998382691685,0.6904551200199976,0.7998602715868384,1.864207732120583,0.36933804762423245,2.5717729377146177,0.3018092195016159,0.5300035649388943,0.8104368132487679,-0.5781776787781026,-1.3690614947115234,-0.019258647998658687,0.7982656001421665,0.40146954287944764,1.5258688655293193,1.8697855207297802,1.5792039868771766,0.34763748914165077,-1.525111576572467,-0.41358589655050254,0.581429328595674,0.6889506214787526,1.5079192214428772,4
0.041386125712969624,-0.02779846426118629,-0.07740900833714104,-1.125388206089833,-0.6761534767010766,1.0788707040144379,2.6457871034273905,-0.7971796728569371,1.0480696234941687,-1.4475759831836732,1.1869721119934582,1.6435951754216303,-0.3788940687654721,1.7350837986406753,0.9219417033746803,0.019350969076473767,1.2611756611092346,0.9250348040256151,0.27400088760192093,1.0863575686146913,1.4881656593050836,1.1748101848932118,-1.3060613350349837,0.9742934244329056,1.4729478099074478,-1.0175765460723056,1.5034016389949074,0.1759262670008776,0.16221016472306363,1.0520034998764969,0.5762617549656197,-0.19596501247015946,1.3791841061496346,0.5534427530871948,-1.4883077282113222,1.03354249503296,0.4534782358276915,1.4878112131127477,0.7115240338060674,0.822274435108511,1.7930660957291218,0.4130792376916517,2.5950203522110753,0.21192330718520833,0.22557017684749436,0.40693743042906194,-0.5160954079049652,-1.2330339674648467,-0.13084603163641687,0.6697588583520433,0.49174454289070435,1.4079608584522945,1.7005281654683313,1.5809417923860498,0.6510206858925128,-1.6045304204406037,-0.3276283833233828,0.4989807268824421,0.6581604004261692,1.4734870099707722,1
0.6116304689400207,-0.2325610493425616,-0.7648978676378857,-0.2579461680621855,-1.4306581856486913,-0.022021343525484793,2.326880810694132,-0.5487877596589635,1.2236444457496503,-0.6413153441370326,0.9764605378753498,1.6141306105196886,-0.48092240279183973,1.8391122369689095,1.002026709047003,-0.059293424337347245,0.7560972901620295,0.8470974943910037,0.4874658690501023,1.5563491530101676,1.5386210530469673,1.1957613722642468,-1.3000160055753778,1.092039613882919,1.2946143085119102,-0.7091187487239625,1.7634633020352115,0.0244009178649216,0.10313774791114132,1.174540868441286,0.5130977980443373,-0.34924362760405336,1.5694389113563403,0.40840726009728584,-1.1192722196520792,0.9019906813465666,0.05700516116946014,1.5270275763295595,0.8415338290624106,0.7323320115644578,1.7055299147837826,0.5488362725920783,2.49256912208937,0.2535353269633406,0.6196735111589291,0.6447945947158439,-0.26509181051912617,-1.3574552815444005,0.11517108905460523,0.7784168179501796,0.4872043030934723,1.3549877013110665,1.9307743950384326,1.825291800341188,0.4773754177549359,-1.6577644512832554,-0.3568716292781134,0.5465269691705956,0.6887597712439306,1.5066559494080065,1
-1.058277879502969,1.1380082727732286,-0.05859651693494072,-0.3954227363974969,-1.7335729065098655,0.6277686458539575,2.3239743799951387,-0.41606857847434336,1.320718834606284,-1.0917993032990125,0.9192904870881371,1.7560945700322532,-0.5701393183478813,1.8449098750939652,0.8280678913913191,0.2255988536466113,1.127403040317682,1.1664895880382966,0.4830478709151395,1.2822641721221504,1.380719193803648,1.0276113996554601,-1.2476927698193088,1.2122937222617058,1.3621065340499787,-0.7799054403192465,1.4386253467576355,0.141440678763334,0.12288707062966592,1.1370950541618263,0.49016803308943063,-0.01934072761307387,1.1763855676833557,0.3338854184572569,-1.225785967275137,0.9123677196503079,0.3199148990652198,1.5789535893460054,0.8161406238614288,0.6861508412169335,1.9233645383821312,0.3450437522198849,2.502819288628091,0.3536924780429799,0.5682592229793714,0.5502585725502872,-0.17120815948347298,-1.1071525032930853,0.054390773630208514,0.8800886142223632,0.459354339451852,1.2973867847408012,1.7440517193356146,1.630518765261356,0.40679910570107997,-1.703971921017813,-0.6143131857443124,0.5415595381695469,0.7048378485924583,1.5026990498747481,1
-0.46434132927835464,0.3919662207005721,-0.6274331761644444,-0.1298267532450521,-1.4023675679473466,1.1144840502182642,2.2022774181149325,-0.8761827210352999,1.134237309843313,-1.09041298555259,1.3392755897287771,1.8153333147542288,-0.6275324578634907,2.090882277184206,0.7785111591943511,0.4845835936152927,0.9853887412301385,1.0257060367338795,0.3898959177843118,1.3712300499432086,1.5843164536035779,0.8373667612968555,-1.4597909777948752,1.1740768110629576,1.485036685710359,-0.564437051640126,1.6448467882761268,0.33920687457413695,0.13279510350051255,1.06272584895646,0.5574858876022182,-0.03570445365068431,1.3630283340092568,0.5466047451262461,-1.5195977412141857,0.9530652432854925,0.2763021918713904,1.3638730977691884,0.7004723978625049,0.5385516198088165,1.9478859758093745,0.4996456527380737,2.5973203062066816,0.2890672074094265,0.5007168724624187,0.6388931362961829,-0.46839677974199395,-1.0934382272060794,-0.2517683193850221,0.699811069590571,0.5402276760903986,1.5980110153104647,1.6776187044994426,1.6230042106206157,0.4687778930176459,-1.6227637670104431,-0.5156528910894768,0.33529605001667884,0.6320569208927395,1.4488274474318514,1
-0.007807914608523814,0.3701837727980303,-0.9658589657783193,-0.7257165662395233,-0.7448406773001994,0.36101542639658923,2.450942519132735,-0.5193886742158546,2.0740579140672804,-0.9677675838519482,0.8491398786768959,1.5359890522884616,-0.7311066144366664,1.9990870319408724,0.8390257718297156,0.1344250121261939,1.0455802913992258,0.8773622390285749,0.41848203272622575,1.3360531925384451,1.591181810975271,1.2051393773549606,-1.6867743105004718,1.0331406443725266,1.2404352300593462,-0.3724444738251065,1.727357632067687,0.03173690744318977,0.033612740648365794,1.109818191177991,0.45080049425539986,-0.06172915799414597,1.3649684783060803,0.18859805055749096,-1.5884894462160306,0.9166653642265664,0.2889595909670834,1.592506796446884,0.8034679545010732,0.622861071640819,1.9885849091776642,0.7163013882597314,2.7046004159268917,0.15218546490746435,0.5362281422003398,0.5197195263683314,-0.3795149317999928,-1.2429225015015157,0.008687457013621728,0.5717919201819754,0.4784899925866225,1.4697300697513491,1.8213162505628357,1.7538952176042013,0.5543661169204278,-1.6395073922776173,-0.5706302575299134,0.49192717900140986,0.6637185303929947,1.3133966939120292,1
-0.41589922929591416,0.032984815824052244,-0.3316628899306125,-1.0009936580696173,-1.4649045041313218,0.36677235991345064,2.718026011570395,-0.8053996549941242,1.546503864094281,-0.8197134333392471,1.0798787974995474,2.0368122303582172,-0.20449515408305527,1.8903666760185949,0.6490446858428884,0.5284090441759695,1.0928478743078414,1.0627792620035708,0.5851092466411689,1.6116880168233263,1.3647638972931875,1.0779463763164725,-1.5967555855877746,1.176023005241168,1.344660111381991,-0.983180588311646,1.5565138685996283,-0.02406402591660814,-0.07832461930442573,1.0932190594416347,0.28646440828164416,-0.31254955112571026,1.372953948532375,0.6290808854511117,-1.3664289582587654,0.7746590795550119,0.2760583471721447,1.7081929811193386,0.5790904794807383,0.7393637649047251,1.955501995079164,0.731896887050237,2.4837182668357864,0.2794740769340119,0.539342526285949,0.7344789791254397,-0.21469277760596697,-1.1844104233720945,-0.3486528250092363,0.8522664907816371,0.3864081692411704,1.5185393841162824,1.8407278642856761,1.6650297332477744,0.2996136567697239,-1.5790565545771285,-0.44539916940157415,0.5068789561302658,0.6302201455331314,1.4824416952986021,1
-1.007891351394846,-0.2197911516205998,-0.6479498019412245,-0.6266995571378178,-1.919638164044688,0.3958877613230295,2.5438648334885388,-0.34991429489635434,1.476879979569793,-1.3578864404888815,1.4181451906788818,1.5348737120436153,-0.6200757914455455,2.0967708233883973,0.5071615963696456,0.3367903398522601,1.1116537855366877,0.8981390572355996,0.4394370906067249,1.7066940213984718,1.5692067617785055,0.8686401006126592,-1.4288274923240065,1.022801846764919,1.7532514612334604,-0.9042276055689198,1.528219659294825,0.10136290942373669,-0.09410396813454489,1.010643461414147,0.563269937747715,-0.18758426722844337,1.076691434996298,0.2436917083954359,-1.237697486972553,0.8754023652432332,0.6220415960350679,1.554506523918691,0.8761120921227485,0.6940847452720381,2.0334565402355502,0.44788286053173504,2.66718925831732,0.02176598286000561,0.5606968490742533,0.679456614734913,-0.49568004821480494,-1.2479893812853833,0.06502941513742407,0.8661923128553402,0.5160373276519173,1.503155769647905,1.8175848137459383,1.6900489296629373,0.5703337717831506,-1.7255357379016532,-0.45572032317365246,0.5078305601242661,0.6099969278597126,1.3516411223747151,1
0.10332510691858188,0.3423470715967396,0.3294928881255228,-0.4728513933918841,-1.117827451891487,0.7543797994420266,1.9102726896155908,-0.4949886524689602,1.8724536308571558,-1.136993938023899,1.3198553532620465,1.433651057125351,-0.25734795589179527,2.06619831740418,0.9497054157753783,0.3801639625024321,0.8892981397529587,0.9503962497975893,0.798446484923872,1.4968780949125908,1.687179136544978,1.0734690988786577,-1.5088312235071644,1.0560297054334595,1.7026925520973988,-0.767464274114492,1.4271377157555938,0.30536229272511195,0.007536100298417947,1.1786526169927016,0.4995526985588953,-0.4952391470098317,1.5156988531857671,0.5780455200914144,-1.4684967962304256,0.9001128405590144,0.2323991266944943,1.333615847015074,1.0274532506632226,0.735178115510262,1.8710077834259877,0.5044915629590403,2.754868203054892,0.33053532564978627,0.4938696359934015,0.7231380995358394,-0.3203174118853223,-1.0474667383523342,0.04098115575946442,0.6496923965324809,0.2943966650412847,1.2106801897728878,1.7412183362543436,1.710828377269987,0.5040778967071751,-1.7696765285052427,-0.5130544522554209,0.4631251811054333,0.721766734899364,1.6351636425118865,1
1.0262561475786356,0.6316681870386236,-1.300419340759885,-0.3504315943473487,-1.1637575221330672,0.9393181233129628,3.1136797608769298,-0.6300740642535035,1.3542162502927886,-0.9959665254145491,1.2177020329510846,1.6544280453617508,-0.8225111489321744,1.8603825542083665,0.3741263499981052,0.3157732397102775,1.021062479813405,1.3372661075699952,0.4334733926439975,1.3357211889787926,1.6197109278233925,1.2126440710749373,-1.28603909708743,1.1096304917832849,1.2836381849306417,-0.8722877830912418,1.3047165141243109,0.17768326427390552,0.04591585679917471,1.185330652554991,0.624246887690792,-0.2514728339612707,1.6303877326314837,0.3198951981621073,-1.226549781584745,0.7845550134586854,0.22616632457409214,1.4481012522528867,0.7477234106196022,0.779406181443008,2.0114914919192186,0.6733112246941335,2.85038567181945,0.1648078302256356,0.5373539173568158,0.7080042576183143,-0.29012429492151814,-1.2251210982916743,-0.11275595522006952,0.9140252477195896,0.33054952823085987,1.5996062453018016,1.730287647934853,1.8301809312308597,0.499598972783438,-1.7918657168308059,-0.4390087197006942,0.41209164733232256,0.7060665203247724,1.4631618456173807,1
0.4945751634654767,-0.18771903615523844,0.21102977872726025,-0.8527960380527262,-0.9058559217268911,0.551979203022284,2.452442191333363,-0.6049409807692032,1.7512742332250049,-1.6788704588447985,1.2991530311148822,1.7585029207543454,-0.7375069600988925,2.242948875964804,1.0702025023654773,0.4296069519221869,1.4036101223976756,1.2146468952371001,0.5234007890864809,1.6243167699269059,1.756768367522686,1.152260323392541,-1.5465416771633436,1.0019134957399698,1.300663905671653,-0.9074754465158217,1.534685355054036,-0.029210634270361052,0.011934573871881522,0.98203483459471,0.4133545800673645,-0.019536871910618953,1.2721841225370059,0.47220128426782526,-1.2743888990599561,1.1209647618589798,0.12387167602892268,1.6577235789174725,0.7567663327071209,0.5702498696752067,1.6791364767631731,0.46264684220390523,2.2845087221200298,0.17089250341638051,0.5901605485892246,0.3729827160802218,-0.31584586509993445,-1.0628958126874781,-0.030690882060928494,0.8281956504938958,0.43401737348202374,1.5543273537061568,1.7310442318188624,1.627241405808803,0.48093921238091325,-1.636331752635077,-0.6161479464999533,0.5239244552725989,0.6425381148717665,1.404870801172529,1
1.2944993619852827,0.028867637264434864,-0.33574408186517024,-1.21434668847812,-1.2234756168089158,0.7924665613434176,2.327147957389347,-0.08527377225033045,1.5669062600670651,-0.8894696553609008,1.1918416558835876,1.8298654619592367,-0.13304255096818984,2.011495059136282,0.7968969169391988,0.3294036810618924,0.9563213075280244,1.041721324957068,0.2507697795256564,1.2862139324482391,1.7060401015035769,1.0765852283301878,-1.4388897569019607,1.0581333701942426,1.294223765306206,-0.9502128958894022,1.5211260427457136,0.2874574829525331,0.18256110927462935,1.0750262320207868,0.5144007733826356,-0.1780153299824553,1.358875046760449,0.6238088125015357,-1.225410724390561,0.9011002726433676,0.25192051410033317,1.4069283834537158,0.677779809351805,0.8313406090971438,1.992530757733313,0.4382752346950746,2.5781348188717907,0.26670695116552523,0.5253966648931264,0.8056148347747751,-0.2789842539298848,-1.1803511330981264,0.08219891321073812,0.7083981356857334,0.5079241892974836,1.4470275199691014,1.804706639713628,1.623568703623793,0.6207784216174963,-1.7641129401325266,-0.5841420943693142,0.6539139477152747,0.6871690851524789,1.6069408838413457,1
-1.4677547229418928,0.6889802119750151,-1.4210954935720599,0.07082117010186917,-1.6430398136886553,0.03386208532462409,2.755996564828654,-0.679548168797448,1.5445372516131315,-1.6708529667385403,1.3361526899434402,1.9389835836098872,-0.535737134956899,1.7972055304720986,0.5678644695467148,0.4899311086184077,1.0272315689417393,1.0178923590505369,0.2077216991996959,1.7106282062014213,1.6271154289650636,1.0233018990511573,-1.7223522251707302,1.227748032585307,1.461728120886552,-0.7732416240774543,1.6286302505178727,0.0931375172660053,-0.3667395491858347,1.0853187560069035,0.5671652285608967,-0.2114206613893355,1.3004913567332064,0.5582997346338258,-1.3180972178933408,0.9979567822021879,0.28728301599128725,1.5849122222151173,0.8428610558737573,0.7709641731720014,1.8951375289948922,0.4280335669093055,2.600277055027126,0.28866099516886445,0.4059963249647941,0.5561579382610256,-0.3580211187275204,-1.3146556299337824,0.042457784838314444,0.8340351823533317,0.40441317741721555,1.5366732943536658,1.7240324657233665,1.6889230232047079,0.6078608653678556,-1.609526062865801,-0.5186685654415407,0.4341395368509968,0.8863438850560468,1.5817848564116899,4
-2.4162033263415434,-0.05459006423615603,0.42627027620790936,-0.13606980245151337,-1.2601475192278624,0.7293148330147537,2.0621528238576365,-0.5727928138778637,1.5376612681731794,-1.1938521139117544,1.5362201083400269,1.8111092931156691,-0.2911216810847149,2.221987801824745,0.7576308666613049,0.3776286603512069,1.168303244166429,1.0013990097676373,0.44092623482388243,1.429550189716484,1.5413919265477345,1.0509095033616287,-1.642643161765728,1.0784976730141589,1.5936245046286377,-0.7047042212172494,1.3268835144245077,0.3699844178316541,0.14635267562845122,0.9658960752443824,0.4557965119210366,-0.30913060478741505,1.5002889211271797,0.45338464491442027,-1.3509962875356283,1.0530728307579151,0.17451999239864374,1.7468141074109313,0.665126155317847,0.6321151825864016,1.9455897422998716,0.46907361035262557,2.6621582867943085,0.21958987902788912,0.6072962884396546,0.6828364570461495,-0.4107032743424194,-1.054105528459571,-0.08460273462361581,0.7994708568336655,0.4430954995241661,1.3360963869734224,1.603876814730097,1.6103866381081624,0.4972142059379088,-1.6045277962018631,-0.4558939544420642,0.5667630744713787,0.7471270415264706,1.4026804250627254,4
-0.4256696556545223,-0.6387053912429677,-0.06206325062678375,-0.9310276281093954,-1.7096261937239112,0.6201479781326469,2.555247018477223,-0.6137739507004542,1.272716457045955,-1.2919860223392423,1.427285307993707,1.5883050787291513,-0.10727534059590182,2.296868413935213,1.0748270654017196,0.2918055981413942,0.8827533846812017,1.179170340096899,0.13341567264516402,1.1746748466687913,1.4660808693711838,1.0986885397111357,-1.1201088832004187,0.9894911765915237,1.4829007911036758,-0.6875883911560947,1.3581794885506837,0.4234442990958537,-0.0033573734677436323,1.1366172000303538,0.5293638566965303,-0.23938468297336585,1.5124032928443982,0.3989956761973352,-1.378057362121742,0.6552556109875145,0.09197759137473147,1.510227590927086,0.7948896681947953,0.6147443403783325,2.0028514660781656,0.44825194955501124,2.5802282553089997,0.24548688986893458,0.5642181633170901,0.7082751892798372,-0.5170028060873033,-1.0918938219576217,-0.05607434707408297,0.7276476728523049,0.4984136155200985,1.6203320285153793,1.7402687207194931,1.6466894512689725,0.40170497686311046,-1.6032894532384772,-0.5003778306276396,0.43005680618664655,0.6734867986517273,1.5413105603534243,1
0.3381985975120062,-0.6693270593718132,-0.6135929346889825,0.30723143352972937,-1.0606650614724813,1.2402180673537178,2.455301760232185,-0.8342596775050805,1.4926369234841375,-1.3090813998447068,0.9988649811199368,1.2866757351535216,-0.871055150214197,1.68278311389173,0.5240641265859666,0.05968844921676325,1.0442245384830524,0.7337998795157561,0.5638843278557292,1.3394694319434348,1.6583798674647379,1.3015269599449097,-1.4309077206262526,0.7407214751406017,1.3992314625140363,-0.8704395779557311,1.5071787117589832,0.02309184915878043,0.15325982458382145,0.967470094878199,0.6674890800875904,-0.46759708522253174,1.4697011028255567,0.5495665296978981,-1.4931835820118249,0.6439236663064927,0.4265051830562752,1.4627716644479436,0.81708548366384,0.7309200399960324,1.942269254117956,0.6436883536312505,2.8043983008539817,0.1279244823605329,0.5166686078916363,0.8013652807922603,-0.4716710614478356,-1.0771584874184972,0.07191018251087394,0.7482939541629894,0.4010830640258537,1.4476161346703564,1.6457245935173572,1.5857319711644688,0.5159966650198223,-1.5341780741252988,-0.5058793838975492,0.3858886214959306,0.7970120571736261,1.5177620443264532,1
-1.2144320795366799,-0.32028128604417366,-1.0906751406928015,0.39139299217275747,-1.9645330208308978,0.6682395632211058,2.16470729587318,-0.7171487251893859,1.604071290356238,-1.1952801243830586,1.0754565201536916,2.048510618397043,-0.7608819188770405,1.7367605688351908,0.9880420871743438,0.310564932957403,1.1735237040159767,1.1695387438707685,0.3259464026359701,1.4971997655851352,1.5890902819508885,0.9927636952771454,-1.5793813199114073,0.7557549907420869,1.5486901505992572,-0.855754854518961,1.4315904032555156,0.3318555210616416,-0.12143747520533568,1.06832253919347,0.47116210020682253,-0.2334074908066035,1.4969179078380528,0.3896230838859209,-1.4996065683261555,0.781021530242777,-0.0139615097955047,1.553550259502236,0.799666948084759,0.40360456873004785,1.7282607567566886,0.4975971780748416,2.7158538891580584,0.060082030458086896,0.13588677769331203,0.7028560912224803,-0.5118697928416364,-1.2013273990120448,0.025261674096654523,0.6142650145570677,0.4608454249973348,1.5013130012127713,1.7957782821824417,1.6169910251470587,0.38782106704814134,-1.6602953918781453,-0.5041800371070683,0.6291971130598922,0.5427785725503083,1.3756977574436426,4
-0.8501426633705094,0.6836952125674056,-0.39158326376665986,0.3698138046408831,-1.3346317166300998,0.8211664542506835,2.324657702447425,-0.8316493205086528,1.4275437137183287,-1.0873588773294776,1.6896314038852518,1.7138279761629245,-0.3774699435969845,2.150183712907002,0.9060325689680642,0.7762184786235031,1.0669142830161236,0.9669277236081483,0.48301945462085843,1.6992318065998453,1.5844402568769926,1.378290830424127,-1.6057435173975334,0.6747105601543074,1.3598484775575386,-0.9592950552817584,1.5506135223873823,0.36602472585310586,-0.3989208851068735,1.2333244061119555,0.48875672580438295,-0.40664722613794624,1.4515702211571593,0.4935879004829049,-1.4381072748926902,0.7193136309471391,0.15625600465799172,1.5241089222228643,0.7440737683149963,0.6766597033387605,1.87716282433871,0.5132240311346415,2.6884392935897954,0.18385174857202255,0.6417736879130034,0.5841363621439547,-0.20564548727252044,-1.2896789516525264,0.2618307757428173,0.7864631010428053,0.4635918838519109,1.509960293437496,1.6919886056582536,1.6459620721923005,0.44716638185772223,-1.5868947403675995,-0.6364349119486841,0.4954993284604111,0.7168502423867373,1.4318608885989204,4
0.490906189490276,-0.3715239149143163,-0.6377403046883036,-0.6386246581215784,-1.0477851573532706,0.8516359869184627,2.248772538391415,-0.9715250706081995,1.5366520759449225,-1.1386026840396026,1.1429323769531712,1.5952304440954639,-0.37895288333287136,1.9494744563559465,0.7249454217356609,0.27404053700698994,0.9363961366405154,1.150473221219202,0.45302465280530224,1.4977386998325621,1.5729757518913903,1.1727542594459792,-1.3752202180760849,1.074972522515044,1.5361099841019137,-0.9264910596724685,1.5821980764077797,0.3689077963408177,-0.2216311143341611,0.8848702709965452,0.502390858622107,0.019903465280604243,1.53207897508693,0.6250503820612606,-1.282777912467259,0.8184550366914347,0.2556271611443191,1.56994483139944,0.9044943051411838,0.6944208635195909,1.9168794391114714,0.5174677554450939,2.591172858905327,0.24324072924898635,0.33250445755194835,0.7386134240085429,-0.45466561663083316,-1.1575453986020143,-0.04288345803198878,0.7632280948268324,0.20191649026043546,1.4603042881171504,1.864689042163758,1.7147467655237791,0.5729871184619447,-1.757828906097798,-0.6338503383900655,0.5625032041162341,0.6850853925134053,1.5449338611890848,1
-0.5784132000197331,-0.19852452679222704,-1.198983329093187,-0.09947007480413883,-1.016894817075857,0.6157850837812384,2.550590420341203,-0.8053794635106997,1.3034620364083493,-1.137686968204773,1.3378547986016083,1.4976811042775087,-0.12421674185695997,1.786654619760149,0.603046178201722,0.18557035004644137,1.3827525979883681,0.6430036064034285,0.6868074202632388,1.429262248433679,1.4134309898440311,0.9194918756890142,-1.3207689965843223,1.070584220158857,1.1075886328436018,-0.7820524401146621,1.7635387195275105,0.3365861003632634,0.027705474234221372,1.1269964495771023,0.5472287075418403,-0.2949062472683318,1.3121580935555173,0.394986094743986,-1.3948463648488292,1.024183554818764,0.6339120668180802,1.7026847203476578,0.6140395066473447,0.7123607568032544,1.5705089400066332,0.519712550077353,2.82688895408505,0.32095594494241386,0.5222260543769004,0.6446789861915513,-0.3194191675585218,-1.3817540941906736,-0.08125630153958577,0.7303325217782964,0.5706863381970625,1.4797577627622553,1.7464959233609603,1.7636997315066307,0.5396053009202414,-1.5805708940746765,-0.30830523262902243,0.4208046138229825,0.8118091317121895,1.535585205820905,1
-0.2535244132829674,0.46961359906388345,-1.102300162798202,-0.2988068348668833,-1.2028183773098857,0.6542521735524821,2.414786031590607,-0.4649832866049958,1.734896755968636,-1.3113995316404343,1.034080261632282,1.3624332718436862,-0.49240830836060795,1.6301110145887063,0.5817168869476963,0.4451321305785806,1.0714055244427503,1.2347285681919358,0.45023451602265996,1.7932756195598263,1.7375705847942913,1.127401546326771,-1.4136054931485855,1.0295113834174179,1.1868365397432419,-0.8621622868929473,1.59806504847607,0.23095509866431957,0.15517559281118115,1.0626877568263562,0.4930295603203252,-0.15463962772615353,1.2897000389098014,0.5027542909997318,-1.207379559818711,0.6987677278733936,0.39583301686866035,1.600866493349892,0.98946708526646,0.7142719846713688,1.9352132319575799,0.545544217841557,2.584484772544442,0.16456668047532397,0.4768319108969875,0.5189241052980372,-0.3684548644379396,-1.0940099766629938,0.004406649870017206,0.8201089297217328,0.4701273405952401,1.52068225011171,1.8571118066893226,1.8238011526905105,0.5251889268392985,-1.6045180911908674,-0.5663936075309252,0.5524610992480665,0.7198006687949777,1.6086298779698107,1
-0.7129891987651534,1.4863204146171398,-1.0703889016093753,-0.5008907396356258,-0.05981586568595065,0.9399170705701716,2.26506713747928,-0.49253056376114646,1.4071569917049134,-1.3252445476882921,1.11905438453568,1.4827056669094265,-0.180266791180331,2.0246902067085397,0.7090092188815507,0.28538564468675576,1.104518352219861,1.1598877886505725,0.17151531767104672,1.143311370210855,1.7160141534608977,1.1193712080404112,-1.4721734314591481,0.8913955799428734,1.1129379083320898,-0.6707913630329172,1.5153753945192847,0.2562879440455272,-0.20786227097884913,0.7736740499111292,0.37445722970127804,-0.21251780418890048,1.4045635088377506,0.5030102100022878,-1.2478308781838745,1.0681090420988621,0.29452342994921804,1.5201689416771182,0.914369861356787,0.7866217198584935,1.8699289917379356,0.4282850602267634,2.57711018903201,0.05531110093644334,0.5331243231392521,0.6567758622357973,-0.1919861717089432,-1.1952768116573347,-0.1916492451571714,0.9237370374850118,0.50076115442235,1.360259439739716,1.8765134554998204,1.613327566830672,0.39588493625251564,-1.6971463074436641,-0.7913055557497243,0.36898846991745105,0.6783134413384923,1.3915978483689018,4
-1.3678357596100894,-0.1303374437412172,-0.7728240471896181,-0.34406934228206215,-0.9625522349925784,0.6446019380407196,2.3916099965251347,-0.19839435236352682,1.7447371990634415,-1.4976637692028913,0.9946974519978293,1.9809152668155263,-0.9483565691912842,1.803706182402772,0.6210309270248131,0.4831175658343844,0.6490119028256509,0.6492932701059311,0.3709503080776286,1.154611833868547,1.4092189035074796,0.8462483630747228,-1.3964493023315743,1.3120147853794601,1.3697206803591748,-0.7794344409293155,1.4955374748105,0.38769195568892034,0.3174080140401327,0.9119893805675021,0.3572830956416268,-0.15570839439842732,1.4779683488309556,0.4281675869491535,-1.3477342380355644,0.967054180640827,0.35369038194237196,1.620600473183073,0.8221097770059623,0.76597618980871,1.7656642263306013,0.4507785755344468,2.6415503249941095,0.23914619881923768,0.43484709962680135,0.7803721040828656,-0.5201800564039825,-1.1727479858706387,0.09641906859447653,0.8403959063557752,0.5673990983649547,1.4028199377200439,1.85239009848432,1.4765775092122149,0.3835380251826489,-1.5129633108393177,-0.5129768708028339,0.5333256904248723,0.78253513423808,1.6857589927892904,1
-1.1665858563152796,0.09486294597653934,-1.005873491422499,-0.46348353945627424,-0.5593454728685735,0.9381968842674104,2.3154965247542667,0.143768794692829,1.0040089033820694,-0.6098361345341949,0.9966516053541099,1.540806507633756,-0.7295154740398908,1.3079976937478406,0.5410564797776768,0.43896139979829885,1.0421059757916151,0.8773420802835051,0.45829967864113047,1.6181219037722403,1.4791815810181466,0.9027755952840059,-1.2611734675811916,0.9664571989324577,1.3892205687236048,-0.8243169072605349,1.5200584227640497,0.11180932523381365,0.08144129207466386,1.073160769360157,0.5148736113674248,-0.008784010889552801,1.4921430141484433,0.5435740598331404,-1.400959852531819,0.8136054057798177,0.26479529358426446,1.4251711685738242,0.7537446176783311,0.4890349182281889,1.8855260114333146,0.4381876730352309,2.4823800766506436,0.19271297378793759,0.4196582911796167,0.6223086661826006,-0.3104037677591258,-1.0594794614247904,0.04483542167643322,0.8156410326870186,0.6189082875222534,1.4868103376201072,1.6465065862048796,1.6662672331568957,0.47054920397047634,-1.6428813538084095,-0.29389738969919554,0.4454734486757027,0.7208826198476783,1.492509534338328,4
-1.889779578808022,-1.8065341893903,-0.33814930730686676,-0.23114238318448338,-0.6433939041836254,0.4644707671423034,3.1401470103171314,-0.8562642513821386,1.150053251149251,-0.9617984856437919,1.2754857182828896,1.6985804713280332,-0.5601982325555775,1.6686949395688004,0.8010528210023918,0.45890750896329136,0.8855565953790594,1.1823879559503396,0.43505736955414337,1.5093523989530357,2.0059904659197914,0.8539960965120686,-1.5530877571032629,0.827354806678047,1.4465336706324117,-0.6587313841902774,1.4543030585015655,0.2697382749390322,0.011821803293004494,1.0483719873553405,0.5527659691175627,-0.09259487667139427,1.2825026525556291,0.4296957073481445,-1.4645067756086754,0.7308484208224535,0.3690847549959968,1.3692984996169115,0.8759585758643171,0.6579874311256274,1.8208231775096593,0.5070743993503937,2.5810628189259432,0.32595647491902546,0.4983830284194196,0.5726891691291961,-0.38473098492380225,-1.13145490349236,0.04868487201900021,0.8994070140910015,0.4834339874453878,1.3534080135340083,1.7972298171657224,1.5438987583463328,0.4440344590318666,-1.6513938581734615,-0.5479344932028901,0.47515726524943197,0.6785760448116958,1.5491208445528697,1
-3.1562951293738277,-0.1659524274994531,-0.5619181581635139,-0.8149133061497704,-1.20296106951813,-0.07628866087944641,2.396978177847968,-0.524950273766311,1.676394208517373,-0.9258314887625715,1.1091407960125477,1.334338421251442,-0.5058568405446728,1.5832776519765954,0.8784696811124864,0.39735256496947013,1.1371702235575818,1.058039696178646,0.2604495813834631,1.388174715513894,1.5278458466204856,0.8903559024978986,-1.6113239890333275,1.0763782749292763,1.4898645557005679,-0.799100851140071,1.7267311435571298,0.047854202141745655,0.0009714214890446729,1.1586809042057866,0.5125419561649064,-0.1363603595270869,1.2022549952585573,0.4630198812120117,-1.5260523638582932,0.9349008186515615,0.22030777234766832,1.4467945315739354,0.9163546175260523,0.6624244618828931,1.7782278281676274,0.6460331229319882,2.5139806212134688,0.14115078036839665,0.2970998692706859,0.6899718022775837,-0.2406347135081966,-1.3110378515753696,-0.054450676447435314,0.7010433715082609,0.5486167027227797,1.4993996002636902,1.931034763856014,1.714921445405465,0.5556028968639712,-1.6469433180435182,-0.40751851275015016,0.4134621631125993,0.711505428264983,1.7228532705259316,4
0.3571669736351135,0.3561505008832333,-1.0212669867510242,-0.18608162872256948,-1.3541218835569269,-0.0598702463566777,2.292526967332845,-0.553876996791806,1.388800776949695,-1.6075310098134858,1.2499212449369161,1.7847153947505419,-0.307778842861245,1.8829855354602818,0.6552691911226307,-0.1541205795138625,0.9374238103195245,1.156166076059669,0.5858016644900139,1.2509186899277402,1.53371801444593,0.9757391410283838,-1.3918363467333996,1.0856052553684565,1.5449027568039655,-0.48352504295181675,1.4477350835999738,0.31434950690781704,0.14794316360561,1.1213720966987415,0.4736053400176269,-0.29544174067952156,1.522307645779404,0.41374477291106565,-1.5009671736986607,0.5792439588229261,0.2543452842880523,1.4677756024758724,0.6745213505562395,0.688095514831661,1.8869773784127497,0.6185622066225703,2.6780872109983376,0.14658127683306446,0.3396579254249793,0.5712565185483011,-0.25050287090958107,-1.3164107737893178,-0.10829232128213281,0.7608136162151558,0.41168019145480994,1.4448285375258925,1.7144098543797353,1.6046552525436808,0.5843437159706275,-1.729533243001541,-0.62128781501647,0.4164683867532533,0.6678225753208623,1.5065437743666825,1
-1.1421766249074135,-0.18240091566231897,-0.33430722717973593,-0.9082711968841762,-1.3420770851299664,0.3901067799480544,2.7226655154889023,-0.879493593751622,1.4931146220327431,-0.8596352457040692,1.7389113921851493,1.9440692223141884,-0.5281835763803977,2.0743971702164647,0.837559695877333,0.4429801570641143,1.2607865964674656,0.8845864960122454,0.4017891540880034,1.3507438578798048,1.535289296721387,1.2091446475571008,-1.5408514444331691,1.1917247317377595,1.3084247883907731,-0.6281432653055729,1.5489935790979112,0.3897920368822627,0.05747909028372833,1.0367992943911102,0.44204723717419053,-0.12733540448743924,1.4300291124370201,0.4938196810552862,-1.6829965988274178,0.8691021884027283,0.27775322722639956,1.6746864119038378,0.7997998846959821,0.7265460243757069,1.850565281825073,0.3812469018555929,2.7093991342083843,0.18141633115471112,0.4530636299742069,0.6462634396729353,-0.34066816812476997,-1.408733331132109,0.036350529175567865,0.6530171219834675,0.4341181127819621,1.5057895033704283,1.8270203842405905,1.5993792509519857,0.47863468016273064,-1.6504661300622059,-0.5388529861229132,0.5864078317933765,0.7379728646585487,1.406846959179271,1
-0.6502555486762452,-0.012234300741791132,-1.4195436834211836,0.0761150766793201,-0.6260202612416808,0.8032744129502113,2.5106759334868367,-0.044228288931288495,1.3115457145174743,-0.8232510043827556,1.1931349580651764,1.5822465667810364,-0.3344040997183543,1.7680072406941834,1.1847420178480346,0.4295930912286053,0.8219286162108543,1.1607955674062802,0.35512580202269245,1.6204036720195487,1.7543833857637936,1.0228560622274998,-1.5021739896422246,1.08692806713931,1.482497332562099,-0.9087307893864297,1.3607348737669085,0.2583703403536365,-0.14840410828874084,0.9667026347145449,0.6807321278390503,-0.09804344453683096,1.5039429791202328,0.6374273408542238,-1.5934202522683822,0.8586803084297745,0.2871712065464282,1.423844605521067,0.6405102046878055,0.7287725263425002,1.8703878336836457,0.42685912173357105,2.7165340965889606,0.05077853628624998,0.6230121097427948,0.4809441495375781,-0.3820967901511735,-1.2904557032029194,0.0707037750969359,0.8563612397316382,0.39682993214428647,1.467643574612261,1.9352296281034767,1.7909677626441765,0.40037683388741596,-1.6823044059650745,-0.49900632618940577,0.4464204390059013,0.6394022223897419,1.4388969015318187,4
-2.6499476655169203,-0.29054376382125485,0.23426365081551703,-0.7481177951090491,-0.951512380682253,0.30055450201958117,2.6059450864005878,-0.596135375119275,1.6546288795061028,-1.1549950244567981,0.7638240099196929,1.6032502432251068,-0.45983533822744443,1.5821556601425109,0.7143758116697361,0.43987417509074284,0.7715353798902749,0.6763905253828558,0.32818323196028765,1.0871386572653052,1.4811012568868072,1.059683071487276,-1.4280453599107683,1.0474750140839357,1.2055593346820206,-0.8299987407371157,1.4486347917572633,0.15227377820285157,0.018805553906176695,0.9468768898569969,0.43995839435801787,-0.06980115480905241,1.676018978946937,0.36787901399241085,-1.2605627047285066,0.9131954823185403,0.3738359625830553,1.4565212537433854,0.8627816300098801,0.8591322461605244,1.7794112201688652,0.40843461420194127,2.7535195549802696,0.1804495522798237,0.3396964738168655,0.7579087603065677,-0.5420464415244703,-1.2871287575902153,0.12753051547721792,0.6319839329271612,0.45680783003092446,1.486896694208065,1.901398326313071,1.8335017285695643,0.40822631883127247,-1.5896581494639122,-0.603544993365623,0.4144302353194369,0.6391871527955356,1.4222500129478226,1
-0.6914933821635614,-1.585509340762537,-1.1287993668546832,-0.8033994277833452,-1.3253377899192167,1.0227236852282422,2.833722800388599,-1.056393367411562,1.0652299759534558,-1.416812231158438,0.8437172977185274,1.8496091931251613,-0.4151876173493485,1.8205589530145332,1.0922723131981664,0.12834106956776592,1.141817225513197,0.981033723081845,0.19078289344257038,1.4332564257492182,1.6839466024886085,1.1456904776818433,-1.3833677413992793,1.0151060601963726,1.376952131630205,-0.9165209359399026,1.5347255382435192,0.2673805273766777,-0.0003451355989590524,1.0679525252202884,0.7166150718045603,-0.1593016645778944,1.5782193019891004,0.3853023326825207,-1.1055180079670575,0.9295812652187309,0.01757395769431641,1.347133429839781,0.8001344268561513,0.6162373350457949,1.834345614516325,0.6162761060068209,2.4667681025677552,0.07126012600028254,0.6210352594933861,0.7417920045928902,-0.45711062546741743,-1.1697256529866464,-0.1178635682255197,0.8800617862764185,0.5436236150683815,1.33601473085204,1.7870261108450554,1.757776782760903,0.38682166519331695,-1.5271279947692258,-0.4638854028082393,0.39060105159744973,0.7286634106287244,1.5355197499638893,1
-1.1986062179780588,-0.9128658355807495,-0.9624134908381143,0.02687992707680409,-1.123730865400665,0.9911392102966861,3.06669705482392,-0.790303249388915,1.2875207329754788,-0.69023167597944,1.3925729992884148,1.5222905419610235,-0.12389659126288044,2.0219412159734076,0.6049270414598412,0.3708023638177972,1.2052730674165513,0.7405756737294511,0.49938406595184087,1.5892230401119707,1.5352182664396015,1.1466426946491914,-1.3737544693194468,0.9107432821747361,1.3506214498934483,-0.7293130406622641,1.4889381055174538,0.03433856364878679,0.10315362800978596,1.1118871504525367,0.4238440322528528,-0.12198516480373364,1.2561405338908669,0.6624358754555437,-1.5075892762322396,0.7318254793954135,0.3067677830579937,1.442452959179724,0.850706741316412,0.7058220488838716,1.8501089856792783,0.42471774818457464,2.570825667357626,0.26297876904412204,0.399191973166636,0.5941549958913784,-0.4125763961060706,-1.3207114087604392,0.180867872552572,0.7082321441325181,0.5305678421491631,1.4990427092693501,1.779058562251526,1.7304381029213316,0.3692717972693462,-1.7120676011498952,-0.6874639340700268,0.48107940613243755,0.6664047936079561,1.398990669397244,4
0.8179066328442326,-0.6155588061742434,-1.2158894912928502,-1.1101047895968157,-1.643355739774031,1.2075502007892869,2.7974101934959212,-0.653759513955512,1.7222512475811063,-1.126517341623257,1.0543593901129118,2.011326764339661,-0.7721942898774492,1.618317174113002,0.857646557858405,0.3936965299612325,1.1776307407228221,0.9196709948088351,0.3714963740282564,1.2911699631856735,1.639092931393393,1.2308601551071618,-1.396166629128357,1.0686565693451062,1.486122243983004,-0.8322662962524736,1.316428761840056,0.3935644300948018,0.07399858548148763,0.9151919947215771,0.49624680900688584,-0.07318844209245606,1.4670170537507092,0.43207817614682414,-1.3562081937533248,0.7433695222225987,0.3072979807254367,1.580289948373983,0.6119913882043034,0.5845421595933833,1.8520537987358316,0.6239835937951337,2.5007574355071607,0.09604093051917573,0.5061530453188515,0.6131775063822946,-0.33251015883894847,-1.2544172789972792,0.026053966622114635,0.8969159480217872,0.3543209987154333,1.4691679198889418,1.7434811541166852,1.7220481831843744,0.5984329502534138,-1.6757721955435567,-0.524000624603138,0.4314710400085828,0.6372815783828935,1.545906930845529,1
-0.6895942266423082,0.3062048582623834,-0.10758852283138987,-0.13697426227909243,-1.5250733408744206,0.519902171713072,1.9625757222598743,-0.297014786402516,1.7621764959931887,-0.6114850114895083,1.099989310806312,1.672850667349831,-0.4395712018035722,1.9829704763361018,0.7070494788819377,0.3216614544991611,1.2433430169160575,0.8007315789189082,0.1932706122586274,1.4649880748245214,1.6961311538487793,1.338067914026168,-1.689602693401092,0.8333550241848531,1.0595991031843592,-0.8310909210806359,1.5460000703396009,0.23925412361343187,0.29265566564178214,1.151660298131598,0.40877203280660745,-0.3008062092554561,1.1703801933906928,0.35747670454339553,-1.501828598816482,1.0863231669017737,0.18594065077090943,1.5308389783705743,0.6505561777136464,0.5265269775662997,1.8707602289746454,0.2824218845722226,2.5817381403545783,0.20797692383577301,0.5337742964256634,0.6421432969673887,-0.292082025713601,-1.199418590868414,0.11919729054769578,0.8610723591707037,0.32413488808359525,1.4489236658068574,1.7911516014233606,1.8208410028776068,0.3539140799968154,-1.5146169992864849,-0.3472352704284742,0.664861558595544,0.6987913414871462,1.609644827891461,1
-0.5491534518894582,0.8621686104867017,-0.6335212482137482,0.5241755067050791,-1.1538341723467296,1.0052410314456703,2.794681598949854,-0.39066228385232366,1.6084477965217994,-0.6957465469725994,0.6465616012196086,1.8267137252755221,-0.6504180617094573,1.920187464378101,1.0346798656455816,0.012543804920835011,0.9374696518279078,0.6639180095305415,0.629716428136584,1.6565566429779226,1.5275969806688832,1.2084864476506019,-1.047471860065446,1.366639841193436,1.5480248041621092,-0.9826635223525764,1.5339723711894093,0.2237684821965788,0.16502733981565829,1.2258414859407134,0.5596577160494117,-0.09661675902626783,1.300283086062772,0.33078915894098415,-1.392061979479568,0.8603544304617704,0.4062301862867435,1.7794481310394115,0.8698851066451629,0.7585145822813509,1.9610194882936458,0.5018926908241694,2.736267153242969,0.10230860443729811,0.42624084304549986,0.7602389120003383,-0.423611735288348,-1.2388314253323462,0.07378645192647797,0.6811300111192686,0.5936140909455496,1.5625221861560203,1.8529158322561181,1.7814811175297727,0.5542363759112549,-1.6075855277473916,-0.6678125042419003,0.5788882691821419,0.5659812082077047,1.5816264876993291,1
1.878340983539747,-0.7486773437939036,0.10270265684869584,-0.7338857704120487,-0.5414467634365678,1.001019944007527,2.784070547203204,-0.8277069543763185,1.3530813434052327,-1.0935277439752384,1.1731055410908755,1.8332127093688668,-0.5065947170238613,1.861151892208978,0.2937749724218531,0.06065394331638785,0.9056791593505107,1.1485700901038491,0.5817780245218228,0.9680852190990931,1.6673665526328898,0.9928762951043396,-1.5155893912518539,1.2126076621749617,1.46858951141128,-1.0256930045451371,1.5185006983767355,0.1443069105507912,0.18072926238861708,1.0798836811716155,0.5433070361649878,-0.12978663381792316,1.3549014287367493,0.46141725437378905,-1.2880123959809022,0.6871276039182559,0.006044755176792538,1.5031445075859384,0.7951191219107769,0.7309698036025729,2.127472656164024,0.5089668370208771,2.68844127845605,0.3048660133474911,0.39360632995330996,0.6477767592144617,-0.2090570906904199,-1.1259279565053377,0.01618539186557514,0.73323944733977,0.4230477104374847,1.3741457282779754,1.6003011676383117,1.5404129464574723,0.515603414263735,-1.613377431842081,-0.568438483704069,0.5585799927644859,0.6816036202533173,1.3945136706380212,1
-2.3554362620699436,-0.23305852379712455,-0.9612810764342272,-0.8172049466863818,-0.9408987963124833,0.5123283237623019,2.2649312926872156,-0.3998011896865313,1.7157939540488945,-1.123022619569935,1.0069311206422853,1.5946887573127966,-0.17426854895468558,1.9711946419282307,0.9554570654797492,0.402106690330584,1.1557433926907053,0.8326028968090208,0.5016696222922983,1.3668057213674545,1.6994844414870873,0.9136691894899357,-1.4627559723735482,0.9634275490663762,1.361244874261132,-0.8370228577008391,1.5650794050860064,0.3055646044755905,0.11480384032136384,0.8887141833828089,0.4570308391130558,-0.3569978070968558,1.4974342152308129,0.5619801379910454,-1.2918348323019095,0.8651379221692447,-0.013846818532523009,1.4497145958387416,0.7119161166848336,0.5679230579012591,1.914342102444711,0.43306679254059044,2.644567323853405,-0.027470299922046276,0.41547505281519037,0.3497093909427727,-0.4585696978684159,-1.4008859142942907,-0.0962154915040738,0.6806792594310092,0.5921339119010491,1.5947734829213513,1.7404460650415703,1.5841647982047096,0.5133340271274928,-1.6419047068855452,-0.5485822150852776,0.6544324645261133,0.6789847671113383,1.4063124513481589,4
-0.6982958379383688,0.9133535210250248,-1.9220854141066488,-1.3610990350949566,-2.0313912559160228,0.8615417876925241,2.0871139717066787,-0.7030663387535526,1.7357735354965684,-1.3668059909745023,1.288800924403435,1.7025818079192077,-0.6194140337856929,1.7468977219481305,0.2589445007153791,0.23092025774479014,0.967489675072517,1.2492521726904295,0.2585276746208865,1.3279116181042412,1.4850216248033155,1.261470588175805,-1.330979286838837,0.944258761309145,1.2653631104805994,-0.6647284017729609,1.4184748958619473,0.32462329757996783,0.2361330165270243,1.1232201874670746,0.5354140388279549,-0.40306617826873187,1.356294509658921,0.5997381256969756,-1.4546753091173177,0.7621165562209101,0.23591755421794108,1.4074778351846706,0.5587166621816555,0.6382750725288758,1.8655768982423175,0.5771604741433576,2.522450006737157,0.2171056820123463,0.49276505057597736,0.5872509484193211,-0.46753083215796387,-1.2218755109128276,-0.1757000219525714,0.7431647846993646,0.47196215396536506,1.389948275073531,1.8621904179999713,1.6773461298054524,0.5499883939044004,-1.6660808646873213,-0.5169647547842017,0.5385354458022358,0.8720841289715238,1.4655980810165865,4
-0.5395250005621302,0.5670587217349131,-0.368530494829462,-0.3599712443300457,-1.2190723223153936,0.6791779196409854,2.17634162282,-0.6988604649086427,1.5120277352723883,-1.0943921762329731,1.061120535087154,1.6409655109135268,-0.6346501739746515,2.0629378849192683,0.6449086720879225,0.4192335473128709,1.0133676039919177,0.882987241636059,0.4192659345684134,1.7492590412452567,1.7736580947501865,1.208453496035889,-1.0967991457076223,0.8034754058072816,1.5820533759160083,-0.7255677512782337,1.597954368568429,0.5165942694179891,0.07609892064887083,0.7644958439542013,0.5711189276966553,-0.1544076563797949,1.361778902338424,0.3843420508248897,-1.4362133253782146,0.7383581050489902,0.6424653400581974,1.4620698629445588,0.9964671188932189,0.6160836583598748,1.557873418145911,0.6461910223323646,2.5769216183947545,0.2002786438073545,0.4478770929818317,0.6355335017577586,-0.1853498302437837,-1.1933290064615543,-0.20111329310991982,0.6449370851730071,0.4809674724992901,1.497836924751669,1.6706351323676887,1.7078637225498607,0.497960194746735,-1.5314364313491717,-0.4079162484023289,0.5364125086267365,0.7377568532187986,1.4272752958185417,1
-3.271135320878607,0.7808881701750974,-0.32124004564123715,-0.28995623445965757,-0.8685657050381073,0.9705790290841736,1.6947105040792132,-0.7653629250864662,1.1997913394093038,-0.9902644166157437,1.2545608750372157,1.7587722091809601,-0.5215980039298228,1.8062486988871072,0.8541432138859093,0.2731218899681587,0.8287126516689145,0.8744381568076662,0.8083119329408073,1.2920635684201407,1.2942882952619408,1.1587227365219095,-1.4868597201079583,1.2439804469749316,1.504202638645293,-0.7571661347666364,1.5109327133799648,0.2919371361837496,0.18769021877929398,1.096713681523554,0.49331349838015487,-0.25596613930989776,1.2913031364131158,0.412860817397033,-1.3013023042534133,1.0744995934749852,0.551162717695856,1.4046452552438329,0.5953638605046131,0.7010735676267893,2.0248285459374626,0.3718243632091273,2.619058588751534,0.24182147095638903,0.3766895213833728,0.7656575863587747,-0.4046720652216982,-1.2122084609411041,-0.12142200344477297,0.7078930917874062,0.6247407692784559,1.4946977044236218,1.7736876034988986,1.8157880401146818,0.4748352132771863,-1.7906601112575709,-0.4372741925311855,0.5016578737611618,0.526058767724487,1.464858433847306,4
-1.0422946042228687,0.3785125160188841,-0.8553457608311552,-0.7914294948738179,-1.239601947860809,0.8648189765989648,2.6219597273720154,-1.22713121514259,1.539315780948645,-1.0139687543214688,1.022665215401874,1.396019907243677,-0.4342142296556108,1.703179169479654,0.5275388175555881,0.22709373287409118,1.2628690374631135,1.0023076053773414,0.3463607993395762,1.2683792749565619,1.581288060147336,0.9167611074480059,-1.4103891659451493,0.8688582423827217,1.1406445656059068,-0.8386934691354955,1.7959837353682893,-0.04451629243752123,-0.1946127927597641,1.2192571366215441,0.48140475227174073,-0.09614002692193567,1.2145844321067967,0.5577727304043839,-1.4212978245966372,0.918958864435522,0.32902626444019956,1.4468886732740633,0.7573992156909378,0.7287255135807288,1.9557041146798582,0.45749582397837474,2.658977251943038,0.21074365785760776,0.5385932457914404,0.47201017846240395,-0.3919673624238836,-1.1854888088688664,-0.021279754015977138,0.8332181241742787,0.3771058569770755,1.5564428317500856,1.8234145520937843,1.7528452712735412,0.44762061884114895,-1.5392833791570546,-0.6475153973234762,0.45202388519577363,0.7680822943622418,1.308680272484659,1
-0.43601972426072,0.14441822186879055,-1.368126651131016,-0.3153200307060734,-1.6238877628318948,0.6356422615156465,2.503018698405912,-0.5034265670298018,0.9101787849371593,-0.8573989488007783,1.200459983055181,1.6274842938798677,-0.19532707915380154,1.5775961123779851,0.6695649910747721,0.34311379088181426,0.5824643899905906,1.2099127410438704,0.5758501546976508,1.298756798833823,1.5195214671882151,0.7726410974595345,-1.4994414908274356,1.1145162393145165,1.6110059041601055,-1.1007123740698461,1.390870129460507,0.12106411029568304,-0.0895613918861202,1.0741531101184711,0.7783914059418472,-0.11123436460162467,1.3283435245091912,0.5799629488280807,-1.5023934197174402,0.5672283937919287,0.4158894021689896,1.5165166927703404,0.7013362129720713,0.7954154843765657,1.7577002089345333,0.8068247108490475,2.5331355730043916,0.22718180833381174,0.4932205071882636,0.5800258072678145,-0.26637730575029817,-1.1356506733168021,-0.05865892149500825,0.7464706568853149,0.3329718405902174,1.475125271471171,1.8211488873274322,1.7191227796889634,0.6133687872729958,-1.6700709159850744,-0.5108019557986946,0.4457630571846589,0.7099463374759013,1.3615314253224782,1
-1.2545347110525025,-1.1493350647728653,0.1097618993033529,-0.05595232840542874,-0.9950841564869842,0.5931620121516172,1.9927408038384278,-0.7589268250229769,1.5966360895647225,-0.7088874071217948,1.0011416739728156,1.4331175412653807,-0.17871383232712001,1.7150938129479603,0.7627277520956868,0.0889371494435989,0.7749341497461002,0.9299756167323562,0.33544833457393697,1.5597838072864714,1.5942635034087358,1.2449866184541247,-1.406902400261541,0.9149093882147026,1.363772974963282,-0.7960063466608891,1.4797409890337767,0.24954213596302888,0.06196889790996614,1.129343349126813,0.4382461536158406,-0.2347014384023416,1.5462378579352263,0.44307975090447355,-1.4616204458133375,0.7855018178310872,0.38624923511205295,1.5556548377364139,0.7399529602868024,0.5869937604997211,1.8467101688309708,0.37279115329033186,2.6759150095981963,0.2508053121776569,0.5246374376998246,0.6326021546956797,-0.4271245729348283,-1.4303149685707703,-0.014034474040992288,0.7424420839174659,0.50273667411754,1.4351419707524011,1.932898200080388,1.629057408816372,0.5704630174711945,-1.6604511270280478,-0.42326699770588916,0.4214678515786935,0.7442522493908924,1.5086803523078742,1
0.3453719044511071,0.8006481270602201,0.10378749967592882,-0.8111658305826626,-1.0148138429138824,0.6957381354528243,2.3703063108348204,-0.7877453841312579,1.4009443822076495,-1.1963873280370014,0.7272048549600574,2.07913527789628,-0.4866764205807953,1.92497735259702,0.744635129560281,0.6308192836672167,1.0179057340158215,0.9492552215212068,0.7435206719189065,1.6951202965165173,1.8160917164851582,1.2752033835664829,-1.5686728428207175,1.008070334967469,1.4036652098665208,-1.022020458010698,1.3195120639826483,0.2781173108919727,-0.05339081553747463,0.7503620290688395,0.5297543678038995,-0.4172691571730901,1.408759446114786,0.3604088963401356,-1.4710188213365656,0.6478320457990077,0.23663928845205973,1.7113795387174393,0.7614578138949927,0.7134915414814009,1.7708539538998658,0.6264311608655605,2.603721449328982,0.15779785674869318,0.4504257159585623,0.7214497828428159,-0.42445138062601784,-1.0771352430921675,0.07842279829933796,0.887144992958585,0.26836157521821336,1.4064970544592577,1.861323350564,1.6083118585981848,0.35177578615957167,-1.5708598995681002,-0.4376247940779959,0.5980992432283679,0.5624289518384437,1.4648387366270506,1
-1.8180038849619566,-0.2681250836176874,-0.8111841416140628,0.398648264508796,-0.7795901428621932,0.6056222692003557,2.4611786875629194,-1.0156744162123323,0.8316598705369329,-0.9789210988403347,1.2111989246546868,1.9705935136940427,-0.3658815954279857,1.8209751020954361,1.1231917103807918,0.2546868544206953,1.2552750606691638,1.2959648422232326,0.30533508357701344,1.3277181276922008,1.4870620677826687,0.902808908485915,-1.4527201086096952,1.0720823333632183,1.5374022541758599,-1.059299305159293,1.4108577173179442,0.23463446150117268,0.0076786085414043415,1.005412444797818,0.3784701562750403,-0.4812000708498398,1.2416614407400837,0.5146972002860458,-1.557277333665902,0.7833637349940614,0.21574454443701033,1.7739962534461051,0.6166788418553075,0.8994849849227569,1.892536810334613,0.5189756329986053,2.692791114126277,0.16359040254775373,0.44723476454361877,0.6692415279449062,-0.6856750852127464,-1.2310316063560751,0.09662615559398373,0.7076894340608539,0.46412159404076203,1.508411795186519,1.7168589689004223,1.7783739015928381,0.5309800296468807,-1.6012087914572668,-0.6901207696762619,0.5603008595170301,0.7192923909679126,1.410673587301957,1
0.41589609346203793,0.3737176806550261,-1.1908637646785722,-0.0388979208967572,-1.178077929589544,0.8810772658768451,2.4829125191492345,-0.824338636723454,0.9458020259128511,-0.8213627292506772,1.0070610522256598,1.659244523026174,-0.3313661718784257,1.8705235086665497,0.6177981386123645,0.03658162668541498,0.9570542390035176,1.1392035301956507,0.7034496157472732,1.3941015582038119,1.3338907681527938,1.0431511497057184,-1.4846364066929125,0.8967808278802744,1.376321420430965,-0.822388273002706,1.2211309423255634,0.21614334235956825,0.039493395077316897,1.0113956768835755,0.6159476129625938,-0.22684098597737304,1.1925631174369933,0.5796958518190419,-1.4765736835090018,0.8518352533386112,0.38865599752430463,1.6639318698500458,0.725816803104714,0.7043395471129221,1.6395192897712492,0.593606237987632,2.6394426059777762,0.15814302525525964,0.4435314751727316,0.687734475260086,-0.36368539592029964,-1.1993036712759984,-0.04827160807756674,0.6505891078101439,0.5244674114882117,1.4217724215273237,1.7475039426113697,1.6310345173106278,0.4826736650017873,-1.5341918788996265,-0.4435512105062126,0.47651408995404954,0.6548447371303954,1.621272634430128,1
0.18114248467430205,1.8866630639875919,-0.4399446150024036,-0.8090406680923423,-1.1985072408830986,0.7126188010049587,2.6227616725901437,-0.7614121120321098,1.6894203604039317,-1.2426586101877262,1.2455623780888365,1.575689285861402,-0.4949973529926297,2.251913296421468,0.7457522562998854,0.37094846818130933,0.9321499713485459,0.8915600559595012,0.8729270717379286,1.3635444124698723,1.3522649592489744,1.1115715738979013,-1.4741800577109447,1.018133558505939,1.459754920674406,-0.6999592659177911,1.6182129202744482,0.2705254901628177,0.1376354100951065,1.1390834116400055,0.5695692167679404,-0.039405100598640413,1.4794010710607037,0.4545806691825695,-1.3804566392626545,0.9566862432226434,0.2558991345211663,1.4832740210819721,0.729699218653161,0.7471831958622795,1.8338518508334833,0.47867747922868137,2.5454028901238677,0.18151866087853877,0.36973795829646766,0.8076540908936491,-0.3575057291848075,-1.2564735879981699,-0.11284884779459832,0.6828698642687611,0.4529792487160969,1.361984450276873,1.63044523585867,1.8009001568059184,0.5040366375497531,-1.6469878816444632,-0.5302844256180309,0.607753454782834,0.6410508433260858,1.4633996706001091,1
-0.3984773027853893,0.8271637896997677,-1.1274497535491013,-0.2426649635770483,-0.9070264635638982,0.6395808481277608,2.171421278351785,-0.5496892061597468,1.2170486351777403,-0.8249316925019347,1.0632352793787958,1.7648986156616666,-0.41428097987704976,2.1521218066074908,0.7732795802858033,0.31858697061599667,1.2398636879373908,0.5560871050801255,0.15795671982287313,1.4241591133035751,1.77904123591561,1.2215515335804943,-1.8309587935175902,1.1446949998412168,1.4673814414811512,-0.6016754325174198,1.3084313929880758,0.36036837977856606,-0.09314625068158072,0.9572043500840884,0.3809018012013382,-0.10683999036653682,1.1994400690519047,0.46346513503083364,-1.344220632593706,0.8323117110283493,0.2684786722118595,1.60362470028245,0.7703521395027639,0.6164878088458945,2.1320018988728484,0.6681899501300389,2.621580383987466,0.27157536898968976,0.39373630204545157,0.6326282428548654,-0.5406124305704321,-1.185682277445102,-0.12453209750393769,0.7592299053640054,0.471505516699216,1.4225524555428333,1.8191922055725276,1.7942630338946748,0.4461072560209223,-1.6301529899922633,-0.37698126144796007,0.5341639267032002,0.8948517333470356,1.3706455593386293,4
-1.250585969083939,0.15293529441778186,-0.4395891708782637,-0.5469013284657074,-1.0155243678069574,0.7445266033227147,1.981228015930067,-0.8443313183384716,1.663435383196654,-1.2861157432835126,1.9476552090806347,1.5436916614374734,-0.7644743222480602,1.8435447593208882,0.5721734666135261,0.11673356597107959,1.0329530261262145,1.2432074937200799,0.5639626315575925,1.6219274238981816,1.6876780396805589,1.0020736931427403,-1.5421995921431637,0.9053919166790274,1.3248207377301005,-0.7861609130505699,1.573319822708207,0.1797369020132359,0.2411608583712684,0.9785298055398381,0.5524408264297912,-0.31999752599305137,1.2638198605515636,0.46286055015357064,-1.434910382971306,0.7930933584232489,0.25186719429981996,1.5302052033344875,0.7571807228752773,0.7153120849989286,1.903008091852206,0.40689688941031976,2.5968552908948173,0.21849312374150381,0.3645126289767001,0.49315683833982016,-0.37475193220632863,-1.1741616891718847,0.10775823585008053,0.6666194508806857,0.399835777298983,1.379600292008123,1.8122604205874138,1.6290035277769914,0.5187680498793596,-1.6497656291943361,-0.4668442864093808,0.48509652571483114,0.8066407760041744,1.502945971099861,1
-0.43722400750087703,0.3444350639158789,-0.10971008711388908,-0.4405898271491367,-0.9334598867068242,0.5383918162212915,2.7194160677751573,-0.6593741367693746,1.9447766071196777,-1.2971887816471095,1.483503835281214,1.6215600442563491,-0.11306388108520687,1.9233692617938223,0.9681026983499973,0.3508897089002183,1.044259754552718,1.2462296845849883,0.3901215827956754,1.466447965135812,1.5692691121703124,1.1965363136871867,-1.3577520165888741,1.1635540436503442,1.296991706778945,-0.6479330101887352,1.3656418273790631,0.1313040456263157,-0.21002190236171864,0.9906919591146479,0.45251250891598593,-0.11265569422235928,1.1690652056483262,0.25536281492038226,-1.4602821114761642,0.8608555361926848,0.285090461977233,1.600618901421771,0.7716879255902578,0.7892611834245382,1.8751282777748557,0.4990350075740909,2.766382597959672,0.24265384914242766,0.566427112417319,0.49544693272513596,-0.43604202204094467,-1.2951446219681282,-0.052613362980303856,0.8584812541904611,0.44475161500797844,1.4527310455784705,1.794313874591173,1.6027188303401416,0.5617459888729325,-1.5377542792445735,-0.46792434892301127,0.4492023662469601,0.8438061306428741,1.4160255837910547,1
-0.40606891572881476,-0.8252285268423487,-0.5307456678963237,-1.1288695978979821,-1.5104532849861358,0.5091407031204866,2.8028083021888035,-0.8975258602994471,1.7333548969577501,-1.4772111819921465,1.027872601901157,1.2568242443322204,-0.588554965201576,1.6838387203707084,0.7165227919908337,0.4032698751568784,1.0598540675921793,0.669566392873264,0.6293880131468836,1.749916915408097,1.503080694384943,1.2130239442393629,-1.361959223338146,1.0639118567952184,1.4776154130467447,-0.7760267430922991,1.5618834217538704,0.027471240312521017,0.3263085060564004,1.1238404872960561,0.39306616511634207,-0.37030055712798393,1.3780140077989909,0.5393334920127346,-1.2974771510880418,1.070807886418465,-0.03161583914285654,1.569149658533592,0.7817264232041718,0.6051935023095033,2.0230430682946894,0.5820814623314526,2.49721452910781,0.2589572972428715,0.4923313213442853,0.7135882134315877,-0.2087579884854161,-1.233779262312107,-0.09587411067581056,0.7430432304764545,0.5682560963367582,1.5508808130668135,1.9479104286735318,1.6024300233679771,0.6057218816110294,-1.5893377307382759,-0.5412839620963315,0.47705919025349974,0.7608166757913949,1.4434262011103645,1
-0.7319935836798139,0.46441082429117897,-1.2178973706844074,-0.7464254906672695,-1.197036866920949,1.0734740833945666,1.6373328068964028,-0.29900638373232624,1.601916430920166,-1.1940492551935715,1.2613906748555739,1.398711840624065,-0.5299719078746881,1.444221769978818,1.0218162004767486,0.02005080917066565,0.9762204099231923,1.178412295835264,0.3570929969023724,1.435228153355145,1.4694174389053813,1.1816016079868517,-1.4911782175973411,1.0011403809992545,1.398907287947756,-0.5304439480131351,1.6326335725129861,0.2056742158478338,-0.07795708276604449,0.9654808052323609,0.4932812764819786,-0.0016466586705273234,1.2240445215231703,0.5895629809874738,-1.3492802751766302,0.7133947378675958,0.35338535374472574,1.7025698908618097,0.7701407356116126,0.7883190385317314,1.9333545955274263,0.6529373098458351,2.5757822896763236,0.21047921972238226,0.4629028024359243,0.6110508925754278,-0.4003807141526607,-1.283215624542172,0.10472978208149933,0.6884496579027082,0.5210874187390043,1.6174091568296929,1.7175028673946338,1.6331614483727002,0.6982000682789314,-1.6185859292870446,-0.541944587421389,0.5295585195215626,0.5642857406093463,1.5187135706889083,4
-1.8292317481790357,-0.9702006037496198,-0.768007611289201,-0.273089490477221,-1.5788741320374369,0.5778264446032686,2.2699263049185574,-0.25283453078417084,1.1622358524785397,-0.8934678879592863,1.1489317345888648,1.6444089004557947,-0.5516168249207145,2.0739764054132364,0.6555408359072142,0.1488517791363639,1.0312430987206325,1.2111759913231195,0.7399838297987362,1.5794942518852828,1.5599714683379777,1.1611616221766883,-1.6186594236460738,1.082698880037048,1.3833556520186623,-0.8665926048658399,1.6813084077352414,0.35591508985582415,-0.07783113877373445,0.9181509366760342,0.48091024895698264,-0.3636293463149106,1.3522830232048357,0.5090722176236474,-1.2362011307817886,0.8009794152858184,0.2563966320771148,1.608408842390223,0.5331309913622329,0.6340573362112847,1.9882203933049956,0.5403862245914145,2.8013011216102868,0.1760290765392606,0.45362819152061584,0.5012642388794118,-0.5502788503176472,-1.2714527160344569,-0.00448798764133479,0.6914422145719368,0.3669694160963179,1.4296456517345741,1.8075768455911931,1.5688888288671805,0.43374198803043107,-1.65896467093273,-0.42226461450341096,0.43278740939997784,0.7427015590638253,1.528133812466022,1
-1.420203472305651,1.1532426473671016,-0.17436092880178033,-0.27250710650560267,-1.0835608472119518,0.9223201785262054,2.410513567025976,-0.2015247461693513,1.3857244759568657,-1.091603720790255,0.8364135604114132,1.4947584385980974,-0.3134204384509575,2.014766225508627,0.8624988668183377,0.5589619223188826,1.0444861170057216,1.0179994491387483,0.6112076603393527,1.3813716889849728,1.6382050314930392,1.276193511747647,-1.5440264808744915,0.8028179566219737,1.9107952715862115,-0.6698045260861595,1.5490745838078142,-0.04840011529799862,-0.08733951609670987,1.2944513828854103,0.49435863194122953,-0.26263864164159434,1.5326694532873255,0.6608769597959856,-1.4674916592530027,1.112441461693261,0.22215899292720473,1.5803040151787149,0.8989785600583599,0.8720762676094361,1.8170371246428099,0.4457598088607182,2.7256059282560035,0.23777206801346285,0.3838806903157967,0.7181684957100444,-0.478387777331606,-1.0650875369842412,0.16446824628089746,0.8367029686920666,0.4740762992017955,1.5173778817738197,1.9377851113652746,1.754222170029547,0.5599184858682792,-1.607770132614387,-0.49646566216903776,0.5554432474627696,0.6472474699248565,1.6396020115404217,4
0.209789078811906,0.13802623563844513,0.3319643075503409,-0.7338792350346821,-1.2140171950656735,0.5749248259976395,2.3099493469772256,-0.4711876862365293,1.5002734885825277,-1.1552517951441377,1.4333099494128825,1.6727117634232973,-0.24439941275112548,1.9436871086114138,0.8223219190136326,0.1679443261869955,0.7219138005460994,1.060045349392245,0.4205350709018137,1.4676004575527188,1.8979684581106315,1.1574073027223521,-1.8004152637841446,0.9629134549257221,1.4462324936434083,-0.777771039820326,1.2122074582754,0.37589079687597754,-0.021009865157411947,0.981958808843955,0.482729090021831,-0.4162533685167147,1.4340057696787576,0.5584176750552919,-1.6775428818249638,0.8420279958715152,0.21540490410092328,1.6010049183241366,0.8275468446873103,0.7764522208747013,1.701370320748611,0.5138496209562174,2.6529968586314623,0.15795450350159934,0.3890281267434727,0.7212585437226242,-0.5181893246759078,-1.2923473776626695,0.07448580614142629,0.7843639172860106,0.3779050189449526,1.3935327655240393,1.8646201752413634,1.6265684825057574,0.5581173865930786,-1.5176513933923852,-0.5028477219015492,0.5566289629385966,0.7504311090827245,1.4733105213289368,1
-0.07127198263075474,-0.0794049295213809,-0.12963373099097553,-0.32703780701793056,-1.463136204079013,0.4675319055266225,2.1679314917500343,-0.754160722125881,1.0209607457059318,-1.1326025018586896,1.267636861062065,1.7300105425986743,-0.07941892189061567,1.8998864459068343,0.6775492391687505,0.1386139872791639,0.9567605843649223,0.8205986794713194,0.5075200207128082,1.2124549148862545,1.4400721278195787,1.0503508999506903,-1.7109787710089304,0.9798825333769302,1.259058895896799,-1.0164823184702407,1.4365754192621147,-0.05740427980524257,0.17022125657903955,1.2898588683432517,0.36378913488233067,-0.12179739649535855,1.3991579825530607,0.5516471868132762,-1.476819604815076,0.9531733500847442,0.24852869624541526,1.6155353568377455,0.7956145399930046,0.5451824532085952,1.7971180592237936,0.35442674228783333,2.7872776858956057,0.02985372158530586,0.4872752190350572,0.5904616845814938,-0.4913236768728161,-1.176167747612244,-0.049574951790219035,0.717751175134458,0.4607871511967874,1.5709888557109641,1.739596503418473,1.5614861480033027,0.5126124828184399,-1.6954817816771206,-0.5425684704148691,0.6295797054333012,0.5900546639673631,1.5560200849901742,1
0.2681200151404626,0.6547309165281996,-0.3160209441979709,0.07949617239360146,-1.5211857582159969,0.6094142275449261,3.012596548146913,-0.5619201766199303,1.3625729180584005,-1.2231509078529699,1.2811461160588657,1.899298253194336,-0.5967552460783386,2.0262727964733918,0.6169872529496782,0.24694243112255698,1.0555600609511684,1.0215832732846282,0.7497321520450829,1.3323993701498476,1.6753559297135507,0.9600156683451077,-1.8542224383913637,1.1777841945990606,1.553207512210609,-0.9905395660999893,1.4774232868467467,0.3639282286583909,0.2835333337717554,0.9349666051546153,0.5010528318976007,-0.005839000490164364,1.3909441432084881,0.3691070021270088,-1.112470574216592,0.7432900887650474,0.18224515930350266,1.7358895643678314,1.014298035962109,0.7814382440712189,1.5952024612551623,0.4744290629319573,2.641993111742822,0.056418929898437914,0.47670501501208284,0.7074842924419293,-0.44323241003237135,-1.0016809032945442,0.08694532722648117,0.7524887177860677,0.45489814503147535,1.4759299672660986,1.695347869237398,1.5336760434286028,0.41880696033401693,-1.5741805481556521,-0.6685582467053885,0.5480253246444865,0.6839831564401224,1.5350218028658744,1
-1.3552583979377748,0.1462013133265851,-0.5712104773725505,-0.22722097700391675,-1.4349444864411165,0.3355067728826238,2.0982338844949355,-0.325887805676756,1.6357669166271416,-0.8395776458537993,1.1174127775428604,1.4354843480503523,-1.148622817755935,1.9882854204750515,1.001849994279441,0.23703956622046018,0.8202466680171994,1.1395519835181145,0.194193099571476,1.5232218306209209,1.3051305395776032,0.7672728662119658,-1.4230403963013527,0.7888004545458971,1.541333936369086,-1.0968290014571798,1.4038912435703652,-0.0805276983838,-0.04451088806127844,1.0788994614561562,0.45698965002776626,-0.28817004650105327,1.4229780220474473,0.3649159454957863,-1.1812522854183434,0.6730614567167122,0.11893069293961389,1.283388804216595,0.5440532670430589,0.6907597587460359,2.057124239178715,0.5674660328487607,2.4774573854747644,0.062364832937670936,0.5076520072776142,0.6582692674383038,-0.372756127314121,-1.2389349276098938,0.030664978018943696,0.6675411067263328,0.6693546433881241,1.503412997092225,1.948107558216063,1.5842007697812461,0.43379512627049177,-1.6900661152523078,-0.39964447092871,0.452887022654041,0.7616558799804679,1.535276257726481,1
-0.9878037670908963,0.013490359889920228,0.05333187034585074,0.3105687001085926,-0.8246268099384759,0.6948096176752891,2.267585283746011,-0.5670359381977583,1.281968557569669,-0.696319307627896,0.5942707042659243,2.087256280372205,-0.12448139679981851,1.7760819748262242,0.6625149688574679,0.2548717400478162,1.0871789575299071,1.2904067983692762,0.7433036816622873,1.623482772040314,1.6627700276504171,1.3271491285603148,-1.4920690763308613,0.9154290105080286,1.3243602162825692,-0.8141184274959776,1.65802601070652,0.1921228853614817,-0.10468347116994434,1.1494336747524443,0.7200467734591918,-0.3473786464861463,1.2674308961683942,0.5893926428534328,-1.5618113804629075,0.8991723564682289,0.38304405972499517,1.4568878927005504,0.6698819313299211,0.5534820226419397,1.8066329999003148,0.5812552579519519,2.6101091361288224,0.15417455687661613,0.4696983816819965,0.605034479189995,-0.5523704016353506,-1.2084787204370107,0.09391240358329236,0.9013127747243549,0.3649728993572721,1.5704203715171814,1.7568550151330762,1.6586319409652697,0.503072872734634,-1.6234564074323485,-0.29919478558495016,0.6459170595011926,0.6451347324488403,1.547295434264844,4
0.11729193437212648,0.8238332467459708,0.228657163166341,0.39971129948696704,-0.6036625975241857,0.5948753868691691,2.7334813490344114,-0.7022779067678309,1.7191136248557384,-0.9152835487139335,1.2127546025752667,1.625477932342082,-0.3303249909072231,1.5766024834520798,1.0379629567495738,0.2276357800209067,1.0398742754294512,0.8497079615388216,0.5918965470992539,1.453073146092665,1.2991796898408519,1.1437912119920208,-1.6219514601969889,1.0536435517661982,1.630038624636385,-0.7478759665815666,1.5638816806681655,0.2809011297330499,-0.025019065882991826,0.8210226577745876,0.557389862182338,-0.04244464298536832,1.275671231478003,0.4617690285699944,-1.2104177035230637,0.8278201002833036,0.3534985998735849,1.7033301089894268,0.7825381798101668,0.6921039633859801,1.702603803655742,0.425752096007438,2.647099385005063,0.06019996521180758,0.4612507901672405,0.71070972751427,-0.4246202192485185,-1.2897190143871586,-0.007711485553529811,0.7947948125916928,0.4551197883578381,1.3908385159569905,1.561200604588187,1.837596023384248,0.5472504089701301,-1.8055568861394362,-0.4978761404291529,0.45929256158295545,0.8047583857911933,1.4357450620510173,1
-1.9479977882628574,1.1055903679036811,-0.27744371666996864,-0.5028913382505065,-1.376689723781292,0.13152748015726368,2.812515521081093,-0.40074924239973586,1.674984470133049,-1.6586094960312945,1.0671271515548613,1.9424070224445003,-0.6493742125128786,1.7177227446915533,0.9622384700397195,0.10405903089908289,0.9925870482023419,1.014241613576635,0.26636313966968106,1.7731178522054172,1.486288920542434,0.9290336023395199,-1.4758014665459447,1.1967848574685924,1.2682847467193057,-0.8858960346604037,1.3634571901434729,0.17366538824922473,0.04849281711598353,0.9837348123865498,0.4292658291380303,-0.3632904346568513,1.3360494625102044,0.38682317446797154,-1.4849425704939037,0.7957319951770112,0.2934216064499743,1.6582844116955346,0.8676553641134621,0.7385122877354912,2.1527826116236746,0.6782722834052043,2.692612582764858,0.2686193382347405,0.45108974144676833,0.5960605204937356,-0.362028988291349,-1.2367198751521482,-0.024965660033327945,0.7281941043299501,0.48914609281454213,1.4170492079510681,1.9163202843188638,1.5095522972878581,0.5683903934361645,-1.677721178215399,-0.4377399382241943,0.37652209072507337,0.5659748832086986,1.4375068881901183,4
-1.4367226245269078,2.0127727776040496,-0.24963464285772297,-0.1564298339983051,-0.6724071876982737,0.8067724252799732,2.9465916478093486,-0.6786417319404573,1.4537998766932638,-1.015629945148426,0.9068421585920551,1.9920408269193617,-0.39589797430339324,1.6696709336245132,0.6605938207275324,0.6042774400479969,0.932085040923256,0.91425389282642,0.301905530877274,1.269534057337788,1.4121352793093358,1.141732725474219,-1.6277554871124928,1.001596990433022,1.2814041312576774,-0.9112740100932013,1.5337089967757935,0.012683272881075264,-0.08391034878193929,0.9989693350806522,0.43610922913219186,-0.41061681623046953,1.337601956664494,0.5641972772232784,-1.5169423338516448,0.8235616606120444,0.265833412656814,1.5640266260887545,0.9933188261556938,0.855235168702615,1.941999563612276,0.5499049429544586,2.4516209861665486,0.23735610703233226,0.38030433457662954,0.6859173718556096,-0.32207871320584625,-1.1401940038069933,-0.10478219799010623,0.9787255182805773,0.43665991820708433,1.5357402637841548,2.0057221543688795,1.5763892251825877,0.29020646678743867,-1.514431913382028,-0.4538748146468357,0.5752485648670175,0.7445716540505254,1.4118480803478546,4
-1.1605095092779436,-0.6016012853194466,-1.1230735872952433,-0.3612780606651199,-1.7673618418358235,0.563808265071255,2.1322243268750545,-0.1080973316377769,1.651941989852828,-0.7444065890212775,0.9929470246309656,1.5665793848405747,-0.6206865898234273,1.4474738328958894,0.6775703929141834,0.30210716243020574,1.1918289775300437,0.7826139956609985,0.7080624433616641,1.5469843788499316,1.5283376378619644,1.1165526245847663,-1.4010793507412276,1.2230761113190864,1.4915063322909528,-0.9212290275252321,1.2782123115316406,0.18958702974128358,-0.09967721694648185,1.1396384236320543,0.5563064789063995,-0.20100932160354276,1.3511807180556636,0.3471572013480915,-1.3987462004816138,0.9314992381643106,0.18118503085655518,1.665689714410756,0.6852716101992694,0.7989667367184293,1.819104890994156,0.4573561325118449,2.48380756098056,0.22207877529450362,0.6514301571429267,0.6261008209933987,-0.2797520170340587,-1.0249335539493982,0.06555187900771685,0.733752567720594,0.5321788223663856,1.59180777261914,1.7744408576342827,1.620670770380768,0.39614920884276816,-1.693862386603937,-0.5577509496474057,0.451435147386241,0.6435787105420933,1.3758460984951295,1
-0.9274223973947153,0.06985508759958425,-1.2867477311315518,-0.25120361185030193,-1.0635405964317257,1.0380615346537765,2.6618309509961615,-0.9787355542227203,1.7130692506033705,-1.4569358362380298,1.0914860530776114,1.8551778099418623,-0.10144855365977024,1.8532676626613651,0.8721274266951976,0.5391980529269926,0.9274513255236646,1.0894097741602855,0.4445855176797665,1.1674767614708235,1.4825783483878883,1.0619924578394666,-1.4217900831642765,0.6948882925415092,1.3244771897273981,-0.8163194362476979,1.47730247334554,0.4796263100582271,0.1844816649655488,1.2649554892412926,0.6898174680152083,-0.13410521314449259,1.4530204364264396,0.514829994753307,-1.1512509602815233,0.9128134485959525,0.23938638996031034,1.7014546642702875,0.8542919704438504,0.6351029687976586,1.795911858102312,0.5721336813600332,2.594510865495061,0.044892714080809304,0.5280163118943755,0.48006722554498227,-0.3156241966994813,-1.3440532447417979,-0.08004504110218097,0.748134530160976,0.5140321020261532,1.5288223590471706,1.8849662770726707,1.7327359073626405,0.4716026322578466,-1.6120673965221017,-0.25531474722703384,0.5890267175149068,0.6556336876145976,1.6001261524885015,1
0.561474243021095,-0.6109269992474027,-2.022041373077866,-0.056484330587070086,-1.681408116459668,0.31736265627119997,2.7057485327211483,-0.5570165795539327,1.513592671558045,-1.2116968847941225,1.4776989720913156,1.5502018839240117,-0.8143334411586831,2.167603239236718,1.0269711103406092,0.16482705775487785,1.2865011860285085,0.8763358980784479,0.5208971249817113,1.3259057562933245,1.7240582816140126,1.1460630080644774,-1.4662221953805519,1.0576949285504187,1.5947709230132336,-0.7228105612216865,1.5641583342044514,0.2240934700523124,0.08544568287473045,0.9359070139999233,0.5740640016283072,-0.1302992086195447,1.2985518950796704,0.2919155395127462,-1.4597158498343878,0.8628453404265224,0.16538391855463735,1.4398692114815328,0.8152445275000104,0.7768273921869419,1.8895420275029156,0.4621071996503149,2.647732291970417,0.20568554618817106,0.4560225211812207,0.4703113940683911,-0.25821306095358953,-1.1895979039449327,-0.07659922581328538,0.9258574946624945,0.33511553159046487,1.4522272747129323,1.6950463873062858,1.830162435926784,0.5326951181980689,-1.622864015284906,-0.5432476382022233,0.4682026241120415,0.7200795901204827,1.539671448918207,1
0.34416165079322814,1.181008043135186,-0.7584541136839626,-0.49159117868111,-1.5449913494173648,0.22589730154871324,2.3531098351567854,-0.8821630669294673,1.9141848355986932,-1.1224415472636922,1.064797044506758,1.4817371891378972,-0.057674521205017315,1.8164488244548769,0.7361019847928322,0.3219516989458144,1.17112132021851,1.302982295983892,0.8324279892292785,1.364211144531301,1.5924022482904565,1.0647190690852,-1.4096620549252536,0.9685594725581782,1.6283079529505655,-0.6074446211712705,1.4860829494993264,0.22913749912333045,0.040264399658972404,1.2023129984487628,0.49452707645098115,-0.3354635248664891,1.4481197831686194,0.5435948449811815,-1.4188681288634397,0.8462075040095853,0.3855094822577514,1.5213490407057946,0.8093891057270114,0.6345289939476879,1.9745572615133662,0.5765052754883692,2.630258400048313,0.3732894756166123,0.5366613975872575,0.4580372791885031,-0.5367100089659419,-1.1402973036863808,-0.1494769986328172,0.6716836799798764,0.5312000816583582,1.6050847535003119,1.9012857637735623,1.7968501111849662,0.5612178986001997,-1.724592745948686,-0.5617102419288427,0.60184004287493,0.751167688255449,1.6290335195965362,1
-1.02160971429352,0.47015210066986646,-0.5816733732682331,-0.5926368533926725,-0.9503106206349595,0.4456095689242884,2.559109325542143,-0.6955735993586504,1.4696334644920812,-0.8894048925349056,1.298846463170392,1.9383758743489132,-0.3982176986308441,1.7068597711301863,1.1912959629392867,0.8115320465759295,1.3548719738587314,0.9635151922120978,0.5359555063580619,1.5313227110162617,1.5310922537662495,1.0920381308164724,-1.3982588248672982,0.9520656160760874,1.5372911191835272,-0.9566922454927966,1.3304581533793658,0.27151081433190094,0.2529765903733433,0.9806862237602227,0.6049468648422659,-0.2386977735288589,1.30325038535176,0.48301537534340927,-1.346790830006999,0.8203261403850918,0.39877769484722114,1.5721360177399637,0.6398605799241847,0.48223145188811156,1.8754023978484233,0.43026627709196863,2.6726251053568957,0.21411535033770396,0.3753663848408647,0.49069038663584097,-0.26282229617383057,-1.2338900081395792,-0.0594569437860225,0.9303443427977746,0.3536687793643362,1.4240176714400106,1.7065368334232665,1.7941252940407706,0.43243241454380954,-1.544945353113089,-0.37818149741927803,0.4771744074321329,0.7715345856637328,1.457457344622139,1
-0.2301915521990014,-0.053259254442264925,-0.19688787447837364,0.1705914726812473,-1.119586606665412,-0.042365023503826205,2.8318417276421504,-0.09068897162098916,1.7600931793799126,-1.173334841140479,0.8070782714272029,1.4439806786801759,-0.2521532609552719,1.658955671744847,0.7317904619232594,0.24422719266939796,1.0334554401203484,1.3965495152452758,0.5075741816411058,1.855829799838954,1.6138649585242304,1.0347808419334892,-1.2376109823355173,1.2309533240546058,1.5280967010472004,-0.8300034412302861,1.5095580057719773,0.47423220833939805,-0.11782678356462184,1.0073602949836449,0.713974527673391,-0.19704836517313712,1.491272171758105,0.5235420871312823,-1.4137749326956524,1.0854419610199226,0.2925045375605053,1.5437116402376503,0.8919657576025852,0.7749812876629502,1.9381995623278112,0.31505031132065736,2.5700188778922457,0.30941022962526377,0.5271235627740026,0.6067354628222897,-0.36453593320999006,-1.4010569911258781,-0.10160285671538452,0.6776572510554453,0.5110060657243517,1.4776695025747326,1.682201693130742,1.7069230796707817,0.42691767040298023,-1.5217440772819457,-0.5301337988571022,0.5092208160714686,0.8166190219616739,1.42905208304809,1
-0.7105387348857017,1.6131481607585398,-1.1128860253290926,-0.5139298265148031,-1.2125853013331986,0.5692646706438654,2.298542051919286,-0.24377769977359165,1.5933400571806298,-0.9243075531158491,1.2281290826047104,1.9006903431085023,-0.6345332277148992,1.7499636324628265,0.5059400697986813,0.5485414236956556,1.0776394632906883,1.1757597297028952,0.6829763440346447,1.5635320720267305,1.553952827789894,1.4257211981169486,-1.4338676458559554,1.1149583554946927,1.4986021503871088,-0.9392889842158613,1.2278407485363838,0.19832030214364527,-0.08680626727307927,0.9804757241536615,0.6587327663909985,-0.24155998588622407,1.464891923510324,0.5943559915713292,-1.2722209905756918,1.3344371657949297,0.18938583129635816,1.656643060378694,0.7894427751991354,0.814844329643954,2.0149201020298504,0.34028443835520306,2.4175744768347402,0.009102709635297218,0.48668962939047056,0.6405409226564407,-0.1824599107859559,-1.367203099474937,-0.06544757571178099,0.8515006088456957,0.4228511638560697,1.572463434357164,1.9907313053896922,1.8007273692819803,0.4601868794164621,-1.6829792767585017,-0.6260504582861075,0.4819648901714222,0.8111606838315092,1.4970472957290968,4
-2.0649958187849418,-0.04747438744050614,-0.8668879420896596,-0.5069030254809779,-1.3587859794781982,0.9129973431141353,2.588493700621448,-0.6532944180961511,1.5182215385803919,-0.9465935467177122,1.1565189914156653,1.5151404464489673,-0.5860693822157945,1.7023059458225416,0.5664862326175422,0.21963639019030523,1.0277963331145548,0.9719807449142386,0.3505636011135961,1.2160460812047804,1.8538484393325303,0.9881137486588913,-1.457123460348724,0.9871168790144996,1.3317235526921742,-0.8788020706473657,1.6711456127372368,0.5459240228301334,0.22812472459338518,0.9696941587588742,0.5643545504227144,-0.34950631152404577,1.4056821515228899,0.5297056182397203,-1.340259062141948,0.847583542834256,0.2071736627962621,1.6666681956072826,0.9000472410184629,0.6908289552600353,1.7998094991603308,0.38308647002029683,2.7599591156107066,0.2094057224374513,0.5178872551086993,0.5919473194814816,-0.4066854231600555,-1.112712174826355,-0.050723628206881054,0.7247938684219573,0.5821895317042841,1.4969096215180522,1.8397952283231085,1.8280385650294837,0.4396783717587343,-1.5274180143177207,-0.5436310429047204,0.4009584431323886,0.8384390870044488,1.461600555182165,1
0.5586604636649635,1.1408479219429126,-0.8990693910894494,-0.3026950879279865,-1.1063700679709414,1.0182553408883692,3.5301811486983654,-0.42746616140785254,1.667647136223596,-0.8829430632323101,1.3730351673284498,1.51262523470879,0.10449250455407344,1.6284772693044023,0.32664651999996736,0.2268568385890316,1.4286000417578664,1.3269719400813342,0.45482371859594817,1.504233468655306,1.718888556178312,0.9522024089511931,-1.4931839386816441,0.9974052396220303,1.4221916852081538,-0.5243850141180195,1.433175631353737,0.1615988341131236,0.07531164467730561,0.9678318983061375,0.48991642524035206,0.0896389344625732,1.4954254670978395,0.4565021593467526,-1.4352809229095813,0.9155431495738663,0.19470043715936175,1.257259301681048,0.8576222577471331,0.8502093755530941,1.8867667526323713,0.45024152969267406,2.5229890109860578,0.22522498357202347,0.387410549593815,0.7821106004239814,-0.4690381729227625,-1.2209864113425595,-0.014151840410300263,0.8392931310745159,0.25075582886201925,1.3326864620867098,1.8262035936767327,1.7331652781832,0.3323221295881279,-1.7598295333399492,-0.407904816804982,0.6351186242689302,0.5599806591020626,1.3939923613624474,1
-0.8473394887312365,0.49214235574571835,-0.9366072988441737,-0.7108548940300032,-1.580124065686145,0.781936641577194,2.1746433485605805,-0.7020311911008223,1.983472947314349,-0.7737520383924104,1.3317928396479815,1.323529941170348,0.08796357441429681,1.8765275236208911,1.2288090402620586,0.30166042813475313,0.9011196952785072,1.4172026037019718,0.6449388290321306,1.4043092718160033,1.7767324149621717,0.9973620627524961,-1.8067368614149322,1.0636147956489692,1.272152340921219,-0.9217658007112658,1.4588304089842425,0.3076725190459715,0.27558051241190296,0.9129118777931255,0.26491206083248076,-0.21639235328740639,1.3857229902540118,0.3844432466261931,-1.4466326198287291,0.9239848961512519,0.40321483323003915,1.469956970310562,0.609405940931147,0.7958801592649608,1.6872411287907003,0.6810125540277252,2.6144654941626193,0.1456887644188804,0.5104267008770603,0.703390050256469,-0.3778393888495354,-1.104318721199669,-0.19696574794646146,0.7464707048477054,0.3678695180777382,1.4355450243696186,1.6305445878061238,1.6660122131373227,0.4725555842849194,-1.650900366445674,-0.6777118381612766,0.623665962810521,0.8362211603900899,1.4926118896365184,1
0.3778119179275591,-0.3933284436515034,-0.7906188972433181,-0.1334876262565417,-1.0568114853863217,0.7990902244970072,2.1807012902457297,-0.4806790073272218,1.649459227319776,-1.1680084512735283,1.6797765796576212,1.7958108595423226,-0.3301353836829036,1.612941209293409,0.8493239814936804,0.5975949470807851,1.079577072630021,1.0244223120923963,0.5475824534366613,1.418042321759582,1.5836017654032837,1.0726222400489944,-1.3326469955980695,1.199748585931573,1.3251429352154995,-0.6322759425550608,1.4674510804300949,0.38285393640432575,-0.13539430698274377,1.0040406353281022,0.5113351902458638,-0.1856221382563458,1.5311777971664573,0.5100834297526882,-1.2494296217592882,0.8767332535980437,0.2508190043233896,1.6792595128794394,0.49207005161325573,0.49014243763278387,1.8377619915366927,0.5261624201339233,2.5921089498830696,0.21194799693172964,0.5427117231736994,0.669693076893431,-0.418608523393319,-1.1519045452084415,0.089638796704299,0.6975544290549305,0.4830880438431481,1.3869477028435857,1.7174194322910767,1.619821197498287,0.4969897466927643,-1.7341723018714865,-0.5784316623051937,0.6460558911748169,0.6871819212739608,1.2524796086645296,1
-3.2453077774906247,1.6175772669186075,-1.2281806064762484,0.037444411750303386,-1.1204279237194827,0.4818981428644318,2.465489329043081,-0.9266702631363853,1.535050583289525,-0.7926033647626078,1.0411939992141124,1.9591653933183888,-0.3539453456960726,1.6843704818767453,0.6026365712499563,-0.006653350344579145,1.2155660297774613,1.2732964672549738,0.6942150514097634,1.572516107397132,1.6511581256195766,0.8113971790684582,-1.3847414878409248,0.8224648664617832,1.428792929057689,-0.7146275081980394,1.5943399299421646,0.2894328432494591,0.10279278939156562,1.141194652213802,0.4817601443604563,-0.1630559507794726,1.2107884783971856,0.3239871069645458,-1.367087255193854,0.83915215786142,0.19953310493248744,1.4669656008504348,0.7053733321736889,0.5320735100551971,1.9184131651096978,0.44850048460304376,2.47655448906793,0.3063451376620139,0.4689943273592577,0.6855073433239751,-0.42150659701324017,-1.285837054137429,0.04812740037667822,0.6024905655609889,0.42595399656889266,1.368144443590808,1.6834679528045622,1.600079559602853,0.4188154260614864,-1.6023595836689704,-0.5005690573150592,0.4925869718065039,0.6223563264654965,1.4625548113820246,4
-0.20402105658599207,0.18620093536200438,-1.6515378135312409,0.00968346788080604,-0.9659961598152521,1.0843028871507174,2.900844732884582,-0.10913890706818202,1.4161597822241923,-1.1259432807688428,0.8401223245494045,1.372627542035115,-0.4283819546238847,1.8425581225885104,0.5094912260034377,0.21449644441088556,1.1175339425630282,0.8619048010667281,0.6169577394924739,1.3950278713679536,1.5793030004410302,0.9383614931308067,-1.636365167546794,1.0080013084474067,1.2442946731223117,-0.8047310115824192,1.6292388224758976,0.11969701434639404,0.13061461509252548,0.8434303304129716,0.7044755314755242,-0.19786422456626088,1.4210728814170472,0.46904925301013606,-1.5335576824288941,0.6755049044110305,0.3679679342974983,1.5276992785469328,0.8360038332302141,0.7994924937732435,1.7888141039595689,0.5263613442391523,2.5949601610359476,0.23557530557867434,0.41506691308507,0.6853520768707304,-0.26162305509596695,-1.1780742235118233,0.12879894791805488,0.8592410448167833,0.44125576339168543,1.4973880580226142,1.730661584064508,1.6077358244731612,0.5508230816837945,-1.6150159978825767,-0.5123261230607972,0.5543933219189716,0.793254099468246,1.4530763407551905,4
-0.5621969378748369,-0.39149855358989566,-1.0250855099906702,-0.5062988072328793,-1.6916962850174162,0.8004142791220694,2.56676219340718,-0.45265416051996793,1.4546909260002554,-0.7655357803581646,1.1713430480106153,1.144990195632226,-0.27865064073650125,1.748874528775453,0.8316397435763551,0.3275475001515849,0.8928170402453436,1.2887958633343568,0.24537887162341795,1.3148749141270166,1.76367079685925,0.9245325594777366,-1.249314101795994,0.9490263005938612,1.2914732201132288,-0.8791852070938567,1.503753601733958,0.27695953330309553,-0.15654830495964445,1.136724370083948,0.6674688596227414,-0.17967136558258215,1.4645115479915538,0.33959068597076075,-1.3347090167389828,0.9115042205443981,0.23093845276630243,1.7004978820552257,0.5699477869329437,0.5940408207127904,1.6903796740757713,0.5182737525019138,2.77048488612204,0.03917952518890319,0.616039399404923,0.7080780901517109,-0.35702396478661835,-1.2458016937765886,-0.11413479282955695,0.7968442563179405,0.39382651795487184,1.521562284148712,1.8561912997113512,1.6485412053174653,0.42493616267416745,-1.7293070092760596,-0.4910938050715085,0.4727513839818993,0.4981232042547191,1.4953251391756612,1
-0.5923725921980194,0.5792872976575663,0.12095031207016049,-0.9247666517660155,-1.0813694393259705,0.6221083284952027,2.1790483313633406,0.18988141017678462,1.7411131377282458,-0.7912596583098533,1.3936682730933652,1.8546514067076254,-0.7128568790034457,2.096762087547657,0.7571628888529524,0.25506710381585623,1.1174195034329084,0.967812556370148,0.5787948942964649,1.48416780878912,1.5174702031977256,1.2240195662219562,-1.4313236462395789,0.8012359401339935,1.256350136711455,-0.4797898932199402,1.5656039451615775,0.24470680321632068,0.020064543995477288,1.0823522339731313,0.5962021123035464,-0.030712429311716444,1.3762937190330868,0.4933321017259294,-1.330273638477261,0.71273180166602,0.3534535638129372,1.533391578561979,0.6822760859906689,0.6121028695544483,1.8349408482259977,0.579960092828449,2.463189896348448,0.11110775021777615,0.5408694833740397,0.6739859678243256,-0.43214869457833405,-1.3279255323761252,-0.22641529115020506,0.7152111551995429,0.3085914289357209,1.3148834826276303,1.8893099784502776,1.7693025225713277,0.4488732972409688,-1.5957200517078651,-0.5042958730903729,0.4677661670363635,0.6876942635228083,1.4820351708312338,1
0.3090374034537895,-0.30173753032522216,-1.3183100183060383,-0.8678096352359979,-1.2482613463245202,0.3252519566309855,2.5105294965132,-0.041928759402941995,1.367304522182202,-0.8900413427551965,1.460712638519488,1.6172401868190016,-0.8352665513774387,1.5090305140413331,0.6425458918414885,0.22655157827460526,1.3287532157052253,0.8067286460080031,0.5325614726877184,1.6345652845173557,1.4348807945402822,1.256262170114259,-1.633554567338558,1.4330226736556146,1.4400332403419418,-0.9577187298917217,1.880917581606703,0.24073566021551676,0.026551984677825425,1.0709165876185498,0.5497352343547565,-0.22898574667223406,0.9687847739059605,0.3996576609438951,-1.5839118109877088,0.8443559232052746,0.26417860840357216,1.479684910805081,0.8763517686239221,0.5554836885465491,1.7843818447122697,0.5466658527943834,2.7052377157710334,-0.008165080129442642,0.41881860357166656,0.7245440222237102,-0.4623775715685314,-1.1784142796137944,0.013076172083252128,0.6094175220015305,0.4029126816049049,1.4646688994625743,1.7779915302617613,1.6630961185218964,0.4694997927452895,-1.5911221893888525,-0.5187777895393721,0.4970896024175396,0.6902082007760229,1.4206339871894131,1
-0.16354764771997782,-0.40892315700795007,-0.9462702728174707,-0.702083887088856,-1.1584958663632015,1.2949676059279531,2.4169229867286934,-0.2967772273142032,1.3433331950651535,-0.8327225377606498,1.4851444020393196,1.929043102846001,-0.2004439076078608,1.693397485135773,0.7550026472694334,0.4156158423442042,0.7212274602358397,1.0668811139456058,0.6770784546725637,1.4414362947869463,1.5011070677480998,1.1606001131621704,-1.603688133868116,1.1895885537841193,1.275034051637975,-0.7749378496172685,1.6652560798017855,0.11175199069873507,-0.0694621772462172,1.1050507133557461,0.25414268251262806,-0.3538049456211184,1.3875755413397284,0.34407979200846617,-1.5835336180564359,0.8367525447209552,0.3234233599708449,1.3856515312688438,0.7630227840661625,0.7313395524925072,1.8747445620756515,0.5079690809963344,2.770512623118301,0.12108093595053425,0.716020980976608,0.5451714477820624,-0.3390033652231934,-1.2181769555946367,0.05435830608547918,0.5953907758495013,0.4085800049719267,1.5026586436768883,1.8011145995204985,1.6222331964589085,0.442651381717098,-1.593390082217009,-0.39740281000565647,0.47748444074841345,0.5766110965032486,1.5496321660539045,1
0.18189400934581346,0.4754831714028925,-2.273079540924056,-0.8870686587455927,-1.1730596130086395,0.7081465341147982,2.588376705398974,-0.5326597317295322,1.3125099681931005,-1.1709136711250625,0.5210142386601165,1.6145617011666435,-0.6858146301341455,2.0037152124258224,0.7736499188859616,0.15858631956086144,1.2105689143556995,1.1792506710301034,0.5040447569025571,1.513621253742294,1.6890714544164243,0.9773157437140384,-1.6330322251790785,0.9920791982790996,1.2983294213407053,-0.6815314080098308,1.5359290039200624,0.3168414907940177,0.03772005651911276,0.9993527985471036,0.7082016399542601,-0.2271515373640961,1.3580929298001647,0.48048636161464225,-1.3071768635048688,0.8964045751419194,0.4186187358799734,1.592415709956983,0.8175558972524135,0.6673974254292275,1.8627261156462769,0.663513705867828,2.619439689904995,0.34143636093991125,0.28604492548500815,0.4379585768323322,-0.47420854938051904,-1.187092063258068,-0.0508959448538436,0.7520669479479004,0.40647951504089397,1.6063804951294267,1.6740587117880064,1.8494213892068445,0.3384476267376867,-1.6432960255376035,-0.311590872798267,0.4802465837762959,0.6089949696729356,1.3844247112657266,1
0.47031137425776137,-0.15388025188352678,-0.6121894968100471,-0.3567284754687809,-1.4936592394069181,0.9001880693013675,2.615984062385847,0.10958001688929997,1.8709858532618913,-0.9941864323001249,1.1321540873463587,1.8457272643594123,-0.45598054865582205,2.3054547749003858,0.7709661809499213,0.3540339246653849,0.8124706738940339,1.0553838443344574,0.3539235739523399,1.377138915504241,1.613897163880974,1.0763481929474392,-1.7780321970830086,1.3357801996038652,1.2818861755198478,-0.7049363746720803,1.5942834538218504,0.2907630048869549,0.11736177177581322,1.031383362836185,0.6048790349442368,-0.2751573458057142,1.237482028949518,0.41749601010936704,-1.3175225628389564,0.7501279696262744,0.1418484811992618,1.546474539638924,0.8053412661903924,0.7929999483601635,2.1088609538014333,0.4194791630286447,2.534454299638708,0.2043568750685869,0.6644571039928976,0.5481102658900967,-0.3045361151091589,-1.311216819901944,0.09287215634169443,0.6081715947773715,0.3551682921176049,1.535695753671735,1.8457020003000204,1.7761199312838494,0.28615573749301015,-1.4872210969735524,-0.49408072705558825,0.6389405191347582,0.6903910741688689,1.5107233389500365,1
1.4767962751132098,-0.5186988387989897,0.21497224372975376,-0.7630644482057145,-0.9004806920373958,0.6601425027480009,2.1550032565111303,-0.4690772202419891,1.2948299089050228,-1.1795796786253143,1.144467014042431,0.8744519558633599,-0.866766709151308,1.7505099618318858,0.8401093698192937,0.41131404077864553,0.973030217985352,1.2448392352426265,0.45753728544863576,1.2153564727381247,1.619246860395725,1.1612475474466737,-1.5577962908070166,1.1572729120088292,1.5382279253245799,-0.9183218473848419,1.6096309375640154,0.20037872656880926,0.2673165618354862,1.065607060807601,0.6314362055959102,-0.41245415351237924,1.3797942769919096,0.496006812863488,-1.3501700929808098,0.811700270969018,0.16371401241016498,1.6247707924710675,0.7836726253649269,0.8684569919454914,1.7557964340244736,0.48767676148841804,2.820678783581477,0.08050564157335002,0.48713492787445056,0.609802428846411,-0.3478316574846233,-1.1616586141454948,-0.10977192513295245,0.7066350884325469,0.5605407000511595,1.470224732034835,1.864583930331678,1.6054591144469177,0.5066569503350641,-1.501345596422411,-0.30965024130132707,0.4870763507269082,0.7649338744130125,1.4952600102295608,1
-1.0336377446239664,0.020015110910255374,-1.0367488116196624,-1.1116445144961893,-1.808277850380378,1.0666963566528,1.5649317928682678,-0.5967341575620102,1.0243378422476164,-1.0460862046724664,1.158426236965667,1.6656480423648965,-0.3603628680383704,2.0606741357966714,0.814165499226374,0.22946815003552568,1.2772452597287756,0.9839599186218498,0.5801828490908637,1.601046169927034,1.2380048584693906,1.0868358107373342,-1.5560002123655712,0.8865836543867263,1.2122929121386594,-0.6158200252522585,1.495711310139555,0.20922468042595463,0.18296618489695604,0.9608656350537186,0.7687559010932131,-0.186802285792901,1.448948071954009,0.33276545641845007,-1.4382643818228649,1.0870479259331274,0.15985891126956314,1.4877874722198348,0.845682655609786,0.6830691538356973,2.0033099916599904,0.4956787732847896,2.5950845185938656,0.08643270671015534,0.3210205847896247,0.6357220042272748,-0.4966568234797624,-1.2317955052735865,0.03261706741812091,0.775663635060942,0.43239101639606975,1.523917598097054,1.694537314070878,1.6095487441190701,0.523207977607986,-1.545262983155129,-0.63546845561117,0.5068441654170198,0.5920024159685435,1.3878010220137755,4
-0.9116916668813828,0.9028333008250697,0.05085318802280636,0.6212566970195637,-1.065898048075819,0.7003286712170703,2.185863455505639,-0.9131872904129641,1.6264585105707348,-1.188228535263864,1.164158027416631,1.6658104129015336,-0.5032561459769784,1.639937498923782,0.6720819098006284,0.11282941453270523,1.1948906354324154,0.8477784057180944,0.49862028701375277,1.4164633526529167,1.4681895407474288,1.194972083459053,-1.4380869273386216,1.0802245358970313,1.4837866448323984,-0.5409256604900898,1.3925479458378516,0.42614124509260665,0.09177738135866223,1.2410407086396567,0.7030154871722556,-0.30871880092320364,1.1563657492509711,0.659216632643165,-1.3038345855006286,0.7529429417401036,0.4769631069573277,1.5909102735208371,0.9703505144034033,0.7142249981111417,1.758208602153588,0.710192747964436,2.653392361753691,0.13950507448745406,0.6091814085337929,0.6104176441039512,-0.4956382194680878,-1.2728334628637035,0.03433001003983098,0.6010904580192303,0.60141002807716,1.5203879422913003,1.7865551889958984,1.6578645048986558,0.5243101349569979,-1.6195790947907416,-0.5429767503064753,0.3793554356273785,0.7273835528762689,1.522374884747848,4
-2.992400975258724,1.1554231711719702,-1.1914181802581976,-0.3557375192671641,-1.5642543500901245,0.9865176643228272,2.876211728399476,0.18578261238275673,1.588239816638257,-0.6505396500094435,0.8484304511687761,1.4218680933402523,-1.1192123057705952,2.0215816942850315,0.7803734719111579,-0.23938910972063948,0.9128081830489911,1.1840846222824721,0.40280652222138424,1.3997751752917307,1.4340315678207693,0.9235691325760785,-1.329189429442279,1.1155907202865283,1.64866648970987,-0.8694884033802651,1.616880793249921,0.1726976988140643,-0.0603169370964661,1.0957939902275742,0.5376355194103992,-0.31668396063501786,1.309684252014128,0.33285574146712804,-1.1991912788635009,0.7356598778533187,0.37661822293131686,1.697941366131213,0.7599371934457262,0.5284055668259907,1.7895222140678781,0.4896535134002739,2.731469809040206,0.22569276542988057,0.38356587096613015,0.5447269261275896,-0.36819336655451207,-0.9836779119633621,0.18906497072433467,0.9236055057334936,0.3234656042867407,1.6083382644337019,1.7888654496168321,1.7223183605487105,0.476806788895415,-1.5456224867664723,-0.4956772208077107,0.43632095242616264,0.7184613208622033,1.5829762434690966,4
-0.2880906917820769,0.7274716908421408,-0.501702501335743,-0.2597446720534766,-1.051913975759331,0.5883558888284132,3.0540328163847237,-0.3415701134884753,1.4948718958666134,-1.0231135336657975,1.333719595267236,1.2762696853145836,-1.1193508922761297,2.046086909125817,0.6681156838057624,0.44686927062042203,1.328054062527903,0.8580344251636907,0.6794400639420415,1.1368565319229624,1.9383041598087483,1.0566884566463537,-1.477985161626484,0.9943025943443161,1.1869318303002823,-0.8621495240361517,1.3438501199741721,0.389087807749808,-0.059385276350833904,1.1270154658173142,0.5034009087364624,-0.34693309242395476,1.3965520027625622,0.3909545048876675,-1.5249457695035062,0.6885333369564332,0.34076517409507046,1.4518250118934815,0.6033965469396125,0.7670783797682333,1.7290743870880312,0.51263480812643,2.5756939391708746,0.30789157304138237,0.3814212053735457,0.6051250169836396,-0.426729803462762,-1.2607078673982224,0.03683374858736013,0.812742948705566,0.36890580994428823,1.5118606795888914,1.7240289054108913,1.66017564618488,0.532251509908768,-1.6098231851027653,-0.5784873583208502,0.6284272484827,0.6044384345547111,1.396478978772192,1
-1.686954162154887,0.6727898447988675,-0.20810122752111626,0.4542241922953393,-0.34086452181644245,0.6586730930737482,2.5777278420315133,-0.16763009964330616,1.1127575870092619,-0.8114600505842238,1.0853497722290064,1.5090444229692064,-0.1619137060602584,1.9834238722135802,0.585314826748152,0.31382876141503635,0.7636383869981707,1.0210249205878048,0.4817242415547738,1.592007418915424,1.5612755971427594,0.8852938914818083,-1.5156725727388647,0.9754467322217969,1.3262683029233258,-0.8381216066734822,1.676031731730009,0.44734932170950953,-0.013959417232584356,1.2225190398817372,0.5205319727631977,-0.31427482539863727,1.3887132075536353,0.6449897247414711,-1.5833199095436916,0.8934923094784304,0.2086015962666667,1.523375436088397,0.8117991742115934,0.898455249324988,1.940689202675789,0.45284758021750743,2.6177298736110513,0.29959051528415553,0.504578147419022,0.44367592200617806,-0.387688736414284,-1.244182840871244,0.18657961395196845,0.8283459745833337,0.6195651191256766,1.7094024590309607,1.7813576974277134,1.6338252609915136,0.3415347560129065,-1.5826208808284372,-0.32302921525213635,0.5206468913176008,0.6297921729431515,1.6379147326716503,4
-0.8911730642055149,0.4398225674968482,-0.5184105018112626,-0.4888864273149587,-1.2650976930141713,1.175229114907556,2.7475582899895636,-0.9044158013795456,1.2348032772622755,-1.0546240268408094,1.2821682762013173,2.346359364197216,-0.4265306849075868,1.9088079974344079,0.7237962743749667,0.2528635571958945,0.9787481743240044,1.2097723978547206,0.4381656953385958,1.4309268577054155,1.675586694147332,0.900061816982364,-1.2422817074507002,1.141625970725814,1.4473441867672256,-0.5741971463722797,1.5544338146551264,0.24861353723198987,-0.07823149368626627,1.0313530645169968,0.3827962567855693,-0.024250645236315677,1.275012777507524,0.5884630696934072,-1.3704375227380325,1.040066333635123,0.25505232918332715,1.6188320973908028,0.9029632560927993,0.6352526159206192,1.8515401425895401,0.5539690567217298,2.7776884311875434,-0.15553071863859907,0.3963131983455123,0.5488744121965411,-0.4418182558175788,-1.2283477458972212,0.08329280707694155,0.8580604033635509,0.38810751553585554,1.4454695056999523,1.6876441172350227,1.6032599555983909,0.42865856357121446,-1.727395972143155,-0.42614429214912103,0.39827240873517306,0.7419708005256287,1.322563288853826,1
-1.3220916114371164,-0.35467899550224274,-0.9488328530766481,0.2883903234695495,-1.1283911631893153,0.7729816140887331,2.3801708616105444,-0.268600675619987,1.2111718401488913,-1.2418861711227112,1.5617186819181268,1.7293815706121327,-0.31223686086366204,2.1819490366814986,0.9514537879132289,0.5337974740096927,1.019839361499607,0.9902448202388907,0.5514919047773137,1.687983324841079,1.4376020770464513,1.1330253576600609,-1.261821434366941,1.228528873773229,1.4328215814612566,-0.8064883109510058,1.605985646124884,0.13137445324591093,0.016971232816136803,1.1244752888913248,0.441211011369823,-0.29298738304850663,1.4676276587496258,0.46436996639303096,-1.3772869089522803,0.6838235033573821,0.30858840425116474,1.6635940072233892,0.7838038728838095,0.5513378057742923,1.8004517489907854,0.6954083658651357,2.742827222657747,0.18530255372181081,0.4482985817847394,0.6024013564931252,-0.37247377855388686,-1.0176493746231925,0.03274334759140158,0.780980859601191,0.41195676811256254,1.5133532812900448,1.7444054028271323,1.6400544212527195,0.5337093382588735,-1.6498824880340865,-0.4285678084634636,0.3584994779505412,0.6570462914857862,1.4082214528195502,4
0.808057335408922,1.01564396068057,-0.4249445933745222,-0.3362709884273125,-1.8322790823939203,0.8439086800348322,2.2593811285909258,-0.2307082740389847,1.8328250771236037,-0.8163420013677269,1.3651371916748118,1.8670281629900607,-0.7988007593110755,1.8602344549199072,0.8668114509489232,0.35520910940434375,0.9348120303900069,0.8230335879943314,0.5617768828347295,1.6280206804654438,1.4920287990605798,1.027530144281727,-1.1416099236274924,1.2152182140070957,1.4883686525600985,-0.8809513091074515,1.5932871398209458,0.1786876757721485,-0.010812422674854487,0.9912317708412456,0.5955726826857881,-0.31360467557618804,1.5485873166504036,0.600960885823672,-1.3006160912536229,0.8375979901176478,0.23627124503656113,1.3618451787076054,0.7123577491625681,0.6616646307070072,1.8003511925967755,0.5651748754212665,2.7244078203449176,-0.004476312287174877,0.41534805617831044,0.5499250399190578,-0.27196825718902073,-1.205934336696582,-0.08689308608355721,0.6066500806142175,0.391838438067442,1.4551287020293835,1.8055948620004278,1.7962986558346976,0.46249652440826783,-1.4562944872582775,-0.443492078476814,0.5981326288725577,0.6782104217197822,1.5774481903329607,1
1.7287527476407254,1.8020396063954116,-0.02814593371365004,0.07830054624967941,-0.8291676428507213,0.5721817331591745,2.3620884291259987,-0.015231720835915508,1.2709338623803654,-1.215667448142831,1.0102233588920455,2.1688915119503713,-0.26372443619983743,1.7689525441132612,0.8576026339674904,0.3218977101557902,0.9642721496955663,1.330989625158429,0.27178869634883224,1.437964622975193,1.7182490013698033,1.2030852832734877,-1.5277219704405511,1.008165391192774,1.246190946719475,-0.8164431693759169,1.6796834799293472,0.26068968935428644,0.20971938520345626,1.1978971515322985,0.6081536892328521,-0.14249229211884204,1.4944457484141882,0.6115410877356597,-1.4487886011790296,0.9307110263690489,0.14514467418304688,1.6085652229179284,0.6560446804592351,0.8926808104449717,1.8878059301501435,0.5202649120721189,2.463046345715841,0.18997665017537957,0.4518882299061956,0.7958221992309373,-0.3491448330528892,-1.0924124813470981,-0.11172097876309095,0.7973199064656267,0.376220769242556,1.5040882882811768,1.8971943197625938,1.6134245417552637,0.5020405070872425,-1.4681982983399595,-0.30992157416219446,0.6293876549102602,0.7219001114443018,1.5731113541417805,1
0.0866283622157783,0.6896607598910873,-0.7535922603569848,-1.480356135480825,-1.4975098399745506,0.44334567535134023,2.4705900910486345,-0.5727354830863195,1.8369073944955587,-0.7412151660896718,1.0860945988196051,1.7802096156705005,-0.37034866064681393,2.256019898477054,0.6496104409815135,0.5734247887869484,1.3925538915458229,0.6954791346572284,0.5587894975022799,1.461983013300803,1.7214083747115982,1.1517866220542585,-1.6046449304890242,1.190690060865524,1.5165041233942604,-0.8997093711707486,1.4777168647627608,0.2628207485793613,0.13718603861217177,1.0882551313631204,0.7032046425782006,-0.24046504324603174,1.3185677687467017,0.43601652678219127,-1.4595728414122582,0.7359993624193135,0.1938881786160651,1.3644977594111944,0.931855405577495,0.9016589634993886,1.831620919921281,0.4831494658733204,2.7613824918513714,0.11153493784265064,0.5532175547509224,0.38380507964556654,-0.3797507673481275,-1.2202891012182873,-0.011666983366591981,0.7359530553522234,0.44117090399560827,1.5417959680776065,1.865103387206682,1.6677771244058612,0.4588736086569319,-1.6658399273773732,-0.4174893528472725,0.5545924798645572,0.4988853865577927,1.2980968522134997,1
-1.427459504788147,0.24077756409917045,-0.4897964777707342,-0.21847597384154857,-1.206786521391074,1.2754822746859158,2.3677543803960543,-0.13771496522342624,1.6078862238196312,-0.9114611808630237,1.2987901350145479,1.5447741862076727,-0.5852264678279729,2.0530496267204046,0.5439976245641329,0.1372915307941171,1.0512077233118649,0.9319018507679941,0.610620135517634,1.5705943690376594,1.3017129402972407,1.520072575816637,-1.3488075050197148,1.310418481907675,1.7159585056315512,-0.7285256650020401,1.5607019210264974,0.35730356304602084,0.16155018164792004,1.1237475435700948,0.5107436320438089,-0.4079684644581959,1.366352435956226,0.5277716165537872,-1.3187843394129384,0.6384549621498876,0.34311878739197194,1.6207493148653702,0.7050940607390421,0.8318559419238639,1.7943971747987135,0.669522286669149,2.719853731001354,0.11390806630061437,0.5897762869002103,0.6200773874174526,-0.22862101004979915,-1.1829937091739273,-0.0653324281354555,0.8532623286431683,0.5794942700853378,1.3777972560992358,1.7090262343566118,1.6899074101331517,0.5302499455277266,-1.6857171291814261,-0.4362122567608517,0.4415305251649885,0.6306269929408945,1.5427797466530366,4
1.5098997993045349,1.1497862323409018,-0.5359051202613766,-0.2781606968599129,-1.233284596370492,0.18697481904586677,2.259709946466337,-0.2978698420628919,1.2230244089484246,-1.1391019347647338,1.253956365434854,1.8219862816678396,-0.9342894896677083,1.9212927858841324,0.6238085420198837,0.3149768728616023,0.9542471737304122,1.0450710122449605,0.5970682258239032,1.5286931064678746,1.4068316382033013,1.0470066835057248,-1.257726992762549,0.7468433174762905,1.547163962944376,-1.0035333467847969,1.5626185424115957,0.07591943024271,-0.03775563933328964,1.2251676868984291,0.3363125894630036,0.012627263039174275,1.3183847165646625,0.5097212174834492,-1.4267696314446714,0.8903542736902811,0.486121821382754,1.623670907958714,0.5667170549141148,0.6096126315923454,1.5658125020340923,0.5138048151817615,2.6568659624418594,0.19928839824546918,0.4820021596379787,0.7268037120891679,-0.36263077460377596,-1.1540096083666236,0.05407777639512108,0.6684344477810518,0.3131051547197567,1.4281284630234123,1.7206044075172546,1.638675582040816,0.4466097816814697,-1.5280394682258753,-0.32428634467177125,0.4130637532333912,0.6297629484917621,1.3814946406281077,1
0.18290744290419736,0.9594681082044656,-1.0197468910669603,-0.7086507241303812,-0.6585046579968733,0.9338780976358818,2.777736231136759,-0.6319531129481802,1.7458959203150524,-0.7722979701139014,0.6764867078957787,1.762410930215051,-0.522247239286185,2.046733259331248,0.5991503255667459,0.18804626577075578,1.0660582358908504,1.175655059870301,0.6454678307920333,1.2993650996806902,1.5505147533961428,0.9617505577343721,-1.4827505694597434,0.7748885458866108,1.4687247009231172,-0.972564700091515,1.610730904965902,0.4128035645428209,0.08640054844643708,1.1132604381359683,0.46187720210086536,-0.2790305657989952,1.4248852232665286,0.5633650270808974,-1.3276785438000205,0.7751827796682043,0.38983468332979904,1.5908945866314028,0.7356479576293047,0.6542816871774498,1.7025583124756858,0.36450443553246015,2.6548367542459057,0.10984494107990729,0.5882204956323411,0.5784931904549695,-0.3441509443610739,-1.3138061900782763,0.02572190089337902,0.826481287109367,0.5141280882299027,1.4986716013748356,1.9302447146186468,1.5234069611764358,0.35330791898801667,-1.595611758729953,-0.4223796685123025,0.5252152046634064,0.6859554738409097,1.3461207445683587,1
-0.09027438975137841,-0.543261453091566,-1.1438924940735016,-0.5950134556213942,-1.2921785340486767,0.6641389426445657,3.195786472090985,-0.2725338170466586,1.4194605245256526,-1.0041461209931293,1.4934051628840137,1.6936797987191448,-0.012780560544229047,1.8094397372566342,0.7344805536665614,0.054426078649277065,1.1659880470209798,1.1223586215892627,0.690291717547186,1.6109552660140753,1.623394829116288,1.208507528219492,-1.4031281750862428,0.9978225011405915,1.3325194249633758,-0.916097543977024,1.4248791134027268,0.2849353395904013,-0.034741019013644334,1.2704751106415477,0.5620547235090123,-0.2822706682352307,1.5034990525379106,0.3465038782538524,-1.4708805253448196,0.9251133380466131,0.21787199525400347,1.6785230905050053,0.870659292429609,0.5608349498220813,1.8148934946631416,0.518411819815165,2.567626060671344,0.22894011721284172,0.6505930889207623,0.6143299935923789,-0.4971168123489208,-1.0506717641572387,-0.1034750943174193,0.7456494839019306,0.676519127200762,1.498642140295702,1.6648812751830735,1.6343328500883212,0.48858950924578776,-1.5441399470300636,-0.4964178859580285,0.48750686974807955,0.6712067113024398,1.5579526714342982,1
-0.7874180437281147,0.7081062063090227,-0.04314762487715795,-0.36445164426437027,-1.1823156428980655,0.5965062334051123,2.7751794481710763,-0.39733249851071845,1.5342822054148526,-1.1688126802123964,1.1395461749280809,1.7195275313175462,-0.31188636836396033,1.6257709922656534,0.6542826753890285,0.3309531673672574,0.9839436033414986,1.1395849546545223,0.5209539147866874,1.4232856711663717,1.3697410629594704,1.130735948363958,-1.4664092349568272,1.275007676339737,1.3003933694189143,-0.9277636169301423,1.5188682596483198,0.2720303871680756,0.27847473845828985,1.2487832191590138,0.5305215595660391,0.04015356051923169,1.325368598172382,0.4515734929790597,-1.5572356602465718,0.8141249729919281,0.24322353768638502,1.6232188936862244,0.6656522147734724,0.8455335979471661,1.8497974659605345,0.5243979982820061,2.6574219907988477,0.2509818919451029,0.4248687791366651,0.5915325445877713,-0.3736499692944786,-1.2358864971508243,-0.13315798093143294,0.6368555137044227,0.38501003953985846,1.5213411172765414,1.6859321655213833,1.8064119681414081,0.537964702853742,-1.741208201216245,-0.4195035997893951,0.5634994585295128,0.6260559257269376,1.5816132358822041,1
-2.0243370817621313,-1.6697475271495303,0.3038401791515415,-0.2725610681832792,-1.185688913567922,0.8591180297374794,2.953841836472467,-0.01120543402139762,1.512546214607924,-1.247108008530923,1.1387187684799673,1.911843251102161,-0.5971975928320694,2.0629957635612266,0.4587024854870597,0.48776087167879184,1.126543630299989,1.075394236455384,0.3352151500305419,1.3763034033551063,1.4270970857969147,1.408214117109439,-1.402206718868371,1.0076673139211838,1.2057329993310355,-0.8663660322500828,1.6945954432580455,0.3733150704634228,0.05949575180919062,0.923966878413617,0.6804812691346013,-0.166888243242574,1.4194010365793746,0.277664242173739,-1.1880885021420025,0.9417858374503115,0.3136065866692439,1.4959475423328734,0.7477576890569692,0.6350408792952413,1.9629154789685623,0.40625536608795987,2.7516976089015484,0.34541374413239756,0.5121047106831008,0.5030228671412423,-0.4683771453421073,-1.1386991503232091,-0.2604701643404356,0.7927947965227888,0.5669935667062992,1.410111082153029,1.7871221030286855,1.7407232345122516,0.4172224236742827,-1.6201594575541358,-0.4250702354566341,0.47898725020283933,0.7463795077518067,1.571808533323682,1
1.1244597237068574,0.32080196054316645,-0.8288000755031912,0.2486471431187387,-1.5727216963406145,0.47940560272573374,2.004581328293176,-0.5694097824572237,1.825246927223695,-1.2631756035251425,1.083027747031713,1.7281754867613714,-0.23956112903782714,1.6675274367647934,0.8479397125861933,0.49153459281540923,1.0118133897450425,1.2070430445204858,0.4400687592442129,1.3334730542521394,1.434558314845943,0.7428464803400252,-1.5844692760057324,0.9933438827376282,1.0839271783891742,-0.9420762492482145,1.4554601698425698,0.34150179103678435,0.12890775182487568,1.211390919481536,0.46336621695535013,-0.31489563520589336,1.1578464894623397,0.5264229983181495,-1.4167407479194447,0.8308258897282096,0.2837048956647814,1.5063335193447691,0.801063926189071,0.5990320657552004,1.7642610656255349,0.613624069828755,2.7011410823682263,0.054778287437913714,0.5207587420527164,0.7872610548705635,-0.41078814283497883,-1.1457434146114263,0.041634246731178014,0.7930197565259735,0.4682318895890237,1.6108182107351945,1.6923041782067156,1.7655944343229926,0.49026799478344013,-1.4928549153202382,-0.3704717092102194,0.6990867049509906,0.8842648106580906,1.450639278616551,1
-0.047115468863558774,0.4748473276877051,-0.43502031688700965,0.28231499514653335,-1.030253381646348,0.25976928833748825,2.575661114566931,-0.8141787023506484,1.1109124482522428,-0.9832697650755265,1.2227984960853084,2.0706141704471706,-0.7815657324326127,2.0318974198468567,0.770522864930651,0.1518704325033584,0.9859219891673134,0.9406451713787873,0.43554225582413725,1.4539603328438762,1.4381476196144745,1.0286139567454293,-1.729218971120961,1.0618119067962501,1.3847909203047728,-0.648219508030543,1.45634757943743,0.21736480629530536,-0.06516356178967898,1.0557474166192362,0.5467148181576755,0.06481302918608772,1.2808012722557003,0.438334244277246,-1.569488444614269,0.9771256820397611,0.4137489116151529,1.487239279648435,0.7978326148088298,0.6424302503851266,1.86384671193801,0.5070039866472981,2.636653036434679,0.025121848365815103,0.5067173865955445,0.6861888541901592,-0.3217101998200179,-1.3300366888275015,-0.0612638794087049,0.8510195684839247,0.41318176623137676,1.4398386382062107,1.757079352655342,1.7884420329461184,0.5802738807839245,-1.6867523923031456,-0.5026628251397277,0.5714233283530336,0.5908283408967797,1.304027457538139,1
-0.5388188832687537,0.6013491255167547,-1.1028915467397793,0.32769817134701085,-0.923161375238746,0.5131244673914084,2.7599731397062075,-0.5057015087501836,1.2715050281394829,-1.1040227592960858,1.2726292643781016,1.715622709050047,-0.5724116186500616,2.2322060307675375,1.099877933460084,0.09224195409375657,1.150370876492681,0.7698649175608803,0.7801471441545005,1.497537054137138,1.7017217071911883,0.728478878377758,-1.5037906453323955,0.8122312365331702,1.5039007830959592,-0.8425688653077218,1.8331722631560716,0.3242360559729507,0.04930684665387114,1.1300062363407908,0.559864027660497,-0.3220859801156816,0.9742689386695567,0.6128629916378979,-1.5092422311461793,0.9154422207653242,0.3750424890058366,1.5999716141521574,0.8327492639099833,0.737627654071686,1.665785905578332,0.5252074855030674,2.814473783417609,0.11222705062817503,0.37876723327982764,0.5857851345891488,-0.23405692696538508,-1.1682755916978973,0.05588950045899604,0.7599735917844308,0.36374559002121576,1.3393877253985522,1.6683359994244489,1.6131332930475593,0.5921852819308127,-1.5197086013244407,-0.4297600463287396,0.4688607679528136,0.6401320373223964,1.534018044434301,1
-0.9485554017390392,-1.1972150970294613,0.19600337151049085,-0.643251150520362,-0.6709543228424711,1.228909352020894,2.4758470834994672,-0.5526267358625133,1.5830801111614314,-1.1864897675328674,1.129894519660746,1.5091395417337454,-0.45892294558128416,2.084208511358254,0.7642181044664634,0.21175517806752642,0.8888930619125837,0.7374545054912691,0.47531341235602664,1.5248116871467257,1.6006553961411574,0.8477432937389557,-1.4068024480313812,1.3141630059548475,1.288738826766088,-0.8867008702674036,1.28926495513053,0.08678076381040992,0.17024769178095855,1.1319404155249277,0.7961049500290687,-0.41874022223058416,1.4708841974436269,0.5572045787582112,-1.4109154704367417,0.9835040216764314,0.24316831357692645,1.5023548979414236,0.6776097265989922,0.9154614308817894,1.9018519814342665,0.6873405630932905,2.6684995959961513,0.1656498500565687,0.5527915560289467,0.5559497260354098,-0.3792382513653683,-1.093387313571699,-0.08299222818730254,0.8245247263745626,0.4987612168429951,1.6385962722962597,1.8270869536565018,1.8616930133704597,0.4378929276766806,-1.5388443488858243,-0.3125551756570957,0.583923534320233,0.6983412376459498,1.3587243090740289,1
-2.8375387771736196,-0.5048652982397801,-0.7312990577885415,0.004493359352927273,-1.3948924332691868,0.27185113753724394,2.557896876053753,-0.46688573838450037,1.5893467049423617,-1.0149147207908096,1.2154434536191392,1.8713316380456364,-0.9757214298008255,2.0870021876696305,1.043047781888472,0.4104251402867026,1.3285012187139387,1.1447467474832966,0.7899422420244387,1.3716883020354373,1.899175680872267,1.2968928191391536,-1.3273861904038102,0.9918467658543249,1.3849702444452232,-1.238643572872292,1.2976065878086862,0.3124288648005591,0.2322191958824269,1.1830634002003217,0.7237697230285693,-0.13596379078254062,1.2141875258844537,0.2913679809081905,-1.3838707858887815,0.779321993389404,0.3614056545666505,1.4138486026243022,0.8068707622376441,0.6946293840420379,1.7732365022338499,0.42941880889055817,2.588193556157789,0.16412439664719009,0.45144890792313763,0.6660520665141293,-0.23492642028768213,-1.1908503369020644,-0.0709481080587323,0.588508698006541,0.5014284107310227,1.2878719989056988,1.7131628160352481,1.6634954922662009,0.4252406925344481,-1.5520068454972684,-0.5955095108262705,0.5755918232486432,0.7003267192851587,1.4872702457088025,1
0.0332038688705234,0.30022853514676934,-1.6835775366431889,-0.7431694746126432,-1.4386889351829801,0.7395101767054355,2.877799607053949,-0.5866067415871846,2.160826472039639,-1.0008652471467523,1.3227389286897888,1.7386563293836999,-0.1371609978559743,1.5896901394774412,0.8118244083935897,0.2310666261468738,1.1496886788457208,1.0729622490525093,0.7599261275892586,1.626549573378815,1.718845514426773,0.9671947045835736,-1.403908084538184,1.0795824357556878,1.275375410374194,-0.8033004574814827,1.4533069048295026,0.24675686882056722,0.08970393230940618,1.0265492171185344,0.4650954724933971,-0.2265156652554955,1.4489250650882288,0.5782589218786393,-1.6326452962947007,0.8238906640762813,0.3614626412858457,1.5367537095327595,0.824494592325977,0.5037412806037005,1.8219706932429929,0.5813759820676055,2.552454485621661,0.15300902684864603,0.5382917727524478,0.8088305183201281,-0.31197109609961854,-1.0948520063994127,0.04289443186299942,0.7969231132718371,0.5287389718808856,1.427676833866205,1.797856106460803,1.600297030027898,0.5808650474990198,-1.5846807841924548,-0.36163082790758394,0.46078964485922436,0.7951438467430141,1.3649506108643696,1
-0.7911536266407952,0.7920950007471437,-1.2922522555174059,0.26076842045719917,-1.188300592730721,0.41386827524477404,2.621824319364568,-0.8738907594290342,1.625905206865779,-1.2129208771903777,1.5633493467291555,1.7397077628170092,-0.3685856169945622,1.86135742086382,0.8211446921415507,0.1045660025453034,1.0335976378804765,1.1847280473294937,0.5618249109989691,1.4090357479401154,1.7489857470946124,0.9383378723895232,-1.4768186411903725,0.9288272921051377,1.3072471011320892,-1.0777659631495773,1.5384383386649727,0.18918799457096733,0.14610722231401108,1.0292857663154145,0.7133606387017676,-0.24688091617475555,1.563623219319526,0.5622379617795422,-1.2046236341972938,0.967407189771814,0.33822277011304575,1.5311728813206151,0.7841244158591286,0.7358513336410177,1.9069319233235285,0.4629735906591119,2.6690383141350127,0.1637379358440407,0.5533293122706151,0.5051803106863134,-0.4099648663600227,-1.2686347710977883,0.02413636150052316,0.7372385175503824,0.525025371054044,1.3866107072975138,1.7652992889670376,1.6861526731825138,0.4688498461079213,-1.6329773163218786,-0.4316724458462335,0.4730409248715259,0.7266707907685755,1.4640472695339561,1
-0.7092348689323233,0.3977857070005449,-1.7358737767242576,-0.38722024623250656,-1.1007086467899736,1.2878019646420542,2.3571694873868494,-0.501832130287944,1.4067513025504488,-0.8501158435393058,1.202776942905754,1.9545357825051677,-0.05161385007324676,1.8885595834265239,0.802113990721266,0.42024053927632343,0.9684177759758898,1.1955304217390053,0.6245417415737503,1.7041594802872884,2.0784064525098773,1.2437548541966388,-1.5002278858742568,1.1059320656228118,1.3254301977311214,-0.6958735573270014,1.546408737508638,0.28848837159470514,0.14373114710934393,1.0650472230478558,0.3528634498067885,-0.22928632636237442,1.31594645357586,0.5067572233343158,-1.446264701757609,1.1120043172666911,0.21075126685856052,1.4310010816371086,0.899275695885452,0.7617255718341579,1.9344031779051343,0.6800944464262375,2.684011734862058,0.16275013369770755,0.45386835126553443,0.6093168351499283,-0.3728549317624989,-1.3905482232077233,-0.07535684311363407,0.7785262783721268,0.4232778221401226,1.3946783654760802,1.711889805987714,1.8170990571522063,0.4463469235059735,-1.7618914761787958,-0.545165093638428,0.4406635497320011,0.7606669585987959,1.4311588989018966,4
-0.45707302960895085,-0.9929770486761988,-0.8868286140290423,-0.6809918828256176,-1.1078606660400718,1.3865769179412708,3.114427505331302,-0.48360417493314756,2.0681013463372886,-0.8342800540967886,1.0077462631234813,1.90297017582735,-0.19756190976906812,1.968628985650584,1.0264901559793502,0.2658238267346969,1.2609249867532304,0.7381216046914932,0.6886943121170492,1.1875116793912626,1.5426197457817425,0.9181073023175232,-1.198395413860935,1.0722855951368897,1.7026089042841555,-0.8578019940718877,1.5615987493822976,0.3062547155365169,-0.009275081222510598,1.1680972878810898,0.5146754707292922,-0.22695150254810167,1.3529518990393157,0.42940159306313413,-1.3445720609138192,0.6571813256751367,0.34438228255425757,1.4205511799937642,0.7916659745920668,0.8990849078122546,2.002814784277069,0.3144388788994881,2.6031489124721023,0.034388755051863396,0.5387701571013971,0.6548405126732164,-0.3195023775931882,-1.0922270839262178,0.16132411403700408,0.7877450521751981,0.4956506783849673,1.365159201815569,1.8317364874983355,1.554367911186489,0.5036961898912569,-1.59321257139183,-0.4803736680598591,0.47264324013794723,0.795949590480319,1.6128072340016275,1
-0.7319388312627262,0.46733962296672904,-1.4135786003217161,0.036277270020737884,-1.9737540066178658,0.9282835643851547,2.493562076762033,-0.5102188899758091,1.5069294587259356,-0.743117311854337,0.8308071448829737,1.9503252244261322,-0.367710829039759,1.903602159569132,0.762146481545517,0.656741702321997,1.010133692563411,0.952142884052977,0.33207542765853815,1.4304101348432987,1.5041394856877681,1.4710925117105385,-1.5918482473222435,0.698320000205551,1.4104751478399324,-0.927405880495697,1.492730710083222,0.11107776594142266,0.03176963365152899,1.1023974515159427,0.4175427768823635,-0.3175934324590276,1.603814459010221,0.6070025512568851,-1.571143988560543,0.9480666651305646,0.19084758664353632,1.7440147872942449,0.5825571996925971,0.5903706484101814,1.9142310150219002,0.37216834837866647,2.7073741764096226,0.32327284407741264,0.3865600462737125,0.779245161612923,-0.44163489948729984,-1.2016753460731573,-0.04167284706217333,0.7365055405576207,0.565016781614343,1.3543727881733991,1.7513531540817076,1.7929373899869177,0.4856631823162972,-1.5575764456213477,-0.42865430036652014,0.5517565587182703,0.8250136177425073,1.4224835444784703,1
-1.4253869178005054,-0.24739165090533394,-1.309223258638868,0.16873845763429984,-1.2212391687632835,0.873698155342073,2.5496269080413017,-0.9496944120018598,1.504780099895399,-0.48618320720116004,1.234327647975334,1.7568120040473798,-0.42208210928109197,1.979637148850794,0.6226600602329322,0.040245276360699744,1.0576651713780205,0.9977795339841284,0.63125769398236,1.5122144820979386,1.7028721425396964,1.1059338045727185,-1.2585010905684706,1.0584361280930124,1.4230691709874612,-0.9809020445007974,1.2756852838757493,0.1111331342572536,-0.15654206646900728,0.9831654525445208,0.591154446856127,-0.24423317136043585,1.4989232016357852,0.47807350448636454,-1.3913213327344358,0.7761646228360948,0.1972090363004435,1.5209621398114228,0.9136357505678276,0.537258272705745,1.8726747172409701,0.2364685910083374,2.8011605434294635,0.1894191151280739,0.30698437380944593,0.6444162554388106,-0.3267390921078386,-1.140042821355745,0.09899123269947659,0.7707723708433727,0.42961414556343597,1.3487226095242828,1.5934673823223064,1.7941213820579769,0.4949703408410542,-1.6381680409524237,-0.4779543078125847,0.4954307407933137,0.6878468011415884,1.635300689796444,4
-0.4943275545285859,1.19851739094024,-0.0365204963821153,-0.9713413424866766,-1.2460264346095982,0.15505542866667965,2.4277356832676795,-0.3310933810289072,1.3358450511449662,-1.0631861863626442,0.9409950647449489,1.6815881373605017,-0.2387149916993671,2.09757863787904,0.5300697256919205,0.2631718712877208,1.3158252734179996,0.9698424537119129,0.3502964997312068,1.2100037046408607,1.6007887833046759,1.3044340456392356,-1.3632589230934624,0.7854658883856658,1.2252574321389385,-0.8466993457649201,1.5772114464520142,0.5890403520385635,0.15221711516841357,0.9265252586428862,0.48241898645523273,-0.11535261459709102,1.4324547315202605,0.5896119437506406,-1.237411011223055,0.7691609164956489,0.1637821913309026,1.4808806727913877,0.645674794111421,0.5383118703764309,1.812132845989387,0.5758668049110514,2.5517468825596277,0.09258122191188835,0.3892130649792366,0.5820718012550455,-0.44188678339916876,-1.1575664468944473,0.05957956135230069,0.6472183391572561,0.4579490566898719,1.2924718127122194,1.8190238710280682,1.7070921183160166,0.4343275122851597,-1.6603650184664596,-0.6721652584293873,0.4524152456052815,0.697355336191731,1.4949779737612425,1
0.3856826879377201,1.205285217122285,-0.30287938793283287,-0.6338504924080339,-1.455542166866773,0.7489872102302171,2.2582266908614863,-0.7380377657568378,1.5680512164612757,-1.0557697826917811,0.9508927467966853,1.9685281765704525,-0.24237589377467159,1.9923874541195201,0.8019362222489348,0.2589327940110389,0.9961810081936123,0.8848524227861422,0.24741670438917968,1.0548568235285476,1.5471923750861833,1.099135187955126,-1.4281031164200824,1.0949024959534244,1.4444952648054548,-0.8446091879689884,1.7093909769875977,0.026899982742804668,0.013999051367056495,1.18255217256208,0.6701197802753356,0.04502761350859491,1.3380900811719645,0.6992927244048083,-1.4757315596392577,0.6100714378938521,0.23046370502160146,1.2810259665494033,0.9388356817424249,0.8848858414613082,1.6540520378761985,0.6137579477439388,2.679899906852314,0.09269359590952504,0.4356664872453063,0.7516606031105829,-0.32703230195093913,-1.192792664256386,-0.009284254859942047,0.7551117906681747,0.5425649572565276,1.4118167725660402,1.8517325456499467,1.5913209891624496,0.4906320194553455,-1.6936862914617143,-0.43572342901490607,0.5086483138341209,0.671948064060981,1.4501607507696475,1
0.03192648684321098,1.0635668542662366,-1.1284474259806136,-0.08318520756983999,-1.1970420159765192,1.5613019653106603,2.3871351110967223,-0.6021993316964673,1.7072867198279982,-0.702980783344243,1.1989152108678358,1.8000964863681557,-0.661281619212136,1.77371589654131,0.759234724623342,0.19457175554019557,0.8959466139997563,1.0365370100190319,0.36628910411604526,1.3603372733849806,1.5697856802399832,0.905415990340264,-1.5827808290068814,0.9637231450312191,1.4477368403699344,-0.6861386449140349,1.4023706999338619,0.13267305454664663,-0.02282225635747749,1.0975640870079784,0.5326373062136147,-0.03616443419433174,1.4894036151430983,0.6349138081695103,-1.3576300057190098,1.0407401288899722,0.3355865600084246,1.7224842132720357,0.8000227487395057,0.9117269832003163,1.8552302866958625,0.473006689081683,2.509266425416795,0.08271280324491381,0.5451172947640439,0.38062003169900976,-0.36315330436861637,-1.3088854345348793,-0.06171233775567323,0.6663948812409435,0.5309775284192637,1.5520305076033734,1.5544095321151226,1.54317556418814,0.5138762544407576,-1.7123346450565429,-0.5414522304921331,0.476280227303076,0.7515187319670361,1.5297723558883922,1
0.883265606592422,0.7646128451737086,-0.9317316495047485,-0.5997287656378663,-1.656833597965485,0.7056000860713586,2.0782657683388868,0.08512321404801237,1.8978461195557101,-0.9167878207137846,1.4351412508616743,1.6405573121755346,-0.1993322336330728,2.145156462402686,0.8551714782481779,0.5765149572867543,0.9465493116737138,1.233238465577371,0.8384871892782462,1.7548402321428391,1.5639942250411372,1.0837046125965348,-1.4295335955973618,0.9589851395588695,1.2844419053923959,-0.5884128338527368,1.5085818981110477,0.16306921716876183,-0.07903413180391636,1.1620397654781256,0.39051292013879935,0.05297013367559483,1.3835226855007787,0.5096630411084947,-1.366080401134288,0.7984985797866931,0.34820966155733424,1.5392752134235004,0.7886454648959785,0.7400779985718224,2.031378742563132,0.42373407661626816,2.6270590251056083,0.14682839935145714,0.5227689977072721,0.4941494161690175,-0.4292582213438413,-1.271115638363017,0.1708109666964021,0.9152982146693314,0.5392552607943377,1.5569772335921752,1.6694338016031571,1.5669811926675927,0.4744411592900497,-1.6889257303615812,-0.4313155898693372,0.5995395668691375,0.6460286326993016,1.5346820606922158,1
0.7616524517606389,0.17645458669558217,-1.41676074132902,-0.47627033305347194,-1.3279919327424776,0.4785234883776123,2.8422913612719842,-0.7257762823948454,1.0217217140865826,-1.084311612411918,0.9596581439389191,1.561208455734981,-0.3546437854984863,2.152184524775579,0.6882923956461121,0.06328353775982212,0.879468190201921,0.9395547088288125,0.25218409616815457,1.1645580419405717,1.333612645317005,0.9126683721713031,-1.6432414858684492,1.0210582344365426,1.231728752875254,-0.7739245419110161,1.4465485035320085,0.42295976191429996,0.24918373213776693,1.036800379773523,0.5782177956698967,-0.32640348342148007,1.3494544554385262,0.36239907280109585,-1.273204151259429,0.7960450365277263,0.18756978294076088,1.6713039985461937,0.8557470804871781,0.6269600250361317,1.8033011700592694,0.3287260586717462,2.6294954946866738,0.34419087769209317,0.4188888426307133,0.5502567501910725,-0.4111928090287434,-1.2382583858239575,-0.12291350972028914,0.7542471345872125,0.5813802238519632,1.3389671807592134,1.8020552667127632,1.7677180924141123,0.3808249394624602,-1.7237198725130356,-0.31187652015937656,0.5441461038965767,0.7529456361950311,1.2433565027790499,1
-0.18896372450251536,0.3752659371093855,-0.8517491345764916,-0.7526745597540857,-0.9219905606792702,0.8835091083452062,2.0251293205744463,-0.11279987342415965,1.801844385272599,-1.0474101972009016,1.2674855330249133,1.9143140158273442,-0.6630948641711898,2.0490182581271457,0.5622089878790804,0.21033179649034134,1.3148737991892403,0.9441368191342066,0.2049453436857374,1.5081579312677182,1.5870770424687466,0.9575661200760383,-1.6940778630511648,1.2102771715509577,1.5105194363712324,-0.705566483076482,1.3405723474928029,0.022738834590589785,0.27542042954476303,0.9927336068365451,0.34863355958398945,-0.15374468587637774,1.3310008614910338,0.4371133168744854,-1.2333433070348092,0.8024888226976398,-0.03329592839545242,1.6462002942110234,0.8268523867405575,0.5040657361518955,1.8692993557825388,0.385917160876586,2.6167584585763017,0.17845546684814553,0.5981698849731403,0.5184083220984311,-0.33364081858243905,-1.2565071519284725,-0.2950258220678498,0.8133691386952951,0.4607865474055237,1.6095319637665764,1.6934101820191787,1.5406943881250057,0.5325672182828675,-1.7129967938732946,-0.5604569640565462,0.5647994562050184,0.7708533863314565,1.4757216903878978,4
0.8680585403841552,-0.5524262275035707,-0.6965536214871817,-1.0155083627747128,-0.777876588869195,0.6213955268169382,1.9592334468477652,-0.4370402578318354,1.2529471385209692,-1.1316865111611947,1.0624598347813232,1.767975394585557,-0.18162663572486226,1.747206793622559,0.7215834128181764,0.3753487273467042,1.0602250508887128,0.8353572359328836,0.5945127390914975,1.0786307409581553,1.931142096749053,1.3231307406961914,-1.5302450892272,0.7911708401655246,1.5087498217106037,-0.5819137781328254,1.3610658331104122,0.293704172942273,-0.04037368640785778,0.8833548330518134,0.6106296180668068,-0.35130238477491316,1.5288408876084967,0.46550412146599435,-1.442601176449556,0.8113952797019688,0.5262066563386882,1.4843802824356553,0.5116032254585241,0.6882135745120123,1.7099335673461922,0.5492149060207214,2.526949849486645,0.2400540716524337,0.36843177685664674,0.48111183991397793,-0.3704013710299981,-1.1349377064890334,-0.041953534702206495,0.7314012502608601,0.5765195964373876,1.6703735465469305,1.7952771596906378,1.6101223054522746,0.36701787169802425,-1.6701060008370043,-0.44248175617468766,0.5994643042953244,0.8948103610330315,1.2615057486950283,1
-0.90043325419379,-0.11480359555819958,0.21001543185478988,-0.04253196038866042,-0.7454011547213828,0.8676565939575724,2.0619679016676202,-0.7676698611218095,1.8319774029436353,-1.0463096331946227,0.8846847284479965,1.8547077596705792,-0.23219349476637685,1.9331600495583328,0.6301359329146764,0.23274670881049586,0.979382664100893,0.7814963086959718,0.2279645206934243,1.5270468686158163,1.5120317469311728,1.0685064341559702,-1.337053023177115,1.1018052186736065,1.306952880012585,-0.8482356639038671,1.2882455729660898,0.47619290131637393,-0.0537819237731887,1.1376715228813647,0.3760921605914813,-0.08364396487912318,1.2731376947963597,0.5153208639741174,-1.4959626685881522,0.6481500250457357,0.380448389029815,1.564075267129306,0.8140020936160105,0.5251562866299405,1.9609533044269616,0.6029095245758163,2.6925994383787684,0.25952011171851475,0.5424040226584602,0.435779863428195,-0.3330201454988776,-1.243707868425871,-0.023418896980861692,0.7892592955003561,0.5828067080782899,1.4630194308907851,1.7759560929003173,1.7644251813137841,0.42146035964089096,-1.4668363441438073,-0.34235867764743416,0.4630836586762313,0.6801171956710533,1.5856490063336217,4
-0.1564851560311863,-0.15446389844479036,-0.6801946096607554,-0.6083702206280113,-1.1209957543518598,0.5065566096733541,2.1171673831989617,-0.9591339507697956,1.2576134970373187,-0.8644480702044421,0.6435220224274693,1.62909076924945,-0.4282020383968968,1.921181341422666,0.8818665448976125,0.20828734085025163,0.8144127704197985,0.7842880295939028,0.48023021450871034,1.5712822370440123,1.586679608666753,0.9788074766147763,-1.0672234814616501,0.9804010308659059,1.3731949579509921,-0.6939143302509181,1.4568194288144924,0.36595821124966404,-0.05033662542575766,1.0606907321067802,0.45423966283819495,-0.0507081641384938,1.2808461953925065,0.66927763259703,-1.4022142928922436,0.8857292496874989,0.1345301773202023,1.3730931288685737,0.961170869018087,0.6220464496255376,1.9006518843977578,0.579375527658256,2.588917016796917,0.09835186818287155,0.5033813783672597,0.790013141429212,-0.2192154000690819,-1.2125933982047266,-0.23176709197957437,0.7271938676291264,0.42200903886409497,1.6222753152360994,1.6705469409979665,1.5719415219886121,0.5599700980566733,-1.7408262382494613,-0.3741594608456221,0.5954568482159885,0.641933337031436,1.3365039568170891,1
-1.32600803130641,0.30293954064383005,-0.4476436353198893,-0.849778543516073,-1.3856199051342988,0.09697039132999896,2.83087795110977,-0.6080661255775243,1.5408482361245193,-1.449688994735973,1.3609455218758881,1.8894871880140638,-0.5219661768342316,2.084233450525013,0.9298726759023022,0.3513815665579531,1.230765722949447,0.8914600231067689,0.5989505792186617,1.592421080895327,1.8833258231029322,1.006335270127981,-1.3583352084056295,0.8154921581395489,1.4916779254203827,-1.1449068477919182,1.5371024641462214,0.051958135878744593,0.20489478846856943,1.0170475691988659,0.6250620758170031,-0.11372009975463802,1.3040460114955288,0.644256286481162,-1.41192282167443,0.788868983184478,0.13771005915822387,1.5696498085954607,0.6953412057965707,0.723040308236984,1.7155930383918907,0.6001696986100988,2.583117327215725,0.01428441717067519,0.412389164237023,0.6344647506254958,-0.2051902604254329,-1.157717351693693,-0.012738257610234435,0.7215199600121197,0.40620425766059637,1.5020254617451294,1.4336996747985076,1.6670001137754868,0.6073607999825287,-1.7134961452350992,-0.481655615176713,0.6091241507528091,0.7142970625496742,1.3204645061946114,1
0.3338544631905014,0.6816073038579766,-2.262715867079325,-0.5102146190813217,-0.6186354752019674,0.5101501151314912,2.2184220419512766,-0.6673314174435885,1.504054189756854,-1.4202193767491162,1.5255900778509854,1.5304594317377276,-0.16607331168501777,2.063794618457927,0.7291126372490216,0.2906341744187184,1.1236588243719965,0.7471158287495501,0.5795545575766884,1.6068975809073647,1.7301185945144124,1.1625057164403196,-1.605459140206173,1.2483311214168862,1.514251060142245,-0.8816648802159835,1.6719945640914942,0.14432983427485133,0.05305101125758479,1.0750270583999904,0.5539225314825352,-0.22239655138766476,1.3540616588177268,0.32197836534864444,-1.4594674856767633,1.0320888031345146,0.248767162056742,1.656060588100537,0.6970073653407013,0.6937743601486023,1.8129824035970363,0.7895864092180775,2.6333881693884784,0.2986109258581129,0.5379468131670682,0.6307440622583551,-0.3175111237866968,-1.2076495237596945,-0.07422092104079529,0.7190166649358383,0.502766813201218,1.5977437216272292,1.696759239500514,1.8679043024758921,0.6236249437937929,-1.7200916099426844,-0.4266284488510675,0.3380630836356676,0.7542883969818877,1.5108258575066689,4
-0.11410526739080895,1.4698448497461472,-0.972126757425584,-0.8076674748129606,-1.5344319518251246,0.13367456520113408,2.3713712358888905,-0.4273735799199521,1.1309191451780165,-0.4066236013236152,1.2977397854417851,1.8568795185205338,-0.47663461571581023,2.1359733004916612,0.8649845017970919,0.39821897396759337,1.001471910147372,1.0443063690741803,0.49378727204962175,1.2185735910934907,1.5394069216738369,1.2831734689857113,-1.321532834061304,1.1642830206047021,1.5304616217093352,-0.6382531821628191,1.358250683565548,0.2960679788794542,0.07273576915450047,1.2142994361707793,0.41737898001241475,-0.23313053224943167,1.2438879529073417,0.3869575894198572,-1.3626768464079677,0.7179151957973657,0.11982084035450102,1.5329262064730917,0.608555809688706,0.747761786529172,1.729354647625598,0.48199827882779456,2.465057399560008,0.44740873697647104,0.6275291294705462,0.6486727034318956,-0.36104963615297087,-1.1383708880099197,-0.11150572887205824,0.6502911525807518,0.4399744296346157,1.6664138999061027,1.770068844689043,1.6547556531779821,0.4405214994062744,-1.6452671678737107,-0.3633794515562696,0.5473397711368523,0.7436537841240629,1.5366745483576898,1
1.01283497589521,-0.4667540583282424,-1.339000061064104,-0.2769626964498233,-1.017022772005535,0.48436811611292785,2.68040522630527,-0.6370744375529774,1.3383454097110807,-0.7086700186419761,1.2848142240384364,1.6058788855046278,-0.6063714528954938,1.8188280008465187,0.7982339693503114,0.544077081041809,1.1954659586227439,1.0787486532248174,0.6892282886940716,1.1199205404787058,1.6761907573636026,1.162176659964638,-1.6014837659170427,1.0877298068124177,1.5707620570850105,-1.1686770009644305,1.4920819112025896,0.10737564180510228,-0.10803039238884687,1.0543538791260338,0.6938435082897284,0.06549778692586666,1.5985312584993356,0.381254180927425,-1.534256701399621,1.0142162672972659,0.19862637758456553,1.4898743479082905,0.6593831718790311,0.6014467995532298,1.7703374921629704,0.6538782001611259,2.871246597289948,0.21753933746001308,0.3442752808308506,0.6235441468673841,-0.43733190378775944,-1.2603404749399096,0.10177706328080781,0.7397385345875308,0.41192753671738236,1.427260283353083,1.7080107079198876,1.670430158673442,0.5850630480159127,-1.5057122059617798,-0.4674256230776952,0.6098405861519028,0.5923032907204413,1.444738562073296,1
-1.3049563844488912,-0.15879337020563733,-0.5411048871399716,-0.005189065889753597,-0.3698640279959926,0.6946721004104732,2.940107829833595,-1.0961022039545498,1.5955060726625236,-1.0727580440669813,1.4170959609606584,1.57565348209313,-0.09446302457338962,1.6405972344286386,0.8614311416953476,0.28156360280425113,0.8722570450444916,0.7753829664072587,0.5072824560255652,1.415929060458758,1.6378391037620634,1.1908070610938988,-1.3396898628975005,0.7806694649284487,1.5344266684048344,-1.0247254480524077,1.4761358290747033,0.19832671543726701,0.06617437403453949,1.1884589905237275,0.8263380098239673,-0.25761932777565677,1.338196425908817,0.41846575677557957,-1.2324875402797963,1.053514697818001,0.2591835945891171,1.6183210673766335,0.7168092076060165,0.5737032265497076,2.0005583991676983,0.3579249239634573,2.7505980642982872,0.3394861476636166,0.4279583720999133,0.5988247707610048,-0.465522275765423,-1.4098355686141715,0.07249221474648385,0.7110410636742982,0.34628781031156974,1.3212774775989162,1.9164425776576155,1.718882187190335,0.3157328315170118,-1.6284855984949673,-0.5649720600917383,0.5374153497404318,0.7684449922958675,1.6284112410334275,1
-2.2408731491572973,0.5304201608721506,-0.5748501661355554,-0.22769949192457795,-1.3462409460219076,1.020844406879284,2.9015252421799365,-0.9214600756936631,1.5699105273177376,-1.2011450724737476,0.791868717572351,1.564514368999891,-0.12321302618962438,1.8338627828995484,0.5595930707979548,0.06804541532545275,1.0105803012367247,1.071029420217136,0.7489795514266244,1.3328505573921055,1.4977464652009302,0.8541591277330741,-1.7950535520669444,1.0302622328509423,1.3078631740501219,-0.7933646735513191,1.4289948881909504,0.20179672120912803,-0.161436129683484,1.006130099148357,0.4576158079816194,-0.03776109535704472,1.5042476331885504,0.5547158132328865,-1.4876658307134631,1.0485001990741027,0.04528239274743137,1.5806034274777587,0.8985240589704938,0.7028963455600942,1.8009883112842808,0.48925439361171696,2.631816529449611,0.16091061752250668,0.24973989356950865,0.6334989161500574,-0.5936217792979848,-1.204515346280178,0.05963254693029467,0.7650567195735072,0.42462036340726267,1.5889087255007084,1.745674767236141,1.6831626933485002,0.5249030903069554,-1.7186933300400855,-0.45487921593834857,0.5002854531132792,0.7661419143233513,1.5490272771073241,4
-0.9886940623141498,-0.2275083938963789,-0.5165328160109108,-0.4570607721441875,-1.3113596869928896,0.2108166717227553,3.340323757581549,-0.40276673585408007,1.4242530861178293,-1.0638751892203793,1.2363284100478935,1.8623377968890622,-0.4265396123861792,1.8259841060900328,0.832284347441017,0.10258393894126036,0.9786175272771576,0.9439093178367981,0.3759264057250984,1.5048257250691943,1.644436682341856,1.3011639931578443,-1.658224171283075,1.074975706822943,1.7323083165646966,-0.8121764245944864,1.5119190886159064,0.44830171927409246,0.007078493637145376,1.1589656912376571,0.6323499118683223,-0.26893749128553557,1.5587006377565933,0.528412397080824,-1.3115210660352954,0.8162055158643792,0.279029639034163,1.524780597765292,0.8157913861415151,0.6172988473964311,1.9786663851472264,0.6702339728598211,2.6578559642964414,0.05607498161649968,0.4406574703091489,0.48424798660112456,-0.2127517359380555,-1.2706656417296014,-0.004546900656378456,0.7171374902931138,0.4392336985883604,1.5211307434196883,1.8190117183168026,1.6129780221972996,0.4093181551595187,-1.489073672038781,-0.5202626101370216,0.6663725615686276,0.8618729818446343,1.484554696732604,1
-1.8726000054147571,-0.22896114504530146,-1.0696562671052046,-0.4245770357243852,-0.6370089228233429,1.1261461326823292,2.644834627518743,-0.5198721721334776,1.732305270447773,-0.8320815609877406,1.5469796099595912,1.450759186925664,-0.6240515283479244,1.9671932041408318,0.735239682004825,0.15053715590905462,1.080065603284028,1.1212258623160078,0.39797543949585673,1.5106018408486863,1.670070662134375,1.0871319820998548,-1.5303428296415933,1.0355783471366957,1.442064076041662,-0.5790799933245896,1.6861502658563583,0.27919607499288984,0.03210682243220016,1.2264568274337693,0.5041055072114426,-0.2969161472377828,1.152565732290013,0.3326578712954228,-1.42509820998027,1.1069524857004922,0.343173261090733,1.7203914681034238,0.8101657005194891,0.5684363083926837,2.0482668738093848,0.5077359730132411,2.6759247962596038,0.32939254117760147,0.46031039220527575,0.5732861763585704,-0.2528686363815582,-1.305811282421983,-0.10882345643020057,0.7250379793619214,0.23239127930060058,1.4350694097063164,1.800122027406061,1.5735221743626253,0.48176918311249806,-1.7267524256946347,-0.5393765754939349,0.6251072239140619,0.7085332877776956,1.484795385884009,1
0.14189683406638132,-0.14159809971513676,-1.3508338833879656,-0.5059795170593568,-0.9602102913502614,0.3496591545285026,2.8714626682935465,-0.45476328360131885,1.2862895907863046,-1.0262278184619236,1.4412615127644226,1.5202080928126769,-0.4751911691376779,2.181135859409054,1.2479412798579739,0.4638770622893458,1.0846481315068455,0.7759521827364665,0.6309768107474767,1.4321082762641706,1.7369176837462943,0.8375874496963018,-1.3219111437407263,0.9998477662621833,1.2650297040994218,-0.869753195771718,1.6602136422459695,0.45841352832351084,-0.021166968040275957,1.2153977551497641,0.4628426620331898,-0.5057239574296863,1.544983109837744,0.45203051408187334,-1.3700348982023238,0.8637062512250978,0.1638719417173769,1.526996559546699,0.7455497336932747,0.5382064175318149,1.8594184481583638,0.6416778129174794,2.619154277888945,0.2680976216045933,0.43394814158389056,0.7278077618861907,-0.4143798133086636,-1.2215549901446316,0.09655617680588836,0.6194509376552819,0.47116364652457765,1.2704626078286283,1.7511623176156368,1.6168730664705158,0.5411177036765182,-1.6258336831942612,-0.514860743649746,0.5517917816866571,0.7338191997014728,1.4498991014521974,1
-1.3832839760965825,0.18165860387321495,-0.02709925714048589,0.05862289868430498,-1.427639937800478,1.372765189509848,2.394732860261374,-0.7214423926429883,1.554778637623156,-1.292141623396248,1.5007658029129143,1.8892309354803563,-0.5138588469638792,2.0400629460424144,1.133490609393006,0.2902565417952499,1.0366328118219705,0.7611997484976714,0.3643691805975924,1.5324919438302695,1.8332468423488901,0.8663860861171446,-1.42461966450455,0.7921749400740407,1.5452395710922375,-0.766559870053802,1.4873141144171047,0.2584004492349971,-0.05589893896925907,1.096651970552595,0.5120221072083905,-0.34739200877471577,1.2957336318171997,0.338067895296716,-1.302952130202189,0.8177094363608572,0.1889841696518747,1.4522533339244699,0.9728424636911301,0.59993822629677,2.024314529238988,0.5356598981278622,2.7170922749073587,0.19835415854120061,0.5578624600863892,0.5239840984842506,-0.4834726858895332,-1.2941057674145113,-0.12382057921145898,0.6905170629963675,0.24521893743049508,1.5151531323198941,1.8597001971730485,1.7559175903304174,0.5301211228480058,-1.6470032114900133,-0.380714216981286,0.49254900749021946,0.6925120245963425,1.5425416522292306,4
0.1309908722460047,-0.12075275056327989,-1.0831719650791407,-0.7584964941988639,-1.0989751362796973,0.5254446566612624,2.4883403078127873,-0.3952561437714205,1.2691473248126508,-1.0996280322610514,1.440694775006714,1.6208945730293118,-0.16127499743473023,1.9137997985538944,0.8858520188000736,0.2857925906516518,0.991594285323544,1.2533164127618557,0.291919755376504,1.2521540986772648,1.3674854806717684,1.3885572826351285,-1.1958809849272327,1.1937399690323143,1.2847062336476862,-0.6926897072190038,1.4183573695039635,0.3756320576667476,-0.02431908622751329,1.2474378230907595,0.5910882595681415,-0.19409024448235784,1.1787588035526413,0.5690750535490079,-1.431822134446443,1.0305111094526074,0.2670584631546023,1.487419869248141,0.8163849009560878,0.5887112521898418,2.0661402236520985,0.48348039330488557,2.6191745797435715,0.20162197267202409,0.5407777196834305,0.6465497474925357,-0.3730240929603295,-1.0261897395398154,-0.043693381427838955,0.895465726998143,0.648745427063288,1.496241102206668,1.6467856638847507,1.870760269997692,0.5047275693416622,-1.6093695521373592,-0.5396100043711203,0.32293903075080765,0.7843310654518999,1.454404812000254,1
1.11058459828201,0.04044545022443338,-1.1032540283847136,-0.39430210818170863,-1.5157618048683326,1.0188276780852294,2.400228572071681,-0.22535771535978144,1.7125712003106575,-0.9872025591242043,1.2307643014279508,1.682907607750631,-0.2829499295135073,1.8372323049809844,0.8787108787056238,0.4658729111627349,1.1765195260509784,1.0134113752080511,0.6291299130556679,1.5933096878396424,1.432925514145898,1.0363839410291151,-1.3332952203490873,1.2284012117221987,1.506020748444674,-0.7062190857738023,1.7300295696118868,0.2886985770528256,0.005199062484289481,0.9857159472751751,0.302458539826026,-0.3337674658996793,1.156892860359903,0.4292175667817712,-1.409341743477681,0.9237245919707352,0.3432737959475673,1.6391767200083431,0.8304268994004518,0.5684451427688653,1.813965647074466,0.52455700962243,2.5474356722923464,0.14903250329202555,0.5337120900946966,0.531955014572542,-0.3897259220128535,-1.245461180060394,-0.15745900528895565,0.7366539647482491,0.4254273864443324,1.3795607089734365,1.799307015632629,1.6484795555402814,0.38507365441178015,-1.6457400159883908,-0.5651082460899002,0.6492744991920196,0.7947485349481729,1.2882871567359038,1
1.3340807164791098,1.5305404093614199,-0.760274478240399,-0.4136563840070926,-1.2246680479704788,0.31650211297034336,2.0603798319000513,-0.554598761530952,1.221150282074566,-1.1985198401954522,1.1949428420989745,1.8567329275903721,-0.629673133216345,2.11873898055037,0.726073650819756,0.22130689517243285,0.9237283843115327,1.0479814070749385,0.2549789199462298,1.2519672870315168,1.8927009272559687,1.262188847574716,-1.4076007434214268,1.0152201583377871,1.1512695430872877,-0.8321861408343467,1.4138166000257955,0.16484835982894597,0.04727636043830698,0.9322294437736526,0.5297357539321829,-0.4598835022581126,1.3333230557472238,0.4981284536104324,-1.6056567150901966,0.8173850873873676,0.19723160251721683,1.5358667236391883,0.6464455784350516,0.6993988451101304,1.7249686269705582,0.33701261957673945,2.675310975273607,0.15772269582678297,0.6062794490733527,0.45178402826813896,-0.404029417350329,-1.0590238749743495,-0.005126069735931695,0.9633157293712094,0.23643176396104557,1.2938355279714921,1.7637539371267525,1.7333811849688938,0.43379043396417066,-1.595416133446919,-0.5678389971433531,0.5487543225836267,0.7774789050650797,1.34200997155723,1
-1.7473369195062012,1.47091378848498,-1.1510029534673931,-1.2893754339788082,-1.4845300349538337,0.2591809194241313,2.4923781653960124,-0.5072939193993745,1.8726097697110395,-1.1954984652844998,1.1784660310096493,1.5915965586287624,-0.5769485924608277,2.1001284026177753,0.8481941065379229,0.5208094066270084,1.1035702979655793,0.7382794624181599,0.3967258566926309,1.238190047000404,1.4549713638289214,1.0241805064844542,-1.5738048644145397,1.2277478969060902,1.5048589064042872,-0.9214106083666614,1.579110637868172,0.3650578293611695,0.17275056231167268,1.2286398028589889,0.5963250902301336,-0.16994954163849968,1.4274936263578653,0.37069687399814033,-1.417867901361466,0.8285611725490436,0.20901802221151705,1.6816147344081513,0.87332369618946,0.7330571217363843,1.9488616009414386,0.3147793463176768,2.6965199840739382,0.2908494725480647,0.49422480919661643,0.5687782558670519,-0.3257723402408032,-1.1781337930781397,-0.0839626619680023,0.747878592022547,0.44914008379732173,1.4649261759489516,1.8994477922139366,1.671144436407418,0.4155446063389906,-1.4792204281045103,-0.3322363785944893,0.49011912627886833,0.6061946371233063,1.4007225378736565,4
-0.12036510727668054,0.9289772166570662,-1.6301674925347411,-0.6406839880509083,-0.9777537902580378,0.7356561566637305,1.9449160999289998,-0.022155409234258516,1.1504046437806197,-0.9307069297015143,0.9741349827027818,1.9479924880438482,-0.600291481150571,1.8197296304021744,0.5701671212391799,0.31731764103657567,1.0102531093892386,1.1221853948500815,0.4670074903696332,1.2152430386719963,1.510586783185138,0.9911351390083761,-1.4811937978041254,1.0104413371487564,1.3846841798458254,-0.7640491015518531,1.6564403690118892,0.12347885712534365,0.09913155022229533,0.9767086551290411,0.7275752382262469,-0.4311330303806131,1.5041761339511621,0.3570432712774686,-1.6446424792232999,0.9635015219143095,0.15146127151422834,1.6928942795663684,0.794631702197695,0.7015095582047863,1.9415370466423598,0.5358987931783332,2.6348635926952784,0.21791341296872346,0.41548900173964537,0.6339941073566582,-0.3786217625012073,-1.034742360131562,-0.053013612533443305,0.8121615375426536,0.30509103836810414,1.378464899424663,1.6946266342975282,1.669827317427486,0.4226392704291434,-1.581955639946008,-0.5223473192274749,0.36197849838746343,0.6890937367058463,1.5832434449524584,4
-1.7059825069900454,0.46672956730727977,-1.220569914871451,-0.39630263027431617,-1.4436107037075105,0.5694231543686183,2.3498463138232135,-0.31383013641297,1.0493215823742708,-0.9041220584911953,0.7783114243321552,2.058281816983076,-0.684250491328971,2.095156688367557,0.7809007003707218,0.7526343227017667,1.1736639301346294,1.2670451214787142,0.34067243153775334,1.2586752816873448,1.510560417578799,0.8808370421193719,-1.4465468608079846,1.3196112852906325,1.258970525083998,-0.751130607306266,1.6730368530673043,0.3615003736922876,0.15627121113320264,0.9932299978786342,0.47083101852507214,-0.18268990072603924,1.4192065217087848,0.70044457199969,-1.5592072681294598,0.9096974784201954,0.31967341050138254,1.4642948874388027,0.7915796084208891,0.6338107202899984,1.9556547752011826,0.16313259934039082,2.597961204502011,0.25933484802717455,0.5300865992674666,0.5711613599254505,-0.20791134694190044,-1.0249914368417317,-0.15184772414955383,0.7472750196667621,0.3790205856677086,1.4486420169686907,1.8393812568715966,1.7873120971913707,0.5052195225595957,-1.583902746535341,-0.5807970649324425,0.5852928844379472,0.7443371736202395,1.4207717607638661,4
0.06823519298826863,-1.1426983740202812,-0.1092271024406406,-1.028575192963695,-1.8579306133641382,0.6957125449955545,2.150782640164543,-0.311752050019823,1.849540057373321,-1.3097788454457846,1.430036167632122,1.7380590059281735,-0.3205867398890705,1.870978782263136,0.5494241457870056,0.10185924238031852,0.9997368151092578,1.1890076585848652,0.4495432762984412,1.3380082558389201,1.7901850528123475,0.9783259653410871,-1.4199229458922962,0.9879410939616846,1.4579857797514832,-0.9065216585844361,1.3972500961934076,0.26813343244985977,-0.21194952339354922,0.9843320292444296,0.5991780652410179,-0.1444435738220479,1.2744816759651711,0.4939760849585754,-1.5894985442331186,0.9031104754506207,0.37249820031083797,1.5093286691243728,0.7589911021957998,0.7677503855686559,1.8968337334363685,0.4595110418820154,2.650304498533872,0.14099706629962475,0.2382252695128176,0.6308641716575651,-0.4047138337166368,-0.9880111569313496,0.03873273910381108,0.6436427965950204,0.4194226370148365,1.2636894040832962,1.830481477361324,1.5769361112281288,0.5233681229215151,-1.5153188004876372,-0.5231501006367301,0.6301241289373722,0.561328730868686,1.308112298062537,1
-0.644849042821057,-0.9617080472422064,-0.8954295419396271,-0.46506325910075885,-1.9335265796329337,0.5554972646540813,2.2124237465296615,-0.7887567424231794,1.433896889552322,-0.8867200227919625,1.0170795929907046,2.094091710700324,-0.6115412116018646,1.853899336000594,0.6896458201646467,0.31317482411923775,1.0299337271048497,0.9283143930530056,0.3027197651445852,1.2317541742454479,1.544334043180499,1.3009279622685213,-1.4560836891775972,0.9131166683710454,1.4589421287464686,-0.6386286661797801,1.4408394226003132,0.049034214012652816,-0.012437375374373907,1.273951220042338,0.5193618476585553,-0.12220130056339058,1.4129716464712356,0.3548652309227627,-1.2948189757335817,0.8646169097164522,0.31133812695118573,1.5970372180187034,0.7704847523167081,0.7006705399535724,1.9130495592915695,0.38316240998358453,2.524862796418557,0.13309490694925433,0.4198197885057969,0.678146042871474,-0.3379383019231761,-1.2087498901999567,-0.030949278293397702,0.767621440444008,0.5151620490954307,1.4494279362243945,1.8348058510446912,1.6315468839988947,0.3389716490030845,-1.6539354880504558,-0.5427631188137788,0.5622953880021533,0.6191028504168381,1.3218388422487288,1
0.12174453290305842,0.12293071068468876,-1.9414229757185812,-0.4771078464905383,-1.470910135807882,1.0288967039873458,2.7671557717133397,-0.5377205483415282,1.2481368087048914,-1.2448152074823995,1.2847358129474242,1.8109544070830015,-0.2841677567087285,1.8458896161927616,1.192396465085335,0.2600095588422823,1.276847535949346,1.228147311417091,0.49565430606699357,1.390467624904862,1.4843981254928682,0.9921736281027981,-1.4462642823218486,0.9171961824427981,1.5627952050362515,-0.7077290235153482,1.4340146292426057,0.2641914542259301,-0.22047950457987997,1.1356065813784222,0.24637081039962494,-0.15767274228718814,1.6629429240011897,0.565151849339217,-1.4644492244147327,1.1575609950606456,0.1998057738047664,1.5130729830161411,0.5548045564104631,0.719652823786083,1.6473485161352963,0.494409121600282,2.605299156557887,0.1717624127321766,0.36998762353623427,0.6621165110704068,-0.39677505334361374,-1.2792834773434172,0.05693205057684704,0.9447234210291305,0.5147037940121055,1.59666203402868,1.7763897604698191,1.8112615558416734,0.48987859859993094,-1.68135033755373,-0.4529998948386889,0.6750338992104696,0.6333016825264186,1.4601430797473245,1
-0.4982439672952748,0.03840688931457317,-1.0818071710903512,-0.25646429255315095,-1.4046742406463548,0.5209889836914403,2.993534417626794,-1.1671686843683167,1.6774237147192188,-1.058601575398637,1.0636184564438627,2.086880573888442,-0.6182831328745855,1.5517068843833886,0.7460557699027079,0.2526220814808786,1.0786010917477247,0.8380622416875948,0.6717432541922808,1.3435713937742713,1.6518601185304629,1.2173369140256356,-1.2388900676097165,0.980715040079149,1.2507008354677713,-0.5865655549097007,1.4514783293129245,0.2911624163945069,-0.35877895988147424,0.9894553968885935,0.4671926606305463,-0.3633651601785852,1.2170008193231863,0.45200520786814435,-1.3308682474799374,0.7780373533663406,0.2873670520884275,1.7028744563429883,0.7384824264574299,0.8096740919014525,1.8504281273683456,0.20644208166692746,2.4149978107929684,0.09983470402352342,0.44225374915832805,0.9001444350986195,-0.3889290091455412,-1.1915787269724825,-0.07591969979380127,0.5716707761918651,0.44762050591948427,1.516499022130203,1.8705233861773933,1.7679909454005598,0.5528493793809699,-1.6883022264398146,-0.5274525323847323,0.5975793863835073,0.7684584947479545,1.4049148180107072,1
-1.79012328988152,-0.21407421674246568,-0.8678600349675137,-0.51696880017049,-0.39343318875017463,0.5383242257216856,2.4298564852112627,-0.5329025201397435,1.539678742828094,-1.7286023779213973,1.3731356046266803,1.6145220381002168,-0.5899862491677185,1.8030370795411594,0.7381951430127268,0.30159012366934845,0.9710312943314172,1.129733318443058,0.4382620984692833,1.228559940828708,1.6264136267447296,1.3091665103643189,-1.5297989682200845,1.0997537473137857,1.3978458638065727,-0.672465980695647,1.5563008770244302,0.221707305418875,0.06647774889927632,0.9694222584755077,0.6945256929432208,-0.06692397968244576,1.548354493992291,0.5221802683395121,-1.3467029298011415,1.0610328978036931,-0.031722486465878164,1.5086574625272124,0.6741047816284197,0.69856336053494,2.023849694720875,0.5352152318640983,2.728638646789912,0.09979156670653988,0.3915411048921883,0.4849394476740545,-0.5848067506656401,-1.2883876986226845,0.13087152864531085,0.772280007875326,0.6228743399312748,1.373375324411112,1.7915773358405862,1.7503307592034678,0.5431354048995832,-1.3846073647701453,-0.48160614520599365,0.5031850471753743,0.7189146159961826,1.6013539459826818,4
-0.5139323343723851,-0.6967799850896583,-0.4510879562465116,-0.5615926360858245,-0.9527457380808106,0.6461144882144555,3.11374756280295,-0.7335737948664488,1.354417011321736,-1.10051344000151,1.0938518532701538,1.5723488745847314,-0.35397370318888255,1.9588101585984778,0.44822228920898344,0.6649649055638771,1.2215039110971428,1.1062495723778842,0.46206955111262943,1.5421852041007118,1.496057565850897,1.1194536084316067,-1.588606522204823,0.8649704032274167,1.5527360134554964,-0.7214377342442236,1.443268195141432,0.3437416778453791,-0.07079359374343382,1.1977310057399349,0.531162575528081,-0.12586992063475505,1.4491720638779246,0.6385148189615265,-1.2750332650777885,0.7549365671838636,0.1975594974927701,1.5116795424902618,0.6308258127242754,0.5991334945740734,2.0633781232494415,0.5881781744365523,2.4471293442055315,0.19391579098836445,0.5579686475399459,0.640199838827758,-0.3736607350445269,-1.3223679904600847,-0.07732879856884595,0.6572176372832998,0.5217407073702118,1.4878320738596482,1.8676426144725518,1.6539074462667323,0.5659067358755044,-1.6849778170624328,-0.5218882409374543,0.5146825830424759,0.7560654664824903,1.5238126760439787,1
-1.3445148853117819,0.6505776809874668,-1.103056083396582,-0.7760730470126932,-0.8110325374748799,0.290939215190268,2.6492269624228326,-0.6147876779639484,1.5839783700888386,-1.0139683583978913,1.331050865152697,1.5728069182462903,-0.08964336557258573,1.6861103036675604,0.9459017722792555,0.47078600534143805,1.4733981285399067,1.1801406330235056,0.6361728383323305,1.3828926255261516,1.6984074346115259,0.7429385623862339,-1.5935180001643852,0.8703731521263917,1.4790030925725859,-0.9277098959688249,1.6057861375535247,0.30354603064742236,-0.20096855388074752,1.1814103112114158,0.4019748959567563,-0.22820608856541322,1.453105799806513,0.5110090075912589,-1.533495529413766,0.7690261142676253,0.1412524035543281,1.5834336734238428,0.7991024349302247,0.5674927751685227,1.852965138012533,0.5081130363537962,2.5786316727373118,0.3162224764376954,0.6295722019340969,0.70870501423892,-0.5436259430782231,-1.2247143977244481,-0.1827048213370494,0.7991218910405805,0.5289547946698898,1.5156462195732139,1.9143926893642462,1.742465613380367,0.5197963169216253,-1.5654657360247881,-0.5434972849159648,0.5806034465908908,0.7312430198988643,1.3994126040760084,1
-2.1634204644764585,0.7004433436397406,0.4629583929605745,0.431571344788361,-1.1258921011238208,0.5776983636572846,3.1243841901308884,-0.8193143793024577,1.3762614536648936,-1.0639969000849028,1.0360052366998267,1.5917885664682438,-0.4813869311755157,1.5154249925759293,0.9223877740878481,0.08231865005533434,0.9437190173961704,0.8548780062200397,0.6031883598559552,1.7695060358877326,1.7403878425970152,1.3417093447243098,-1.5560368199044725,1.0766971112246866,1.5627795085013303,-0.9210060276089043,1.4007708278603777,0.345351462242448,-0.055460623980249715,1.2705719024364086,0.47281894928635804,-0.2367348908919001,1.4006884260176997,0.3577793343024304,-1.3072550550515034,0.7661562484737205,0.19184784105845665,1.6126272338947096,0.7723282579805076,0.8011039546341165,1.5609997499513266,0.45696504585821357,2.4398357659161602,0.1557625116172627,0.4709109337873557,0.6994939409694857,-0.4188279462534229,-1.130973849948471,0.03596159828111223,0.7105359716217782,0.38848344520218914,1.3896593913867092,1.8299356725747593,1.5896643671050505,0.5073645156128537,-1.5430307675974513,-0.49354942055459894,0.655514617457395,0.7052052229297091,1.5661608703150083,1
-0.9238555478474373,-0.2728859335662438,-0.8130427113201848,-0.5494615744957683,-1.7695649533358597,0.2540362667243127,2.363024138342427,-0.3538596736122283,1.0663405454882309,-1.332602071236708,0.8390034147261699,1.8383400073068348,-0.36593648130965095,2.1351254048605526,0.5250599416595961,0.30582426307224936,0.9553100090958603,0.7443551947277555,0.5012397796697298,1.4814827064926965,1.5179771164005735,0.9940783741615405,-1.420553939388319,1.1264146338356518,1.3786935500050441,-0.8168124314601573,1.541120677385074,0.3502181135759257,0.19999034391065254,1.1260803781396587,0.47647252202272655,-0.22481280658170036,1.6809165515116427,0.464088012585504,-1.5330938576523045,0.9867684482923287,0.4492041065851168,1.4084754059742688,0.8339751797999598,0.8033595689820465,1.690392246612843,0.5823464545577016,2.4647701143501677,-0.08301235690802533,0.4506962465815484,0.6700272195523955,-0.43342854292563726,-1.1805370038452119,-0.01026341240831169,0.7205465579504439,0.5900676755830399,1.4729516954629065,1.7692950114358696,1.679717726194858,0.530501167446729,-1.5792294292150324,-0.5757801324774292,0.5343546315226619,0.5580459106440434,1.3667363181544547,1
0.942978320060506,0.052556271842178315,-0.6174541705356497,0.11353959984871603,-0.8002113794990797,0.3503190856024486,2.027029721219823,-0.20048318348399435,1.4680417159893238,-1.362935486244867,1.1517661226743776,2.000962224806071,-0.2649987811180506,1.6874434855939089,0.6761423325996914,0.3770965536104707,1.087593724136744,1.7681790969626086,0.6293564598624917,1.3252305124199175,1.3678752824747273,0.9634075415841084,-1.3681941924444219,0.9418033915771141,1.600639236901584,-0.8169151367056694,1.6027802557563307,-0.02266008959664742,-0.258013035417128,0.965957150801868,0.42357389079894814,-0.14061082414081827,1.6172950087776639,0.5251910838179215,-1.2675057658708044,0.934491537219354,0.26457047046798493,1.4361674922480232,0.6463160849657463,0.7247411366963301,2.0390044521723687,0.49441064388276923,2.654891241503059,0.35379830694734504,0.42879460151155013,0.7518959892170297,-0.2250156308767073,-1.180971325028173,0.05492833656054721,0.5921962189888714,0.657527211116066,1.4672240454237202,1.8633534433193997,1.6417359129754576,0.6024223170261188,-1.5718497792535004,-0.5282065621920519,0.41297067126902604,0.6752610954632388,1.3874750188259077,1
-1.2195773015156095,-0.23401775870746655,-0.36913107679612217,-0.21458739979956834,-2.067236111108505,0.25553492112209497,2.464135790477838,-0.20561543520152592,1.7360394568245914,-1.0674659759554868,0.9627527959289346,1.720918610132169,-0.3462155279135545,1.797064692199949,0.9598724329747093,0.2746730654009927,1.2275672588918574,0.9011415880662946,0.4645921716402597,1.3733997979886199,1.6187378858792456,0.9478391513180998,-1.7519053897689223,1.2303696864035236,1.555917407128254,-0.782363956817279,1.6198018224525323,0.37644858861446423,0.07906185049066028,1.0520047724743533,0.4313982512562916,-0.18325137356081211,1.3294468986751438,0.5719034266075491,-1.4754427739045117,0.7204662247456974,0.34214992562031266,1.56713065479088,0.9208608701442853,0.8683245399729869,1.8060835294982862,0.4991403743530727,2.597776263007809,0.1337581255777878,0.4714170978074704,0.5582235329114029,-0.348650480649369,-1.1703926917494842,0.02588207883925878,0.8395055270480596,0.5918882751725394,1.4507826994712223,1.7122990640267883,1.5968112049598882,0.4777970480904821,-1.5813972294352634,-0.503149246532987,0.43885317031113225,0.6363582600688231,1.3973580456946657,1
-1.7549495967988011,0.919764396885463,-1.2620308238445874,-1.1924922778245715,-1.2494381631393303,0.501665415308133,2.322571552481602,-0.6903409364710289,1.5266689276509817,-0.6911581806113658,1.2756293485376058,1.5015467070576038,-0.11992890387380645,1.8587963135754744,0.8775744929427896,0.518484217235503,1.0187271760690082,0.8436796327914778,0.22743794165669487,1.5116726936513116,1.3297871589910897,1.264305972367879,-1.5715985262433316,1.3669927782650926,1.4292143933779708,-1.1145823973852256,1.5140163876695143,0.2429116548819306,0.12793659847506206,1.034620228376486,0.3585988974048483,-0.24403377989034125,1.5633931264604217,0.41220373616598743,-1.21816241603385,0.9752129606736025,0.47435574677937786,1.694612987041911,0.7583731853160363,0.701073424071935,1.6245299596734524,0.6471932422791544,2.5852573472484264,0.14835306331563694,0.36564911172133374,0.7544728140524606,-0.3786044293838752,-1.1597282615516527,0.09266186774450273,0.7102998702871196,0.5392536580834977,1.3722925295508586,1.8421444321217164,1.7120601250154208,0.49854451376774617,-1.7047426516334316,-0.5090644346674195,0.42194236584869993,0.7130936322119108,1.4378484243520733,4
-0.5312072697184269,0.2927288264896881,-1.0926288167743419,-0.1508070332425838,-1.483070314753392,0.7966956854836312,2.204562803883682,-0.34561185090483876,1.3535708138860005,-0.7594123981876182,0.987600665065187,1.6502261956712088,-0.2688612831904038,1.124639575084466,0.5355368500400197,0.21810045247036497,1.0444693346981422,0.9810465309038611,0.44543035624161503,1.1552471967569042,1.4685794423163159,1.2564405591020529,-1.3290108577501651,0.8741748782901817,1.2265591294820517,-0.8346085847706336,1.1956453113545829,0.23000092136853098,-0.19952118554390944,1.3619913969597828,0.4790944024519584,-0.0909717554881215,1.2610887555766488,0.5023206495627004,-1.425089126786258,0.7223297310858773,0.36096211354308383,1.471758832753405,0.7583925642172827,0.7908724281967643,1.8902661698577783,0.42141208975796773,2.76667976061507,0.11419211190638182,0.5481214336850025,0.683393989478753,-0.29214003487815954,-1.3358254412819779,-0.1007422066482494,0.6541940293538748,0.47746693784670413,1.477564777661994,1.7042928432337316,1.6370969619218632,0.5430776346490856,-1.7102242255821138,-0.4523838403897996,0.48468561685658507,0.8361656834367429,1.4400758282629025,1
-0.46905382154555314,0.3850009949135623,-0.6462039301209249,-0.7627688596486404,-1.4081482126619664,0.7302708930525003,2.1981710951485463,-0.5906827356053147,1.3793060939529276,-1.7899988287587898,1.2527353966633745,1.8972099793001775,-0.45576281131818847,2.0990453951222414,0.9930903131584485,0.4133240455849472,1.0043510874063528,1.1702480981656036,0.7251775615001161,1.5876852389648919,1.5518926560943487,1.0934383522802333,-1.431932785305723,0.9874982904633602,1.4192621473868132,-0.7911350838463631,1.1930232505904756,0.06131453150427854,0.15542108310077968,1.079460596486835,0.6653655946911975,-0.23382036221984098,1.3346362527167053,0.5123021078733295,-1.4169633724292139,0.8742357026008465,0.10655077914622788,1.6532990154569884,0.7803892301314522,0.7293276115964524,1.9144410570211277,0.5816136697321074,2.5709820880640004,-0.04965007229387733,0.510110418654607,0.6423513714484949,-0.24140298895635579,-1.0965145397702438,-0.08295387032239591,0.8214812793531051,0.600906588550019,1.5418201382672345,1.8395154317390634,1.643768737363458,0.5119034646249878,-1.6160625895066945,-0.4192979465070775,0.634048028787322,0.8878202227863902,1.3557190775378996,1
-0.08178654032368016,-0.2782026438487342,-0.13020678751869297,-0.5149395342175401,-0.6899860055021487,1.1635859645171593,1.9292169557588779,-0.5080933366136666,1.2434363444489178,-1.261670598806023,1.3650779168799783,1.5618887386224114,-0.9218063524471812,1.8121444327041618,1.176395935310236,0.645490263574482,1.0331869440963741,0.9784031583817778,0.1536953202362632,1.6335827331824828,1.8938411513535374,0.8904992050223813,-1.4304789584003925,1.1352433391876344,1.4784402127398797,-1.002981099874315,1.3395228358504743,0.21898418637061517,0.07613805373614804,0.8179290322330759,0.6562860267654168,-0.37855537308932824,1.3877593734809741,0.4639711934086334,-1.6963421081457075,0.8811796100789226,0.39279231738677817,1.4631061447036353,0.9963155930742448,0.7264562569395779,1.81847659466354,0.5241695584382824,2.5998085602518515,0.31271805742948877,0.4466055303041316,0.5703823974347988,-0.3002403905983974,-1.2078518741094055,-0.10459461406318496,0.9143717116989929,0.3810686522191925,1.4368676091539445,1.7683032186636523,1.4320121861284976,0.4164942074855826,-1.7070290160671018,-0.6021875274924843,0.6558680599228157,0.7426272893314473,1.520505337727474,1
-0.3351874106959947,-0.011426507284009457,0.08643159108772913,0.03958202579133796,-0.8712796637303372,1.269757209129033,2.6702574789313953,-0.5874917359366284,1.543151352149938,-1.4040326927491504,1.0615197865887263,1.819185471831473,-0.572395902739984,1.865584094164818,0.35616407040525344,0.5376700303857601,0.9470552087594427,1.0310899477187168,0.6995901383639155,1.4093473747302279,1.6001648563422481,1.0027829848479115,-1.115358306640359,0.9793564925390099,1.4801385363608779,-0.9915563584733197,1.609292066162534,0.46653047113414453,0.10214377169257548,1.2346099109171433,0.395769893694222,-0.14622211242044736,1.2603897719401145,0.3169478625057622,-1.5415899912726545,0.9063980063172556,0.4083113522951447,1.4298767635032088,0.7532696286501528,0.7696423536363022,2.029477564190061,0.4893887053514681,2.6495666839735454,0.11223256326383205,0.3355294764342266,0.6177339471258712,-0.37930214601453976,-1.2509314931511604,-0.07694319208583338,0.8108212727154916,0.3631827360362311,1.5147624879056274,1.7676567186386163,1.6654206972953702,0.6723648843634682,-1.61012935840945,-0.5357518965172162,0.4902185694878973,0.6704200289882911,1.4858696212972589,1
-0.9862207296200874,0.3592581143514263,-1.078985565481503,0.29723231524556903,-1.521789986718599,0.8702266120810356,2.518283651455397,-0.3332945707317899,1.6371390607567897,-0.9329431288136855,0.7960144124229183,1.7290546027587865,-0.8628731517869997,1.6300641225816141,1.0381250886896707,0.44820178219587414,1.2133380911581169,0.9787290363265716,0.435519010021038,1.4778429251549972,1.7252714249972156,1.094901814856714,-1.7891543696507446,1.0721285195915267,1.4095351176492859,-0.7862788030881753,1.4714005433892225,0.31815674401759075,-0.09874695814948392,0.980705177996819,0.49223031042424614,-0.22414595718948238,1.394715776254195,0.6934154694751489,-1.501409684537871,0.7214175963227898,0.2069000180340922,1.6415895673151162,0.7201214119503386,0.5623555704567352,1.8563240312222975,0.6274992421276484,2.805652604901507,0.393936529672578,0.48655182741812186,0.7024722727670434,-0.1714084088119023,-1.1598683618000019,0.07059475307274206,0.6619988387693937,0.45413873822894796,1.340931140110533,1.7394768139282266,1.5065279190262446,0.37171136494637574,-1.6439096069976171,-0.46655454552346065,0.25308808716051545,0.7946751604595318,1.5381418258648005,4
-0.16602580603617656,0.32655114131183016,-0.46482701494496603,-0.08918682197674105,-0.8009008192535338,0.8061067300827578,2.550750723438897,-0.8701152695200873,1.536764370000536,-1.3370944831807847,1.0653474614715055,1.5637448547261779,-0.46208825541341214,2.083088226333066,0.8557988652222712,0.23317573727284496,1.494405197111055,1.009923767191505,0.2514301631896015,1.5347462619161183,1.4952224862328278,1.142975067164335,-1.3088416924841138,0.877693795029161,1.4595595057440305,-0.8525917499768335,1.6062101769758181,0.24758799768238235,0.2586127096696216,0.9935546314169434,0.44323151355507884,-0.12727309811210835,1.3186023108739606,0.48383554470087736,-1.2417818868683421,0.9094400471500714,0.4243053271244447,1.635965817795789,0.7421781054410636,0.6349972883081654,1.8932456452010011,0.46882226981605224,2.6010810593961255,0.15392058334346428,0.6137668678482465,0.6457892969549666,-0.3219822128360575,-1.026507554291393,-0.11108190810579482,0.8432619908085596,0.6212884216143738,1.468616465849473,1.9168884158438297,1.6303492607143188,0.3965694608801609,-1.528258756935111,-0.46494028148268385,0.4688980681306064,0.6854675766959818,1.467148728408135,1
-0.5219840918454808,0.4569002391894472,0.36343645227398946,0.3875751232524306,-1.346843448866182,0.693644607796648,2.1281449770909293,0.3126914132217956,1.8767036448855912,-1.147626241039694,1.0162543021532602,1.329348808953724,-0.49082143526241107,1.6862032536064047,0.6719347020153321,0.3584502947642373,1.0354682308097218,0.9077524200655065,0.3597678449768618,1.1281929121957288,1.5189126989113555,0.9315503547495928,-1.304898392313764,1.050505656213557,1.3886585196647943,-0.8075636407509897,1.8101121428088618,0.19402187562858986,-0.0696613805664092,1.150086777429632,0.6588981107742568,-0.33613101153184255,1.287544026144017,0.5338311180789318,-1.3438852498137042,0.7989080861704924,0.25894044440748387,1.430874604760354,0.697424723550262,0.8165228430011499,1.889652541796102,0.35214817928185765,2.85632576746213,0.2095581389327914,0.5833540585540338,0.4633731988179284,-0.26530406069536017,-1.2010860263009346,-0.09683089464452764,0.6606976016618232,0.24009836465050968,1.4500544590568598,1.9277147334841962,1.6222501556147775,0.3129952042176414,-1.7653623451687779,-0.395418882739627,0.5722517365793366,0.632804502840419,1.496482725410905,1
-0.8155239325436225,0.3529093764267737,-0.5986922062060651,-0.8169306830301989,-1.734019360113071,0.44994612139041956,1.9999427116036828,-0.7377240788108554,1.5997766614008184,-1.251439767365101,1.1187236221826646,1.9391166036482788,-0.17608510039104186,1.6545501520598864,0.9100194839032891,0.1947396320371687,1.0372350801810257,0.9722998967645596,0.5277813040035402,1.3772425372253037,1.9664053708934996,1.2635532326960863,-1.2432679891046825,1.1828302503345733,1.5543133777964833,-0.7462676205945636,1.7254711879403846,0.04950797754548611,0.025193671602582436,1.1411427765761026,0.42557124386829875,-0.22403668844600994,1.458585266375588,0.496815578093587,-1.4280429660278045,0.7126530022988116,0.14266090044361007,1.59526297878772,0.7759891073250331,0.6312713406233517,1.5286772263546207,0.6188862791434203,2.8030176037999284,0.1418648857077786,0.6396542298285006,0.5070161318757713,-0.36567309789016506,-1.0611937169902246,0.07838874595345423,0.7208338255765693,0.3356891626239277,1.5872115232148223,1.8033784415517904,1.5696046196701054,0.5006915092780563,-1.6550570646311362,-0.32401345730066,0.6484176249070969,0.7663862680848588,1.4392104143279623,1
0.9062807781898292,-0.26151209319853186,-0.7895174256225989,-0.800063172942314,-1.6322175679969841,0.5524112594710654,2.6420093007058583,-0.8941567579719609,1.4717761979929362,-1.175927165464999,1.2266041893443205,1.7026063623043737,-0.38073020198076835,1.7233965720712097,0.562316966168543,0.35357233796587534,1.2191732132044546,1.373602219673784,0.2938349310483578,1.5127373661398966,1.8289666167338687,1.084135616427799,-1.3982904854456204,1.1160648414869907,1.639536006524103,-0.827899448622668,1.4160124278904107,0.04668656897976159,-0.010918602192436344,0.9210669281419622,0.665030729858363,-0.2132886083635018,1.3898958909027899,0.43921945518537353,-1.2095471113704617,0.7610233100182935,0.25240125524859985,1.6315386884206764,0.6784675296153305,0.7639535355501262,1.8160483635569817,0.6914967606412303,2.7413472289970486,0.17919018156374472,0.35778655677127386,0.5210591188371876,-0.26493532359144006,-1.3053270493390055,-0.08220600747700477,0.8452657450522199,0.6087639703871579,1.2887351403558862,1.86127292097602,1.630328103453613,0.5930251966654322,-1.6803374803540856,-0.4619137418432159,0.40488931926082355,0.6337850709482002,1.2692283297169686,1
-1.4309557443965248,-0.4372646258441412,-1.125506896208319,0.03406234242017275,-0.8412277395486963,0.8524217092505424,2.619504938830265,-0.6145215483103268,1.7048658053468473,-0.8310193398335746,1.0632109248320907,1.4950135023439495,-0.1474115084798407,1.8040242768597121,0.3831037441895844,0.3319544399378458,0.852082370726902,0.9651661700913619,0.5093627019489396,1.7483429390020344,1.474988631980532,1.2176509623296807,-1.5388114718018264,1.2194663689641845,1.5907037310839087,-0.7518275451282618,1.5844987402219748,0.37455270350130987,0.12392405109107388,1.0226253297342183,0.531929208016501,-0.2734747848368452,1.3233651955997805,0.5349081896009273,-1.379356603437679,0.977858113887631,0.07807178347569502,1.4146086274693073,0.7114676809364472,0.6554779506510937,1.8762832471139628,0.36526126004219955,2.721660533313522,0.23862461404200502,0.4256876855137961,0.5845484312482878,-0.5105404108203211,-1.1370797937429347,0.11488600269161965,0.8360138825266958,0.48313076369635577,1.4023992592254253,1.6751177165027324,1.7428844298523332,0.49887632895445155,-1.6851600116435828,-0.3682997953441506,0.4840415003685649,0.6063868087456954,1.5802194700258392,4
0.08282912018341715,0.5461740256583438,0.24124372083432855,-0.47963759817780305,-0.7849834155382118,0.6459049879654332,2.3372262323820108,-0.42178943313653583,1.579138257383445,-1.1970866563136977,0.8475782669093519,1.9889312958470273,-0.7027084596507391,1.9000003183360414,0.5370779401889672,0.004684397532508711,1.1155889053937762,0.6704875755713602,0.47860751927992434,1.8354495881040829,1.7778970078816667,1.0808688387762342,-1.5512220274485224,0.9085484980385977,1.4393006328043318,-0.8546789039609697,1.5093360407081142,0.2127699498363903,-0.06301047850331673,1.0072049522308566,0.3000609473462323,-0.1645785636349355,1.272465027100295,0.5346751350555153,-1.4133118442488042,0.9070469324290696,0.056229566034639605,1.5380371742467178,0.7679952193701355,0.6330049274180085,1.998854497873395,0.5310831753012646,2.676294443386863,0.4687859469794905,0.4135136771526672,0.47258034039680663,-0.36646405358267375,-1.365872369774668,-0.18963246728904654,0.7941592864047069,0.43682480591199147,1.3080488354967326,1.7669674531797572,1.6794581209028123,0.3477332176456417,-1.6061463804748415,-0.6365170921474866,0.4392608082687108,0.7416048307754796,1.4972561502286814,1
-0.5758278933677559,0.3404743354506369,-0.6698402062613298,-0.2672625365053184,-1.4109024244407906,0.37406878367976715,3.089669261531498,-0.9964815658167361,1.618443721984521,-1.0130355342334854,1.2682941271786747,1.5134334183807285,-0.2783418871856387,1.8237702108446292,0.6519026711163015,0.17049449534216038,0.8246639525544114,0.6293942462585231,0.6427805139558944,1.2679645548087515,1.4351653495472831,0.9377086772367765,-1.32927270753517,1.2553911877789863,1.3287351752222039,-0.6583159186124237,1.3621500528865882,0.04148148056834161,0.04374834974230508,0.9324007777146247,0.43266004704264893,-0.11740249778983532,1.2992656783395964,0.4736775683650032,-1.4064619279001098,0.905004184023091,0.44436535199495336,1.5589443876446847,0.7538119560423917,0.7334085802027367,1.7722796420179399,0.5247911673350873,2.671374319479701,0.24781750733969576,0.5206870681946604,0.640795503280874,-0.34271196583559527,-1.258735519774579,0.004215782916043423,0.649580516877377,0.5456482610873787,1.3193038660635437,1.8028811406619458,1.8003637694785875,0.4810930744285948,-1.6605507375488837,-0.43757680737107374,0.37098626034622284,0.7773382360882043,1.4441515337542736,1
-1.3556817290842833,0.4628624982904476,-1.5280764391689092,-0.26158086263915437,-1.5190348429613127,0.9847622167986034,2.9182809241456926,-0.7384996863715828,1.4791212507832372,-1.0298924156987257,0.8241433902040074,1.957500444904902,-0.4704873425612641,1.7972863069568306,0.7614223498716699,0.6796412345782452,0.8701977650168213,0.909799617430016,0.5403535111514534,1.6300627094657205,1.3990406256780386,1.338097434013787,-1.0782435276684315,0.9951387392718455,1.3869815290444942,-0.5796558058472331,1.4383571615299326,0.05590613732448527,-0.17644637801827828,1.1427596403654008,0.578544005486846,-0.42975442610785586,1.42734528471505,0.49916046830295885,-1.4509319931823148,0.8779330692446498,-0.04637560359490661,1.7221432997154282,0.7452344241958112,0.6947658298138316,1.8995284567665787,0.4864001795259256,2.596379654044884,0.3748450458995636,0.44426788145757984,0.6121594073711893,-0.33946696553473027,-1.0764381871867177,-0.05830661499338074,0.6534092588882172,0.5344108590032951,1.3107778120624087,1.8029653084615926,1.5968539993698947,0.39177195739846243,-1.5582007451561446,-0.4786993371688971,0.4076018433733399,0.6992072063126687,1.4620335582903279,4
-0.8790496584675542,0.596435990915468,-0.7421951091149658,-0.21098575253541998,-1.2468863310924418,0.7751783627795403,2.6569526581571865,-0.24654554279602142,1.6285359412279918,-1.3433381839304417,0.8695579659606121,1.427409461035456,-0.119410133222696,1.6023358581133986,0.6715412345625025,0.24145157792255145,1.139062548956429,1.1033655871723396,0.3750234563317462,1.7342799474585162,2.000480112423658,0.8978857761466328,-1.526232157464589,0.8805650988672721,1.4387089516054847,-0.7176591603911995,1.4322791088638744,0.3209155008409979,0.005591129647031019,0.9474420607555054,0.5923319831434378,-0.3667044730349325,1.6368318241666182,0.4351797493982819,-1.320321139550244,0.8735527463324995,0.3996721588310276,1.4852021750752535,0.7212737278850365,0.5962087034271087,1.9856226346415708,0.3276097953907978,2.613731036986823,0.2012479283839698,0.5048353090472709,0.8109808284697189,-0.19109391653238975,-1.2537432283854033,-0.12265205142106352,0.75910674810715,0.416306451700202,1.4950902697478619,1.8855915695656678,1.621576670698733,0.6214889809457549,-1.7570178740563693,-0.515319421862996,0.5633204650292877,0.6443020302946307,1.4643670479215627,4
-0.1701386067022288,1.230405273184114,-0.6964840193304461,-0.9069070183940348,-0.5963712442583079,-0.14869543816782183,2.2956887242847834,-0.5854621021562846,1.5458041670076552,-1.323785533563239,1.31985209417826,1.7802272868873845,-0.24401803079440865,1.9791991299009202,0.8916560434756413,0.33132244844381364,1.3563084282682227,0.899699614581211,0.5350561932585757,1.6261799882148416,1.9215920329430367,1.1915015848887787,-1.674409690620155,1.1238367786504888,1.5179976535974915,-0.8524758912493875,1.5954681893344178,0.09937621750875789,-0.040700171338768826,1.0824462018977103,0.5586877898971654,0.012750005236958989,1.4088739039880962,0.4655313428567191,-1.5401260304074458,0.7977734227301039,0.25235952650902055,1.2217191505225784,0.7714610701633963,0.7299806550728802,1.844793138335329,0.5430967237405745,2.5665101639624397,-0.01649887507774825,0.6210634801023165,0.740291158948305,-0.46137178102669696,-1.2462665315940633,-0.010804479044083376,0.6391924514781185,0.3811961177501395,1.4539367136332733,1.833514693274479,1.5363702919296918,0.5038911323423001,-1.5090737868436546,-0.4108345063019653,0.5249155505538453,0.6215760350492798,1.4155017249132766,4
0.7484238450559866,0.7423814088597569,-0.6501762859527054,-1.1836981266046385,-0.7460814580968167,0.901519077124905,1.8159931911978415,-0.7373724568164337,1.9682844906337371,-0.9136656217238148,1.1983848633386482,1.7299961411699687,-0.33775553483214055,1.7782705444760851,0.7100236918627824,-0.04517059111723737,0.8572484152741344,0.9290521712439113,0.37362383074230265,1.4786040359345676,1.47462872324675,0.9850798728344949,-1.3682008048257956,1.2915758359893101,1.627000339809953,-0.8617070039067517,1.3964073157095656,0.2328551706020715,0.06855845682619852,1.0574783177883247,0.5157019069567587,-0.25837735075094537,1.351895053021424,0.30680289597121946,-1.3691850731108908,0.827621652790562,0.31947054414512105,1.53491771505273,0.8453892529415526,0.8751044070477441,1.9458258169643232,0.4722582914662082,2.5924943729621046,0.23536203606543885,0.3707729384857002,0.463882155642784,-0.2925690490491984,-1.3466851275232985,-0.07591548775724893,0.6914702132355233,0.5205563725161938,1.4032499924653614,1.789798348566644,1.8091341645382801,0.4253350281230872,-1.7567325177649689,-0.34798500093439666,0.4735921246489007,0.7121643944244678,1.4909877356323809,1
1.1947905323782089,0.541296120457828,-0.7538718375019486,-0.4607183385149974,-1.002694211477875,0.7715120019387416,2.8058060054333653,-0.40966907271963193,1.7110300322193073,-0.9965137803577886,1.5776287890425726,1.4712745460052241,-0.5565160586293041,1.7901967996311317,1.260108075793879,0.26280495033440276,0.7783981266442895,0.8765522896275025,0.5070099123335627,1.399960100080704,1.5578555303816224,1.1753010523277847,-1.4411481951577392,1.117049857211525,1.4023174827093523,-0.6867340071275263,1.4169759995626527,0.15364207110760536,0.0902322511474769,1.1180606524255614,0.43315766934253336,-0.015533229916060654,1.4535680878969757,0.5533578506029333,-1.3904189340632374,0.863671703937165,0.25340333786500663,1.7151872790455447,0.7059094802359733,0.6540598351150243,1.723820671735794,0.38251760608670504,2.725629888506812,0.12996576220785988,0.5420554391739525,0.45980695308833264,-0.2637575857988996,-1.2246377500509416,-0.02960897442275296,0.6135963187083229,0.4049194093433178,1.5474805382301233,1.9554433682393226,1.6450343408756234,0.36207942568733137,-1.469991892318019,-0.5041560726690075,0.5667173832947169,0.7964585523350316,1.4383851238784464,1
1.2618816197890086,0.23042792950394989,-1.7931892767814,-0.6365490606559898,-1.6525654820265159,1.4036236370910087,2.6485175850172142,-0.6067284374682779,1.4115811452767522,-1.044611747403952,1.2703983089040254,1.5210991521290271,-0.2556706934732669,1.984977450048429,0.6635778323315692,0.32782546581016486,1.221509373609558,1.2113836947683483,0.309184265399497,1.5671501293928165,1.8477337547902333,1.1474251141875313,-1.3810368540686524,0.9120339039613775,1.4260292509678014,-0.9379319102676847,1.7133362559110448,0.3972435248471022,0.06352524350010709,1.2533386519382217,0.4485123490459843,-0.2482878163434878,1.5229090406757506,0.4314406220591668,-1.4161357576508677,1.012901545691935,0.19542960791111652,1.5836158624352485,0.7007788737849657,0.7570134969978168,1.9375948483894734,0.6181409692136017,2.569538677342254,0.02454373426878531,0.41540638105111594,0.6640607495618193,-0.2332362418954501,-1.2777255418765432,-0.11320114819419241,0.7764744172527701,0.37231141373691934,1.497897455627613,1.7077021158580137,1.685642238502026,0.4903047175404283,-1.674281803361554,-0.44607121451521636,0.5392919018681007,0.6470392567347869,1.511864350404833,1
-1.0430752715156364,1.0398121377192224,-0.41130815403328286,-0.16270546514884557,-1.2415162080768354,0.7039745619962232,2.338541279812392,-0.6593735281291764,1.4178045474548127,-1.4935731285399454,1.0052272208548303,1.8488216657388927,-0.42747322179122094,2.0621165788352647,0.7448326861636798,0.2570415511585835,1.1497247457062685,1.0339277718969127,0.22241807403280367,1.4763271191156306,1.4288741199413109,0.9515217872462952,-1.585617860989294,0.8622828008727135,1.2826759267264571,-0.78690358555246,1.6763938809650296,0.2874674713405011,0.08953864917046947,0.9513191727289281,0.6624155631203043,-0.36285711721623143,1.5351973776089782,0.5762332700582564,-1.2926452582404846,0.7956016676649564,0.3396231317261054,1.815543759235079,0.7070890911352055,0.581329947953791,1.7504066869569934,0.5781072877272364,2.6189365551884043,0.13755983626478235,0.6908381456163539,0.7275501914616042,-0.2762011516883013,-1.0951159711350633,0.05461909209891962,0.8085209456338924,0.37627545003670326,1.474003390521208,1.91914046575665,1.6473461518633536,0.536350935559827,-1.6924744855215332,-0.46241402124978015,0.5886243721672256,0.681889545808152,1.6213784785074161,4
2.0856488178510033,-0.09169829461962892,-1.086601994010869,-0.845542691631024,-0.9091604359534804,0.7344946620394645,2.185355272822065,-0.1705555979454752,0.999101499907604,-1.0077308504434848,1.764487103144166,1.6070556536535796,-0.49567837274795035,2.1670860420263747,0.45639112502390405,0.43498320326484663,0.9481290051631678,0.9641674640906315,0.4154587091740333,1.3067068351044142,1.4067217154352787,1.2438834629918998,-1.677772469982894,0.9041783983410998,1.269902871911106,-0.8094306116453518,1.274735681475231,0.46184420090855605,0.22593880002401187,0.8186835186364095,0.5308838109725516,-0.10196759484693886,1.3076880127095927,0.6042245495958715,-1.3902930116829106,0.8109892194004559,0.1898470191305311,1.5720991724456836,0.6972151674390232,0.8613388913690341,1.856623658794843,0.4213064896730031,2.742892971429141,0.2731936004590663,0.5392655542750993,0.7984554248023333,-0.41538612687809306,-1.0741337327429474,-0.05905437074094093,0.7775537735837926,0.41947930036497705,1.4762065886700115,1.6817952885201224,1.6850221306849311,0.46045646212688446,-1.7117272237764638,-0.3564358467592403,0.5717495850596614,0.5635070231149408,1.3905261841404577,1
-1.7282792437293806,0.3133002802400551,0.33028174821209255,0.3764181929898822,-0.7921289812621487,0.5049992477471696,2.473419734878849,-0.38950400940978946,2.000058454932353,-0.9647199095279759,1.428648330543725,1.8268042298401332,0.11871034848713147,2.0304926776989785,1.2604025326213941,-0.23041049952986908,0.8307715823267436,0.9388141054990521,0.20775728369662677,1.3888875587600418,1.9277488932923879,1.2154410699683886,-1.7025586324026922,0.9219536450104658,1.4991622355298377,-0.76552837641157,1.4760098309083074,0.29153627179218977,-0.11771874765759024,0.9910817305341905,0.6656381603851067,-0.15132608775858508,1.264286020776117,0.6214366995758854,-1.4719739874555693,0.7172773647412479,0.3357905232390603,1.4781663931684859,0.7229771831292008,0.6242580997818447,1.7977971334759582,0.5672499856430441,2.6425564689016077,0.09672171338064488,0.5772881236697979,0.5157776591985673,-0.48403693124684116,-1.1066444127445272,-0.14993867654031928,0.7433607282952832,0.5429297254607226,1.2832862924686863,1.7641568735596056,1.7808410574597886,0.4179401899853179,-1.6469229330040216,-0.5917863686700787,0.5938455295741035,0.659369976325611,1.5297226754734161,4
-0.06026181556179955,1.3399972943647203,-1.6716437461315072,-1.3185036696456762,-2.117166011304274,0.6431453472786711,2.232769963504037,-0.24194994229507621,1.4007697589883052,-0.8510786155840467,1.5598441265372316,1.8466602026318537,-0.5815708862278006,2.0863636276074975,0.8405899769199459,0.3790960526237094,1.2999241817159215,1.2148213851090732,0.44238980373175785,1.5438618843879712,1.5814664207992095,0.9412470109908158,-1.4037722287473702,0.7699824414816092,1.4569020314860963,-0.6775268175967722,1.3338734566358266,0.40473650652513604,0.24295928079187207,1.0771557109458705,0.541199468958252,-0.35426839070682525,1.400027649160792,0.20091000755866956,-1.3903995137487137,0.9062691547148297,0.29158600943053664,1.484925282752642,0.6585604797476605,0.5330418162414402,2.005081348053235,0.45295742113305104,2.5254551455110605,0.20843423648395482,0.5063390108765817,0.7534669545880545,-0.42534502993308815,-1.1406477206199186,0.12209196815888973,0.8663309730742916,0.5335605972258357,1.5833420903545505,1.713706405080582,1.6558964885601015,0.5506256758285704,-1.580665267936266,-0.32960187909796435,0.4925809960988414,0.8060593490527077,1.4319720770317408,1
-0.8056154464632017,-1.297845408183794,0.46196345720141907,-0.6184949524625376,-1.9428892620949334,0.815413279826479,2.4912579424441468,-0.12363206741038463,1.4692466359058078,-1.0682415734381578,1.167193012474729,1.9746019951299134,-0.23073894854288265,1.9617320499236655,0.6498844472069236,0.29323435129266123,1.313648099804679,1.2964898166910532,0.5112284334968803,1.458545471650863,1.6796362419673192,0.6549224063854739,-1.34523690821028,1.0182362006204968,1.5793459998992914,-0.7390348751226674,1.5233990786495093,0.29505428113506565,-0.0849076821392375,1.1557202086194203,0.5267119770913934,-0.25956152044567565,1.1769191419393428,0.3226059889816525,-1.2367760565469947,0.8940237150613793,0.40031828694218075,1.3878049872903344,0.7906964076059311,0.8172950808885971,1.8733587237112475,0.6881607554915312,2.6826807249814206,0.23197532593485398,0.4113658724058514,0.6530998190727297,-0.30207244655242393,-1.0998822857061006,0.012163025969145161,0.7248622635307853,0.2800821653150495,1.5535015130332452,1.8468775204190588,1.609858999256672,0.4239482648275504,-1.516737771102395,-0.4167402341899315,0.5478212046975887,0.7850400141357972,1.6866340057906932,1
1.1874987086260025,0.9274274564226577,-0.4132950110575073,-0.30338165267761874,-1.1501460976507087,0.8742246785727439,2.6954338820250525,-0.4185156569692351,1.3508274023698934,-1.135697779446547,0.6686091736093669,1.934108978124399,-0.15354191756361618,1.9784798307951637,1.0251606563203595,0.2884704650162818,1.10443464092277,1.2229565533904179,0.7418116426435869,1.3365952846674805,1.6484872641940156,0.9110097308848413,-1.6618404991586924,1.1415084426445476,1.6626005829004233,-0.7537866551914154,1.6779411930428896,0.20153294357813092,-0.062264333852425816,0.8764183946301247,0.5131534516394481,-0.3048394219656852,1.4139796227195354,0.32327993090451157,-1.4049125527217854,0.8739896975447574,-0.007652843162860246,1.2572857181472847,0.6042577194237633,0.701444747353692,1.810664930241755,0.26917791819278647,2.670495297409654,0.08215976017445016,0.42947303203320614,0.45543753825294897,-0.35522974582542155,-1.0617275844483813,0.0033450299659623754,0.6960717218520063,0.398370643957239,1.3264046290215357,1.7601803978635193,1.6508050712689994,0.5204706587466059,-1.6064576053776038,-0.31208033243776273,0.3163302814575588,0.6883763626590543,1.5176310103093296,1
1.5153632199855656,0.7446925803279902,-0.8278784634608014,-1.2265462028224146,-1.271222059303035,0.24898921823286946,2.674788488500247,-0.523553413142384,1.6366481289519268,-1.2136987162734114,0.7689828379838901,1.532518002381866,-0.5110670182770564,2.0654023173987404,0.5321043051300431,0.48348611170857236,1.4823769456891807,0.8518111598308886,0.5952431798276883,1.3611436226356834,1.3109043059077665,0.9367731590033916,-1.4886247354728162,1.1162679947726741,1.2756748363248824,-0.7067425588797004,1.416005210327688,0.1733386209456619,0.02057101458051469,0.9470524869437413,0.6181951361863334,-0.39454097631673407,1.4446681492282627,0.3605144060728461,-1.1805920009060107,0.94144737975092,0.3075625968263353,1.6411888552616516,0.6149220858890109,0.5934778115377615,1.9037850447346127,0.42314279391139187,2.64862461000033,0.22631346994331458,0.39271565821873083,0.6490616177806627,-0.33094859127541937,-1.150745860695315,-0.09054399267038551,0.6698459996161816,0.377612457979227,1.4505736476182582,1.9197266432081797,1.8194635187216723,0.45860486355261665,-1.4729036960574773,-0.46943964239931335,0.6118195665367031,0.8868695221979199,1.2676287310152938,1
-1.4342843048948029,0.1815246280492253,-0.4450783600263984,-0.6193355376129337,-1.2197083602704044,1.3488501412674694,2.4306671413862193,-0.6741562326887884,0.7948235164734991,-1.7192885222841654,1.6099637303332863,1.4532142880207246,-0.14123629837383078,2.1394034153968224,0.6865115097825979,0.11152678263321789,0.938492715020697,0.9368048507377678,0.46067090537517613,1.359754278583457,1.5822279266977792,1.1332136536134532,-1.4067896941249365,1.0888870984496204,1.3580182243096197,-0.6682410918819315,1.3573642321035542,0.03631409066822183,0.035116257792997235,1.0420827574279974,0.640550026297573,-0.15074536520098972,1.2807834553355317,0.5541932990018753,-1.4234489752830992,0.8550379561845219,0.14406217549517478,1.7666237262891185,0.7361398308510589,0.6267888585665856,1.7613560983264958,0.46461585127818017,2.7826873959441953,0.20100748788259418,0.5692641539377477,0.4774137701392581,-0.3709067372086812,-1.1238881486977879,-0.15157694983801417,0.656755113104808,0.3423685702139046,1.4281521365284617,1.8365394062076115,1.5605592290109724,0.6510469052193079,-1.6535570085517821,-0.557534198461072,0.6163659631413253,0.7063388438759989,1.5175017950699696,4
-0.2124267152777426,1.106996647651592,0.02242790861143562,-0.7300798074083359,-1.1308840514425604,0.7335761532811905,1.8768130838611081,-0.5894102229465037,1.0173662378484614,-1.3421799530911733,0.7765527437919919,1.5898612698798895,-0.5290227609152862,2.021054912095339,0.6745208796118912,0.38340000006774033,0.9281779717149469,1.0214504266025497,0.3867024247549425,1.3408659602212198,1.970801901378855,0.8809026540846023,-1.4909750832118134,1.0937720365681172,1.3233028521050496,-0.8655807408780634,1.5904213099277984,0.5068911326562098,0.03307701947184049,1.0227372136982051,0.5580004752735893,-0.37887369557866163,1.366823245393714,0.5048899139471712,-1.310265438354951,0.7878516565877247,0.22524998964097356,1.6463260755885967,0.9120765115938043,0.8709937343622627,1.7614009468692846,0.5404814925548057,2.416380892588299,0.39426879933720604,0.3920007386137249,0.5639746480826002,-0.45704771995603305,-1.1624278633600686,-0.06547123716982667,0.8182252204010796,0.4415049631999131,1.3941133039345792,1.8415875216322508,1.6884386394682884,0.6676725518189468,-1.678831269442194,-0.3497182331593914,0.5482739529461117,0.6255819227044992,1.5427976832686012,1
-0.18869130761441566,0.5731980456630463,-1.2938819958836574,-0.22935658433082495,-0.7923422353762398,0.47641151133438187,1.9966102483718593,-0.5014302847899662,1.6838279921018098,-1.0640648212878412,1.2482422621437175,2.0053701250350033,-0.4758420641664098,1.863959779693233,0.5161843797519581,0.31328839057916236,0.695306882680092,1.367776591455613,0.06960714787069494,1.3211583549650072,1.6082109968384393,1.1024546078722175,-1.4956465083738733,1.1309798308625323,1.3025921585057751,-0.9321753671739347,1.6001334038771076,0.18728686861951538,-0.17833967161489553,1.11215805621915,0.35263594678189975,-0.3254658202674527,1.3708371796180971,0.4887739620879158,-1.214439513560349,0.8568186632324978,0.4813679991562404,1.468431867932621,0.8151574358494239,0.6915379407119393,1.8310815847543265,0.5163653388107018,2.527528121836418,0.3891237400664449,0.5355570836971782,0.5870245164464217,-0.43268876931967215,-1.1170050060486711,-0.062230371985101396,0.7282521087603637,0.48213270411476605,1.4709867600729574,1.7308266563646109,1.7056803275848633,0.4684339152217858,-1.619095378348414,-0.4853678857256263,0.5755224377153663,0.7399224933063508,1.3500647817747842,1
-0.7627604903057394,-0.2194297965935037,-0.2013192116874335,-0.07350599923190027,-0.8027804692414646,0.43033067092938876,2.458353217734233,-0.8747425302379366,1.3275896321131078,-0.757547770525766,1.3232528726628507,1.3747717192682294,-0.2826518332254283,1.7564585735467817,0.5512415425654844,0.8849720124073246,1.0407894330201872,1.0481134047825722,0.4363495501580863,1.7614666786340651,1.7811109999770482,1.240735870556594,-1.5903534969290605,0.946684309418726,1.2848140303269,-0.7668349711183591,1.6273516190321655,0.09866422510858647,-0.2272790567127314,1.1822616889924205,0.6805818894547967,-0.11820339218680136,1.3558123232588417,0.4988046398942936,-1.395897929224697,0.9560146950250588,0.18970711206150728,1.417036681061379,0.7654733774655859,0.6118094522184114,1.9722748677695947,0.4510311632024526,2.5117727043715945,0.07156428833330608,0.21466169732661222,0.6380537136221633,-0.4552096607857151,-1.125198616213483,-0.19444242279695004,0.572833866892043,0.4160812052291395,1.4884412797127753,1.8179659205887606,1.668667910602194,0.5592521546224214,-1.7621393538685266,-0.4845947692076333,0.48695056558440236,0.7288335773655824,1.4148941772883064,1
-1.2475810140129833,-0.4689363663232616,-1.4711137300858872,-0.2946753850347572,-1.3832404512013525,0.3424441594579149,2.629465537217628,-0.6523651554756389,1.8165784117705237,-1.3852568105804675,1.0436344063182796,1.8041223927883627,-0.34013932581476175,1.872936746498856,0.8492965968215616,0.16255315404437484,1.0157606212294192,0.9142846521027725,0.6898956756856068,1.501709367686422,1.3488348057238058,1.0849297423195838,-1.5190326906189011,1.1251625178480495,1.3053415761599265,-0.6650978740038677,1.51899486349937,-0.0876195086933779,0.0449756534878991,0.8090524164350623,0.40442926677246616,-0.13184783184932986,1.4774101572487002,0.24444217856891134,-1.2642281357054306,0.802237442319751,0.2889237778379421,1.6209131568232737,0.6599112062886082,0.5877165692064042,1.7262337423472194,0.42240749492265406,2.6463886867117052,0.14545207949495229,0.6674971803464436,0.7472947366899454,-0.4225677218247314,-1.2141436450542578,-0.10912203301329697,0.5513549736300075,0.440123361674702,1.5769514070568635,1.7831503843044916,1.729637861894884,0.4547340296812243,-1.6638743701090153,-0.428926348326541,0.4885708545828683,0.7668084848971237,1.6019222112265705,4
-2.033593249048343,1.2299975802075114,0.19496290382884696,-0.16094824283132875,-1.074119606987583,1.0012899295453153,2.3123385512922177,-0.7161812198148606,1.7515759818503884,-0.9799645556162677,0.9521920180311874,2.133689266182063,-0.5850740759226984,1.7610524016656495,1.0614297691228192,0.1521326364884357,1.1909514420416263,0.9500156187461594,0.5135736257556719,1.6308953173996452,1.6094125591096677,1.0637799409092952,-1.4925140442701064,1.0468084831054092,1.5168770247616183,-0.859103334749821,1.5420704194034445,0.04588648672815496,0.22053890214657323,1.0569436774938479,0.41697851962876004,-0.061998206517081905,1.5355161858745001,0.36568445496143487,-1.3746273599730063,0.9206909153853633,0.4710665724163635,1.4698602526414857,0.9499336443857637,0.7982903106254621,1.9736277420446628,0.53470536325604,2.694274448477722,0.20072096664427064,0.5210593824737703,0.4613540325203238,-0.3445553502568369,-1.26623771776815,0.10525358673008378,0.6958430125657061,0.49044518160375844,1.390380927295244,1.863638748787433,1.4611445351210535,0.5490057159317558,-1.5236073464418107,-0.454825395134735,0.49920516114851676,0.7157430954225288,1.43914665697718,4
0.797415419936393,-0.19126208216582902,-0.6840734546053857,-0.24227623384657085,-1.4428391694665559,0.9883373800052099,2.275763558097208,-0.7726484397779527,1.4687419581554195,-0.9953986591886449,1.6032795344801922,1.4994421268808278,-0.39545612282100734,1.6926547528803744,0.7104404494477436,0.6021817395289049,1.0837839081853058,0.8496518189910535,0.4084281127512137,1.6797794628808993,1.6200972621036467,1.1022812275045728,-1.3700096201537093,1.166321047586916,1.2849074461092926,-0.8287487153699662,1.6057970300410183,0.1497877544036351,0.0042275492613371365,1.112268022974202,0.5233308413776951,-0.3240864080882294,1.5494899754907618,0.4038538809226805,-1.3623351087561668,0.74930105379682,0.08585886349003313,1.5390701581865747,0.7555100944140897,0.8293930428462986,1.8364956709954485,0.38813961980462813,2.538133410342898,0.30232357386671904,0.3198994172194708,0.7130164393222722,-0.33469381594392567,-1.322601541987792,-0.08919066991366575,0.874393341585916,0.617935059760619,1.2560532582197885,1.9241403467084965,1.6786835210792226,0.510769228116973,-1.803157306945745,-0.5552826644786144,0.46600608420308026,0.9043427744435641,1.4531965139350975,1
0.4664820647152339,-0.04876117902810395,-0.7321504620042485,-1.1101416151680137,-1.1760092454677533,0.8687637400713935,2.8072229186257673,-0.7203421931697671,1.3199345642191207,-1.1346574495488613,1.4021990046156574,2.2587407580446768,-0.4105885256245434,2.2816064061504044,0.7985793988524329,0.4812943590967985,0.8482342540080301,1.084807911956652,0.5851654504177259,1.4862378790048896,1.7778288837575675,0.9477312640431105,-1.341451576874651,0.9962650038374222,1.1909420695734572,-0.8504729892907811,1.3926319436485324,0.1968327968048133,0.12126104489469991,1.0425121774829047,0.6726518001286617,-0.333545941363822,1.5124576178427727,0.6003083604369787,-1.568111313224325,0.98949749361472,0.19955481650592838,1.6788966726585204,0.7425631063779488,0.8053270585940046,1.7206837967383826,0.3004065961565724,2.6520004240108594,0.1724127434484292,0.5013484028795883,0.787187847523863,-0.3228486034289493,-1.1002741624789751,-0.07392010214026928,0.7194187594449588,0.3438153621935153,1.4740132454657016,1.926180134759727,1.7860178542131788,0.4612981233341024,-1.5914458497226702,-0.6416002309978528,0.6362006496323349,0.6207515438643753,1.3634511725786291,1
0.30035005381684243,0.8191245535035581,-0.4113871004665867,0.571082520846086,-1.325703249060207,0.7086756656368002,2.706468387064438,-0.8432050909621867,1.7245336090229118,-1.0319695546768066,1.2842243328523664,1.8458800235898418,-0.5156531137606087,1.9670103465968767,1.0199351581817369,0.1572386242957863,1.2260401131132463,1.095982698553415,0.843517486040757,1.5207515699510052,1.6905476929948886,1.241126260450103,-1.3277882905763503,1.052781453761758,1.3113321095712005,-0.7860465895414492,1.5690416277657375,0.31698144811301654,-0.053957056591241476,1.0904581381950058,0.48332461867526144,-0.23738575718768792,1.3299366042857237,0.34777967519997377,-1.5001762481291898,0.8323713008750144,0.20150194026804918,1.333871087291665,0.7125511631410928,0.6751466820152884,1.864812512730489,0.32093956020631803,2.7110582560543453,0.17004364249024218,0.4656170362230441,0.8610920066067838,-0.3423286922160535,-1.2114925311516695,-0.11765768167463754,0.8133326658414901,0.4138975789625187,1.4356514574307644,1.9193842725853765,1.5681288531695339,0.4714608535717678,-1.6816071597699316,-0.6392449710970395,0.5508955971515548,0.8160848086492823,1.3884530662776293,1
0.7764266522823959,1.5571560622692964,-0.43952039998195674,-0.06156759523505945,-1.1231872322010594,0.7564748764096038,2.0065266008713776,-0.4696321033444926,1.571746253895314,-1.194447210777268,0.912536639854048,1.4366330419942523,0.03010524836942574,2.055431010628702,0.5006420615903878,0.3486033043662418,1.0169406740107356,0.9632785360513852,0.15442276446437897,1.7308410084644474,1.7222369051857254,0.678598610709305,-1.4706675857702678,1.3123313412709277,1.6660504326377834,-0.8315698665375565,1.883394728616372,0.048968127156702235,0.05866891145765981,1.0622774521500007,0.6684588276657273,-0.23788685377009744,1.4172492143833786,0.4035056977362579,-1.3254050251751415,0.8270928934655991,0.2087398256530303,1.4847109097335207,0.4770060092053351,0.6588120289399874,1.6678008777928734,0.37378921092621,2.5498979866335696,0.13269032509749615,0.4620454056400755,0.5714515797232874,-0.3283354630335715,-1.2543667883864846,-0.1491081731899207,0.7627269710703224,0.2915970858683573,1.4569091052937744,1.8617944437175167,1.560245465179221,0.35608875867927753,-1.7278610527618816,-0.6334352844122763,0.536188141873962,0.6704122401159405,1.3063328848527869,1
-1.3471318540415296,-0.7312379962744355,-1.3447871824112543,0.07486416224533732,-1.210540959518694,0.3528507877728264,2.9246089048331734,-0.712035551963575,1.6999605175505588,-0.867243026720217,1.5017522464181146,2.035796602849585,-0.3311625810954886,2.090108196040535,0.552023144784538,0.31745988320817536,0.9501970773486231,0.9198947746758334,0.4651536586894785,1.1954619898892596,1.6397157955343709,0.8482508245403801,-1.5434133350966754,0.9630632280739502,1.3988130209875418,-0.852242341047115,1.591135219091353,0.12324021221362817,-0.042233176385632495,1.2695432131076612,0.355781194560048,-0.3915879771465022,1.3352478155989522,0.4544383525884379,-1.3187586992823017,0.8191203891054377,0.3838626620892111,1.6348327775020854,0.7266922461820269,0.5767849355590888,1.9134235529650274,0.4507189160164606,2.614139625509573,0.2777456788254868,0.6246217615295746,0.6903933406051153,-0.3254304469533376,-1.3103530481953034,-0.06945665167947464,0.756457784540819,0.4614561380714215,1.2871010542032546,1.8777293116580516,1.5611585893770512,0.404114139119579,-1.5384863619286904,-0.46059965440957884,0.6285751785925102,0.8555927576084652,1.4591617861766337,1
-1.424416351656066,0.1779912587793846,-1.002797958906343,-0.47262541727435253,-0.81416109879146,0.6424194553537613,2.3331796439486183,-0.4436833919385674,1.5769580863328023,-0.9989320438360813,1.4899277429198006,2.1516493650601634,-0.3582577793376046,1.7628282662544228,0.6281243074020932,0.12670570283691768,1.3936105182268168,1.1209976147657676,0.3146962568269931,1.4925185987342025,1.5632550896778457,1.0085966739022965,-1.352299395477014,0.8783124111343504,1.3337924664800147,-1.023540644925373,1.4231165608732848,0.34788777114826785,0.07405910022368745,1.084901567547639,0.5077636724716215,-0.23355326474840374,1.4208705865971618,0.5262545974107542,-1.3342473554570495,0.768828763928407,0.32458903050113685,1.495300100913172,0.9344514241121201,0.6406878136125957,1.7659064821600539,0.7351166325418146,2.660261447867068,0.22963421620341684,0.35687420901425704,0.6772135788681335,-0.4933805511952234,-1.1889654097589404,0.10269811642771202,0.7705156887160399,0.43906236723149156,1.3566092490635115,1.7449749790917817,1.8888415547154582,0.6741285902906404,-1.7181154038273576,-0.5249504585556746,0.6683968962470453,0.7876208090150899,1.5900692415440127,4
-1.207423029173425,0.3787568604397378,-0.8075830487320843,-0.49167242625938135,-0.5502576500211789,0.674967208988344,2.6170326553898287,-0.6750799843757682,1.9793445639026648,-0.9319099873257419,0.9096517870351355,1.5300051243980866,-0.7576035451531551,2.0307481360744366,0.8357352256010142,0.08290221656101207,1.10970553579613,1.1522983860335039,0.41769602713117326,1.380190493809504,1.4032550617227428,1.338020498672297,-1.3410089652119135,0.9479782444365542,0.938537388203565,-0.883717524512122,1.6381935647882968,0.4641577966992428,0.04890934421099015,1.2553381507601933,0.573092994750894,-0.22930288596279721,1.2280451805561552,0.6216433770663528,-1.4592901393802462,0.6639438096317347,0.13992582256137404,1.557728838170042,0.655707671529295,0.7102317454815714,1.7278538020870644,0.6315845760026204,2.753041068056898,0.10327834433196849,0.6663709492786528,0.5494503075841738,-0.4058202724294038,-1.3462951869570032,0.04641753649860949,0.5485133081408353,0.5449693670883876,1.4149118710980852,1.9067396868715032,1.82778835775396,0.5924021505501988,-1.6533899358071673,-0.4879005189027906,0.39685700635684085,0.564275886838875,1.5001713621048238,1
0.21693585722080155,0.37354520670324354,-0.8945235425027601,0.06871496653319609,-1.4678285608029613,0.8392412407213301,1.7331295954575734,-0.24068802307096554,1.2469733772564389,-1.5629771544308828,1.4552813945135321,1.516482558791838,-0.6057314852937342,1.8573474666740437,0.9033655239234609,0.5734641994191052,1.2144247577461795,0.9664050397571885,0.28904244842924,1.5738861052115916,1.7088582348562766,0.9842442969769059,-1.765447762187753,1.1516496304958235,1.3997500607474749,-0.8573553077069889,1.4075096497946487,0.2667497099198181,0.28258754427176785,1.049236548042603,0.43447835188939027,-0.023259256712276605,1.2508468007393967,0.6569083200821646,-1.2853629255508239,0.8980458781404462,0.09117297980495917,1.52356741193113,0.6903126257937201,0.9082742712778468,1.8055229997694218,0.38317037318164265,2.5939086995112204,0.3028863721169966,0.5594228393749986,0.5299407659250007,-0.2773476846175919,-1.1211813961370787,0.012932059008715555,0.757479700881756,0.5850308698375936,1.347673910389724,1.694086292421607,1.813558861677603,0.569695010053331,-1.8633589005334261,-0.5057186610605294,0.4373648042867249,0.6899812399019283,1.5325262613281352,1
0.11703149231626608,0.34656455707004835,-0.7288060363745136,-0.3231156080945824,-1.1525446038140714,1.1095373811350528,2.6366091607847446,-0.8510566969290418,1.2652291674375262,-1.0980707917547732,1.1182534526668297,1.7301158194955533,-0.4774282623789651,1.7122654597789229,0.8850825874289645,0.12662931960881343,1.3104573449156596,1.135882653489635,0.642625339669324,1.5988509520562564,1.568448474787788,1.09599829871741,-1.104117268704086,1.0289130896401428,1.4047764807917689,-0.6725798926616288,1.4810845054549469,0.04651061341095772,0.10778109892678638,1.0643668467684737,0.36746141992905085,-0.3568525174127218,1.39739659602854,0.39824907840912127,-1.5378788855576548,0.8194307690455338,0.39353428440718297,1.569365281377857,0.8376126872084749,0.7710411355830755,1.8056330167202919,0.5390983974222581,2.8111696455184765,0.13351024764205588,0.40648223768496067,0.6365300820489084,-0.36857575366302026,-1.2563485234455745,0.05097823928287588,0.8664868169207726,0.4671021970822612,1.214034477377603,1.9220375272355985,1.6446692374114722,0.4876185549502749,-1.6037796879276154,-0.3728809030059352,0.5273341788846563,0.6851631793110796,1.4998055717949137,1
-0.8993989451704709,0.9033760713928307,-0.6971151652713492,-0.46895957163705687,-1.2804918884884122,0.4395184376590032,2.2592468001503057,-0.6618373453654881,1.6610344718412453,-0.6226546782742132,1.304274121752277,1.8744860047701675,-0.40610133121173875,1.472980737523675,0.9322570467604728,0.340600154284767,1.1325536933524414,0.8482586419209722,0.3312834469028668,1.6219326863760255,1.7327031749806139,1.0459248063034758,-1.937601779464916,1.2412304993148597,1.397154830702753,-0.9931587652033277,1.5736289079823262,0.28749295425785193,-0.0013468151779271048,0.976830726040242,0.4043231168252919,-0.3145622264756538,1.8010911954224165,0.5004542982299119,-1.3883155356443293,0.9293478103377228,0.32701674767481603,1.5853104126920354,0.8065993611501681,0.7518561533902188,1.7963311308455088,0.7464526793876355,2.60151842483693,0.30132987593771016,0.4888359976268416,0.6626364135303717,-0.39060661233903227,-1.1728200461070986,-0.11333347149861005,0.8531074613384716,0.39049798950093,1.3614802673422581,1.9627641777528904,1.5534825859285848,0.4569736870972183,-1.6077322547931487,-0.3187969108933566,0.456286162272238,0.7450390983617866,1.4809529715849288,4
-1.1585972918482372,-1.4992423008702649,-0.39452033797747466,-0.7551778077340103,-1.365507702702071,1.3342325581189198,2.611506513965368,-0.1359221224824827,1.1989554137649798,-1.0215593641080685,1.1845943432814976,1.801194602222333,-0.8269238321091719,1.675777549302951,0.9378091348975565,0.4347543324204504,0.9420586434137878,0.9800927770082325,0.30622777101745136,1.38272419604092,1.286142873361926,0.914049655594035,-1.513689464667021,0.9879173558899387,1.1077118108240338,-1.0138969437969543,1.7513392041601443,0.297407946944848,0.3001546915047412,0.851792511905858,0.5634273300295719,-0.29030435343126526,1.4101223571582993,0.787777391803701,-1.1422065862526736,0.9619698732920219,0.21195727632205913,1.6818742475232458,0.8890126283741883,0.6796793378048154,1.8616102775273935,0.5686506653248093,2.6066210829082115,0.2940060570391152,0.3365079978558427,0.6891540271679811,-0.4834498971163381,-1.223953533451751,0.14563829444222173,0.7406501486250483,0.5685780627771315,1.3889877854207626,1.751185362922621,1.7793252367801156,0.3711524624859342,-1.5877670925405554,-0.539327142701975,0.43836606325504157,0.59980349984817,1.5724773604200117,1
-1.0057056728184142,-0.20903161275050863,-1.1619924455212842,-0.11430721357680082,-0.8615417842067509,0.1331272544042279,2.2521244424392206,0.0571639952898948,1.2478017109328094,-1.0568164529684934,1.4324839330970132,1.834484735413756,-0.35662189556591256,1.958635828957287,0.6805487889135509,0.5292240055864899,0.8895081204494847,0.8922988908187841,0.3541844157413181,1.4990222305067915,1.6510950870759802,0.9051037951665428,-1.5132155362778517,0.8343675034337746,1.2318989397577471,-0.8882351797879542,1.5623469975268198,0.2565213656915261,-0.1940027937072096,1.3119618461686313,0.7650078949008753,-0.36050649771435217,1.2289724588507167,0.4955114966583443,-1.46813571297395,0.8093128083528577,0.33307099245852617,1.3156153882394686,0.7636938700423673,0.6005600991681975,1.8344727384956736,0.49461990101018843,2.7101341159772123,0.005553534431791657,0.41513847745068144,0.719892959257775,-0.4576036507363138,-1.115167348392105,0.047401847540664635,0.5361586058212894,0.5651128370541745,1.5868945658747566,1.8014847002233627,1.6441994015472965,0.41172845843376116,-1.5822598798121528,-0.5543301776709835,0.4382448235287558,0.7290250001130282,1.3988464135171605,4
-0.06977149956472228,0.2409876606939047,0.05921194170641797,-0.6695827115833717,-1.6386492678871105,0.6231002345741051,2.733922783331828,-0.9169996312457128,1.990322179924322,-0.7829396707564493,1.1543760612366636,1.87284491711062,-0.32084603185702554,1.6414453850787725,0.6644086269177171,0.11205473210100231,1.009778718245675,1.0538253704681098,0.618891773641576,1.516427349206642,1.6341045898488096,1.2674448602036776,-1.4211124308965828,1.0286492174359034,1.6386472705741002,-0.8067235351940105,1.6106617137320571,0.31881544377693904,0.28163835772214396,0.8783953491372087,0.4743980192662949,-0.26160818611053493,1.4411806112262364,0.44937079484147746,-1.4118209957105112,1.0574625498643506,0.2674855513790763,1.3521539009678638,0.7464333564335595,0.8194284873782721,2.05378163473005,0.41916087195606805,2.4522140473158363,0.057072276512995235,0.2526604349643754,0.6939184765551536,-0.23649496994672853,-1.2701696364414854,0.04136322037152655,0.7436690592089203,0.6754534298449081,1.2421793016762006,1.6525456775029144,1.7158488919843138,0.43667910397622206,-1.6347972045355008,-0.4057232893465323,0.6137411270748688,0.6648318674919949,1.4123791937533134,1
0.036673162462400266,1.2717038705892578,-0.6253390945788178,-0.45427609161330573,-1.241970268366046,0.4755785313774018,2.723724963568836,-0.491660961589404,1.6993439825019765,-0.7933766693510484,0.7933119873376137,1.8886353500884814,-0.4256503912964964,1.7052786430259665,0.7675163784867951,0.09411827213044682,1.001073733091934,0.8539121711812556,0.3565838099527352,1.4861082002554697,1.6170921057393104,1.0501270665755298,-1.3437039084960414,1.1859649232014415,1.5973722459410369,-0.8608244423317858,1.7338082056175863,-0.08644499478175402,0.00764776721332866,1.1585558058434153,0.6394583266080012,-0.007005040147730041,1.429187199365552,0.3723485804831768,-1.4042737807964305,1.0562276656178593,0.2248996626850782,1.5113139470906412,0.9063538699689438,0.5606885399816799,1.866953471209734,0.3569888514429558,2.850689538948884,0.2190157685872881,0.48473666028188683,0.5506944587355637,-0.2751071798698459,-1.1771232480146012,0.07223315104509825,0.7673631314079064,0.4084834408758773,1.5288918385122265,1.6920661334390266,1.7251414352851486,0.48442045126033684,-1.5845584028877944,-0.6407110111427433,0.34353733008406884,0.768535495439465,1.4038010721042626,1
-0.9151100350773589,-0.9553914240457451,-0.997365886261376,-0.11159680208129963,-1.5436525562470145,1.2246196125199518,3.12835026435271,-0.7995491047788039,1.2423162620109656,-1.1396578232590873,1.12459404486208,1.6849966977244735,-0.3835192168371627,1.5652852493091236,0.8249589155536522,0.4047173178572942,1.183908926869961,1.0151598465354401,0.6452171157618737,1.4290539175715737,1.4454259318873695,1.3054001881561599,-1.7720475567441183,1.0448962958009613,1.4371993895385835,-0.8627691411359895,1.4919291589336707,0.20700673272642678,0.25401644545622415,1.2435369475252653,0.35960741880617747,-0.2628791963652322,1.2898822854998981,0.3633062229351221,-1.4170638761127494,1.0798934036498145,0.1473089030917882,1.6295526748091487,0.6842051651302682,0.7151772591909041,2.0391627179952785,0.6019173140891828,2.418749922733483,0.19102172952032181,0.5135211223426676,0.812332596359012,-0.3191044006126562,-1.158210081747316,0.04579403184059553,0.9616802226188952,0.351534251372688,1.3605693756762363,1.5406441231178272,1.6287191481270142,0.44458961780330486,-1.7160173552126674,-0.4289067037172469,0.45642250112088106,0.5619268215998875,1.4807237245550557,1
-1.8108880176787538,-0.4446146019075686,-0.7829937044166049,-0.5172598500440727,-1.4010385097260036,0.6101175165373456,2.3479591572775487,-0.16600050482731527,1.0562993192753858,-0.7165242330472498,1.0354337505659226,2.0003413272602866,-0.8712585654059881,1.9999886872531374,0.9059324572950656,0.28639863143483074,1.3084041487658793,0.9693116948370879,0.2544735529078076,1.4729935224029234,1.7582554838638182,1.0618659093550438,-1.4562642437855426,0.9273195590845019,1.3122096501250342,-0.6007479743523145,1.411098922079919,0.37173162999070225,0.19775505195133347,0.8697537305909115,0.420507089584719,-0.08712366878215858,1.3857754903803634,0.6737227668033299,-1.299833418068067,0.9361435443778351,0.16909258278932154,1.6036349250631534,0.8569403221892191,0.7214080537806487,1.8442414097869244,0.47969025477910254,2.4901359074923,0.005326192199383684,0.3806441751261621,0.47531341245607855,-0.32339561105770154,-1.2721155253918432,-0.08554249953772605,0.8000042203635781,0.5716982075331573,1.4270875113307158,1.665061979581425,1.6180815988675241,0.4172483036996571,-1.6378477811131968,-0.5332202950790101,0.5363251444841266,0.7456998356702661,1.3514223378028996,4
-0.21992169266608447,0.8966183754327313,-0.9946242043051345,-0.01996466192332008,-1.5903433811026142,0.9423820594804806,2.7591255279232305,-0.9869516203078714,1.8821194504140673,-0.877633762387378,0.9986476302578414,1.4943922467394133,-0.6163517898175841,2.1841704106126967,0.3899067586772705,0.35675539989723887,0.7134532387856984,0.7010263492066736,0.23440146578102417,1.537568621972961,1.3016577287271422,1.0542447085178763,-1.5860653644526495,0.955911754212792,1.480588793134692,-1.0940057821902314,1.6196675232562276,0.31307879972248004,0.01830177252633282,1.0498232367947944,0.5492641795458589,-0.3019194129711168,1.524140812088133,0.4564047958408814,-1.3352148173734253,0.6864664997110346,0.28694114555114264,1.2878559746886789,0.67395435165991,0.7325182551983294,1.7938569392235453,0.4978658054031918,2.7874325843635246,0.28094144474584226,0.5453293861912738,0.6478072523503435,-0.449888670973801,-1.2167787695099654,-0.014105036913498417,0.763098048512352,0.3643921794516619,1.492137229633769,1.8387374233557654,1.528959995722663,0.36958553269919214,-1.5896384642617123,-0.4977918494500542,0.46785151477546105,0.778991175237105,1.340327684537375,1
-1.4113023298358693,1.1530266931669348,-0.44917977295498607,0.24747479648263493,-1.3688574413839174,0.36289780894496554,2.8828988565497626,-0.6950812902360636,1.575877634569086,-1.3150978938779891,1.1273890746115809,1.6017682942881577,-0.742163653464359,2.1658259222783665,0.8532335643385535,0.5083640647301823,0.9475908061932913,0.8576487554677449,0.5790142027374717,1.7305081950786685,1.7235877246827451,1.0576151038610286,-1.344171933547752,1.1613024816495958,1.625922391417271,-0.7896090344778336,1.5152002761130672,0.06028496729469934,0.018691801452996516,1.0968351923823685,0.6883009936479819,-0.16921602897370502,1.3635682888285718,0.5160537802075053,-1.3824376007949029,0.7161432084380841,0.4018277122881481,1.501540461105841,0.7041109542485785,0.5757109128906605,1.9460799949801164,0.5168253284413267,2.6458277877466165,0.11376748259939032,0.7291209192409611,0.5532067460944229,-0.4331787150143265,-1.1678847157317245,0.11828933148815253,0.8346562127462964,0.36264039336809106,1.4579208738687508,1.7987055021909413,1.6828732334025818,0.49218642787924743,-1.6476117849656384,-0.424704748814009,0.5877389609537771,0.7437078713364678,1.4741624090781407,4
-1.9939305923928112,1.4948828794874651,-1.0910013642620524,-1.1772444121981884,-1.3237029957501663,0.8944088094835941,2.8043296897294234,-0.5783335122236065,1.9210450569934647,-1.3682220615068474,1.077347794960265,1.5361833092922557,-0.4151464615864445,1.8682275557412427,0.7443935788846386,0.5453381499300791,0.9430364460558739,0.9587416634017388,0.5770811467416732,1.4959359417785618,1.7752402922706965,1.21278818861871,-1.3659570831853123,0.8667397130844758,1.5887450330466906,-0.5296530502254524,1.5113818361454938,0.2601427424171069,0.01781729514687906,0.9648427704048705,0.6272900806202011,-0.19624503052311817,1.457305956034939,0.5503302485540505,-1.524519635416674,0.9760272601313295,0.045710480120402214,1.604830533294437,0.796550297433569,0.6762559068236256,1.8013974267026545,0.24711371510760655,2.6260188686727024,0.1276661468777861,0.4716546707905446,0.784689415119131,-0.27933047378118764,-1.1507175623370431,0.04596697222700347,0.6287799639113414,0.4408480256227152,1.4173224367681476,1.8429620358124317,1.6694889826288744,0.6066557238375566,-1.4903817583975159,-0.425794415034907,0.39753889288112465,0.7121641056548825,1.3588021267941657,4
0.41339537743168786,-0.20765097919842818,-1.092816707523507,-0.6909354226753658,-0.7300810270339118,0.8701004748263766,2.439516835266918,-0.5799804661126079,1.6985822573479576,-1.4103036430921816,1.1381706638161058,1.6576199895830759,-0.2995316917366798,1.9595779348999658,0.610205954723197,0.31668205757994494,1.1710971053957688,1.0314419972303979,0.7297959559490717,1.332935881703971,1.573922691404686,1.17149991190386,-1.5464271729782741,1.0220541391553315,1.55092045713304,-0.792125911006216,1.365246385764434,0.2850489825074784,0.13872241806680974,1.0176395335325878,0.526288545946205,-0.058735709743799824,1.2938994756002236,0.41582429271102883,-1.4465304867232476,0.8881764266450287,0.21846194226639812,1.5243553071969742,0.796558031274136,0.7749447413090081,1.8873702855240642,0.497337870151567,2.5432816302060517,0.15372029174815924,0.41616982206763214,0.6509960743236657,-0.4290290811900913,-1.214464671219224,-0.02284396264700816,0.8720700815982436,0.454252883825623,1.3882494082267087,1.854559221309874,1.7596228145488353,0.41259785622685186,-1.5575053779809733,-0.5437662055184033,0.5411098995059958,0.7651138532816883,1.5454990844102576,1
-0.9272398202644745,0.9287687180905764,0.1634839366835028,0.24349733493130954,-1.1115296681640263,0.6718420631430388,2.5934421887985564,-0.7410451162910185,1.8961803010514853,-1.1102750992038937,1.4031692157629412,2.0205975623566816,-0.21824063852256811,1.9814976190632156,0.8780035601964743,0.2989850889380935,1.2823277911639646,0.7730046901743255,0.09899531355240432,1.4547957188879914,1.5175047940214283,1.2547664184929992,-1.4604994821037114,1.1452981843260903,1.4353142449715168,-0.8164461687072004,1.552061777530298,0.30423714515781225,0.19249629941238255,0.8419492757073289,0.5932714447618953,-0.1636600631015903,1.3966403556735703,0.703356976220973,-1.2753522520752738,0.6542241952304024,0.34392181684684875,1.361387319450802,0.8862055581512327,0.900854578471885,1.855710765990232,0.7448335810883906,2.6121658146236864,0.24776831576550454,0.5327169928302451,0.4769835849188525,-0.34212546198598637,-1.1290660111459336,0.00012676697005341991,0.814110817402055,0.40376198291552995,1.34388226603771,1.8443950567209104,1.6020479460854515,0.377994558777213,-1.770853246304625,-0.5196649518026992,0.43259811383030977,0.7603880424405179,1.322280445966967,4
0.16410584308972076,0.0014569784330361324,-0.3342422295136535,-0.4197155527535257,-0.7847478040992504,1.1376150971410455,2.6255987690032825,0.05395678214976507,1.0646616774737776,-0.5609348353260533,1.1779880334655533,1.559736090786649,-0.4826412830386103,2.1286202441300595,0.40753267400869736,0.5047052923515407,1.1407315937058295,1.2904110400581255,0.3160121061409965,1.1551594550564968,2.001038338138495,1.0174689585585632,-1.382400891341458,1.2352773134082096,1.534927675058047,-0.5794908132796495,1.6705693661090955,0.5021832363562132,-0.025515244071614734,0.995844381937705,0.2966273356307753,-0.23371081612078853,1.2291745518111967,0.4543840919307176,-1.4059811069488015,0.9019871469215144,0.24443751632846378,1.5119439775327623,0.7390069398247114,0.7938949625862493,1.866620800366637,0.6691802109781018,2.6688770424993047,0.2045090195109417,0.5623873515378082,0.6859233757500998,-0.5061723203329337,-1.2903461000059433,-0.1013825715620497,0.854238956968975,0.43386213423715414,1.3008943190393165,1.615669825132503,1.7068863413784001,0.6659123163752422,-1.6723711300384627,-0.6121224839634996,0.4923032623895393,0.6507172489468401,1.4443355282226575,1
1.0678297188158878,0.627408200341851,-0.9036658672591066,-0.33416477768698616,-1.2990704359634495,0.6174739558345573,2.284873161575202,-0.44641138257467217,1.3951003085127265,-1.188283664110217,2.0236823753912696,2.1027603110269966,-0.4140588609113481,1.9432460089197685,0.5521075225385415,0.26083933884054056,0.928089965739453,0.8239432924939485,0.5856494018745406,1.3588061188607283,1.395020513351795,1.3009842351012422,-1.732016254517525,1.1781090499291775,1.4056223350563717,-0.7579825699255127,1.447416858916769,0.34821023672017737,-0.09364565437235686,1.172620626820373,0.310047397455505,0.06542607865688538,1.504745002037668,0.5982013861449573,-1.2229121882153329,0.9533323194091431,0.19534985655824777,1.2392479860601608,0.7887631788195862,0.9169563310180013,2.0275628925261002,0.6822904604099003,2.682573282492069,0.35691200119859157,0.47825526727098616,0.7496876835370763,-0.38056519485551515,-1.292246578684919,-0.09561797789565471,0.6404722993522731,0.486612934063174,1.4178416821475692,1.665550590554072,1.6664315272880517,0.5020364307898982,-1.5716024017363446,-0.5477762680377275,0.4668079233974688,0.7269351772087941,1.333461149425366,1
1.4706100970430716,0.4629679689102797,-0.4928363445681424,-0.6193013288663993,-1.3897154946418655,1.0197942656979402,2.2107550785663226,-0.22761444203315767,1.771266047524429,-0.5599205764674633,1.230585976319953,1.7576303310382864,-0.4275964450809192,1.9885435753478935,0.6174699522624748,0.403212131090748,1.082977199277552,0.9523199623899475,0.3430513775675223,1.2231836815704553,1.469995231141489,0.9590193041111608,-1.3244637304904652,0.9859384844042717,1.2629062363263948,-0.9755757505536291,1.5440335286943607,0.09040576213810428,0.3503264861016241,1.06784777633342,0.774960398682838,0.007948252878446277,1.2881438264646137,0.48442300261955595,-1.374683483857412,0.8959337512674935,0.31176824646963297,1.662248546631068,0.8107814695915946,0.7152363534588035,2.084472767812135,0.44895380568887316,2.4366255375881662,0.0432079989819692,0.4838693733072079,0.7016186513503118,-0.36268364178704116,-1.275477121906002,0.17309477105811089,0.9590364230061923,0.5216198540329984,1.4255741858891204,1.8157396398665189,1.7014146819288236,0.259783884404723,-1.6244094338565889,-0.6124845494270078,0.44713141246931,0.5628740218510182,1.5632236766162826,1
0.39005763293143325,0.783905291036419,-1.0251570496162605,-0.6238365149148251,-1.4511507215046575,0.7851805515580421,2.289736419333429,-0.3751919966593225,1.4402437909708672,-1.1113825344242843,1.2087181637804307,1.941636190979732,-0.6248333250258196,1.773377457404346,1.138660749167745,0.3242255017986663,1.3178806935443812,0.9879081637713679,0.5413632299161132,1.508206788797378,1.6502976669392393,0.9397234200757875,-1.582488591485002,1.1331682629280821,1.6019638735171995,-0.780416997423652,1.2963413275442635,0.1376156221558745,-0.20535515707774005,0.9636620873145914,0.4389630945439773,-0.08724142898108818,1.472330535238899,0.3663655874698237,-1.2728675718117024,0.8863588368398913,0.4202592430997496,1.5556789941072862,0.6015954771985967,0.689695291587502,1.7836631442624853,0.5000401316287514,2.4923369708416523,0.3822137285299182,0.749569954628414,0.562478194900585,-0.2787127090232198,-1.2825846620295567,-0.12309339756846105,0.771643661933082,0.4796559826669252,1.5200476112943342,1.8530127566148415,1.7038001858623737,0.5860654773307933,-1.6318380207835814,-0.47374639440666555,0.4781200009281955,0.6225093546515553,1.436227153205074,1
-1.4684851217379922,1.369230429632451,-0.6977393717915547,-0.2818717376946379,-2.020830668095089,0.2249197277114034,1.885393458164462,-0.5273338042403993,1.74599654002016,-0.8113529797112037,0.9536421262012934,1.704661838585155,-0.5195382416675183,1.885898068410529,0.6682348990119212,0.021841016369644417,1.1543198002146706,0.8155391657390114,0.5241123969801134,1.0679483028905974,1.4600520763243758,0.784225142553198,-1.3742412189295272,0.8552828792766841,1.447981735034671,-0.9167110622076498,1.4473094770207142,0.19426293076917137,0.1501063552635234,1.403295773619752,0.7170051116920437,-0.3476517808867016,1.4642710863060626,0.6029693456361315,-1.4940964794889902,0.6403008814669348,0.36441806201231247,1.386393779576875,0.7563886171918286,0.7247200370834593,1.9158721515664001,0.6053846966137901,2.6602413024282123,0.1588032662733331,0.4117145336968795,0.7649012559203238,-0.3861998281635361,-1.2127784441741043,-0.10715787540189713,0.8445616913238061,0.3900857826155374,1.455358238982716,1.874353875745894,1.6002753583989182,0.32219668920784994,-1.6507881376920928,-0.48318359180084114,0.6563610288676229,0.8404560870000897,1.5039734653403312,4
-1.4354922057802448,-0.2198624987388485,0.2614189370451624,-0.37876772021191757,-1.1296766866009675,0.6843470378184952,2.768370889553138,-0.8528689489948844,1.63747955640399,-1.107289225015175,1.2753664340126039,1.713862591947265,-0.6099669002439115,1.9549959138346906,0.6175986037592395,0.3170250248480541,0.9183199451389049,1.0922122760927468,0.9057780022547846,1.7283339238264979,1.6303107583813417,1.1833884152398837,-1.5615712332112979,1.2116020377235874,1.1409340317470442,-0.9396535152543426,1.5545247026342421,0.28259558047948335,-0.26606809333343395,1.3522026114961336,0.3562405667285448,-0.2761792484398612,1.509236027043087,0.310913923962046,-1.4852831340093187,0.7117962472004028,0.2861819545056017,1.5247864985716155,0.7015914066979909,0.6886990305457666,1.8597143934340106,0.45698931338177606,2.6080381922140017,0.3115397211412333,0.4431678765102324,0.6766046682386035,-0.31783909668801763,-1.2255256737429392,-0.10545745672482199,0.6632895561047873,0.31969738615882665,1.2697468888261936,1.7594113221762329,1.6753644731769113,0.518306097418129,-1.5193232632425016,-0.30750419707401205,0.5131848092934117,0.6485445151739776,1.4773608097202038,1
-1.4656079011298564,-0.5660671928302574,0.20266612038024312,-0.5815142672460929,-1.0110522353675553,1.185260184776569,2.0721651484071004,-0.566343907341865,1.4812831523712493,-1.290788465847633,1.0094232704470167,1.483230679590816,-0.34217713169599273,1.9570910411332105,0.7856537423286717,0.2506941077433079,0.8373870434654995,1.1612787542628142,0.42341502007960674,1.3559702056070904,1.5995663235699018,1.1302446357812226,-1.2768974549760337,0.8873842665755256,1.525496673081801,-0.8800542500912211,1.467329894079335,0.12893289029771052,0.1005191524696262,1.1876788584156883,0.4780787750566491,-0.29954842068978105,1.1997731337310447,0.5751004447833501,-1.3344251514148162,0.7471894863425235,0.24225525992223704,1.4482532728356583,0.7271678735665857,0.6560369737103264,1.6844893729387755,0.3333599649109874,2.572209825155893,0.1048410741120847,0.5078188375300567,0.5412190424080283,-0.302363745731268,-1.3988315002857186,-0.12255218688791406,0.6554085704364159,0.28273804852989703,1.565678588609323,1.8827759679177831,1.5254943643137344,0.4224863991194455,-1.6420788892126232,-0.611639955366613,0.6394767986793942,0.573936587515608,1.4175246461772444,1
0.35588631226805567,0.8907856462516472,-0.800101259063005,-0.6466439694494229,-1.878876039053438,0.5779357828703497,2.480895101779944,-0.521465463133426,1.204645944888801,-1.2049581097343358,1.890585659906285,2.1019064764602526,-0.48849147467571286,2.1640578077785957,0.3802173347411036,0.38148111657720746,1.2940878141852155,1.1721180148764563,0.4767397826947145,1.4797037987241488,1.3656448024504737,0.9155361178805854,-1.4199466924898252,1.207268066217666,1.5584403043769588,-0.8690870238944883,1.5823854133987212,0.272775641776383,0.30230897736981477,1.2296935105704994,0.5558457998219064,-0.15675366710462832,1.2878689215072296,0.5194641881611054,-1.6596311360164635,0.5561969737579471,0.5228635239681363,1.5837570307535498,0.6729402551577364,0.6999788839471139,1.6933478102689288,0.6362254396826166,2.653974682153554,0.05044260476283283,0.50274829083091,0.6410892336974905,-0.34484183662365725,-1.233295468783487,0.011141769480223742,0.618712344399884,0.48209525212341053,1.4402764167570852,1.837710900904513,1.7527044892561374,0.5701238146257674,-1.6565053109570922,-0.5914275465930905,0.36600537589731125,0.6002920907613746,1.4357369605946022,1
-0.739795162642512,0.3011698109886366,-0.4053236027434448,-0.146455666523081,-1.8765135951939769,0.774619024273564,2.411720095911448,-0.20755471323893698,1.605967548720568,-1.236113155659527,1.4259976724365209,1.4549120400014566,-0.2952184136264809,1.900944815748697,0.9255141440403194,0.47426175854759833,1.4396569093179994,1.0046401284461497,0.6772866206988368,1.4130270172173407,1.6301119989857802,1.0209758416566916,-1.438595228720179,0.851106065339633,1.4405667634842274,-0.8238671074365963,1.5037042797545093,0.2698302845631444,0.08191834531360999,1.0075186462356618,0.3457191180325264,-0.33457605573199,1.5391010356550674,0.2536568319824424,-1.2795300908265521,0.8486948113974775,0.40946455771309365,1.5999075987828728,0.7597302821813035,0.8251201895911838,1.814995762738146,0.6459004975572071,2.541838089675275,0.1939516436570157,0.45059841498265896,0.7144216139471744,-0.43790543043934027,-1.1831529749748764,0.07657010435024723,0.7493808855316266,0.4561686567797787,1.586212573491722,1.7164142842670624,1.5182035994930758,0.48727770167046364,-1.5414506728445025,-0.40626716263575635,0.41915063835523503,0.7358648039608073,1.4995609120713707,1
-2.7438193339906167,0.5195075313556949,-0.7291605651052222,-0.33087479286456717,-1.754339501529015,0.3875802170803195,2.631209883606328,-0.7012507045377822,1.447281299454496,-1.2576315352448182,1.3085556794292847,1.4334664441578147,-0.30942479362182784,1.5450393464447136,1.0741082182128388,0.37196884619930115,0.5155613504395313,1.191057261061969,0.41789702309377985,1.3690649068225493,1.5777354026869117,0.8644786225235961,-1.5076816312151191,0.7085524969863015,1.3148168686065496,-0.7282042062922895,1.416879160617295,0.37925059649241866,0.10715424085353094,1.3118067551328956,0.6806454004455053,-0.2831666453955597,1.3809628969663474,0.495360610880766,-1.6836906042139566,1.1298046586430774,0.2406180438271326,1.5716123963420012,0.7008694707201274,0.7162697752173839,1.9443168472711658,0.6671015994217749,2.7636347633593266,0.24931785606409113,0.42340983041016866,0.7030115459164861,-0.5091047178169927,-1.4060639522265546,-0.10464895468436487,0.6333400593255857,0.5118906445766932,1.3739587265550397,1.878113208276405,1.7201667192096366,0.44575240478410194,-1.6228463166347307,-0.4773324248409881,0.4935278045149062,0.6864419931134216,1.4351740369557984,1
0.5866806417520014,-0.659518361643006,-0.5769468368368906,-0.44737165937126416,-1.0648901863663935,0.4076000399357905,2.6142937644237403,-0.14691107677797277,1.232668311366887,-1.1915336137882082,0.8678390313470206,2.243745673442439,-0.4696376289697223,1.7499258363491734,0.9687103996303112,0.30989655975002367,1.3909536517839804,1.242083750854217,0.35880911625396006,1.4793000644162022,1.5743243373644609,1.161167452677936,-1.6357561940012983,1.166748914745744,1.3939600705536306,-0.9279211040906145,1.3952890083969267,0.2923747554323358,-0.12448808247551027,1.149587892467898,0.5620880236115319,-0.014722579248388379,1.3985487665178002,0.7388003057542764,-1.2716272986684665,0.9103277171681102,0.3008681702156645,1.4896741370713336,0.7461569798543992,0.8222636500983371,1.6637161959978624,0.6361243154941636,2.753905885676774,0.3002024425817256,0.5719737235515444,0.70001495687698,-0.39183000191829626,-1.1566144527316262,-0.06220241955799894,0.7230323100795752,0.44292209246391856,1.5871895807082426,1.9314028879336618,1.734229836893362,0.48691624955700047,-1.7195700594628964,-0.4480221979332477,0.5856379510798346,0.6980891574216161,1.6072282836949603,1
-0.6534430426086212,-0.0852901570388811,-0.2613670909862906,-0.17197528071341572,-1.004411853074454,0.929644533190351,2.7024797147441286,-0.6313058942736138,1.4760625365424345,-0.9794598916067351,0.6347774761218922,2.1059951903358103,-0.6805090705601848,1.9377590327503111,0.7554224096885862,-0.03263455262250581,0.9640440465205177,0.9214757464821999,0.31028766117133855,1.7241771373132355,1.6154273858219061,1.0224774426133778,-1.541433949937976,0.9486202619131622,1.42757213839313,-0.7632868535013756,1.5051363727166804,0.4435422367431263,0.10754377908927545,0.8004567928072321,0.7107280183428808,-0.045151849983717185,1.7491860163428996,0.4369990218069618,-1.4853917487677293,0.8960494213289473,0.1503971290436678,1.5607626953972416,0.7891446946496113,0.8064842911038385,1.6789872083902522,0.4825057998294069,2.6535859968227555,0.07172743307100814,0.5527824900053485,0.7015744563848935,-0.4075026979107441,-1.2970632967848,-0.06114250405699705,0.8025959600159606,0.33874071504413517,1.450934223743747,1.7848506197100402,1.6857040276628503,0.5669583080132459,-1.6518910294089642,-0.44901083424037613,0.425795536705921,0.8479665684403613,1.4949348817155403,1
-1.9272842316416565,-1.0510312698080975,-0.6974738415862556,-0.97366601678484,-1.0591481612700524,0.5341568768718055,2.5530085058539695,-0.6249568447238674,1.486339163961698,-0.8640268950717834,1.4322257346647722,1.9965023785461207,-0.6725375018244117,1.8634694402855403,0.7752704609056662,0.2878778473737681,1.0661301624231956,1.012042737751548,0.474582174311859,1.4030878016935413,1.7002170108698405,0.9188269214807148,-1.466317153622823,0.8921772316093978,1.4724124074788412,-0.8765627320481042,1.4678242860585666,0.13702101512238765,-0.13561796633372117,1.137954348716394,0.5029742079444627,-0.039527859508776075,1.2458579629298672,0.41621953975135223,-1.5512962597791398,0.8327647156856187,0.07731465350166586,1.4943441755884919,0.7099076001002654,0.7274435093909336,1.9182250968122307,0.7280993672985823,2.6638693186445446,0.05892488685085093,0.5990533586359127,0.6158764230877528,-0.3460614056850725,-1.1284972763392347,0.09464495969552322,0.8266596023647054,0.4563282146948099,1.5732811092257957,1.8338060552766404,1.6486448558533282,0.47323769700690593,-1.5932314386243276,-0.5310581994964798,0.5646767912970008,0.6963677899535089,1.4112567147496078,1
1.0163272256587867,0.09026485504222623,-0.1603999509566253,-0.7069323897481631,-1.512726990099725,0.6526849851523578,2.4926690283260573,-1.087450645958652,1.7921467661240404,-1.2581570775444586,1.3252043993875189,1.9093025584813685,-0.5986238003058455,1.9072539418818892,0.5771290890811235,-0.015247600850302578,1.1716970337036638,0.8385737563952997,0.2866326607783155,1.2953851180636358,1.5450572567290464,1.0097467206767357,-1.432514681107097,0.9839864025988323,1.4215959449959241,-0.9691305009117771,1.6304394631277024,0.3562025319072305,0.15577189554668688,1.0674511150736867,0.48483945386044386,-0.023260101301730007,1.4049999641744404,0.24822408854823838,-1.457803099136574,0.7927033517167673,0.23601250237829338,1.567547576083219,0.645894411139776,0.6932727160862654,1.7565319219729778,0.6166319876928785,2.7098251441381205,0.09651049071267676,0.5377639218407277,0.6370424349320248,-0.3050688676276939,-1.2444680930273584,-0.059920409564266905,0.7271535091326667,0.5710466436301196,1.5331334040390012,1.7078271877806785,1.7271018485618752,0.4780186312640975,-1.718413610352627,-0.41028550833564326,0.5301277368264593,0.6634739855005547,1.5036535402179698,1
-0.13177228817731923,0.01258361323041532,-1.0346226308061741,-0.38309762760217836,-1.248580254909315,0.1067105650084883,2.7799504637180146,-0.7333505224852506,1.8461166228179433,-1.2953510459669133,0.7667581590618737,1.5961924780180048,-0.45330855026803407,1.6415349035774562,1.038809500388052,0.5489103128002415,1.1509157728109116,0.8150528929368177,0.5748619915251921,1.5870766470399489,1.8021166841769494,0.9508480496137318,-1.2244676977464348,0.9410342236972753,1.419271719436575,-0.7434821946506764,1.5606563964580145,0.17260524474165853,0.08357640607829689,1.1774717323029884,0.552945206092463,-0.24140593567021867,1.3390972249326318,0.4436727578891902,-1.0932990172258104,0.8779580096267753,0.4099463215345699,1.5149394243355045,0.6158179207272657,0.6775206573505779,1.846314837307363,0.7012653957683096,2.648299421526348,0.27960592837745446,0.4347937363798505,0.41652640268067276,-0.4853413329827788,-1.385158250093447,0.19939659655720596,0.7167365255476362,0.5209518532149402,1.3856156486256057,1.7817335572087356,1.5378942303812593,0.5720271458181939,-1.4804094646581825,-0.44869258142068386,0.4423903879700805,0.7785933533941548,1.4108857830206036,1
-1.5093343234700045,0.8774631302260905,-1.2101124898277178,-0.039879668884471364,-1.8309531442658973,0.8818344627779491,2.845938698787084,-0.645448921540198,1.8123479263097062,-1.0852118271598485,1.3443446691083096,2.0738421410849948,-0.6354866732955691,1.9906636760155543,0.8020612666623625,0.3930312935381826,1.3533819171102923,1.1585413371287414,0.39415402625220963,1.44868149374531,1.6084856930822866,0.9115574944978695,-1.3696789135000873,1.1982315110496573,1.1879820726510928,-0.6691135183956544,1.2969330963259693,0.02796998567122963,0.29272647605562957,0.9182123745607722,0.6493977001894835,-0.12376186827616584,1.0767098536709345,0.7522671146432247,-1.278556600764827,1.0881560321183459,0.22563094248804913,1.6119801630476314,0.8988725503215823,0.8659339790482933,1.8674855168203144,0.26109879659596535,2.5776767347807383,0.2924205390161124,0.3772207451871502,0.6479088726917075,-0.3932095677934307,-1.2097648609693479,-0.006216331958435973,0.6578559734029763,0.35644611181695307,1.4331393334033613,1.7959979765999339,1.7948228907576138,0.5146298481438131,-1.6843025738121442,-0.36784928061106115,0.532383761636473,0.7791741392919651,1.4753025176305081,4
-0.19865987510542826,1.6110486710952272,-0.4497942924688876,-0.6690610815566261,-1.2629991135099288,0.6542054424078778,2.3251237998209526,-0.363334942271499,1.449128097271329,-0.7565328086643179,1.12729285736971,1.430522758146091,-0.8311383497316371,1.8642418374018606,0.6885947229884141,0.3868313585502687,1.1037850427352622,1.2576958547447186,0.2852618644348376,1.2749390050069307,1.539308739889174,1.1231117420839967,-1.436872861403541,1.1006804923550715,1.2062807919639251,-0.6432578849753123,1.7518766167575655,0.2832480371461376,-0.0060452158055256736,0.9704381789702025,0.5204504325097252,-0.223450056025692,1.4396404970683354,0.6297213421955071,-1.4618780004833156,0.9304731859223587,0.39383357572048516,1.7315954583622253,0.8991837877142492,0.8302764288439909,1.7883658390203714,0.649109322996548,2.543156869099637,0.07655947694375874,0.5136898933573866,0.7403565483234538,-0.3760772414289949,-1.2648544497069778,0.17206457323519958,0.6188644567678308,0.5939753780714646,1.3707717061165186,1.739214644124157,1.6818280409714248,0.5132501111238269,-1.455458314847684,-0.4923864473380827,0.5450289149031838,0.6978602686067872,1.5075044573618945,1
-1.1857558649307824,1.288715070692043,-0.4245663597425426,-0.344646585950785,-1.488741332320259,0.4755815432315956,2.6955796971112886,-1.0147343203623151,1.7911312616749575,-0.5021211336475596,0.8306732274093902,1.6454777406443737,-0.3796151947564489,2.0387261683426945,0.6537179824687666,0.0387369363665262,1.0524867063582901,0.9701841059505768,0.7137678127895482,1.3575667524756225,1.8290915800668388,1.2430805864531178,-1.4657259046120912,0.8611098367570781,1.2201680835010047,-0.9944980393812491,1.4950344616925288,0.16797929778411202,0.010930592783417084,1.3511127644215157,0.6186655276981348,-0.263523105777955,1.4922963383498455,0.6281927806394413,-1.342772201354522,0.8398060387286124,0.22071152862886895,1.5630113134673962,0.6963985742747033,0.7300406584217829,1.801747688006022,0.27627825252428695,2.466961436033874,0.16253252685897543,0.6146049550703163,0.622000330886322,-0.3181142212463992,-1.1833969287212316,-0.11204334084477752,0.6996299644673989,0.4014285481304113,1.4097799658914036,1.8324571408396768,1.6395386360635713,0.43076274905160383,-1.608094156231756,-0.44146165265736576,0.4560324029405944,0.8004156896447328,1.5518758853393937,1
0.5757590720136514,0.2391016668091821,-0.27704460330846536,0.2604143578049154,-1.50877704112505,1.171644168518163,2.919743679668438,-0.432366219652445,1.4245762035828986,-1.168283757923087,2.0181611207370906,1.3512586985989439,-0.6440338062690519,2.031110776672646,0.8377375593927675,0.2926680409768791,0.8056123285456478,0.8998561711806967,0.31482506582791714,1.2626104471857655,1.3896547138139537,1.0430375610521938,-1.3583645920398761,1.0762524523636372,1.4919308086786696,-0.89034062744419,1.441250804622614,0.1984328036225651,-0.11922044865297135,1.0265430603856713,0.5273507994178924,-0.09879986685853838,1.4121291452619396,0.41340722988083206,-1.2595282058969044,0.8699170565338952,0.2630054906030965,1.4140017551992083,0.9423699154157312,0.824699185247048,2.079534936229105,0.5357005740323332,2.534988944226162,0.25409579205635696,0.2082923011663118,0.5599277991153543,-0.20353261906189715,-1.2449011183093348,-0.04821353386300398,0.7604010661001667,0.5424795873555278,1.3301616214703005,1.852864516149611,1.5374629690368904,0.5703905176776602,-1.4633293297922763,-0.38736390328647735,0.4716166417660107,0.7976084573302493,1.4238186671535522,1
-1.6034261205380531,0.9466467658701714,-1.0885852037035615,-0.40331068941745374,-0.4536364846654728,0.6284488952430756,2.318713684966795,-0.2627739584888503,1.5760971105116515,-0.7221476651338339,1.1025673042667365,2.27297725660517,-0.5143730198792711,1.6303073641241685,0.5364177560826603,0.3550410587566225,1.1666280812602443,0.7248156648026256,0.4011687410860577,1.3660165937588515,1.7250717536019915,0.9141855326467232,-1.5836195923643772,0.9983129442046886,1.4698952287653304,-0.8279060214059968,1.7712900534199039,0.05945507657028651,0.021937800204364175,1.2701264972960233,0.3566496594907706,-0.13471404882309423,1.323208945225246,0.28754159226555187,-1.4639315799481523,0.809983764163262,0.39036882032207465,1.6789817975751855,0.5749301075023828,0.7311900741558088,1.9296609879081654,0.5641705602649827,2.8316614196223413,0.32443275030989926,0.3039964672352061,0.6077426014831403,-0.5323415857201126,-1.1315003552091303,-0.10190836481878249,0.8045252878335516,0.3287508273701111,1.407587128135223,1.744168108736928,1.7189741515649977,0.4386536041425001,-1.5817164258857432,-0.47295993173144757,0.5154007284177665,0.5578518512176167,1.3623535799552864,4
-1.0784235678102987,-0.4593052470299364,-0.9131987844896503,-0.3911622091327453,-1.2159603115536657,0.6948913478830031,2.1075665670814634,-0.8480063889916638,1.3626622103930626,-0.8031781429437337,1.5766781697193522,1.4014879628479409,-0.4332653986859168,1.799280228013887,0.8648171284171828,0.2803307680286378,0.9164751899864219,1.2481125823170331,0.7035959340945563,1.392183361553644,1.7240103203008126,1.2119193023685009,-1.465989573856138,1.1334942897998894,1.3041173890277435,-0.9739581577974362,1.6008997050234797,0.35380406342996107,0.004066526992945664,1.1469298307022155,0.7615730517906407,-0.3108933555285193,1.3684703585406828,0.4364365092260326,-1.538766382922939,0.867688132603056,0.3335993703053255,1.7202732641202003,0.8734439063356844,0.7374807630977731,1.9564707306190514,0.5574020941179736,2.523273143533306,0.13652936581712644,0.4548210027229746,0.6307616356738973,-0.31196617988997516,-1.2739136477005952,0.009737166358760525,0.6785505668727916,0.28074115193938565,1.4012563210206235,1.9333584973041391,1.7447410147010547,0.4887766357876062,-1.5591714557829985,-0.6050052441632584,0.5709233645505251,0.7750981356794964,1.4743456084754374,1
0.3288638567030697,0.43988623440328845,-0.816847873922385,-0.48509267338082146,-0.9913752179705164,0.8996447183128309,2.397748688923784,0.2660795849241693,1.426974427276582,-1.0780296966423146,1.0654674219712452,1.6621878911685335,-0.4103652426849502,2.184468193419886,1.0425726087244813,0.4531144780655021,1.008423165839447,0.8469052836668176,0.28375117916409215,1.7242462011646364,1.5376954050471172,0.7680947605978614,-1.255974288746524,1.0557893822451556,1.2608512171146027,-0.8260567779516429,1.25468734542681,0.2492435934237409,0.2715312168232201,1.012662241638185,0.6835348677029717,-0.2062609200622622,1.3922808408868301,0.4888721970468459,-1.345954361004182,1.0771934162165975,0.30383230960577995,1.602357348635839,0.5257183185573827,0.6820534043752559,1.7149238924226702,0.705846754440881,2.558197275543247,0.2845370941019621,0.6610968859091112,0.6978775992604288,-0.5431706510341352,-1.2363845800071271,0.06179028439412905,0.8224975720135669,0.5579718669130083,1.5974195036744492,1.771720053903279,1.7881597234497169,0.4247026841039161,-1.6321436782203882,-0.4106485543950137,0.45423945417274675,0.6887605065307973,1.4683865371662184,1
0.22610642341858145,-2.0577865393206105,-0.6306773776860024,-0.11774649517263744,-1.5076731971551642,0.7590050092505897,2.2013656625356153,-0.6873430479259574,1.6506386268380966,-0.7785929196418365,1.7994733911848475,1.6535416237749487,-0.8424669278707454,1.8774839756596535,0.5221995035352495,0.3322451489273108,1.1893990386050541,1.0598306112350901,0.38918163915652415,1.063349208422682,1.7450563264528327,0.7033963310931468,-1.2178180007639539,1.1750742015786317,1.3497509410946746,-0.9273008811687113,1.6367651148237465,0.3335246015065563,-0.061503293979841486,0.9661150381763524,0.2971470865389288,-0.270506666660433,1.4538672614748822,0.6276420615268644,-1.283834101812365,0.9023220399163252,0.20185885143313392,1.5209975518587662,0.7921131132722028,0.8513867463027005,1.8282936591122148,0.4243609446833939,2.6782636788434018,0.16744025292594067,0.40117213809200525,0.659357947808842,-0.3619029173634089,-1.2490066581819133,0.08815678493195783,0.6632505441526887,0.355184891685896,1.4134409756496304,1.766269575983278,1.8448106300701397,0.5329548337679306,-1.5809276851168004,-0.7077358677847476,0.5853080229045534,0.715343660060453,1.4957905508148006,1
-0.9417075868772953,-0.32468656617107655,-0.0066708687963877855,0.39658767160309183,-1.677135340345591,0.5090583627817775,2.807056559530423,-0.4295097673192197,1.404201510081823,-1.2160373589196392,1.6537819890282435,1.6866895477391433,-0.25465449454670935,2.080764873284774,0.7459398818244216,0.3608590360183892,1.1030506064652603,1.059365705517031,0.5594389552654877,1.5576903166583698,1.5851651942452332,0.9201110779299015,-1.49477608609312,1.21394231351745,1.6089188695668755,-0.622763734593612,1.3226484076655245,0.19479262720770132,0.002440381578628678,1.120496675968842,0.5992952181112046,-0.19879839568500696,1.375229679524674,0.662001620984525,-1.3766414243100877,1.0547563340172443,0.30530830395668235,1.3948045817753565,0.6990817535132431,0.7765280752013933,1.9546550898640216,0.5612601413459108,2.7561808637944245,0.16527566917808767,0.34657314389743465,0.5761734770844699,-0.40721666172565585,-1.2191575941021402,0.04120928750053173,0.8683808633221934,0.4891754209542004,1.4561940652689396,1.7698886566321614,1.8050040481137266,0.4712478377618806,-1.4928709432292957,-0.479911126187536,0.5262677379444464,0.7092028509215464,1.4744931428239856,1
-0.39017841528087144,-0.45627079850144264,-0.4753593131432658,-0.3192470277266954,-1.1688423248246744,0.5193408909148352,2.622161457383005,-0.042817169593870164,1.6765683232053892,-1.51720797515728,1.2828948588173676,1.824170749488367,0.08616466404857415,2.2181090662886818,1.1482587713910477,0.3457107467377713,0.9120600623545081,0.8935893118820464,0.26787203978092133,1.696933523768379,1.8235658685355791,0.8557323670819722,-1.7523985376564677,1.3165316847499147,1.5557902338965153,-1.1276153464221894,1.6242915158824955,0.37439062793881783,0.2939552992911164,0.9493252554652356,0.5551884216713837,-0.30032616442294413,1.2787360551902622,0.450119536434668,-1.5750146350928058,0.9186456107914713,0.29912960257229865,1.4375261363533778,0.793988204142094,0.5729673871300405,1.9013560037178951,0.4156242605652319,2.6654124254012275,0.22577699938316187,0.39232177888272374,0.5688296657573271,-0.3838288210289075,-1.1115396115454876,-0.2191578719156364,0.4658979101994261,0.37021562104533484,1.4465315885684784,1.8288224765197363,1.7227416359875136,0.3855121400159285,-1.7401009963387721,-0.5472189367384552,0.5461832012722041,0.7346669869486244,1.3615595249962091,1
-0.9249602619111665,-1.1130463891286044,-1.1209086190067208,-0.4908636112552174,-1.5625442398133413,0.6342535690903286,2.1430910459226764,-0.07541689167399296,1.6915333112077644,-1.0804672234697181,0.8049637543818002,1.6718126667586823,-0.4907406122516171,1.5732528829042354,0.7984441555939863,0.23781645604334123,0.7911629305902804,1.0661499253313476,0.28822471803220395,1.7663750341302364,1.6126515089713827,0.9288036007194003,-1.2568926830203824,1.1072412754330478,1.6646568725592634,-0.6859744274136653,1.5775138200451906,0.32561121589222386,0.2304613836100797,0.8072679910413558,0.5177865632620394,-0.16702827304561602,1.5103399202992116,0.4321990852670049,-1.3555575305249241,0.9558167757685101,0.28322844795824,1.6349284924013006,0.8212320916383941,0.791032771102306,1.8635479741130685,0.6733861246774238,2.481948139788838,0.2287345795069317,0.4396153493070734,0.549166553664149,-0.4182873812854523,-1.2912447945443974,-0.12462908448285072,0.6196598153457984,0.5408325771908449,1.4671183611187089,1.7065715075277623,1.660772705958298,0.5098758259223374,-1.6421949724067493,-0.6614271829204876,0.5694116645754381,0.8544930258507317,1.523633902649351,1
-1.7006651058971447,0.6869408513639581,-0.7919292324775218,-0.7058605344287001,-1.0142897528868238,0.748224176536088,2.0946187985720064,-0.6473843436499302,1.2193947549324657,-0.9500313330353931,1.3966486679772603,1.8939132465229518,-0.2315055278554678,1.8237835415951462,0.756613717688525,0.5870676716417752,0.8882183969035974,1.1771785077231502,0.660856283312568,1.6484298027167539,1.7343397541379635,1.2349251399102026,-1.6279334304957862,0.7803023044596028,1.6059784137844295,-0.7764036566958659,1.179064670025678,0.10695038434843385,0.08144607958927229,1.1887585143168395,0.5085325724949483,-0.4166123390856379,1.3926195990081547,0.17978678340813725,-1.4233859272662535,0.7429584602387153,0.2800332241042156,1.7273758516866997,0.8920315836966277,0.8185212292949675,1.9467526358161382,0.4628056260465735,2.7294124214093713,0.18003954813653297,0.45826952163237444,0.8042228283196842,-0.45491130005908764,-1.2102749785936668,-0.06415987629106323,0.8062113644718434,0.4977860262279451,1.4673501166644596,1.6231034827969693,1.7468023963166703,0.5078309001566537,-1.6995446477284992,-0.4260889153047855,0.6070795680521742,0.6598455905961205,1.448903351360246,4
-1.5427998296014354,0.1017942413028428,-1.7043581449600458,-0.34900862824518214,-1.3553478409964839,0.819153633200632,2.1397656129725413,-1.1516723506460549,1.8934996394230899,-1.2957058973654372,1.2832875791498097,1.5208829413442646,-0.37665185132817647,1.6280419138969682,0.4109476332508698,0.37444276640832685,1.3098096624611977,0.932224368346321,0.2812127030541873,1.2266458096032045,1.4340343589755462,0.9606645541827553,-1.373370341850793,0.762769825882075,1.2907228431412974,-0.8187983577076451,1.4611286093706388,0.18874868701164488,0.18979141607856642,0.8775742518409664,0.4108574683350841,-0.35103131809379784,1.3147403371647146,0.37367480880024667,-1.3450036792151,0.9231280714350535,0.3384153974883579,1.5443302467415374,0.7655503146982693,0.6908526032677152,1.8766036510039992,0.40281029480872144,2.5343579787736297,0.254646367590792,0.4186566408018359,0.653056577350605,-0.42356729153816985,-1.314033927723402,-0.06387792776377121,0.8032599833236246,0.3627255038610483,1.4578802715406391,1.946206707379673,1.6625708915650044,0.5930029026313062,-1.5613320294610615,-0.3102355628927189,0.6438711748200322,0.6898044597435801,1.2275711420668598,4
-1.3017275209455692,0.14442457029316558,-0.4033276053645508,-0.6381003644231974,-0.88535470259931,0.4929255865188301,2.814411727140974,-0.9145966339232945,1.8172199450502897,-1.4281268214632352,1.029039434511987,2.418431655877117,-0.3732664064937503,1.9377134381416818,0.49950863302485526,0.2156574451518073,1.3056605994884622,0.925052014330006,0.5415380134714489,1.4069256652428213,1.7331436796334923,1.028371966050034,-1.4371964461385676,0.9603724002046459,1.3628989028754028,-0.723973116611377,1.4639140815935627,0.060842272562678074,0.2519602194698725,1.015428352444242,0.6466186328670935,-0.09370123470836667,1.2523411275977285,0.5178160728616222,-1.4172253570748272,0.799984646297736,0.344953256318525,1.35553218297782,0.7334329855437252,0.7678933902648517,1.835935903775901,0.5115000101165134,2.611239771602714,0.1479987044380077,0.42459816406118517,0.5845668435120337,-0.2636071653297912,-1.2620226701924093,0.2365876891171718,0.6194934111715853,0.4792724355699203,1.3245082523355074,1.7443441951667962,1.7700124806744826,0.3956226264414422,-1.5414180856295414,-0.5118575921967546,0.5854676287761028,0.8266224441827167,1.5368746394569563,1
1.2901178051646378,-0.015286821674241502,-0.2530950784970021,-0.20526319555423295,-0.9322890363718236,0.32243834703484486,2.456762085737574,-0.9164246631420134,1.5116194896699073,-0.7604133095420231,1.7552798925226654,1.8457180408423426,-0.5367740712235055,2.0959821066443842,0.9304884728635519,0.2814701093248165,0.9568338175910663,1.1320602883335744,0.5003068181205763,1.2475338337426614,1.548737018803131,0.9976709871125886,-0.9051965578862983,1.0040387741427546,1.2992751773535076,-1.0352846243333909,1.6986429749726308,0.24486712733024388,-0.0428827572724554,1.1123182597524455,0.8020824827421895,-0.29529830679023317,1.2412274761619808,0.5028796342838749,-1.666418695483565,0.7467817639883721,0.18046186509825335,1.5333968256134978,0.8152636603125192,0.6608546254771389,1.9562728545857595,0.7376293867734363,2.585530199664605,0.13265464273951463,0.4027653318877226,0.6754122782159167,-0.42889861278917196,-1.2954632751003614,-0.06578506933335501,0.6740590133834313,0.46346009924956066,1.517238159771762,1.8699176867863108,1.4082016359693268,0.5473531330235157,-1.5709198934367405,-0.5391134296150649,0.5293686194402689,0.7915232210106263,1.5182647000129839,1
0.09329323498945785,-0.5090257449354882,-0.6113449725822697,-0.11641365096205528,-1.6622711247821698,0.8906431880095188,2.711890627573203,-0.9467602378426873,1.7192751075242263,-0.9083226128026944,1.4453844628948287,1.4486085013226853,-0.38658611565364714,1.5803537946197375,0.9324357434727697,0.3894117335357787,1.1537857033082142,0.9421977155156602,0.6084352074056768,1.2637951475921843,1.8599711963827545,0.9684910898084574,-1.728510832405717,1.5061237208779266,1.4321064961565404,-0.9638126254067036,1.5568567128729418,0.264564577437215,0.0033228802225856516,1.0192491066307683,0.44547810787985354,0.056756755940512604,1.3659440545209285,0.39242732233427746,-1.1722936842249625,0.9512884555040171,0.3093480706305079,1.576160780426333,0.6362184465931546,0.761441921542539,1.8773726373775326,0.4882925354223599,2.409106280547896,0.28822175346911927,0.3784356709807303,0.5614669167775831,-0.31277309657886776,-1.1974039640797727,0.024631864848722963,0.7400761514860195,0.5971075530734425,1.3316731523680345,1.6512954872776888,1.908555259124771,0.5684150907882767,-1.550317580649652,-0.5231177951402041,0.3368171630346741,0.6014231355281878,1.382961851445753,1
-1.228121427711316,-0.21803424894204687,-0.07584758120236768,-0.829218481488059,-1.7368857501440185,1.0490659815702548,2.629505982617706,-0.8226623059437899,1.68888173210069,-1.2085961753874548,1.173630124948614,1.7356409668799138,-0.6742242613319261,2.2463108971279047,0.7330741920553935,0.3127565595456493,1.211996892508166,1.1622343698627795,0.1538071936752769,1.3192204353095225,1.3910082858669213,1.2282411232163473,-1.5167189596455661,0.9972633732051092,1.5062524679811036,-0.7546810472999312,1.5322992100334833,0.11499038576590967,0.09057602190662649,1.1058241590176985,0.5075882269321441,-0.2229300328792972,1.400586172040833,0.4811533281125157,-1.3166320600465682,0.8086025559020465,0.3129484135114678,1.6511770776487493,0.7241124589135587,0.7607862517187196,1.9119547917704738,0.47643136219691334,2.7196937488557182,0.20326701890605567,0.4376379047510336,0.6422080710280349,-0.27170767488918335,-1.1714532303778888,-0.026988599855316448,0.82732388668414,0.28034809922695125,1.4618072445347174,1.7487892192355776,1.7671312150612672,0.4590260266034605,-1.5252841408705355,-0.5039961987503754,0.4642305850265309,0.7106417903997877,1.5520078144556708,1
-1.6532393349511225,-0.13033184292422584,-0.06083576080927888,-0.8350784724338554,-1.4310382842346652,0.6368913008953067,1.9647926729669216,-0.5487230906298264,1.4812030537263745,-1.2581843133275916,0.9656792750445223,1.5477248684831382,-0.6328731942997765,1.8460953335674704,0.7862672924997715,0.20329201503870387,1.093519200182465,0.9581821825819414,0.4435384281199327,1.485248402903022,1.8215826543741431,0.9443640047195441,-1.633220011991682,1.187430204565152,1.1695417249775995,-0.7162420550510418,1.6005181410426992,0.2821754379360291,-0.12755557783622137,1.102265808379601,0.5522227484141549,-0.002529339255730706,1.5219327571211874,0.5128385821963248,-1.5325127985792444,0.9723608143633016,0.1511932154079432,1.5646821610889063,0.7302134613354897,0.9507510483915664,1.9699299295619148,0.6761365379830124,2.4631356927931827,0.2887136413773972,0.3709709361922132,0.7626789481685459,-0.4986045929916776,-1.2902704911402378,-0.0798726839126716,0.6685293523333229,0.5497219735396899,1.1999199220347498,1.7136038894787287,1.6901822731257246,0.5487170737214001,-1.627987166017805,-0.3933424937258522,0.4750398558644221,0.67537871075242,1.44449390354222,1
0.29175666640352893,0.33392127773165636,-0.14750098466427097,0.550759307009668,-1.9792829965303602,0.6864877185334647,2.1851083662021455,-0.46327278639071573,1.3701023253872933,-1.0180973524944699,1.153440131197325,1.7210112599794003,-0.5742223986250569,1.738277574021519,0.49959348824405725,0.021578313864033805,1.1375760636233516,1.258722656589482,0.7007863460624133,1.5858788402840716,1.8980931266877352,1.1649090903859012,-1.7526905614051589,1.154487437437924,1.0130098148403397,-0.9166752913768572,1.4399472407522564,0.03189190361743868,-0.07720441115911852,1.2524891397258466,0.6271779937395421,-0.06926235804937769,1.3719136226524917,0.39375237655665607,-1.534391266486513,0.6573510689895061,0.3536969372491043,1.5591016259666883,0.6810143378589222,0.7040960166667349,1.9462129724364103,0.7412403748596772,2.6440661246787385,0.08699301107097489,0.550004396501208,0.6748386515419028,-0.28231387914270567,-1.2472779345680585,-0.14980493248095547,0.6442280397697049,0.4178007009874101,1.4789842088478844,1.749293721016752,1.83049074870999,0.4078639609884423,-1.6554173977596947,-0.45241877902547784,0.5746046078584363,0.6377619639369727,1.4163085068891967,1
-1.2048518266112782,1.7655050966062502,-0.0005466500785721307,-0.6885110039164419,-1.1856548925475985,0.642923084347266,2.7492324153677807,-1.099947412868322,1.7846072732181792,-0.9540280660203336,1.2497279218183885,1.7656438649147086,-0.44423207567135353,1.8170489927608895,0.5131536129942191,0.2951865491949567,0.7070745890600257,0.7245773426214981,0.31596137814006203,1.6434690119980238,1.5763163816934946,1.0872648514582566,-1.7007026741554119,1.0929613249483798,1.3598973367794966,-0.9318983774286915,1.5780614466608895,0.3741352424919855,0.14599451833887536,1.15189999734492,0.6787702198430166,-0.30271496477645116,1.5830239725873123,0.4213226972767586,-1.4822347527897493,1.054739298222288,0.06169412181623293,1.541587717516509,0.7802765746144809,0.6425889027772251,1.8456131563885223,0.6883737094429121,2.5990268642750944,0.32858017548478813,0.5695017784031219,0.5184624778123594,-0.356843944820554,-1.1277640486933387,0.06892082541666023,0.7119685643447606,0.4223136233949377,1.504003873826052,1.694801750801451,1.65112658508483,0.5174732527640222,-1.6776809719425614,-0.3323816693751527,0.5239103557404231,0.6263969292221044,1.4373080049367954,1
-1.9497804139680575,0.5422378583441323,-0.5451304722593509,-0.8283281787921704,-0.9193512225163107,0.6648876563868538,2.676752415986523,-1.0101776988437583,1.6151833906579496,-0.7615833342613183,0.843734065935562,1.4357799325873608,-0.6305991557305419,1.8821986513238556,0.353475030022867,0.9744729352407022,1.2052369697733056,1.0978907362315817,0.31803218934937116,1.426385048716872,1.4592000409633206,1.1468979742659688,-1.540631767876529,1.1129038666299247,1.6220286327746012,-0.9714508330207836,1.4514528510274247,0.3101418156224236,0.06677790933376161,1.036387677861572,0.6890305191673091,-0.16249486632937507,1.4171261336090413,0.43971246619097265,-1.4036530070628739,0.5685953686595439,0.11548177984534005,1.5142329714622669,0.8436847733894555,0.5221600396826278,1.775262663994196,0.4954309166569098,2.685668167143338,0.04530916379872907,0.42647814806160805,0.5481759480149252,-0.36197728218970887,-1.105062861636761,0.04855023734812506,0.7557211888088166,0.43654720726660157,1.575230352621372,1.8301118029491026,1.65604171557043,0.6041354591549254,-1.48237245226416,-0.4795267450689783,0.536690250804752,0.5867297952153079,1.6379618071560993,1
-2.1889148267181433,-0.24931887366351918,-0.9884336433448395,-0.7898397287568086,-1.2248882801242875,1.1078589149949722,2.351570296621237,-0.7871430257814358,1.4129200441715748,-1.0557416546582803,0.9308208594784443,1.7762681878402802,-0.23009620161669012,1.9100178378817445,0.7261778045445267,0.4838329684164357,1.1160017160344597,1.2088737575594015,0.8187288653564418,1.3075465603712595,1.6462144010767046,1.299377100357221,-1.4087007457793037,1.0149864856429363,1.4046350651652988,-0.609261053212449,1.488848299064619,0.19726688609810844,-0.2637963340845993,0.9816303108133984,0.6812012685080305,-0.2532650327023043,1.3695559616006254,0.4231982394101952,-1.2600603401375259,1.2305204141119481,0.1680692093363604,1.4505389869984306,0.756337425984783,0.6205612474324054,1.8209021844117272,0.7780398664382899,2.587185672056033,0.10556783414441263,0.555252733464348,0.6828284570037865,-0.5137663293640835,-1.0554094600295694,-0.03971636613688782,0.7005575541961319,0.5699855415973448,1.2212369351709889,1.7240113552728256,1.714689857147964,0.5241145979513446,-1.5823504339183676,-0.39355943611500743,0.6119624485714619,0.5584431140043662,1.4966080488295475,4
0.8866547761791395,1.4727563085005717,-1.2739876352725998,-0.46524431659534893,-1.5899079194192172,-0.015203564076820664,2.3786694229650327,-0.5849264615722038,1.032179475508727,-1.1592192191551454,0.9790665691236434,1.7603123042626614,-0.26105505503576354,1.776090611618859,0.5955304624584901,0.6063982406608641,0.9642978436568013,0.9968829712282758,0.4595804762968408,1.3134312711517697,1.5428995606096185,1.2252261995342357,-1.2993320444219973,0.9819619679962576,1.4588808788227794,-0.7468992221505274,1.5210632960840975,0.5390484349329762,0.021116735591087097,1.144794350150015,0.5018046917343366,-0.08787583925946638,1.2552028680581802,0.39928846806600093,-1.429973151686213,0.7587816056646652,0.37879535071527926,1.5372374923915924,0.7409343114962071,0.7626257217347739,1.8711220911849147,0.4944990177840941,2.7037865911748935,0.34856501454666733,0.4767246382870576,0.7441571615862956,-0.32266202824995405,-1.1275020970340408,0.059025885194024796,0.8595637851878138,0.4384214465328273,1.4882970435058984,1.7709124867356965,1.6103706963041828,0.41669493210991293,-1.6296072227888725,-0.44866332637201983,0.667373746463145,0.762941016052974,1.4892804239501778,1
-1.5431308121540686,0.3697119062458043,-0.4800955790958552,0.3053419964448938,-1.6794004200577313,1.2049642541867187,2.1515547665249546,-0.3729298456892107,1.3065605616035987,-0.9790991813933989,1.56606359627086,2.010468606932859,-0.6418908978120197,1.8078028375052855,0.3485743303304713,0.7938865147570296,0.9864592368069345,0.8632944090379299,0.29147372813791117,1.4041280844075905,1.7756906074963585,0.8479624711089621,-1.187306846461483,1.208704354902969,1.352541710001173,-0.9153471615657112,1.6663341192985213,0.3337095576193037,-0.08541329822683327,1.1468308685174398,0.3857732066551588,-0.04921992432732708,1.5426627545134042,0.5282771619959813,-1.5190419611534922,0.8480370120627683,0.30131116180662043,1.3603780265852303,0.836815227263631,0.6562536443876978,1.8116346165981054,0.4764180069801397,2.6699133069783714,0.1476708329513641,0.7323694379099683,0.6606224816723263,-0.21393991168285484,-0.982777527683441,-0.1105056272790108,0.9017951498393868,0.43556136706736037,1.4636233553883011,1.614053664893077,1.8386706261806258,0.5208803068329031,-1.818199897141807,-0.46754606512816005,0.5306236910235195,0.7858979812302906,1.435823039566453,4
-1.2084154457037442,0.5743359873380478,0.057654487104119245,0.04168417666055302,-1.2823962192916403,0.791241693725931,2.0162586464408925,-0.35961371559723054,1.761950205753222,-1.6119879499239989,1.231157105302869,1.5559479911151946,-0.422324291471153,1.301313869815556,0.5572448780472954,0.1741268640991585,1.582508147748475,1.2445780047728294,0.5063937949792063,1.2275251566312957,1.949800393087439,0.8952131613300097,-1.4107311377800622,1.2652708612332397,1.2826695139600022,-0.8722907832632828,1.6421738937945118,0.3140488780341032,0.19628467158915686,1.2009274251105373,0.5238041541167499,-0.28610372565508924,1.583899822814755,0.39337303792043143,-1.222966387496899,0.839675377934947,0.3412786948823705,1.8046412763981312,1.0406159967415158,0.5830596319191103,1.8986254696082037,0.6399287891676185,2.6022804461646336,0.12036423318307615,0.4872978082848891,0.6345981859418748,-0.25535427540467615,-1.0503679930864607,0.014837674850798118,0.6741723911639164,0.5334253238678134,1.54223625127233,1.80727915271418,1.7000941547953645,0.3733819965625761,-1.7327772019032341,-0.45364977027823716,0.31740062483192577,0.7230576109291981,1.420396751403186,1
0.5967526400801044,-0.011059588718270758,-0.9055783676511459,-0.28300516116338237,-1.4030761110781171,1.4185863493696447,2.520086651877681,-0.317817754230163,1.5894470608073359,-0.9548193660090657,1.4800905701589449,1.6656234511617392,-0.6581389529697079,2.0814178171021904,0.6535621310417393,0.47918788756498076,0.9406612266902469,0.9422176800968938,0.3211984632309647,1.155975996595461,1.8048425019330971,1.0899136194203702,-1.5847288023074255,1.0654620783452724,1.3066899489113655,-0.6171022525030172,1.5791409172256428,0.23876674124767802,-0.13560482675281715,1.0933475073195302,0.3060274817051298,-0.3204690862328319,1.381660451534658,0.612493653877199,-1.471957764286634,0.791284544157264,0.31896307841468763,1.6266271762905042,0.8841932316587109,0.6631316914412109,1.9651407067719082,0.5775835646509168,2.5652831570267898,0.26858341842190847,0.6552535985815993,0.6266185712064058,-0.42410905892672984,-1.3236664524970139,-0.00553507767399463,0.7078546775218661,0.3705860493025759,1.2287530309860304,1.8390342873315713,1.6368421724051192,0.3992797621390296,-1.606483370759317,-0.35550764931219525,0.47151812018251493,0.6143907329220553,1.4808333042298922,1
0.5485348120838518,-0.9486593824104577,-1.1668129904952511,-0.6028465285952226,-1.2580690709594027,1.2422607812171633,2.252890882550483,-0.38963376191784416,1.6020368294425804,-1.2748802848317125,1.0848885142560238,1.5813797271366303,-0.5478704109722672,1.8392797247078447,0.6452913341238661,0.4076658881199615,1.2315572630118803,1.3937544978558216,0.05451212134614408,1.7474952552228815,1.4394041827292074,1.0203029624561777,-1.4471918141071394,0.755925033585719,1.258749934106234,-0.8877270629400342,1.4208979180460797,0.09564286385241316,0.2592209474832135,0.8953836428592119,0.5477888836823885,-0.3440408516135165,1.4765149813510812,0.6188994334158426,-1.4909774731205572,0.8303297769975766,0.3508038361161619,1.5232829618801016,0.8570529320923329,0.8785004544138225,1.7856506079823369,0.3980136547594158,2.5140971285253104,0.37173297115413906,0.471018506018583,0.538396389003514,-0.2974926914021874,-1.1782084844261005,-0.01713532865034345,0.6909050095419329,0.36002509276128547,1.463763405643588,1.8460529362806493,1.596235902824396,0.47144291771001734,-1.6950419040648612,-0.49375730635537235,0.4718866798678424,0.8309819440228245,1.3586113457831848,1
-3.4245785489987846,-0.25054529107488643,-0.7628018285273602,-0.3575930127129608,-2.4882722751857225,0.5575973604403573,2.753129361553861,-0.48635993538228717,1.348668856512076,-1.5510757297365423,1.3588499733284587,1.843140480321795,-0.5001994909868953,2.104603651197663,0.7079575395146012,0.11716522394447534,0.9020862929620389,0.9051339715240937,0.5688986962677627,1.2752744687129716,1.531314857757188,0.8824313544390712,-1.4776279166553052,1.108196112809982,1.3707934476091286,-0.9900016876712642,1.8156159357357278,0.2965453243899831,0.04264491182603832,1.0179518631162907,0.4317493471931756,-0.2046175419402649,1.3260138609205618,0.4898677749068053,-1.3967392472519045,0.8288632894569938,0.23073314458279254,1.6078454578014516,0.6651654021878571,0.9912649343350008,1.858549388376659,0.25949260416279085,2.7604072236211397,0.1922345334584857,0.5070485162129138,0.5844037626455574,-0.3969712025932346,-1.2791998036774697,0.044166917248818834,0.7220767901522837,0.5487528635472352,1.3717376583681524,1.7074403604684039,1.506020509801468,0.4551715132256299,-1.690155052995448,-0.5643723819635967,0.6074051724389231,0.6127589177918904,1.4942513887371651,4
0.2161156093058032,-0.630899091379123,-1.4166161737320306,0.19745342914944664,-1.5887798866396783,0.5391739112907179,2.1296038500722787,-0.43471393563061506,1.6086898474077012,-1.1087170616067998,1.3336842415305084,1.975283137457479,-0.6107945681993091,2.0091657663901574,0.8641750678601857,0.09253503329219279,1.015885961979981,0.7247564499808977,0.3722812185887799,1.311068316041928,1.5176992410385755,1.0378483567701131,-1.507833083093018,1.3749556457131633,1.5145617708451098,-0.9580103505407104,1.3978649380039228,0.1144673062974424,-0.04230940838378876,0.92158815504114,0.8045340765089626,-0.14830365173837223,1.1988053229168432,0.49117648964341426,-1.492568766299475,0.85361933554118,0.16146038899357568,1.4763049924522758,0.8760805284609068,0.6027244110255129,1.8626455753829283,0.7314636282157426,2.509809203439869,0.3492731581599553,0.5439740390237837,0.6920923916010554,-0.42908488682753154,-1.0672683583655669,-0.11637847958997449,0.8555465484714835,0.4004645162601501,1.4963436913597203,1.6946218099967583,1.5978832163248118,0.4266309719339137,-1.6164548857035772,-0.3290957314322839,0.556793044811845,0.7880042460773351,1.3922698669587796,1
1.0614204969857743,1.1853991546132863,-0.31312876271397894,0.2555010349135003,-0.5716964566020298,0.3981318649214813,2.2215146974916498,-0.9190059778741875,2.139182743696987,-0.777591119039774,1.7503603700002568,1.3996632808229026,-0.31084433853556237,2.0700059536343085,0.2247720368475422,0.5778208242708796,0.9429595830598098,0.679364838200257,0.29283305507950164,1.3505615674356133,1.6930193578593882,1.3111087291349912,-1.7607017188998837,0.9868036389376591,1.3426441480250855,-0.7553061237554127,1.6247691770657307,0.45903308363174034,0.08930670434388012,1.027985556402634,0.6048718728781739,-0.22348590789705094,1.6433050786986472,0.4240580071922678,-1.592056638929222,0.8980465429495696,0.17324830556608573,1.4552395053363143,0.9195633221006808,0.7893667255885769,1.9392603771847208,0.5290256477921915,2.5510570013572473,0.16899562610999394,0.5930139162186249,0.7039880105432066,-0.3563253228362701,-1.2971922948962888,0.11290901671177374,0.6823667973938141,0.45720906237678155,1.3760403659548348,1.8849938747176154,1.6886882076256808,0.49805102619955105,-1.638488555278136,-0.4590951660185054,0.43223367664318124,0.7644212479876853,1.520344244192356,1
-0.0528662414199651,-0.5177718150063086,-0.068977187955233,-0.7115497074665824,-0.48678979326883465,0.42465418912855385,2.402779149496747,-0.9185519486942229,1.5793977744692052,-1.003075642875316,1.0931795552094221,1.8841061870992957,-0.5168422391263019,1.7337031305498842,1.2140474054867212,0.23232021975263373,1.406093571948373,0.8161566368146911,0.437259182769046,1.2425892242968029,1.4672284891031324,1.2071300148351742,-1.4788389764672714,1.0080267922209465,1.3524238891387212,-0.9179676482562665,1.3906249976195657,0.45121230488978403,0.2716734080766778,1.064678154873664,0.44741556808792604,-0.25684870796237524,1.3978316033550464,0.5469950576387455,-1.4244437830745702,0.7853911410268133,0.27361724231422,1.391746284235405,0.7397326755971252,0.7804777462233498,1.8187217531987099,0.5034345430885346,2.833438137485591,0.277339722006538,0.36712198914575833,0.4956269549476058,-0.5269292901357316,-1.2353277132788596,0.03145521731237203,0.677691183533205,0.5575093584992622,1.6192004210301034,1.6963370727485396,1.987842351744846,0.3794519955301896,-1.5904745028144913,-0.6293415642345268,0.5638619374026925,0.7768688536564821,1.541338106121886,1
0.5258281829908669,-1.068960158089484,-0.6945803217147142,-0.8371734654011037,-1.5332542019382889,0.8661221204455009,1.6698149976663121,-0.7292670207767995,1.1273140755407005,-1.139136470848726,1.1574420950807007,1.720666990398946,-0.4347772251359941,1.9237676950439129,0.8163220992907922,0.02153503729151618,1.005219190667818,0.9772465832675599,0.5245142350194028,1.220803427607454,1.7921315319766102,1.1952301767091777,-1.529761317596468,1.310127538148863,1.7210720019946808,-0.9988436186293954,1.7355347688734546,0.08869254740393887,0.16342788451910167,0.8856678537229372,0.5732805980309863,-0.04683941746529541,1.6051133896563847,0.36483919642044077,-1.4142568809325413,0.7122246405407154,0.0848791823586772,1.4960158928527818,0.6281196037762887,0.5479350167608492,1.8269279534685225,0.6793692387531336,2.702783849519151,0.022219543140959613,0.43844830121492057,0.6961250793721268,-0.29009020683735454,-1.1610016674210195,0.08054019324607685,0.8496303288568403,0.3455438705130385,1.4711437868301296,1.7679679788122176,1.583946916342167,0.4360529889492176,-1.464048094348184,-0.41085629511682176,0.5102314058858186,0.6764208202544746,1.437044998591089,1
1.1109432838374957,-0.39526242649872284,-0.18090261630805693,-0.1583654083287567,-1.4308314845126022,0.7207864468227166,3.065064034560386,-0.831634584289433,1.223972117226551,-0.8805153074808862,1.418312774940909,1.5805703677137604,-0.20461118121739327,1.7005282448478196,0.884424826633655,0.3602375979584571,1.1479948417234649,1.358401047821205,0.582483019045206,1.5310948938226365,1.4783203956924247,1.0352396535479103,-1.6145697704072495,1.1869433145978048,1.4111934045013232,-0.8766612266144115,1.4838950833100382,0.250171849629089,-0.023417240424951885,0.9442419309104017,0.4336075966034746,-0.34684878324399554,1.4512665345458629,0.4359324478374452,-1.4193730742648147,0.7420805464774363,0.38253913808688406,1.5734220219145647,0.7470204939065921,0.6342188818066864,1.9409997036344266,0.5012637100420306,2.711804927247261,0.04405080909464279,0.3685837463344303,0.6514015281864582,-0.4449075278626881,-1.152480015427717,0.035885952033164005,0.7672698992124372,0.5026881869726736,1.2784025621430677,1.8638156129657664,1.7131664533760886,0.42459141307682535,-1.7169816615197089,-0.49173233072386435,0.6395704451348889,0.6760045691255058,1.4297005423660902,1
0.9730637670189775,0.044845268350067025,-0.29747757741668496,-0.842113894125738,-1.0909564835469958,0.2562596468913448,2.4284785452162128,-0.7228588484171303,1.210991525474529,-0.6633693601127766,1.198525628186555,1.5266795116168568,-0.32882679079579824,1.9488466715661226,0.5291460639323919,0.13977079961055952,1.2123772246354896,0.8980685053106602,0.1971543401223695,1.0576075347517917,1.4825102307467042,0.8730940593602077,-1.3985482424429605,1.2451220405896437,1.4730114646383718,-0.5409007976689328,1.4126399517969408,0.14654598060589846,0.06378590377716832,1.0188966214546589,0.5588575172214424,-0.28463588339396717,1.3677031251977088,0.6146249965294869,-1.4428062703823281,0.7515419517264202,0.09804942879276898,1.3920854752981104,0.818789244275352,0.6897330150055069,1.9710191941770194,0.8285123793022677,2.460028684270362,0.29448417015212325,0.47705055878894265,0.48241531681318206,-0.21875765462115657,-1.2134959274336485,0.03841105504701624,0.5199138762634954,0.5187410003478939,1.4407865106293973,1.6268680529303394,1.8805706106189115,0.617358466969345,-1.7724812763710251,-0.5495237030435353,0.5289850790263303,0.6833784178680872,1.393853434599515,1
0.7873244641884634,-0.10417890501222471,-1.5646400568618932,-0.5109872469127741,-1.4283772524820688,0.5068448383261162,2.0976104680196888,-0.13444708292604896,1.6157228094958045,-1.7520995421120422,1.3094126381558138,1.9210282691134226,-0.3842122180735418,1.647570483754088,0.8624741654300379,0.3817537022865216,1.1253393061886634,1.2388623144356403,0.32553480082550657,1.2840198016926694,1.5260954501139985,1.0177259198152573,-1.2400626960210732,1.0172523548394325,1.2153186884396834,-0.6509040572978306,1.6056645650241739,0.2763551706006557,0.1759055719105719,1.1837679599035351,0.46607977880769164,-0.15532516812257846,1.4643478052402399,0.5105764696541787,-1.3217115692594925,0.9309436016320775,0.12762364114256536,1.488307547818796,0.7669584614075474,0.7518607479385123,1.8715714549495046,0.37348549239845585,2.6886124657866026,0.30368724616027964,0.5349731481701641,0.6260852748802801,-0.38023289135892485,-1.2115995130511124,0.0857620451053396,0.8044465047815914,0.44495420219663223,1.5449172272934542,1.7679055735967624,1.838551482436138,0.5006477200104243,-1.6407868249794144,-0.4407636675796537,0.41629105802178706,0.9103525990752444,1.3561987611102493,1
-2.870337743383209,1.2802607341963055,-1.186130437061785,-0.22560181594802162,-1.820173532932718,0.920601816963433,2.7667435371204143,-0.7274006597176491,1.5152440234728959,-0.9521888003612273,1.0665399125866284,1.558584458227494,-1.0775468582049623,1.8589074051115961,0.5911428342585789,0.21118947170713967,1.0148842835883427,0.8751182043279122,0.2019145899120175,1.351640522917645,1.6099063058071907,0.8049845409053868,-1.3959884499532413,0.8976555217746847,1.2911868784733116,-0.7146501628979353,1.4263397716216015,0.5781640428736903,-0.10426048795962359,1.0797424701727247,0.5483358218442351,-0.27049773125623544,1.4883302667428475,0.33119938882162153,-1.4441635111977196,0.825815651976806,0.14897762586689334,1.6947488258914272,0.7905061138686367,0.4314733336732557,1.8686563754513155,0.3667480688385429,2.5780499366743377,0.14557083069256946,0.3699076876761042,0.6260872048832037,-0.37621911445939793,-1.202781394505629,0.07811592360472461,0.7207845800449645,0.5988618425897005,1.3772977369319035,1.9174928941590348,1.624860544400752,0.6299193981595288,-1.6340597972551243,-0.472503389619596,0.43465825132376223,0.5868555551058375,1.4730283101122805,4
-1.8613299335501692,0.8394252301126928,-1.0716404837027302,-0.5284537360413863,-0.7554343886479582,0.28852695296740843,2.6639715529050245,-0.2663547522402692,1.469406432654644,-1.1896740508934833,1.273139594119479,1.9485023338313185,-0.8838200399107159,1.7270566976767148,0.6901599551726265,0.4785953721579915,1.2169051158719668,0.814903097669106,0.39903590616770707,1.5559952930082879,1.5646812946544884,1.0094262664011688,-1.3339258229723747,0.898980699070061,1.4439156846022887,-0.7799427587797444,1.3337918355991358,0.30298336690461874,0.3089526490451582,0.9467309965248759,0.7304622227710762,-0.1585783384248413,1.2380954382488396,0.4427045789169049,-1.413969175329553,0.9561997261244191,0.5091040053541793,1.6746516332054906,0.8280958442381621,0.6767142297722931,1.8962433138663874,0.4703875225270542,2.7588051336113284,0.24007370048423032,0.4551998430437605,0.6618848317898264,-0.338621902263096,-1.1241907865001193,0.10247692594648497,0.7462146913619198,0.47115463719003736,1.5453811930006756,1.7549095689822845,1.588006568099331,0.38743862382688954,-1.6877931747487211,-0.5308856647836695,0.44257365282960015,0.7229941470861865,1.5284483750544686,4
-0.2991603579508313,-0.5681098872148487,-0.7276542696738494,0.5128436135313301,-0.8953075262369301,1.2569425064994029,2.5213878466349486,-0.26833870854419206,1.6187300449908157,-0.8163541345231493,1.4213487531214712,1.8165281668359103,-0.27266969307437394,2.181443680560057,0.5563581908965123,0.1916526410223869,0.887388553421242,0.8246441666808162,0.5644512471837623,1.4616675788670617,1.7272569870265888,1.2359460166569913,-1.4474869865500886,1.256045253198372,1.4199513769349443,-0.6828169153299479,1.5415012158657626,0.19925926881270406,0.05529734707458016,1.2257991893816702,0.3188556434755818,-0.1919308043963182,1.2455742650454817,0.44023609504535427,-1.2645211451359408,0.9022373768334793,0.14373811194604608,1.7106634369015605,0.9215315072048909,0.5961036685896687,1.9511432564199012,0.3641454258414817,2.7157901095704484,0.11720160111999027,0.4560982277842255,0.6009627655403845,-0.3047427894875228,-1.2681146641291106,0.059471509068408646,0.6206699894881471,0.6105800656477613,1.5443435003992971,1.6922684579524914,1.6236849789000127,0.4992918801682457,-1.5524697492684736,-0.5394080747487561,0.3896110139654794,0.8947046933297189,1.4406839194814254,1
-0.5600375055471504,0.011158301679592447,-0.5454463844911974,0.08597635718833707,-1.1004782484692848,0.49155881294461695,2.386912253175464,-0.5561151510732534,1.5946517754510354,-1.2764580489727209,0.8856933791008551,1.7562952284857543,-0.8542884097976626,1.5701396704826884,0.36084166866894135,0.33152031537575793,1.0773677825686199,1.0307653283823763,0.6679901686777545,1.6237912430677675,1.6758153034302308,1.1141116399059874,-1.495592173112946,1.149139896498772,1.374537757572713,-0.6863564571850591,1.6061741771090021,0.266735394024821,0.00769950367947024,1.1741796653306438,0.6284478823730884,-0.32799094167199844,1.4061609222996507,0.43294612788024134,-1.5306229298810894,0.8728710759701864,0.3353034514236328,1.6233401653566581,0.6993468390392198,0.7795630892654265,1.888738164327145,0.5758272052020476,2.546812501323494,0.36909157744682086,0.3736461517926819,0.5583607023744361,-0.3533876718160733,-1.396924230558447,-0.018024446115197504,0.8979865201786982,0.35741865189401156,1.5393923936670624,1.6022520555885627,1.786530204993276,0.5394917565944708,-1.5311058763982868,-0.41528060648308895,0.5511809239405927,0.8031091194434158,1.4502345360826139,1
-1.1684563856599093,-0.20058052421356137,-0.8731489677658884,0.2320062586208329,-1.2695758440074405,1.028939932676453,2.6350877667000243,-0.6553718705213051,1.8562236082785186,-0.866521976008119,1.4163782978987691,1.9205941238361586,-0.29390193635922035,1.7099301500400879,0.8524559419951001,0.3058613557895002,0.9579643393060021,1.322899366628527,0.5946576537620294,1.388440287304039,1.6292960674682193,0.6685751130346844,-1.31165927310134,0.9476905302859041,1.3402443994951005,-0.9072085966752684,1.5142148494410597,0.14053155657347843,0.07591578776783714,1.1862515148288733,0.7641069307371318,-0.09732154362348498,1.3222432369957247,0.1011531444772818,-1.3269605139074565,0.7279936925849265,0.27296243398281184,1.6454435524634,0.7847809262091365,0.6436637362116986,2.0485501474922025,0.45333559283676195,2.554576631875854,0.30294450070310125,0.38569935145228995,0.5026570529934231,-0.24335052921617337,-1.2417490886492304,0.09921531795090291,0.7664645324235834,0.4673291799781961,1.607753031039573,1.8350852590388758,1.6554052863525,0.4463608477960385,-1.6201043102824855,-0.4272580994954613,0.667724770724258,0.7311712699088798,1.5587574871507592,1
-2.966692719870084,-0.519698329060009,-0.08491085741730697,-0.12143448829295858,-1.0817636458303845,0.9852924952978388,2.859327952597908,-0.2661197983496637,1.9834131077656825,-0.8978804213042618,1.2857270728801276,1.4817294965055094,-0.2676558436237326,1.3046952872129252,0.966888118789123,0.05996481266331832,0.9454518648221784,1.131542995389804,0.45990749676346115,1.3756708431137081,1.6217072574091906,0.9885086550721488,-1.3774343799218025,1.063812307297426,1.244612993316591,-0.8462701666072043,1.2211343080926969,0.0936493304519476,-0.09922408820085335,1.086305658943507,0.5096264029067076,-0.26223613218715686,1.4458574431912734,0.48573894079226754,-1.4401303069696245,0.9243541865424919,0.14077238030445283,1.6310651325209753,0.8183077750020751,0.6127402979862779,1.7895304492030506,0.5999773302162419,2.4546970320713752,0.17685247033390902,0.19688693984252376,0.7837093413599008,-0.4103660833229607,-1.0879880590096933,-0.07335015540692058,0.6672189355521884,0.4767293339822844,1.5017285432751997,1.7641844223404197,1.5322179069021862,0.5784606220006467,-1.6316539655602667,-0.4209844657649834,0.44721672273487273,0.7154713005574806,1.3426928347917775,4
-0.02505739578313937,0.5408157802296822,-1.2264867948264193,-0.8237592636133834,-1.255734833632239,0.527136217794884,2.4294819898482145,-0.5480527816794422,1.5332743303973784,-1.1114894478750437,0.7748011202627103,1.8926240331219109,-0.27930772394655456,1.9433767969509663,0.8263040446701444,0.6234808004386061,1.0422487325235736,1.0027426686727663,0.14432907280052526,1.3903243148973992,1.5456633953273362,0.9596388243650671,-1.5585840134503144,1.0945157368115817,1.341488743939141,-1.0405582536424072,1.7650034506052616,0.23567430071382747,0.17163982863361033,1.2408879802560135,0.47742572710318393,-0.20041473292763454,1.5436988557003373,0.5765708273974973,-1.530285157595843,0.7979334505400233,0.15435981049631414,1.589004219280854,0.5587751347182932,0.6249174375413895,1.637714931403941,0.38589552828355256,2.6540108026729192,0.13067249735003528,0.38642023804971737,0.6154136166865104,-0.3049716949571166,-1.2220555279651792,0.09089816008809004,0.7359656183671215,0.3880325532136214,1.4117291307853774,1.8706683921699034,1.6943991717278828,0.5285319624480167,-1.5262907199620108,-0.5009056438664568,0.5197915808992998,0.7722341351885395,1.4576099046517281,1
-0.26332762508859237,0.3474292548193308,0.15200582755884395,-1.1026242605388408,-1.0367327409342444,0.5810290419854787,2.2243964172076836,-0.46640356290237944,1.0540310564006474,-0.7600117031179836,1.51447409931468,1.9264837591330648,-0.6672962366105344,1.8474095055988438,0.5502859510837274,0.14732742526500173,0.9770413455869452,1.2065874872164357,0.5860378673741565,1.5184591716167428,1.3963735585932793,1.314202093505265,-1.6160334061778048,1.2260661452105395,1.324046588010691,-0.8793873623679074,1.687935513794526,0.5299174463010285,0.005461374528911496,1.1385763269761462,0.7305552698636282,-0.40636299839606255,1.2740733893784577,0.36371140829601717,-1.3002295225900857,0.8272605223900352,0.33139703090065226,1.5115148965222882,0.7624554777901451,0.7559937884880237,1.867273129437686,0.6104372202203279,2.6111177310288007,0.07147409090616953,0.5083238138826311,0.4657649606363663,-0.37234536152756803,-0.9514909188954984,-0.0646545232751348,0.7907960860258042,0.44855453845584464,1.4736948444734976,1.741774736098128,1.5645950067391823,0.3728154995629434,-1.6685684844757762,-0.4757883011293365,0.5309157950980131,0.7015288027223707,1.3451930035776702,1
-0.8237053283967937,-0.39284520988826416,-0.3815053436909919,-0.7775302550704017,-1.5249105349380823,0.8016390204578109,2.628923953773041,-0.23346824822030016,1.072252208638906,-1.3555032508815081,0.9553094722711462,1.8483079432246798,-0.298217026223694,1.7235370919174258,0.6367436927220594,0.47540502831467285,1.1018167949816455,1.0695945264372833,0.14028775869295768,1.5533681556869117,1.7033052300677525,1.027669508598867,-1.279315387429294,1.2750250715748592,1.2860825278484094,-0.6597590024125725,1.7566776661045989,0.3971801509889238,0.02141557239584845,0.9269827115394751,0.665994565909511,-0.1543160585768039,1.4480261377653472,0.6111701056082551,-1.4705847353566084,0.881090756156149,0.08206005081595308,1.4919910403661902,0.7060810094986437,0.7379058674856386,1.842700642196002,0.5470495538753068,2.5791837762761993,0.1990521067749381,0.4199204859309251,0.6690506933266667,-0.38660845530331955,-1.1412396007663161,-0.12141681878813677,0.6300613066515451,0.3918934567314184,1.3855648924304718,1.8067073515438365,1.8070056462664452,0.49086806531849014,-1.726070625251103,-0.5589964239777921,0.5722226269867805,0.6967056273635326,1.5015820467891778,1
-0.19232919326676984,-0.5660764584654603,-0.7309083515033874,-0.7670817756397874,-1.5766319875597685,0.8922603492041783,2.5839595828290833,-0.26703336907024083,1.523325620859517,-0.8486587852645399,0.9897459740844983,1.5842838266917536,-0.05211844308473468,1.6939480801285538,0.6938258568903698,0.01800721608730982,1.1010610146526107,0.744700793184091,0.4407230969665239,1.5303347417627293,1.5849967199302324,1.0752625216270302,-1.3624835750345676,1.0043633978728257,1.3371823946629748,-0.9129693507851755,1.7214819725950756,0.35084475652514974,0.1736239329814469,0.6617376370909783,1.0140021576440672,-0.39994012009778046,1.2601891319683893,0.4478251389725571,-1.38331961775291,0.8874895326211538,0.22859199649693826,1.5232959828629153,0.8632608801949005,0.6628767568852991,1.9449121746026563,0.6832215355259367,2.8072972073755658,0.3051702470412259,0.4765115694054691,0.6400002487804658,-0.53242140910622,-1.246087026362029,-0.05680595256044326,0.844518368737148,0.4933941237238212,1.6222389672305422,1.853137772879719,1.7285865532514963,0.5544332897937981,-1.674796899581578,-0.36390175999327457,0.44505516580371585,0.6311088489230279,1.6401315158256182,1
-1.279560646562957,1.0300473847901677,0.1921610496806474,-0.28652766984385236,-0.9974640392799037,0.2027514892409577,2.3499695231084727,-0.48819710688199003,1.5863452457553373,-1.1145491523055704,1.1276561856888097,1.759884459746612,-0.9078227054542581,2.1126170369634387,0.6203714557510609,0.45690706315226426,1.4898972879415413,0.8921857631617348,0.5141943644636885,1.6290914875940539,1.7568928294195905,1.1902857229387251,-1.635266791814496,0.8451019829525339,1.4979363708943614,-0.9538422575219132,1.78746055983397,0.16456343694738707,0.027517228433449514,0.9918217879761951,0.5160602156941505,-0.21064108890228997,1.5366684413572216,0.5472157830108811,-1.1749438292581305,0.9334728601212667,0.2321856001744048,1.4144877662294226,0.731010407556729,0.6693481138620582,1.7355500895453824,0.6251186802003142,2.6578802941612434,0.100761366545848,0.5343258974135144,0.5771059745675164,-0.32737406463298163,-1.3616128409114785,-0.019009260772473856,0.7605811381660684,0.3366886650567805,1.3774047473556899,1.6924081206498993,1.4481786214410353,0.5035510512322807,-1.6931326498363428,-0.5182351013900629,0.46002822353289796,0.6769871654590986,1.4724032034016439,1
-0.7243939816947882,0.9154262703346114,-2.060053769039593,0.13204384621539766,-1.2282294005578038,0.5608806263993658,2.9860380288309822,-0.8717292049394281,1.9210845355088408,-0.9906324241415064,1.4932663081081152,1.5465670767089161,-0.37288457230550653,1.8567610547171323,0.5611928366806362,0.6365528297862258,0.8432922615131428,0.755825817697015,0.5360382588330619,1.2228737930742861,1.446620545158003,1.082117875252653,-1.2606408064522232,0.9943270807535508,1.4712030369209428,-0.6923018395747049,1.6262191815094496,0.2723651728021163,0.1998048941414709,0.8683799315893834,0.44059458078506164,-0.1269249611211301,1.5308771506900316,0.3678541079411512,-1.5700480446764917,0.8310059882686099,0.31736613723457374,1.4924077327461642,0.7137730309402057,0.7210947811664058,1.8261783736182446,0.474399367730023,2.3571170777911914,0.40339264401108377,0.6863105534815575,0.6715707275977331,-0.32144215474298077,-1.1271691954815168,0.05217005245565224,0.6495856456408606,0.5179448592958985,1.4944133838287026,1.665737802617304,1.7109898604289913,0.5284839955864749,-1.6754920774394717,-0.39225633771606494,0.5096132424392803,0.5803851059867923,1.464102054882678,1
0.26283961419527546,-0.3277802060281008,-0.5222676537634878,-0.41818837798920033,-1.2121165473225186,0.37070998355863766,2.8134179960163888,-0.29909488262662326,1.5807943676605545,-1.0839250955500541,1.909093822545897,1.9399805852060925,-0.5556243811580802,1.83741174369969,0.7682707590392415,0.3190358745333689,1.2442247140796994,1.0281077579068179,0.32961537216067655,1.4618452061100446,1.640758056474001,0.9030089154373614,-1.410816730397981,1.0377097764917829,1.491129712538722,-0.7504364208048149,1.2798299240756241,0.22827355995311827,0.07595280421394461,1.1895546733826212,0.7329130316792012,0.007415436034919537,1.3802025575836134,0.3725260521622571,-1.3563611951790657,0.87900639105524,0.1118034050423499,1.600824956736391,0.6445886155032144,0.6183457125803472,1.8773482687288598,0.3734817968501203,2.561031820120929,0.21311941823440808,0.5738838004359859,0.735818976726612,-0.46120048974744177,-1.1367681499096312,-0.0016616884152659624,0.6831807724960278,0.3549906008458089,1.5286083592120479,1.76651462319345,1.6024333288858135,0.5318916578440627,-1.6282991680318768,-0.38942510220364757,0.5145382916338724,0.6520753289951493,1.3675621203397361,1
-1.1888618285991206,1.1891871874304734,-1.293814500445659,0.8379673250318318,-1.1771735096788536,0.13308576750426349,2.2455779662677853,-0.6286358696220932,1.5577053826495053,-0.768354886168674,1.5670802524710332,1.6401159305330257,-0.011756427515169698,1.774732097816572,0.7943494029549028,0.394786572594883,1.3237099727491073,0.9986554791144496,0.39146669976863796,1.708818442022292,1.6609678210895602,1.12466470741103,-1.1706191193263047,0.8298359037632923,1.6346956885837352,-0.9977653330111378,1.3531780845682808,0.2908066883683773,0.15435572611247897,0.9663460967963541,0.49526494090767476,-0.29090581774552055,1.358066215877829,0.41266068774275444,-1.311605723241784,0.8521686503646528,0.11385139746921302,1.7553771700032779,0.7722711454922758,0.6984721877166467,1.8333195504901023,0.5010472372601322,2.5494225993194877,0.2617025085723978,0.5622698892712014,0.5821573354238132,-0.3925330619683273,-1.337729146521739,0.12219370426201193,0.7405552881627322,0.2859059411566708,1.4444081108757016,1.8380486560751237,1.6393160734913255,0.5260958164998706,-1.6733507451566245,-0.47947977095488636,0.42725818924233794,0.7474796586643173,1.529934374644578,4
0.9441045161297235,1.6257967537714222,0.0570863205090818,-0.48150892415366703,-1.0277588279849679,1.2787977770819994,2.7334406819393644,-0.6019520890228353,1.7575626220606309,-1.226960267907409,1.43219259440928,2.091168173360169,-0.5685237415138533,1.7082198640304234,0.6525381002541344,0.36258320547018663,1.291214286878289,1.129110613614884,0.6659899539541471,1.4602347301903158,1.916373853069089,0.9378842001806837,-1.4527356279238852,1.1480193255924283,1.391158276946815,-0.890964567386724,1.1235226841768848,0.5126669566468653,0.11951135443369584,1.0702166834842817,0.44280513129385957,-0.10522839869618068,1.3946744568150262,0.5919387616938647,-1.4760153668938594,0.7699053081736772,0.5101255439187569,1.4494204680008074,0.8014351610007001,0.7229675878032432,1.764396261832654,0.5126878647974806,2.663093185639149,0.27326552316142216,0.5054897307106944,0.5952770672385864,-0.2327723942584523,-1.252830971630362,0.0359891109768802,0.7245272342785409,0.3227990143022213,1.4113778932386254,1.7452022019089957,1.6545315841417592,0.6467354392319922,-1.5708316099015565,-0.531520335104676,0.3640476597599492,0.7504051687115142,1.579363635995733,1
-1.7099720344613403,1.772997761319511,-1.2459672640395292,-0.996038752705841,-1.7128273363670121,0.7347959634155609,2.6957420409056154,-1.0831020182093618,1.8296742391326992,-1.367931225651303,0.8639690058625182,1.8924007301871142,-0.29266105213159294,1.8422201707386443,0.6000796264843928,0.2439808802613822,1.2814912880149363,1.0009405679313346,0.48012670186448997,1.3175814157639785,1.6028008408885406,0.841494901436183,-1.3707183288982965,0.8080217787139741,1.710390976007743,-0.8240177393168429,1.5956608698671173,0.28465759215920283,0.09608130704456805,1.1059430229842189,0.7098854685430307,-0.1032595205087648,1.4179586202542793,0.35706649378595146,-1.3590348090798883,0.7856253147679304,0.15602761548340444,1.5659847229331245,0.8019997956189758,0.5827228899807402,1.9605545261267363,0.6259301911684997,2.7208981122390354,0.13621993101171428,0.4422162560834435,0.622029692978347,-0.5566494886195636,-1.1079641288941096,-0.15995397296946395,0.7695873551217117,0.3770394518157406,1.3577523969244802,1.8182630397888215,1.7651067517547023,0.4495174221007933,-1.6316400844618146,-0.2295843169759897,0.5707041055248399,0.6397922879177089,1.4104098272450036,4
-2.279912630760869,0.33142567964123587,-0.25006091562871113,0.353442955158527,-0.7930038378599304,0.8502016308555786,2.6323143147180135,-0.5709333959102931,1.591208493156537,-1.3257150444669772,1.2111024659104774,1.6472153750208594,-0.8441727495431652,2.1696323317277453,0.8702801098688079,0.23914936926672012,1.047965871418583,1.0185881104081695,0.5313091383926257,0.9010391191878603,1.2880697315701355,1.2103187762720817,-1.4956452868713275,0.9962243414004278,1.490393019750761,-0.7002583236630929,1.778236160628302,-0.09791628839121672,-0.18228005483451998,1.1982318423598712,0.4211469542094016,-0.08915732549805531,1.688928238206373,0.7555011169245783,-1.4388954006088366,0.7832101525698413,0.16459878604077322,1.8030785058803234,0.8641961275066701,0.7443821494894349,1.8436125940371628,0.46800959252017443,2.748138028270631,0.2441162477739896,0.4984522796411699,0.6197962599329874,-0.43579980684651726,-1.223500781184462,-0.024827731724282452,0.8977097219906813,0.40342718323471405,1.3775564298832206,1.840436688610968,1.7562056471691092,0.44463288426848807,-1.6440110895013016,-0.45263542733024353,0.5063591503611291,0.6694066349686807,1.4268210181137213,4
-1.67008734210897,-0.5594049132317314,-1.4894918088466707,-0.02180445643054929,-1.079245100717154,0.5015945529305168,2.970213909831702,-0.6948510276649605,1.5447756489797655,-0.9820745615431258,0.9616730688566324,2.042883710934902,-0.33224570690157945,1.7982265741910322,0.6039262357808208,0.16268627683588832,1.3128483415168501,1.1637935972039093,0.594808497134859,1.3146204458837107,1.3359722471917115,1.1297600844618825,-1.7764674750420548,1.1400468943084003,1.3708793342909718,-0.761269813762167,1.4120614156998803,0.26981726732454525,0.02398892922828354,0.9227827466621119,0.49457711359504136,-0.40937941777629194,1.5626265264606143,0.5406873481259789,-1.3075795461365565,0.8289032496501406,0.4908244287511305,1.515314006367313,0.7145269481346452,0.7649775280949039,2.1206249988877928,0.5739171289012688,2.5224149716176196,0.020696240489700646,0.438139662007232,0.573618025954372,-0.41725643122270134,-1.034668330220469,-0.07372542003432313,0.6265330687074682,0.4792742606869556,1.476666806433874,1.7641720124965776,1.586412692191245,0.5265184097919552,-1.6633881764108747,-0.5168644959581754,0.6707505042065816,0.5283520327252554,1.493944464262545,4
0.39445875644819295,0.3473140053551635,0.1517500383435767,0.2200913972588211,-1.0120116592255892,0.7350352801202044,2.289117545995104,-0.6953637288246102,1.7195498210594582,-0.3619074674665298,1.4576343208098534,1.8609580511969634,-0.6649710583957772,1.7123404033294678,0.5949479800659738,0.501324406560325,1.2403441296079976,1.0401579229659308,0.42341870524635566,1.1927059560472206,1.664076599705991,1.2824001360784878,-1.328838435968127,1.1330167460211844,1.463574512678721,-0.7767929968418413,1.6384571276797046,0.23108969178539243,0.14666463563232976,1.160670417355382,0.4869919307049663,-0.33225754199383456,1.4719459008554632,0.7067148787443476,-1.501436626852888,0.8884281631805403,0.15909450614465015,1.5984430013869149,0.7531151678779324,0.7097791083747442,1.910985116067463,0.45486213295305605,2.623943747895449,0.15602671206353755,0.2739908509849983,0.5588780363680169,-0.47448481752654037,-1.242173123778916,-0.006151671834779899,0.7793957070313299,0.38882888418555633,1.448258298616479,1.8726317717523173,1.683689106690786,0.5174987232031746,-1.5399436228386094,-0.4778447525186627,0.6547634546307423,0.7490811892578462,1.4284528449707663,1
2.612103418906965,0.004599676558307897,-0.042096601247387566,-0.7770237506250831,-0.6325859989923512,0.4366773510888279,2.741783221603019,-0.20064930702312633,1.7221579921736214,-1.1195056470340168,1.014017055800959,2.0727456424461828,-0.4802555382066274,2.0500885405201683,0.5636761964968098,0.23380108715237607,0.9687428272434636,1.277670936268207,0.42372228614447977,1.353530581605078,1.6132983333489237,0.8599349339652964,-1.5850638525899874,1.2185549598056191,1.2234183227641535,-0.6514243973538603,1.6156167935863741,0.039458929864337966,0.14178442849312728,0.9732638564125096,0.5508960150837582,-0.09643703072631052,1.7103720453039888,0.38918745523095266,-1.230916190770699,0.8609539987889958,0.4280385666514868,1.5306535875126785,0.7838127443623488,0.579720325495437,1.777242172773012,0.42356613162769224,2.765030909815711,-0.0037537793005604225,0.558226826686819,0.4099222787105765,-0.3868717186661131,-1.1366343683896412,0.04130788644062529,0.6904908347210325,0.5300486322074954,1.4685577195296058,1.5826371273315083,1.4838989391485689,0.44109779645858666,-1.6298673271280764,-0.5240956631242741,0.5675233090106437,0.7765174930569447,1.4438473588672645,1
-1.238029910061056,1.1015526207668875,-0.6305123458016424,-0.3473771957364385,-1.1013693068599573,0.8181697912577472,2.438853028070704,-0.6959213300585507,1.5408716298647318,-1.4979724015703766,0.9559386700285607,1.7786683312116793,-0.10283294545124133,2.3380194852144016,0.40807062154832824,0.23811627195993462,1.1594628070938842,0.9321642392560534,0.19429523277008676,1.6634806919089564,1.5050600606199893,1.1114572389615316,-1.553300501344495,1.139834566387479,1.435621222043181,-0.9940150941173587,1.5402560294931245,0.13643554523421766,0.3965947893332881,1.25153849424568,0.3327267106875171,-0.02119257330852567,1.461268539074265,0.6979268572768622,-1.364398966542,0.6532141627063262,0.2653858913869188,1.6197699535673042,0.8590899770644892,0.7683104006685704,1.887247614983453,0.4557885273123568,2.413431036322128,0.42168574876254994,0.5210126260782224,0.6033366918697711,-0.45343160032123686,-1.2503392041418169,0.08136750584645594,0.8309526038369418,0.44789676197729894,1.484708891086442,1.7312043636940826,1.6550892780559963,0.5408469686675177,-1.3983908164472687,-0.5176083254241077,0.4801384844157815,0.5501199482573758,1.5472391490389656,4
-0.9772988285851245,-0.21025706109400727,-0.1942928647385137,0.43231143209473766,-0.8899057998001147,0.07199991971704245,2.7424854125903115,-0.48972073568561425,1.4901196768994909,-0.9799678794465124,1.509445476970475,1.9460708692245277,-0.3992139131851166,1.6623668645611493,0.7419390500729582,-0.0014428727743604486,0.7588539052761434,0.968210656036261,0.3821067175892764,1.5954545953976251,1.6576482424295103,0.9487291286751744,-1.4296098992508122,0.8926066663952277,1.5080930606370244,-1.0550466789985253,1.574985193887023,0.02156342371737066,0.1996253188570882,1.1938850940347225,0.4064703149365999,-0.028068659004316654,1.4715536919927745,0.5722912374921889,-1.5661524986430828,0.78846837117833,0.2454945264759283,1.562907375310921,0.8310324071616282,0.5651516536157047,1.987902624809539,0.6686199363615595,2.5505096010132853,0.1295891916502144,0.36293428694675545,0.29995474918191434,-0.1565319142512352,-1.2409469535558553,-0.05621299237434485,0.6011748624312216,0.38840308580762173,1.4571454862587039,1.9038088188646591,1.9736542646566162,0.43170249262026855,-1.5594269721291323,-0.49460230697454666,0.49139010960128965,0.8969790847920711,1.520272323502484,1
0.28690354790431616,0.3315361783315546,-0.7013355107834824,0.29404561304461385,-0.8375917652489429,0.789768297754067,2.0984481989720827,-0.589957995276962,1.8823416478639696,-0.9957847632250104,1.3761688972467487,1.6992553593393815,-0.2703865545149722,2.114562758486374,0.7803340947801651,0.5332353126214833,0.9165734651152599,1.3562295817595782,0.5753007613070529,1.4135331684809191,1.7282799816001493,1.2249993911515742,-1.4792622497826562,1.095848554459203,1.5084493466940687,-0.9873110301223702,1.6424593882465244,0.11070317927019041,-0.16477386144514078,1.022012530423104,0.4845672568953937,-0.28074821543518835,1.570383967582591,0.5132182165581334,-1.4415093066724123,0.8611403512382433,0.29791908544596907,1.4986440618525185,0.5175694788388813,0.7433846523362199,1.8761074798897281,0.6122998526468371,2.747131378956506,0.3404432417273182,0.5501589839289396,0.6111458816523939,-0.5474129198448692,-1.2985169102279461,-0.11598367063838663,0.7791312323411294,0.539840119839408,1.4641731210034836,1.701530355379769,1.6033222171604093,0.4656810433009471,-1.6253172195202221,-0.5083772525224224,0.5343037426065789,0.7336330106028928,1.6396764405583881,1
0.5502801133036999,0.6898829182266175,-0.30622164395746976,0.10370533239105245,-1.0819792487972728,0.300095127790635,2.7136038461414835,-0.8874738211087672,1.7200668005152064,-1.1317111833283606,1.5327767662586187,1.5780159437726695,-0.14376337931173805,2.036886959341502,0.698297620226619,0.11555616129853397,0.7752168006716942,1.2037907592309476,0.7107080805513425,1.2408791146905176,1.9951649049230273,1.2554083850462323,-1.260747738803942,1.052526350921089,1.2865561029996093,-0.9174252516966802,1.3083534154352732,0.43080653692967213,-0.17911834505678575,1.0649517887119924,0.5862930314540079,-0.24785239284653965,1.2623743152538198,0.4260470348289266,-1.4030228427519682,0.957424111028967,0.1714210569677116,1.6086980434150744,0.8237215521012228,0.7604957367453319,1.7938056445456896,0.5201743575650449,2.521492739614988,0.14532282687593073,0.6748155179765443,0.4882873556282834,-0.48895252607100276,-1.2831141412590952,-0.10281102493617597,0.7420995470473328,0.3012605626719471,1.3831463053435673,1.9353464849519164,1.8649160020463385,0.47910813423652926,-1.6635945582690743,-0.5039627728896053,0.6119370290769309,0.7204484338193212,1.5524213705161805,1
-0.2690721066840915,1.2241399820680336,-1.0251713521619292,-0.840422653245321,-0.882296009592433,0.5449900480704646,2.278463384120856,-0.8115413415159409,1.638157764471709,-1.0830047247111676,1.4200578173318672,1.4366941469338368,-0.6191601865712503,1.9019422419288063,0.6797750581708146,0.21564480316239099,1.0777511100893582,1.0360895413126712,0.3795017470479095,1.4146404243024335,1.8069406454819474,0.7789374712858844,-1.7560210721843614,1.1251494770085781,1.3570753400264737,-0.6568980952320617,1.3943054697412736,0.15992743489714828,0.02132080794122464,1.0410598683288093,0.5408034339972807,-0.1372865858572198,1.2178941707480344,0.44604784825305027,-1.4100243570323336,0.8760795486414183,0.3497249611004687,1.6307320445083608,0.7457716087105191,0.7271372390856324,1.8016808362470267,0.4606675924884564,2.6844486362710107,0.1703745740170076,0.42263478654706904,0.7607907462843041,-0.46960259583990904,-1.2207132977748572,-0.012540725661193897,0.9247236345788884,0.659181006470088,1.4927404110928832,1.8868711511732408,1.7158152364989245,0.4468739176719801,-1.5889006110709367,-0.3874561892667209,0.5768909372092332,0.8424706489348569,1.4387486389476307,1
-1.0822246824706938,1.152784196306998,-0.2852432386438128,-0.8101927485201934,-1.4786541907330117,0.8985136480674552,2.173416346579778,-0.3492355660731108,1.3324587109352382,-1.0778483976952153,1.1921172282411332,1.6280866667070832,-0.8198944226465165,1.7548299841279609,0.7917462834171649,0.46128674785833146,1.0805312375156197,0.9594337154358473,0.62984999084381,1.4573498136087097,1.5706145310115505,0.9779915442796058,-1.317462430675745,1.078502638134318,1.326199130098411,-0.7224591861528913,1.8275940127383903,0.48839537732066984,0.03336066249368429,1.3618615695477334,0.6494204498738381,-0.2522390647768802,1.3591174634340701,0.45224421270163023,-1.222596006585343,0.8439068786931855,0.21337819582593365,1.4414031791792825,0.8335493966350467,0.9192342113780746,1.7975554053387146,0.4451764749766249,2.54509398164515,0.12164352393450908,0.4784936863237419,0.6969038185183488,-0.2500436928408176,-1.088265222274621,0.035538454879218424,0.790308937498786,0.2755517005758559,1.2589397365484254,1.8971949089840041,1.6381877888517857,0.4223081534018554,-1.475273304449141,-0.35113411351990764,0.5403881129735516,0.835149595397822,1.424895472355945,1
-0.837692887505527,0.14158306628497258,-0.9237599695718187,-0.3735428525931032,-1.0552584220493393,1.0072058620106152,2.3796797992008796,-0.20568497302521088,1.0545879644210094,-1.2938291290617898,1.4000583570935072,1.9466661941523784,-0.1158644858351423,1.8075377697219663,0.8115873414089884,0.6779237933851369,0.9592586248363694,1.1728853756895181,0.5952845009756417,1.5315309607898957,1.6928328679912747,0.84268333998386,-1.5405881154855865,1.0329835545352029,1.291276694111937,-0.9359765155341628,1.440375442269958,0.34561137469609127,0.17324161857489576,1.1868848367298515,0.5671574134863563,-0.16199779070030182,1.4494419196094954,0.10619755996826286,-1.3046654737952377,0.835350691529343,0.3087123391693902,1.612061837265797,0.7935775270608764,0.6952155659461093,1.9921427740420858,0.37297718388227735,2.5527615865566973,0.19313593614897479,0.5009186915935374,0.4848374851115367,-0.17206548371966116,-1.284934942759871,-0.09452760914902993,0.7698709973668538,0.49625366097918233,1.3766304443671187,1.703099858514339,1.6214981613064965,0.5325169780646916,-1.7137488269135037,-0.4455243488063009,0.6434133106242428,0.6619939933520627,1.5173407419406113,1
-0.18173251548200225,0.12642666979869427,-1.3645198752880896,-0.2083765876532828,-1.0557778606898849,0.49342733330228206,2.7124425014914726,-0.6711891829886233,1.5406841511834253,-1.0799823713013474,1.1026316944848287,1.8620503496981078,-0.192273022746066,1.7891725022193934,0.9940280675439883,0.22624167404443143,1.399354005942286,0.9372966219955625,0.48179662219938807,1.1969009962841164,1.220022273669737,1.246792645436675,-1.5184191521321833,1.11447926579434,1.4653611851561483,-0.740270746449953,1.620676092631213,0.32591403179738304,0.20688862784352915,0.9974615558492688,0.4362048950472246,-0.14342066934479203,1.5774906047363715,0.37125944990418175,-1.3108498995566389,0.9844732153843911,0.2634077708340396,1.7350635113491888,0.8223730058558254,0.4229549646763333,1.8718538667369944,0.46629990492756246,2.721465144990504,0.10005701274133158,0.37949584059006636,0.6808433739084934,-0.4234356250695514,-1.1133593931348729,-0.06846663957181233,0.602140210038481,0.5328949442168404,1.4450644324592445,1.879315028363234,1.628305344878505,0.6328696541963781,-1.4530599034737626,-0.4184428474201177,0.5856460372572827,0.5896645568204639,1.3490722441023726,1
0.020785878536033753,-1.0987077619711154,-0.48739411653818865,-0.27503326367814346,-0.6318886150822813,0.9190755806466099,2.2717028566081248,-0.5137111890456736,1.0544832280136915,-0.7493004007752732,1.3970535883272666,2.2835444155889255,-0.8808033819045262,1.9975704524753286,0.7421286313606454,0.3527518693445609,1.1771327341276707,0.702289726692831,0.3862890632987914,1.6220365244535853,1.663473098893826,1.2841120425516732,-1.4035982175745372,1.0027458095408777,1.6560794264618064,-0.8796274392225626,1.609475933291537,0.030788295482267802,-0.0950431792629926,1.088071667202349,0.5521942190940324,-0.17634540056988304,1.521657256234132,0.6861026082421562,-1.4953302170562324,0.611307772876131,0.21097285207771538,1.4557750354248653,0.6922738228757809,0.8273895133618379,1.856975663612149,0.46151554455949684,2.772861658066909,0.1679903491698104,0.3789417607251325,0.6603675869946042,-0.23369097595836136,-1.1907031967374222,-0.026812734161292266,0.6766198249803579,0.47040207165927295,1.452013570247782,1.5169154680596146,1.7326819211251094,0.5194406771926287,-1.4747504982817288,-0.5544551752589126,0.5190883722881282,0.5654421289884525,1.4295189851286096,1
-0.04748119137344786,-0.20637223791520648,-1.0902396310277909,0.3956049737265265,-1.9513512335801355,0.8325935832749756,2.574121323796799,-0.8250886004314837,1.553367747057326,-0.7267582411707477,1.0907057014964738,2.4015117929983734,-0.1818318233020922,1.7417873308503946,0.713541170685353,-0.08361436407563333,1.0279338209038544,0.9224978352745713,0.6141356220890692,1.309769709849847,1.4947032114141365,0.9848105818282352,-1.2150104105210535,1.1776628687988164,1.3876068069366465,-0.692935083457699,1.63030338253951,0.3432703563464835,-0.10264432210444738,0.8484053998304367,0.32952071128476557,-0.08866940939337417,1.6339731684231902,0.7083722548276576,-1.3691938710226585,0.7227563879868883,0.36206043801750326,1.5493749654738282,0.9455751507106624,0.5538010398789881,1.812085833072092,0.6469710119748537,2.654879921072507,0.11768281182253328,0.34933420571076435,0.6333875809838277,-0.5764291902128463,-1.2909715070996457,-0.17290959988589436,0.6873655164667053,0.3821439636718526,1.3964227753172158,1.745138368083947,1.7152059369094,0.47676323574547297,-1.6128530289088039,-0.5138691466158137,0.711966819928777,0.6823576138030198,1.4952162339454445,1
0.721242339325149,0.04876880935406225,-0.9650640683569689,-0.8923382196880223,-0.9447355409336354,0.5422177289209165,2.6772351173530877,-0.778894131496979,1.9134668343623253,-1.1806410775422014,1.1910605121548423,1.7422120243624122,-0.5295194736007063,1.6307832016225536,0.5369430078879944,0.36105591653489155,0.970773968289329,0.7990361681823621,0.4531192127059166,1.265240015948711,1.4627583524632306,1.0203550570968802,-1.4254972262695011,1.2178464706528749,1.3820803755469204,-0.7528244827553803,1.405436523834617,0.23677483808376587,0.17417679107425318,0.8594283729533173,0.5630736271050114,-0.2300007263355117,1.3363982086693091,0.3016405402323763,-1.2647903767663076,0.9581855153968744,0.1818941614827293,1.5797569446073458,0.8083724688948338,0.6861343851435499,1.914607276460632,0.6423946207870641,2.6944038131501933,0.3012647255098921,0.5025115243022219,0.6388073631115846,-0.5450738951063085,-1.2243576716082778,0.008475766602802269,0.8847207023503658,0.37775580472553477,1.4054480593007819,1.6226599855859563,1.5705561765149991,0.5739473632717232,-1.645817810355174,-0.5313952739817571,0.4769344451330949,0.6774318011977196,1.5518831048664907,1
-1.123415504996617,-0.5514638527976132,-0.688848768913461,-0.5547402539923381,-0.32726173263837477,0.7629397442773319,2.1558730180624077,-0.24762457761649598,1.2242363514405081,-1.3903543391873703,1.207425726598137,1.727723851790521,-0.270814236799558,2.0735929806084763,0.7980061599643626,0.14024834043015524,0.8685698618029537,1.1754486071712367,0.5159034795855391,1.0410686305382215,1.556937760403983,0.9485920082403032,-1.5091983970372007,1.028928731382828,1.3366764015336874,-0.8800072098541034,1.8677110797076084,0.1934842384513938,0.08749260603546274,1.0444165942291517,0.6585346338856428,-0.34190576593751515,1.281627304130184,0.4446619261910108,-1.6676779232895278,0.9176398860362692,0.29342336920967704,1.4166693039621734,0.7058840078762578,0.7525561009663639,1.7260048161299233,0.5553743329961193,2.571082516168493,-0.048742203173404386,0.4051314353743626,0.6347402154783818,-0.37342113874627475,-1.1265655764823732,-0.08163281732917055,0.8645154019648916,0.6145480369069936,1.514519637724929,1.667545193060745,1.6123471100685098,0.38651937793643,-1.5981802046437594,-0.2845826172204826,0.4208953800760358,0.6881539876785779,1.481016106807848,1
-0.75307121270949,-0.019558763958228725,-1.1319717425183042,-0.7177716027860008,-2.3192189768972793,0.9906833680123639,2.684004064760584,-0.7268067367230839,1.4699230257143714,-1.2641100763673372,1.1792850763634979,1.7408503502589765,-0.79423782805808,2.1561666708979774,0.8400943774012575,0.4405823044067761,1.011869151917687,1.0230689345345276,0.5052289923237762,1.2879503736984603,1.6359732014283004,1.0408552773378015,-1.501261365199318,0.8167084432276729,1.314218479553639,-0.990724745840682,1.7025077138245588,-0.03168745451596408,0.03703752953332342,0.9524805075796057,0.4751578190042896,0.0660011165763319,1.3299656257276247,0.5592588783598235,-1.3544028587929695,0.7238123340268314,0.27581958913936977,1.5053106726619365,0.5787223222649172,0.6079253696132225,1.7107321304447376,0.37417425177589764,2.7648298339721276,0.26120654955735423,0.5215548190285807,0.6520447365447313,-0.47659405795367854,-1.0411115865200897,0.05636896229229831,0.7655732820140507,0.5120847663458717,1.372941489872064,1.766052637598953,1.7402885599453484,0.49789417503055006,-1.702977955781192,-0.481171221207178,0.4162714373879371,0.7355912974315902,1.5379354572440034,1
-0.42804714198667226,0.2742630464726953,-0.5773890334476227,-0.2140718861505121,-1.217076689520047,0.9602192871825106,2.5990612888955242,-0.3923106836797726,1.580783775640919,-0.9522373983652699,1.4395930813453572,1.5030364121295405,-0.4753474600625065,1.6082883942191941,0.6104894500072827,0.05209286413644404,1.1538039757726986,1.095537123616794,0.6157415362311792,1.5379711850388136,1.8586271385115578,0.9633501361356358,-1.2284682533300102,0.7898438742411755,1.3590419891946577,-0.8057128895243092,1.491908328081685,0.31125954447267934,-0.088783326602044,1.1676659868782906,0.40366763427573016,-0.013593187560969194,1.335730797030849,0.4060744998431113,-1.6898131029395447,0.7404221229704606,0.20533461439950274,1.5851697738120882,0.8404769909373578,0.732709083211985,1.8038478809915108,0.42301575327995006,2.6508598813284108,0.24668140447767717,0.27846621904205543,0.5968152216339033,-0.3493325547898511,-1.1613062029032324,0.10290429576911937,0.9257078234096829,0.4539324087239181,1.6745171476369247,1.778533160769704,1.7943915542757194,0.505794858683222,-1.6310460135969462,-0.4307960189614589,0.4671836635621256,0.7008336096770678,1.549723605161109,1
0.10824183425599354,0.016976744761213802,-0.7043345619780979,0.36766661754908014,-1.7198604866010845,0.3063595150547108,2.6340679107459035,-0.4327190921500167,1.6721882130564816,-1.3156115709022367,1.1708461707502127,1.3624624901356337,-0.36378440157104774,1.8456445570531126,0.813073400560719,0.31281779271239324,1.1529315629266015,0.9487632866660102,0.4539725886406957,1.4999199026335226,1.8622695140717136,1.2589133616001669,-1.4676850621783504,1.0488403321717157,1.286520449186499,-0.883091713084703,1.5635827203289485,0.4158398056171428,0.12455683464971824,1.1712495886660452,0.3686238191885244,-0.10967876831718833,1.519094998552855,0.4595454417969745,-1.2856920432542456,0.844941218777006,0.20985100357448358,1.7975084500708198,0.6184934815051143,0.7117296103554782,1.8976727676412206,0.5162270315207529,2.676687858298873,0.3990662106531789,0.42535754986862623,0.8196680381372894,-0.46900666187086676,-1.3526462142598699,0.017706933651374674,0.5899052797796436,0.3654491707544778,1.4138706003083423,1.8816433455059864,1.619710449562271,0.43840947356339244,-1.736679577390052,-0.3681284055827164,0.4133238462485076,0.6261487759127987,1.6347925900132532,1
-0.1150374908184642,-2.216073005001923,-0.7743424427670119,-0.19541337370827822,-1.0359723476470128,0.8479762172876979,2.7185602849913186,-0.4681137162844869,1.855500988905852,-1.0009774114585377,1.180854234369219,1.6618400081279168,-0.9867929855604749,2.076800284265711,0.6366574558211492,0.4469122408622264,1.2235769544958748,1.0174027603489386,0.6530311082174662,1.1600708034636602,1.55124270507858,0.8187994100362732,-1.5397664326014124,0.9505487562932953,1.539040450800341,-0.6616645085514457,1.3814211647946437,0.285844521707753,0.1353586053975071,0.9706398115643133,0.4677009531319232,-0.2774640649348152,1.333023641196257,0.6630138460426522,-1.4117086111657156,0.7149711850622249,0.2535387350560757,1.5927278223430665,0.6411882380953934,0.5786421623765815,1.7195954472920358,0.6076111221191249,2.585270634893066,0.2653386834397897,0.6873376158534801,0.7860260625299851,-0.3113713309764481,-1.2321661659900096,0.06413523435914978,0.7844292784893262,0.5548303851868018,1.333547314129064,1.7206450856483917,1.7555648425922155,0.5654021887320955,-1.6845293781785267,-0.4706953361083363,0.41956087162382627,0.6249656908585085,1.4871184967208724,1
-1.5354515894746978,0.6987130304727396,-0.7768153713921101,0.1889350935323857,-0.7379884640281491,0.9780136487518105,3.1015979664712234,-0.4259335453542905,1.3177179204462293,-0.7275903164269877,1.3503875401849483,1.8233225733602125,-0.08105103723983353,1.702608374182303,0.7411286752038225,0.2216242236178374,1.0940701884160233,1.0602912093317414,0.486410260531962,1.3584039003087167,1.5614168913109654,1.1669452409435093,-1.2319413657422968,1.0870999641243544,1.7264033103035752,-0.7081606008301481,1.5769206930552453,0.23789873279989632,0.0393597966481308,0.9314614617829764,0.6417652795351821,-0.23331416370623134,1.5890774813202753,0.46038509196903254,-1.474042871628674,0.8783216555367729,0.4393477642264329,1.6168419454044143,0.6310003176647982,0.6478607001760174,1.9231169770086645,0.4848781050805636,2.6626304174418234,0.32091885254199826,0.46230963424235755,0.6764393271505355,-0.3926308423859064,-1.0696668692928266,-0.06498085377085328,0.7368641297230526,0.31442196261509514,1.475450776807447,1.8401509257311646,1.6837224432336457,0.4986027204990071,-1.648450511384204,-0.48697839978664964,0.45563592259840235,0.7280454978003679,1.3194200918415555,4
1.5814491436413238,-0.9082264344798618,-0.4484460998507634,-0.42161035885267406,-0.6139988785660282,0.18846475792264394,2.610968727805679,-0.3039796262807596,1.0150504956090347,-0.7297076221183818,1.101393414847551,1.7754777231784094,-0.6420101962946902,1.8784750673102333,0.8154552472104589,0.37712514368938893,1.0935422228568497,1.0635949831709848,0.37855072943163487,1.1531566190022136,1.5871905031294389,1.069835990811006,-1.1941609247228198,1.0489813078283372,1.3638877232302986,-0.9437625225287811,1.6217325682809816,0.38155248700097016,-0.021972069840274278,1.2476212357652985,0.46085406226673004,-0.1661447101204804,1.2966423278147852,0.443574849766638,-1.390075456539803,1.0546281034087412,0.3192688597845429,1.7799977260361626,0.8366640844696465,0.7150868336690915,1.7489536621200408,0.4759930193429726,2.52437620019155,0.11043297428265592,0.36754197666266936,0.665254604138954,-0.3147961144196723,-1.2513044704825504,-0.07221175292164846,0.7063998012161634,0.41325213781824777,1.3165948549656195,1.8558088199992104,1.6362087543986406,0.3908529315325011,-1.4137655922661565,-0.5645108439357478,0.5352605692269305,0.8435984180638181,1.4575398895791587,1
-0.5781089946370275,-0.10017911505784877,-0.03535591537520055,-0.8061864478975486,-1.1558373355101552,0.5010709031499552,2.7276502078921574,-0.21227349818652785,1.3017832039417159,-1.4236647236987021,1.4382181233184352,1.436378549525621,-0.39988364050145253,2.0592909518447966,0.4209405657737512,0.4882187887122698,1.0086712539752105,0.9892746832800241,0.4409662873278138,1.4197825672043807,1.49012578420169,0.7856566982504927,-1.5356380473957028,0.9619479356327045,1.3446785126222598,-0.9104395544612254,1.6081970570796786,-0.07210136008426651,0.06896663610931597,1.0621200996199451,0.5055955054174185,-0.03718844096581905,1.2906647255667867,0.6979789690619126,-1.2495755777922057,1.0050180975917318,0.253829296060449,1.5394658875880018,0.8162489031198576,0.6358982117046461,1.9471097082171205,0.38602229973437086,2.7234888336473904,0.22731080278496962,0.41804375556080886,0.5000986042589908,-0.3969983761064285,-1.2505241297918277,-0.11896975207281278,0.7869054019191777,0.3364510039221042,1.4579493037565734,1.719815709210925,1.661110447355291,0.591159353491166,-1.5903107773249294,-0.6021706440374907,0.6756500289653635,0.8019381631899498,1.428387965141876,1
-1.3728379923576195,0.7550484921142167,-1.3797261791772504,-0.4638860246608458,-1.8724803471122817,0.4584622653259063,2.245683749033854,-0.4571267400775194,1.7344315073991567,-1.249887558281148,1.1628868678056612,1.8214143273484242,-0.4450176121008512,1.9236213077142408,0.5279054206166374,0.6171837314088114,1.0210673090451643,0.9202495661548251,0.49945411946613133,1.4814943643319693,1.4442553725798253,1.040147840108173,-1.3926703577825221,0.8867205838167976,1.2577721799321768,-0.9275270039813699,1.4099711774470767,0.34540296022154054,0.08968425009372819,0.8714708921453924,0.5254110433763699,-0.20735295339013082,1.5002173944434394,0.5133830283231589,-1.4490157320066386,1.005555066725662,0.40913933445532014,1.6701373922375593,0.7095655318441111,0.7303363342757526,1.8881849148373762,0.4810734782030222,2.6398699102751797,0.12183577599427287,0.443366491803056,0.5562624191611473,-0.4245925890845522,-0.9734179926566049,0.04904381835457777,0.6909218176861992,0.4074112544070715,1.3830919692711272,1.8629774120614082,1.8007852559413544,0.43937511203891055,-1.6187885382422285,-0.41471700521131166,0.5886860086898208,0.6314379090575667,1.505043490805837,4
-1.1954827729240325,0.8949352570622406,-0.003539911535524798,-0.5376079334885621,-1.3334766516842116,0.4456637956401072,2.4670772466197777,-0.3691030475800986,1.5638130118492968,-1.107871627464523,1.2127229778921487,1.2380895138297299,-0.5180975727598589,1.8960013766997421,0.3507138761948121,0.6055789330924712,1.0213170220547267,0.6022979942294379,0.48235309538175364,1.6188061589715093,1.256484715148336,1.12506509059186,-1.4309478966190101,0.9943526045834856,1.4594738229187114,-0.9236170605450978,1.4631777738632292,0.17153082313422535,0.20971713794937674,0.8785225729275611,0.5426514286990971,-0.24190048252574248,1.486031452836623,0.16617385523716655,-1.7068615769679585,0.951576997956432,0.21703310998475672,1.5346717771805434,0.6837140922944399,0.7189814361648306,1.8836389641021607,0.514755035609796,2.706693806648462,0.06694855807196215,0.3551486161800129,0.6954108718563514,-0.3715099953350001,-1.1940987364810303,0.0109872307500417,0.8951732972429796,0.6574117429133631,1.533770776547544,1.8295887950257692,1.7325458018624873,0.3657907414053553,-1.7121245263674139,-0.3319702560023587,0.6131555494042572,0.7615608644988037,1.4364401499053232,1
-1.8997164025815494,0.3243490446180601,-1.5531530888695646,0.341884104374264,-1.0395754522280773,0.5178527216452091,2.1113294675101155,-0.18600372911961716,1.3611993971099172,-1.1254083631393506,0.9761365446869905,2.227426169451203,-0.6350630021088872,1.711154904585551,0.6331850643391934,0.42215955033612484,1.2350250918329744,1.00112247968893,0.5134336435158555,1.697946662777441,1.470943844786247,0.9875576404978744,-1.5345416196389674,1.0456177620242428,1.2891578707994518,-0.9254725131826532,1.7170913354796928,-0.01172646960330001,0.3254033193751074,1.0777980578438768,0.6433999244164422,-0.28113193477378373,1.293491743669273,0.27048040366299664,-1.2706849383361276,0.9694285658875295,0.20977738335789814,1.4636630886669242,0.7626745160096893,0.82277005263364,1.7719375628035656,0.43186650366731005,2.677847380556621,-0.01982279912415849,0.23229065527422466,0.5824370413756174,-0.24878818812308026,-1.284821280532215,-0.13651193232120845,0.9183164184796735,0.5233928361121637,1.4181554415375668,1.671063623139872,1.6444061567225277,0.49513578155889415,-1.671726837206891,-0.5508336442752904,0.5639627869069854,0.7098352632699516,1.5638184586615844,4
0.1693839971329223,1.1541496169207215,0.011124425838756946,0.5163995208883261,-0.796175581858352,0.6375061361548626,2.5957160475557877,-0.488907070297198,1.313188793022607,-1.181803986328402,1.2288794350520338,1.6716064609445145,-0.1880273828258786,1.8922574269470236,1.0366730587061808,0.3221134482589877,0.8376106670111865,0.8485076914247034,0.14536045313157359,1.286543727766361,1.8167826743861129,0.9552708036154044,-1.510951243273451,1.0133643585340057,1.3951952935450962,-1.0137308958595097,1.5221329291763128,0.6021621644355409,0.2337118231825549,0.9899230630768606,0.4641138305084699,-0.3661784854419725,1.3654767469050182,0.30197895676002595,-1.4475049179457355,1.0096381525558153,0.3334895895320278,1.4434129058277863,0.864050764938445,0.7794060555381744,1.6952864411013915,0.3622701151515746,2.7676799798485265,-0.08767785166260755,0.5291213730206723,0.6511489433341537,-0.354084885198458,-1.41235543572174,6.506369335101611e-05,0.8337103460187366,0.37669133992333326,1.3126784299395342,1.7308983204951796,1.7105206404648674,0.3904776718381183,-1.7958006066824332,-0.31594266248688485,0.6559879156487123,0.5552633606917063,1.4263286286008516,1
-0.5236145304548059,0.4717651475581301,-0.41733075188857804,-0.42858115318874224,-1.4569304080126124,0.6319413152164446,1.7210667041401884,-0.2138995243764113,1.296691041568383,-0.7886981733260412,1.4216630358121933,1.7241764386608005,-0.35860173628213665,1.5316867201853284,0.6759356167412555,0.21392661668723517,0.9463567264192233,1.1822254781008084,0.5215600530639951,1.209619942688825,1.9390113013764219,1.1331933547177275,-1.573210167980862,0.8712787927448061,1.0893504859306868,-0.7153890189795763,1.6741040158036655,0.34955675490200355,0.0815071036236372,1.1410449852108289,0.7891704055728608,0.0061078586788649025,1.23567785660694,0.4097114250402747,-1.2248105460489334,0.6054311344029335,0.10377161546734212,1.6187540675019088,0.768994831044917,0.6539575173232189,1.8582942729492853,0.6669892847263342,2.534710084533814,0.20443367978178786,0.2595411085184202,0.776670115123697,-0.4127771542328238,-1.316088765641872,-0.11499672722616594,0.6812560206555062,0.35662205694272814,1.4112722448269346,1.7150296891913515,1.7271393547856728,0.5384224940745354,-1.613321984200709,-0.5107809146692794,0.49969063344766035,0.655693200602322,1.4589758641693662,1
0.8889986880886391,0.40859574200673987,0.391325231214964,-0.37791451216539684,-0.8657424109461078,1.183146233750596,2.6023017854101083,-0.4539513694348807,1.5449335403811804,-0.9969551254745918,0.9579165483552732,1.713461157791913,-0.23958455614788227,1.769319385778076,0.8423128356496528,0.48843577576428077,1.1448839666506627,0.7161564232605979,0.3478757103087043,1.2721126063420205,1.5943271296307444,1.0387810474556656,-1.4879597584455468,0.9226195638883248,1.18130801398182,-0.9685646488212099,1.4417729965792878,0.27198068889892496,0.07879593964620465,0.7817225187417027,0.7200666594174503,-0.026584767353101807,1.4205562702422225,0.45166940290523516,-1.1610841648520585,0.788379457916625,0.2622537689124628,1.5673847609663127,0.6987875799660386,0.8052741895998308,1.900056524050869,0.7211570186851057,2.489622402065807,0.18364244347481212,0.49246648935296583,0.6550138441971364,-0.467521137255646,-1.0786274583304791,-0.1899656719674084,0.8022371460849287,0.4031747956410658,1.3985961490253231,1.761136678172722,1.690141807945285,0.38577915920068273,-1.5638011709130077,-0.3557955058290818,0.6324839744238543,0.8236237302795901,1.6143358290880887,1
-2.0451665251557873,0.08029690596254302,-0.35065139107383253,-0.7946466031584856,-1.7165933154358495,1.373105060324658,2.60237020305179,-0.8542793797372792,1.8786687857255417,-0.7888846787050323,1.2179345303881461,0.8556189183881503,-0.596280641177278,2.061414496829684,0.7456230535182065,0.4329952588908563,1.1184483627637574,1.037032691795869,0.13983918152517877,1.6027873432684148,1.205450324263749,1.117662756060463,-1.3218790252774002,1.045316173308563,1.526759556083602,-0.9560998525240447,1.5163156805575093,0.4412558837480426,0.02995737774261164,1.0146577334337326,0.7056532963379474,-0.2541585483625062,1.268278053790192,0.5913724963679166,-1.3821332665196437,0.5591313754093922,0.16962250699566334,1.4682788118296872,0.9612534707574336,0.7696797993662233,1.8115768818132982,0.6138510045116771,2.7568738784834323,0.110287885073806,0.4179733934892653,0.67139992324714,-0.35359800355157417,-0.9926268898233759,-0.046925864239661136,0.6398550437444205,0.46970416681806865,1.317917386175608,1.6780353533172818,1.6469316253045925,0.5422791666146389,-1.6487095401848122,-0.42409674681865744,0.5692073955878769,0.6290221857865904,1.319254993199905,1
-1.5124016255247898,0.6439330933742239,-1.1309683323571522,-0.812027684620876,-0.776993927925024,0.8277623829754657,2.2161984902388308,-0.06576260569681408,2.050726735633191,-0.6259414202323819,0.86217201406355,2.2844737398574244,-0.21358789379844245,1.9122875659982417,0.23938598157392166,0.3293768470346219,1.1330280846170762,0.7874278262922616,0.6215275150108961,1.357960434527588,1.5482193775498663,0.9929238314629334,-1.4807649059759675,1.0329893826973067,1.4815080027790477,-1.1491619820258616,1.3111503412631824,0.19362439452587804,0.05607619799912462,1.2148227062163228,0.608734971184395,0.018418381613756724,1.4286962051074448,0.7742478896360899,-1.3342659448412215,0.8921964585806783,0.10757071500914928,1.534826513911831,0.7874570133001314,0.7791383261147392,1.8233479260941934,0.450720805073764,2.663427854659253,0.13177999175308636,0.4553619384624231,0.6823474026815582,-0.3165789247827621,-1.1875729660621854,-0.07792083567342291,0.6989082526592361,0.50780102664542,1.49817638217687,1.6181136983642552,1.5750413250848745,0.354503013388876,-1.6638018683993583,-0.500805568038012,0.5292856706494508,0.6748804858047922,1.4310091567274004,4
