Feature_0,Feature_1,Feature_2,Feature_3,Feature_4,Feature_5,Feature_6,Feature_7,Feature_8,Feature_9,Feature_10,Feature_11,Feature_12,Feature_13,Feature_14,Feature_15,Feature_16,Feature_17,Feature_18,Feature_19,Feature_20,Feature_21,Feature_22,Feature_23,Feature_24,Feature_25,Feature_26,Feature_27,Feature_28,Feature_29,Feature_30,Feature_31,Feature_32,Feature_33,Feature_34,Feature_35,Feature_36,Feature_37,Feature_38,Feature_39,Feature_40,Feature_41,Feature_42,Feature_43,Feature_44,Feature_45,Feature_46,Feature_47,Feature_48,Feature_49,Feature_50,Feature_51,Feature_52,Feature_53,Feature_54,Feature_55,Feature_56,Feature_57,Feature_58,Feature_59,Target
-1.5330944359520493,0.252505918982019,-1.7031672869786898,-2.9367513418471383,-2.0755127859368274,-0.31728615865777665,-0.6116081942161542,-2.619211105497116,-0.7459530363299517,-0.6689686266412253,-1.203635327482936,-1.5379233053598498,-0.9074935794495971,-0.0023380041444509003,-1.5839665846531124,-1.131696809794483,0.011934920869233145,-2.817768123432884,-2.6016387144146074,-3.215311620702275,-0.41749333658989235,-0.970458658599777,-2.1059723578506686,0.06231479598101489,0.11361248206687707,-0.6059426793215894,-1.3242395687569657,-2.7351198962317875,-1.3767930174354754,-0.24154710757872194,-0.9424093354708314,-1.2943696799705156,-2.151932038529501,-1.0481666198218274,0.40853518022965635,0.6135463997940567,-1.393217539336061,-0.38305283968073284,0.5902680128349308,-2.131195818469631,0.07908924845294082,-2.325848636351875,-0.06474606022539943,-1.4120502942477973,-2.412041164002905,-0.7751387440678454,-0.5799612232845108,-2.5172639111038317,-1.4910343932534527,-0.6702284903390154,-1.0159129984805124,-1.826336520908947,-1.0541263706065658,-1.4111100993939467,-1.2578502064527843,-1.4309046552843367,-2.290382247530537,-2.6163706419926984,0.09107725340876814,-0.48574306563831476,2
-2.180968851615976,-0.7429861826935894,-1.7964723523021378,-1.636392499340058,-0.9678311220404553,-0.8681973872378244,-0.5398096825238761,-2.5426657918408937,-1.0614143195937582,-0.4266647412872133,-0.7008228363526358,-1.2994566895731798,-1.2554453512663915,0.11228944177702538,-1.8195297725171682,-1.5697108500626094,-0.1460356004848679,-2.74478794080889,-2.3446992328486704,-3.58097286355124,-0.5311663213959733,-0.8462540854679523,-2.4597279316967144,-0.30960617521710654,0.32424607410871187,-0.5830805789663451,-1.370546047667235,-2.8770996268809426,-1.2475056595920655,-0.006888037412403458,-1.2117049837548786,-1.2839015325368102,-2.266059401981872,-0.9383854646771528,0.21458872627119258,0.7681055452352523,-1.2571589959859852,-0.3330810717581791,0.7932184304554816,-1.9098050150435693,0.21484546775008923,-2.1758521300011013,0.09179571003606751,-1.3103317366037823,-2.419980701568346,-0.4810902964767759,-0.7600098302573502,-2.3506168722475356,-1.678424695748472,-0.6446228890062584,-1.020305286410395,-1.7930325156464473,-1.0665069131005138,-1.4090155247844494,-1.1826244211410062,-1.367185351662892,-2.0357269616014624,-2.7378143571623412,0.09010683839435105,-0.29263747568050474,2
-3.169250490385724,-0.09080348178709724,-2.52862034039085,-2.6811329234721293,-1.8923111585356718,-1.2472363770768287,-1.3546787486672556,-2.777234950352928,-0.9136872511647388,-1.034245783338677,-0.694278771354916,-1.5957096948816676,-1.0746385696942644,-0.08353324282311367,-1.210913684165007,-1.2018730048100132,0.08235897356383964,-2.918087360271438,-2.564159213563968,-3.2245743396846387,-1.103306470082578,-0.9454662363337669,-2.4352110926282675,-0.10112371725846808,0.3809136893306291,-0.2602746817114856,-1.2043911320679292,-2.852334045725881,-0.993655392275792,-0.20217090663741044,-1.0338540093108244,-1.2359395416043848,-2.1869872556867906,-0.8568103336564241,0.21900992411456488,0.6295150125601421,-1.4366020620137212,-0.1911223287149239,0.38680227867604444,-1.9522804077791918,0.22399243345738162,-2.2166246241483107,-0.1164044475737615,-1.1875821216080367,-2.417495308647428,-0.6983847957210526,-0.7836960371775972,-2.293858245077698,-1.4534751937589139,-0.7540001128675151,-1.069236599282575,-1.5844156742194229,-0.7647591381323008,-1.2118733048365133,-1.1942444330973658,-1.5007548565787687,-2.0860852425538865,-2.5354062097707164,-0.04838497240207244,-0.4458881233847931,2
-2.126946130565522,-0.5985709952504422,-1.8086012394924418,-3.1883591072911885,-1.4692665882750204,-0.7204916103136064,-1.2686084447018944,-2.448624864283802,-1.3092479146940634,-0.39397961917959157,-0.6782734106530144,-1.467160765404085,-0.894130548704885,-0.36679302133793296,-1.3499291443452586,-1.0903540150341346,0.11728820152114916,-3.0763731019915412,-2.503901908001836,-3.367665457461779,-1.0236255163472232,-0.9406149459162738,-2.359208960032347,-0.0125897344214824,0.10789793405305725,-0.36523872490982556,-1.331734968094799,-2.924243801727606,-1.16967667834375,-0.22783242071162363,-0.9594210168701862,-1.4857510739036124,-1.9675004388689463,-0.9904091444729753,0.3097068039029934,0.5969088390407341,-1.5585266439582333,-0.3183077354734971,0.6244434022703912,-1.7872255010266256,0.2485363578971954,-2.314035066175498,-0.0005102537677636639,-1.2359176108327428,-2.5026181091143,-0.5886417691842439,-0.3714925436005004,-2.3765944669614907,-1.570375650282154,-0.6082566929564127,-1.1101076807151116,-1.669171972754699,-0.8529530933339003,-1.3682394738765948,-1.0705706621356692,-1.542998309362937,-2.1611348760575404,-2.6763687487370236,-0.07930729282988566,-0.4879462879883657,2
-0.7440240345283075,-1.2037023532291267,-1.9718332818524027,-2.902884329394837,-1.3647233068268718,-1.1116723427586646,-0.9711045940772031,-2.882684393397448,-1.3993276222334847,-0.4612910695779525,-0.8052239377555669,-1.3819153554109591,-1.2385545927140205,-0.16673316780481784,-1.632952523963064,-1.2059213821339327,0.02614920299314498,-3.1708762538001203,-2.2030484332583646,-3.3947840939793177,-0.38554008513820304,-0.8563241816563577,-2.5167951667513138,-0.09260836473914885,0.3829670035437865,-0.5350671430060074,-1.1801737840894515,-2.591786957583962,-1.2136795211444802,-0.30894813147752065,-0.8816490831426989,-1.1947806870782984,-2.161525584406397,-0.9062816732646851,0.5507687869373334,0.6235584613617465,-1.4941033991909092,-0.13539528891464586,0.5024698421343222,-1.9080924311953813,0.25133760369020586,-2.247724239590327,0.043155637629419985,-1.170357695362999,-2.4340077310193062,-0.5014430883126423,-0.5353530316953917,-2.314940979619644,-1.4447452024885716,-0.9001788720077694,-1.1504307517572259,-1.683643326187669,-0.9676041171419875,-1.2010006561378506,-1.231420523230854,-1.5060594519581023,-2.2336523606543635,-2.667731078981259,-0.002515111232695072,-0.5536437981354555,2
-1.2858982767667033,-1.2938006305763174,-2.548791250180299,-3.4109671779132316,-1.1876882706958989,-1.0717767361694925,-1.1057283319118478,-2.377932451451911,-1.3974172170693304,-0.26836947205202005,-1.206303127146561,-1.172246071984695,-1.084872193008268,-0.4195683414686784,-1.7854752494691477,-0.9679137083236355,-0.2369532421405839,-3.0775211982570765,-2.5691094817539906,-3.413607335893919,-0.39499807814725046,-0.7695152956659368,-2.350584643355798,-0.2262730814709066,0.36485144566620537,-0.5780503830978669,-1.318698249722738,-2.718828392910568,-1.3270005874002977,-0.20792823047954123,-1.2209982293258512,-1.399653654546795,-2.1575085759295383,-1.1706985742189961,0.2331195084144921,0.6300944960659204,-1.5413070955409203,-0.4647045714499638,0.736936789561416,-1.8250438538813714,0.08872672180117644,-2.1533339455038276,-0.07763043152902808,-1.4503405767443707,-2.3686896516133222,-0.5803893499385886,-0.7018815534254094,-2.2312637901006873,-1.790544000337603,-0.7117568305758999,-1.0272045862030106,-1.8166495973000492,-1.0143228001141986,-1.320925567177832,-1.3418217009331563,-1.348940043347372,-1.990070650942008,-2.6149071193326328,0.17623777225358533,-0.41930506911343757,2
-1.7033727737782869,0.7724106390175834,-2.5007791569683158,-2.3644577372159796,-1.9897962279350132,-0.8993823706118773,-0.8339515938856895,-2.6054916025951727,-0.9521613754421349,-0.7994239977891548,-0.9058325406313303,-1.1144483964611513,-1.1483029982652895,-0.6986552667469885,-1.2105546391861344,-1.4331201607281279,0.05272305671674675,-3.003065638875254,-2.1738952251362726,-3.228792839368402,-0.6299799017148859,-1.0551176515803489,-2.6208651928513915,-0.08103431053191423,0.31879247276826433,-0.35022395533837614,-1.184615535956086,-2.8772187791832757,-1.1275672488715178,-0.19872891683078397,-0.9537250592727948,-1.3703816229613033,-2.174301820153542,-0.9171086843196247,0.27048690554153615,0.42965453441205925,-1.2600900240027544,-0.49084182468259496,0.5744847025015282,-1.8552916610698549,0.1475604441816299,-2.2430440268815413,0.06034644443664357,-1.4145488124127625,-2.299965524192492,-0.6196106638354819,-0.7077884691682674,-2.22680337089796,-1.6376811314290174,-0.7242126718285167,-1.0897266016028506,-1.6294747931053561,-0.8048682752211821,-1.1348462380785997,-1.3743005000885546,-1.6204606292522892,-2.2471883402721464,-2.551543145253998,0.08664938313516818,-0.5561788463668479,2
0.21690417032298948,-0.6384050480232522,-2.510349290898517,-3.3451348616638925,-1.8079043738128613,-0.9783325641896271,-0.8783102730576151,-2.831528301236677,-1.0036525586990197,-0.3704245093378645,-0.7173258239604203,-1.261238675509616,-1.6166977616181333,-0.5506771782292061,-1.879482713904111,-1.079213102068618,0.35478464892205436,-3.0017924526837363,-2.2698652494082343,-3.4455544292301274,-0.5789222937397605,-0.9905998300303728,-2.511401200036189,0.04009515918512062,0.504728862624687,-0.46631449691629306,-1.139051973693628,-2.753589006958435,-1.2365902473603672,-0.27541237185020484,-1.025024216831118,-1.3447402974882432,-2.076016212718032,-0.968828693454179,0.4073664410244923,0.5928956870920041,-1.6647460287840268,-0.20358784129184218,0.674236081442011,-1.8136873580999118,0.4657731584962459,-2.281967241492839,0.15540636668993,-1.1990344493561211,-2.5033810076673992,-0.5837439825490313,-0.9738292751196403,-2.1672253126372,-1.6567835382186047,-0.6773546698133147,-1.0307398150428806,-1.5226977258592624,-1.0147894104351494,-1.3821430846675875,-1.372377967161556,-1.436861178988389,-2.2450596211254368,-2.509895625280474,0.034128658399198764,-0.36834960642056486,2
-0.7121967739017636,0.12621870680620273,-2.155016205225159,-3.30043951274698,-1.7535523186941548,-0.7958045734255811,-0.9443680996118611,-3.179663699565496,-0.6882032521635972,-0.8481377528750151,-1.2227147727216765,-1.352831509345763,-0.7445271431243673,-0.2644216434378593,-1.49011339788165,-1.005352074973782,-0.19133823507408076,-3.2258243041831043,-2.5028084817024863,-3.0681165667101027,-0.4985356062877036,-0.9787994767495153,-2.4474055108685273,0.07014598406811111,0.5288435074828302,-0.6656869803390317,-1.1203881792846355,-3.095227387017347,-1.091693591680969,-0.025600597772408862,-1.0237468933646783,-1.2840018228953574,-2.4134405323437367,-0.8883315737088302,0.2153398851472868,0.3797826933293108,-1.249693102214589,-0.3053365554530424,0.5982835639640582,-1.8008350689417956,0.2129077067712373,-2.4099501650351614,-0.08773319517924638,-1.2870646698940535,-2.430209300211973,-0.7698733687620767,-0.7165133579660599,-2.389711135725852,-1.4245615753403924,-0.6280475305971509,-1.0481780868952266,-1.8097889759388328,-0.8589771100082904,-1.364371462984434,-1.3540668975775283,-1.5214396157123629,-2.0334604416570494,-2.667077474306591,0.050161663047254834,-0.42215136825950733,2
-1.9947819189316698,-0.8652453300086433,-2.43324637879121,-2.173341221702711,-1.3756131360953656,-0.7242805107152959,-1.2806763872732723,-2.6508269447277195,-0.9453899193075228,-0.6291879851280973,-0.8331627930412439,-1.0397593925874333,-1.411543421919868,-0.27157445096298677,-1.64797984537602,-1.2169460987851908,-0.0426013136366124,-2.672958856685037,-2.5006373019838826,-3.474245640051505,-0.20118910089598868,-0.9980535611760014,-2.5393740458645992,-0.20813198997812205,0.17073846303387852,-0.33674391100377166,-1.2970804422905238,-2.7669796639148316,-1.1993426883171625,-0.1913689271959394,-1.199116911208871,-1.366371084071919,-2.287526758950366,-1.0100846128007255,0.07733737751877445,0.48407647199778037,-1.5775933311614125,-0.32138433441272685,0.6621007337528921,-1.949461431221835,0.2586624910655398,-2.4323152362139733,-0.08084900286122251,-1.4237078132611891,-2.440720578652123,-0.4316882859002144,-0.6233547275297705,-2.6033553208878053,-1.6876014148192071,-0.6906295079014239,-1.0730536437424767,-1.6311113457181137,-0.8939013283327844,-1.2332270064851176,-1.29635944888591,-1.4708187649529896,-2.0743452614923976,-2.670954238430319,0.04151193515162314,-0.5066628462684059,2
-3.116429392349021,-0.30352404806196864,-2.9392292464433925,-2.68152495532875,-1.6802703951598443,-1.3313699792651048,-1.343154631939936,-2.5483166060673383,-1.5083016971549759,-0.38967920675319095,-0.4436924292016405,-1.4283022019545877,-1.5075442549373292,-0.30081145647335095,-1.5322066051177867,-1.0180900176776262,-0.16280135366188256,-2.866035421918254,-2.6021801837025564,-3.3139284916000915,-0.4464680857379314,-0.7931303563815143,-2.4843057282296326,0.1712841000347567,0.3391151541562213,-0.3309918653304924,-1.305646282178897,-2.9416402660955194,-0.9921925673880979,-0.12420772838389554,-1.036758289024843,-1.2859633528870107,-2.1506472018830576,-1.0230925825679826,0.213937214810076,0.4874593433380957,-1.613532319993908,-0.2625342863805769,0.46350031147263115,-1.83970314217896,0.1104908386376494,-2.2380544085552936,-0.06310740305460862,-1.3597634868394195,-2.35254721801691,-0.6558678313598076,-0.6780002709024316,-2.357147207387562,-1.669174423197766,-0.639570915131642,-1.0679506013610474,-1.7495816714267418,-0.9561941907551432,-1.2316650815463146,-1.1710469245630097,-1.5489541053228117,-2.2008548544974778,-2.612206610801675,0.1861238176314206,-0.5011038383887584,2
-2.6113337958615785,-0.8213313698284829,-2.5666384296770137,-3.5500623603610095,-1.7800939325164575,-0.5105975418157025,-1.2644042522607308,-2.6565686345468933,-1.364933017716024,-0.5042426196736984,-0.593493146111608,-1.0879857718271337,-1.0238195710789584,-0.27168229949102723,-1.53613686823219,-0.8833321472997547,0.3326211452837258,-3.0586938868607,-2.5687175039754857,-3.4031172511024756,-0.45161606563840556,-0.958917888066202,-2.49393208776771,-0.12359405486765823,0.27158386293018705,-0.499235891026734,-1.225060604524627,-2.835223041239931,-1.339972620977317,-0.23175342558424256,-0.9710722774983489,-1.2991508788347306,-2.2359149310193662,-0.720743376765881,0.346822591269431,0.40247726182397997,-1.2344923019913177,-0.4203172677222726,0.5772235619035964,-1.8082938708302287,0.3452837694850581,-2.3158515605286003,-0.17263246285535397,-1.2235226748497292,-2.3811556508771448,-0.5622955077981527,-0.5742916544831449,-2.2466997374942013,-1.650359824300132,-0.6647898286519023,-1.233511168417937,-1.6758407272904003,-0.7745034975618333,-1.2578805268641524,-1.2659763537563682,-1.4054384888279892,-2.2035672877024406,-2.579321497430243,0.18422210654107596,-0.6637828495664864,2
0.11898065428098925,-0.4495808905855006,-3.3841609680203923,-3.0101777693313427,-1.3161965194249579,-1.1181841923294265,-0.7528245708700166,-2.2457693962017515,-0.9407247006604871,-0.6728767859938022,-0.6627980522512276,-1.1117025215165364,-1.2696557319954744,-0.20434011656344558,-1.2080067889900998,-1.2345133933605428,-0.10404655046534197,-2.9595035905248324,-2.469814122123868,-3.2192371982312213,-0.5412960124464921,-1.063505694047905,-2.384153066936707,-0.08802554672015683,0.47850710829967164,-0.19085999965640824,-1.1417271728975176,-2.7100187538245466,-1.1567464001921495,-0.41457929274652133,-1.228016000834809,-1.2166486829171037,-2.1858345686056433,-1.1007961007536848,0.18176511491339972,0.52300380622458,-1.5763443783782227,-0.16611794261234236,0.45508919654066415,-2.2089799242240087,0.16044428106228703,-2.2465331689310877,0.28750147548823035,-1.266462583846368,-2.599550181255232,-0.7241475643802598,-0.466025918254703,-2.3398176692740886,-1.4954602811503845,-0.92341130973085,-1.046916589464332,-1.5115632604168359,-0.9009985576418323,-1.245168436823293,-1.245781116672909,-1.495405023232404,-2.0900840051404015,-2.6299791523607206,0.1422985698110243,-0.5693301023133199,2
-1.8464080616741176,-0.2248504460576553,-2.0284555305765184,-2.9104692939085797,-1.7852942482109064,-0.7039112139004713,-1.3060268309884777,-2.8734656754056744,-1.29391399964251,-1.097507595158075,-0.8881202395017784,-1.6713419207452729,-0.8655294865127884,-0.39109832498358676,-1.6927032117672751,-1.393531555746016,0.02678676461970987,-2.951647948290951,-2.486460888937906,-3.408515521443435,-0.4926833902899636,-0.9156966072351135,-2.556284305772879,-0.004906509379518399,0.1442429463595744,-0.4572856117780765,-1.2440778176237077,-3.0396808433706384,-1.28932500081714,-0.004759929337036173,-1.3040998292674744,-1.3935880834621923,-2.3206264813899717,-1.2068560911982267,0.17733458121268322,0.5817582110061801,-1.3289429929136982,-0.23344877823798277,0.39530572963802724,-2.019034136345275,0.1819090530242932,-2.3701468040879363,0.06857268044954166,-1.437406247687051,-2.523009016018289,-0.7708900313282794,-0.5428110361137403,-2.5368028729233405,-1.5956874651304798,-0.8610399269029003,-0.9817385192620229,-1.6551024448149327,-0.8683025476048253,-1.21282548603922,-1.1717381419602215,-1.5461057022400526,-2.0028869346082327,-2.553187995980012,-0.02070815246444145,-0.5299007873323202,2
-1.8868147458906632,-0.6088893811362428,-2.2528392883721815,-3.096043603337022,-0.8836651782766195,-1.1807634164773981,-1.496258723279582,-2.1381182264127454,-1.4528938405927128,-1.02059328143577,-0.7922934657262416,-1.3635287659182287,-1.4087207983102477,-0.40270919271333316,-1.360803985544568,-1.260723160198236,0.1381135167064703,-3.0227496486348606,-2.7232694016185595,-3.431820183801835,-0.4938536701608138,-0.7316605674708407,-2.263135468920911,-0.11019976550098455,0.41971178682881216,-0.18175569560692575,-1.3059042062162565,-3.0469322174354643,-1.2918659785517144,-0.050568245208042734,-1.167843341554775,-1.255593123188771,-2.250542255898979,-0.9540417331801486,0.22716307815248737,0.6563126038828531,-1.5352486190536132,-0.23922580694231643,0.49108960493036896,-1.8116023134524293,0.06207834019439362,-2.421154630567263,-0.05123461320796066,-1.2928104616003158,-2.732659584711723,-0.7563120077821304,-0.7441778180201635,-2.346166607339391,-1.5791075024307744,-0.7487986029453679,-1.0770085156966203,-1.5842498885599345,-0.8192483584971911,-1.3381506736958764,-1.2945864723892027,-1.4802646158400783,-2.1458163250290454,-2.535862579106133,0.1035673214198845,-0.4592529607923558,2
-2.024334188750304,-1.507206793163324,-1.1606596219682992,-3.6982674834097926,-1.23078217381285,-0.5888774559666187,-0.8412132323145132,-2.567441479683232,-1.1908034615905492,-0.7630865462124661,-0.7766078248259785,-1.078776385088714,-1.080968803797913,-0.24855331607594444,-1.6215364762265256,-0.9904213619352925,-0.04241540190909449,-3.093189488960993,-2.527527192621574,-3.3455274723624773,-0.7336486911305361,-0.6568149822054817,-2.4434707937399467,0.20284021123253373,0.15024251882702183,-0.44865931150304317,-1.4406978525493424,-3.0601592607526586,-0.9944403391187843,-0.09676904802038386,-0.9476349633338503,-1.2958776097915476,-2.166584031234588,-0.9289183449807652,0.09483083089066421,0.6354923332121545,-1.521981828171302,-0.37651419832954475,0.5710567158138424,-1.808789968272966,0.20613942679433336,-2.298607303909021,-0.13511685798685327,-1.1382782332967896,-2.682583708563664,-0.7076339700599613,-0.5783674335442429,-2.3943657243168404,-1.582941474307634,-0.7770265107132555,-1.2646634723648391,-1.8783812571747263,-0.8601977501088972,-1.3351345150156897,-1.0687993876692259,-1.5059152754792142,-2.258684893604843,-2.676652920474252,-0.06730353403040616,-0.4475043121866111,2
-1.8938284683635573,-0.031625173139646134,-2.285446731895603,-2.8715286268104014,-1.7697897862609355,-0.09007353681232144,-0.9952506352003089,-2.9299969577028886,-0.4108540187325832,-0.36162925887069675,-0.9467194443899186,-1.0941581680354773,-1.5219774291653674,-0.5379911501074632,-1.4270669931325939,-0.9125731074285552,0.12579576271423845,-3.1781936992249498,-2.703962337797503,-3.359994205233242,-0.6187637195930608,-1.0063988695012185,-2.491113873835985,0.17223493442712906,0.16798843614092943,-0.33159001269123545,-1.4330231292701736,-2.677248792503664,-1.3555598927042192,-0.1147646053142615,-0.9785872059199818,-1.266006771527258,-1.9785786403216932,-1.0645415566592111,0.3453598023858164,0.7230939634235319,-1.6213175000267968,-0.2776955408938437,0.5613300639260472,-2.1289073043339317,0.025160299662992575,-2.539454399039382,-0.004796085201355226,-1.4414119561505674,-2.287820173098956,-0.49649328658354724,-0.6229809112931489,-2.430137039009404,-1.5398631816326434,-0.7359009688888506,-1.1458212286160727,-1.6276144011101261,-0.9411110382886893,-1.245196665642968,-1.3730285320129225,-1.453330548249184,-2.1538122127628,-2.5637459031982823,-0.005818772663763842,-0.5264712802562115,2
-1.241504347509708,0.9335969047986837,-2.44728634487881,-2.0621210284306963,-0.8155914952933007,-1.2481383804144954,-1.1129612872047479,-2.7338114016426167,-1.027474348301619,-0.5972710132934143,-0.956605921439706,-1.4496287293060202,-1.279594902238939,-0.2324280427567894,-1.6384610926388667,-1.0234599640713906,0.3013755171615207,-2.9841814497173003,-2.31890978206978,-3.027958321815463,-0.5071916675850088,-1.0669122477096118,-2.0619378561407893,0.00921701103889451,0.0679190911186528,-0.2476790630848158,-1.3339340441320173,-2.965381957532318,-1.1214965209739696,-0.23206087921425994,-0.8446908903983634,-1.1992688203125383,-2.2795409021489283,-1.0486069862178036,0.1727566952295555,0.7288122417020781,-1.5714498000445687,-0.13001554523297573,0.5367928057655714,-1.7938657517793648,0.22409996193942752,-2.419883560470266,-0.18833495395412575,-1.3660131735003036,-2.501779251224303,-0.619444820999674,-0.563663930065293,-2.498408485567554,-1.6571385126708702,-0.523193171196923,-1.0308780014912107,-1.6135941275344514,-1.0689937894952009,-1.290961383887935,-1.3453149223510608,-1.4546413988382527,-2.180993759825798,-2.508885565976154,0.07642078602165266,-0.523760031057477,2
-0.4340524547330331,-1.1104289929091,-2.783760877463962,-4.164794102629253,-1.4560940397075075,-0.8047989014645166,-1.4177016838208218,-2.5434666882018644,-0.8847955077437244,-0.6321432837229146,-0.9777671821288724,-1.61955848335069,-1.254243452058728,-0.32266474105289367,-1.0152914859104845,-0.8872001075037856,-0.223190270559297,-2.84699641945636,-2.338924758224319,-2.8852167372508313,-0.5359691567890208,-0.9477395484545907,-2.526282305505584,0.043353506851033716,0.35530093104046406,-0.5901954515701137,-1.4799673698627334,-2.8788128397016166,-1.1485415628794788,-0.16779776521227693,-0.9429961790810251,-1.318641013095819,-2.309004248369877,-0.8485811005711944,0.2721239157557339,0.5838499210104576,-1.395173799353161,-0.3623181460724138,0.631314161345678,-1.9000790005990993,0.08382825459142967,-2.2117941055582957,-0.06920114540542582,-1.2408573713597792,-2.475856685549659,-0.6179842237031083,-0.7098174129658049,-2.211416565639558,-1.540981998438624,-0.6284002707543301,-1.0784882804624685,-1.6554210765299457,-0.7971263298290471,-1.3715494971503717,-1.2904498817244776,-1.4404237343694548,-2.1087763722075334,-2.6552280494061358,0.09308323907000915,-0.4182994933508923,2
-0.9918669548794425,-0.9150627551270547,-2.3092053565821584,-2.2699797917264686,-1.0197685540209145,-0.9563621166996534,-0.9917752818766126,-2.1932302771506382,-1.4316541187934717,-0.9238652781366141,-1.1371140991026087,-1.74256436962859,-1.2157512768870713,-0.1390961370790032,-1.7963598403788827,-0.8710709685457867,0.12175868108012936,-2.7335865294904456,-2.343869141923176,-3.3491732412066506,-0.23991256067978636,-1.0232677902706289,-2.489352861516367,-0.02839817317813395,0.41947251449344347,-0.40407793699050193,-1.4308706274310463,-2.8990639032688974,-1.3242525982702207,-0.07718418083430378,-1.0831429739721343,-1.3277706886710032,-2.222836920133039,-0.9779662177918299,0.4219711208941239,0.645865352329429,-1.4809666557173689,-0.38123306525641754,0.6709959039682932,-1.879782268728766,-0.1074797635434514,-2.2800090338952463,0.06805060547753682,-1.1810720361058604,-2.4164940808946915,-0.6108483945457323,-0.6808273896000147,-2.2380187359856563,-1.5479225215465702,-0.6856572276699274,-1.0717557834976712,-1.6620166018119358,-0.7475666739747805,-1.3046251980279546,-1.3177629188356663,-1.3950585114676006,-2.1008658396167315,-2.577526969333113,0.11675849534247087,-0.44893362539932274,2
-1.8218375002504394,-0.2740249335164629,-2.055183034068179,-2.668035551186861,-1.1098754646442355,-0.8122751167037026,-1.0875733422141352,-2.6918636472801776,-0.8315911540856337,-0.7651345881248497,-1.1735420015694422,-1.2909674740339236,-1.26081678741662,-0.17933835397324605,-1.4140250783291657,-1.2721487341941402,-0.30326670184387616,-2.9209282238013166,-2.691631209674384,-3.267079275068932,-0.44962077559693076,-0.9215704652684052,-2.3308214199547277,0.06957590020380314,0.3117254483737988,-0.5291021269785581,-1.2412329770917223,-2.6088220548844787,-0.9081705050450628,-0.2084619125098555,-1.0942553959814152,-1.0494710853198255,-2.229239944285337,-1.0225600714327536,0.37994886258603755,0.5820025833869817,-1.3860186471753726,-0.401306507330589,0.6721939819145298,-2.1263958997537644,0.190536291154925,-2.32957893427055,0.11714865874919195,-1.3072702186816012,-2.572472713012021,-0.6495164134497657,-0.5790432475425975,-2.459366126716485,-1.5864262793029358,-0.6285418937735849,-1.009414917406322,-1.665517635225827,-0.9403287355415899,-1.2440880078586596,-1.3791415977728185,-1.5021504510600483,-2.0142719692342452,-2.615489631212819,0.19662007102077736,-0.5126441886278733,2
-1.880598315853432,-1.764371085188817,-1.3497449919850086,-2.3803901342681857,-1.7430790708100643,-0.6648362024035568,-1.057808444994544,-2.2024817853009653,-1.6209646744048194,-1.0524025784911473,-0.598924338170238,-1.5001329174923481,-1.3222432484258546,0.06222638100061656,-1.3226206621983192,-1.5120867160160611,0.11712566264787996,-2.777719268170289,-2.853758934664327,-3.2647740919604296,-0.3113333548364581,-0.6087779148476768,-2.514036544041691,-0.0512564301539962,0.37914527470701337,-0.23406141933558813,-1.1786151816558408,-2.675305997315315,-1.3962661858155734,-0.1714961563099352,-0.9665494304236674,-1.2726422403413529,-2.200283577868168,-0.8312164261720583,0.30265696872955355,0.4290132541784476,-1.4644419417675025,-0.4535425688389496,0.3985508856252329,-2.06479342017967,0.20094610705220745,-2.385974855821371,0.14821738510242405,-1.2087793228122021,-2.3592468872032226,-0.6924300495693867,-0.6406691080237752,-2.329083776996869,-1.4607624178295013,-0.7723453309993991,-0.9201563090374412,-1.6885813248964532,-0.8684933387467086,-1.3399431619770303,-1.1257292216552806,-1.4269539922793026,-2.1321104509807576,-2.7154542173347607,0.0019828128926682176,-0.48181710370929276,2
-0.2221555258417114,-0.1926056077120264,-2.7696964170962626,-3.0483140898460515,-1.325548869096915,-0.8034700016394991,-1.004668935651452,-2.5737572732027765,-1.1262089537278979,-0.32602351374913896,-1.327808794077316,-1.4783840777287625,-1.2794107116084996,-0.4971743135254775,-1.4877822107772771,-1.0592532750239287,-0.03205520874947957,-2.6568522283220726,-2.5792018402883463,-3.068459880294095,-0.18640458517511715,-1.1101448230455921,-2.7203889380135444,-0.15593141243890907,0.4233789707344371,-0.4268959786831817,-1.3605412162479114,-2.6739347035145866,-1.2348699925850717,-0.22944736380834807,-0.9452668861590343,-1.1772538366565277,-2.309113792871625,-0.9297323941347908,0.31778659375538537,0.5970293713034861,-1.6410341967189794,-0.4475135947251644,0.643301200285387,-1.7797810432826695,0.17229282997809425,-2.281876308362089,-0.13820487048811894,-1.09921483446474,-2.5350603894426187,-0.8149007985067466,-0.641910132055755,-2.3370920487001943,-1.3560850877673403,-0.8038372112445155,-0.8983642608397023,-1.6697972749769272,-0.8691332067357721,-1.3731832352879572,-1.256924362157656,-1.317575742169991,-2.0208708097231662,-2.5456738422386174,0.06696682227352224,-0.4444478409859762,2
-1.5411692339229839,0.682167510774535,-2.077092754381689,-2.5816031446327563,-2.011399579497627,-0.9435643446091955,-0.3862703180444702,-2.87639068336251,-1.2428720573672902,-0.844087189900535,-0.6206065915892817,-1.296219893543259,-1.516100662601257,-0.6729882595005883,-1.500575879667037,-1.0599324914072503,-0.17402843551326855,-2.902368626909051,-2.6555136945378868,-3.3638556187645356,-0.4357449482878893,-0.8316880227406757,-2.562492105504422,0.2003054118815267,0.21192446859954983,-0.2997049302319087,-1.2693975042460635,-2.790466890865006,-1.0690686704797538,-0.2919437529142048,-0.9893199976416481,-1.4506924669009218,-2.338311198769815,-0.9196957353613648,0.283408225401041,0.6020546590236965,-1.4511071280912857,-0.3893261156232658,0.48190406845918304,-1.8592613181311153,0.11613844313676151,-2.455984613704849,0.06314091418894235,-1.3531004379701692,-2.5126014877391665,-0.684508439246935,-0.5794043741117505,-2.226309062621648,-1.4611804887772617,-0.7884463125623231,-1.0226702660693514,-1.6917997316421263,-0.8531435348799724,-1.3389521803244948,-1.3016552145600355,-1.3233567375417392,-2.2593686077639963,-2.508713190899014,0.1607435595022118,-0.4369609868934964,2
-0.6772666482038432,-0.5856910708197458,-1.4154373252830539,-3.1203128290802487,-1.9172980930852837,-0.11064016271395893,-0.48943855901354694,-2.6450435880740772,-0.9602886892151403,-0.615019879166139,-1.0390597769109364,-1.0808350956833646,-1.2624188318267364,-0.12551528068429715,-1.5755078894946906,-0.984968517691676,-0.17229354351952592,-2.839355044049086,-2.5831634784370365,-3.6497683918469264,-0.4429512078872297,-0.8318773619799366,-2.4929746681824994,0.020654651524483647,0.4870607094739046,-0.5097841740686758,-1.2370982085283806,-2.746086369458279,-1.3437829073295644,-0.2709365681485797,-1.0222298443293214,-1.2603521381489102,-2.2536971927321954,-1.0647917567176348,0.5477603821383666,0.7785299462084715,-1.3905902685735876,-0.35618865906778047,0.6369885318139044,-1.941607708245578,0.28406152120500827,-2.214541740364002,0.11803495127652422,-1.4192279928686526,-2.4742462544394077,-0.5741940064800071,-0.5739512742439798,-2.355534834797797,-1.4144333398516173,-0.6506222693511529,-1.2115200277896163,-1.708295863424912,-0.8966711876812874,-1.1955237131335863,-1.2044054435770604,-1.465131336574224,-2.127622463781302,-2.547560288736834,0.2533784228069796,-0.5115844421411458,2
-0.14816640501094147,-0.3194874226670923,-1.6354593847399732,-2.896380782571063,-1.0346155206851866,-1.1882281022646253,-0.4409015068191949,-2.419214530890231,-1.1696958565899462,-0.9664854356368062,-0.8314930356803629,-1.2419898109262264,-0.8094059101963764,-0.7739505414617361,-0.9239292802551811,-0.9816076640996818,0.0031605021225102614,-3.053740979875816,-2.6617489939573704,-3.1458683538140764,-0.3964564563957059,-1.02851322714676,-2.4000741774296372,-0.046529072105593115,0.03409672264788438,-0.4026694170087947,-1.364535646360754,-2.5786766553150744,-0.9245024226861412,0.030433550132492604,-0.9393649078400232,-1.4430604445172939,-2.3535665414141347,-0.7834859661734624,0.36616115018880147,0.7480011417221214,-1.3280918832370794,-0.00840234694241021,0.5066360372380676,-1.9053353436323661,0.2984793795536564,-2.0954107722096182,-0.12399333147659691,-1.4158917527227937,-2.373070588628487,-0.6898694249310491,-0.5937085902700244,-2.411580040052817,-1.6509222193458795,-0.5896083615841035,-1.1486090248329601,-1.5652515037865269,-1.021273090386261,-1.3144948238163285,-1.3297049325420995,-1.39704154822639,-2.197519591579231,-2.4405401263087496,0.056824476297950184,-0.4818992164473079,2
-2.1154251276617044,-0.024358917007912873,-1.7304339502907127,-1.9529915151646624,-1.9733885114091292,-0.3910203835579457,-0.4392999659138136,-2.2283600036573596,-1.111041157714457,-0.290656966156798,-0.5338961334955517,-1.200506394889034,-1.2591788428856696,-0.04174817485685156,-1.4418953912229298,-0.9449580678569659,0.2071548386323327,-3.1177811234707367,-2.3222798880120634,-3.2345140896445916,-0.5050973034665581,-0.9644206805485693,-2.2742509321367455,-0.15164317257903376,0.2394464801498729,-0.2380393491501872,-1.2446479688616163,-2.7392228243769705,-1.2005648164491662,0.0005197466743156742,-0.786919333427887,-1.025642753447517,-2.2218382673124526,-0.9565108730809034,0.3924512787246392,0.513204634977226,-1.4159828530773004,-0.356455997775446,0.3375055035824073,-1.8213066700471157,0.25064678304398763,-2.351343757179495,0.009185178857579655,-1.4284473299010816,-2.4476065948611305,-0.7618924968073001,-0.5832179722783742,-2.284037538881545,-1.622263406876556,-0.6502335835703547,-1.149734280382932,-1.7562746725086849,-0.833763681183775,-1.2213431270575266,-1.4072722068865169,-1.3705059764795562,-2.133286034479885,-2.74381994235398,0.025220614371183954,-0.5963950745638196,2
0.12674504802764486,-0.0891107388474176,-2.0666638453050696,-3.1891909584922735,-1.903463782531813,-0.48249780051352253,-0.9605231208019434,-2.6621693332532064,-1.353107979730545,-0.42133238753479374,-0.9762478742791563,-1.2414943896396984,-1.0772082172589326,-0.3544914130835934,-1.7584455615594454,-1.1290315738620824,-0.15227328318882496,-2.9895294849252467,-2.525226014152844,-3.3773909945515346,-0.4526228324365448,-1.2365028673466485,-2.720867692831535,-0.022324896050811317,0.3145215598702821,-0.2016199779002862,-1.1748435171447944,-2.695657439891505,-1.1043805019149222,-0.23111385844661952,-1.0920014061124936,-1.545190544664338,-2.3155639620274138,-0.9107047534539116,0.5830216871833112,0.4876983568153395,-1.694174016095222,-0.3080375594227679,0.9300387175178737,-2.033079906448091,0.11958619665239856,-2.2064116625839056,-0.049470360378725445,-1.232055665055243,-2.4041220872648514,-0.51993110231629,-0.49305661730358874,-2.3213299049902134,-1.4155510539885259,-0.6188271979729165,-1.1379734316366152,-1.767717915878143,-0.8281203320786862,-1.392984166916173,-1.3544808382111457,-1.4704856474051857,-2.234737039269379,-2.6382307383398005,0.12622291210514966,-0.45587937261621575,2
-2.3256323844494893,0.18484523379884177,-2.058797866277038,-3.0337927854424693,-1.424623046189281,-1.2429716167384184,-0.9064985034568961,-2.717794801227914,-0.739111737177724,-0.5500111758633952,-0.6696319136421806,-1.7937748095872974,-1.4037200250580748,-0.1843387235884051,-1.7108680136230994,-0.9925856914464067,-0.3476464235634914,-2.8089995156146634,-2.6914777365776006,-2.738308729457779,-0.5587418632753276,-0.970567049572498,-2.475953232335779,0.14508846412481705,0.26256141314886333,-0.2238723405588557,-1.061505188546666,-2.802453263527961,-1.4480047474083393,-0.185742239056356,-1.263949832083983,-1.5584469919241968,-2.3007804453178875,-0.9154524782962619,0.480350331390098,0.666910894070843,-1.5068015011510438,-0.3698424378635605,0.5024675642725949,-1.9514466580746417,0.21782513113891153,-2.4826004632863,0.16242016699463271,-1.3382826262499767,-2.4952349814566994,-0.7305482669038446,-0.7263315175512085,-2.244370830302176,-1.4310033526205286,-0.7789624751822313,-0.9722031522484903,-1.7040916752405764,-0.9577662940603168,-1.0723893055704992,-1.3024128039497544,-1.5405731619712884,-2.0572841651185225,-2.4414733580839183,0.10556860748121233,-0.44276527897180445,2
-0.9786408120142079,-1.1152054158989277,-1.8553474234852572,-2.459981178219612,-1.478639992057116,-0.8870651290164767,-1.2538814210649392,-2.662952384100581,-1.359201789272562,-0.937691064118418,-0.9757663907256761,-1.3289636341698245,-1.217555873640741,-0.14509051764227826,-1.5090365514664579,-1.1722192570394496,0.10859839524951886,-3.1179267266322186,-2.478651557688474,-3.623875800650744,-0.4707009718231729,-0.8040834423341177,-2.5112011243593133,0.03662503036435724,0.3030043247732636,-0.5810257431039092,-1.1437689154754556,-2.735218273816187,-1.1156286011815943,-0.0624979617502527,-0.9939407349935836,-1.138693832177994,-2.2220538292222383,-0.8154476616454275,0.21482666112847687,0.6438452339703409,-1.3899302584303714,-0.5047888188759206,0.7681546336444915,-1.9641364213010604,0.227878690322491,-2.180848300002735,-0.09582627620070631,-1.1587699007826398,-2.567751772354175,-0.6082179123547982,-0.5857135745269231,-2.3961147803280225,-1.5526985526031885,-0.6424313815214676,-1.1045550057433164,-1.6563232288427747,-0.8872916394421703,-1.2158752675588378,-1.3361340341380945,-1.4344903613913527,-2.1056827575382284,-2.496737667086671,0.055214344860781805,-0.2663575489298431,2
-1.5075505645683709,-0.004874020702486992,-1.967627483871755,-2.547737258060272,-0.906722985179298,-1.0485958512644762,-1.1884462041578567,-3.0736989888292836,-1.5699865533112798,-0.40087968439668575,-0.9132910804970452,-1.2929369942364723,-1.2217902262743117,-0.4167848014581127,-1.534517430926908,-1.2981256427234797,0.1300203446762454,-3.1278242263274607,-2.3108246083859,-3.2989510310474133,-0.38839653777603245,-1.1706977734704112,-2.6956398511442883,-0.27160013672874006,0.2847046195379176,-0.44227493364650433,-0.8837578395789214,-2.719797503236035,-1.1002118543024295,-0.30099493369718244,-1.1140120678048615,-1.0343637890382333,-2.160275102157073,-1.0078840373276974,0.35571167748786336,0.3329397137404709,-1.530632361576569,-0.33632103914882006,0.7025382389992383,-1.7414019809863186,0.07658559186908287,-2.1623048478340627,-0.14203485922817305,-1.3096064560453713,-2.425959673873619,-0.5266676863594231,-0.5105574950570898,-2.3342274691464744,-1.3346532295329345,-0.7222578699342923,-1.1419527942902958,-1.4641448170711309,-0.8877432432005476,-1.316177013566709,-1.25634639513211,-1.4380088845128336,-2.2773870287788545,-2.6610537007568795,0.02321048064486462,-0.498927774008182,2
-1.43874884030964,-0.4924859660825223,-3.4357269600154865,-2.786362972680802,-1.1336692029214799,-1.3805825767707556,-1.470873674782482,-2.3111654020267167,-1.2110665275267372,-0.43765360556826916,-0.8651835883786233,-1.502152138310823,-0.9606918285932773,-0.09834035405783498,-1.6082130693885865,-0.9489622964820259,0.22700629846470283,-3.1929015260521596,-2.618098621064576,-3.3328055871995166,-0.6794214486413507,-0.782235126568615,-2.479917945061108,-0.13131963812209868,0.30091556338234826,-0.358256206146838,-0.9054590740424227,-2.6533519981031795,-1.2402013728934063,-0.15879558806877914,-1.219933468021797,-1.5029595727117713,-2.3078763476670785,-0.9804912551802821,0.2856033864198315,0.9447661572708621,-1.393706407183435,-0.2831648811494697,0.5958758038014299,-1.9534972331182772,0.1932816754880356,-2.258611102918833,-0.07628741526908998,-1.1099976671329856,-2.459735164248829,-0.6838510212577649,-0.6106892545785015,-2.4227044739593038,-1.4598886311703327,-0.8075383409234816,-0.9596857746806471,-1.7259058458472702,-0.8282338708834509,-1.3074541973448612,-1.3573275627528656,-1.4233878827656825,-2.1599929045881283,-2.482779368296528,0.22967307861016265,-0.38852464444309526,2
-1.626436355668842,-0.8616060730355557,-0.983389422858751,-3.3271713309360518,-1.1625732608621813,-0.7259457314704303,-0.9721557672769674,-2.403569841606979,-0.9611212593583962,-0.6887502017719267,-0.7248807103828275,-1.038955685479568,-1.1132392959804442,-0.3615512805964703,-1.699008016975027,-1.0621094422975257,-0.04880217779310428,-2.9464559618859676,-2.7657594085168014,-3.169913269778778,-0.7313796998038345,-0.5627168965246847,-2.380542153292022,-0.22268284822571605,0.28237950538866097,-0.16977080826594157,-1.2253283957744432,-2.6395524478640424,-1.1531211610322702,-0.17288439066934588,-1.2486922187547564,-1.126885698809808,-2.5058169464756355,-1.0725704024070613,0.24235014534025226,0.6483853940419226,-1.395034781783655,-0.24532021173735696,0.7364785151947263,-1.9759973900125065,0.35248464585355155,-2.3540551876695233,-0.07250907108570488,-1.384758107774344,-2.342186388813041,-0.5913265797682568,-0.805245474816568,-2.2263093888272825,-1.5180715528527562,-0.7686132771445937,-1.215623232459569,-1.7581292638097377,-0.8837322142477216,-1.2049664312506694,-1.4209024654815947,-1.6588270718506128,-1.9925333016686844,-2.569301964357795,0.09805360487991227,-0.4662414728737055,2
0.38155151753488314,-1.3369266962581328,-2.2918576482395445,-2.9691947437225386,-1.3813844513426865,-0.5789321692418864,-0.5445832581488244,-2.5556720582346837,-1.5165592318832974,-0.5547769613810327,-0.382294311174604,-1.2897942298739271,-1.1420186826070824,-0.012392649888467278,-1.5275153706321378,-1.3449531189254254,-0.003683977258976401,-3.0645513903793375,-2.5264040495547184,-3.122014570900505,-0.645338964385308,-0.8993141340924905,-2.524343438002089,-0.062428827981290944,0.40940793531800157,-0.1902475865812134,-1.07109632280407,-2.803636744879271,-1.4214553707374078,0.0033680070476129753,-1.1909841894644557,-1.3847261101232449,-2.2410583996470046,-1.0852709513796555,0.37766111021678656,0.48170115258765145,-1.3688407560338944,-0.18771358694714985,0.5629231832105923,-1.9371483527024673,0.10194199816623453,-2.18854432277934,0.03800295227832738,-1.3796061895479719,-2.377750920715182,-0.657316590744179,-0.8345374709344076,-2.1808165545811575,-1.4155151944312037,-0.6853888714887071,-0.9341216780940597,-1.6852686691949956,-0.7426595925130358,-1.2686823646987802,-1.2796620413941158,-1.4448363562335,-2.1848363996365885,-2.597194873213196,-0.06754304475354818,-0.40737871643861345,2
-1.8930517873189452,-0.6524421531121267,-2.5576806624187522,-1.9811316045849474,-1.6077330263215528,-0.9978843771415205,-1.4711974278567186,-3.107262775387885,-1.54098259149854,-0.6888179900084319,-0.38844561922154447,-1.161091387462407,-1.6887993243612063,-0.364577122047589,-1.791444611879151,-0.9270295132974267,-0.4625352434742039,-3.041873774740904,-2.38569207935858,-3.1776284758437647,-0.3685202451231474,-0.9147449472834301,-2.4115307312395147,-0.12515646211826753,0.34951338903478063,-0.5705195356270126,-1.2637731028299775,-2.7601950669808333,-1.2346600785128576,0.22300651736318605,-1.063914536736325,-1.249874342306012,-2.2051365904406635,-1.0383923217729654,0.30561177063933276,0.5966403424916126,-1.5764555295113316,-0.19674368781377,0.582853018730458,-2.034279752084511,0.2513008547775319,-2.2858512484561695,0.024711126678934166,-1.2569823084652298,-2.4948465210657225,-0.7633043841313412,-0.7040782658386594,-2.1765691140177656,-1.492643016569272,-0.7304058564790635,-1.0769404187757552,-1.7658910966495531,-0.9423026158818051,-1.2908216596965083,-1.2529101770527595,-1.4814090457782103,-2.1232543041051564,-2.4727778498067194,0.18022879246190404,-0.3629849303019851,2
-0.41800032492049777,-0.024781618840639674,-2.589554749052741,-2.933688503479153,-1.21443856162266,-0.806447542091126,-0.8426099644688892,-2.811649402873394,-0.9465463879439824,-0.21450302802164622,-0.8506206882992774,-1.0415476020623131,-1.282123469954306,-0.5330967089049927,-2.042310586769229,-1.252251238315435,0.23133943598818923,-2.8880689577456065,-2.465588027391456,-3.396761280078306,-0.7092544545909085,-0.893804921111295,-2.33924745458587,-0.15094531777206346,0.24885527227156354,-0.4762825075011019,-1.0300155915641345,-2.629064322290297,-1.4308402302723373,-0.10356309233241281,-1.2183704045669603,-1.438438344454206,-2.298772224052043,-1.0963482718530821,0.4066352653096736,0.6830016825221019,-1.5407160605714982,-0.26475656127554603,0.630215548129656,-2.0492845078877004,0.17973475326615476,-2.2660465091057755,0.0016650279417233342,-1.3147299778532204,-2.4705028273363303,-0.8061942540803602,-0.5283962391177344,-2.1865256077887216,-1.4818232318643167,-0.609589452697001,-0.9670793644627211,-1.6664298994605706,-0.7623071246288524,-1.5823618600172833,-1.3171420684150579,-1.4406361263736913,-2.2043966785708586,-2.574984040679055,0.1681500850043049,-0.5017772921188,2
-1.233651070993907,-0.42519612870483303,-2.299381875462182,-3.5583260942607478,-1.0750993329942484,-0.14283358096881116,-1.3120789074167871,-2.532864649065765,-1.201438457993184,-0.6838475404070112,-0.7897499775840848,-0.7476363114863259,-1.1345114878328004,0.06878481469770448,-1.6332221721151325,-1.2273064392807391,-0.4842615885861497,-2.7951946468811277,-2.7342728890680608,-3.54809098620457,-0.6720241562696987,-0.9031418947965386,-2.3677842866353296,-0.37546948891944487,0.24922112372157096,-0.40270100551493543,-1.3385268268690413,-2.8548603203722376,-1.150622892904161,-0.12042249119866018,-1.2880057688367752,-1.334512994357255,-2.253919737491594,-0.9692207900024615,0.3327448093576305,0.716441486534071,-1.475326044996791,-0.3860432744883789,0.6927538603753856,-2.0253932407483877,0.39443313549018955,-2.2669798756410904,0.09307070779384806,-1.3141421963255184,-2.6991454873442753,-0.5582146892442962,-0.6730370848456504,-2.5601504335008087,-1.8089089838370254,-0.8170619456261349,-1.0063692137886513,-1.665270629332973,-1.106940593340516,-1.3783475745702225,-1.3994165721387049,-1.5940774407680742,-2.0703951379037666,-2.5692710481075642,-0.0119864137601505,-0.5784889584957974,2
1.566795837559183,-0.31202956824787487,-2.693697746276714,-3.4142261799891425,-1.2981402878989916,-1.0598088855917138,-0.5952435456006548,-2.4988377166172238,-0.6127300459255753,-0.8894351721879256,-0.793326842740535,-1.3021237913296508,-1.2276191903612623,0.12808376985896575,-1.3089551423834123,-1.2332777328556919,-0.13848151267093226,-2.892520449793791,-2.373303862105928,-3.1829414942699867,-0.532257993170689,-0.984272650970819,-2.4680450116281363,0.10486078622174336,0.26088311512564977,-0.49206562244161756,-1.3703383989866549,-2.8710333090681845,-1.1179759213955685,-0.21439546028596967,-1.0353466475999973,-1.3732182812337563,-2.271193548259421,-1.0771638879774899,0.3398467268618473,0.7810622903036081,-1.6130997933089086,-0.29899067037897664,0.5203018469170659,-1.8026487487579703,0.23438714153862902,-2.5378667732878046,0.028327074721387555,-1.2962530015303986,-2.294046561842001,-0.7502842242215386,-0.5663961428132959,-2.3566754585407197,-1.5877386858525357,-0.6933298879176178,-1.0049261442744926,-1.5831380719326429,-0.9566020843291186,-1.309682734539764,-1.254255173721491,-1.4498761855256395,-2.200250937465886,-2.480994712962505,0.01487093369137292,-0.44645578272470227,2
-1.2036522306170074,-0.979862126894748,-2.4333771236340325,-2.382065369977573,-1.0344480302427597,-1.1398779377441457,-0.8450540252013264,-2.48883610949129,-1.0859309157027968,-0.7383326574682508,-0.4063145855314263,-1.1707732613082231,-1.0614150603878167,-0.2774456964526344,-1.7231811579002747,-1.16229546504162,-0.17128974429433313,-2.9802375524946516,-2.7061162350553523,-3.34868578376633,-0.47192682098020217,-1.0028588266194185,-2.658003851253055,-0.42219313289388755,0.5075217335253703,-0.1962802645291293,-1.367170241273165,-2.792206631533441,-1.0061291257825848,-0.11710455272193043,-1.1889873354276803,-1.3451510365033663,-2.282825140627997,-1.058060302289509,0.24504351639440125,0.44670127147712113,-1.36236451101764,-0.47117031409711424,0.5793665915600655,-1.847813828038094,0.21682659263798584,-2.2619729988632398,-0.018027407432820063,-1.1415933747879365,-2.581255387871179,-0.7414332977746021,-0.5071288139000756,-2.454550702893366,-1.6599620053581938,-0.6565610554899385,-1.091860789686022,-1.7520336214033878,-0.852257318581433,-1.4300487706981984,-1.1028804930888876,-1.5179653572654044,-2.1393770343563006,-2.474143460418963,0.15289498935088291,-0.5416360148157648,2
-0.8600168912091043,-1.309600470499685,-1.3367719231051423,-3.3521959702327746,-2.023241934465396,-0.998048695457174,-0.811160862233584,-2.5040325014350917,-0.9850035442944269,-0.5596215796804351,-0.984015935776451,-1.2761697689339568,-1.163581896884703,-0.6310224837123306,-1.8446962357135177,-1.179125961261782,0.14142454453911768,-2.8887290624747446,-2.3579477400405207,-3.2184379172397395,-0.389328880229347,-1.0767467072568468,-2.555452021807501,0.26647865357365247,0.27559473991048555,-0.47901310477665887,-1.4381379877497253,-2.929048883943495,-1.2560584487315558,-0.07208136912022574,-1.1874210374230778,-1.2844279570455255,-2.3950050579642093,-0.9505578398702083,0.3506978025514106,0.6122789567053357,-1.3384575580178528,-0.42490411392508387,0.6143617643029826,-2.1217849802165016,0.3122774342500548,-2.0927603448848973,-0.17858357881541806,-1.2879876753983082,-2.2989862632094713,-0.6708246222852401,-0.6318069318302872,-2.402449899570183,-1.6314257984426284,-0.6892843969816209,-0.8910112888353459,-1.611303172194794,-0.7966634917331689,-1.3148352234025025,-1.2650789067579304,-1.4704269007375064,-2.125161661429296,-2.4046524113381955,0.09271087550034551,-0.4304095993872473,2
-0.9526464567294983,-0.2443211647008189,-2.2359078579232867,-2.777356403328734,-1.4075104281611348,-1.009469490810263,-1.2485031157076678,-2.201940302695338,-1.2089963375186608,-0.7067381716672713,-0.671761880377959,-1.5549376421716843,-1.3940562151365927,-0.4898933396104582,-1.4264374864387181,-0.9589028965681203,-0.2999375512540453,-2.777010636480186,-2.4850741661798916,-3.5781524006759673,-0.40437820942200403,-1.05569808434565,-2.257892898147899,0.24323802158186325,0.34202142348675507,-0.2812894015214065,-1.282133224846083,-2.9311069737283706,-1.3890543081466293,-0.24170179264185954,-1.0177335436176038,-1.5572295120196478,-2.2275927392220547,-1.1233092853097624,0.48101921179328766,0.5320704985714048,-1.527100684105292,-0.2600028885751485,0.5544598795009767,-1.6536518274240848,0.14204200109653153,-2.094812537938595,0.19531398415040369,-1.3822580605666683,-2.454508566151834,-0.7694167287833493,-0.8114762046410808,-2.350947312288982,-1.5684701043443705,-0.7720096820201281,-1.1643414887722696,-1.798083784234916,-0.8434782415251556,-1.3213165892074523,-1.3469591896564688,-1.514174457596244,-2.0606946878176777,-2.465802915332184,0.17465313629487111,-0.38368113724968,2
-0.9004350087414325,-1.3026987837830646,-2.4993224067306077,-3.068546825533174,-1.403027166839584,-1.347265325963475,-1.2366379538982826,-2.998359579004223,-1.040740049430742,-0.510489207295327,-1.3455550024330298,-1.0393542849924118,-1.4387848115168724,-0.4665938347110566,-1.8321268882241253,-1.4021890232860028,-0.21115082765137314,-3.1475605810834217,-2.3155413136710368,-3.178553490522702,-0.3999809746163341,-0.8991378665501522,-2.6355797427034653,0.06415328329590168,0.29010147191814195,-0.3219864669285514,-1.2840129151710427,-2.7631530511846996,-1.1129350852305984,0.040150457081678775,-1.2340684872725853,-1.2643325923083721,-2.202459512966443,-1.05238036462382,0.22226962680728485,0.6431922341940972,-1.4755411164313597,-0.4591107855220268,0.5012502673445957,-1.8641636605075607,0.33697915602479966,-2.1587113011249977,-0.048990330555629395,-1.4191812923396183,-2.408603790967597,-0.8944034503185468,-0.7843420967803413,-2.1744578828078494,-1.5762783154658555,-0.6670885608654815,-1.034120325564407,-1.7700270674302783,-0.9080319013827514,-1.1952225519707107,-1.3437043498308887,-1.3930794976716,-2.130900322619883,-2.606083977706447,0.05621445968180519,-0.4524265036524988,2
-1.665945939407307,0.7179205908212777,-2.2099968569253208,-3.054368972953398,-1.5390012206357377,-1.3144357718031454,-1.279377193327587,-2.1951907988432784,-1.3300837847015978,-0.8582738346477765,-0.6584368426183987,-1.260911036897249,-1.4352702296606563,-0.2154240832265472,-1.073913033806094,-1.1990282859982078,0.057222096946979606,-2.8086354033687093,-2.4464834737370866,-3.1492245913231827,-0.26796047956894986,-0.9999781409231107,-2.244954679653797,-0.0030372473117209337,0.3672277912345584,-0.36811485457531107,-1.279265041167307,-2.534192200330593,-1.1579900490540653,0.0038020490590726375,-1.0871142039026362,-1.2451899946761462,-2.195835488855702,-1.2286155474513576,0.27718469841497523,0.7319702756087012,-1.5676251418452412,-0.46496942495509563,0.6116136833154974,-1.8016068704072161,0.35436051617191255,-2.304965014941597,0.028414026383813303,-1.1159116392192352,-2.299599907412793,-0.6040580836910191,-0.5900111409632067,-2.381229089747125,-1.4990490867619597,-0.7329576795799833,-1.0714686443414694,-1.6096975650872858,-1.0440605131014538,-1.3533267555439088,-1.3621390648123697,-1.4923574858328963,-2.0867416274467963,-2.5070519653054197,0.060962314659059214,-0.4510709793206586,2
-2.0734540149337626,-0.2471110881046246,-2.8917298847265407,-2.5381945727045574,-0.66549224934828,-0.5310865758080725,-1.350133864343878,-2.8480747199563674,-1.2061361966171844,-0.38015497407787074,-1.0291314447943283,-1.3042417838105815,-1.2818645317426751,-0.4270242938607085,-1.5485550206926293,-1.051888861038604,-0.23779419972411045,-2.96656918219726,-2.3981007690777654,-3.406177300239043,-0.7657578995095259,-0.9113536776159665,-2.4547914540933045,-0.010456892652777876,0.14272638715052177,-0.4293836577653836,-1.4635500970924367,-2.84080511413817,-1.2102618268350729,-0.16560368032143,-0.9932641300815086,-1.3400180747284633,-2.124034527149888,-0.8554313167968539,0.3687996904985563,0.20614344494690068,-1.6099025543523209,-0.26400073670675894,0.6823740234817053,-1.9746945032725822,0.26443577807543855,-2.275278392506821,0.04223369610251952,-1.3823801702139211,-2.4520875104639615,-0.41779218136943763,-0.6572640912185633,-2.27372087773099,-1.4777707650253897,-0.7625018696195727,-1.0280470213081612,-1.813675791654455,-0.9410622051482767,-1.4233611926834104,-1.3178313991043538,-1.4719505659390586,-1.946418427170094,-2.5958861114152185,-0.033382901936085396,-0.38370880541541297,2
-1.3943554109232992,0.26812144293736795,-2.9630860339165244,-3.3507528484899622,-2.108015070522782,-1.682739028392136,-0.915180062916398,-2.2245077395111217,-1.304329031797781,-0.7659034402296996,-0.703612580032168,-1.337298677138919,-1.0333003898577908,-0.33394907394858836,-1.6959356202036027,-0.5895866497360119,0.22746264065391159,-2.8069380240525077,-2.9044682439185294,-3.2539754333035082,-0.44362273119915924,-0.6943795117052294,-2.3760740359045216,-0.5522968475796777,0.04999702997155342,-0.533924950482582,-1.4168736108719338,-2.724828903222517,-1.149088991678632,-0.27214635024826106,-1.000859012117585,-1.4297124925547477,-2.2041535014789533,-1.0587704176776913,0.271878059353011,0.5855736637617943,-1.5758590835535118,-0.4418106619556166,0.7159738835030901,-1.6372337508174948,0.22542560922686325,-2.484432473384983,0.03212982885401433,-1.1606998213372401,-2.389564749731623,-0.8075357498173791,-0.6744589024422969,-2.26210621532843,-1.6188784232911344,-0.8171457987702463,-1.1149207899493412,-1.8017667162710655,-1.0282117479298978,-1.3815058765984964,-1.3054485045844233,-1.582320843503893,-2.1474514397998723,-2.644098122799331,0.08976803491229837,-0.45495132901187746,2
-2.9390998996131277,-0.6355497278560195,-2.905213132858846,-3.3672507107345004,-1.5452839791023745,-0.8686156829020927,-0.7253176504903713,-2.4146769053630797,-1.5048835434883199,-0.5272430969060928,-0.9028229053289082,-1.8931848837375407,-1.172801376523879,-0.4131826210017971,-1.3304120178364367,-0.7089268137016095,0.13988331519395383,-2.9397584640948393,-2.5864276667894734,-3.2163147446990696,-0.39098260161754284,-0.9772239852837572,-2.791647483020804,-0.11174847171596171,0.11755695533076099,-0.35929152389355995,-1.4773318983475792,-2.924061706786381,-1.3420365031785897,-0.19697131994063946,-1.088356143699608,-1.4001359154052313,-2.473701460157318,-1.1218792042263446,0.43056117206983796,0.4977576800312602,-1.2972934367468252,-0.6686821510566732,0.38251304088674376,-1.8194382443844503,0.2870706135963055,-2.4879926547043336,-0.045065290606322916,-1.3935110953961574,-2.3908605806240875,-0.5768583171716991,-0.7800976858480476,-2.2653560603735174,-1.8200144997648118,-0.6815298291965253,-0.9537729752294297,-1.847487595875636,-0.8833033841769823,-1.1531937349738752,-1.2563247530209272,-1.3867307356213703,-2.169580895399743,-2.4419699840220455,-0.025099873375607137,-0.5175077881730149,2
0.130733251080833,-0.765708101286819,-2.2497480207458618,-3.226376231758057,-1.0034659749387256,-1.0001008002174703,-1.4762514373883193,-2.7452701859020516,-0.27984124836406155,-0.8594282614197475,-0.5409363602196718,-0.8362003988840373,-1.2442757188344238,-0.36312450997583723,-1.3911330884221969,-1.4815439065119504,0.13519413402598987,-3.228212455449956,-2.601237809936711,-3.5133271342406602,-0.6166456996314935,-0.8502080944648307,-2.3068398486280572,0.04974399584566458,0.06207151749779069,-0.5888751468509167,-1.0561511527368805,-2.734735494355269,-1.494412615243534,0.01336181331707284,-1.1105433828517,-1.1261566521617352,-2.4434120916715876,-0.8870181089338285,0.5070232712791566,0.5126791226895792,-1.5586005424648985,-0.20199648242204316,0.4472496906344241,-1.866220759359444,0.30734333183346535,-2.373077088351029,-0.009606832321175669,-1.2072751992908788,-2.2930791963626955,-0.69853250724352,-0.7173447556220631,-2.1889152559107954,-1.4275226330289523,-0.6426578061433081,-1.1339541376352285,-1.656902868603191,-0.9462530998532263,-1.2803786476722705,-1.207154715431781,-1.4896101604678715,-2.2522637508806467,-2.590862035309676,0.060567758598536074,-0.31468519615093055,2
-1.7654863058909982,0.005695009623978786,-2.8117605715511402,-2.626088691669179,-1.189624373896907,-1.3193024049543565,-0.5357992287416832,-2.814948169993404,-1.3215054709897462,-0.7510537024266721,-0.9834457321465153,-1.5636775017925963,-1.1194813115731017,0.07816718939018313,-1.1017750514645956,-1.4380745985032979,-0.16861429233163294,-3.1670586263198035,-2.7830545671584637,-3.5265038626792604,-0.3503298160000333,-1.132737853622949,-2.4497764024088653,-0.008340483867990092,0.19412548138736652,-0.2242800722282252,-1.2836545858075756,-2.6482874647719665,-1.2838751824137407,-0.05161598040881067,-0.8375047076036024,-1.2461995871673597,-2.3620488815114364,-1.0389025739184015,0.30825172417067026,0.48103587533373526,-1.6533803053151392,-0.31419661154714856,0.6817629483389509,-1.7530464784341846,-0.15998438802815262,-2.3142380773398066,-0.09080538611881868,-1.2749066171248293,-2.534855407557489,-0.7609091655526423,-0.6459888051480942,-2.411331195312532,-1.6939691867774787,-0.7149851801947459,-1.098720736668581,-1.6669500147414889,-0.775360816065151,-1.322911046870653,-1.2175564937966843,-1.4032840737615015,-2.2899577451867708,-2.610710796876747,-0.09923635579651743,-0.3968701067815246,2
-0.41160355180575436,-0.03530065742178068,-2.4288207519400515,-2.7959150013108536,-1.3208813059656166,-0.4543249070605654,-0.4023591224223647,-2.238551029037871,-1.0036326216862104,-0.5839885964947963,-1.293096232018856,-1.473151336129393,-0.7349265972071523,-0.5648940780462952,-1.427335637129857,-1.0888731091404995,-0.3212489897048925,-2.8043594823647937,-2.5640093917782765,-3.150313163746342,-0.2943011768017083,-0.9238799959165134,-2.682653623000714,-0.1510700828462434,0.2006111724314813,-0.4676684699792156,-1.4916070798372165,-2.6873500668761214,-1.2564746972747531,-0.14347976232928336,-0.7778294643984065,-1.2747277650950029,-2.2530813602700586,-1.08551059531441,0.44395701382785874,0.5538732683037662,-1.5211017785690362,-0.392306466072311,0.49306810256656025,-1.8535854704499177,0.23381944379553443,-2.1594045483515902,-0.0690786221775664,-1.2121927145529208,-2.3835813987309367,-0.7885226733545291,-0.6333660079122289,-2.422036631000443,-1.4436373775994433,-0.8024623200940479,-1.0893849381724108,-1.9435372951440797,-1.0478912397887896,-1.4982204410892384,-1.3195123860912787,-1.6020864394702317,-2.137793059199218,-2.4668142749733066,0.07047235956472375,-0.45051706878403863,2
-2.0704849108364494,-0.6390797157913533,-2.222670994427827,-2.7558556420325293,-1.0736951158135088,-1.1089953775857797,-1.3302340698784345,-2.389826178695829,-1.0998038489514315,-0.7404244750214286,-0.9450466596662191,-1.3287698498428204,-1.4087327252360748,-0.244911509757418,-1.224394265069669,-1.1024365487700896,0.19901679222165491,-2.93522935901583,-2.3766933069180687,-3.138472501243519,-0.43334306539500506,-1.0704914052967038,-2.6360178219444963,-0.0797595538902563,0.4761368304235075,-0.46331348660585897,-1.2450854811089636,-2.7105603048729523,-1.2387401617404645,-0.00755931860372186,-1.2219918526916165,-1.2605638676630095,-2.204074632339792,-0.9997556289480686,0.4189989904700404,0.6626695933559497,-1.4123941539068394,-0.15498426501040338,0.5822297501285385,-1.6908508271040321,0.2311040206637876,-2.217967133640907,-0.1429360009983604,-1.2179529729008225,-2.33066781379139,-0.7452490792048707,-0.5900591812412478,-2.36424061332588,-1.4819769476301157,-0.8265135493447966,-1.111724383574231,-1.6631537111551762,-0.9766299015282485,-1.3551566817328744,-1.434368997348096,-1.6205265984799126,-2.1585398136085314,-2.573585131054678,0.047444694070947424,-0.3047755421449928,2
-4.11241538642305,-0.3183276087796982,-1.3590224174511512,-2.8137169514539373,-1.415336487837465,-0.37580975668684635,-1.1307225075637157,-2.023006848332857,-1.074272028099711,-0.9679501147752234,-0.8886423165655413,-1.6045951090003567,-1.3551422137709812,-0.30411425539227493,-1.8492051720954519,-1.361767684007308,-0.31305540975817503,-2.984272080238417,-2.629364476661253,-3.3219925219701936,-0.38135278841850306,-0.9990982479040826,-2.497552377120847,-0.22194818661973886,0.2615522166075674,-0.47848501581417907,-1.6138323087062556,-2.941366505244046,-1.1742903726018081,-0.34829541801030217,-1.062159264997876,-1.1048768257322137,-2.2229598853746606,-0.896001984348715,0.4157735311259727,0.7256117409666907,-1.4601434265264137,-0.13491091289709325,0.620674844048699,-1.8809545963669334,0.11858196951942386,-2.318861671853056,0.0633316063230838,-1.4739837043890356,-2.516937158395356,-0.6992395070763047,-0.7295985201271908,-2.237926013795245,-1.4971266101802356,-0.6694844478189766,-1.1481924651580533,-1.720656745306126,-0.8478400880139829,-1.3848429356759921,-1.342043577058695,-1.416498527960443,-2.210046523137367,-2.71313019666908,0.05719209818886776,-0.5441071792709843,2
-2.140483680299819,-0.30722020344487116,-2.295776642503316,-2.091019943898038,-1.676309005635712,-0.8295635331643082,-0.9345452896505247,-2.4017200846334257,-1.2352684591538372,-0.6518101160638733,-0.8537172924729667,-1.2933461899743073,-1.2750227023424652,-0.4648662540087811,-1.1069731736632455,-1.1407161820260776,0.1688946687298349,-2.9234845823652496,-2.4368422377666454,-3.376269615964363,-0.5509121789576249,-0.7273304552431719,-2.4927960090474683,-0.11723350819261652,0.3345034332316952,-0.3757371932615914,-1.2055808966301134,-2.71702025267561,-1.0810411951985306,-0.26793637313951774,-1.0980468860091817,-1.2908717845879005,-2.1744458190253204,-0.8813768774364752,0.4386544602402266,0.561334094515895,-1.714764941985486,-0.40939016739745615,0.6427925432515634,-1.8900851909341947,0.1313122186210714,-2.4190991999256037,0.09733417929175124,-1.3243560467599933,-2.5849954145674774,-0.8328734879432631,-0.4566330265277625,-2.3466099277043124,-1.6047361905791393,-0.65348312176937,-0.887552675302983,-1.7274980410837444,-0.668674086885066,-1.350374140686585,-1.3155981768050977,-1.494413618542955,-2.122259914565495,-2.556970244560023,0.0714401964975449,-0.31247884831243444,2
-1.8360866925567931,-0.3460473885121237,-2.423948368075288,-3.005650677125954,-1.8509144064453082,-0.5974984812118834,-0.9782666040313236,-2.3914627670653545,-1.2140671417830613,-0.4338241153986976,-0.27746990405771327,-1.1727709670132265,-1.1510910195511725,-0.04272199136519794,-1.667034541561212,-0.7129018794067022,-0.12817138779104204,-3.0132816419285624,-2.321354812941701,-3.2471565859782,-0.6195428706870154,-0.9339565823625098,-2.6804235037113773,-0.24065064573828224,0.31278643493060565,-0.29890874505355725,-1.2186557312433666,-2.914095357097011,-1.2493850280695569,-0.023312307424833673,-0.9095784753413781,-1.4952374152264325,-2.2296725084184046,-1.1824974388490357,0.29673805184489144,0.5113967379377239,-1.3500983372795665,-0.27844611170452205,0.5807825141661885,-1.800675534404279,0.15928866948037548,-2.1305011080277314,-0.001591747507728166,-1.3089124570069874,-2.4017066926176556,-0.7757600097151756,-0.7590268826539674,-2.449721629667472,-1.6945541739709817,-0.8383726074924881,-0.9906408526171022,-1.8143072169800507,-0.7751794153371401,-1.3500331145000515,-1.3046362539255159,-1.585785356671638,-2.1137925951392713,-2.6720157014611403,0.14135159883752113,-0.4431938891507348,2
-0.5341622777821802,-0.06490656176830872,-1.9326893929408797,-2.757990263860796,-1.7416943549738155,-0.7534643707066981,-0.6137516301489419,-2.44402734153635,-1.0236724360892997,-0.9499292421025693,-0.9037509476446104,-1.1564512687456596,-1.0008459329093031,-0.4490251527388116,-1.672141426903852,-0.9498753355478424,0.09177759186987902,-2.7722029293177037,-2.72404823996233,-3.5090834737386465,-0.7764289306712089,-0.9091532947395327,-2.2544676524626763,-0.24763455469335513,0.21507383356140855,-0.5543674009069925,-1.2106303831678586,-2.895073954934797,-1.321878055624313,-0.11753523750685452,-0.9678260729398418,-1.2814761311268394,-2.2669789743732545,-1.0618538230519556,0.44520902737357737,0.8405243898358711,-1.462093334458057,-0.41333846600592106,0.7218748326619719,-1.888711031610112,0.10060165501793249,-2.1576793721375775,-0.053812207016911064,-1.2004949924856536,-2.4478267200163746,-0.6351193026353171,-0.7323929546621036,-2.2423169623952495,-1.4210869957642946,-0.8452274403459904,-1.0050329650246113,-1.776375465707958,-0.8104860958103425,-1.3325832868561287,-1.292893837607082,-1.394223437456347,-2.1342769919605042,-2.6211668813604025,0.029745057685335134,-0.463132141142405,2
-3.2667083267632586,-1.4621127972364256,-2.0948313116980413,-3.013304067205444,-1.4205002575971584,-1.277323075352669,-0.9694372947365043,-2.494474092453283,-1.3803885398301763,-0.6195285115799792,-0.9489766224594897,-1.4347945875015258,-1.1369285778857818,-0.29136391155624225,-1.416720282722339,-1.1612576384040914,-0.04247904855417192,-3.014635960378221,-2.7455108616547728,-3.24207102215061,-0.45576906318995625,-1.0875271577420031,-2.5752380123860426,-0.2313254163364498,0.3222362605850112,-0.25101793890509805,-1.2369435434738087,-2.766233015515647,-1.2608963283822243,0.024206496474204392,-0.8885953450719142,-1.6590166524975611,-2.0220487735113966,-0.9105753845236033,0.3790802774198009,0.6314560101191978,-1.549425457316355,-0.1894149302025761,0.6237783661185926,-1.7637430883024385,0.3704125368641862,-2.232021303653782,-0.156016704245016,-1.2825571173766237,-2.4753626883708395,-0.5191876893477299,-0.7381995826770291,-2.384466065741742,-1.5517186303986354,-0.8043663298625793,-1.183196826161505,-1.7311902839712605,-0.9461266099976777,-1.151326984873501,-1.3217643607533516,-1.438557795097797,-2.0898952028718725,-2.69539149393938,0.08450337014858836,-0.5661487551459273,2
-0.8409817162259277,-0.46362720232690585,-2.612544072012286,-3.3410439566691057,-1.6431100758594874,-0.2838924805181994,-0.16873742098697087,-2.736095540365651,-0.9867539172429252,-0.34130800881577067,-0.6435960264004107,-1.3140061634205538,-0.9054677617583267,-0.15021085642662,-1.5239690873594605,-1.123358742224442,0.033220554492618265,-2.5746603368754077,-2.8950683540984183,-3.4040508173350856,-0.5931424854498832,-0.876102478990416,-2.453452132628661,0.2151598057620543,0.19473354674574828,-0.2423872659151691,-1.4775587538846875,-2.7577880564570916,-1.2932804797692947,0.027417300178970094,-0.9091322930672789,-1.5816816975898296,-2.2921903606490948,-1.152428294525866,0.31217517230499203,0.6848633873512416,-1.5505743593372583,-0.4010998629795573,0.6015552010433094,-1.8839669664442913,0.23807234873943628,-2.3789558286092034,-0.043900199830021,-1.3156702763991701,-2.5069001962151924,-0.4019504007546581,-0.6413007924531726,-2.272809423774027,-1.4280983336984527,-0.644152605143985,-0.9692029613673633,-1.921112079522806,-0.7663561001016741,-1.269389263516616,-1.2857308731927748,-1.4302509211156003,-2.172177718887617,-2.726115558997633,0.05174168036925472,-0.31741936148827904,2
-1.590402201641702,-0.8697906670804221,-2.143637107259514,-3.152182637472417,-1.4556335935424645,-0.7053883485905965,-0.9050003222967917,-2.699053426007649,-0.8499935677333633,-0.7879348627768881,-1.0432187746590085,-1.4086228061806934,-1.3268512402220363,-0.4196449265804747,-1.3890785279276965,-0.9713834282124648,0.09228260386970155,-2.968763678083567,-2.661199752890759,-3.2269080099800465,-0.5309575007569872,-0.9877560706203447,-2.775764388733505,0.03814595739158713,0.4423723303033294,-0.29796807849024254,-1.231903122735052,-2.582888497196787,-1.2367455521042439,-0.4400180448421557,-1.0326941721830067,-1.2950110082216546,-2.2450062036894933,-1.0052211259037425,0.25512414363069247,0.5938229796903751,-1.6989534613235784,-0.6109120522071027,0.6137538857303261,-1.902871546263572,0.22930373254616096,-2.2660762562761962,-0.048863922755315245,-1.360813697968049,-2.2033334917367235,-0.666383961762663,-0.6352244043721783,-2.3072886510794337,-1.4440145306680814,-0.8550255482118139,-1.2206564760901648,-1.7345755833453276,-0.946104058903357,-1.2378600805020814,-1.3788865418796405,-1.4523962978506124,-2.148230017490718,-2.496761765666486,-0.0007610338461293761,-0.40589733018712815,2
-1.6480077173085506,-1.3119027926766822,-2.3383207927673557,-2.974808378559313,-0.961165632730222,-1.1750725397194013,-0.5025403765195303,-2.7753402061524945,-1.416657471565125,-0.5905159587002428,-1.0621402525718473,-1.38592918696792,-1.0834668666704337,-0.22627031760247457,-1.445894477923812,-1.2109690659021375,0.17939715991331334,-2.7698169222824283,-2.4914645226119214,-3.078898312809274,-0.34398169990486227,-1.0937394091212018,-2.9089362195700432,-0.12193473900774596,0.38153008115816417,-0.26594361890345763,-1.3560288316830476,-2.5483076892865566,-1.4709794377988379,-0.04238103904158266,-0.9328467224383388,-1.4170901373755895,-2.3067147263705072,-1.166649676810921,0.3187293877374003,0.5370180761050376,-1.4133988272914797,-0.38794953518201025,0.5916513379817848,-2.127758889337609,0.22186092466788623,-2.4832024315541092,-0.004796875365694803,-1.2633341580308688,-2.4731618457027027,-0.5544095974014563,-0.6216663184390229,-2.3649633848346974,-1.4902419015258885,-0.8466397609551044,-1.240223605791415,-1.8976235430519615,-0.9712704129957488,-1.1329233174744477,-1.2814522630534577,-1.4308305121629756,-2.212255572633974,-2.578635321279439,0.006079839573930351,-0.48641253747054075,2
-0.5488406942529378,-0.5142105309191999,-2.0426953343834144,-2.714457019412179,-1.5926896065399325,-1.2142548727844975,-0.8516034382593316,-2.6190398106926818,-0.9647746840004371,-0.7385038137907805,-1.1246075082756282,-1.3326323543291632,-1.4804834127076534,-0.16960273284359262,-1.724571805131266,-0.8837606260338521,-0.27561865652079287,-2.989758160950685,-2.5365808865021577,-3.237681144050371,-0.6371714849058595,-1.092521808173006,-2.4398070976060486,0.26954712560924443,0.3995624646648388,-0.5125665484127943,-1.2857071789892551,-2.686417538071329,-0.9514419828647604,-0.13050697583864063,-1.1174965637419478,-1.112892740586499,-2.3155730640971472,-1.1164452952318082,0.24382210903509627,0.7172892056881226,-1.6174701538265979,-0.4262466027856806,0.5039336387812581,-1.7485053040655618,0.21840035621088202,-2.404054297442711,-0.1907960608365256,-1.4270937626706925,-2.330382166312249,-0.7723135088907581,-0.5547456836128632,-2.410287791212391,-1.603024047993481,-0.6078882889529883,-1.0683799436542922,-1.7999278892312354,-1.019061001000746,-1.3136487508434525,-1.4024678109257764,-1.4663923257230196,-2.3757123088753374,-2.554641021995023,0.028220630955689788,-0.3819555706940819,2
-2.5253763453609728,-0.8333017234981992,-1.77298265223694,-2.219683539400137,-1.1420048486797612,-1.3109730584117183,-1.3080640412044788,-2.4724334461710056,-0.9155813857885811,-0.5559154715065958,-0.7013215951293856,-1.464814137946217,-1.0641453671845715,-0.3222836728404727,-1.7059072334373653,-0.8693791150657333,-0.0004914278663689375,-2.9074911552620066,-2.470978449362597,-3.321294416781213,-0.37735890557831714,-0.9509443109724321,-2.602306825044571,-0.03197690326783781,0.22313939047272915,-0.31040460907833733,-1.3653674973732084,-2.842454535700964,-1.1812280911497979,-0.12604488919481877,-0.8179607747268278,-1.378419061778504,-2.226231591528447,-0.9880830915870147,0.3085743010602911,0.5986494018780325,-1.4583295637325435,-0.3721474382655306,0.4712765222663806,-1.9027501546288748,0.18100901542465808,-2.1464948546436124,0.09728139473333684,-1.370969052582256,-2.565099026561436,-0.7435605040367103,-0.6218823727432106,-2.426844469304257,-1.7725885167830915,-0.6787006829496325,-1.0543457044020033,-1.5565621629606845,-0.9124697891482164,-1.3409430399591922,-1.2870906099213004,-1.4100248594319964,-2.2817532461097265,-2.428183632571306,3.763010339800921e-05,-0.4217268129938814,2
-1.4388936696743726,-0.7050211247609683,-3.024492151009326,-3.1268544480000573,-0.3108521469861809,-1.7475662178040732,-0.80982277087175,-2.490067522699686,-0.904838417555202,-1.128774998170814,-0.503454542466093,-1.5672286608778938,-1.3370564237177727,-0.3119417890607026,-1.6800001780646314,-0.8957498116020461,-0.3372752385328812,-2.973579994414745,-2.220255802625578,-3.4050732333458766,-0.5683291560663619,-0.7247664062029924,-2.125727932596982,0.13736833104984478,0.4967502287725674,-0.4654662223938669,-1.3027315416559362,-2.7788263865652194,-1.0955144527558287,-0.13407819635081888,-1.0992181051055636,-1.383739722041952,-2.220822683688935,-1.043813704644701,0.13970730455555702,0.44418420471457504,-1.407113310000414,-0.5088539543277872,0.470274767273296,-1.8954182347073003,0.06036450203149776,-2.350571165484083,0.11280453371656529,-1.212573598429946,-2.4349718080426226,-0.61343964236171,-0.6911572160114379,-2.2252418006611663,-1.599679051600699,-0.6048401819551142,-1.0605567283109292,-1.4013740214773622,-0.9189343475373485,-1.415842510956697,-1.1857872331816455,-1.4882514420109707,-2.075881645126167,-2.5430388395163566,0.07624062770666098,-0.5426296292805379,2
-1.8147043717544167,-1.126742471237542,-2.346937092945107,-2.423605768832601,-1.0737143650929224,-0.5025179532820223,-0.7810564318488782,-2.5243953242485713,-1.1373816423847196,-0.9362997191891536,-0.9926521392812364,-1.3106303815449025,-1.2527052807451582,0.027155536523033152,-1.3337368794742581,-1.4414171182118438,-0.16085559988910522,-2.842004734793238,-2.4419616719534236,-3.3323314894865264,-0.5029389595139424,-0.9542366902104823,-2.539440211385866,-0.19207370226522918,0.19369367955347688,-0.5818141432991497,-1.2636902512768706,-2.8479296524965907,-1.2892160457421058,0.11771571077506743,-0.8219956367834007,-1.13108822208028,-2.2324928070343764,-1.0835843363861035,0.5114143206750855,0.6824603342308285,-1.6150084970893428,-0.3803326745223995,0.6222864975955454,-2.0689423446140562,0.12339605973905123,-2.185958464344716,-0.20671231318548663,-1.4322178634812308,-2.471318868492345,-0.8296892501095889,-0.5826208293120327,-2.577109637750155,-1.5913653596165387,-0.6514054508863754,-0.9488736244522129,-1.8143036002626196,-0.7388573297416496,-1.2255736643606987,-1.2695809785765524,-1.5336585687210103,-2.200772807812507,-2.6724336581079404,0.006427325446066008,-0.31991876047190554,2
-1.3903958728514052,0.0346198992849418,-3.363440324492533,-2.677780509307287,-1.8691327609516537,-1.012972927718639,-0.44560119927789227,-2.740921847987191,-1.476176004083851,-0.6547407348868827,-0.9652971255988652,-1.166978641755043,-1.2405189187071977,-0.5210419857969917,-1.3570893096502745,-1.3230762116882113,-0.13675601082743344,-2.7250562447079716,-2.497688733577864,-3.419878458628107,-0.4320098982939986,-1.0654784438753615,-2.384273609633618,-0.2046286612183285,0.1480370208314544,-0.4344427136804172,-1.3483910493177242,-2.675431645430945,-1.1609694364344352,-0.3474318386867897,-1.082806866784462,-1.3784965817840225,-2.2698788178659606,-0.9883219598233488,0.306077745427527,0.48540924779876826,-1.4675404224298083,-0.2796965682838838,0.5004292285806318,-1.6569406861210652,0.3540143957483948,-2.287421523299367,-0.021647666420578623,-1.3876311751612695,-2.4755890051487897,-0.579603726257053,-0.6530896509642227,-2.4907614278635273,-1.5208613252224013,-0.7362384036764696,-1.0600225606120353,-1.8375457069766816,-0.7068773965011337,-1.4516700985656261,-1.2665143084068209,-1.6966352567934277,-2.156705979551307,-2.464369124874717,-0.17195946488845285,-0.40328134496990525,2
-3.128581904827316,-0.34985752446370766,-1.7222554153261702,-2.9400920654525957,-1.2036140429498685,-0.5411913852868051,-1.0271381676102083,-2.6788392422521063,-1.29493225276107,-0.7742851225237022,-0.6309373283242059,-1.427761052501861,-1.6039319510570293,-0.3685535799282751,-1.4195103729566745,-1.1737137591598064,0.2062969450666754,-2.4812975493705944,-2.6381220234183016,-3.153231308231124,-0.37594722915294565,-0.940771938678599,-2.2623250937596975,0.03174740382575249,0.20397977225880803,-0.23747575293651174,-0.9951140348240919,-2.9086220560091967,-1.214060299233019,-0.030713813754839656,-1.2787180460790508,-1.127006702631419,-2.408621658369496,-1.0345858508253374,0.3300105764657419,0.8105003805795973,-1.444599861661435,-0.35426796347676953,0.4355505231967963,-1.6666428690040487,0.11706083878219711,-2.133528682332229,-0.1180407609642126,-1.322475362776981,-2.2072198973627524,-0.6581610088848691,-0.7789426994217178,-2.4249747123274323,-1.5190654220808486,-0.6833833385285601,-1.148873286932823,-1.7109156345075724,-0.7677597605993599,-1.4672078922233718,-1.2979624592577577,-1.4506883890076083,-1.9914033351412952,-2.433683992386878,-0.024942493818749745,-0.4186804505545136,2
-1.3706204618529427,-1.0822591729704623,-2.00834871195456,-3.3110376731922746,-1.1128895492869566,-0.655996573096151,-0.7669318098790516,-2.908084272523761,-1.3417411045839795,-0.23541142432300316,-0.5258619010777466,-1.5907431903144813,-1.3948792388229332,-0.030953494599243542,-1.8513504009958641,-1.1654753062747347,-0.0030603072618531485,-2.894892141660023,-2.287784288366358,-3.3033015305066606,-0.6002151934713376,-1.0050883206111039,-2.4415643073852005,0.1335146375786102,0.31161956689010784,-0.4558175318123989,-1.2496212403276956,-2.6651010670075688,-1.3564011498969057,-0.07895594231069164,-0.9390163822221913,-1.0639794893509267,-2.2802391281460754,-0.9905070027674516,0.20323781252427586,0.6471343633107259,-1.6608218316016683,-0.3683465462023476,0.5358128638922123,-2.0376781611686714,-0.0116957173979505,-2.376310303615156,-0.04912824570985895,-1.372581100989325,-2.4840821742565464,-0.3840313091767499,-0.6279415254694467,-2.324258283864026,-1.4688259550920046,-0.6941499660590185,-1.0315134022878683,-1.7293059149845338,-0.8511117432686521,-1.2979971283580507,-1.2857961472036294,-1.457590756905628,-2.0902260085497493,-2.51035002170018,0.006195114473326824,-0.41645156152504414,2
-3.575328698471684,-0.3757490604359849,-1.9867374022316024,-3.5298540888528507,-1.972953119179405,-0.39170395240732375,-0.787823820361035,-2.605830228690924,-1.1634971405056453,-0.2713211955365481,-0.365343613170039,-1.2902081065795725,-1.4057980637471892,-0.07995469812326272,-1.5559046737320525,-1.0954798873531886,0.03575400773735385,-3.0696568045951618,-2.504149707905764,-3.275998128456844,-0.028839812894604244,-0.81940984929868,-2.4383466246339265,0.05898872950118457,0.3595545914088645,-0.5074179895239309,-1.4232920512625604,-2.745226803985114,-1.2519574477384923,-0.16027079074697279,-0.960421566748623,-1.5586904526131726,-2.0803144893641066,-0.7858090036015594,0.2517282827669417,0.5433907872971068,-1.4579593870306895,-0.27739493685954086,0.556939668137017,-2.015793374422538,0.12303874880428081,-2.259789094062301,0.07597743980463834,-1.2861331672148693,-2.59903068437694,-0.45066070369555883,-0.4814038091082732,-2.2249875289182524,-1.568573486085212,-0.8402188799818571,-0.8949844618509359,-1.7016261836934976,-0.897217187107652,-1.2342479362700194,-1.377151783164595,-1.6332253522083318,-2.148809774222033,-2.4472511106084784,0.14030662636194352,-0.4621291443162505,2
-0.1353094788423248,0.1185251776263807,-2.527972023535867,-2.962724562445541,-1.2897964890053812,-0.7838764258282426,-1.7734776189205235,-2.436793791183814,-1.2497622074080266,-0.5383422431016868,-0.9510003188708864,-1.3262107534672847,-1.3730430153860913,-0.11404507478991946,-1.6555361257176,-1.20986536910374,0.12772675812632858,-3.0458989541345813,-2.6159568272633633,-3.383610336082451,-0.42939239554697334,-1.0158469214833803,-2.3305966588707063,0.09745529231016012,0.17873782808795713,-0.5523766497002834,-1.3619003742166023,-2.818520255565728,-1.3490421892471678,-0.22460439998842005,-1.3461851872254431,-1.2016488211190615,-2.4016171855209687,-0.866024083016323,0.2756257691058384,0.6764646892322768,-1.5061368266382702,-0.280352037913824,0.6021869585153355,-1.7507837699965316,0.32096603419904046,-2.3016530089085774,0.06390778546745644,-1.2484832161164205,-2.5337875551716826,-0.6860593434778568,-0.6925173397839355,-2.3231353019918335,-1.6722466452001612,-0.844020677207964,-1.1054062196073147,-1.6504190120936346,-0.9214273947851429,-1.3659176146651728,-1.2403005828990572,-1.211946215255873,-2.030616319861355,-2.4756798506239623,0.0037277148134165564,-0.3157726147583084,2
-1.5331921012797554,0.8267120995231038,-0.8395838296980049,-2.334531166963675,-0.8774413822607541,-0.7524546273693651,-1.1304111066579465,-3.0827519717118976,-0.988205769102694,-0.6947587016760535,-0.8753048177356346,-1.350305288042364,-1.270590976504827,-0.015368404989819784,-1.5639908092478727,-1.1590400246493107,0.017347551710098996,-2.5588127990087917,-2.7003044640299465,-3.198050883198909,-0.7246802027004261,-0.9302167531785572,-2.6183934306520062,-0.20546835581085685,0.6003203506016825,-0.35524775881822096,-1.2587193680757698,-2.758612853672474,-1.2208149725755102,-0.15837441907418873,-1.2644464861414206,-1.4416297007001506,-2.336899992103698,-0.8357636682060678,0.292135727637735,0.4399360086487331,-1.4304533392272114,-0.3282626692873907,0.6770286132531751,-1.9180903710740271,0.11565204099978617,-2.3071037325450683,-0.02574228054539772,-1.2583063729242805,-2.439436531928785,-0.7120993729202265,-0.5596798221352892,-2.3610809905083845,-1.5226353089627018,-0.5883469475276754,-1.0757996042522306,-1.7433911935557578,-0.806170069199192,-1.380074522392926,-1.333269715315277,-1.4871653197316235,-2.2113459636288173,-2.7010997461604878,-0.0737619485221459,-0.5333620615544257,2
-3.511729618615112,0.1579155342532449,-2.1869094696099634,-2.697634072203196,-0.8703613320395266,-1.2753095432913608,-1.3116074201862786,-3.044529762610563,-0.5806464347928841,-0.6822012636468243,-0.5958089294785975,-1.3269386666458185,-0.9959710662980457,-0.4602894530500285,-1.6439479786303464,-1.1549385729188888,-0.09202363887888848,-2.77179192979766,-2.4473095202926958,-3.6988211094942396,-0.4691045292344787,-0.700658425995416,-2.61821214569749,-0.040931628918875085,0.25130813656467693,-0.35303915947972814,-1.2662233448994988,-2.920603141567752,-1.1677847788741045,-0.17528912265070662,-1.0207656424582374,-1.1707272335196948,-2.2129608831369167,-1.019339435927675,0.14538218344587642,0.4683083874425905,-1.5330132544953081,-0.2723763377800822,0.6052537489273144,-2.1219562855167773,-0.008134910772937043,-2.3232119902841535,-0.039723033589512374,-1.3820427424478208,-2.3662742715881597,-0.7742338480069606,-0.6048565749425576,-2.3361759591434113,-1.3943769068006011,-0.682980862743715,-1.1223661004655836,-1.71380547391674,-0.9320410185325957,-1.1664124858359002,-1.3561597851838365,-1.4470969070945594,-2.13314205929631,-2.59448417746256,0.01875097519183256,-0.5332205741837684,2
-2.3645623856938203,-0.34547156854157907,-2.7038836308367213,-2.7345682958501354,-2.1738642955165566,-1.009385939430827,-0.8680017257621436,-2.443478177226386,-0.8791827233938139,-0.6784840288057962,-0.7810724935693333,-1.1501667345416848,-1.2012153485327883,-0.34834283208325983,-1.680847226898325,-0.8230186862013842,-0.359168368633334,-3.280017804696567,-2.554073790079384,-3.4327028569336195,-0.6123918031571558,-0.8244168500313382,-2.6126907508903976,-0.1360525675308623,0.17053451129721173,-0.5029209069104692,-1.3333156494682554,-2.770621951143207,-1.1193231578749554,-0.08470672717516292,-1.2385723766399206,-1.2237807672037897,-2.388360880831193,-0.9947562830154602,0.42444031326870507,0.6747555565759135,-1.2822870643357394,-0.21803820699952794,0.5780017356415204,-1.8624327105667224,0.25894558293173386,-2.168693739716165,-0.032115252252832724,-1.1845299942992809,-2.326853528487308,-0.7510731445292137,-0.5086700714565126,-2.2778659716801872,-1.628098908085049,-0.6253886719014635,-1.1973211759653775,-1.8569239508206918,-1.083367488714454,-1.3370441406319706,-1.0942722824898419,-1.4259486017678942,-2.1161821685593787,-2.58427607504711,-0.04704938540798359,-0.6018274898315844,2
-1.5779633052223003,-0.7434162102585383,-2.037651575945976,-2.535363082475159,-2.0154541014489253,-1.3780102181867937,-0.5035534970667858,-2.6756097057686428,-1.8763220895888324,-0.3839062485027017,-1.0627609373194544,-1.4710944696151025,-0.9537427380345296,-0.1541474665473946,-1.834011469960234,-1.0816518767013625,0.05519305674594578,-2.8603518679041593,-2.5396624195647295,-3.282881467334492,-0.37281771131935504,-0.6823277875050254,-2.433806472318015,-0.09511718433597455,0.19170231095401674,-0.5717666524177055,-1.35189750690888,-2.836310822386815,-1.1069192396695233,0.0023005538985739205,-1.0565622615448136,-1.2621239869100649,-2.4421103577684034,-1.005877726185099,0.5349336497450093,0.6155007843094515,-1.5703130188266154,-0.17853535792860817,0.5728495711452971,-1.8579558210001867,0.2530350256348956,-2.183226817716873,-0.1261185569329712,-1.220738225358236,-2.5175529373957133,-0.7036650531713348,-0.5520048920424614,-2.3774560562080898,-1.614629207669508,-0.7730999864348511,-1.0283457459157337,-1.6994855333457277,-1.0320517644150125,-1.506666119697453,-1.3936772437236928,-1.368871056343066,-2.123642863963531,-2.547277529148193,0.12507954288425088,-0.5419414306324696,2
-0.726514309091996,0.09291984812408027,-2.6198396345887334,-2.6654522562741763,-1.3352401712217599,-1.2153226214375128,-0.8778167840288869,-2.508535794375178,-0.9989057520863692,-0.16152726178747157,-0.9205587874620318,-1.0364866801516408,-1.535844816812908,-0.4782358887939008,-1.7920168532651428,-1.309631222443554,0.05691952110511295,-3.020331126936207,-2.5193805343361024,-3.0782619254519012,-0.5861878256851163,-0.8984332704268214,-2.473932506683572,0.009762500727222095,0.4214498697958925,-0.314336570187972,-1.4403112271462228,-2.931740862339241,-1.3675231345338454,-0.1478956443461392,-1.0951533382454741,-1.282462447242172,-2.2427228651781634,-1.1256678504944237,0.32323362087246776,0.596988847830473,-1.5505918708534971,-0.3447861435151739,0.7254225523611901,-1.9731091833754772,0.2702107074188052,-2.23187522324217,-0.18374587029691064,-1.4818264649427617,-2.5425289085381912,-0.6604320204976243,-0.743936046615469,-2.387275537653829,-1.5938812049259117,-0.6158029476123505,-1.000714654639993,-1.8030612898017662,-0.9978139340291955,-1.248154492263169,-1.2759803051163456,-1.3119959959724625,-2.2081366159679385,-2.545962149618888,0.21550060702095142,-0.5344900451884823,2
-0.6622624388262611,-0.504841818649827,-1.6566929784637274,-2.495043625518665,-1.745883798937644,-0.5575226629479613,-1.2418927220052833,-2.9848043253361856,-0.9618659485140828,-0.5847828133503437,-0.8980308019088756,-1.135422138264884,-1.3370606550027773,-0.5896249596057885,-1.7564372416575609,-1.395909115274772,0.0007574821071526378,-3.138967384758134,-2.546575545635618,-3.2115684815337384,-0.34863154011717357,-0.721491574886392,-2.5764333026814517,0.29289372550415843,0.4079709912676076,-0.4420015385151796,-1.4727407937886274,-2.976602073224361,-1.223121305846203,0.02766136535673655,-0.8755752935178865,-1.222463033759396,-2.5075164487362764,-0.8082333469996474,0.3181848538515581,0.6199808851029635,-1.6792713528790781,-0.39001193514677496,0.6690638843210186,-1.7507830525115797,0.1382284346021579,-2.047062734265195,-0.3097184399803604,-1.2712411661529837,-2.7242595731562003,-0.5311101492478095,-0.7471325221083615,-2.3007390060987762,-1.5545309169466386,-0.5134101796842879,-1.1012151147478624,-1.7377634145731962,-0.7714126935096639,-1.2740722147204455,-1.3605842179932932,-1.487092622681957,-1.9381191150510828,-2.6123232752781447,0.11705001110498317,-0.4797184421048773,2
-2.6075012337692316,-0.44829939567659216,-1.2300656085752053,-3.1880980638705667,-1.5540584634510433,-0.4542286839180968,-0.9550939717124692,-2.1305662283497866,-1.182705492750203,-0.7281642071928985,-1.2564291528752796,-1.3549516733652993,-1.2847742561269566,-0.47122656440468025,-1.4657711066178856,-1.139956389594363,-0.20171843967029388,-2.970509311229383,-2.383885594888435,-3.5438614141952036,-0.5356341207225792,-0.6461494603916587,-2.399028675154928,-0.08940825963657059,0.5379044785604928,-0.48556524309507365,-1.3811921677139631,-2.6616310825078,-1.5040126771163183,-0.17034143690359435,-0.933269073651511,-1.4436070855587035,-2.0483640471424893,-0.9585420307786633,0.2765575103027767,0.686852114825405,-1.670834945863661,-0.23222439995844243,0.5704550957766875,-1.8678471421067344,0.27830603084860306,-2.265791064171288,-0.19265400280718525,-1.2885193253546208,-2.5664915400208965,-0.6356946013163756,-0.3833943205731756,-2.3656552441325873,-1.5348418196968927,-0.569181320672421,-0.9117156738027202,-1.7889005360656631,-0.9184619588622287,-1.2234060130519606,-1.3150208856331846,-1.420436484322505,-2.1502784221945364,-2.595450975871259,0.061910899542497934,-0.3657133685004125,2
-1.8942127917380223,0.059495473720225345,-3.0230995235585403,-3.072865458905999,-0.9273168495581902,-0.9467501953621068,-0.4145618073866198,-2.357803540100796,-1.4787690810304293,-0.761407718825509,-0.8961390866226754,-1.3575047884791798,-1.1147416377519397,-0.4249813014824979,-1.1935855208133344,-0.9082113793329065,0.1391868362876466,-3.1052283508926886,-2.490993564075791,-3.1947967509850135,-0.15400893752476907,-1.0459369810092327,-2.6205585679382515,-0.2004751835938024,0.13628377791406554,-0.7965263567262235,-1.138091867856914,-2.7036287809620503,-1.1663918951161016,-0.04402569118511537,-1.1721356476962501,-1.1646362592719557,-2.125193086281803,-0.8032923857139648,0.45428041631203236,0.5900580288505449,-1.3023185846050622,-0.5239604990410829,0.506753498105728,-1.896162994467421,0.2530576543269253,-2.174173557332087,-0.04446967174780447,-1.3213758501985082,-2.4697590582856916,-0.771327589366617,-0.6292128438262876,-2.408036459418768,-1.6716332576832698,-0.8051088427049777,-1.0354824348786063,-1.7074145013071789,-0.8719434010412124,-1.3189107882923867,-1.3461660268821591,-1.492072448200181,-2.1610493100609314,-2.598700640434635,0.09400965182484924,-0.38830978654579573,2
-0.6506277435814802,-0.7046091317276861,-1.9002474596176973,-2.4427158134077156,-1.1581475440718814,-1.1711391436480145,-1.3413704268403157,-2.329150750365082,-1.4660459165024733,-0.8878618957382902,-0.8848837675723342,-1.377194679221631,-1.2069996943322876,-0.1254543018150462,-1.4512936535712244,-0.9398780187889121,-0.1171004469533111,-2.961376766274571,-2.483420022160948,-3.4827420420029647,-0.4164194320139557,-1.1512221666264029,-2.665787400272872,-0.027119855076554414,0.4120071461762568,-0.4620635524251359,-1.3575713770587092,-2.746765995587009,-1.1752816466309248,-0.1825946519147565,-0.9671888707577112,-1.1341911104736675,-2.2673228072613383,-1.049182563647107,0.44586252761298556,0.484151146567934,-1.5920320762368565,-0.3596884363996198,0.4298699636990886,-1.9630332592856197,0.2070074977541723,-2.219310140170047,-0.14812407283919093,-1.1725442183845487,-2.438792499269616,-0.6789964072597415,-0.6723923424962114,-2.3257789647299587,-1.7024019462238,-0.8634285971103144,-0.9308588048011057,-1.7694076901220734,-0.7425321996820584,-1.175015612737742,-1.2043622780122338,-1.5158373744418132,-2.2140106355624036,-2.6318692283694762,-0.058585374957582925,-0.48524578166452315,2
-3.222432985182839,0.2554597643788551,-3.450073147930902,-3.163101521882364,-0.9494511960505968,-0.6620556004382809,-0.6807310000272113,-2.203462773848833,-1.224813297856373,-0.7595154116462168,-0.8776897342824725,-1.6782079368184457,-1.0357153586381473,-0.19983066507480854,-1.4071105907225867,-1.2936044068307944,0.029866705175296507,-3.0503760531478377,-2.6936873200373297,-3.2608509044486547,-0.3425705968640279,-0.7310577341480787,-2.3998471233123455,-0.08401375047243614,0.10705343017502633,-0.3630599144281245,-1.434576348226313,-2.801906010279519,-1.184279332004902,-0.22545541089124285,-0.9884550046565818,-1.1996683585871852,-2.171380279408334,-1.0264576523204065,0.39013552940529483,0.5451600368501346,-1.506705779010645,-0.5833780335191866,0.8730396436562746,-1.8630024844554687,0.3462307547956435,-2.2534862735429995,0.018465528614190388,-1.316117862555532,-2.2829172267066946,-0.6955506322082208,-0.5176663314121766,-2.3354754422726876,-1.4783867645451279,-0.6270139143462781,-0.9204496216476552,-1.8094760277951565,-0.8723506087224268,-1.279741632929222,-1.4051884034816846,-1.550790791080197,-2.112161875841452,-2.523657320959122,-0.09163914607511811,-0.5782078178264373,2
-1.3323698263526507,-0.16979395150436277,-3.090478609435363,-2.421102231649009,-1.4187827603371232,-1.5046616550442367,-0.7215192355598561,-2.233226197920859,-1.255106048843699,-0.4137150098417158,-0.7239014060935404,-1.415762778278993,-1.0716092475855679,-0.1100681661974641,-1.2075478427071045,-1.1303079413024484,0.14485596568178788,-2.8857082018205387,-2.1771613182716854,-3.1710339091242594,-0.43117279063630315,-0.9184168398510623,-2.372899887444498,-0.22216219199321732,0.3034067644953014,-0.4839878787845634,-1.2330753458590304,-3.057934319583744,-1.2792706323138168,-0.25454970902507174,-1.0256964981909735,-1.2698188545243785,-2.442155911337895,-0.963122705258386,0.4376869386866171,0.7723341539245818,-1.5593932778368744,-0.27187894588367595,0.8618547729443462,-1.8427490880354245,0.18928504016512648,-2.3720505393121294,0.12568912526724457,-1.4105647625651634,-2.399798052512096,-0.6812658511198506,-0.6588239670654703,-2.2761944125064124,-1.7250540993941816,-0.7326906732798592,-1.1312452624660705,-1.5707287753773596,-0.8871940506787006,-1.3609164094466197,-1.2156171393979187,-1.5035113305073633,-2.1636964318864056,-2.4244361966508308,0.1312178215586191,-0.5682527946315576,2
-0.9362221165186227,-0.20903130037743256,-2.0110798335889255,-2.8448694480742374,-2.15231032197394,-0.38251790073068537,-1.0083665071791235,-2.413100668642508,-1.3787265469533128,-0.9003272242647775,-0.3441221114216308,-1.3720680954561648,-1.3686763038543581,-0.294390725839933,-1.2558566249200303,-0.8962634512157114,-0.246817357439821,-3.046323393787336,-2.2996697282716116,-2.974076777168828,-0.6132062420906822,-0.8717246928563174,-2.669109751337816,0.19390501528358622,0.3308056314420915,-0.5100450277513588,-1.1258018498017832,-2.8050419711267325,-0.8982655653891185,-0.16554336851680454,-1.1217643392261287,-1.3500870621585421,-2.3668384519594996,-0.7933446647491803,0.24692227986606827,0.559504430375424,-1.6367046479908582,-0.30858735433155865,0.4557285262855434,-1.7292768792701634,0.12560496440920849,-2.2448675602242045,0.09727751576414716,-1.324628863519586,-2.376624478954839,-0.7554717106615905,-0.5872245870069994,-2.2945750763975292,-1.3231198751100268,-0.5999722697984023,-1.164735186705363,-1.8118991619578404,-0.8366961106304456,-1.2381021566507007,-1.145289985128961,-1.6165726895434858,-2.097014641670354,-2.5929155825590033,0.00796111356907224,-0.5342202556669646,2
-3.0948444795931715,-0.62223792223653,-2.585595542142115,-2.953442248701634,-1.1578495886342721,-0.6323354892314964,-0.8222987831917948,-2.9976339749657908,-0.8028306545332186,-1.04962260715281,-0.7220749447607036,-1.7407255242672348,-1.2637812760644862,-0.2314397435234328,-1.5991880379343348,-0.9417122096536328,-0.1673011022941201,-3.024395177191297,-2.8158566455746135,-3.351571499753888,-0.5669151838936071,-1.0843798971555716,-2.596402708461427,-0.2663400393398531,0.3409202392551156,-0.4297108233238686,-1.1599561609391766,-2.7666001962931057,-1.251664053132405,-0.2724025469844082,-0.7857588975862257,-1.3573468523442747,-2.2437484770918683,-1.0397871966870118,0.38909128579888147,0.573358909315129,-1.413396125707601,-0.365075146534574,0.6846401807122567,-2.127476402846503,0.3953920323117417,-2.2803270654146357,0.24820081340856448,-1.2867958701037894,-2.389934639275256,-0.6765539530797888,-0.6394139066186246,-2.400280974215863,-1.581191102207382,-0.6087724967697206,-0.9644612441753693,-1.6923900653922002,-0.790186973152364,-1.187184163256775,-1.2134820231972174,-1.5174011207034195,-2.237770195101069,-2.4654248969326003,0.09654568740535836,-0.5214164363877183,2
-0.7731349680419441,-1.1817638481373947,-1.7200321670201262,-2.9730029675199465,-1.318858264598261,-0.9386552708540383,-0.5819197343100324,-2.4144862250205588,-1.2755479151889355,-0.7587396377626442,-0.7543035977163591,-1.2701845818645128,-0.7012609937460321,-0.39048015129018376,-1.6013017241630987,-1.1936028053400105,-0.15555014571600967,-2.633828980842522,-2.4823073114427316,-3.054516090915318,-0.6235085576727923,-1.1354402113382944,-2.4954163882394367,0.27637193678746835,0.2504913225161233,-0.5095811740578494,-1.1903855653698492,-2.5365249232355738,-1.1248672579845307,-0.12707838893649412,-1.1838447237480716,-1.1223921591382775,-2.242424562366195,-1.0781689837577044,0.5108032621057572,0.8179610403202489,-1.4495869774302237,-0.21046182013338333,0.6004582424715447,-1.974749509062017,0.2021604889639799,-2.301332995108436,0.04435432663956837,-1.2557356519806442,-2.3015801642039184,-0.6290313187886968,-0.6206603655079688,-2.2583953687956013,-1.4840155915784472,-0.8849583107432936,-1.0138594385499566,-1.8148039980742459,-0.8189155515382025,-1.2015818752088925,-1.2574151299747265,-1.315342487197702,-2.0430214170263414,-2.5024360350167285,0.1028295820329706,-0.6376795179898768,2
-1.710794225918147,0.8819640285034468,-2.0898609907736647,-2.688218324636415,-1.0701190968668084,-0.6784034191622896,-0.5474877467566006,-2.8054338651253214,-0.9137395644942894,-0.42570961627127607,-0.5978357950815489,-1.4197844979685625,-1.4304980752926242,-0.007479296626616283,-1.6579579116204122,-1.1607719370850467,-0.3270885540270574,-3.03306410366828,-2.3071646406566915,-3.2355820788147556,-0.46603566555177944,-0.8036437671344323,-2.315060070148394,-0.19979951610305074,0.2414166398862844,-0.3753467639608133,-1.1478133490264533,-2.869977304442586,-1.2612537334442748,-0.2775761648828782,-0.9600584010895309,-1.2090972435726608,-2.205264275892138,-1.1342829897621776,0.2967697195741269,0.6425835042045615,-1.4158901441319265,-0.3155454087662851,0.6624355076741681,-1.9914008646949122,0.07281781598807971,-2.2383706045327028,-0.04421888434743792,-1.2754377863710067,-2.4267190319188177,-0.7303327777822235,-0.7381972583058348,-2.280958214201969,-1.583407047454529,-0.643982451286275,-1.2580574126940502,-1.7680156790312942,-0.8383343108564254,-1.3751231317874808,-1.2090104502381425,-1.4460850094814743,-2.1697256660264017,-2.5544521623680727,0.13329668170736736,-0.4374221971477168,2
-1.014553860408871,-0.39383615537002337,-3.3934741355516023,-2.4705070680752756,-1.7940522790180624,-0.6845257150045704,-0.7885240016661036,-2.3117943723020713,-1.1756074414918474,-0.8238724037226682,-0.6353205644215834,-1.6037096156972064,-0.9575186647380736,0.025032823718235675,-1.7509707156233885,-1.3346631733122747,-0.2735600645436257,-3.0899621450883994,-2.59225268337808,-3.3756255407999083,-0.7693281122620628,-1.019386888023247,-2.391822757841249,0.016713735687656044,0.11018897271976388,-0.24360973873928307,-1.2266032558584476,-2.7837222072469947,-1.2144983114282673,-0.06224546486973624,-1.1309057015872719,-1.2374647435332014,-2.1133307726223016,-1.1158076840461315,0.48906392222011646,0.5465660605122556,-1.3884953614676838,-0.48309019116198126,0.6270830038891367,-1.7081395115647744,0.3016557532679169,-2.2275430465817365,-0.005756776627468818,-1.4194165338621987,-2.5552243511607933,-0.6430914941316506,-0.7466489848226735,-2.392487111001759,-1.499754228598268,-0.883838650220687,-1.1396312948509086,-1.7675654096235147,-0.8207423731795366,-1.2247428855628282,-1.0831421031933888,-1.5973754485979033,-2.0968613955545345,-2.6436549680595447,0.06731608668405745,-0.47270910052101967,2
-1.174133316879671,-0.019936233855996688,-2.5820054769446803,-2.3852510159356224,-1.4449905523015727,-0.2882309244326705,-1.1673385786510055,-2.7515434475170655,-0.9935523481865732,-0.6967423371950957,-1.07363464229976,-1.575061319996283,-1.1593821388979368,-0.1932429408258047,-1.4546294990924795,-0.7652783772857452,-0.5417473741314047,-2.690942038633903,-2.6238798033312145,-3.374139256298253,-0.6641429685116644,-0.9623335376666342,-2.5883350854424947,0.10339612208267232,0.388052414848937,-0.44310056559525957,-1.4500774853340042,-2.8566086781648825,-0.9189611182821934,-0.3168140585179615,-1.0204748593589348,-1.3216556866662321,-2.1597797125788674,-1.1131394163535535,0.340333468672446,0.48030632546671725,-1.4549850565684976,-0.3203345802265564,0.4413162114889796,-1.8776547250054267,0.24176773538078566,-2.337066354070075,-0.1552507106171035,-1.3147619837519569,-2.3213086671307233,-0.6765398524598476,-0.4505467719285562,-2.3584621865003657,-1.7661220129190236,-0.7693483844478971,-1.0449926868818744,-1.7291069315157086,-0.7940173212093125,-1.2318930939290242,-1.379235987921633,-1.2644097897025801,-2.08675665011809,-2.538385830712795,0.02983737921065829,-0.5201995815665221,2
-1.6415975742784212,-1.2127396847758283,-2.4295026374745765,-2.1865029610240962,-1.4904642566071322,-0.10110150583833566,-1.4976366241279058,-3.0791141264579265,-1.3080488403893353,-0.3918466698117994,-0.923290712227625,-1.275939963259457,-0.9528743562326778,-0.14824726187624865,-1.574513075166399,-1.113449106636862,-0.3358883406095995,-2.7595504445674828,-2.4879322441872724,-3.3471946388499534,-0.5381634677217131,-0.7788902138617153,-2.3658881715370867,-0.1545111815457476,0.3137314737115035,-0.6429612333385006,-1.428763528495622,-2.7402757647482847,-1.3367292018795847,-0.38124056858326144,-1.1349546370630945,-1.3125461481211875,-2.189270244325301,-1.0487797220972568,0.22876291824366027,0.7021665468817107,-1.245141746048954,-0.3403375143674994,0.6681575184818875,-1.924878426873063,0.27622402725616424,-2.276264906538358,-0.1697076776242506,-1.3999696807234039,-2.337736231593646,-0.7000406231372652,-0.6268047583679583,-2.3424312863606978,-1.6152900619599677,-0.9282892643719987,-1.1754309209144298,-1.5644683441367233,-0.9158291986549865,-1.3175032056276899,-1.3857580217279795,-1.3887329431818594,-2.3183913821413125,-2.486292745546881,-0.122584386419717,-0.4188978104149762,2
-2.0567992181364523,-1.5223776871516628,-2.4656232917085044,-3.0443133351973994,-1.6116516360081323,-1.171562953688878,-0.7975652059835024,-2.6078051264664444,-1.0811322051360905,-0.8389504252401191,-0.902636048765453,-1.4781848633367405,-1.2241435188616148,-0.2885264084611881,-1.7436448750485676,-0.8741788653097633,-0.027433918503758044,-2.7156220764710435,-2.4118996291347345,-3.383708378021749,-0.5768493601180176,-1.019703367013046,-2.443351938721251,0.04606319799616117,0.26206608632572903,-0.5657023104713647,-1.4547979417685843,-2.8503275985283816,-1.0762712899301676,-0.16133938278494594,-0.9207695473090429,-1.3112382946527008,-2.1742175079214703,-0.9482577502082034,0.48506721805448544,0.6628164929898974,-1.4730644260488255,-0.40534911134338775,0.41932892803438376,-1.8313721461544556,0.374191706472664,-2.2123674553499377,-0.0593739476327578,-1.1268951647913619,-2.374169408648549,-0.6135960410616743,-0.652202562320552,-2.3829063298525437,-1.5186405164037524,-0.7634237280021302,-1.1589152743443476,-1.6166335678722277,-0.9367842043167081,-1.2797534172576917,-1.3130185068072073,-1.5300101447164445,-2.2487500293564135,-2.7361755767850586,0.01707391336240091,-0.328419706739232,2
-2.685471451786845,-0.10050639146914297,-1.3543340747868013,-3.2635531873935126,-0.9906760427252777,-0.9074578605808019,-0.34198990206291924,-2.3741846526196695,-1.2783543888792765,-1.1062208348485054,-0.6649575417775642,-1.2411127596068592,-1.0482360671908237,-0.5613757139563513,-1.3722518782286737,-0.8999057957782943,-0.07018374156694751,-2.847624535662765,-2.7139973772683197,-3.2419643290727405,-0.6227004273039731,-0.605540901152636,-2.5405994732249444,-0.11054021439106126,0.41866129198805846,-0.38511440781483053,-1.4387520720146585,-2.7752533794488667,-1.3472002427743117,-0.1454491627338767,-1.0864248535515233,-1.1995956180845753,-2.1197414149574216,-1.0229974642966035,0.26832287570112723,0.5992954466543158,-1.5369162013542286,-0.3778102771934649,0.5185769199508592,-2.039563680773044,0.20939797233883642,-2.1817769626682284,-0.10463948116961658,-1.360403514046919,-2.390700599177701,-0.5924247171349957,-0.683583100611864,-2.2191528905157476,-1.5965064506005677,-0.7819929999326021,-1.0626087219680591,-1.619326752465784,-0.883292595856556,-1.1829466874247743,-1.316452335894547,-1.471792726788551,-2.1645824411222128,-2.6111260055475687,-0.014978288536101683,-0.6305188060913649,2
-2.3624234054355853,0.09438607387065712,-1.475197619943129,-2.8014766218565046,-1.7071191680072766,-0.44172418759424253,-0.880997851308756,-2.5593426169166817,-1.3991244707090653,-0.3954222117255422,-0.37938527108893777,-1.523410788025169,-1.4995907660221288,-0.22372310645278554,-1.7155993966911978,-1.4588322774217706,-0.14581858594117109,-2.973971184854633,-2.7681543398935484,-3.397766513832627,-0.6086815434592361,-0.938720880632387,-2.564479196388461,-0.1469009393220192,0.27753908520102966,-0.18652816632957436,-1.1480113022577787,-2.6303996934056957,-1.4565218092346683,-0.18367273698221934,-1.0823282939047987,-1.345594325048829,-2.5133607777708105,-0.9864370380604508,0.18979132793924253,0.6729181506111707,-1.5486985476324246,-0.3063887949257371,0.5765020918416087,-1.8920962608247376,0.07319407966368252,-2.444695913032956,-0.06235627316184713,-1.2779104154696275,-2.4724880554213033,-0.5235119739441433,-0.7216484570832087,-2.1785915013149224,-1.6762456061743656,-0.4932238810664692,-1.1168325196747744,-1.6481852694050168,-0.8771540560278941,-1.0939556055684585,-1.2659011811507583,-1.4338049446117234,-2.225609805272416,-2.582603809093973,0.25337725052402493,-0.4791909387151373,2
-1.30235478323279,-0.4464383269856103,-2.330937213944028,-3.0625327363637713,-1.827032604664615,-0.7123327730305664,-1.135963357257227,-2.6312429186847583,-1.22117703312643,-0.7993174441560417,-0.9230007460963289,-1.6711241776189454,-1.005398352923811,-0.4157066999711907,-1.605831635308023,-0.9471743181849637,-0.277207640009285,-2.9342187514102926,-2.3221958394897597,-3.618856170326877,-0.6886445580522099,-0.7217503089502637,-2.339968799797494,0.21938623027808063,0.13053746677459432,-0.505810461887279,-1.217429855423932,-2.882400998011018,-1.2860270790030135,-0.026822380390664924,-0.9261696891805331,-1.4002257825693145,-2.116689514734834,-1.0508235374801231,0.32087774900664195,0.7551589237011801,-1.4659891604380533,-0.29731423190229456,0.7132928928999199,-2.018019445297703,0.34059082292841303,-2.053281314006049,0.017737390660732308,-1.0246730102889745,-2.5160439319222427,-0.598023773063056,-0.5768344065013219,-2.312345893772684,-1.8634270019247892,-0.6711204886631558,-1.1937665409228828,-1.861508731655889,-1.0055220746231166,-1.2602958220552951,-1.2666848845200032,-1.5295494298735883,-2.300709448058439,-2.6328814171096635,0.07191262543332248,-0.5543223634898375,2
-2.3279936354920068,-1.0100487327514385,-3.1473882101529793,-2.9841469039040143,-2.0557731358186078,-1.3959983770045779,-1.080726287937779,-2.5424561618659083,-0.800144470333317,-0.4898681933864102,-0.37963503125019793,-1.4430340309657221,-1.3174467899121647,0.1388236004233876,-1.7918688742344893,-0.9470846797293814,0.05187128533561039,-2.7906968103317666,-2.427769550517693,-3.080030924179282,-0.3923966781753228,-0.8957974587960151,-2.429386518519168,0.04889867355553844,0.2125504606833345,-0.40429844673144094,-1.1613095865572618,-2.8250819320352605,-1.2506606677108538,-0.18553255908078525,-0.9467525734489409,-1.3448830525168196,-2.2109986284237837,-0.968308695216378,0.5524877931324241,0.622323438810298,-1.1903316590584465,-0.5110691352988554,0.6976126927350826,-2.0272674186488504,0.18566480868804608,-2.185676730919879,-0.04947033957227549,-1.2518812332344467,-2.5567187267176177,-0.743882455643435,-0.7874607041796315,-2.384460310961116,-1.6976084916968686,-0.7659443009392229,-1.218162237750596,-1.7267215019372488,-0.8892767206087023,-1.0539410825646212,-1.3208504536036019,-1.4632128310747525,-2.285713980111889,-2.388186263878063,-0.018385879990797785,-0.36475898472653284,2
-0.6434009177987522,-0.681019589039253,-1.4882118144060237,-3.0343202420800344,-1.3696298473248238,-0.5376423473136863,-1.1976414900670698,-2.106968705739128,-1.3268494081561335,-0.7056692007398672,-0.9641473199747639,-1.471326911517981,-1.1623046702155098,-0.11504071890386927,-1.2473408898480218,-1.1279499689106347,-0.18314457315077698,-3.208671560406601,-2.502538376675164,-3.4291757021195695,-0.2653348625797446,-0.8294699996098773,-2.858209159709113,-0.2991649001598284,0.27230310436299215,-0.46905226108788484,-1.2585298430111902,-2.721141736108353,-1.2161408904312312,0.15808854803340167,-0.9420148663464384,-1.1526512563564977,-2.3275308256750695,-1.0691468044203087,0.15943186348354713,0.546505151166967,-1.4814432501884789,-0.10944519600376179,0.46957494150222984,-1.9647525269581811,0.3848735857042783,-2.4244817549943187,0.05571034021310069,-1.4186819032815903,-2.5450713434834293,-0.7501992013367468,-0.6661140004921323,-2.2609920130389445,-1.5988476809806274,-0.8400663856743124,-1.0945391471129875,-1.6498695999571418,-1.1386640182738308,-1.1390457738370785,-1.4012805481538289,-1.4124197912432157,-2.182568508786125,-2.5939919092559838,0.10254670966990263,-0.5706448712891965,2
-0.8067033595614106,-0.3715142139605883,-1.1769029051579771,-3.102481305480907,-1.4599652500360258,-0.679300786790329,-0.8102986405574334,-2.041902639702201,-1.2171928522929527,-0.22827737903600875,-0.602590895118204,-1.4077973193827455,-1.4333022438996028,-0.19297771724159407,-1.5254479544644515,-1.0546174032811935,-0.04802466593258583,-2.7252778660752717,-2.7065149837675038,-3.348777963997619,-0.5479975736970342,-0.932544742541332,-2.5187909484076463,-0.09683766683093323,0.4179128607790877,-0.36643363008774965,-1.1473196089622808,-3.0382647537243526,-1.3067750612081839,-0.27955668179061044,-0.9848599295635593,-1.250789266990596,-2.3486551053386533,-0.9124678465022107,0.41569925758224496,0.5668476472846506,-1.5137986026052246,-0.3255196062264464,0.5578150623104281,-1.8770623319873068,0.3573046664307098,-2.120315076974824,0.08391810357373973,-1.2620775422173014,-2.53459546825845,-0.5386975231407487,-0.6254048867677043,-2.2556980489758858,-1.549437954986005,-0.8245422774653752,-0.9442573326658498,-1.8969625279829105,-0.8122282517142537,-1.470616360085763,-1.176269521420391,-1.4088436141715863,-2.2512440436422803,-2.72472897568297,0.04144445479057363,-0.5251019918514214,2
-1.0456448065153332,0.29769813424573766,-1.7456098573965821,-2.7600018758843476,-1.242018631046405,-1.1247198432622785,-0.9816841181426995,-2.569953173713526,-1.2861427350532064,-0.585068766954874,-0.4978635314684409,-1.2724482364232508,-1.4910989217973736,-0.2921692162536485,-1.8867915049981459,-1.1002105884405453,-0.07581979996283669,-2.9750709864259797,-2.4950419217127293,-3.4695130379430172,-0.4248514460330367,-1.0430621006874041,-2.5661325598529436,-0.1011505264378089,0.3909569132191251,-0.4674185308663309,-1.3631250805485178,-3.0242531003628805,-1.2568690840131602,-0.238051466116882,-0.8317221659708498,-1.2418562080050486,-2.2349519247321767,-0.9154239269319395,0.13657291029447421,0.5719311749500229,-1.4025084164582853,-0.46529612398399633,0.6619296402702088,-1.9592292652269565,0.08345550147870615,-2.2365716017829373,-0.007408612065073032,-1.3682712893388853,-2.397225178770574,-0.6152676716570289,-0.741108851023455,-2.2689834683239454,-1.5727451426898973,-0.8177917167617338,-1.0425402016355738,-1.6950553905220884,-0.9453715762141757,-1.3645064737566963,-1.2673312512165067,-1.575346356174698,-2.02526500563492,-2.459235923570245,0.07488303648151957,-0.5534684880857791,2
-0.8425747766072018,-1.9805167219771018,-1.6258608561201249,-2.5563990058012567,-1.5718453006668374,-0.49565937024662154,-0.9287699621844016,-2.1782994943151412,-1.1711143207423995,-0.830063756118766,-0.889898923956152,-1.5316237977503224,-1.147736720203554,-0.05045395335810693,-1.2128666512493045,-1.304429210839649,-0.13502544050012394,-3.0671277869962,-2.223149814671776,-3.401843039450645,-0.419389612226181,-0.931849248004969,-2.492790231064794,-0.3118177283519375,0.28234739213063803,-0.6292930720005334,-1.1623831560281639,-2.7317213611056874,-1.3525292308219188,-0.014674596955788238,-0.9861423299838534,-1.5161673982505663,-2.581095040723574,-0.8690209478356306,0.44641775049018695,0.5179447091090684,-1.5609543814375928,-0.3447296680067128,0.5704441686704436,-1.8167871696472422,0.16766520550754851,-2.1647273290925058,-0.07129104659643601,-1.1753685911733878,-2.3743604098319784,-0.6554843415738542,-0.6684833432835313,-2.288383903834388,-1.5503894231798163,-0.65623062208735,-1.1757866831577979,-1.6770544471191435,-0.83904381296706,-1.2702739610091764,-1.0484144107527436,-1.528155612510789,-2.133923922081856,-2.489195086197954,0.055247458668064256,-0.3585699563468829,2
-2.1369095583991498,-0.7469542920375529,-2.715528002840181,-2.336621883903389,-1.4981808196918334,-0.7916163313376747,-0.8761746789392202,-2.239379145718271,-1.641544728382982,-0.7455215192591744,-0.9050816273434579,-1.2050778036841046,-1.3018352469661332,-0.043711728135360534,-1.6106332765973501,-1.2229245561880624,-0.10015535583612778,-3.1506765836211033,-2.4725584617813396,-3.64830496341586,-0.6086661483345975,-1.0815924656364668,-2.306301718731192,-0.13284880897121584,-0.053828645816237364,-0.6522829511980086,-1.2955299778317713,-2.5684385832096455,-1.135746577948331,-0.206445608100711,-0.8957498029086485,-1.196612604383034,-2.282074285089142,-1.0328419109586335,0.3403044554347322,0.7803262694905402,-1.648295362385217,-0.03979661407494112,0.6368231771802124,-1.6767796010121254,0.22116910355007463,-2.212182994292778,-0.038337673579098945,-1.206988238775006,-2.4740896086947166,-0.6547243559812403,-0.6936109439465212,-2.4474596034215206,-1.6098306245075986,-0.5697346946832971,-1.1706700787219544,-1.7686475391061998,-0.9038515828166545,-1.2553007218878638,-1.159685930501442,-1.4279590578908399,-2.193484877006991,-2.4101969555050813,0.1017022859560851,-0.583441687212527,2
-1.2497657620995477,-0.36034933931469504,-2.854183081083334,-2.1844560404576883,-1.694249894129715,-0.6190644119852733,-0.6304204638210933,-3.134186817583867,-0.9357090066937964,-0.666219922501965,-0.5634531618853288,-1.1295508609757945,-1.4396037837267273,-0.365791832669894,-1.8167979386303206,-1.084750038984924,0.23396559096428066,-3.2430884002495635,-2.542449104158325,-3.338035454819395,-0.5967014374667224,-1.1411992185378628,-2.5328556572035716,0.21164949793495602,0.23517294813093934,-0.19332068109932013,-1.2156912257464954,-2.7771467273320845,-1.223926581242479,-0.2651114681300447,-1.0823083778529257,-1.381175254548042,-2.1861676399912313,-1.1940182022028878,0.271322012872507,0.685575714566431,-1.412572160820154,-0.2509860447317617,0.562227252178544,-1.9446414679551227,-0.05627101453249994,-2.054107930278067,0.22067784409664484,-1.3043107770396467,-2.44882343644275,-0.6264428228083497,-0.7519537924098905,-2.3404712835117594,-1.5382968805098198,-0.6385002805690696,-1.2746353325193538,-1.805470048319523,-0.9129523225487538,-1.3330397830961396,-1.4145912822842992,-1.500139489092153,-2.053546248636353,-2.5120518378117644,0.08415262542463149,-0.345203705375259,2
-0.2920719589109828,0.43005848411534087,-2.5384158967340444,-3.190592457571534,-1.7769490346112093,-0.37331370668897024,-0.979818736187126,-2.6577412745805984,-0.7191028158953502,-0.577957715690508,-0.5359860033335717,-1.4802047856967384,-1.5526501903405874,-0.4569259693126718,-1.607923419192267,-1.1247810252033943,-0.05962551962230497,-3.2445818686312573,-2.4273287538429487,-3.3747366418841165,-0.386266599974631,-1.0084531153661767,-2.3874741710140177,0.10254695599171387,0.23205507599306774,-0.12235767375576279,-1.1763142706977767,-2.614528732732902,-1.1484104952577003,-0.13177102768670718,-1.2389086915492389,-1.5639086354278837,-2.181108792535374,-0.9287115083411295,0.25634282739512393,0.4450359946198051,-1.482229503867677,-0.14661247834441832,0.699845473290741,-1.8812953760778095,0.16660807775350506,-2.31992274343665,-0.049161781800677554,-1.1624773817992096,-2.483215089511704,-0.700193609300894,-0.5804450722586527,-2.417717708793039,-1.3683265496187278,-0.8075440857049142,-0.9333017352884098,-1.6666368512788885,-0.8078207716422243,-1.3182081056633486,-1.1955862722140573,-1.612971511997958,-2.3430533054352773,-2.5250052760741006,0.052341201579371985,-0.478119023669193,2
-2.0249091785006215,-0.02729028631479219,-2.5858004696770243,-2.1389670269421233,-1.42345887914178,-0.3946383686773736,-1.1464746843178824,-2.9877784434038213,-1.0506273198979674,-0.4517285480057979,-0.35951374130116803,-1.4269473865414306,-1.3331936927210817,-0.0741817512057529,-1.9688525043427312,-1.0794086379517986,0.07318240860777059,-2.9624180199793377,-2.3897844564635076,-3.1261672495067168,-0.515155170901199,-1.0781309188350978,-2.3461284518457397,0.08257542270121108,0.06695096551856503,-0.35266767146757905,-1.2387482486571348,-2.874167697666968,-1.2952613731008407,-0.18615464449964764,-1.1290020746042846,-1.4858163562612048,-2.0393724419004005,-1.0550215061967887,0.24269047271401264,0.7266992605396616,-1.3960406286244225,-0.4046931827050408,0.6167813193018256,-1.866094301467165,0.11536832558893037,-2.282611905335091,-0.23314203065443298,-1.1615837129854976,-2.4129749126887483,-0.5466926608892667,-0.68601594965309,-2.5482988795186774,-1.5055439407581142,-0.6897546297811582,-1.0640768267218743,-1.5087142394724158,-0.9305342355578233,-1.4246962577627678,-1.2322610773484033,-1.3552014394613432,-2.1397425679024313,-2.5636630954313433,-0.007935546412157032,-0.3997029150942293,2
-1.1334890391339294,-0.41287706076600916,-2.145925640956016,-2.4982529144046213,-1.605305432767913,-0.995202752435419,-0.9521636762762329,-2.0703434938694656,-0.8200190924087964,-0.8145921701021679,-0.8092769375765219,-1.3382438204113758,-1.3584620112418155,-0.3896672884526992,-1.620765858590721,-0.9612445407149761,-0.04562611588968108,-3.2284584036954085,-2.681417194636144,-3.263537216081331,-0.5829074178695407,-1.0878347468914318,-2.589425693921315,-0.14607350294698876,0.1313849185624592,-0.402391416403992,-1.2951476477149528,-3.0463558018884855,-1.162245109412374,-0.1443243871405988,-0.9731871480092076,-1.412541408791162,-2.3115952226366367,-1.2237039452574505,0.44122628108970874,0.508308630641066,-1.3250477424597529,-0.3371955417578829,0.6185818699342162,-1.699876386209871,0.21604657604289065,-2.2469625315515374,0.02129647152084043,-1.2409479972387947,-2.4653784527534293,-0.6230914451863898,-0.570268807182583,-2.4479576099648113,-1.4773014118237042,-0.8102913816366503,-1.0416439121081524,-1.705383686669921,-1.0066259077932243,-1.1247209699276746,-1.1501142140044642,-1.5199803215516954,-2.1425516530755635,-2.587343782455916,0.07748240146021745,-0.46466076262811007,2
-0.02826980835626336,-0.2060234812229531,-2.1766423870908027,-3.0799124412521746,-1.64850448438838,-1.1117883307032195,-0.7514902449046571,-3.0562798638454725,-0.8662900574035778,-0.4010508000113577,-0.8223896294282768,-1.49262055425387,-0.9878393128129805,-0.29760113624454576,-1.569434597562865,-1.4136974675996485,0.025066305405935227,-2.746332528519308,-2.4662255651846356,-3.300600495680812,-0.6208628584421423,-0.8976468727171468,-2.4136227090075333,-0.10403383176763431,0.021330081642941867,-0.5635470553018191,-1.2729066372653357,-2.88157425218121,-1.1319578400577555,-0.20660362357511763,-0.8520030649782263,-1.4220839553047162,-2.322679362145743,-1.0023629511152325,0.35401724499191034,0.5818269725449541,-1.4714900516654466,-0.290342707401484,0.5177322447851033,-1.999750873286195,0.14859444049567136,-2.28202420608217,-0.03081509453733769,-1.175734164287772,-2.441876121870445,-0.6570542962004663,-0.7017444332858878,-2.359477931074415,-1.786403560116114,-0.574231005442176,-1.2552988542490202,-1.7514268201425294,-0.8104700911356473,-1.3156462728198517,-1.3206470149704284,-1.469932944060801,-1.9541373973743037,-2.5196651970337496,0.13550636955858203,-0.5351364046254926,2
-2.311646045787052,-0.38151424589697336,-1.7651653708671857,-1.9874017562099535,-1.214468723503481,-0.5688411754826066,-1.0107255919252989,-2.4769617882404464,-1.2810692458877313,-1.0041460308862704,-0.6256561715044839,-1.4277159313925107,-1.0820535488828238,-0.32733235775228836,-1.52264612557396,-1.2604642538553223,-0.09311814776031802,-2.753339585070593,-2.397013144207092,-3.3418068626957877,-0.5639274079794575,-1.061743844093261,-2.455080860784151,0.1334971451274592,0.41641776487491106,-0.4036757084946906,-1.306028846397218,-2.8812780767418724,-1.3380780310384055,-0.15075762132694942,-0.9969367819504342,-1.2949915946827495,-2.2718323447301034,-1.0857048900673605,0.36829491724059915,0.8100816731241722,-1.4759174883995794,-0.16592984629635732,0.5407116553500243,-1.8984564853410584,0.2783996215124607,-2.3590187432089174,0.22307882706611515,-1.4667367629520767,-2.3708882905540882,-0.6913427467360796,-0.5657199503188017,-2.363354682950598,-1.7719577897219208,-0.9285525492708642,-0.9540973055352447,-1.6864897147997377,-0.8737435731285849,-1.1780441964668593,-1.5061608112783913,-1.4670542075249375,-2.2529942386954107,-2.59379430017702,0.1553618365119675,-0.3967914026597277,2
-2.557483033294859,-0.5172209237669925,-2.426014670108341,-2.942183379738823,-1.275714942122645,-0.9686979668227105,-1.0128289637571548,-2.3473143784347146,-0.5926865838744446,-0.7094015772544123,-0.6050211287141878,-1.751691562403111,-1.13104811657035,-0.3840195657623649,-1.3724708352526418,-0.9304930145101475,-0.03425629670728014,-2.843756177501192,-2.570624921367117,-3.457894387693832,-0.4771322817326548,-1.020689956955675,-2.3332638687430256,0.01871718183445635,0.14071398297738502,-0.6059035345428462,-1.3689014215490594,-2.689722734417858,-1.3144024631614117,-0.3330245098877735,-1.0546813824011914,-1.4087723408131099,-2.1491962217405582,-1.092163365650676,0.4120561995230428,0.6650765935596805,-1.3368594108714655,-0.4903075346767881,0.6971737579794014,-2.1477136632414617,-0.0437748260023193,-2.242873076338891,0.007579282751541384,-1.2270101795821202,-2.4028498798857885,-0.8404388046333646,-0.7356958289530408,-2.354283922393322,-1.4833954817988853,-0.6930850613921404,-1.0424431858548917,-1.8320455722888478,-0.8342904588760841,-1.239655242144581,-1.424808601394121,-1.4414298527358498,-2.2617751766485417,-2.4755938686104435,-0.10059240900955849,-0.39595001383077433,2
1.010228869227604,-0.49974984385907906,-2.0322864597106927,-3.1269508271121103,-1.882683649438009,-0.7499241478053768,-0.922921839505793,-2.042076094399851,-1.1156171462087938,-0.8083107414708901,-1.1951782824838466,-1.2839823421120415,-1.1237775050804157,-0.44767516138116864,-1.6422872144096936,-1.1094821685082548,-0.40415181812647405,-2.755285287283476,-2.5296082610181063,-3.252108862276218,-0.2684917345412048,-1.1380608425589784,-2.6660501957976095,-0.14459613255973874,0.17894978678367093,-0.3860065426992178,-1.142254945799453,-2.7496577061562064,-1.2635831493108343,0.015124566059073252,-1.0539644500109009,-1.4086266155368445,-2.3297967639705126,-1.1084344822291978,0.17300067607676134,0.8074613440002574,-1.4207768693814908,-0.15701322191565564,0.5379947819788773,-1.7826746563293128,0.12467838510951142,-2.408635540055008,-0.10382450206555956,-1.3570551202591528,-2.342395582280643,-0.6833075483118666,-0.670801435570595,-2.1727659720467103,-1.5962768216286498,-0.6011901598674826,-1.0751054358928032,-1.6904495865773719,-0.9711131778268819,-1.4394279255596436,-1.2527869698057308,-1.6113448070565752,-2.1109650915787985,-2.5007519340879303,-0.12024882975767734,-0.4481611977819994,2
-1.0417603795656754,-1.0000572525247482,-1.8714546369486071,-2.9211299744784034,-0.8756044058696711,-0.4527212438941985,-0.9354883167237031,-2.6328945467677354,-1.2815394616840117,-1.092141790575639,-0.8506503529597369,-1.4996289441770625,-1.2274591819452705,-0.14320282510413102,-1.6236159963247363,-1.0010806945990744,-0.09446155893139405,-3.0004109126379888,-2.2798716147729854,-2.8831571718326376,-0.25597410878134497,-0.9445489114274754,-2.4553865091839873,-0.032037148405257454,0.29257355298309295,-0.3842195334010976,-1.2017101798304486,-2.8898877322496226,-1.3389794926038843,-0.08731157570066711,-1.1241408145140472,-1.1252692147616328,-2.3662397384015046,-1.117134455148082,0.444756883684326,0.6803484642456761,-1.4029122477216098,-0.4839047920658661,0.4544856559454914,-1.878937723832512,0.15744174962669305,-2.2757240903346214,-0.14117273020473375,-1.1674496991339613,-2.1560895957629955,-0.6482800991863658,-0.8727400440503235,-2.2786335844364607,-1.581776759690457,-0.7930439329011796,-1.2726289567816393,-1.7641230062337188,-0.8931733165480238,-1.297823401094398,-1.3567820884066164,-1.6389723009868107,-2.192313403719347,-2.4922016858648193,0.19884047713570707,-0.4536370372245289,2
-1.8449357396507837,-1.381812146024644,-1.984679428126329,-3.268612660910575,-1.055790263190855,-1.1411941523537128,-0.7394660399052061,-2.153882802431161,-0.8551373817595797,-0.50445243095869,-0.857805504856876,-1.415179049455696,-1.2608889983171663,0.054675837671061434,-1.6038483961252525,-1.090928135555757,-0.14935711119743061,-2.8270862957822445,-2.440178166270912,-3.022984111862124,-0.29549881954023094,-0.949310504472321,-2.2940499734106123,-0.22868579376029505,0.2883811164925165,-0.4737844812212324,-1.4430723188793695,-2.864677964724612,-1.453147689074708,-0.14037675856331214,-1.0024794324119446,-1.2314266443822004,-2.2834655465986207,-0.8791406117689451,0.312786470312281,0.7065378495085675,-1.4299901353893814,-0.30894975379421097,0.5238226357330346,-1.7182453213509121,0.14958410322990742,-2.3709978067187736,0.0739063763855768,-1.309345976772536,-2.390838973727687,-0.625228331665423,-0.7275852247899816,-2.3595351624747196,-1.666200881229075,-0.7044855717734724,-1.0455636329666858,-1.6312570696598563,-0.893971451075771,-1.3160918519233613,-1.3075233728781208,-1.5727893082378308,-2.0400924143942785,-2.528646292639008,0.1375045778427592,-0.5427758682123291,2
-0.7981375350548683,-0.24115621684006167,-2.8302175631222766,-2.73605444045413,-1.2794798629220174,-0.5017755935486399,-0.7345714768093041,-2.1660128351297785,-1.1437909591455095,-0.6886323586897489,-0.561959881590854,-1.211990504542393,-1.1894643113842678,-0.2752581788850206,-1.40204934083555,-1.2679835252330887,0.006862445650015925,-3.0273813880777305,-2.469253631103879,-3.2614783616027982,-0.38013821553947447,-1.228745953508164,-2.47095477657896,-0.02748583050677033,0.30600582565053863,-0.38871267814450655,-1.2487395739203673,-2.851180074230679,-0.9282903536560017,-0.1850531466729947,-1.295228763753101,-1.1997193669203485,-2.193981862509299,-0.9810689483634073,0.1839234589533063,0.7173232162415507,-1.4531907280822725,-0.33747862062398426,0.570931053068485,-2.058383652598552,0.1648493922261954,-2.375172975260221,0.05152569534685858,-1.3818863627295133,-2.4928251217323094,-0.6922000790179683,-0.5876520036505916,-2.39993789722446,-1.5526736014893747,-0.7782018379772226,-0.9472672425568972,-1.899013128319064,-0.8093301092824677,-1.2319947655216008,-1.3236312007606286,-1.4686380853702936,-2.0907728740643154,-2.4219261960273304,-0.13953514946312529,-0.4774812867462305,2
-1.6376911318831575,-1.6200044244334193,-2.3003454630746356,-2.544987470132379,-0.8857820061989694,-0.4062156240201285,-1.0131380367697278,-2.392296770172777,-0.5527908063312998,-0.35422119036324595,-0.9272308717322404,-1.1641301788720588,-1.303150865819421,-0.35489808698889697,-1.4907197438829842,-0.7230313877335245,0.1405928025811559,-2.7180697438376864,-2.4727147522677124,-3.267538557406244,-0.46528184509772064,-0.8538293060492044,-2.3194441188374926,-0.09092929789741755,0.32603177255976745,-0.4104025194242572,-1.371132441431103,-2.8284004018825497,-1.1648349774352125,-0.3064601873271555,-1.0119602227657019,-1.434441228246238,-2.2344071997938766,-0.8410788948308255,0.4949880607102346,0.7163091840750843,-1.4466346897994287,-0.4113122892181821,0.492799192190695,-2.1004931358324037,0.3545984415503846,-2.1628503240617585,-0.03929769019425424,-1.1988200460931642,-2.6049020437388086,-0.6654662427328772,-0.5426611922068199,-2.313473230066806,-1.630044698786143,-0.45802324906379654,-1.094597811910711,-1.7139212470518166,-0.8799502752476601,-1.2464969659501945,-1.318910590921793,-1.476228962513859,-2.270933270748277,-2.4940056489510174,0.18970528129945174,-0.5454729839943999,2
-3.672582134540189,-0.8012228238857773,-2.00369010063811,-2.7955105478069737,-1.8889461637339366,-0.6317570269365669,-1.0095015822273754,-3.008696178049574,-1.0493268747951474,-0.5420414598628169,-0.8597853776511697,-1.1179237961031538,-1.0431401142170618,-0.3469407280784234,-1.3929758488113502,-1.2223981705117062,-0.3253154770355034,-2.7445075373467342,-2.6346417289425057,-3.1037855133775945,-0.4757883770357601,-0.8931559183573177,-2.323552903668057,-0.06340863300039175,0.28336234895979506,-0.5349807348908423,-1.4185496351926223,-2.968631402071437,-1.2731056977106048,-0.18128562215947436,-1.0282289691702573,-1.1829213379033878,-2.322597418584586,-0.8854569812489375,0.0643229331519578,0.8904670993626906,-1.5058335869862347,-0.42505642822427203,0.45992438360056676,-1.9897775022376958,0.20074260853248677,-2.219355282084363,-0.018309504204246763,-1.304903877420502,-2.522183783904306,-0.6844527782596189,-0.5794162590948708,-2.483025487961386,-1.5172439498179953,-0.736875493874113,-1.0468671821910283,-1.7233535902620594,-0.9312109551492239,-1.2716070305345628,-1.2648991303153427,-1.501338933350751,-2.078011483094162,-2.5209732748161255,0.022585384374904177,-0.45915219233015203,2
0.8921499481090358,-0.8467389187849756,-2.994046332283785,-3.7177788927203204,-1.4216707485135012,-1.1136963913642188,-1.1163230018614094,-3.011753863470301,-0.5381556237302383,-0.6942500497598004,-0.5636981506435563,-1.4248317728595765,-1.6021697774690142,-0.16921745507751945,-1.4329269941104446,-0.9353843365735514,-0.07216503496171106,-3.198692250717288,-2.3301147503055444,-3.398896322243968,-0.44311575153324295,-1.1700495074022237,-2.3947364443823034,0.27229889314116207,0.25053060683562417,-0.34967970324013264,-1.1460427333159149,-2.763082850773073,-1.2832088716569081,-0.006953304803867966,-1.0479062158446448,-1.1867645423015387,-2.213566781429643,-0.7691554668156094,0.3357935114466393,0.6014726773707331,-1.5094629866513793,-0.20967665929418952,0.6456247002060318,-1.7464688628047105,0.30421004283104147,-2.173668583041904,0.07048648536871892,-1.3852365066926655,-2.5144841789180608,-0.6155155734475215,-0.41647627547452937,-2.289338838774866,-1.7453862420218045,-0.857534906726952,-1.0676351365869026,-1.6272098471299494,-0.8244096071504801,-1.451770531502035,-1.1174602971297443,-1.3949836506214215,-2.2303777471750452,-2.684708251019794,0.05568785909793571,-0.4431962627367323,2
-2.5591869602344515,-0.2560276811565977,-2.460474421205997,-3.8367887676502668,-1.6319445515008066,-0.4353298369586011,-0.7116480060306503,-2.1977340964395546,-1.1905720507475486,-0.8954483278991926,-0.7568417259867456,-1.5090205479320395,-1.443198627791388,-0.4153463799222189,-1.270424169681753,-1.059379659037296,-0.29761848913168576,-2.9307362593430812,-2.6210805912959656,-3.1317905345951855,-0.6836256840244034,-1.022609366268443,-2.4708591235763637,0.011076958192876622,0.3060220410351096,-0.5774435134318114,-1.2993453974093574,-2.7094006251366887,-1.1338542748240528,-0.325681662614686,-1.1176714296854744,-0.9939945663557511,-2.283522092719296,-1.1847849311522833,0.2563284279995682,0.6081774887504746,-1.4945846361349795,-0.3869927106743433,0.5103528366823591,-2.1116625458488056,0.3002823312952685,-2.2841501339331916,0.03401931256738143,-1.3215156039506937,-2.2415462267350366,-0.7231899928064568,-0.5647839414161536,-2.3508190750069375,-1.672169973338425,-0.7453435280337644,-1.1652378517473798,-1.7908083255514002,-0.9452198863977311,-1.219222461183196,-1.278221775019932,-1.5628392686228636,-2.2624010340213565,-2.4862854043782705,0.18054165640379244,-0.5449155508902457,2
-0.8549190092312973,-0.845163413966117,-1.638712672042375,-2.898978753562656,-0.9147143077564057,-1.485321263841612,-0.9164228785154555,-2.007669010936053,-0.6909703216545489,-1.4880799746719933,-0.8701674985667642,-0.9430979983707046,-1.0090290730913283,-0.39926392771282193,-1.4507289293146486,-1.45390931661021,-0.09914550411746689,-2.9829679679954437,-2.067363788059927,-3.5131791655359494,-0.6880631427282781,-1.1138031656394372,-2.3554227461504698,-0.025158076986128496,0.26180909381414696,-0.38866329317983017,-1.0531574898214071,-2.9419706006702633,-1.4111239602243948,0.07350589926090295,-1.0572760169967568,-1.3549029632303338,-2.2187136665490415,-0.8755130970405929,0.23485977466040442,0.6294492552610431,-1.3171121857532329,-0.3976130368484163,0.6209443517850639,-1.9140672399852752,0.16012139059451028,-2.3033997361564023,-0.02259270541643086,-1.31658512031519,-2.4370721334042034,-0.6853325146095921,-0.6681554602011576,-2.4930398977598895,-1.5710470265894918,-0.8204589245897136,-1.137128804947379,-1.865362361771811,-0.875696685750062,-1.3430558078201202,-1.116569778912119,-1.6803252546265817,-2.1873953314251753,-2.387480655313804,-0.0058627872433844805,-0.39727277773292036,2
-2.474877149842806,-0.8303430656911517,-1.7783836492875889,-2.7756402013597645,-1.70230913252074,-0.6688274999751633,-0.4316083488724044,-3.074406818553252,-0.952432058585726,-0.8536844495694411,-0.4102411029064842,-1.2788652509240983,-1.5000425075297517,0.15371829260040737,-1.5843208864022225,-1.3448129652945664,0.07486371368429742,-2.9519862083762414,-2.4087601969121533,-3.38752883621436,-0.3558589526844499,-0.8856423274385681,-2.502685660773533,-0.18530828102951216,0.3095339579937696,-0.26031737920086356,-1.2248781354532703,-3.1032987920320396,-1.025625278073156,-0.22305498593084166,-1.2580793466763458,-1.2575121476925037,-2.5582253984618286,-1.064474025634021,0.3660590821145326,0.5584909170187216,-1.2116157024520617,-0.1805108792167157,0.36659303545662414,-1.792246612505726,0.32694191635254144,-2.308855815295683,-0.2525303455103787,-1.1942440748233276,-2.3473580597215062,-0.7327354801295717,-0.5762931944674987,-2.1748629931206276,-1.5712332304440737,-0.7490230551115009,-0.9644879336089739,-1.480771334714238,-0.8871046696409991,-1.2948382838474712,-1.4635723797764528,-1.4353523543006754,-2.118187196372901,-2.4633407307563204,0.010575057923963661,-0.5944055867158582,2
-1.727049794778078,-0.656052797945939,-2.0009327115705102,-2.8540834463382416,-1.4635658108608978,-0.6491991289778944,-1.1930769120481182,-2.6381873392603925,-1.4516542368672822,-0.7298589029822482,-1.0568005647266068,-1.3718006269436478,-1.1680449156493122,0.1109341512676742,-1.2954413351392187,-1.0934151666518421,-0.07168961112030586,-3.329232356052787,-2.5357497424660793,-3.437509725640647,-0.5417129292138636,-0.6800043457536287,-2.312439192881808,-0.2655696523613227,0.09191864711383987,-0.3889374995255231,-1.2751757770296306,-2.9189407051101286,-1.2880693446744396,-0.1633705352172548,-1.0771594722711133,-1.4443663072786406,-2.1843951946225233,-0.9185610104829561,0.5930998560889289,0.290021477315616,-1.3935493637039011,-0.31658619061296084,0.7221970981738112,-1.6328593485899965,0.15484544403450407,-2.36283813793891,-0.017226316426048244,-1.225925624861948,-2.411520143614962,-0.5861722616225623,-0.9278998998260408,-2.3398325632901473,-1.5053874793759354,-0.6702569775782613,-0.8963254852438347,-1.8194449740245253,-0.9791848209230369,-1.2522701045330642,-1.365222751939135,-1.6359812912443361,-2.2450438380209943,-2.593911998664991,0.0884957786055422,-0.4101996132598805,2
-0.9906880920272039,-1.4465855815738857,-1.9526005692675212,-2.9844809809442503,-1.9126272851091335,-0.8544117369253629,-0.29955657887846576,-2.236590680966287,-1.3309644366223214,-0.8108623088000686,-0.36288632321374475,-1.400645195022219,-0.9410751450887807,-0.4808864722260101,-1.945345789301627,-1.317870794155452,0.1892604033369052,-2.7522442651155896,-2.640813068356186,-3.4663471421376495,-0.3625249074903366,-0.9497168122049721,-2.4385098818768185,0.22261270945258155,0.2711816267715616,-0.2940266215294361,-1.1343090063832713,-2.5619988929144184,-1.300063849183102,0.19128066928139315,-1.0347737722366508,-1.0630698555697409,-2.2271864675993687,-0.9565218820059022,0.43728955754093224,0.6416415574907998,-1.4266147088910972,-0.4594474690133564,0.4694266348141135,-1.9524014458738823,0.011029396376117717,-2.3118747766499106,-0.08511028205527432,-1.1588799910569882,-2.333590534344075,-0.6567040522161438,-0.5161887732572454,-2.4201784940803397,-1.6984558210449108,-0.7390257142539175,-1.130505276841531,-1.6667701486458266,-0.8610091835106607,-1.3379540735968487,-1.27827472717379,-1.6787874744372615,-2.276036216520843,-2.684975999976344,0.15546940135829945,-0.486325410109135,2
-0.5795851547574443,0.13426017994747919,-3.5275304214905105,-2.8255298204114925,-1.9247292803104965,-0.9812344042167688,-0.7366721536018266,-2.0189448821596705,-1.2315761109965033,-0.5138672262528458,-0.495404796645426,-1.5292492610724244,-1.160495751272684,-0.24368322445163182,-1.4504284851886098,-1.1729327009933916,0.007413515039616708,-2.8236458435293166,-2.508759826452815,-3.347315398053845,-0.19764374624575587,-0.6713618739162729,-2.798035306463961,-0.010381185534704657,0.24774238775109617,-0.45698485033406283,-1.2416597797304891,-2.7252175150214875,-1.2800347434508672,-0.35098189800065405,-1.163327681597086,-0.9288445555147138,-2.2640012914050485,-1.1604106451438208,0.3441566277465138,0.6957481705766363,-1.5643245272998179,-0.36413115566629567,0.6754312873296665,-1.9934767401910345,0.08420076671648241,-2.3567202736485338,-0.1256657610455657,-1.1973239368535102,-2.324942737755798,-0.5071637017471732,-0.6627771792216536,-2.2155792062230386,-1.5170615711644118,-0.8156022212101443,-1.0545462852687548,-1.6444869938541835,-0.7761885513095276,-1.2556767116073315,-1.254667147228961,-1.4898028367501712,-2.339747221415408,-2.544178350902823,0.15413767974800674,-0.3419506769152159,2
-2.5546566316783412,-1.1970532399440164,-1.8149010255761935,-2.9507540230343916,-1.4493330318616495,-0.9812691104536971,-0.7722779461360503,-2.164498711005128,-1.1460687246843433,-0.7451969476534139,-0.6318163995436717,-1.4974100050774424,-1.4655949931940684,-0.3658145880733786,-1.8186701546512167,-0.8188393628729461,-0.062385214953594365,-3.095484268682778,-2.491489792055703,-3.1336557998511005,-0.47526105213203224,-0.8475561953110586,-2.396249357708373,0.20408123054738048,0.3562709120974352,-0.5121974223176523,-1.3089543362872136,-2.841685434976018,-1.161434568867475,-0.23604648162141534,-1.2340704689766817,-1.4351517731539118,-1.977966703980032,-1.0540268903797538,0.2807199469805693,0.6363879533407705,-1.4841012414941668,-0.3455454603197528,0.6680682986334314,-1.8547510590284717,0.08889533605879403,-2.294990981471992,-0.04848262533806647,-1.3655725023187608,-2.408001557322542,-0.6212098841773089,-0.41992088556441726,-2.3929038866275087,-1.5446043112781491,-0.7955749067991904,-1.1955704311487605,-1.8077966615393855,-0.8760795300196966,-1.234426622613603,-1.2468785219005056,-1.4749740250289227,-2.0247525780477114,-2.4972596039022057,-0.042603066219895916,-0.5624139120103919,2
-0.6913124658677713,-1.2818157660753764,-0.8293413109922116,-2.2111740718524535,-1.292139006464303,-1.1075587181085422,-0.6875186272294876,-2.6481413704237653,-0.8152554415207793,-0.5755824146001797,-0.6925658803459243,-1.12361126066106,-1.2086168242343038,-0.2889661574317187,-1.769476643186779,-0.9243649516449401,-0.2859195266867547,-3.208299174197818,-2.5056768406391905,-3.244874216946127,-0.29001255980116225,-0.8577689038111708,-2.341519294205375,0.03703890446590638,0.13020822677882374,-0.37598692223032115,-1.2596091563421528,-2.8036169350653615,-1.2476848731681534,-0.1371921331464347,-1.0558041263630653,-1.1386332516174933,-2.1065999852519166,-1.1129909183809819,0.32290142413568573,0.6300687834870641,-1.364969528069508,-0.2969177983237931,0.3843091505686312,-2.0541137723211866,0.04590107713886893,-2.1245849352794375,-0.11936204272410973,-1.226338362977922,-2.599467868576291,-0.591803527955811,-0.5904817711738777,-2.557476375969954,-1.6144322068870685,-0.7880661024663269,-1.3500767148067785,-1.6130864004029286,-0.8640881330554724,-1.1806471255212099,-1.3986477883679151,-1.3774777259477846,-2.2377201202833987,-2.373202336234815,0.0811923687138941,-0.42959412128300556,2
-0.5218135442754712,-1.3873019582582482,-1.925158017636229,-3.431515335531018,-1.2329696294977373,-0.6642108121927718,-0.7589330389225508,-2.346867303405238,-1.3182602110324033,-0.6123936386533632,-0.8010011115032849,-1.6034111795260462,-1.1719437823731544,-0.09474864603076075,-1.7333420081871729,-1.2149640909992059,-0.0704782269568792,-2.6976548275334564,-2.750929800728177,-3.402434019326475,-0.8115111272861619,-0.9846241194954666,-2.320809098620848,-0.15441621755015073,0.48060419204749394,-0.4257629799090602,-1.4587816875944801,-2.845649481826718,-1.2457261054008026,-0.08156992377357469,-1.047998842495925,-1.293894781348756,-2.4183656583123803,-1.0256363792848557,0.20123542096386102,0.7785626417294906,-1.3492732917143266,-0.2514361299523935,0.5728909841778199,-1.9075965261120513,0.18245882437014505,-2.19355158095029,0.10707694434540782,-1.3112057414721623,-2.5040143501224064,-0.9198370757434348,-0.634752916975592,-2.4109545228877556,-1.746868710119136,-0.7292907807987822,-1.1724511210422714,-1.9275582035731345,-0.7217041951793473,-1.4086565963438666,-1.3717300115578406,-1.4576662170133132,-2.1239552228788003,-2.5522995935305186,-0.015440812473201865,-0.39851936498586626,2
-1.8796490156936503,0.2954176714060318,-1.7868184920567574,-3.4170143993659217,-1.295963137500854,-0.5005260690911291,-0.6780395815635979,-1.897405769858491,-1.1792206753940564,-0.7967064353606222,-0.5833935151868841,-1.3350161351569974,-1.1211425384102072,-0.3764202660245261,-1.497631308572053,-0.8887820128629607,-0.053187325845948055,-3.3099115366594014,-2.520733864894136,-3.25794406341083,-0.6013341565727823,-0.8965926403165508,-2.651540504689306,-0.21682854363838766,0.07157195722446219,-0.462934623765491,-1.2638420990571515,-2.6797397676628196,-1.4163327098540344,-0.347064261570513,-0.9921318015288925,-1.230870046532476,-2.0973489364323874,-0.8778088545390988,0.26558102932175776,0.5907114533443201,-1.3497029594307883,-0.4188390273056224,0.4617365690887655,-1.822740246436125,0.21141141320754767,-2.281188315919461,-0.029516820736527637,-1.3139526261413936,-2.3422243299304712,-0.6409709170601037,-0.5003156640523864,-2.3918312646004822,-1.4608104617935018,-0.733231166209271,-0.8476531449049762,-1.7058008502982094,-0.8470998817952817,-1.3045708405960064,-1.2940756019906856,-1.6016646748333598,-2.100028431359193,-2.4215072200482712,0.16005275432601693,-0.592478097998214,2
-1.865962693479948,-1.153280963314885,-1.8274283348975875,-2.6551716378042247,-1.4324828415262532,-1.5345962367831971,-1.1170646431321687,-2.4519739531508162,-1.0617736205652097,-0.34876271055954794,-0.9320077505051595,-1.7449374973602858,-1.3577191369535826,-0.6334992681230869,-1.7476122152074889,-1.041390434336704,0.09018952704121716,-2.8388080156967663,-2.6028081639969756,-3.184840167463141,-0.4150476748671291,-0.9421656801766234,-2.5481838378805524,0.17437334041456065,0.32140217952353917,-0.44308836126456086,-1.1012113042837994,-2.732700498212185,-1.1656153294002036,0.13775177876515626,-1.136903848272116,-1.371178462163165,-2.2353505565880494,-0.9627859482022533,0.4542794535985479,0.5503504549561381,-1.5489012719474384,-0.2712509101385996,0.3639950294762764,-1.9294259113500127,0.26688228146638965,-2.4671767761770886,-0.05426104125713822,-1.4270974584488865,-2.480617738187139,-0.5619142638158054,-0.5464824936749383,-2.2961481847157623,-1.6006482884061675,-0.6404975057558554,-1.2001954107253434,-1.8402020930283038,-0.9208745756712425,-1.3073495374323432,-1.157056924617595,-1.5114547866393544,-2.184217488440126,-2.558749537355489,0.06841715207351813,-0.3786916651044691,2
0.5865026855045687,-1.5391919483394756,-1.9709982482580195,-2.718957740858416,-0.9236321441959706,-1.1423440478203342,-1.2562426568804734,-2.9178749014558596,-0.6010544314574533,-0.9482315193495885,-1.1914344927428469,-1.141598114460724,-1.4974912979505195,-0.18522307812837274,-1.4286021510547293,-1.041638282872867,-0.14055966505432266,-3.198780439924546,-2.4136985671044044,-3.166011033198754,-0.7264179788600563,-1.041983177209343,-2.531432440191221,0.22903624697059094,0.23141286861854068,-0.41899115611348026,-1.3645372674657175,-2.8345345406231806,-1.201920711858054,-0.16119489758550926,-0.972913238859856,-1.3092405876971769,-2.1397359816103503,-1.1233790171247464,0.4046702594083633,0.44127057272996467,-1.457449242361283,-0.2773561480773114,0.35286601807340023,-2.087400194472414,0.09724190857955346,-2.4681838751859884,-0.11836529992889136,-1.2379696304242163,-2.364326869248876,-0.6399502057403197,-0.7631758842602294,-2.4205082998394043,-1.4190125586750162,-0.6981510515850469,-0.9766800797232063,-1.8461146744311172,-0.8928909699829958,-1.2790505038656301,-1.3582610006151397,-1.2938558708592334,-2.16882531862201,-2.539973071342782,-0.0355970245723433,-0.5786292478097355,2
-2.2414361980868422,-1.1301290782187836,-1.9878773435243389,-3.602811302735904,-0.7855794960179385,-0.5003759925048774,-0.7661875234383038,-3.0176909162398453,-0.8557682588385263,-0.7610579058884278,-0.7552355598212004,-1.6335167375786854,-1.564511263891517,-0.1265727276056696,-1.2980044759064926,-0.8238387772515049,0.05516692151310784,-2.802587879913279,-2.3832988800988195,-3.382827421882779,-0.12416024882870391,-1.079058668496655,-2.419090356189905,-0.3409048226562397,0.15950159715147844,-0.1771443698620843,-1.265638593840083,-2.8087979839954453,-1.1910408461058528,0.03188120514193271,-1.187966070156132,-1.1600824214169112,-2.187990359259709,-0.9135250041690799,0.3421803140424011,0.5485792330450663,-1.4596268545011004,-0.35661003874472447,0.4107032863725181,-1.9217599601366389,0.23165649689911932,-2.429566644596595,-0.2360768419321629,-1.2226803675217517,-2.5563526326641024,-0.6408413979723748,-0.49089143468924373,-2.477094870896937,-1.462497550256111,-0.6759100202851147,-1.0244205601699534,-1.7810045217790527,-0.8352694854298071,-1.4047592777426618,-1.2740252455661187,-1.4365771058051306,-2.1801357157945964,-2.5445723575616808,-0.04170531716300717,-0.5785101131489325,2
-1.8678812627251609,-0.8157702411902518,-2.573726485359555,-1.9454997726242267,-1.5840625094106406,-1.2751065541160915,-1.850197840090407,-2.443378662334635,-1.157560861557039,-0.466897306734953,-0.6783540263241992,-1.4077264347418446,-1.8784134030024857,-0.14822726008331075,-1.721600816236143,-1.3492786579685623,0.14518479942547488,-2.7916080798851075,-2.4586463854248373,-3.3948363977660274,-0.2826734935171653,-0.8471750597312395,-2.448378897813397,0.0052870861126535565,0.5776248377283753,-0.5047573889981073,-1.298518484860926,-2.9676191196271287,-1.6234354124621282,-0.24724835021877478,-1.121402415774263,-1.2743604125144028,-2.1163745108276277,-1.2355774160989879,0.4735322630110664,0.6158415414963961,-1.5343537781491774,-0.3290960437737341,0.5786971805818266,-1.8856747587020544,0.3638008301763417,-2.253770507413821,-0.0774050373428285,-1.3740665237708356,-2.45239757198565,-0.8446416452187224,-0.674332440098243,-2.254068854498061,-1.5873597978625187,-0.734647629309737,-0.9958320025760181,-1.7015777083882269,-0.889147200885221,-1.1192609935636153,-1.2881846850958647,-1.5342555767606962,-2.3251685584592976,-2.522265213700909,0.18662965944940407,-0.5510036640832641,2
-1.6543147404348082,-0.07106181174024728,-2.4938805930836447,-3.1104886793285624,-1.4144594134343857,-1.1452307635461947,-0.8272227659665987,-2.7444718979007394,-1.1119453216784478,-0.8274155022726987,-0.6153898499214865,-1.2181711799957964,-1.235248143272807,-0.409119422610269,-1.4196032698075263,-1.2432210559342245,-0.06960895891321596,-2.8836500622552084,-2.51839037003138,-3.5005770431938963,-0.5637299640519436,-1.0731325706665256,-2.442147244544914,0.19418191725303027,0.3917501045703419,-0.4074637260901823,-1.1763866793639435,-2.8263263371022074,-1.109911918608799,-0.109735487122125,-0.9348074074814982,-1.3261207478503765,-2.226050756731939,-1.0196821070795663,0.4538745522416415,0.6988103964479904,-1.4965246269744428,-0.2763932741333017,0.5438116575649431,-2.0689939626139693,0.38081721290256665,-2.309822548267451,-0.29432384084128443,-1.2310777942921027,-2.438006394119811,-0.8655246309921694,-0.6772695002184826,-2.4306577044733975,-1.543196647059649,-0.7543389430539355,-1.1504205581281877,-1.6617089204005664,-0.9441485221795745,-1.263007241558385,-1.3344888513018849,-1.4044433657963595,-2.0997328821969945,-2.4750134779290645,0.1237711343042773,-0.5219378688251315,2
-0.8203762691073739,-0.6455534675479209,-2.0321223669448503,-2.8931494114065606,-1.677442322546758,-1.4938759777293873,-0.6479388280557528,-2.6400334135147148,-0.9573981782608786,-0.4822603058755635,-0.7660978595971252,-1.6998975284306594,-0.8786144217604781,-0.003457912872340485,-1.6401700997676738,-1.1900395786979976,0.027819878965973016,-2.4527312281655576,-2.586197130904264,-3.1113099672557984,-0.509853426671038,-0.7634128368856496,-2.4928199180420236,0.07707770230771084,0.2302957007476475,-0.2550083802194713,-1.3263647444247078,-2.8313182676654196,-1.063088064040762,0.06534658424128661,-1.188324459848403,-1.5963659930000311,-2.1977717720562624,-1.049081904764241,0.22735556442849525,0.7180816553724624,-1.4607715536332222,-0.5002253424247016,0.5354782936638621,-1.7834642667963738,0.2465424337272405,-2.489014454615161,-0.05666302058666306,-1.3822313585617132,-2.3848437033002874,-0.6743498079138633,-0.6288778961406618,-2.4718104501948615,-1.5991772245915061,-0.7504858422083355,-1.118063280517332,-1.6676964647133055,-0.7385553020043946,-1.232504402344899,-1.128789283955333,-1.4616484535171679,-2.1924312103751737,-2.465488288119116,0.007572033719789935,-0.587535220212829,2
-2.461506059122345,-0.3084512227149796,-2.4150590558567666,-2.9188035886309613,-1.2521573470288594,-0.8807217250893438,-1.4008277051715874,-2.7301916840588634,-1.2785001257406319,-0.6706438982880486,-0.8255318958067468,-1.5191462456805898,-1.3167111423654652,-0.4951987944321075,-1.4835599672237787,-0.9860667882500235,0.07838961296968203,-3.0527203005203134,-2.5825760599118834,-3.1899193649726336,-0.1902040610288927,-1.097230406309692,-2.6230744509911053,-0.06167584458922082,0.23194177990775172,-0.3018993340165642,-1.1694692214238167,-3.1055131761941825,-1.2471166112824352,-0.25942742163669075,-1.1000205829922427,-1.2804232889476477,-2.400973975940793,-0.9020693603523209,0.30180923289769457,0.7788439579304709,-1.589044379757511,-0.2621900825231479,0.784539750269885,-2.1308348360081726,0.13804431078082746,-2.271729009936696,-0.06298249189904634,-1.278829441687064,-2.406557733003946,-0.7490488774038111,-0.6294048133388158,-2.1864577174805486,-1.5130334485262285,-0.6822999387436856,-1.1742292144148025,-1.825082626419057,-0.900477057128993,-1.2315337547529885,-1.196344447448843,-1.3934758498734563,-2.1046066752727373,-2.7428889489173662,0.03243913778639426,-0.4140867572137784,2
-1.9339639533398079,0.1074108815049497,-2.6088067662674232,-3.4030974613723686,-1.021278455326043,-1.229251501881785,-1.4831237829044825,-2.6044268642314012,-1.1111114165074822,-0.7890979068718539,-0.7365977243278427,-1.296720132850222,-1.3295150578316548,-0.2032701233276959,-1.8666406044776256,-0.8732197186527164,-0.12723434458643432,-2.7898809799984785,-2.7923353168454046,-3.209294140202918,-0.40477383558449986,-0.9601333798900573,-2.4220378375662497,-0.042069854942495,0.02437152564603448,-0.5405209305330725,-1.287948204143712,-2.8222995318732806,-1.0629016736524417,0.00995150827196531,-1.1179572626869985,-1.3886394763037602,-2.18904684811974,-0.8391172790692816,0.3670829551272987,0.43323080294443583,-1.3877982442075079,-0.5028467994698861,0.5319003124792683,-1.9736750301420833,0.0912130811302485,-2.314449922064723,-0.013360656411431013,-1.199870826167463,-2.387703039738195,-0.6285338281154633,-0.8227208381942888,-2.24489118589344,-1.5140831080042776,-0.7543603566661695,-0.9923674218233381,-1.723896967587887,-1.0063854220465716,-1.330241161514851,-1.3572288494320994,-1.6762557212840115,-2.1005607849483576,-2.5944962722927976,0.017920938561420095,-0.5425274423407332,2
-0.16250369971579914,-0.329831825096416,-3.146136003819664,-2.6733109496781546,-1.1538659443310642,-1.2860886558200506,-1.0828156773136495,-2.4032217103989026,-0.9336943072044004,-1.0103452183584047,-0.7629132638681093,-1.063319167999316,-1.068003646318639,-0.32341606715776205,-1.4304789074490898,-0.958956388313905,0.056711212733328326,-2.878862091213349,-2.234946535270142,-3.2871517015749365,-0.6271497965257147,-0.8394394452770512,-2.4240219659320372,-0.001690061258794097,0.241025115873551,-0.4543193653712789,-1.0777081420568337,-2.8354467176573372,-1.3024580249306907,-0.04744381017720152,-0.9837648871735155,-1.2479574427033768,-2.3925714892343803,-0.8446418088872518,0.48946300469384807,0.760422910037693,-1.3434849869958019,-0.1643357173041183,0.4860156927083352,-1.9786144306352715,0.3442763576833161,-2.2445926479637985,0.16355406111598342,-1.3311852394413755,-2.4759273604357914,-0.6035166765723365,-0.6111751176694793,-2.379578544965448,-1.5009949873877937,-0.6281542440008097,-1.1887743548353054,-1.822901388145355,-0.907907978957658,-1.3152557786879586,-1.3549272137749369,-1.5481917014688564,-2.1805626113399255,-2.5803128756347387,0.040630772262232454,-0.6799218888925307,2
-1.1698496111567716,0.3261541601734773,-1.6387225247239345,-3.0889086498660547,-1.3326908829619424,-0.956252992760882,-1.1767231233531579,-2.5210741071722627,-1.2578076232278097,-0.6868707621158032,-0.7792976214218357,-1.0919233495517204,-0.9780839765205028,-0.1909166371366095,-1.4275334759833267,-1.067009898831422,-0.04317406455073532,-2.898181111769425,-2.204666252661603,-3.607641203928928,-0.30180576417458305,-0.8748973652731208,-2.5206467434846394,-0.14175578174436582,0.40724199879511175,-0.5373955562036973,-1.036641516648263,-2.8212861430065743,-1.165788253035628,-0.21882275708964719,-1.0875500342122102,-1.2334392351592398,-2.286025182760001,-0.9842939144975754,0.37956185137810233,0.30224947663343,-1.3482618473993906,-0.17534882420555586,0.48749633718453206,-1.9420705303620474,0.31210878833819466,-2.0423781626869237,0.02211236051728751,-1.2475976594234894,-2.4593190754743715,-0.9082216333403814,-0.655707214333065,-2.2362906411588743,-1.6271162508430306,-0.641538714226614,-1.0139819891310593,-1.7059027318672089,-0.7784858145485742,-1.2857392824008107,-1.2459499748208915,-1.500144844550875,-2.1949996900559863,-2.530024414764321,0.3155941202991397,-0.36610679124057566,2
-0.28671772735460954,0.014834466314292971,-2.2565209601229643,-2.6434475397225086,-0.8760244887102067,-0.8856647695005079,-0.9952493232684462,-2.663224170368602,-1.1601119812132774,-0.4594684777292541,-0.7052458833676861,-1.344412601648932,-1.3950056333366623,-0.22268739952112407,-1.259141388419736,-1.171250145995795,0.11832572526647414,-3.112284895622121,-2.6197612385137736,-3.3313961775854044,-0.6210730376315796,-1.1203461384675,-2.5669372003528927,0.15095497445872372,0.4141663381161015,-0.3829556990587763,-1.2086445869854794,-2.6717974424860307,-1.1944156947519802,-0.27890060727568217,-0.9632173414376217,-1.424578368974723,-2.3468062626852464,-0.9915740834544416,0.1501320256872377,0.799495306471528,-1.5432066776840678,-0.276823517147217,0.5925649450934622,-1.6709269065010002,0.47719636929115383,-1.9216017603042692,-0.05624883038388138,-1.2190039057135202,-2.437221707585559,-0.7675172107641723,-0.5827368251822256,-2.4725036963433245,-1.5817203857242799,-0.8231896897401212,-1.0850086658135407,-1.5922207084298718,-0.9543158913866506,-1.4074947205606787,-1.4275666560769613,-1.524512198307787,-1.9874358580744356,-2.66933585630722,0.11771008361131383,-0.4397653882563175,2
-1.2070410187068303,-1.2479452469176457,-2.47077036562813,-3.210438439011298,-0.42835519368527153,-0.7002957011214326,-0.9557422474654672,-2.2929849508754674,-0.7926498650431798,-1.2451780051811383,-0.8395668492265371,-1.3844079920560022,-1.2190187023869725,-0.4194734529519839,-1.7133130414133269,-0.987008926942435,-0.32551067348687135,-3.1282866536682064,-2.3430270599702316,-3.3687912775571256,-0.2946084541032401,-1.0339834428253287,-2.5157226507260724,-0.08228109321741395,0.28198838858084035,-0.47310980748624776,-1.5157021332492513,-2.912847570191247,-1.318258284129666,0.10726428977756988,-0.9115095764249374,-1.2571706987793554,-2.204387611646289,-0.971432716442892,0.27191204260754986,0.7081372447077589,-1.5451557402863039,-0.323243820077183,0.5869003361089125,-1.8044131354976853,0.3936838898303027,-2.313810151850535,-0.020518743028221143,-1.364105637101051,-2.5595571502833896,-0.4929307308395124,-0.5593853698980099,-2.3003274329890653,-1.5651842064020653,-0.784481319975953,-1.0497169772314898,-1.6971242887551778,-0.8557823144561093,-1.0861840906840392,-1.307098998185734,-1.4680132428754702,-2.1488590430436343,-2.562163756934286,-0.031252076002592055,-0.5948161636565632,2
-1.335033379917083,-0.4112400177338524,-2.058280648603354,-2.359533907739676,-1.38935443876038,-0.3305626219994797,-0.7089633264008163,-2.405796669056261,-1.2827659195831402,-0.37957267397276906,-0.670170409704122,-1.3413227976942919,-1.465363855479268,-0.19610822429570102,-1.5043828336796812,-1.143704668316146,-0.07878485909268085,-2.8709414080171793,-2.541676055888938,-3.1474102802318447,-0.2498964562776844,-1.0777897083368222,-2.476850733549705,-0.14758620665580857,0.3501250515785255,-0.3923972924316956,-0.8764491604380001,-2.71054539479266,-1.4922987124847666,-0.17671778050475392,-1.2343724251632247,-1.1563959950911882,-2.4498922993054304,-1.0887476842478303,0.579243384178273,0.5053069074554509,-1.522616411981807,-0.5196582507748839,0.5995000003783367,-1.9013224561327284,0.14280213981543288,-2.305054945491202,0.026293917248747405,-1.2094736639944825,-2.4811627053090124,-0.7056356418190798,-0.7343927741570798,-2.3160438256089706,-1.6622743027329343,-0.6064221329305227,-1.0013188156148964,-1.599543616808483,-0.6648290143067688,-1.3939305756634939,-1.277599019343462,-1.4916352938707291,-2.29422947124119,-2.4717963576315807,0.05606259083288422,-0.5488579990560667,2
-0.29922227105717947,-1.357342662896336,-2.142047727757272,-2.843396751688852,-2.115407686999724,-0.9546774806204242,-0.818502513645292,-2.634987133692618,-1.2003011818855698,-0.9037512044019403,-0.5784479126480958,-1.3612664389382014,-1.2718743612607266,-0.5373579891756157,-1.6119113108708847,-1.5079786678382332,0.006886232537402129,-2.9190545471468257,-2.381827832592559,-3.2239869304488065,-0.6497315989629564,-0.969391368617244,-2.1949209493936532,-0.1607803356292039,0.33819762339136206,-0.323208214285754,-1.1078802253166267,-2.762197950248754,-1.4510787183649017,-0.20675965047425943,-1.1822286408605753,-1.3646709100833534,-2.37698553243704,-0.825831399019694,0.2838002271350562,0.5795079935391122,-1.4468664190242402,-0.19374482807625132,0.6881879495371077,-1.869617300214749,0.17277929084475788,-2.3363571024914203,-0.00024227153821959266,-1.3084622126290502,-2.426952530293861,-0.700686617874385,-0.4918113755937592,-2.369090140954648,-1.493187314653268,-0.6539622078344627,-1.2188465460136098,-1.6713181320674257,-0.7918722528046183,-1.2830026780698487,-1.220655881805425,-1.4670668624768193,-2.1358494479802896,-2.517568848574467,0.08172781759403708,-0.5789773192550355,2
-0.7060936099037077,-0.839315491150973,-2.7655548503353566,-2.834516700528828,-1.1205703712388058,-0.5630529799799134,-0.7699522041594996,-2.758101590514176,-1.2876984029872134,-0.7262837001348064,-0.6311016495607553,-1.3802944928897727,-1.2430544690707988,-0.23103480277916932,-1.2583228434166174,-0.9847397553874483,-0.16389475925827704,-3.0598007515482095,-2.6322935523234143,-3.540625054852661,-0.34268448325632384,-1.1440196127530646,-2.5164388770249393,-0.021526804357505824,0.2090745515024462,-0.4751885628962042,-1.263213526466154,-2.9369496513736557,-1.242298470973369,0.034678746002330924,-1.0846573640570965,-1.2847451902009726,-2.2513499572966897,-0.9191660080855116,0.25889837919934217,0.5127489361026717,-1.4849087217385055,-0.3914903920530436,0.4588991849556828,-1.9509775328536447,0.1975363404645955,-2.3191015888973108,0.07787594625432215,-1.347713838832125,-2.533207221452365,-0.6297387275094659,-0.5715236515893897,-2.2128866699648695,-1.62057004505594,-0.6364626056300848,-1.065400359560747,-1.6709710777789362,-0.8378536888617527,-1.2062220193723554,-1.2522729566476343,-1.5632247481009793,-2.0845985421563804,-2.446964671574307,0.03421777455785427,-0.35365481821311184,2
-0.7939319757442361,-0.17112317690909656,-2.6728179101592784,-2.9640611713888125,-1.5688276680364934,-0.5384253462041941,-1.2887500059149997,-1.945380183741527,-1.0080999696505173,-0.8304135893988709,-0.532242596949688,-1.2520502239599205,-1.1209783537846676,0.05538637663567675,-1.756229209719248,-1.1849187860241976,0.19364286190846325,-2.9890498774929184,-2.501976169257506,-3.339902061401158,-0.537013880143427,-0.8645110149555362,-2.90669223300697,0.2500527949858335,0.38514525862847626,-0.40614846995422993,-1.2202678083617418,-2.7366084391001815,-1.3338971026498443,-0.0657759819642526,-1.196661298074117,-1.4085414482128444,-2.309314598779898,-1.1210695455839743,0.42029814056686243,0.557956034294002,-1.430386794026995,-0.4360723747826608,0.6874496015274971,-2.0009957212264,0.22036505953877597,-2.2259455138081954,-0.10763189015214246,-1.2675927240590137,-2.376625056799413,-0.5045998169689504,-0.5611857435471939,-2.065171991342326,-1.6598459980806863,-0.7297212256463348,-1.1639940192047153,-1.4190560467512154,-0.8885744841943964,-1.3092300600563234,-1.1826458470309704,-1.3904067744054396,-2.2909949946556964,-2.656934731535837,-0.16414589434212729,-0.5783140021687595,2
-1.3058397345806565,0.06976004683048243,-2.2473358691241283,-2.7844895601746003,-1.3460964901776715,-0.498859642699157,-1.1796562033428661,-2.555726678812045,-1.501428732402475,-0.645490760422985,-0.7361235276769658,-1.4957137464603654,-1.1628155501425494,-0.5391571858356694,-1.1128044325522093,-1.2498945222120441,-0.14247004886537384,-3.022770745965954,-2.3758141747659485,-3.659781660065633,-0.5030165445760026,-0.8266428642483127,-2.5060178618249664,-0.1195167472508252,0.19381143245004492,-0.4451890144278241,-1.0859532846719773,-2.7366804597925776,-0.9220082522592488,-0.2012593880598333,-0.9791076174908762,-1.3396659592676803,-2.0255197196391226,-0.8036569855137098,0.45211884495876953,0.6742078707447611,-1.552717431531394,-0.4912308395676055,0.6179081643610606,-1.76086387171181,0.09795049829800413,-2.22840982042483,0.2600631005936076,-1.444831727523451,-2.5616617959472094,-0.8371195828988814,-0.6074833738706233,-2.489879757660973,-1.6901107851238073,-0.6538960047018303,-1.1546457134236674,-1.7282162402434178,-1.0093423037640248,-1.3798797818262438,-1.2073300945844896,-1.432767576615989,-2.170088755877851,-2.56378671145943,-0.02101451225141579,-0.5479572693526585,2
-0.6252284001397799,0.3970145933478866,-2.057532648963965,-3.038000139617262,-1.3948520946291583,-0.906285989011017,-1.042848580145769,-2.652737019843186,-1.102433375761752,-0.7535642447865175,-0.6705899902372773,-1.2467136692482412,-0.7777123803938728,-0.319438923880211,-1.5093405921049474,-0.9188777352586787,-0.010120329580993494,-2.9911799614368375,-2.266746269285009,-3.0434935275770227,-0.352357748911427,-0.8123839647323079,-2.357821204214117,-0.13794582332076677,0.029637343737139943,-0.39838262240245426,-1.3724969614240787,-2.61388395538319,-1.2346265555248144,-0.20473805043567334,-1.122531654762112,-1.238659409799331,-2.268852904774716,-1.3205459293893675,0.3591979123596582,0.634164194989994,-1.4606199016604091,-0.4474170141315152,0.7378377560315599,-1.766714907490146,0.014939752942859486,-2.1159505602849253,-0.022441796889443144,-1.2968057390093386,-2.476883234407172,-0.7292409907649231,-0.8012206846816607,-2.2187805494152535,-1.5985536158717761,-0.7002292617166058,-1.1615228434215756,-1.5855194559824917,-0.8518169900958232,-1.2270574783670498,-1.2950210543553773,-1.2932053931870966,-2.068469229589922,-2.556853559026165,0.045300688776399756,-0.42024496110180404,2
-1.1111139910475762,-1.0405856953201513,-1.7398446715387772,-2.3255669064845477,-0.8503740935579729,-0.9142567307982832,-0.6186767001209865,-2.6735707952953387,-0.8714891737416387,-0.7809620459469917,-1.0796846796526873,-1.309028830666542,-1.1244950468377197,-0.5876130314384629,-1.4882513985930164,-1.0433289089627682,-0.04585683517207079,-2.753662016294979,-2.48377229294332,-3.3545266184496025,-0.4066796282570613,-0.9485135418577192,-2.5394768416897717,-0.0913286814305766,0.3967563787148276,-0.2280564954632895,-1.2854434999266167,-2.7341149330454746,-1.1145994852214136,-0.18327022051535238,-1.1843210863004967,-1.35326790698542,-2.166266020578564,-1.0105518474567237,0.23675979001220804,0.5078924715630527,-1.4844567648244855,-0.4569334971861865,0.7052505289790802,-1.8120356098791266,0.246145436116738,-2.446089336418335,-0.017579950882300497,-1.3928266869651134,-2.3510792699008825,-0.6647678267991028,-0.521167176635517,-2.195702730897295,-1.6881418949052978,-0.8584856868203368,-1.006884348583124,-1.5911836894659759,-0.8441466887980706,-1.355427448206225,-1.2829625367489956,-1.5985622988494155,-2.126779939374606,-2.5381607724836304,0.15247181588663675,-0.5055837697151084,2
-2.1548188454615747,-0.21129951345828735,-2.616677769021723,-3.625297309530836,-1.6137033532724394,-1.0049078422294553,-0.9635012897266975,-2.315527494730834,-1.363279822524043,-0.06427800458959643,-0.6986999564212603,-1.2954757662737646,-1.3260526030884026,-0.008903284764070929,-1.4578607324822483,-1.3776288322290955,-0.08975299416653437,-3.005362665200612,-2.5906162298642887,-3.3401961465635726,-0.435673045497749,-1.0094099285493598,-2.5383055622940343,-0.38780081062376187,-0.06515745092059866,-0.6490772109614088,-1.1670581723287905,-2.8738915542327192,-1.1483316010909381,-0.2757343495453828,-0.8716494461388323,-1.2323925943767176,-2.2745333739312565,-0.8865238883141856,0.3462732433977878,0.43187310162202336,-1.3790441880583482,-0.25437191318439545,0.6337485416501565,-1.8023541050611054,0.4338426282856202,-2.208244942661815,-0.09360486784014223,-1.2913515509852769,-2.4297993409767558,-0.47542121050462516,-0.7410792213227535,-2.4087935230463273,-1.4726348878891866,-0.7154436763918658,-1.0523817720973412,-1.7055953383404747,-0.8787173148000444,-1.3976391845851284,-1.352667728020381,-1.5260816208309125,-2.202416652068386,-2.466383534653024,0.07274667016820247,-0.6091992042514073,2
0.14920663977277426,-0.11168874245610533,-1.6505291440817902,-3.3415341678409343,-0.8144174663597792,-0.7591148602771276,-0.4267847956314616,-2.4722734296940323,-1.0850725404448631,-0.990177199961465,-0.9109021160637261,-1.4262696161970205,-1.2442814672579317,-0.7687774342456138,-1.41328697542255,-0.9702048258251168,0.049341053923919964,-2.875529743220179,-2.500105332987332,-3.517221032452145,-0.6141844654753523,-1.0151855780969965,-2.5141594876892435,-0.12072380766293905,0.2291878976192101,-0.40132769205742014,-1.3380286655954157,-2.7891876593729705,-0.9004992437656146,-0.12704434639832282,-1.0229978681965552,-1.2930732616636422,-2.087931860576586,-0.9908572969964249,0.19604106737979982,0.6738463252060909,-1.3644286375667147,-0.39315338220750573,0.39845297856133344,-1.8934910339488085,0.12768060535559336,-2.3750747150700198,-0.02179375663065982,-1.5076352024108366,-2.5593963704928973,-0.6343862537867789,-0.5339901260808274,-2.465470360652377,-1.5608696512229605,-0.6377098804527217,-0.9050519660441274,-1.6748649841433332,-0.9339273066555809,-1.239639377806091,-1.340067737666955,-1.5611728709040424,-2.1833642994314952,-2.5979386972147895,-0.007780331857397474,-0.5159545313742379,2
-1.409953512669137,-0.5156899405520888,-2.000615095947784,-2.608430150423971,-1.393034783608099,-0.702283017598113,-0.5406635525064665,-2.648073781897353,-0.869192596845789,-0.3224099557149386,-0.9104764804408911,-1.6914568567035069,-1.083142886356171,0.03389510390378131,-1.744182592588332,-0.7147212289499965,-0.29654783617650415,-2.985225279256948,-2.3897862764334317,-3.4218995558070455,-0.333417902214775,-0.8841826415269661,-2.5539125484531975,-0.1553214816957794,0.10962416208922574,-0.41100564650798727,-1.169596234982822,-2.8742451957264525,-1.183514002160706,0.23333777730335642,-0.897591970124788,-0.9043833933039332,-2.1656583314453575,-0.8448987003105761,0.3467926234942555,0.7144981826127383,-1.695632708578083,-0.5046329242637279,0.728458543526542,-1.9255899930338016,0.17929098708643346,-2.3531785447962257,-0.02981337811754208,-1.2917509824460638,-2.580627396668033,-0.7712294328161937,-0.5998169813630326,-2.1388862425522497,-1.5525052706551101,-0.7629392393671349,-0.9535264115136546,-1.706568076388721,-1.0158791318951148,-1.4201311672020904,-1.2117593548936305,-1.406852052961344,-2.2874583903276178,-2.6158364266539635,0.03373827998707585,-0.6170673428433786,2
-1.3552887553346449,0.38593629416392083,-2.1283948307749103,-1.9257868270762994,-1.5178751895214837,-1.3699221429649229,-0.5231638652890516,-2.964019611292426,-1.0248213594508,-0.9436731943419612,-0.7660790582334819,-0.8356654621880696,-0.9762454498758038,0.12299029717076676,-1.2255240486176888,-1.1459705089851462,0.10373435419302848,-2.9479036680748734,-2.5797737357243378,-3.637476394407981,-0.37061962285918254,-0.8886951931906902,-2.195535153400975,-0.48809106241145833,0.14967343162924346,-0.30157825403332683,-1.3389060375686723,-2.5517224376534298,-1.2564933261490339,-0.05189424594156937,-1.0731159589454267,-1.2288147329074703,-2.1789580881089643,-0.8967458064823557,0.24874400811393854,0.8971001177879283,-1.511989553958615,-0.055139211127334276,0.7148468292862514,-2.0420300270458753,0.11475629577190381,-2.195679054996517,-0.015878958657393978,-1.3738287863189718,-2.4115560608722038,-0.6413016107945348,-0.5828004880078127,-2.2306218481394655,-1.5490744724896404,-0.9133994355667797,-1.0336327749612226,-1.671813685577353,-0.8629969226882104,-1.27144621273882,-1.401090303085147,-1.5979105754346037,-2.1452780976701544,-2.5208513650663855,-0.05986797308940023,-0.3880269100824941,2
-0.45934124094319495,-0.719398429973326,-2.348704942948393,-2.4541361914633173,-1.0971949137631858,-0.9120925020593952,-0.7675390062085516,-2.209600424171653,-0.9689334716618034,-0.5856642803329091,-1.1646347351948256,-1.2629614099881115,-1.3663951966018415,-0.3503733187864961,-1.7896895485153952,-0.8939101299157434,-0.04113846781619296,-2.4211914592328254,-2.1659848855683856,-3.33037704876404,-0.27950639855172366,-1.0016943550879123,-2.433171568354441,0.004959480958444069,0.32528527665924933,-0.3870564340367553,-1.2035210545486241,-2.8694310252343076,-1.1897399771194137,-0.09941217444929065,-1.0132151657018178,-1.1531479058956526,-2.200200893758095,-0.9143155925083644,0.41631906358392196,0.6093169406048925,-1.2960619380572422,-0.5660573117386117,0.495500509136391,-1.9774613798601377,0.2909598887628471,-2.198679752028424,-0.23417095690170067,-1.2729591595208403,-2.4466316625741684,-0.6735741394920343,-0.5921563935174419,-2.2974898592942345,-1.5401892691955494,-0.7650433661694933,-0.9629071509526949,-1.8792155960949113,-1.066204808659224,-1.3683501943587562,-1.242669335421856,-1.5410774045213487,-2.1687082050773254,-2.60522545385339,-0.0020344808650003612,-0.5366941012518522,2
-0.8700670932234965,0.7648406316197801,-1.8097864037135056,-3.009470155254751,-1.372521428953196,-0.9066223280057706,-0.3593254398256438,-2.3015056727483705,-1.1125406562194164,-0.8755646164172051,-0.8077616214863318,-1.459968726508786,-1.3750908816037861,-0.24615824984805712,-1.5892027811843161,-0.9984432017707753,-0.04131026998216138,-2.944113408160815,-2.1099106310607914,-3.1794611415657434,-0.5145314438977043,-0.6773139701572448,-2.3933569857593553,-0.05330971683706805,0.3954357398050258,-0.36519122455646463,-1.2522515425311134,-2.822495239359111,-1.2955625924434755,-0.004787929836193833,-0.685176912601706,-1.2743887539307353,-1.8978035301515896,-1.1287930405895488,0.46522991812196607,0.6787053939941184,-1.5288086871872437,-0.48826323689024465,0.6913948681842192,-1.7699459343425348,0.30708827894325164,-2.155322217129613,0.10635586738842079,-1.381082538402289,-2.342889619888087,-0.6163071998409856,-0.7100891013171559,-2.475352569289095,-1.600351817499838,-0.7104486297430458,-0.9118563607742357,-1.6937604212201705,-0.8260748450678541,-1.3452253687957947,-1.2608591255940822,-1.3873997415123935,-2.2717568638118264,-2.464828695304429,0.08654431917546587,-0.5787918050862507,2
-0.01627566751827625,-0.34212530277756953,-2.438424088308202,-3.5694841209650168,-1.3397237603387833,-0.33782155839971517,-0.787316933873993,-2.9284570776392367,-0.6614812286702565,-1.126200174585616,-0.5762572145328755,-1.4761504924966835,-1.2188929728097817,-0.5835003925577755,-1.321606224000996,-1.0862009338483452,-0.020924144909011712,-2.8585506728435335,-2.2205617092210748,-3.4317048377256762,-0.4798338772413017,-1.0802298490605877,-2.539645860927999,0.10177727734311684,0.14107562770349863,-0.5639961566109921,-1.3465513235318067,-2.6025451833707205,-1.2056763549910647,-0.1516919640543657,-0.9001106027142494,-1.2285916894006483,-2.3610085552940565,-0.9155729137157809,0.17488870297538184,0.514571222716855,-1.547824008617787,-0.4300053313387739,0.61678168931023,-2.091825579176704,0.22786143152973184,-2.231399369825266,0.042445596869440314,-1.170778043208675,-2.425743141189878,-0.6121441503254744,-0.6520049819307008,-2.5304023126289032,-1.5595322851867632,-0.6807862797453053,-0.95672768184793,-1.7533490932920648,-0.8075196271349436,-1.457805258129203,-1.3204520848510406,-1.5119528177359127,-2.17770338139026,-2.3936635306961804,0.12767481019115923,-0.5164248169996466,2
-2.8486795057584047,-0.12952917672895375,-3.2577855692360225,-2.6128918644052934,-2.267932106151033,-0.4912484934282094,-0.9770163040973383,-2.7074320297419323,-1.245664421614342,-0.4524499264028289,-0.46574502153540465,-1.3421127521813778,-1.251058817439971,-0.5254538315690175,-1.5059420910684234,-1.4781539934406078,-0.036396266635992776,-2.9187425079196654,-2.869260613966654,-3.39806650874172,-0.6618657372814115,-1.0860644983871024,-2.6378441526861445,0.005090979628071007,0.32050504506472094,-0.26534203601204653,-1.0601298042004352,-2.7222705761359083,-1.3806581360292083,-0.07359155224594023,-1.1546849268871395,-1.3613894580513541,-2.207167314136933,-0.959140443638661,0.45714831877594353,0.6745960484807162,-1.5175897648087975,-0.597884205433582,0.7047742114530956,-1.9068622777022013,0.32125302667888656,-2.3153255627806617,-0.04774378128932549,-1.231524080499997,-2.7189073381126976,-0.6138537863926319,-0.7085800298240854,-2.2267293851427277,-1.5550089761138273,-0.7482921926137033,-1.0983088377895236,-1.7039249352100205,-0.8745395576001679,-1.4414812678841304,-1.205380066633055,-1.4650883677733855,-1.9775988275476628,-2.396915115256883,0.07606295617561504,-0.39103945641771276,2
-2.2127528266969376,-1.520366267249183,-1.9292365559848603,-3.0040167281644843,-1.6215009838175858,-1.2824993430482095,-0.7801675932449031,-2.412551627769289,-1.340621206996647,-0.6044568080909194,-0.8282006374361339,-1.4727959318091255,-1.3506869624443951,-0.20028350555961244,-1.6709263431512722,-1.291685275347685,0.028366979871390793,-2.8901503604016154,-2.7389839874374715,-3.1223533044244496,-0.7266791585340445,-0.8916158160944042,-2.837567270384282,-0.015441969996192198,0.29281437385005527,-0.3694187488012835,-1.113244022436813,-2.8623932893508788,-1.2827841181152781,-0.09714433055869194,-0.9199266559967241,-1.2070621640356256,-2.525769053668794,-0.9610033441346711,0.3058745469333411,0.6566480766463357,-1.423812829063927,-0.3398923963417769,0.5001688330461742,-1.885122360640724,0.24690354288399216,-2.126385377881803,0.05785866211930002,-1.1713263548151827,-2.479452830418942,-0.6984960935793968,-0.6021648352337581,-2.3648096327465127,-1.5824065866453394,-0.8170999709369091,-1.1075796908889601,-1.6802560123541905,-0.9098640764040514,-1.3255342135430972,-1.3222793032845117,-1.4643135030342187,-2.161439255835822,-2.626622239975185,-0.053091284404777644,-0.3896261484200272,2
-1.1375983358838062,-0.8233174872638065,-3.1093016420598323,-3.3002685068582043,-1.5537036967002433,-0.12921268078134873,-1.0812937048931526,-2.163589382866257,-1.1916901159466413,-0.6287223846963038,-0.6021793646684852,-1.2949137827914043,-1.1597255486570972,-0.3610725135321936,-1.378522918257942,-1.271036224130765,-0.23752800098924426,-2.9449535799223234,-2.7995747555426687,-3.325102761790491,-0.4752760370479225,-0.8249657842204411,-2.5272186672953776,-0.06683240761535642,0.2306847560729479,-0.37005505001834915,-1.097940255398231,-2.6407560847989604,-1.1674096266196377,-0.24699055607975587,-1.0091252744168444,-1.2264110382422988,-2.3389708727593588,-1.051344311975077,0.4804463075381388,0.5181870801882577,-1.6105374234406564,-0.4030463638050695,0.6316589158389907,-1.9129457905119398,0.1861876585619444,-2.134411954637149,0.07515727016710226,-1.1208734649349656,-2.52776307340622,-0.7428323569071493,-0.6437731216290586,-2.3866085923606617,-1.6732152549361967,-0.8252385058329386,-1.1545438772542824,-1.7216770435789486,-0.9176024482752568,-1.355493294120627,-1.2450813156111293,-1.5616076961029288,-2.1527493608655908,-2.5890637209037934,-0.029932302768420765,-0.48880114243995476,2
0.21852652522692373,-1.8826073669092764,-1.8029246262521903,-3.3576466293451155,-1.5975877927620707,-0.6894653729604105,-0.8101250248836633,-2.313566724929977,-1.577479040547606,-0.8747117916861327,-1.0490118481640849,-1.451776112425184,-1.4761225212052833,-0.5318227033336191,-1.7297882584569098,-1.1553051941579442,-0.43018933948425625,-3.045265842103622,-2.5233851716953604,-3.4825948950144756,-0.41568393367322193,-0.8282235146095723,-2.480042795443407,0.15098951703361763,0.10788387832964938,-0.45462515610790477,-1.3101830710860232,-2.7885608544758997,-1.282286935922463,-0.11178559060848413,-0.8886701768835056,-1.4485448924592472,-2.1190412271038572,-1.0057288256513401,0.28194850461109305,0.6460639000832018,-1.4208040153293335,-0.2616413385255071,0.5537456155317574,-1.9756560185809815,0.2824894719190471,-2.3010897953833527,-0.005084524384426265,-1.2031177964858122,-2.4880463590031314,-0.7179987707909041,-0.6060005578049092,-2.281303713863208,-1.5423204912524697,-0.9343599964866766,-1.1360266103581291,-1.6401053783695414,-1.0004205951728327,-1.228826136495783,-1.3505938464673861,-1.436397993103779,-2.172908135637991,-2.590924470427848,0.07418752233584369,-0.4234742843729255,2
-0.77881889807609,-0.24867042737041048,-2.3035352603738812,-2.399594139060472,-1.8480241152624528,-1.385627345507582,-0.352437735251391,-2.413283328991428,-1.2978603182259183,-0.7382926238515504,-0.7369487294558266,-1.5116790690412274,-0.9316976894570917,0.1795173880581848,-1.4089805515912412,-1.4833235678886927,0.04941848742594715,-3.009293192128486,-2.6669748398977626,-3.3572322426186822,-0.3901494606377497,-0.7321594730800423,-2.3546515770445637,0.10997104582053868,0.34322807898834634,-0.3685125925628066,-1.3848549958594139,-3.00509007997165,-1.3103335595822119,-0.1000251853790948,-0.7500007633439716,-1.2210690981509862,-2.264687480537091,-0.8915012396814189,0.07026760890858491,0.6291859137880077,-1.6012484571063093,-0.5052827438959037,0.5185074613626333,-1.9019256441740269,0.20468274600094932,-2.2969966078723325,0.06937581430827632,-1.3262313197226148,-2.373123750487572,-0.6852393821461241,-0.6434750472482755,-2.287443574676925,-1.6540146742500939,-0.610563388825945,-1.1830489363280843,-1.6786956756416067,-0.9055094629297801,-1.2579722313938326,-1.195020857873531,-1.4836947818767483,-2.273847961745899,-2.3650128299215485,-0.1956507504912096,-0.4538715467391948,2
-1.211740923477562,-0.8584375709443586,-1.8827995772490265,-2.8223520694733053,-1.3276370284180934,-0.7281056720197774,-1.0136106395972893,-2.659134376670955,-0.6437137337925519,-0.6636694227216565,-1.3800806491975632,-0.9122634429805979,-0.7956576474211687,0.0054916079727565514,-1.7784538201124815,-0.7781377816939408,-0.27157083772138957,-2.6962036657804234,-2.8386855861472995,-3.37909621625401,-0.64839897684351,-0.9876246606399453,-2.620283547188189,-0.13662591145177816,0.28087295651472916,-0.6188952413682998,-1.291274192523684,-2.8954913975696326,-1.1278623799035798,0.046641992977566354,-1.1604640928390277,-1.2205152895357603,-2.186870614835314,-0.9066119063051171,0.40032155442415907,0.2873056300728299,-1.5621702897564147,-0.5176685038224849,0.7152999041612242,-1.7126584175993262,0.13841542552795838,-2.286609017268557,-0.2268417071187177,-1.266253297989587,-2.326432733421109,-0.7803577782071994,-0.6316735528104512,-2.165213687141034,-1.5816233652188323,-0.7489387713950741,-0.9794092618635525,-1.6040761524624596,-0.9182884549330834,-1.169335038785841,-1.0640352607949515,-1.5500337094837084,-2.1423571062626032,-2.7320989550005463,0.019690270772547105,-0.4678076213349573,2
-0.5531185999033452,-0.3327980638091894,-2.059531398100681,-3.0519179956988545,-1.6668963437657052,-0.7877928184142884,-0.845570161290766,-2.4602050302723235,-0.7842219123005895,-0.8888361436786474,-1.2430906917882116,-0.7556458120139217,-1.1432903005295163,-0.28071668107794934,-1.5293971672507924,-1.178135825045303,-0.029198860111514534,-2.985124421618715,-2.1371414077940516,-3.509203041534615,-0.5020902485266209,-1.1398460536023656,-2.3811823808288306,0.2263187923431585,0.44172404423039285,-0.70371535141163,-1.4468065505330006,-2.6904042518181375,-1.1037690337929886,-0.015224230434625313,-0.9500138802474799,-1.1407774987666417,-2.0790796218100196,-0.8164425305142169,0.2556511953874402,0.5414857369753827,-1.3688700184280804,-0.41682409306191553,0.5811355283065879,-2.131779189634885,0.31414771826717247,-2.3315945521700012,-0.25722763975987584,-1.3256265211697313,-2.404296979983998,-0.7228828388925177,-0.6232486438211882,-2.2104572136588856,-1.5745165175610798,-0.7167370017637283,-1.1103924260613292,-1.6634745748488027,-0.9123198066269094,-1.369832935936825,-1.3683278262655658,-1.5543251529328128,-2.0359287925394947,-2.4863276558129455,0.07275892345472404,-0.5361393060589444,2
-2.264966375843562,-1.617653106857167,-2.617281019450179,-3.9877635475906144,-1.5362986698656627,-1.215075672089605,-1.352699434401993,-2.251072940072523,-1.292514546159244,-0.7379371624217432,-1.1012642911427497,-1.4127139115837664,-1.4475941411355226,-0.3893246082926615,-1.3399871377877546,-1.139152130824476,-0.07216122474907474,-2.883623493370737,-2.526727522950817,-3.2529229436751073,-0.32826963620741245,-0.9074431457831845,-2.710234490276454,-0.21075295065447394,0.38940452357067235,-0.3881577585324795,-1.350342300195656,-2.8102858412199514,-1.2877307166058551,-0.19977849466132724,-1.2705146787258725,-1.404829917458729,-2.449426585199281,-0.8935089037918412,0.38368298748520835,0.6421082587694148,-1.4314052188604145,-0.5101830932916829,0.6954514719111894,-1.9943101526425053,0.12417018536178895,-2.2552211621208715,0.13855453372313045,-0.9718890677335523,-2.4567617801388733,-0.7584561247050962,-0.5387432059574877,-2.4495593297274585,-1.485445238726947,-0.6616959258123638,-0.9989935527800052,-1.6022335571447965,-1.0136523979629855,-1.3729912440493601,-1.275866557381194,-1.4309491047481062,-2.172794360209876,-2.642662265963289,-0.02933971961021714,-0.6687461873784928,2
0.35110791001138764,-0.11807496137486045,-2.3712361609526096,-2.4534608080631495,-0.881447526145759,-1.3599956638288595,-1.2285621598614476,-2.3228262700568534,-1.1935899440133113,-0.8088699962765191,-0.8667252127457502,-1.3463551203100816,-1.0901064361715576,-0.2805561684937746,-1.3308557232113167,-1.1410066473706584,0.10996196875448816,-2.9337545646781247,-2.405699061786323,-3.744942643222398,-0.295320739403684,-0.9566412767457863,-2.561761574852646,0.12088331596632923,0.39361223130149553,-0.298038514163839,-1.2937195201791796,-2.7452060693990328,-0.951092682892023,-0.039373988631316345,-1.0014043248930957,-1.304029097026631,-2.354253716485282,-0.8541385799487768,0.1969894353558205,0.8505895579472573,-1.4589210837674909,-0.34503105617297575,0.602316725512302,-2.040462337837512,0.1850382156245771,-2.1536423908385216,0.15084785177733753,-1.367225561339176,-2.4250758044419074,-0.7185211690578834,-0.6284976560307024,-2.4970251297304613,-1.5365504760594175,-0.8737478979881017,-1.1355911889927117,-1.6833162541937672,-0.7908437808422755,-1.4210781579586973,-1.4097773319165317,-1.4984918339724023,-2.2316454694347176,-2.4608441715762623,-0.036004825166769616,-0.4700126136959834,2
-2.7073212387330114,-1.206214397454562,-1.9266659717208015,-1.8840662382997575,-1.3238630697135996,-0.5459329924398237,-0.928307358109745,-2.3312520248885322,-0.6241489891821786,-0.4182734911935983,-0.95924553793572,-1.3137514754767554,-0.9063589142670703,-0.20236711576999308,-1.3155382444596142,-0.9156971348642148,-0.145613776654416,-2.744081202774332,-2.6830193132066644,-3.375472714218223,-0.42718678387709846,-1.0378512315055262,-2.5672657475941105,0.17165022171055394,0.2937776887679652,-0.13271814097142326,-1.2831469809823197,-2.8740952175931396,-1.3796486655327727,-0.31631667683618936,-0.9809418444324649,-1.2308762472151633,-2.187830761184431,-0.9729611808630878,0.11683958668349195,0.6530621105593726,-1.6635374407719206,-0.4244010822878942,0.3265474559585727,-1.6474153170456423,0.12047430269748505,-2.393604285412398,0.07586998015500986,-1.2709312618606055,-2.284697276727998,-0.7272286277355151,-0.7093795816879979,-2.4385511190200546,-1.5558973896830197,-0.7170941136841986,-1.037492108141242,-1.786778762389898,-0.9944221342223086,-1.275718633837752,-1.386665588257069,-1.5786747069062537,-2.087258614584609,-2.5799895492443747,0.1813371005282758,-0.4487151353796885,2
-1.8397882515279584,0.12365700753290121,-2.2677997962449927,-2.6197729768962374,-1.464686559759685,-0.01238060101287819,-0.7754709979184916,-3.1771555940750633,-1.024484721237454,-1.0050453920565956,-0.8622585529398703,-1.4545944591253148,-1.624340939868939,-0.355817492585834,-1.6809842597966385,-0.7622041362021397,-0.21209014878226282,-3.083574117254218,-2.391969346438457,-3.4090914820351186,-0.6460829476912572,-0.7888199609776235,-2.683104714313046,-0.1262471075287473,0.4593075821710795,-0.4562955120985044,-1.1777562729110078,-2.9618625390677487,-1.253629686251108,-0.3506037534117999,-1.0886868214200047,-1.3146284073746386,-2.1342562895530097,-1.0698607308864976,0.43934505230697307,0.7323592275321696,-1.4068955791894848,-0.3186827136752032,0.656227669091709,-2.1754310462677062,0.10876855147194797,-2.420961206427879,-0.024127843717721573,-1.23217059522518,-2.4258389729324805,-0.6473296959864092,-0.6762877127414363,-2.186215537046906,-1.638379502269393,-0.7638454118318694,-1.152334666501049,-1.7071160445298519,-1.023801304122854,-1.1944892271116594,-1.2638751474058327,-1.4733941349539992,-2.2702170992335864,-2.5629776583376267,-0.11608160220560348,-0.4326193138697782,2
-0.8561974833468633,-0.054188139275339164,-2.3850028170674173,-3.2702555906122437,-1.5220833173001234,-1.0270701660553112,-1.1276073157612143,-2.6593679053761483,-1.4408778543618042,-0.986815443377548,-0.6072144174399737,-1.299037476828362,-1.400740004270692,-0.4352487829072807,-1.4247713095947387,-1.1611411070824031,0.03570403685078065,-3.185458833697898,-2.126184065765326,-3.373593788979279,-0.7024272441714057,-1.1517671399244986,-2.437471175277025,-0.10688781672018212,0.2635786790731025,-0.22366275503558078,-1.4154254821667938,-2.7683490591699407,-1.2344597904226882,-0.1395876214045902,-1.1321036397482092,-1.619033300047856,-2.04847688881899,-1.0586784126624114,0.4434986888332415,0.6833585212579312,-1.4630596873234951,-0.4624801773650042,0.5512024184106148,-2.0861212773107622,0.11304596711396626,-2.1711162017843613,-0.05930674399248061,-1.3572722667179127,-2.3240796759031714,-0.5531997707948088,-0.6601655459822237,-2.3232471540703936,-1.4453470491059472,-0.49625603154273534,-1.1701029509724727,-1.7358874201175072,-0.8361119658360576,-1.291232115316278,-1.2007752370605604,-1.4956176403933308,-2.044161612395633,-2.482202402811197,0.031107116090401173,-0.5318828122093113,2
-1.4304759624196859,-1.7198795072723163,-2.9162836879634226,-2.7492562502365137,-1.7009094202146087,-0.31783966003663566,-0.7305950111296127,-2.6964804278053354,-1.0919300539382362,-0.9069153112192982,-0.7242890984177397,-1.439577471166268,-1.503663529912258,-0.221832947620009,-1.8221405434502835,-1.1962905684136056,0.02836184648850483,-3.094074597882299,-2.405346141901813,-3.5462985102625684,-0.7869747859011187,-1.0571539352145416,-2.4935462009917626,0.03859761125448605,0.2504208089999951,-0.5673608965777104,-1.0900718613879194,-2.5154111951455533,-1.1254834767418465,-0.2944378071053867,-1.0794336455928049,-1.0791760295807942,-2.1214061923508867,-1.127790212142601,0.3608712647672386,0.5897597396769021,-1.4960811754401342,-0.30055736966854674,0.5677165331303344,-2.0112780646550075,0.17803527828901655,-2.370681157617322,-0.10042554826448197,-1.3858111470418053,-2.316877147608495,-0.6969831258365621,-0.5906348117371891,-2.35656012906577,-1.6687393427894817,-0.7159550346148463,-1.1262547935201477,-1.7708455598912893,-0.8820447546004118,-1.3020615347832838,-1.2511364404476097,-1.468335708328963,-2.2221478517054196,-2.5226942520502433,0.12455833376479428,-0.4513889870597066,2
-1.4664732748522014,0.10104337920461537,-1.5941391041631034,-2.0956372613060568,-1.9604724681287657,-0.22120826919080883,-0.9086659990095752,-2.2655078904172017,-1.1256173636819948,-0.3049964089885889,-0.9354027556046002,-1.3173144662128067,-0.9276907120700348,-0.29236433853403504,-1.6131061201769854,-1.1976400460373053,0.07812068023254681,-3.155184753472927,-2.4309617932086756,-3.0895722665258565,-0.5269570775950365,-1.0413487053800419,-2.0967426204750366,-0.04720377259728825,0.1037583915481537,-0.19595790140133248,-1.512318416251718,-3.019395957277264,-1.1144911893115212,-0.022463217025116652,-0.715548136260967,-1.3008769415860115,-2.157929562594984,-1.1479414181025387,0.19537115986532716,0.7078442586687391,-1.445335346647642,-0.31917100574598156,0.6745471187570797,-1.8592900979859717,0.1415885640474986,-2.2576331081877306,-0.15713481637002955,-1.4133819929277411,-2.327752578924883,-0.6133507266417813,-0.6422329184589505,-2.3081024298698125,-1.6443525290698249,-0.67476259053311,-1.1621373825214898,-1.6473067764568252,-1.0132640700332893,-1.3957057645595645,-1.4243808087615382,-1.62323911084304,-2.1639664624390207,-2.7097472896784787,-0.010756564349000866,-0.6394032622010842,2
-1.8474513030761506,-0.6333850191370395,-1.1237256510750138,-2.6659485865434642,-1.403735673500292,-0.7406254876337971,-0.16218787347450492,-2.610790808210663,-1.6968461610754324,-0.927306164791418,-0.647419510159713,-0.8232576460628644,-0.918378354964897,-0.44642708553684346,-1.4883799306971526,-1.2045490120428726,-0.05327270519811313,-2.8106552174010417,-2.3145722799023702,-3.431427435819891,-0.46314801277539897,-0.7289752797809849,-2.5022773653671537,-0.26031918631191964,0.334721454361692,-0.18701277237955885,-1.2960362319643282,-2.562238169717788,-1.0636834065387732,-0.1080718174130468,-0.9738225746439274,-1.2725860862153762,-2.068226599649291,-1.0844289251225505,0.19361129854011697,0.6116340779594908,-1.3476171375474202,-0.4958072826777304,0.6932318490239344,-1.894839746349421,0.2308782903037304,-2.249946286145677,0.18089493907674778,-1.2046082109208867,-2.4755590484782126,-0.8475580511696115,-0.6065656219527975,-2.4027166518061405,-1.4566342036365516,-0.529734955965288,-1.0132469384949945,-1.7570375118818,-0.8340971157994219,-1.3168388362108516,-1.312237934962873,-1.6496313157220501,-2.0087471028489063,-2.683352961276727,0.1085173010821388,-0.3654730639386846,2
-2.3877289480229074,-0.47135743970143834,-1.727764014552584,-3.211046210219656,-1.7767654349610547,-0.20208109823735343,-0.697649459099685,-2.455778634452028,-1.6281158732203833,-0.8435005476611184,-0.5962433889777505,-1.5435527273733478,-0.6779860382188246,0.05611933809768527,-1.5752608711789822,-0.7830359903529925,-0.15267532083606988,-2.8880781502838007,-2.1940039145888615,-3.306543249366893,-0.6793702860035822,-0.8355530732391161,-2.514273911629858,-0.10152019757369674,0.20953990553877477,-0.4564297386155856,-1.4047284670331175,-2.9982483738385235,-1.1971454157422294,-0.26554680534840847,-1.2347497609899862,-1.264686994018016,-2.027951574276369,-1.1553653001310684,0.06564454662923797,0.650762449976397,-1.4331886060110273,-0.4180792776956767,0.5298191964853051,-1.695409955743548,0.2596316748746341,-2.3497155495436957,0.062511617304387,-1.3303417177340442,-2.3891911169080524,-0.6031898057258039,-0.6362705034091131,-2.226933132643373,-1.5479664093723566,-0.644983124245797,-1.1167332517001698,-1.6110497187993673,-0.7812797794210923,-1.3259854440403722,-1.3430904738013294,-1.3416824996424512,-2.063002203685258,-2.5524928090814467,0.13550057160335685,-0.3989981653305599,2
-1.1914707117792855,0.03048713025933647,-1.660995936968127,-3.0800972946089265,-1.5252597936989327,-0.6117684204538003,-1.2197007934211195,-2.295499374750786,-0.980118971754924,-0.0527073073620653,-0.943618588807806,-1.463585274127994,-1.1189783809376272,-0.09811721513640001,-1.3779618433994798,-1.0857880750460023,-0.20022296423056238,-2.9386737990546585,-2.7239836125633863,-3.2090257040098016,-0.3483689721303496,-0.6433918785228144,-2.3520218196977822,-0.21312780875482235,0.43178979938077744,-0.36833733020361115,-1.5792262886685626,-2.786686449328726,-1.5815444678383952,-0.007532033110640629,-1.0520345632488177,-1.2376810441758213,-2.3515580915770067,-0.872733964262354,0.13706294330995164,0.6383389481588551,-1.5370470923780986,-0.36345560448947933,0.8074038165912107,-1.9009394128737458,0.47798453982382055,-2.1658579485972402,-0.12905552418559907,-1.0173032692885369,-2.1961621936914457,-0.510932212106141,-0.6407352504231115,-2.3985135322839395,-1.5344827353916077,-0.9150853141361688,-1.0409942688331875,-1.774233340805538,-0.972685576056601,-1.5121595143906985,-1.3088847633088938,-1.3431164281722858,-2.272836565341889,-2.495500052006172,-0.03905803640349101,-0.5125220124567377,2
-3.45362359924781,0.8056711608239663,-2.7812418538597488,-2.4437517781270888,-1.2711892136270535,-0.8883510659527296,-0.8311737790311582,-2.2275796606328786,-1.01469635029391,-0.45905978088629074,-0.37476527604945736,-1.5313232640511825,-1.2905717305833135,-0.22203750622403784,-1.461675857949868,-1.388544963694252,0.1672987963955578,-2.8855505095354026,-2.452110191352864,-3.3491963529535855,-0.5073270812425799,-0.9374296644404572,-2.460372082664796,0.14723656285267775,0.29426746151140243,-0.3347805860478025,-1.3474446723188875,-2.53984411246825,-1.060905237444571,-0.008236900040809458,-1.1530689847934559,-0.9543454548120394,-2.2880994760303732,-0.9074165429921972,0.3517309491768125,0.545853359105032,-1.5555266108687533,-0.3151390033307268,0.44730427731474026,-1.9928825245770814,0.12570167928905862,-2.312100159999503,0.015654249066013523,-1.3321026066253197,-2.3765825348080454,-0.7281608584480289,-0.5154343175527872,-2.4327774947196965,-1.4762393165189154,-0.6123052446343554,-1.0827998855215684,-1.8128715529171868,-0.8683755795074856,-1.318248129926966,-1.1902899213001292,-1.4313611569092928,-2.091336343280859,-2.5846311049451387,0.023430235131061364,-0.5262238526327382,2
-1.9215559710144594,0.1752401800288338,-2.696957981628406,-2.8816482107880423,-1.6164680389451047,-0.915472274811472,-1.4546381423075503,-2.730959388781018,-1.0425934035797775,-0.7413445227552248,-0.5090584411125767,-1.360093294907798,-1.3942114527017722,-0.0002519655336366555,-1.1675516346900092,-0.7162911945076371,-0.1278106405869487,-2.763911518367586,-2.3446301544832857,-3.242273589255575,-0.39950268141285117,-0.7669682435803844,-2.5889623613807897,-0.039927070199074925,0.3098551609497276,-0.59536870529951,-1.1376847485461217,-2.7223072556906374,-1.3446759154678118,-0.11895040309214572,-1.1587036737840601,-1.175884596274112,-2.155134464199213,-0.9825550689410152,0.1776137386957893,0.5916062605343535,-1.517520339913985,-0.17722910816271273,0.6520270237098127,-1.826857128179597,0.3539588008873573,-2.310683011525439,0.11002347374600435,-1.3646014143867133,-2.461044195035592,-0.5814416936370276,-0.6414811378494351,-2.3876948334219863,-1.4322058117377483,-0.534660816398878,-1.1236410875700173,-1.7926086275125523,-0.9268688060263303,-1.3235525538113957,-1.2683087546155414,-1.5847869737914266,-2.138516123142784,-2.624583328132146,-0.1262135098614556,-0.44990666716397004,2
-3.4697489527223153,-0.8785076885913583,-2.3840427982696597,-2.836475277510644,-0.9703759768004562,-0.9490628608997894,-0.4592875838352957,-2.568469971878969,-1.4304798123360492,-0.5333047728151583,-0.5170373632170343,-1.5504569979331289,-1.1766417078051856,-0.006509682281602647,-1.490927642694159,-1.010756100460791,-0.12612258917661107,-2.901773519391098,-2.5330908026300856,-3.15564431678814,-0.45505965948995214,-0.676162191383229,-2.507911961750544,0.2319829710507037,0.34023786237242487,-0.09218511403388147,-1.2555776785386696,-2.5864387081136844,-1.227425001911636,-0.0637885271236185,-0.8757507462973368,-1.2065445558253498,-2.324484400857023,-0.9726010702879759,0.41725974450944786,0.5285069652334035,-1.2486772520387426,-0.2621754247753187,0.48385212855502546,-1.9116150105412177,0.12168923350110017,-2.070113312377059,0.0341313789459532,-1.065678886809021,-2.503022126167579,-0.8130804329623974,-0.7189666273861594,-2.09886458642493,-1.5373981116393156,-0.6783556417040854,-1.1207257718993906,-1.6339084326526618,-0.7647895992097338,-1.2906419825577584,-1.2913478015070479,-1.519367134240256,-2.1173267407963836,-2.5978970007762285,0.0009697422956431029,-0.45401735191336057,2
-1.8105902872570745,0.23218073496895708,-2.2164032474610744,-2.881840603979513,-0.811170593413981,-0.9422095762777862,-1.036893719673065,-2.2460725226435736,-1.068111610593975,-0.5877612641199135,-0.5749436526584738,-0.9600528916861497,-1.4477126642951799,-0.012207911769365754,-1.5077445169286474,-1.234169717442539,0.2793293571131696,-3.0088142658795434,-2.5137592893327114,-3.4870305425779016,-0.48395494619019996,-0.904617766526542,-2.321258054795479,-0.1800575821941861,0.1753241363646337,-0.3157653476478321,-1.4364889699565673,-2.7779226090204903,-0.9941545499759393,-0.3522158522941968,-1.0750123580536477,-1.3730260099719347,-2.108980560006914,-0.8882959737809873,0.21207963262725982,0.633798450162937,-1.5236021181844275,-0.29288688157532466,0.544430651435073,-1.8269121714183831,0.16065033073901325,-2.529622070583171,0.0998923957568956,-1.4313943215773002,-2.3374729201247413,-0.5359193369072413,-0.5326920988860478,-2.3251156013966265,-1.4320522267307383,-0.7770431977890566,-1.2133558778110116,-1.8649258191946625,-0.7696939022874522,-1.3840188768095638,-1.41470481952457,-1.5659924207366733,-2.089535138316426,-2.517150951252533,0.16832041415144494,-0.4405431830929474,2
-2.7208777089557614,-0.26212234916947885,-2.4098608972925586,-2.4327525663926446,-1.5049624250252094,-1.4291874006279675,-1.007101202073812,-2.5898347218918483,-0.8151555395816553,-0.9127684892562863,-0.8477020963271577,-1.0512090577969215,-1.085629523251308,0.04755482661073612,-1.7653098858171783,-1.0809473117982145,-0.289776659605519,-2.873063018195388,-2.317987287208437,-3.1022412374716293,-0.4620183571569082,-0.952810015535233,-2.607037943580732,-0.18859492385059373,0.33675055874359,-0.4463675738357515,-1.2972712076843682,-2.497438206115542,-1.2490520989195109,-0.03216699726631608,-0.8208182983141297,-1.0722545533780317,-2.1617165714646442,-0.9666598501676799,0.26873562077256596,0.607817378357139,-1.5069301834235782,-0.4397091706415376,0.42387955384280657,-1.8036182470446687,0.2585951873124741,-2.320350888852273,0.017566581462982192,-1.2872391005479409,-2.400981312667845,-0.768439973347612,-0.7027294845453866,-2.3902889069730135,-1.588520863323859,-0.7341543787986528,-1.1121428599446344,-1.663503902572538,-0.757882474677717,-1.1036556652258669,-1.3506714779913436,-1.4668274934634158,-2.2788145393645025,-2.5648514455799147,-0.03967903618262136,-0.43882283973558867,2
-2.6995885449280212,-1.316878829675972,-2.4627958074117693,-3.6905791608855245,-1.4948757520096232,-1.0071191132281136,-0.8639023789608513,-2.437806211105239,-1.169440720424454,-0.6308393228267872,-0.9290727736504176,-1.6694981505301487,-1.4252258162120413,-0.26095571292265207,-1.7704887142901296,-1.0499140986658413,-0.35049655934610646,-2.8992680479126194,-2.4432493353282188,-3.1950949871924386,-0.30589049372251514,-1.0621178799827393,-2.393526527198368,-0.08968914339601429,0.261260784577619,-0.4511605718873765,-1.2399395286894326,-2.6877573723366033,-1.2053209711520756,-0.021881769753542335,-1.0433243563485894,-1.4484783115067372,-2.1253665402576805,-1.0504610559793681,0.38180415996146716,0.6758768417311641,-1.5194218642833266,-0.44814380669138865,0.5325314447929269,-1.8861266074817333,0.13982256398807655,-2.2873718434106043,0.041905404672080135,-1.2190906334958593,-2.516606214784158,-0.7237106682182071,-0.46486588579185506,-2.2285141432211804,-1.6724740626155832,-0.6704790051825398,-1.1095898662885577,-1.6225440856019213,-0.9153580362087601,-1.3312567390102326,-1.343637774428244,-1.6122370244324358,-2.153077274961442,-2.4236597918930185,0.24572693365018303,-0.6365073753858413,2
-0.4166925982808185,-0.8246432569565614,-2.4629030676800436,-3.1659359747271467,-1.0338718412203183,-0.6780659727938458,-0.6920128174375136,-2.349323809322408,-1.0507141235728676,-0.6433837430008423,-0.8356392143907515,-1.1068598411265824,-1.2197161881882248,-0.4929979456283462,-1.28773951975281,-0.948239744298367,-0.022669678363937372,-2.870316617111788,-2.6625485616260267,-3.3308675353854285,-0.5927183777322338,-0.8711944213904671,-2.516688052763118,-0.14951946675139494,-0.13249048687124937,-0.3918400720627343,-1.1915521369726523,-2.790116938657227,-1.1309497927135324,-0.20556124501739143,-1.0319228526701192,-1.5230872433745382,-2.001839837017451,-0.9629061238375531,0.41979255937811344,0.7074627115944491,-1.7714377064855862,-0.3632347012290407,0.7283992088555215,-2.0733906035685994,0.10491822482741668,-2.171989601209877,0.13124031146421689,-1.307284667061525,-2.3879904525848947,-0.6431638043725064,-0.6218338516310039,-2.2672591805925313,-1.7303395279425993,-0.8177496277077937,-0.9567340149859641,-1.7716266885416205,-0.8484229980120089,-1.2353487197976523,-1.2277834712728903,-1.5347266044631789,-2.237319488740913,-2.5775837666947004,-0.037993278482684995,-0.37422711107419426,2
-2.007001439015183,-0.3530928602868426,-1.6778644189275518,-2.8073613791483374,-1.1137979198246062,-0.5120354632512516,-0.7168901202972253,-1.9893880396772627,-1.5308029916836758,-0.4237639139558688,-0.5871962639642175,-1.5667132569593925,-1.1063428454268112,-0.16748606240313585,-1.5189493764110382,-1.2643326294920056,0.2308322672002372,-2.819137705825325,-2.6290671947698216,-3.2663005908986853,-0.35753507338983614,-0.8469494690115675,-2.3750076861586478,0.03702322085009342,0.3209015199993798,-0.3921554753019793,-1.3448054128860536,-2.846516571779272,-1.2308067933933058,-0.08927202616983844,-0.9685570614169606,-1.2515687424642925,-2.164689670904358,-1.013926858411809,0.3879391685933079,0.49352719883772406,-1.5210140708233262,-0.3490727017383972,0.4992883925652172,-1.785194036383402,0.26730330225795096,-2.2854474397050413,-0.19068653993929516,-1.3712333925874403,-2.7688685025423916,-0.7356517400420811,-0.5169546861430214,-2.550385652719258,-1.5812708183522002,-0.9061576412332306,-0.9937891200071327,-1.5763174100882082,-0.8915476236816223,-1.4134062874008428,-1.259040661393594,-1.5082900235266672,-2.0967150608760656,-2.4431339498841873,0.12959527154768335,-0.3942750091957911,2
-0.6338894483489782,-1.2784571188503195,-2.010268128543637,-2.565612880439982,-1.7584132834129935,-0.2047948627335282,-0.43191650822454686,-2.769681432016565,-0.8117176009708151,-0.5429994676035329,-0.23156843133666405,-1.3813008192435017,-1.2993563537255521,-0.22370469799227422,-1.7795031771731111,-1.0908245296092387,-0.24038358517053623,-2.894900687251539,-2.5222527964008306,-3.5155906885267303,-0.1920861040796809,-0.7201047772086935,-2.3623963255035587,-0.024950150225485995,0.05277389182911921,-0.2139602531439669,-1.3782949911178608,-2.525383318359099,-1.4214750403171992,-0.14245448663042837,-1.1100645791603625,-1.2190821175421271,-2.1851365655501453,-0.9976078936896131,0.4324203871862761,0.631734064398011,-1.5733716568431177,-0.15156752474059584,0.5343054976880809,-1.9677012429334875,0.04329236652282015,-2.2116467309074066,0.03228154278721928,-1.4696009087697985,-2.3717959636949915,-0.5086123643224453,-0.735808119415206,-2.3018031993861245,-1.5195053592881487,-0.7111423350504784,-1.140727969987677,-1.6408230689752854,-0.9445322214755326,-1.1810959506187566,-1.3442684115246109,-1.3981110878263987,-2.1512704349298155,-2.53717785421521,0.09509598710387147,-0.4927909305886901,2
-1.1888142172328524,-0.5918821081058543,-3.103981217968017,-3.2649199672126046,-1.3526348775466175,-0.7197224424499108,-1.0517726648954988,-2.540301743507277,-1.0744584672588244,-0.519699351148977,-0.9180687481856661,-1.0512306628840422,-0.8310328406955514,-0.17507021539414072,-1.5156614880610784,-0.6458097289824061,0.015304873380676973,-2.8691205031307745,-2.626040748087668,-3.189625012538367,-0.5180462749076334,-1.060018487068238,-2.3806098662369592,-0.3011544755220957,0.4071122241841463,-0.4210659050268385,-1.3035798709167483,-2.6331272894876623,-1.4560708307599535,-0.18277355691481287,-1.0803197447574429,-1.2720063220580644,-2.1269675324079573,-0.83432083175998,0.1859766950939464,0.6254853218911263,-1.421583544069148,-0.14493631184703668,0.5435437286548354,-1.8994799469915713,0.08848337143647128,-2.3493014491434545,-0.08158681102636686,-1.2045258268025478,-2.394841614160501,-0.7109890638249248,-0.6919989647265241,-2.3374940976768195,-1.481329767589186,-0.6598404743217667,-0.9789465225000653,-1.7805804749937648,-0.8171969351552266,-1.4602437569599767,-1.3410855804053727,-1.3302887891024777,-2.1804863134749484,-2.383187553289541,0.1507215264591182,-0.5302005774561025,2
-2.303759652090201,0.18955938421189378,-2.901811477754698,-2.9500860450250497,-2.273325929859726,-0.8224663810008371,-0.6946655243947978,-2.3562368913757648,-1.136953446504518,-0.6483312771526256,-0.9598677230613011,-1.2409111917504372,-1.3402713329197584,-0.43471171353326665,-1.4988701169942573,-0.915588160843193,-0.2969737324446573,-2.948985362371515,-2.4822612319617825,-3.218801316178769,-0.5443866327786033,-0.9914322153841287,-2.3778055686565915,0.14319753236601956,0.23393267117964026,-0.35474681113506984,-1.3582519632148413,-2.938983078496581,-1.060857237136689,-0.2346774776857436,-0.9239963628863125,-1.383697584350849,-2.098532971170197,-1.0694673711846903,0.41181425582038356,0.716157513170073,-1.1443354540588002,-0.46019873083772256,0.6476209049997519,-1.7988515022819789,0.2884529077230228,-2.5079676949679057,0.2017184778019027,-1.4031393801904124,-2.400032475424387,-0.7276776638866703,-0.7140049256690736,-2.3807388782369396,-1.5476911588536038,-0.7853760930539043,-0.9077786229392001,-1.660905976428591,-0.7854446019978331,-1.3004675801514176,-1.454697103674081,-1.4742066628926875,-2.1921651503802746,-2.5481897904758295,0.1398817634754683,-0.36287722818203827,2
-1.2717515324094437,-2.144707478669461,-2.2186072334187448,-2.458948876246075,-1.2191951098955611,-0.9732870061921738,-1.8030143958758464,-2.8616693966631113,-0.4620936341386387,-0.5423411923242084,-0.7432742460150334,-1.1499835516955896,-1.6920353977545597,-0.5825047825642957,-1.651404480459483,-0.8664469540090066,-0.29048308540840906,-2.8058584776226105,-2.3186653046486607,-3.267329514815268,-0.5208707368325978,-0.7288227387983554,-2.855021796053063,-0.09653281974852129,0.24746838002156465,-0.537027603417588,-1.4045531626146137,-2.6296251089640674,-1.0895064552969578,-0.15478338429643276,-1.2171087152090927,-1.2330659658766707,-2.347032300919259,-0.9759244426598719,0.35583987296257247,0.7404631701771228,-1.5258158154844954,-0.28037557528059537,0.7423731897856857,-1.8867736835082853,0.2510668166657204,-2.1663387477862988,0.007047567080530913,-1.641134294361764,-2.366530278295106,-0.7552872833326035,-0.5453292424744982,-2.2772433066452473,-1.5458755294096136,-0.6538596403598161,-0.9874266359307445,-1.6100847555014102,-0.7895387168827818,-1.2551430880695338,-1.3640200430525988,-1.5284477313258213,-2.128202946595094,-2.6756578111251743,0.013537755935632091,-0.559371766920264,2
-2.7710840909681593,-0.7240220517155689,-1.4239163462203959,-2.5772279225569483,-1.8258011546407604,-0.7246314028287991,-0.9389447745673225,-2.528781974167653,-0.7770499743289203,-0.7848675597656207,-0.3951533936224703,-1.4334359343923322,-1.1710765092893574,-0.1786284142786797,-1.989574771909058,-0.7384832280675433,-0.21476507714305473,-3.033771619154283,-2.7175116659257044,-3.3242565413476863,-0.4622022360161853,-0.94389726551753,-2.221415581248368,0.1453929740903538,0.2896440025655561,-0.10751127006034811,-1.5964839686353673,-2.7571632834877415,-1.1945630644911578,0.029456155179989535,-0.79380910116571,-1.4238793353537489,-2.171051826246448,-0.7600085394360188,0.32397762891822396,0.5708196909984473,-1.3694805216839459,-0.31688544627611226,0.5719119219615694,-2.0133595712285848,0.3024784288788812,-2.337174744961224,-0.12377342107465261,-1.2525960260250264,-2.3473320659193773,-0.7053381187483063,-0.6758324497600919,-2.3982823992855336,-1.512585980744632,-0.750777382747595,-1.055312896066151,-1.7461451063254163,-0.8084330666518315,-1.2526095835835076,-1.432310388311625,-1.4575087933991895,-2.142046659819761,-2.5629270958753434,-0.0775740882709352,-0.4561849621483642,2
-0.13139715160233578,-1.2962616757100798,-1.9356828694522437,-2.971412600599066,-1.2349433934409726,-0.7020772219175068,-0.49253282286055344,-2.43125021733994,-0.7632281736549227,-0.7610094982372495,-0.7819255511257774,-0.8242729913442413,-1.1163056988537128,-0.31783440877722874,-1.8337398853121876,-0.8382567381354594,-0.2685162055454736,-2.898399912402959,-2.419221030799528,-3.3080793785195914,-0.5121518540356599,-0.9952659093786501,-2.577971877864516,0.029819988536396225,0.10757090188087781,-0.3796969966317946,-1.1944586154021146,-2.833559847027748,-1.3258616557569327,-0.1291910679848681,-1.0733242572200912,-1.0339296855129156,-2.09700063888422,-1.032284593251783,0.2556438529909302,0.7387105334505419,-1.489826177989,-0.3968259339351553,0.6439758522256288,-2.1217816302653154,0.35268379149624496,-2.132237052806379,0.10862200278227052,-1.18477859485668,-2.735537305449995,-0.734763116220977,-0.5328346030563297,-2.456797735788321,-1.5893463847571823,-0.7582862547576942,-0.8115608907035994,-1.5655325804448808,-0.8998119870085753,-1.151401521183142,-1.4802067182043182,-1.251501364935021,-2.0922156475735885,-2.5947438422240303,0.016697686912697393,-0.6571108799037084,2
-0.8881698789633339,0.07428383549400741,-2.317147541195962,-2.8878481449103366,-0.9663537489090348,-1.4307639515246613,-0.94233969245833,-2.7059498073079604,-0.5928179983782333,-0.40116180710567145,-0.8799712865059748,-1.2212321708837957,-1.254873835127948,-0.6460843734862661,-1.6164418735446973,-1.274305440210426,-0.03900295137174291,-2.9492456618467493,-2.595793163270043,-3.277489418310206,-0.33398066464376874,-0.9502963535922291,-2.4452297977547452,0.08378547088471028,0.2613040449673104,-0.4029087726070307,-1.0928827798179124,-2.722418202838283,-1.098001699255541,-0.21185829293641298,-1.1888879223478794,-1.2043550915927193,-2.194288337697587,-0.8216725886091655,0.525603123052438,0.6480706794550043,-1.3844402013499106,-0.31043241124835536,0.6200576674119314,-1.7339639163851268,0.16705138808779801,-2.30456487952362,0.12770184931438136,-1.2242610194919048,-2.6478722072101286,-0.6389305408561988,-0.5957235841873654,-2.342279226123054,-1.6019357135238605,-0.775555889620978,-0.9440646898007071,-1.686658963271639,-0.7554658286938466,-1.3111848701479156,-1.3732957205156302,-1.376059629247447,-2.136519115449755,-2.571771579724131,0.12063298660859259,-0.4713252261876115,2
0.5882062530417616,-1.1325951200433644,-2.2996760355080554,-2.558778121840032,-0.8499835653974965,-1.3760738938739148,-0.9121796704548167,-2.4422460321126342,-1.6682335044896353,-0.6436432585511006,-0.719970478089144,-1.5331417267185867,-1.2581072432102727,-0.23468319290119977,-1.4275505267810737,-1.2454394230473749,-0.17773678984712876,-3.0386699643756607,-2.425840947657706,-3.369496731175511,-0.4508816292295838,-1.0343261417861918,-2.3839824263756806,-0.019157933876313107,0.20363133834420527,-0.5823682380258064,-1.4480055296431606,-2.833652547535252,-1.2965550466997142,0.05129853107096399,-1.061999583235808,-1.2953491299190385,-2.216458965652593,-1.3527593795257986,0.30690481539512293,0.8094756154880274,-1.5960578772393665,-0.4334601029146272,0.639779352997728,-1.8840604864158228,0.10253741428373139,-2.243553530078034,-0.08278397885794544,-1.142770085871864,-2.5079042043123887,-0.7200099860612464,-0.564691777294343,-2.2511473113692615,-1.5465720154450282,-0.793879310797684,-1.0723128606168404,-1.644775779322857,-0.9383419314948593,-1.32184832747022,-1.2714884586426067,-1.522448697133444,-1.9838705555316263,-2.6529310988963526,-0.03874233209236959,-0.5575354918434572,2
0.8323262431412195,-0.8024693714893418,-2.3020379201022765,-3.5356796729267383,-1.3050738955660897,-0.4467183938181023,-0.880343048473819,-3.0836903958676483,-1.6890176768220917,-1.1335083831193273,-1.205372497596639,-1.1630062093563844,-1.4565819060945877,-0.24266358482659967,-1.2799311208484878,-1.1064388887143335,-0.41131896762574843,-2.801165913246794,-2.563902705620894,-3.5427368069989265,-0.6148109809082887,-1.1125366518674833,-2.2836893679016903,0.05859214687846341,0.4265409123438024,-0.3754020933072824,-1.0925029575268113,-2.914022853877829,-1.1430296255752292,-0.1552854289954947,-0.9764603159173493,-1.1059555852865826,-2.0375742483942263,-0.9181305956349579,0.4196337004150649,0.5351960508060114,-1.4843484066284078,-0.24608822943195885,0.571509855978741,-1.8545095036084542,0.06732560555919756,-2.373678769273232,-0.1354455983020299,-1.3254924311938932,-2.5113987692269286,-0.7952055603117353,-0.5977981760715094,-2.4864921593181575,-1.569571831496356,-0.7475851716816535,-1.060532050437214,-1.7284274731846017,-1.0607265792193303,-1.3022292372387072,-1.4380803780105829,-1.4237323752546769,-2.145908756219367,-2.6222486457247705,0.014325274916023284,-0.46479630958394147,2
-1.4366526165448086,-0.5649420866342029,-2.2646422384414686,-2.9995864500071923,-1.393008988807549,-0.7821239477478888,-1.2491410078932228,-2.425555784454915,-1.2252206165534074,-0.6171043740961227,-0.936499089770499,-1.4975990746443066,-1.5196552114256803,-0.5932498663946255,-1.6532355793375195,-1.1826318691806097,-0.08882540724188012,-2.7869811396356354,-2.6241835988318667,-3.358350149375961,-0.15625777227564747,-1.0246729106968182,-2.3737611309458138,0.11684562654125139,0.38088001396785454,-0.5431979651646301,-1.4027325504885297,-2.8080893514653527,-1.2779112572150224,-0.1324968178117028,-1.0408655946760752,-1.2790009175599508,-2.157344616779346,-1.1232577798915435,0.28444657323705835,0.7934088024131577,-1.4660555442694856,-0.46687234724963705,0.8013585592023855,-1.9161932778621942,0.10183210020885301,-2.292300225900513,-0.08331474335118545,-1.1984909941017627,-2.487691111377373,-0.5509835268776198,-0.6175591398006948,-2.4854451835124043,-1.6935759210461143,-0.7713044810440155,-1.0006355136459975,-1.7745388076803086,-0.9079414905330685,-1.2824656718331464,-1.185617114043034,-1.3524843923317902,-2.0866226408495256,-2.4416664547768745,-0.05582252986643353,-0.3677133448395447,2
-0.9089553386814108,-0.19565815281088395,-1.8949213278866128,-3.3183222913092516,-0.9734318673881848,-0.7786510000111273,-0.6227151755734831,-2.882531854727556,-1.1107402676989002,-0.463296152098273,-0.6035122352999548,-1.2112418644731853,-0.9322296013231511,-0.28868641816815127,-1.1796730986118602,-1.147360997226411,-0.15130457193154623,-3.091810033177465,-2.4156137719570685,-3.0321759563679884,-0.3504142302592973,-0.7340550156319545,-2.202395370054959,-0.1018158800434233,0.18269685740138497,-0.33987530683458367,-1.3766235558213533,-2.7804036918438904,-1.2703248737872757,0.015044203555663077,-0.9536447042338347,-1.2066993379752369,-2.18122124083021,-1.0493966457171655,0.22644523119559584,0.5266330447139876,-1.4208169346546216,-0.331868399049478,0.6106911770918706,-1.9346041396543132,0.13825810053443088,-2.150844429579599,-0.01940653308374856,-1.3314438402613151,-2.4374714178100874,-0.44455277892623296,-0.7048419971448123,-2.414318773014047,-1.4425993039824236,-0.7132569145592323,-1.0342355163727242,-1.6588907241117992,-0.8966496997189075,-1.382495083311391,-1.4105675984953165,-1.6306675217789721,-2.096935873907357,-2.623084987747197,0.1354801022754039,-0.49068950918902465,2
-0.5404649966308575,0.8649755348520977,-1.336089424977009,-2.590681957175026,-1.1738759280806688,-1.2460091151848742,-0.4715162627197239,-2.938852171009399,-1.060484914428566,-0.7058471070851499,-0.8476716888957254,-1.2936761956740788,-1.4061102306778894,-0.20971513568219313,-1.3809763116385463,-1.2577582494546382,0.15903002399964256,-2.924692043492567,-2.8036763026293716,-3.535137546188487,-0.403224397753425,-1.1981854383248955,-2.3420455010946473,-0.23817191817310074,0.36715183131437157,-0.5077685621086241,-1.2554275378064386,-2.9185402464315255,-1.3441362439462616,-0.2111797580509186,-1.1594106603582053,-1.33346487201334,-2.188453492938789,-1.0378579431607127,0.29972398281488033,0.7291354094801709,-1.4562333150982165,-0.3230822950845139,0.570710089112257,-1.9895764672288065,0.02957790517201661,-2.2497775847487604,0.08095521017734496,-1.152901741583636,-2.4343809781706423,-0.6717168906763288,-0.5842280966287506,-2.2600527037876006,-1.4247962036721076,-0.7932930683725785,-0.9253306667285013,-1.5892389306635977,-0.947925356713637,-1.280877368699667,-1.3588614743940108,-1.4173811796548044,-2.0726818289415982,-2.6214428656190623,0.019070252272748965,-0.49239459617930165,2
-1.988201969969654,-0.0016398582579295606,-3.0252678442209193,-2.3385398709300804,-1.8606622589055646,-0.6290269853175252,-0.33515795081332866,-2.3297041801270972,-0.9670460534071637,-0.004851795065897946,-0.7786487537789668,-1.2676768453025855,-1.5396110815191544,-0.49514942975570486,-0.9821533643622252,-1.0157617472587717,0.07987426850608279,-2.9109844087617525,-2.4929966141054214,-3.2053309213496166,-0.4946529784697765,-1.090912057652926,-2.4457553290920213,-0.14339051813523263,0.3173745701818016,-0.36729398696246585,-1.6202704661033696,-2.652444645019225,-1.1637571034536134,-0.11489335681281818,-0.8279892271616003,-1.1536935750377246,-2.123584819351721,-1.0857714328434822,0.37549406903326604,0.6699996566644492,-1.576590482941651,-0.47184584026661974,0.49522518764620527,-1.929955542394985,0.3145152924258462,-2.260190584532524,-0.1823898084857727,-1.180652074606594,-2.441833073164462,-0.725820953816856,-0.6291345878393096,-2.340081805674753,-1.61547150517821,-0.6102916174552266,-1.0431936413603766,-1.8023444972988623,-0.9266054004339221,-1.2848826679077507,-1.1963416266115543,-1.3439250353978656,-2.016557787524697,-2.516966448322708,-0.10459234211382179,-0.4942367557870425,2
-1.9453266209441311,0.10702494057463918,-3.007198946781465,-2.825752980957891,-0.6193104241083117,-1.208938052400705,-0.8793330399553448,-2.262422780735234,-0.9840519781464111,-0.5975172603758013,-0.8445322447296815,-1.4053902711015689,-1.245214194817227,-0.2474949260725931,-1.164628814954099,-0.9839238202728879,-0.3896921339934951,-2.9890687331744688,-2.611852551690165,-3.515236102927223,-0.4766247433960003,-0.9951840949226002,-2.577968001751332,-0.04806410398514763,0.325934368764903,-0.3312916650898576,-1.1911128485820988,-2.9540078528538474,-1.183236981603397,-0.025255382148464914,-0.9871008523716479,-1.1809421382443037,-2.361319912605345,-1.0584215941115125,0.11710750347445767,0.6689497428250885,-1.3277556686283916,-0.3157894886957989,0.73895313603049,-1.8656871250991227,0.37046040083432563,-2.206501858183461,-0.149506928387484,-1.0863640899107228,-2.278355810023186,-0.7974721549496852,-0.30835898837109177,-2.344573795583943,-1.7376622077515826,-0.7900383546674331,-1.0884260696200871,-1.6139541111898799,-0.8467275961481221,-1.159909803563275,-1.2797753781453503,-1.4988493014555848,-2.1537096225167613,-2.565992307059132,-0.005625957903790731,-0.5570070490338728,2
-4.870407721462044,-1.3200591186040167,-1.3785412892846298,-1.4044830433055475,-1.6212212258945862,-1.4788343958940189,-1.368637983061306,-2.3732331504370543,-0.9155417753065197,-1.0199450460246815,-0.8329159660401053,-1.6350567685506487,-1.0939184648269502,-0.4368415997511651,-1.2202312951971117,-0.951790183844002,0.20162163534159094,-2.599697420014573,-2.4562896484592724,-3.3018430623710704,-0.420304703846891,-1.5800718186577334,-2.486527496575116,-0.12633531876017132,0.37523907382164945,-0.4583793331584556,-1.287925811880356,-2.8059070181998096,-1.3850459465921592,0.009518091421783254,-1.1560858210821492,-1.3450652894481492,-2.290856245031408,-1.0018244715197657,0.3230147418395518,0.565164096250766,-1.3685999126929576,-0.23450112825241043,0.49829605620055106,-1.933208688034264,0.15396149599311337,-2.2527642442920954,-0.056885791545815426,-1.2707625226040442,-2.577780182692595,-0.8040708284270401,-0.6269062369077147,-2.407557642952436,-1.6137402631864979,-0.6790138195396934,-1.3276956924867591,-1.7927915743997382,-0.9205117322298103,-1.1079139638632693,-1.3284181476422097,-1.5274440698250877,-2.1180916374126597,-2.5513409623475236,-0.018913727292331345,-0.5089005291384611,2
-1.5104869557963843,-0.7756630745372343,-1.8420401746968849,-3.0282503345397336,-1.251356665084607,-1.0069765074441681,-0.9147703166507647,-2.425685257956052,-0.8739739983817469,-0.25575369310840074,-0.6822339465913138,-1.5195849651628937,-1.5818223665618047,0.013827984070619193,-1.3861346415677687,-1.1908994680224383,-0.10153355319740551,-2.9391723207916973,-2.4017223633764204,-3.4751173566110762,-0.7272449643402281,-1.0025274828286366,-2.687200615770062,-0.15375644959200585,0.3343098726139912,-0.35394091015470536,-1.075226389517706,-2.8089237433213103,-1.1974478139173557,0.08573931519562555,-0.9536479921811292,-1.4223551433604174,-2.284379472573179,-0.9672467487631141,0.3683574999526609,0.7106662859924144,-1.5800198275409008,-0.48314181800904804,0.647363283450944,-1.8071201397468692,0.17013349619193346,-2.425456277981188,-0.04666135499133556,-1.2827610569610972,-2.299541619971268,-0.7017220876121796,-0.6025470209200325,-2.2539721053217523,-1.3821137769708707,-0.7649420359192459,-0.9842950897028688,-1.8515051104343225,-0.9335655548087258,-1.1786564503608101,-1.1951891800700254,-1.5264719243479594,-2.2265015809088906,-2.6855251480932933,0.12076815876468334,-0.4228338451837281,2
-0.5842672413118893,0.13437921217266457,-1.8576661493466393,-1.997382261981611,-1.6998506952716959,-1.336947850991927,-0.8177753079101118,-2.5406018426916943,-0.7832713201237989,-0.5373745170796729,-0.6287475864679628,-1.2108982584555041,-1.3926472347418386,-0.38016286102281893,-1.4607612458534074,-1.016002472119955,-0.12497586659603618,-2.9746812010613612,-2.3368091467917433,-2.9450707247547174,-0.3024589834744542,-0.9891187954713914,-2.436294578785686,0.06364970619596005,0.42493800546043803,-0.24054777829575283,-1.1603762747515325,-2.9467198228912195,-1.0518383322212803,-0.04862951845602165,-1.1500073248631464,-1.4914157044735923,-2.189805817587768,-0.860073091828877,0.27174002152780075,0.748267490635233,-1.5542408223738056,-0.3403937206103463,0.26341214695718806,-1.868329462005053,0.32378780292196185,-2.3891827322999233,-0.12377363959021669,-1.139246382368499,-2.425852125241291,-0.6344355197551599,-0.8220172374443182,-2.298232779705374,-1.6714273339025627,-0.7979321671698515,-1.056590417790885,-1.4945751755036396,-0.9260422152427157,-1.3908926485539097,-1.2364627609494847,-1.558011013172327,-2.3154215832006133,-2.598219189004944,-0.01928689882429259,-0.5807251436508244,2
-1.7384840848680891,-0.9235030951231896,-2.333195390585817,-2.4960211616376213,-1.2218093805519943,-1.1107745044145885,-1.073471070175477,-2.2894384132262453,-1.1902426468261635,-0.562643718019315,-0.28801851587493343,-1.3579293165645299,-1.4568387437538608,-0.23820706042791523,-1.5756692403820611,-0.9100497327120546,0.029108908667259292,-2.8972396353161574,-2.817957988771144,-3.487515812806994,-0.5824845757944614,-1.0645769977874648,-2.6110506115416046,-0.13720157009782427,0.5193692129292451,-0.2604176238677657,-1.0321276656954934,-2.8659891037392327,-1.2510645967074439,-0.09890344840698002,-1.0571376647396977,-1.2471727096518326,-2.105711291977687,-0.848978829997208,0.4820860349958068,0.761301479383707,-1.4120705997239846,-0.1357930827197353,0.4820434912877084,-2.070115426741264,0.19251022581149366,-2.2150648082976834,0.14288325153084896,-1.1828246925342831,-2.3905929303285958,-0.7627531407328916,-0.6607924728278571,-2.304420063780575,-1.5284194918157812,-0.8571275087146286,-1.1327427226681992,-1.7358778735042666,-0.7904541763717151,-1.2944990634399438,-1.3299314673270632,-1.5873017177957358,-2.220088385282628,-2.4053474729445044,0.10554287357386685,-0.5565111388598186,2
-0.3086991744063501,0.05943701183936745,-1.9379785425871714,-3.7201318200403612,-0.2963909309757129,-0.4961055862934084,-0.342974371873933,-2.188407171532898,-1.160295974703881,-0.3337906018924846,-0.2531316449336979,-1.273902476243265,-1.024122303235965,-0.1779945012573388,-1.5819031434440238,-1.1339164042280707,0.07353360243601884,-2.7266603639748275,-2.3639382596852765,-3.228652467501912,-0.5645237466913576,-0.82582187410373,-2.602193028160831,0.004390060288399195,0.023009758599079083,-0.309786941064798,-1.1407039733888988,-2.717404626927275,-1.4171877871930105,-0.28341829271990393,-1.2896710086570173,-1.4581558689576006,-2.0320296716552897,-0.825247801289729,0.41459352137121774,0.7728137835577988,-1.5559972701777465,-0.6359453980936832,0.7112453843265333,-1.9179541778610338,0.022130551941691168,-2.245992030803937,-0.10998797502978325,-1.3647187334008357,-2.5997676834842163,-0.6822477406781953,-0.585978453880071,-2.305927615359264,-1.4510582864037938,-0.5829738377460063,-1.0965280545507388,-1.6939818019899056,-0.8405050602293904,-1.4551059101984247,-1.2252508691331017,-1.3248495961926328,-2.24263816693484,-2.5103429735522313,0.048226326945711814,-0.506429170296661,2
-2.012087687596419,-0.6556582330356191,-2.514838621451595,-2.732891824259391,-1.8783386141239182,-0.36701183373926205,-1.5157349400874134,-2.2533780007281794,-1.2380520324052116,-0.4098795468753471,-0.5752664408916912,-1.4709853895607792,-1.2814355104831192,-0.0545176921689611,-1.4736709748186239,-1.0197420717924328,0.059539744987554655,-3.147926047429265,-2.474088828081897,-3.3444947332152766,-0.7173094226538423,-0.6011785911781709,-2.528344374624964,0.0571274881008927,0.32134182790155785,-0.4115358984506077,-1.2016145850905413,-2.6461290450643453,-1.4051988615839115,-0.1347945798219816,-1.1262412578758088,-1.2862853694447702,-2.2008604641045704,-0.7828858801001497,0.3782542205086586,0.6919531659382098,-1.4477664970307453,-0.4361748857514753,0.8437526618592939,-2.062658461379216,0.2673482645202809,-2.1910399748871217,-0.10942016671853783,-1.3078352656084538,-2.4073313145604356,-0.7657861694840218,-0.7116788951064965,-2.3326713679730005,-1.6218019302823088,-0.7456837991135334,-1.0387903826389009,-1.5846750704879988,-0.7995080277153124,-1.2184920492597242,-1.3177478970824275,-1.4436206911830571,-2.1984149491327996,-2.528392528315197,0.15275930402227617,-0.4902906937651555,2
-3.723564920943086,-0.12827882314132227,-1.699080745392266,-3.061021165328557,-0.7733801853171811,-0.401841366769604,-0.5200019579423811,-2.7648065122775143,-0.3948412610167982,-0.7809427670697217,-0.6837632868503607,-1.2094428603556584,-1.6254824463620172,-0.33813068958997594,-1.3876140593678328,-1.0789553195706156,-0.39855816047281273,-2.5781972324884843,-2.492122910129915,-3.298299949537821,-0.43715037027743636,-1.1943904945766126,-2.3595465736052637,-0.01950871852065445,0.4268993181817219,-0.6120414271605618,-0.9705037572868161,-2.6096304419748972,-1.2033858849730092,-0.09367411763500938,-1.1156624662460726,-1.252461785059128,-2.0022767174080536,-0.9510497698261291,0.21374438233497867,0.5932593200367288,-1.367796315061896,-0.4318740247749303,0.7521273972488607,-1.6704004950340827,0.2754699776435722,-2.3318137359510667,-0.09170037441211744,-1.449955733028228,-2.520376174454903,-0.6356736685881567,-0.5356672862060095,-2.336455520174574,-1.6963468813328513,-0.6771548927946364,-1.1265188632183123,-1.7333159448435815,-0.8717782731559275,-1.3086360783114488,-1.1889361789908564,-1.2826838177212188,-2.087300314023703,-2.6554515352728294,0.11010779341382604,-0.4733875207656082,2
-2.76813065941215,-1.234226647153533,-2.5842107461109394,-3.5362561185701153,-1.2735062392869312,-0.7782264100331396,-0.8221970400899252,-2.187770722983751,-0.8244533147988493,-0.9370169090653437,-0.5898675326677927,-1.594105213780906,-1.2166653142086397,-0.5446189472102421,-1.7616457950470255,-0.9836550900009343,-0.10454226104838148,-2.8451236964267905,-2.2911455060101047,-3.167505926624564,-0.5152360007992696,-0.9153792898557472,-2.4529879158332966,0.06979512865355475,0.2710203454685317,-0.18686096389470735,-1.433805349325747,-2.717185423897207,-1.2079563439947836,-0.26248497091725786,-0.801109778892295,-1.0633618341602133,-1.9975907979776468,-0.9527063711068368,0.1730466088317838,0.7207308047378624,-1.513457654026652,-0.46115485616382745,0.5958936053351226,-1.7930090956576459,0.27635581860209235,-2.2267144890682755,-0.2558153843260168,-1.2450718186553633,-2.5213362686885983,-0.6967640746317353,-0.6129255033994562,-2.338314636707034,-1.6718126972327187,-0.7217769996399372,-1.120828042168488,-1.6263355156196948,-0.9256495961168214,-1.3549010490304445,-1.3605990696864518,-1.5141141146002812,-2.0999030163081036,-2.5528015008480818,0.014804381475214547,-0.4442337629221358,2
-2.525954731731507,0.27595086304845673,-2.2016528933399937,-3.103908181143665,-1.549705775602684,-0.8750040496545577,-0.7626899694391589,-2.4831977108648817,-1.3324569098575607,-0.6929239562135211,-1.0090337482323668,-1.344325383421466,-1.4091860241121694,0.0020202915714188086,-1.1593082443265617,-0.9994730166533614,0.0897512395885876,-2.8837147381984836,-2.247180523020296,-3.3698292372100687,-0.43320047027492137,-0.9254586766515089,-2.5612532063491136,0.23517603527905967,0.04245177854380888,-0.3111999481937529,-1.269729336488879,-2.771281225099491,-1.4200023761532223,-0.22779460025807946,-0.9060653057631297,-1.3461341801153697,-2.393071444008458,-1.0695267918825344,0.2807202953739767,0.3498825482203939,-1.457772161820681,-0.23106981582287733,0.5710289419316694,-1.9176520415420182,0.3804134555238191,-2.4267288784086407,0.0024867972220555742,-1.4006678339278238,-2.353170978857475,-0.5438375234514374,-0.6671699980595434,-2.4030264305589504,-1.8011633653202561,-0.7170445733520687,-0.8179314872823249,-1.7583342416872776,-0.7356240053576443,-1.3987094100608297,-1.448261165959164,-1.424545180997272,-2.0760575238865786,-2.5326354725041083,-0.05703807204816118,-0.49451438485990074,2
0.7978230320827626,-1.5408004002346778,-1.9515132490487999,-3.195728810739687,-1.0560507667210717,-0.6745656141054135,-0.9889472373106507,-2.7916498548686994,-1.0502146347293042,-0.7432795950448358,-0.9595921416399802,-1.4203623587563086,-1.1565765994561763,-0.3141182413584081,-1.6400358627145113,-1.4656869913606463,-0.2233987589564448,-2.643864352635625,-2.643870275835441,-3.1150413903600835,-0.17778692642195165,-0.6963002910824714,-2.731648416393789,-0.11252381585273388,0.17788928481925015,-0.5021302763286752,-1.2752616848600542,-2.4581413659655587,-1.2937102557603073,-0.000632246657526786,-0.9759942346228943,-1.1413717161669963,-2.3151745576294362,-1.0591288389289892,0.3271315040308645,0.49632628959104536,-1.3816697665633089,-0.4007088529108808,0.676130453589012,-1.9647025217188598,0.145399666096854,-2.265070218500644,0.212320227266595,-1.3117020356358347,-2.4801125706661162,-0.6936957803642296,-0.695812839919557,-2.3660935439273763,-1.6154344337080433,-0.9400229403085938,-1.12750142850675,-1.6086836959796957,-0.9915584639843746,-1.3852153347459577,-1.3591476745405606,-1.5496711462712065,-1.810737809428641,-2.63337414279281,0.27063767297563146,-0.4369330772131535,2
-2.205360620504505,-1.3383316790349593,-2.1112851354488273,-1.6012105993010903,-1.6560419477503794,-1.2632279198642795,-0.40280237495149585,-2.6952137709279227,-1.4307924134318302,-0.36769894416271204,-0.917800207128994,-1.2870852740430618,-1.011899446233462,-0.11757018883159054,-1.9442540428842265,-0.9811158895861307,0.14881871240291036,-3.214680703559567,-2.5598960259282997,-3.235595786825005,-0.5651520533121489,-1.0038798778362943,-2.4461296648560573,-0.03608312618239594,0.21372174988340673,-0.24172789313761403,-1.1803256161697124,-2.9762375070306137,-1.336010792481062,-0.11833859450604443,-1.1339126388353924,-1.3523949733204448,-2.0770117265045487,-1.0637594629933096,0.4145879231991682,0.6521227145371596,-1.4253450559484875,-0.42716617183268557,0.43391148462310136,-2.0272352141721868,0.15899960730442309,-2.3682432614532978,-0.044093502397164266,-1.260246384456817,-2.3628328653813044,-0.6126045484335879,-0.5797303604869989,-2.153520290532181,-1.6243832309742672,-0.5122187270787664,-1.0779344570781804,-1.6729555392034792,-0.7953378363753868,-1.3181810421461349,-1.202268983726807,-1.4619097667880634,-2.209105514489847,-2.6472910513008343,0.022007140374015126,-0.5257579935985806,2
-1.0373432855248108,0.5496386869313467,-1.9541677584637986,-2.2794949218063834,-0.7940596219580635,-0.8465190073294044,-0.7001932406925794,-2.4297157605080124,-0.814613994944579,-1.1123900019026305,-0.9873931039000097,-1.184629574750007,-0.9760117910649229,-0.23606246193348862,-1.6594608372033823,-0.9110467791544513,-0.5147898989869639,-2.8396970414943103,-2.426265374158476,-3.552286633398212,-0.2666725937523805,-0.9042069167099618,-2.3762716695293835,-0.16610548268516784,0.22131920029560115,-0.3866427799403138,-1.369633613671271,-2.779919805204363,-1.3401876597050975,-0.15485497918723592,-0.8721924517337277,-1.48987823077521,-2.3351774788190105,-1.0191621796695067,0.18597416412431697,0.6615968531925825,-1.5871996233474852,-0.508256833235516,0.56825014356813,-1.9686655206994663,0.2659734210698581,-2.253968977086312,0.0455637103122296,-1.3631932848350405,-2.3028794120553746,-0.8363044648110114,-0.5861542212710606,-2.1619815179950983,-1.5742574141302104,-0.5600334772679791,-1.1846070326870548,-1.5867107744005389,-0.9744714040291345,-1.3915136630221376,-1.3259114684172686,-1.3606557500488572,-2.135760385997516,-2.6512116338286558,0.15076844135648415,-0.381279866031817,2
0.2812675848840829,-0.4628350735983403,-2.686970964408814,-2.6223715928234426,-0.7814982429636225,-0.6544056188885137,-1.067662153952424,-2.6614169497590474,-1.177706391283961,-0.42696286094121955,-0.6253252692223363,-1.253187122643408,-1.0557362526024752,-0.01897228979787674,-1.3638673039360667,-0.9812891063945863,0.09318826453470586,-2.865176238588034,-2.217927918110336,-3.416339734018531,-0.40660688484677704,-1.0638334538988454,-2.7226928104290864,-0.006539438660981597,0.1862336264151161,-0.3538816169896795,-1.3569096746770848,-2.8973155019079266,-1.3091817126977252,-0.14321574833888992,-1.0525889595305453,-1.1942785471310777,-2.2928409727594117,-1.2179702291365246,0.11158975182745554,0.6835278018718469,-1.346454831506648,-0.33416891707932533,0.5485118080380618,-1.8230840800387496,0.2910918745741038,-2.2439351094923357,0.12762629977202838,-1.3465950985625486,-2.324761733028031,-0.6495833461436612,-0.7007194894665478,-2.457365193965928,-1.4569401924401901,-0.7168234216838584,-0.985225813481872,-1.8046613283490918,-0.9768417240812877,-1.3103735988477732,-1.2809136664476015,-1.4456746000842993,-2.224327798843338,-2.419465520058319,0.029508859174020567,-0.3308135515904732,2
-0.5827052754455921,-0.20698594860228964,-2.2760339975270107,-2.795878383012311,-1.4580334740828023,-0.5369414262076637,-1.1293092489785583,-2.6147174369817163,-1.4296796396620184,-0.5515155633691005,-1.2668549689215454,-1.3603808006041986,-0.9547050696490862,-0.35942447430985136,-1.793926931965414,-1.1111554101625731,-0.08089295521710971,-3.065019100554715,-2.582930308982187,-3.2635433974439194,-0.3458596456831628,-1.0481835223709106,-2.337893455840921,-0.010555125684060522,0.4425244224025765,-0.40223213586795364,-1.2410674571848783,-2.6186149821122062,-1.0583408634542377,-0.021761567069115417,-0.9205636090219081,-1.2406546687905313,-2.269860909638018,-0.820692436840816,0.2618945469643168,0.6497919654832178,-1.5882398454958655,-0.2061922975615932,0.40035294827139856,-1.9083888861063159,0.18509747368444207,-2.382625975573638,-0.052588062429640134,-1.3286231227761114,-2.3463516584065878,-0.7486533946087212,-0.49146992048702715,-2.4270082844885086,-1.6644382038757577,-0.7111528774735848,-0.9354648862664703,-1.7740029425141146,-0.938475659397083,-1.2072838490523508,-1.3934727980248272,-1.5447158054192383,-2.1676236052029987,-2.5775934050546683,-0.028671682895841405,-0.4135928374315305,2
-1.1138373234238017,-0.4021699637858655,-1.5131621526090568,-2.811059217125945,-1.5481409037542746,-1.1706710857502325,-0.3942715924198428,-2.9571818467847697,-1.0771688526067458,-0.43228674538766476,-0.9482096136221707,-1.3199093708306375,-1.0766537821323197,-0.31578462185166695,-1.519317391443675,-1.1702386952660364,0.03155823695042817,-2.8807417639031816,-2.5217330631969057,-3.173124344655631,-0.4038999480938018,-0.829367892713424,-2.2093210455663863,-0.048073324322005104,0.21213612631021023,-0.33369812790519354,-1.0774852712649554,-2.844432526437526,-1.0859430211004175,-0.13971770030378736,-1.0713818424416037,-1.2980354151155706,-2.355517289426037,-1.3208046295749785,0.4556113040225822,0.6384273254269937,-1.516272052320509,-0.35626845168664956,0.5488339219935683,-1.798188517747146,0.2803070697661956,-2.3272052537900736,-0.10245944636805486,-1.2272477545940093,-2.3812043069332094,-0.7651052552136444,-0.4571044862636161,-2.2374610680579847,-1.5018232472742645,-0.7850082562960539,-1.0837666503394967,-1.695492584004854,-0.9468582647827226,-1.4648670047024612,-1.328452168877513,-1.5170262414724462,-2.1893354645647065,-2.4630871393089344,0.055386120189771126,-0.48120893164526896,2
-2.420793134396965,-0.014084453751858628,-1.9947153757755465,-2.2898010760274308,-1.5079856025641776,-1.3706628374873508,-0.9826328520225842,-3.0624001612444522,-1.2995142812485274,-0.6554318799771505,-0.9416320180948788,-1.063226918931199,-1.0006409609475064,-0.38409842939026106,-1.4905453505353616,-1.102327898240968,0.10063086231706847,-3.071780393666787,-2.376463290969771,-3.3719240144703035,-0.3819045840908786,-1.0735594219668805,-2.5543112096173473,0.06496150126566479,0.3892592320092769,-0.6225080174518034,-1.4070198719353986,-2.689425608637792,-1.155925060043752,-0.2913821530140447,-0.9600623532380935,-1.2056591697439862,-2.2997466967823224,-0.999064115977218,0.19123837993594764,0.7880045413294425,-1.785252604433214,-0.39081449539723423,0.5211920302653522,-2.0055745948979533,0.19350143185251725,-2.3640463251089345,-0.0750292759285475,-1.3887972546069942,-2.449814516870733,-0.6616651783872146,-0.7459508630071569,-2.4436273754324005,-1.438154058243198,-0.77712294288792,-0.860813631204286,-1.8071496166348038,-0.8318942884896822,-1.154396680744029,-1.244766679020722,-1.493674949280767,-2.1737942889650843,-2.7036971529168032,-0.12149746561808913,-0.5113444011334578,2
-0.9865254789088796,-0.006700181137785144,-2.06784132911498,-2.866881670789297,-1.0307538952184545,-1.129618596447396,-0.5661237642323621,-2.9844522242393188,-1.3685352715021408,-0.9990717618720271,-0.5173758709234311,-0.8532283633738824,-1.5299930711965533,-0.16737446478558954,-1.3507311406240243,-1.1152045563245758,-0.25179361736587447,-3.0535818195020052,-2.6767961306807777,-2.905685222736951,-0.4124758373448429,-1.0482308412145125,-2.3490872825312454,0.13100500465983828,0.23046393640178114,-0.27602792771133466,-1.3706414988572306,-2.876349018493092,-0.9957664995547804,-0.11179788871496926,-1.0750149919545786,-1.3455287911405538,-2.231673268256012,-1.0511324809032951,0.49439908622343814,0.7630381011002578,-1.3348743161960732,-0.3183920941263065,0.740759513433675,-1.8237991418941668,0.3061668361128783,-2.161343469335026,-0.04363262307692669,-1.4531926430267212,-2.5233706205227118,-0.70181648055615,-0.46857565195260786,-2.3696986305887093,-1.5563892754036406,-0.9286825499431961,-1.0959755374218745,-1.601980727717054,-0.9792152434151403,-1.3031958659903948,-1.3404478400063389,-1.520383449288953,-2.1819097698614236,-2.6222974586308796,-0.02812522360262948,-0.44205890184610985,2
-2.035115001168991,-1.1773226049378165,-2.5854565517786696,-2.51385895802845,-1.1914912732250231,-0.8512265550032552,-0.6680170205634448,-2.216024206239088,-1.2073943193999876,-0.5242758376756832,-0.787830795464502,-1.0974321776249532,-1.1351801325542092,-0.24927718930526122,-1.3953963188790226,-1.2373852897472746,-0.3079657858464216,-2.971254538346788,-2.4689104384729834,-3.097559221148321,-0.3215691890725835,-0.8458128627931659,-2.732052220048395,-0.06587743121995679,0.25875974601065876,-0.3206694049949573,-1.2478120793122172,-2.732487125175752,-1.2719737495438852,-0.4516638495119927,-0.9247911142522213,-1.1322113811893946,-2.382902776318382,-0.9565358886517895,0.20420988914898705,0.721498881766388,-1.489654131818434,-0.3466081189137527,0.5118105466978569,-2.0840276763065777,0.16439719734953417,-2.092978587017329,-0.1188387856536128,-1.3129164900870585,-2.5686908242664224,-0.8331248243809051,-0.5199719889444477,-2.3806454668879975,-1.7804458647144767,-0.5517736087715752,-1.0351295727916618,-1.8190777158572344,-0.9618715071914303,-1.3543360167028102,-1.2840827665298664,-1.51639067983786,-2.181382770302201,-2.579525876559806,0.05116464737421761,-0.44839031615168295,2
-1.0724227608842174,-0.3070354757572238,-1.4355523370990015,-2.868635993890313,-1.6901789336299775,-0.5328668880016059,-0.7131874373089676,-2.748045992323835,-1.016844111230382,-1.2672149828462334,-0.5323223332947309,-1.0989131368559852,-1.2927872208403242,-0.7179462167403172,-1.7454842111642312,-1.105782144115024,-0.07330001594485745,-3.100289373081727,-2.400806463816268,-3.268004619382298,-0.24709664062470152,-0.9648404312635035,-2.1981461135063047,-0.2585910965276005,0.273057568065525,-0.7027124261172777,-1.0977513533277314,-2.7551326573675445,-0.9263906890551686,-0.3115949132817609,-0.7784748616333521,-1.3727261350941595,-2.3079472990158725,-1.0230833542083837,0.39970833096227054,0.5827366470638846,-1.533840910845489,-0.38436669599883555,0.7148462712107067,-1.9521586776449862,0.21588534929823833,-2.348562652746292,0.10137537548669798,-1.270678827705752,-2.379632694337305,-0.6100267959905576,-0.4750495120617323,-2.196740000955299,-1.5687473853298333,-0.7920370632370426,-1.0100789317725907,-1.6928953117850072,-0.9706169154282812,-1.3974119923362671,-1.227321057030548,-1.6324030635468119,-2.2515367117426495,-2.4849079856902416,0.2102158660435056,-0.5064083729886052,2
-0.3225786148256897,-0.6476355559748657,-2.7795195548586453,-2.4513997868082953,-1.1144425413198495,-1.0464552913099996,-0.8820131744911066,-2.3724882209896836,-0.8512538329829713,-0.6744641803980267,-1.3361873424613664,-1.2745672610598888,-0.9685653382454271,-0.1519380864919158,-1.6383104423542871,-1.1562768210077303,-0.18828295084032382,-2.5398100868124005,-2.761144434207215,-3.3226132654501104,-0.5361891789829673,-1.0047678994004707,-2.519721621723442,-0.09624132265238247,0.35172174563837744,-0.2831100669538699,-1.2688374034129226,-2.793040898012374,-1.1434698114136534,-0.05287120554762113,-1.0080385309386677,-1.386959806737966,-2.2871778423085347,-0.8072214340968316,0.340211160300343,0.5910934313066114,-1.7614774878784467,-0.32998888627731604,0.4839111479358421,-1.9567262865883288,0.2303470576282986,-2.215103620538794,-0.091244377852368,-1.1773007201321393,-2.541254110588833,-0.7461754527950265,-0.7707949417191621,-2.265353185957466,-1.5500273567287925,-0.7547441192462111,-1.1124075670820242,-1.8972320163226888,-0.7940041749246465,-1.2278969915953974,-1.41317748182152,-1.619479658357268,-2.0964040581705623,-2.54444301059511,-0.015308765601532326,-0.4739910759764842,2
-1.4209593367959188,-0.04356569049037201,-2.5653718957420604,-2.9608233871974687,-1.5612160991800992,-1.158323291343028,-1.3803590435559518,-2.739883390730222,-1.182409539498042,-0.7936118952043921,-0.45368278922588307,-1.2307035728734805,-1.2405165912580316,0.003047163714372192,-1.0142181032406246,-1.1330651285781346,-0.14143791576638345,-2.752470379593072,-2.4651317474426957,-3.209489168990981,-0.45049197441688144,-1.0483858648928936,-2.4655158357879148,-0.28760941736053114,0.27550628227818114,-0.5376822189929605,-1.3896658537451896,-2.8689236535602167,-1.0658876269207878,-0.24920945794185675,-1.2290258846834121,-1.1151788225350212,-2.2092139632025893,-0.7460702946661095,0.4202744776517928,0.6245439770698337,-1.4865791658031509,-0.29711881802374307,0.6594349534784756,-1.914973989464833,0.08378911921269291,-2.1035165821420048,-0.04861733923461264,-1.2695730301137715,-2.3039016822400917,-0.8004006614860206,-0.5100519429967045,-2.350810510181993,-1.4430844202479753,-0.8182928536637103,-0.9790201171362483,-1.8280514258249774,-1.0478221111919608,-1.1693990694925587,-1.120396011157906,-1.7115572720687158,-2.095466294470683,-2.4903619962418064,0.08644041460083059,-0.35025599606102314,2
-1.7475400031636332,-0.22982859524872534,-1.7513236035003044,-2.899422507777628,-1.796584983497653,-0.6374098554498758,-0.5961090520086196,-2.6488747479344914,-1.0185339681692813,-0.4000540020482931,-0.4045530294929964,-1.8345004919673595,-1.5103235649106996,-0.5982328413147223,-1.4178520690175644,-1.2295027931584221,-0.0812250177820527,-2.6321995481592926,-2.7227184367008266,-3.3104153084057066,-0.5441316533049751,-0.9247870884753587,-2.5324667906572653,-0.09034701818170172,0.2403754178675473,-0.4298380101831624,-1.1002555598094221,-2.727403492528076,-1.1671749096475903,-0.1704965175092402,-1.2555228248380406,-1.3154398265142164,-2.4069940531186558,-0.8131849555855837,0.35240565198263596,0.7032168750483625,-1.6404147825134099,-0.45285812615216936,0.7863566486491722,-1.9049996771079767,0.15416192409392482,-2.2531114799902254,0.060966839766009154,-1.1763273224750113,-2.3842013362759804,-0.6102760093638115,-0.7571464638054556,-2.218727790215629,-1.424020669684137,-0.7832154286610504,-0.913336847640879,-1.6862898865958476,-0.8887536998952204,-1.2616256882874455,-1.271889914559971,-1.410705885477419,-2.2630855414024786,-2.5566897896120313,0.06248889601846816,-0.3802162859280906,2
-1.3188555070471186,0.2391524341343101,-2.6102447006326535,-3.1038235871437605,-1.0065328145048302,-0.6482556148769469,-0.470755165131138,-2.716678414268772,-1.1927854604307053,-0.6559213763780227,-0.7040602195104293,-1.4359620339394028,-0.9557876251698795,-0.13023124720242102,-1.509331607445862,-1.1766496395993313,-0.12637642650795342,-3.1803161616343014,-2.3722818289248844,-3.33948044493395,-0.3669611381639136,-1.0380655903208629,-2.5138314080574355,-0.12237158972667796,0.3945496049512328,-0.47226991836751175,-1.3251328126699882,-2.967024395847877,-1.4222406342000007,-0.1539228268174606,-1.0929094948507854,-1.4703185489933064,-2.1606721121871506,-0.9909262568134993,0.5590274679136624,0.6919695120402563,-1.4661966006533742,-0.42532089426657177,0.6635269167226382,-1.7586583409382708,0.11628320781863527,-2.248343215082281,0.1181331829279007,-1.083023480053811,-2.4670839633179384,-0.7980222595037709,-0.4888155421137606,-2.3776349063869575,-1.7167855598266784,-0.7446586449635112,-0.9205036809385688,-1.8118345819693584,-0.8497416003855109,-1.2523218531819846,-1.3137585484019862,-1.615528994452917,-2.127517299965166,-2.7131263449847447,0.007761111473155502,-0.5417374112725866,2
-1.3312525146029373,-0.39513542518200806,-2.857456238975537,-3.2566452752415658,-0.974020620967079,-0.8441835562882253,-0.8531234009440335,-2.0934747399636486,-0.702477545699873,-0.6790716537985692,-0.9182459377961293,-1.5430918729337937,-1.2546735197356393,-0.16360365515559777,-1.4406173063919,-0.872621721412777,-0.1792838621744011,-2.9811058075893455,-2.560383067481821,-3.352455103394961,-0.4112629827821728,-0.8425698316941672,-2.6431145528019164,-0.0826038348011266,0.059170638940238274,-0.3276628169310596,-1.2072229998314563,-2.7588590939664326,-1.0709014336867102,-0.17520695765486183,-1.2942458931314544,-1.172441156063583,-2.3087416612486793,-1.0646921575498178,0.16813221694970082,0.6420390460221793,-1.6645339365745269,-0.17214250111937685,0.5085708538600089,-1.8509884587678302,0.18063226373099792,-2.284526860759284,-0.04432942661952418,-1.1604902716051144,-2.496171995573327,-0.5857765331685445,-0.6858154463261014,-2.218926837208148,-1.5379991081963271,-0.815546439658774,-0.9463344022140343,-1.7670599499023107,-0.8743365110652279,-1.334384245420213,-1.3305872891390578,-1.4842625828738008,-2.1722638611010128,-2.5352547941091705,0.09943925107054494,-0.42738902179374727,2
-0.3651996642682811,-0.6001426978178913,-2.070890395678064,-2.9806056798644978,-1.1290726802701507,-0.9174106449036036,-0.7677570094405783,-2.598170749146451,-1.183682338284667,-0.5347997696361723,-0.5412317300815235,-1.547105300328901,-0.5539763831522105,-0.09140455957399413,-1.385535388492503,-1.3907269684158574,0.14292302173279367,-2.4631161970660065,-2.8477717288689957,-3.527192151015641,-0.48082014944293394,-0.9526446768670463,-2.5118408812541353,0.15136593130123846,0.3198076711019806,-0.4138664210246885,-1.2252267160691637,-2.754826689315656,-1.3962407715286818,0.08466962437007505,-0.8982225875610022,-1.0938496346683648,-2.255360153202897,-1.1063012131634773,0.4509746501922445,0.6154658242150259,-1.5065482494387619,-0.24962393193505844,0.6684025835619873,-1.7498987303560847,0.18974728466364207,-2.329951319481049,-0.11241202709697419,-1.317572901802975,-2.6111348229901967,-0.7949296975257611,-0.5736318830470732,-2.368297648264618,-1.5708268541626957,-0.7513430007305368,-1.026311381816828,-1.6938574683726542,-0.908743242904629,-1.3445454482308754,-1.2443948953086263,-1.5002780877743314,-2.1011215276393505,-2.6166299782442644,0.04711607139042494,-0.4154965854308834,2
-1.3814029788225468,-0.5061375011650137,-1.731038705948449,-2.8986205971203693,-0.729538064653689,-0.951547607389948,-0.9278709239413894,-3.058515425655917,-1.165633449860699,-0.8095528536451989,-0.6098376959346168,-1.2311850962438542,-1.3318438966072466,-0.271273927203841,-1.208213371401324,-1.2084522977120724,0.0758508178991654,-2.7190198699161265,-2.6339146300135194,-3.4081818664334165,-0.3414404916016214,-1.0128072626315148,-2.503272142787862,0.1953555191613217,0.15148397193562113,-0.5964215110923868,-1.2407175392947487,-2.859821841970046,-1.2774442990081223,-0.10714642807779413,-1.1853544288607707,-1.28585140884515,-2.150388753282781,-0.8246222756857169,0.5503821516271487,0.49061163024323096,-1.3889526005785446,-0.33854404874881927,0.4329684990511905,-1.7359575730523924,0.1818321537324588,-2.2378315680134357,0.08489169512098538,-1.2599882542524643,-2.434308768977589,-0.8580476240014406,-0.6906983937094372,-2.2212920477202154,-1.6448110537561904,-0.5997059778192627,-1.0896969602234476,-1.6120988337083466,-0.8184978214384167,-1.2527196541805368,-1.4477447523695284,-1.42185390613683,-2.1044105532794437,-2.615293773942296,0.08283324363596059,-0.29827432168175694,2
-2.975140776306824,0.39945277553286784,-1.7916110022686345,-2.367719073709117,-1.6298545223247412,-0.7690946181764137,-0.9428037131835562,-2.4666781957648163,-1.1266674621867503,-0.9670397646308166,-0.469883258300389,-1.1672776284053519,-1.4158319341492676,-0.06871753806736028,-1.6074132964251442,-1.0994923087109252,-0.22681722889024722,-2.860869239126292,-2.437120804210227,-3.235116545842775,-0.6415594487208232,-1.1865465045404329,-2.568086163067622,-0.0628345359651774,0.19253604680463554,-0.4328110580902219,-1.4082363848057244,-2.95514730300778,-1.214312555533347,-0.11474581935096496,-1.0904899573543803,-1.2982713446336014,-2.0759576955728853,-0.8937248481225485,0.24946072500479224,0.5778206490365936,-1.3929334411269476,-0.40891109052040675,0.6426889242288804,-1.91227031538371,0.2095744563581932,-2.2410156310170395,0.09813293340084109,-1.2444521743579544,-2.4705325186993927,-0.6926294880559596,-0.6121029804039428,-2.3581711416116735,-1.4744288684804374,-0.6462456044646233,-1.1223484149581253,-1.6125398873199719,-0.8570675717930477,-1.2106418020243743,-1.285502878503368,-1.400443415897237,-2.220408679298252,-2.6673779354825857,-0.11825037153256562,-0.6179172364928804,2
-1.2706634901855718,0.7394091759448885,-2.1355291441962954,-2.533594465930209,-0.7566893595837382,-0.8924183996558772,-0.8888723334945595,-2.020197507145054,-0.9151455029858088,-0.907368832654683,-1.0146090050259786,-1.2578237211185554,-1.4369394676720022,-0.1742232263235739,-2.093520510558886,-0.8543893410924733,0.09761739097805563,-2.865443190455231,-2.60970968333181,-3.4052680294913573,-0.5368266624335827,-0.9521889914115946,-2.43082515512533,-0.017730598310764227,0.3476689276758292,-0.5535034550555362,-1.0529342210827048,-3.0414016799113814,-1.1317580340561442,-0.5631003235759033,-0.9347407477250094,-1.392822619676104,-2.0753617174590007,-0.7732950325010965,0.39572716188641033,0.6372304593457577,-1.380988255391864,-0.5206677337976555,0.616620373424413,-1.9031069448698064,0.22533889488740863,-2.273964267543047,0.19714356880699513,-1.3614943240141537,-2.2289937286366803,-0.6429873794490013,-0.47922766090776325,-2.459436095572027,-1.6402951527474738,-0.6887554460741786,-1.098878632915125,-1.7579759143781502,-0.7444651703609382,-1.2424213259915948,-1.2780557639558308,-1.3785479670504228,-2.113635975743567,-2.650910397900444,0.1364148741017637,-0.36955806797066976,2
-1.2807157421114572,-1.0449055199206572,-2.343506330556129,-2.576878581498404,-1.3191772262076609,-0.7870965034763838,-1.235750308090426,-2.2918608880634253,-1.2576763884219218,-1.1404868632151088,-0.6714975617285944,-1.1600291213227263,-1.2126381525746976,-0.4408126260530335,-1.473182271128495,-0.9472414719198785,0.09896763194010746,-2.757902082857073,-2.6026180467634914,-3.11667384460217,-0.6302261756684397,-0.840983141547472,-2.609126494949548,-0.3233203670888198,0.25484290018829253,-0.2786112099577581,-0.9908330264317566,-2.8909830393808122,-0.9749049094469278,0.10312895075189107,-1.039869408009195,-1.1486217458831576,-2.1649505039528787,-1.0199134818625644,0.32661825313629533,0.5871407046383607,-1.487233716428731,-0.3728613714942227,0.680333569960933,-2.026753579108167,0.06487136852582617,-2.375701760583769,-0.0932839930376038,-1.2896748433549605,-2.381254514864349,-0.6242771442050953,-0.6679079983213794,-2.2643622639717518,-1.5116281681595054,-0.7471742308957348,-1.0834484093970087,-1.6079975393636095,-0.8925466464317054,-1.3451358318027498,-1.3262528359780517,-1.552956985670354,-2.227776021940568,-2.5163706449206993,-0.029169194866573975,-0.7192052328202831,2
-2.0293833630889733,-0.14117631272385284,-2.158230636287707,-2.130110136168391,-1.4068883283494218,-0.28006080487728713,-1.0093642214111784,-3.100443056922584,-0.7538884880993422,-0.8139957475036006,-0.9686235038651028,-1.1010851065316651,-1.5598198515964339,-0.5409454987270051,-1.4245302432507356,-1.1009130861970138,0.1662364252934245,-3.1876590181096973,-2.2088043223428535,-3.2431878765032165,-0.5691495630434505,-0.7557505489071619,-2.575960352076185,-0.03539831653585028,0.3049407727586914,-0.2632852386214459,-1.3081177881479173,-3.0194653339078714,-0.9154750604277819,-0.06773229121266068,-0.7999976678535936,-1.2774410970399914,-2.061212477865026,-0.9094468749322204,0.3923795422391573,0.5392914380134917,-1.487235140734285,-0.28908373493792544,0.6768797822491759,-1.9953066904602212,0.15694838649526857,-2.2813415093022233,0.03863797156824887,-1.300433486219486,-2.4807435396181647,-0.6839041131407015,-0.7034526549085451,-2.2098173951712714,-1.6284148416531292,-0.7336516728354948,-1.1689721262732267,-1.6018503676467488,-0.9940321822386492,-1.3352783880811685,-1.1577040720015597,-1.459637482796341,-2.151320150040365,-2.512042149827794,0.30125566324492703,-0.5431510166854653,2
-0.7466538742731781,-0.5506711674529519,-2.506174041915909,-3.024202120915648,-1.3561304085416197,-0.9207619431841586,-0.7980550766316427,-2.5269107610002295,-1.209164241173669,-0.6774681768278182,-0.7192338866964628,-1.429070849105197,-1.3396870993542995,-0.31547939913917966,-1.4942210254398711,-1.224794913408824,0.08794459046754372,-3.0389571141748357,-2.437267679401275,-3.1268542944411855,-0.5449597656869806,-1.181063190900211,-2.6532391499498593,-0.023141923304337356,0.3861619110138381,-0.37370867581689066,-1.4207990754241844,-2.9048099999097166,-1.4144158584694242,-0.07241675603669076,-1.207363058510272,-1.3186045812899228,-2.205342074900228,-1.260424154205836,0.3878893853710479,0.6328471833707514,-1.3813335288742024,-0.18815577730394376,0.5303373860236779,-1.6664761050323253,0.14271651762459853,-2.3186254452119677,-0.10889437361703952,-1.222331533162467,-2.453703098285636,-0.716651793617959,-0.7013467567200178,-2.3492751469891116,-1.4919398327241233,-0.6727962262968881,-1.0252170605609026,-1.7164742610681876,-0.8413096873110676,-1.271741209167684,-1.356875416630869,-1.5768226025852126,-2.0476487414154922,-2.5884239984254327,0.019437343799490053,-0.6098386171414689,2
-0.5647229450152118,-0.6360867568649762,-2.866529409988533,-2.663425560834681,-0.8731749519138137,-0.9689666820102514,-1.2802387341013077,-3.0353998037465435,-1.2860714648160398,-0.8412268013509963,-0.7450055858336406,-1.1442316630288212,-1.087000825548487,-0.27640963248916783,-1.485503214611015,-1.5585424853284002,-0.1298400813432749,-2.8177434504236842,-2.425751092779796,-3.258752963756085,-0.3222280883716897,-1.0074211529767299,-2.5522008484264767,0.08277720122547279,0.3193782424148642,-0.24005402573497922,-1.1138751000656297,-2.9151624059389136,-1.1910231418221504,-0.13404969685705115,-1.2479024276072126,-1.2700363405885218,-2.298665467712559,-1.0349967798488657,0.4267094447954509,0.6319713391713316,-1.4509552451382155,-0.40050574479318996,0.44272441980215305,-1.969657519773949,0.06185715426342919,-2.229172500809383,-0.15005050077198334,-1.2239244618330796,-2.624329010491179,-0.8286400218989189,-0.5498947269449415,-2.4403243968977697,-1.468067528520801,-0.7392870075706997,-1.0742750377357737,-1.770114853842987,-0.9985090959359104,-1.372429011123852,-1.2986842189762362,-1.7010299982663963,-2.125859890030811,-2.653251798366153,0.03039198398723353,-0.552992161648602,2
-1.3737498569207358,-0.48984129266992094,-1.755622107976582,-2.7384187817058283,-1.8657733729772734,-0.565010267429725,-0.6995594739743201,-2.1810989908219613,-0.8680575221185415,-0.8368077467593367,-0.520614407887027,-1.3737171100169432,-1.318210134154619,-0.5370581932169302,-1.578124631842468,-1.1458007137538782,0.36601762781732833,-2.9008710124030173,-2.5642080348254632,-3.1629173882956767,-0.4269595302294549,-0.8541995927679356,-2.4149006355763105,0.23873121943594405,0.09448685815921154,-0.3448678151455156,-1.243528387719219,-2.8231409948136683,-1.453125286744845,-0.019695716255833384,-1.1347609022023708,-1.309683527182281,-2.2631544078916037,-0.8389105162914936,0.3028673928229908,0.6588276262454806,-1.341779076922184,-0.3772755588762257,0.6845030322173074,-1.9477714080566224,0.3969975186399448,-2.2537741737074577,-0.09748407811603142,-1.4567758928551873,-2.3559384957423704,-0.5562202892674064,-0.6241054709570604,-2.440536730950186,-1.5335732998503742,-0.7905238803753096,-1.2476992454563605,-1.5491895367033155,-0.9212392117145352,-1.3262622258898846,-1.331084584094217,-1.5144204800338408,-2.1979091563593167,-2.5461346464809522,0.038830515392974316,-0.4594558619393751,2
-1.589256478281351,-1.489232720144432,-2.2653985193696564,-2.3086408453331484,-1.2286133559487515,-1.3918122153709978,-1.1466867660834574,-2.667519245822194,-0.9592315170134667,-0.5727282146263997,-0.9726444336773179,-0.9629706723608644,-1.3624305164258625,-0.06791301050834989,-1.3323574176685566,-1.4530728807124225,-0.07610367952224302,-3.0872218011385772,-2.625726858427726,-3.1059879526260255,-0.6074623701040035,-0.9553102632435578,-2.6389959941100836,0.006204239548109565,0.25844074212745216,-0.4407845939543814,-1.1563815990500075,-2.723298394207574,-1.3352181076503302,-0.3416294777397768,-1.0700669648676795,-1.374931507531024,-2.2196932913226894,-0.7833242116027691,0.29479970985930354,0.6626166741814026,-1.3013556301901943,-0.32965495303156217,0.3939155722260409,-1.9756981263063365,0.33309443163151936,-2.263001914273659,-0.09407051869082435,-1.1225667714228649,-2.3445402945890215,-0.5762869694892025,-0.6601282586555277,-2.4789000908427443,-1.708846165786211,-0.7586688073871073,-1.119488830956325,-1.6617740045155416,-0.6733774943985916,-1.4056605665194255,-1.3271947427465012,-1.559142136642605,-2.0749147821555862,-2.546056992233506,0.0718616287509748,-0.4828175477565685,2
-1.4415272975683455,-1.88006534493294,-2.2214501668658495,-3.0840269163453895,-1.4201139940657388,-1.5028430986598509,-1.0354889572892843,-2.611037094110629,-0.8375813976948241,-0.33035595850213667,-0.6351927539188404,-1.3233920526021012,-1.1704388535874715,-0.053856357384399645,-1.4253074287285836,-0.7909407897269394,-0.08321736530267519,-2.9583644507747113,-2.5146812912742886,-3.7067567442936427,-0.30959819918417064,-0.6657955444317144,-2.2871890811936426,-0.05388076222504292,0.12171230254079399,-0.10916818922679239,-1.352244796392322,-2.9811493108482296,-1.1244122287211815,-0.2845280290900814,-1.1202038524523799,-1.3809123442358935,-2.1287729054514983,-0.8939136192439183,0.2885115893105849,0.44368567086904354,-1.2353630763023673,-0.5038801570806494,0.5618234791560277,-1.9749889568558596,0.17293882670336058,-2.3389090085202167,-0.05214074226591525,-1.369314328010129,-2.419788420131923,-0.7379434712182239,-0.728760653740854,-2.307023503541285,-1.6350206624765082,-0.8066656705248506,-1.1270053189357536,-1.6655169624359023,-1.0277793911614763,-1.4133413890397046,-1.2809697959022976,-1.4759400886808465,-2.134843000083721,-2.717813151298022,0.030879348788780236,-0.4647657851038863,2
