Feature_0,Feature_1,Feature_2,Feature_3,Feature_4,Feature_5,Feature_6,Feature_7,Feature_8,Feature_9,Feature_10,Feature_11,Feature_12,Feature_13,Feature_14,Feature_15,Feature_16,Feature_17,Feature_18,Feature_19,Feature_20,Feature_21,Feature_22,Feature_23,Feature_24,Feature_25,Feature_26,Feature_27,Feature_28,Feature_29,Feature_30,Feature_31,Feature_32,Feature_33,Feature_34,Feature_35,Feature_36,Feature_37,Feature_38,Feature_39,Feature_40,Feature_41,Feature_42,Feature_43,Feature_44,Feature_45,Feature_46,Feature_47,Feature_48,Feature_49,Feature_50,Feature_51,Feature_52,Feature_53,Feature_54,Feature_55,Feature_56,Feature_57,Feature_58,Feature_59,Target
1.2216237077227081,-1.1218386719500433,-2.222073224758867,-0.7606689643775947,-1.5908889877740782,-0.2791694348795187,0.7171558753528872,1.426293639484788,0.15696637699844207,-0.07329322815859052,0.8805309379351649,-0.7265933724565171,0.3170161076467155,-0.3778820044149261,-0.07207835918098679,0.09104033058133179,-0.9677627097774198,0.6369826841979467,-1.2670745143550854,-0.18461536038717885,-1.0714446075023811,0.5842387140751607,-0.6879085945514241,0.02934810088133151,0.05028219347982771,-1.722141460368202,-1.0290669136736124,-0.2536980008826467,-2.6280967750578372,-1.5516514591171597,-0.6291048974933847,-0.4685549951047667,0.0019406948904973909,-0.6063428680082484,-0.8213131909886842,-0.7462088721543264,-0.46355844875121377,-1.459941386291701,-1.2856102248479666,-0.5752922456102126,0.3522337818758263,-0.16777852235419374,-0.7470485740561607,-0.7130659384816912,0.5495283699061165,0.02157726449459456,-1.1341802279655706,1.0126755146308863,0.8604847712293311,1.220399870174024,-0.031806809786984844,-0.5711308246166515,-1.2746740884496506,-0.7345638401562953,-0.12392905701901658,1.8277324059338913,1.1840443200417938,-0.06049617651493153,-0.03283984947052076,-0.7963492286069368,4
0.5154461378768698,-0.2066914372825921,-2.6084740114554488,-1.4133801947478686,-2.443458592879905,-0.7793032326688301,0.5913282564632212,1.5878178341026334,-0.06399721496220362,0.2374985852498893,0.5929704218452188,-1.1292912344881545,-0.2140949407623747,-0.3868848903527769,0.16767019388416407,0.05421388735572752,-1.0498050179623712,0.33126521179939106,-1.3831747860727202,-0.13677317251995974,-1.0972001597222456,0.7398764974830386,-0.5928463282452211,-0.12539753570145581,0.01088669936400441,-1.4345371691046003,-1.0934093026223537,-0.2977184160935434,-2.815270420513218,-1.6346014547288434,-0.3352294126173994,-0.4486662279451308,0.0017643740404922337,-0.6397851115630662,-0.27491130191817387,-0.40548428657456476,-0.39868846209684183,-1.4122605306538583,-1.150188729220192,-0.5822925879966959,0.5906725179800284,-0.016236309412111807,-0.8333306147324515,-0.8767157323436032,0.7023431332529557,-0.052915252495110664,-0.9983558454677399,0.7700969822621618,0.7231814451874397,1.0619788470238092,-0.09125871177209938,-0.49360990322249315,-1.4289708725795633,-0.8597266808214167,-0.17843723144380386,1.850491012286867,1.1320802936861136,0.13314554109269594,0.005255712736229483,-0.5649102273927539,2
-0.16144820892853662,0.48705465877290655,-2.866899012887864,-0.4459765684507417,-1.864130476631074,-0.3717568194025031,0.9949082062820888,1.4866835675799654,0.3094131514799079,-0.17686993249664895,0.8490450887008635,-1.2881525944976957,0.12003376117554734,-0.523538194799117,-0.28173852512019676,0.26024869535890055,-1.0128821739318667,0.35227422070672026,-1.6472862357465545,-0.18292221018406735,-1.1479522157629585,0.564534578787595,-0.6789488783616475,-0.13441639441341469,0.03866031513046268,-1.622923036999271,-1.2318290490337573,-0.4092160698547703,-2.813034122178779,-1.546801750738717,-0.36957919175788195,-0.268701863317862,0.09215403348335677,-0.717194129182594,-0.5862716673429591,-0.7175789363744255,-0.18168819244640289,-1.34845628593079,-1.1617724055213137,-0.6092997316191242,0.5848443914096613,-0.15534886884709256,-0.7259104922679883,-0.6235017641837456,0.6584975868668885,0.03096424438227094,-0.959954094944344,0.6962593419720802,0.839503402741796,0.9303817364481901,-0.052584516592547884,-0.5263438448936417,-1.528709843501972,-0.6250854070967722,-0.2437078663993712,1.8926957500175379,1.3365485292810024,0.09747372881457762,0.046992541664420906,-0.5143833231179387,4
-0.23131787915917085,-1.0600341730127274,-3.09073562730844,-1.6037584016716864,-2.074446212373155,-0.9232764616262279,0.9253744310212407,0.6495651546510315,-0.3663221977259881,0.4618982688650316,0.7551859050731938,-1.0441806718283313,-0.22529977838940293,-0.26136759525018216,-0.2676500026408979,0.31056339254011534,-0.8448793967521687,0.47286323686783216,-1.3130132548670377,-0.48735303532825547,-0.9428071630830421,0.6678597745630475,-0.6319149744817302,-0.15337693796967988,0.19793845950959926,-1.599634271983345,-1.3398457741643424,-0.2644091178043967,-2.700347771647162,-1.6705418740705045,-0.5875064017980584,-0.07033387746799907,-0.0714504549764827,-0.754248764229981,-0.5332860212341235,-0.7075584088105065,-0.19125084940337853,-1.474326097257408,-1.2151253270806424,-0.6991121417233791,0.35382333853209,-0.022800685327453954,-0.6073644739368423,-0.8793860213509297,0.5170813060576174,-0.1531473433005388,-0.9227459350977425,0.7165932478029298,0.7872488446674437,1.108488098871985,-0.06998352336357977,-0.5605224039580974,-1.3997749573494074,-0.9306344281633765,-0.3073797868219328,1.7989548126596346,1.2063553390606425,0.08467099440390195,-0.20354586558567642,-0.6690432331636894,2
-0.17867645516669883,-1.6400709964103595,-2.2875721019394226,-1.3353045598485325,-2.3983030824354175,-1.0104076474970285,1.1785666116516682,1.6794128218668636,0.20022058326168632,0.33874204161205723,0.8464421515818431,-0.9487977152390885,0.05364187702941109,-0.6121006340639098,-0.15554028564358524,0.29581209924089796,-1.202872138305517,0.41991999006976194,-1.0673778836417813,-0.25578030568892196,-1.087805416582055,0.59570039332837,-0.42236289176778485,-0.07478802488568023,0.08238662852336251,-1.4195226459806607,-1.3906741503439979,-0.33600033145346464,-2.8464378359767917,-1.3809191300717776,-0.32569347791793873,-0.3450802390378953,-0.16773977134972778,-0.6386201091465109,-0.6309139359609378,-0.4917352118644743,-0.20512686636876673,-1.4756271139954171,-1.2554973456681668,-0.5644869197050089,0.3101151723812753,-0.19816140635715382,-0.4644910939379173,-0.7846820731893197,0.7871548844361107,-0.048782429277477724,-0.9024584489436391,0.8525865732997155,0.6331918608043908,1.062568759756116,-0.1214043681883053,-0.5838105335396773,-1.2792574889064046,-0.8175997874157189,-0.05735730325596956,1.702105144720226,1.1506231493687396,-0.05000692638850143,-0.13704604705776785,-0.7761643462919127,2
-0.7095062454765181,-0.3198378445013431,-3.305591353079889,-0.5131411509487482,-1.1477655312795882,-0.7738215718467869,1.4988695830042729,0.7888553005341543,0.28837858162974317,0.3354888753950192,0.23181957002066922,-1.3288153652325045,-0.04549281133047493,-0.009200910018707154,-0.16894073097114037,0.21550505793643854,-1.0066579503178306,0.4725592747590123,-1.15973129739593,-0.1813134102204062,-1.1041436076600533,0.7187212873330544,-0.5030363139291716,-0.11385810054503744,0.030924447158357564,-1.741024512165465,-1.1870408058416828,-0.2561281602377826,-2.5295676809078116,-1.6726762692025454,-0.6800021358572113,-0.5074501371934691,0.24126867850363054,-0.6617489640424192,-0.6025089205299066,-0.7817915672748013,-0.36708584936019417,-1.5976026008372526,-1.1667144247926002,-0.5736025377476498,0.7324066942341757,-0.14607593408692723,-0.7091910258207488,-0.5712552638417425,0.8042105425530046,-0.057661408390568034,-0.9669244921901095,0.8033621376183904,0.705410259688822,1.1955217354426433,-0.1538392917779286,-0.5873390170024979,-1.3811459149334206,-0.6827134292071795,-0.2904253735810823,1.7479948868061232,1.3341474014374501,0.2160692465241139,-0.10657064597425871,-0.48144465950983806,4
-0.6530743670574469,0.25424872695220546,-2.6829900315012205,-1.4545895276876908,-1.7398606662599883,-0.7318531032616827,1.135688106198461,1.3467546044203442,-0.12271116033288104,-0.20684304293941952,1.302317878782,-0.568595874596399,0.32641410000579707,-0.4109521675125422,-0.25478626164962065,0.35862944477630215,-1.0569633675639454,0.39418747745147376,-1.2881001944270871,0.15295570107569414,-1.076827367092199,0.8186140824234316,-0.6416276218041086,0.052817643302335,0.10872929165959785,-1.461716499302051,-1.2883693930339468,-0.32293672013387326,-2.6677174878601777,-1.4857636051584977,-0.7161326211383356,-0.38311670063482517,0.10145481775013351,-0.5819433495540033,-0.6307485102171004,-0.7677486878395141,-0.31614466868801133,-1.430777234812959,-1.2266677014828444,-0.7108343032238165,0.4847879626729068,-0.18510809894422642,-0.524487622885772,-0.7014899774894424,0.5861443981836016,-0.02512820934073405,-1.190157781064906,1.022855807779812,0.7595835214961839,1.1942626320174137,-0.21088731575860933,-0.6762473984889023,-1.471148055623685,-0.6905557837645746,-0.11924401055030351,1.8585771775781637,1.144401711764064,0.15497132243889986,-0.13155579569372863,-0.7622090903554175,4
-0.5617190846749419,-0.46357049725870325,-1.96852517733917,-1.1340033326155199,-1.9200791890607547,-0.6244479568210448,1.1067269831546585,1.3681524396082623,0.2453157063100487,0.3558768159211366,0.9479018886331951,-0.6314060617033264,0.2390776328143033,-0.3229796918596184,-0.02587576696833689,0.45337393265687753,-0.9944832416721912,0.24995342809871773,-1.2401444663472352,0.21641151087898094,-0.8229546660228276,0.8104204315759019,-0.5839599077599205,-0.05190697334606696,0.038800315250520266,-1.7317303622789617,-1.2874233708942078,-0.3600940443855062,-2.7272046295025203,-1.6148774455212187,-0.4891259062599088,-0.4457395558612117,0.17216834400209263,-0.6186203587267748,-0.29504822937028574,-0.7424574850017386,-0.43619392713956484,-1.2749376899621299,-1.1913044715934489,-0.6703230705277075,0.5572433451410901,-0.24783364499135607,-0.5564133143020367,-0.7283516777972975,0.6023213870001768,-0.04715530015914275,-0.9894894617459097,0.88421934250163,0.8504021785515229,1.3147207078412186,-0.24922573066128145,-0.4789436043476948,-1.321224147114653,-0.8739254176544755,-0.08491669810167717,1.873678326020928,1.1772227087254559,0.042779331723549946,0.0664635621564338,-0.5388010776112779,4
0.33052304422393197,-1.0767820816414813,-3.0507289222111256,-0.6349756895744555,-1.2818553256958263,-0.9300622079272773,1.2799482096348918,1.131720501350042,0.21454756917413437,0.036820928497824645,0.7607706817759076,-0.9121714137590156,-0.38701567674968373,-0.609069183577475,-0.18898764563193327,-0.05796004927990406,-0.8394800420225271,0.2913143969832314,-1.3595036353431333,-0.12553923215047533,-1.3936770517047017,0.6188362854466117,-0.673777832394605,-0.2728113095452901,0.03790812279724247,-1.412607393095072,-1.3112355005377723,-0.4112615171298626,-2.7618470349251196,-1.3916312789467034,-0.4031572287960614,-0.2988051994668609,0.23782989383355777,-0.6927723590685957,-0.4889592552091449,-0.7445136763866346,-0.21114241478523268,-1.3862874685936448,-1.131759568184769,-0.6970712191317056,0.5839023158938704,-0.12306501701873322,-0.7191458340169621,-0.6551177109279506,0.4738941351495598,-0.03182946425799729,-1.0266453087583878,1.0511718009432427,0.6576857522716583,1.0176796424314918,-0.11368158435134648,-0.6152842094471411,-1.4377404651921275,-0.734854528021257,-0.14147616012967895,1.8425562214782067,1.0146496351748748,-0.1717924085114793,-0.0805699511773667,-0.6703059348978839,4
0.6304616461289776,-0.6855184075004364,-3.0619219736146395,-1.067112393311047,-1.9131531051468242,-0.764111242963802,1.1706360873323232,1.5403098080682132,-0.3817089190832752,-0.047110410572330286,0.986204216430574,-0.8986945129058652,-0.11498166641261352,-0.12903544530971162,0.16182870945327774,0.10928620888388635,-1.0301242218980893,0.38678544579745633,-1.4270389344738057,-0.010530543231090275,-1.3355379708325812,0.8810295866683173,-0.6154999124862264,0.1878444121834095,0.0073866703955585145,-1.7908045506507762,-1.2768704656866994,-0.23222020213012817,-2.6342053662536964,-1.4492997710627986,-0.5070231449943238,-0.4978863976265333,0.06735916774266723,-0.6347627431441534,-0.6383942984755511,-0.6254701806387224,-0.2633921392205625,-1.3744380986353903,-1.1170934549197227,-0.4177192470898581,0.44367448852142793,-0.23296688797632847,-0.7238981370021962,-0.7803826854531308,0.7257882800555259,0.07684180019108247,-0.9886678933254363,0.8610474654009511,0.8072271081704978,1.1071492566212304,-0.28771422060294405,-0.5771753832412708,-1.4656972491014926,-0.8974891486751968,-0.04097139028059178,1.7474466036883873,1.1659177472208369,-0.06273372696296901,0.008999900706603753,-0.722738637825504,2
0.26446467793885,0.1759578991230193,-2.823760671293366,-1.5075088673230128,-2.212847820605787,-0.9297323606474801,0.87100149670759,1.2937395700650147,0.015324824534966933,0.06304863956848332,1.1477221155940438,-0.9971528790997869,0.10193551514671095,-0.6578448845397199,0.5721441322841457,0.1333731447753448,-0.9081201728398387,0.21710701183456016,-1.3823626368469715,-0.15050026466189653,-1.1595047782713204,0.544490227702847,-0.6630212447587166,0.11284503660857445,0.22048994745174022,-1.3445703897108714,-1.1837002430369652,-0.37255394057851127,-2.5497743481022224,-1.4838868042991344,-0.6304764159826031,-0.1611082180235796,-0.02437745424320207,-0.660476741071434,-0.4034011875035306,-0.7487935760260525,-0.14967621340977857,-1.4766620244913404,-1.1113081917401586,-0.5654198360399482,0.5018951092067956,-0.12571279558326942,-0.6973037610421736,-0.6796089854295585,0.5723178066579268,-0.1814026848492,-0.8695189481859559,0.6750431750828443,0.8428418125284409,1.1549963762107145,-0.15898478353644235,-0.5189435472973286,-1.5359286045056049,-0.7717731044460139,-0.27597035584377233,1.7503236517707381,1.076345470948209,0.10534559234521457,-0.22351296019134437,-0.836612997864324,4
-0.0626155278513969,-0.9259394338284493,-3.3371660159898378,-0.5177405922744133,-2.414613630073466,-0.9308508032719979,0.9962750724375256,1.547306653697021,-0.33874330617715054,0.1451665293594895,0.49513444714309324,-1.1302793733168097,-0.21823566420863877,-0.21588910460927377,0.047529081233629374,0.2011695951757373,-0.8453527315573064,0.4406855457857918,-1.2869290191389513,-0.13718810448322305,-1.1197140410903517,0.7258906295299085,-0.5326335901841955,0.08991304462145647,0.08442031990262118,-1.5186456277873388,-1.5858731522961846,-0.4433735412875636,-2.7296849864167,-1.4633671687392007,-0.6165425810099552,-0.3026447862578103,0.022593827902258265,-0.7397644074882942,-0.5818361974632059,-0.786292832425428,-0.5512985370578402,-1.5678385265409591,-1.2128004409808806,-0.5297108585168728,0.6083058869472057,-0.21514571012672817,-0.7252658768074667,-0.6713545956637029,0.6570058982484809,-0.13675511264242965,-1.066145771375329,0.7549264738204499,0.8055104224875563,1.2755149333349365,-0.22155443948078188,-0.6236815772543097,-1.5285816194561042,-0.9016595424011449,-0.12309723999227926,1.6983774357440298,1.044650209084241,-0.056451489120519546,-0.05447300417017523,-0.6701521040963212,4
-0.9600262846952723,-0.5470657717981096,-2.035725654008709,-1.1510705211830632,-1.6350742549399633,-0.5339364609016144,0.8560315491308422,1.929000364453589,-0.10266022208725153,-0.10602785060698977,0.46519068515302264,-0.9963196812372228,0.09378233637430441,-0.10995187219358521,0.346671239673982,0.5723811859607759,-1.1202454973142102,0.10481986095504187,-0.7973827110932428,0.020313230857371384,-1.0709574744880728,0.6411038813948459,-0.8149640266322161,0.1210833701216262,0.17052990030878007,-1.8127380136149311,-1.2930109541604806,-0.2922778428927346,-2.726168779818547,-1.7488112099292952,-0.5686265391128731,-0.2657563831713927,0.044281817034088206,-0.789225845602604,-0.3951920317929693,-0.8319402027983822,-0.17082378436193602,-1.2931239296218833,-1.0277260821035683,-0.7276381420064792,0.6403861615192186,-0.17023864009005796,-0.643783918520367,-0.8001712748050984,0.6580494143472565,-0.10529744796070634,-1.0386545010077506,1.0027748125828067,0.8219643138935041,1.1627914833266062,-0.002331470963236132,-0.5867131302387141,-1.4368114220826937,-0.8453639705869431,-0.21820985914288477,1.8666037502864257,1.2381304878547341,-0.1239317457430264,-0.07387942038913836,-0.6867811469987558,4
-0.5394942269415144,-1.1755266006452099,-2.1624787076273733,-1.042169739693612,-1.9440547920110869,-0.4901222970660739,0.6955988057008966,1.7857505814034398,-0.04650464637475614,0.39756675762995697,0.917828153952023,-0.7722418590261996,0.05227662646394443,-0.3384614613522397,0.23558005133750284,0.29366379828371075,-1.018973599130052,0.22405789630366552,-1.082970530257602,-0.16127833921916485,-0.7031332550138063,0.8150152146506743,-0.5899318122369257,-0.04547789219382874,0.008317025896647803,-1.6337045740408125,-1.2453330448258173,-0.31889237658149777,-2.595489801566699,-1.4274079670915938,-0.5599738082133064,-0.2611919994012835,-0.06741025987431816,-0.5736071041799895,-0.5047139599937472,-0.7567194839296504,-0.11455229037155029,-1.2664689108766318,-1.275361156460991,-0.6319580574611842,0.516068985143898,-0.24605989857036759,-0.6809015388510775,-0.6270799202514657,0.5865623338789078,-0.020438676380818102,-1.0180338422129112,0.7501320545115715,0.8371017673740517,1.166287205466396,-0.07684469572671636,-0.5754677089914608,-1.4809629976024867,-0.7970614638308924,-0.18812300928937362,1.8884573306391146,1.1549240478294174,-0.014319866110937246,0.019200143248234672,-0.619383083594038,2
-0.23950723880540825,-1.5432632241597188,-2.4236676171016978,-1.3816583016558164,-2.1892684013897954,-0.7340368791745706,0.964989568549535,1.386288861694315,-0.14649465011192014,-0.3253647981159187,0.7076258195279035,-0.7809565655953778,0.16745090096864698,-0.7012704218971442,0.0796615890359604,0.21173317422979254,-0.708323626287585,0.2049422942235768,-1.566240758726406,-0.3597749080941881,-1.3373670210308308,0.6253936570705714,-0.22220507275830675,-0.17186179980906643,0.03753200740670311,-1.723223915034911,-1.3672925704893135,-0.5751754193787277,-2.782167336413854,-1.5582735814340898,-0.5762285153854475,-0.31288770999397253,0.14659289732178515,-0.7589311567591837,-0.17918264536511208,-0.9375500366456573,-0.43945941282496626,-1.3166862322171664,-1.2673288461037941,-0.5659483247820595,0.5609006253002556,-0.23291334632772362,-0.5849934111847778,-0.6635182481177241,0.6974714269132485,-0.10015470335088503,-0.996021388882111,0.9222732871631926,0.8608498582353972,1.3861233589511583,-0.08798969082705005,-0.49468825758376944,-1.504573150552979,-0.6889450390993244,-0.206832129905653,1.8722437666586402,1.0424418067717829,-0.05909892920941695,-0.09496629437135284,-0.5892667178068934,4
-0.6812453866250351,-0.7230704462890077,-2.9836767615949324,-0.921778173294583,-2.057335041385613,-0.35152980663100847,1.1646209562535181,1.2081369295936448,-0.10716197300449648,0.04198133285184491,0.7316381293958539,-1.3111471187734238,-0.09800904106159936,0.011416494450870729,-0.1143889582214769,0.23525651978703513,-0.8903493188226497,0.6180604183724533,-1.1736587169801747,0.18443932029439175,-1.0215327184725567,0.6068048783034682,-0.6739451138408413,0.028442903809463682,-0.015841265179918018,-1.7078301708607073,-1.0896651330942806,-0.7292118363459763,-2.542692054496856,-1.4558606734296577,-0.5308498413556724,-0.13057131997137367,0.06457471923003799,-0.46272098783742033,-0.4205656453683615,-0.8315597081462274,-0.30775726144040527,-1.4856884819552643,-1.2135841276586965,-0.6341360565619228,0.5600499899208591,-0.2796583410524172,-0.5863903621198817,-0.8610017920217742,0.6619884640594054,-0.08509515703135238,-1.0847651475494162,0.7725888913856779,0.6725612141976469,1.0649489699188799,-0.3577032734475475,-0.4784590417781252,-1.4275105776435768,-0.6993437278156878,-0.09963208648973784,1.7598148901809854,0.9868137010114094,0.0017072627923096773,0.06089035122457877,-0.53601591246953,4
-1.1681805540263808,-2.1729380831461658,-2.4803991091617403,-0.7249780475168662,-1.62518872908975,-0.5344840223135774,1.216165335650867,1.0271638420708318,-0.12822348475473422,0.08180689705931565,0.8264425844748914,-1.1469231504466544,0.3452544982346122,-0.41986672284711113,0.16040678445279818,0.06848711267585705,-0.9841796026683399,0.19795470613507804,-1.1840866139490045,-0.1717901393379781,-1.1832394021485115,0.5415731534467827,-0.5984613322724986,-0.11664970881263882,-0.15596542309064018,-1.6557430950415966,-1.3291948943509835,-0.2078557006250932,-2.987124868386656,-1.7066791985631096,-0.5991437261790862,-0.34672281289684265,-0.014754239703586823,-0.5066422040491383,-0.3936080253193508,-0.7145853440656741,-0.36276472139317806,-1.4069869869693152,-1.3753292741463512,-0.5658424315535022,0.6394413690033519,-0.04935185987424545,-0.8004542812046818,-0.7319089670383058,0.68625730096565,-0.1424478997549629,-0.95179958487475,1.0088629734071168,0.7324641147405682,1.1902686703596332,0.04240553987714876,-0.7090929166667639,-1.5506920220009468,-0.8235538329522525,-0.012785991887336007,1.9866221062205096,1.1250663777951606,-0.1871855262744252,0.030951519099989666,-0.7147541299885752,4
-0.6215249991785992,-0.08735679319048195,-1.650470046233799,0.4718118237640846,-1.7103012939801785,-0.5020673408963587,1.2227901619185744,0.9361146285128821,-0.39452466963307653,0.6456826122119108,0.29503336917905865,-1.1503652238833015,-0.11028223023464712,-0.502039738200353,-0.18292924349698791,0.15606252828383477,-0.7981555397733779,0.24120474243323986,-1.48205212075963,-0.16805540180582185,-1.1520536305280615,0.7943764536930992,-0.5636401651656293,-0.1337142802293144,0.3433863877934208,-1.785832067972362,-1.3079739997409874,-0.32904839517899653,-2.8030095146563108,-1.50901767866708,-0.4943629762372142,-0.2115714449687338,0.16879259315906162,-0.7101152048711117,-0.5570529402479172,-0.7364294362188972,-0.5396630971633414,-1.4187348896032737,-0.9597554426241599,-0.5883844900935075,0.6199880858527493,-0.08773058568190262,-0.7502097462861079,-0.7287751893770459,0.6597538078495627,-0.0697426302607476,-1.104791392573453,0.913095954856323,0.834194075186671,1.195507871518228,-0.20191333477035553,-0.597181779605083,-1.3050491116093055,-0.6978085555665893,-0.23608490564061643,1.7534528296358296,0.9955440597647847,0.05258564165683373,-0.04327782893214553,-0.49991454952842,4
-0.5505556737790436,-1.3808775181679742,-2.397640170204745,-0.07763495405021992,-2.4065503926757685,-0.866614814686288,0.6578568915732415,1.0581877897412655,0.2525121512744838,0.396448379578315,0.8177557949317475,-0.6576522736616633,0.23900100300879704,-0.5871187507519073,0.06431765728145826,-0.02168509633973409,-1.2146671560582045,0.25316544369250155,-1.3939706093575244,0.056592752152310924,-1.073688536780748,0.39987868479519095,-0.668642893674571,-0.04301645422947356,-0.0860548844941435,-1.6588187912920602,-1.2498334435489737,-0.41640911878903564,-2.7555208857889273,-1.7469678642707815,-0.5809391419676443,-0.3052524386690012,-0.02783848161764036,-0.47687371687455016,-0.6497045687466145,-0.5903914705575584,-0.47450654274119286,-1.2298353185766553,-1.3312285757565652,-0.6763009206698436,0.449534075441753,-0.15168561999573546,-0.6765592837905507,-0.6741699868889915,0.5225258241575014,0.02538341360880081,-0.9812519389125076,0.7307211877392111,0.7761265689361657,1.0926725047917696,0.06743388043221704,-0.5519762672623134,-1.5138107158891008,-0.8557830277215425,-0.13731661947205448,1.7512620831681869,1.2631752498007853,0.0019775274324022596,0.014891197597826804,-0.6227475244712054,2
-0.13179222982641292,-0.4165375819483945,-2.7903009288144123,-0.5717985066334834,-1.3493286910692395,-0.5599162448631082,1.0237322887733042,1.0239840616199891,0.15027848972766228,0.16241009511624288,0.7646079470949225,-1.1825806465000022,-0.1890660779618126,-0.31209231266813153,-0.06799619152192952,0.5369564053670323,-1.329707279475666,0.6468540281798947,-1.4532298027249346,-0.34018287714648177,-1.1963879082895663,0.601930257906061,-0.40509348915988025,-0.08556815855736355,0.16876159008147443,-1.7251284975684906,-1.262303803563321,-0.6435394356618183,-2.9411234022954362,-1.246852461400445,-0.5663484115361328,-0.23377075151585558,-0.13462995681985923,-0.6203506614064092,-0.5329006658460779,-0.6588503718842812,-0.2815690238768814,-1.3840102589836991,-1.2825621308726558,-0.7787979126532877,0.5482475744765032,-0.2029048375830176,-0.762863597232003,-0.7481229326785914,0.5953548014411225,-0.06543446370565603,-1.0360366510981427,0.783310326090106,0.62741981849046,1.0700907390247718,-0.1053421806563001,-0.5928027854363092,-1.5304336004743035,-0.6619849214825497,-0.22791322078215104,1.8578292498962279,1.1254798619720148,-0.06302877805805082,0.035302001211696354,-0.7944921525628591,4
-1.993826665936659,-0.34645520412784436,-3.285469478139104,-0.8407726953724989,-1.8093528086315012,-1.0432949598978716,0.5990746165520996,1.6535591941435877,-0.08339127807007599,0.4313545871375689,1.2059827141428268,-0.9373765384773582,-0.11077657984405094,-0.4465087459774882,-0.1430146255970894,0.10464363297917478,-1.1346689415169728,0.20597338791342376,-1.5140557061812443,0.24329124501893015,-1.1003868528009428,0.7504582033815693,-0.8607189934173594,-0.05502833236263421,-0.02558087433733855,-1.430385667911781,-1.1863288978704067,-0.34472420674200444,-2.7880565655181195,-1.547160454144927,-0.4813366271484949,-0.2950796857132061,-0.17114950593303266,-0.7895892908717513,-0.5523233917750293,-0.7466163873055113,-0.19445904350722418,-1.35441656026198,-1.1417728274940933,-0.7690990499548975,0.5808041922006728,-0.16222707475247639,-0.5632177950816177,-0.8591314268219533,0.5077605378306033,-0.10269123303782901,-1.0588770206640625,0.7683254037634798,0.7983049307268012,1.1037435101453188,-0.08731908309893222,-0.6561443939254561,-1.4275788556965707,-0.7278422402528816,-0.20200362218902101,1.7413878824681408,1.169250581691944,-0.00714395317000012,-0.0518664343103799,-0.5296698623834946,4
0.14135566557375745,-0.3754603300816667,-2.983004364726906,-0.05152769968859672,-2.175661812825048,-0.9118514987141524,0.841167722944464,1.68763363650357,0.2761513157100005,0.4183575838905531,0.9370758973753921,-1.05717932688807,-0.0993935732877532,-0.3709736027849523,0.07687723312561272,0.3644517984140597,-1.1709344388665566,0.3015914006589756,-1.4781937797453684,0.16583503637752933,-0.4926957350004072,1.0584664552075465,-0.5427173225048552,-0.12437820521521194,-0.07138733885409071,-1.4487837445507017,-1.286932324443907,-0.3114217709088091,-2.8954916188549857,-1.2615476406824457,-0.5505006653806656,-0.17815708082089676,0.21076897972178463,-0.6426513181199172,-0.46023867210070774,-0.8031297708270081,-0.16443118366035267,-1.549283356940229,-1.1522201799487901,-0.678795730006383,0.5604760341976599,-0.11413062990437335,-0.7234499286718227,-0.6739957433695304,0.5507374105303503,0.12343386725080613,-1.0176952802081247,0.8783835430491541,0.786365476412184,1.0564336204759122,-0.10104235085125701,-0.39017464125973156,-1.632877047589961,-0.8311973854761594,-0.17046020671663278,1.7339119324459928,1.0941245043973686,0.0026965801763578594,0.02059912974573372,-0.6095367347241829,4
-0.6755619920121761,-0.9313187145284649,-2.125362763970196,-0.9154356418263399,-2.2455575822796785,-0.8471651621783671,0.8415231685666957,1.1244928031774906,0.025017755767362898,-0.005127682884307511,0.48303144281680227,-1.3448649410712672,0.32980032777634916,-0.49957917597689583,0.08353468881754669,0.43005903339212304,-0.9930985525024769,0.2318155461700887,-1.2703137805413691,0.1924690244366878,-0.8616290921987064,0.6923391232231417,-0.8216570722037605,0.03470960540626156,-0.09581867191145274,-1.5960611695694347,-1.0183753575612133,-0.23951736249271824,-2.6864552570911386,-1.6493937864087422,-0.37826078348031894,-0.24753834160285093,0.0010939113365908588,-0.5816402602512314,-0.29004060179402613,-0.7247837830738121,-0.4776412425992944,-1.4138144493868936,-1.1092955163210911,-0.7797256945871428,0.6240563720590498,-0.15710116554207249,-0.5859358440936487,-0.7708294169685297,0.5677665418056329,-0.09868577008691037,-1.0365772089509424,0.7487873265951176,0.8557273796981522,1.074326912168081,-0.22619375110758447,-0.6001167342210781,-1.4635168577861455,-0.7104442565565866,-0.08198757290332233,1.994617367247351,0.9472087972792087,0.04002973556713294,-0.07682239971489217,-0.84794701912977,4
-0.03561070930205501,-0.653704264727663,-2.380571412106673,-1.2470957143237922,-1.9534914603690392,-0.7826809667138194,1.5733159578129075,1.7363787564125814,-0.31474264811816566,0.5794183386007233,0.5957550866822493,-0.7506034768681322,-0.058229444505254385,-0.3770854082204142,0.11977526733408103,0.4955878622924959,-0.7721681079828657,0.19111251987977645,-1.0289790946896602,-0.17214285003797042,-1.3581262838161674,0.971698395830593,-0.28469494586144173,-0.1585756253269142,0.2656760995703052,-1.6229203264816496,-1.3039446145464917,-0.3925097585617152,-2.7450534663923443,-1.5239355087094295,-0.5481761332913944,-0.3252795517601396,0.01129588084236323,-0.5924051451865456,-0.6212105769875442,-0.7594543176556571,-0.32058630449722253,-1.5755794639215837,-1.163367861826511,-0.6583581376034949,0.5902554568109439,-0.24914525137804777,-0.6253082109266758,-0.7280114514333453,0.7788152304598751,-0.15537601101655035,-1.0005458878578073,0.7829090808088763,0.9186672582101065,1.268175119911071,-0.16454329744087118,-0.42240839621763016,-1.4732817440526982,-0.817692547922184,-0.04723133731332915,1.8492040796425728,1.1356735384551506,-0.01139647196324967,-0.10836239090741404,-0.5964783207385246,4
-1.8738545011189751,-0.7681702416479794,-3.1776976071936605,-0.6487511189483248,-2.7294028021267507,-0.44204219291281377,1.0958406635166063,1.0694011136907928,0.12869924474546754,0.0571070297886313,1.2078818812881849,-1.060448644185247,-0.20719869939509133,-0.6123341827267961,-0.12035403791663979,0.34569088410930987,-0.8603965277678481,0.16551094749046819,-1.3487245067370448,0.2082285478476769,-1.1692164851786429,0.6386748310546746,-0.7887114389924068,-0.2919455306465172,0.1320100520435793,-1.2014686785018198,-1.070737499224177,-0.5423104939327346,-2.8165262409765193,-1.691921170961686,-0.7139395387344886,-0.28199382750116403,0.2124306607611627,-0.5843483080934803,-0.5291283340755726,-1.0287421995091628,-0.4515804137478332,-1.4583410934579157,-1.1715752913705102,-0.5317388568523251,0.6173316715837555,-0.15544756754036643,-0.6171050094642484,-0.7801440774151139,0.5036805974330767,-0.10426502040708244,-0.9415954762160549,0.9020494205967806,0.697636412173108,1.1862857016795385,-0.09725007042854814,-0.5135675270121861,-1.5930939285875636,-0.8386349615409159,-0.1511557202382149,1.8749873053665262,1.0151147813780752,-0.13806955332374374,0.11066384513598995,-0.7536269899244338,4
-0.701339509918923,-2.0318585916312317,-1.6339090257626567,-0.7271259187825712,-2.0790374491772172,-0.7553463646713018,0.8613005131572241,1.3524257780291384,0.04712864226530095,0.2260404421087998,0.9169840687228851,-1.0925473937283772,0.04685366167034592,-0.6313490581626116,0.19145184121103406,0.5679998060704989,-1.3909850877696794,0.43698731442162403,-1.333813849362535,-0.05682263120349854,-1.1817683697377428,0.5555427731710657,-0.42652841457107094,-0.1227658084629298,-0.060464279021173156,-1.6087801858692852,-1.393484543435339,-0.16749906039474916,-2.6036821042561322,-1.4851097173039973,-0.6561840255413504,-0.326430008173693,0.0070084154994587075,-0.6967797420084145,-0.6428534746596333,-0.6276787587163166,-0.37284093595840767,-1.5355092453892325,-1.2055508289351908,-0.7269743551978973,0.480553688944466,-0.1366857030351266,-0.69631898519218,-0.8899308897021196,0.604632040011271,-0.2903245800832937,-0.9109498204623734,0.9523752860452018,0.6874357294471045,1.2542183960227722,-0.07967996541461156,-0.48034149452870606,-1.5874617031064011,-0.8293349327480559,-0.07405152701506618,1.7692062429732687,1.0434462691563529,-0.05262016376735895,0.009888654749964532,-0.7688645443762272,2
-1.3659132135013246,0.297509928389738,-2.5900314119320305,-1.3219259749548717,-2.459313586959883,-0.2705633713434318,1.0583814262641134,1.1751069007921215,-0.02164955562650589,-0.005701873118942796,0.6483611675055293,-0.7632646915481464,-0.12707661598018594,-0.34373911014514424,-0.19749466722834275,0.2927217971458602,-1.136590960597157,0.5653038415942888,-1.3544740810158051,-0.0504911677545453,-1.0969076487529652,0.8149687079004455,-0.5383794968087876,-0.016148078424251394,0.016287038782918553,-1.6386261174710683,-1.1279858863961942,-0.28372938266727904,-2.668547443690516,-1.5200153668225802,-0.5266486542911138,-0.3210263980595336,-0.011761721684951973,-0.630504042346268,-0.2679645941957245,-0.8074767031548215,-0.4250801542651508,-1.2406043304642247,-1.0624298506070502,-0.7132325976782381,0.41544913449588083,-0.23646581009399717,-0.7806746699453873,-0.8814485590754263,0.48181214331969724,0.06696636574115133,-0.987566999347427,0.7786191619987655,0.9824118219839223,1.152419022031246,-0.13155848374209494,-0.7322888137522972,-1.5295296324982304,-0.7628546474083536,-0.031071794366619887,1.6773130665467975,1.0726591607122462,0.0777944147706355,-0.10912239088120994,-0.7132336454969193,4
-3.006290995736326,-0.2679440824679896,-2.3328830573370523,-1.127252827731888,-2.2639594963043885,-0.7300597823057279,1.4896244927072797,1.1873612810355358,0.2929722215511954,0.2525246497347299,0.9180075471489157,-0.631495128192985,-0.3121226990323832,-0.04327492544379591,0.2025236044891268,0.06731586005551754,-0.8214787712805789,0.5494482895099753,-1.0342401975073487,-0.3401153131560454,-0.8239053143147936,1.0406066389125392,-0.3738669974423783,0.05017556122662241,0.0551300700321218,-1.7339144439762122,-1.0570557967779326,-0.34115707659772637,-2.5684396429317338,-1.5307822798132635,-0.5435353828177323,-0.5364399677951539,-0.09910219616668563,-0.5779496114189877,-0.3570986639604144,-0.710913023829058,-0.44210870179041206,-1.3601093233831831,-1.0602416482046528,-0.8616653855706136,0.5543030368901818,-0.1856011125999356,-0.5251284242858808,-0.7583407415189489,0.7419393126536998,-0.2901708680716966,-1.1407504675296554,0.8008606355558981,0.6739049810850003,1.0320074704345892,-0.06679880298146469,-0.6577357602265247,-1.5794674022057338,-0.7383362055270809,-0.00949446357164152,1.8910200435394267,1.1873192526747034,-0.006323536564665121,0.03164732480540933,-0.8588354285668625,4
-2.2008981573742483,-0.8747301366582414,-2.8325966816629964,-0.8235783149634325,-2.4478561829924037,-1.2285840555773229,0.6964999819558075,1.2966167919254794,-0.3428287682786956,-0.09782683081038052,0.6051986167291723,-1.0462425261426522,-0.22431117187654576,-0.22646957731079564,0.2548344379646652,0.06104513129285849,-0.8113151613942107,0.35079915855030874,-1.4219089749954248,-0.02767988241227675,-0.7801870400430901,0.9693435339668446,-0.604842095546977,-0.1164784173782812,0.08366995086939999,-1.6614955030999867,-1.2225679969317227,-0.16394080598319985,-2.8161456527251634,-1.2543091380814397,-0.3432995610853369,-0.3978162979237843,-0.009106858378463277,-0.7335872351522753,-0.40140689690396225,-0.8563714400396305,-0.34302207293634335,-1.4722928833814044,-1.108863858434455,-0.6130426562659542,0.5842751433548109,-0.2130781366332595,-0.5427878626844128,-0.7737308108637769,0.5049829446407317,-0.07273163245614891,-0.9630943685925597,0.8382706200814378,0.9354634979352494,1.1646706305686119,-0.07805735548526736,-0.4739211710317076,-1.3337124200053396,-0.9303443766325412,-0.26784233054634354,1.9599537918250656,1.2046379000019702,0.07292002341926052,-0.08014585736650004,-0.7752992561058453,4
-3.2903426864653884,-1.2634521985042153,-2.1991994816631792,-1.3853707941323865,-1.9061739448033124,-0.623276824495496,0.9554664479526902,1.19081661549717,-0.2633627586447274,-0.11462183833939488,0.5221471123351684,-0.813345184018959,0.12285325621428375,-0.10380006926463353,-0.2865386069296018,0.1313209677298366,-0.6554261330773452,0.749579344813051,-1.5997208779946792,-0.03619885855179255,-0.8083823159203418,0.5057265398933875,-0.7847544731035232,0.04373184240167072,0.12000722333588507,-1.4816844927072674,-1.1847693345479862,-0.21151323117943197,-2.790768105439541,-1.5444868808444456,-0.5372923321278767,-0.16977181320309284,-0.01767626898301157,-0.6921787669690409,-0.40246766587721056,-0.7312081844168925,-0.3404989613330433,-1.3429441016346082,-1.013175773236017,-0.7082191168068763,0.5370388231170575,-0.17115190491505786,-0.6279799157942185,-0.7514856048750319,0.6020694817904566,-0.056871080107258366,-0.9603501202493874,0.8129673450896736,0.7596639150497531,1.1685077001149733,-0.05688841784123043,-0.7566277344858376,-1.41463663521238,-0.6677725760497434,-0.038546541912309995,1.7535609141999247,1.0180330725336946,-0.0678562331650721,-0.1614705776640086,-0.7783730348920244,4
-0.7012760735505367,-1.1822401946821532,-2.9465547107394245,-0.7551884774942322,-2.2836036079258406,-0.1222610614071108,0.6882232826466402,1.2065907643114897,0.22109864717077968,0.3350979742820479,0.8076993821588812,-1.0770502872962113,0.11392847991398167,-0.3809813321733866,0.06513846120134495,0.4680888210869912,-0.8395958428868662,0.3512651456975461,-1.2367023516789408,-0.19253741146648998,-1.0614478476570888,0.5588065520242514,-0.6240981743733597,0.06433565342058466,-0.09629812189779899,-1.4623018320988403,-1.1353637423990923,-0.19435776495071266,-2.61222796729384,-1.299017711527192,-0.5131475732202527,-0.3315088256903398,-0.17626117474182645,-0.8374021169993717,-0.613661521078553,-0.7375396349485018,-0.22193796429677048,-1.1838407341132844,-1.1260049241166679,-0.42211694623634977,0.5680208794235887,-0.07407270366767668,-0.6222442661722923,-0.9264186410700826,0.6254859912928172,0.041529274006661385,-1.0800139378203846,0.8903887925650675,0.8863451425581497,1.1390798299460831,-0.09494231559074112,-0.45162044127448664,-1.2599899081666524,-0.8072353927186203,-0.020448173047071805,1.6682218996858498,1.1649610490015447,-0.08079752596743418,-0.08969912564154603,-0.5922153418800068,2
1.1926968697992308,-0.7081867125656545,-2.466319652828491,-0.26421171365849616,-2.5358152530572444,-0.4918870935793794,1.2062536681818274,1.6689050896875748,0.3001695035144143,0.06855242342305537,0.9803840147201762,-0.7501292623963749,-0.25354537102702523,-0.21343215409134494,-0.061320521715735654,0.13365667648564022,-1.188162426638907,0.7378838687976902,-1.1783192411669545,0.20289829454878924,-0.9261489237782689,0.7369026554164586,-0.5569961843303559,0.12482233530863662,0.02333496164378402,-1.525634810241445,-1.255988341417692,-0.37515270004145257,-2.7892193303949426,-1.6798892617280456,-0.6744589861052667,-0.27791161551902255,0.17987154551746096,-0.6433649775217093,-0.43723298473215033,-0.7190812382772902,-0.5495881417677722,-1.5754556861651305,-1.3234017339731974,-0.6557245899975157,0.6890747413350682,0.06649261135903767,-0.6295955597487692,-0.7046221156915289,0.6916202753225603,-0.06344713304648962,-0.8782076527707888,0.8310218781924068,0.8307510912774458,1.134842771345924,-0.2017502873821879,-0.5225854480141024,-1.5248187352031586,-0.8220676387553669,-0.04838134278285211,1.7977175211924694,1.0171076508121604,0.011826089073402678,-0.053399951167907064,-0.7544886977881085,4
-3.2006727022852166,-0.3769193213714353,-2.689676280520258,-1.2142593332294904,-1.838019256358764,-1.1849022656805883,0.9798591490028091,1.323136124145173,0.20890555048541568,0.4481168701215155,0.9297191008706167,-1.1470244805172567,-0.25223346441632655,-0.2847525201926933,0.03876222713740216,0.5859496721289064,-0.6964636996877436,0.1554292181498376,-1.5121934836202682,-0.16381483497421978,-0.6085213542275927,0.7920097917842569,-0.6112099163015696,0.17411482288315439,0.19752984710568905,-1.5537819407340498,-1.2887388598538965,-0.3906311384919694,-2.7576671207810017,-1.3775717678466834,-0.5457808524603638,-0.28881382830281743,-0.021940014870203195,-0.7766586080290816,-0.503598095149469,-0.7766248611237802,-0.12379581869688838,-1.3341767396399355,-1.005854047694322,-0.5212100435738488,0.7112980652930445,-0.13251788228954603,-0.5636991692627266,-0.7220882452645884,0.6811923679784411,-0.020990717628233513,-1.0619344078057018,0.932630070985898,0.9139202481811838,1.273223819420605,-0.19425254618902857,-0.47263708420303213,-1.4133771463502054,-0.7974897331109551,-0.09701952464495352,1.913525665649924,1.120182904263144,0.07639365677838739,0.003175401963832661,-0.6745995098922621,4
0.6284820464639227,-0.8727216928954098,-2.817481625414591,-1.5484658838095222,-2.3200428595238876,-0.34785272963493635,1.1397996574459153,1.5128276149676165,0.41054673508671097,0.11274617570769761,1.1257899796310702,-0.9345716532583072,-0.2797788666039176,-0.4026544180997679,0.02622855443975576,0.22715555077182015,-1.0397248281667861,0.36627755784629884,-0.9722515467292637,0.21950255738418836,-0.948325439580271,0.8754873251079938,-0.6690167366953779,-0.3244020283510099,0.07377564523980965,-1.5198272632466625,-1.0849165043768583,-0.2624232294299736,-2.8250944626373746,-1.4567880707857441,-0.27518179634283224,-0.2970468602470881,-0.08363562663348578,-0.6973468810106485,-0.6079947720142331,-0.6904009746215066,-0.6559919092476834,-1.4991120938404094,-1.3859983893947385,-0.5775835358167035,0.5336156954415666,-0.18400379041842058,-0.8398480062291425,-0.6868931901551035,0.5137066456412164,-0.25487585043501354,-0.9508132522213706,1.0154358839697615,0.8360737647496526,1.0713763635630191,-0.293688248688789,-0.7515760227268728,-1.3478053199939048,-0.7499883703235699,-0.38880012555786836,1.951266869365958,1.2571357150491977,0.008482060626783873,-0.04785198373183351,-0.6325384407930316,4
-2.9223983048167748,0.6093305650521459,-1.9867521746357335,-1.0580545246355886,-1.811633943271341,-1.1708481161555666,1.1251751911698393,1.4045343546996794,-0.12024852315956097,0.4704637125032013,0.6338297659329304,-1.2300241058063865,0.0697035789432994,-0.32839358303657756,0.034871608523255104,0.3848712599258534,-0.9061179840333918,0.27025586642398824,-1.6742571292542476,-0.24471408531284372,-0.9361575213138503,0.6830985964220249,-0.7812841285319577,-0.06700326998266003,0.13616309998534137,-1.4370884561559212,-1.4261408434884248,-0.028483491992262022,-2.6762783141457716,-1.7662537957800268,-0.6821037010886428,-0.3025784669580931,0.07529104619948597,-0.48794226782147815,-0.5484596472195733,-0.5844869480355855,-0.3719971427986512,-1.5925076868300982,-1.1093253324906773,-0.6724020512143641,0.5542951113286945,-0.24420039556550466,-0.49740845171148185,-0.83546485268642,0.6811568236006431,-0.042282480971197293,-1.0645082029696789,1.1107862557762467,0.7739160093375423,1.162879934373019,-0.15083884550011029,-0.6189327032868948,-1.3802541601513194,-0.7395048977947796,-0.04139975439006276,1.7257077152416318,1.039274414566092,0.027305772214054114,-0.1109035987541274,-0.7861786609071131,4
-3.1678073480943825,-0.33399747829786963,-2.1115499386223338,-1.0155676720230584,-2.090952918067404,-0.6389623146512124,0.8283611075279165,1.262110377633824,0.04314211809886648,-0.21761759567249023,0.6624666634570764,-0.8511230827875438,-0.20505595668235285,-0.29123848357730975,-0.08879033467228792,0.23852244625683044,-1.1526101835173157,0.14472674325244647,-1.5616842685212844,-0.08320715534914999,-1.079885222589615,0.6794062914491665,-0.4988242968640779,0.06591117854517986,0.08441403006234348,-1.5146561532869518,-1.143729915667018,-0.3508241328729909,-2.7258837218835437,-1.5095400026477548,-0.4551891152094468,-0.12771119920617874,-0.051973440678373936,-0.6796531554642117,-0.40370399530944634,-0.5899527044047008,-0.2723328691991274,-1.527507224062404,-1.1757851407998103,-0.4580027680957861,0.4205424769843479,-0.1906023883277883,-0.7278368811166886,-0.554854866813231,0.6005728844947096,-0.20511635456349578,-1.124344055069781,0.7250736130565087,0.9337915055542094,1.139141365814288,-0.27901142998049766,-0.5270655751253955,-1.3427910621135046,-0.9395371533331581,-0.17343629851398887,1.835926471129999,1.187587593861572,-0.0522787121516696,-0.011450321001522566,-0.6890552817467688,4
1.680097477956371,-0.9906392240349517,-2.385867321457413,-1.0615067127180837,-3.1801871909702477,-0.59594154606835,0.9954852701439008,1.1383654010402164,-0.1224455777572894,0.07512085464343046,0.46677192401975887,-1.3138873682804055,0.07107982458729042,-0.14855355876894222,0.042304491690174244,0.14756457756364366,-0.8734594971961729,0.2505877470225957,-1.352154968435665,-0.23535465193397775,-1.1193221954115566,0.6697639245215953,-0.9189380160357408,0.021669467205656615,0.18896080646162133,-1.4716438751570489,-1.5291639551420508,-0.21867904649330225,-2.799640155577077,-1.4210416252321578,-0.5025587451818995,-0.40775459291267596,-0.10455539722095963,-0.762166221030698,-0.5201984278433744,-0.6895302771233324,-0.21896431732585797,-1.5612825225887332,-1.4890549255601617,-0.7084509386929763,0.6118390804862948,-0.2786897930833325,-0.8036802043113489,-0.8368702944784023,0.6675942617718842,-0.11539630781977761,-0.8944999976648825,0.8663994982829836,0.6382628102344023,1.0750348714855515,-0.16297129072534855,-0.5845324730139989,-1.5113033163104967,-0.7498999057283289,-0.14142248324838666,1.9834641693814659,1.1608435629631921,0.02860361589588401,-0.0009251932396024121,-0.5758020539987574,2
-1.2347049972047057,-0.2807474560645259,-3.3507507666041216,-0.13916069930352626,-1.885918950627115,-0.3523435553018118,1.0191071984510536,1.5785853536866108,0.09478822169416243,0.16428078065306387,0.9784873703523228,-1.2710384209863195,0.06571955181744166,-0.0809487411081588,-0.18890947851946888,0.4585468039072855,-1.0816022614977419,0.141818230393014,-1.5064736060069512,0.19848880506835895,-1.3132541372425677,0.9393211812497118,-0.55985712280899,-0.13262989063613576,0.004172316607612941,-1.7947711820116574,-1.3207149840664234,-0.18967731774302052,-2.7293830217159454,-1.4481795042584305,-0.35612100681751224,-0.39498417152767834,-0.13434906225859614,-0.6540899582456671,-0.3942256219032235,-0.6140502970002776,-0.18648565360862465,-1.4347300101154714,-1.1525779129545584,-0.7892119590152875,0.5983675025814438,-0.18962332497351356,-0.6967445547901442,-0.6490458715456352,0.689857929370825,0.04693862333481541,-0.9761069216223832,0.9271936686705882,0.9184992581834553,1.1985968165951257,-0.19895189055926732,-0.5098277859309047,-1.3622811827322139,-0.766489704226294,-0.35727660262514865,1.856760574810229,1.1372941388850681,-0.15545756559868634,-0.08189390737504551,-0.7021017791504217,4
0.2965559624360288,0.09228584998351252,-2.642950469491816,-0.8687522430419052,-2.467874810371928,-0.7745264227930266,1.1029295732628241,1.2153891914737844,0.06479643434531723,-0.5032414026215815,1.1138532017776597,-1.2786497062010505,-0.3650424936297082,-0.7753909342185543,-0.008314649151624741,0.24459754087664515,-1.0145565160192394,0.15753314351337372,-1.350517193373253,0.08634121079819942,-1.1799888082237902,0.617283676138317,-0.9476653581480133,0.08790733383192528,0.004534562419605995,-1.7970607382333113,-1.2096273216512172,-0.30290909032208385,-2.651499677891753,-1.598007521805165,-0.6763777889588155,-0.30961691709851835,0.06212279883203583,-0.7184232081449252,-0.23222371639506845,-0.7776721760580292,-0.5911522391808042,-1.4838079821366903,-1.2128276224368302,-0.48087200341645175,0.3770301426706273,-0.0675608474364008,-0.6872164144756372,-0.5666836505710984,0.8302051805562909,0.08299447291326234,-1.0325762454917726,0.6839882923804281,1.0026486240064383,1.1375003003786928,-0.03527617594342754,-0.5571530923071938,-1.507607868965266,-0.8612008482982854,-0.07243704982390603,1.8227136820930196,1.1563657565135734,0.0019217212981668605,0.05471530823089994,-0.657015093284538,2
-1.613268321256189,-0.5686031283739971,-3.300225432354522,-1.359406165821852,-1.9674804161853339,-0.6987708400839621,0.8815258163178724,1.3403637782647213,-0.06223982918610038,0.4844102938401829,0.3881287842028433,-1.1689923161370308,0.310408551403766,-0.5403605337694597,0.19709312770533094,0.21536702222959497,-1.0439837683526576,0.3486241214748423,-1.063239879017915,-0.024907666475398417,-0.8670358491177452,0.5983475920962682,-0.7157211687027331,-0.1690623316788594,-0.03917459760713558,-1.690091467422043,-1.2528568802810969,-0.43710085279739846,-2.8214774572656,-1.7858746195941886,-0.5520928714372566,-0.17342096571412738,-0.03148783182034858,-0.6433069124506904,-0.528940734017519,-0.7157627393684411,-0.38132434825954903,-1.2399438488799284,-1.0243017252702484,-0.8665521488750141,0.7447555498113962,-0.1909645927338005,-0.8016266018278293,-0.7279707426258054,0.6916571726361578,0.04454211516656312,-0.9609328283208738,0.8499256846603762,0.7376795996708178,1.1428757307129915,-0.05182489327544751,-0.6277912818167177,-1.427785614151,-0.6426676878307546,-0.11292869916181567,1.9113348570941122,1.011044633506435,0.05249401954795894,-0.013807496072122998,-0.8443874731826376,4
-2.142414010016216,0.1321150483693322,-2.7055547058988716,-0.7733272337245711,-2.3546694376430035,-0.06353193093072695,0.9615289041439034,1.3904238562722089,-0.05961336729948802,0.2874352453557638,0.8868029355422379,-0.9940572142892313,-0.3828776694251621,-0.36413725090985893,0.13272005744872245,-0.07640563211728851,-0.990315559150224,0.5668907165573117,-1.482839220212749,0.03904106573280269,-1.0798892092540833,0.7302833899775153,-0.5985778622188304,0.22761209437768798,0.026700191781817664,-1.5576609907957346,-1.3797857082308027,-0.40345349862958885,-2.493315925009752,-1.515007708561477,-0.5058400638056997,-0.30148172885895963,-0.04475170269795897,-0.7799583251154308,-0.5295457274246455,-0.6456445478059492,-0.47622086004230024,-1.3279900861080212,-1.2662215518646467,-0.6712677109797835,0.40537387089633437,-0.2091299516539223,-0.6840713039529815,-0.7968912512521619,0.6776544956674448,-0.08767541418843249,-1.0141524301852967,0.8541373865684119,0.982406629765716,1.0202898689268662,-0.04527134598304623,-0.48263137324754696,-1.420503927680383,-0.8028412777211104,-0.09619636488252645,1.7480467658973842,1.0523696128452888,0.0257427525450243,-0.09423657995259112,-0.8145107050872427,4
-0.6685708242755348,-0.4228082441188846,-2.792384127026372,-0.8731348625354879,-1.991380728449958,-1.0389681761856981,0.48706811602258915,1.4530982099598688,0.1285715585817866,0.40287809003963415,0.9559023772963605,-0.9864400598096158,0.31906094624488324,0.07918482870701027,0.11256384192064633,-0.025658805918140848,-1.0104258467343872,0.4435225239643492,-1.5158438688006584,-0.1768991603081767,-1.0125087273739395,0.5819092078479742,-0.5803402482755731,0.06136188986827695,0.028668747226924078,-1.529064911305092,-1.233980465622516,-0.13078465002699552,-2.7174303627339462,-1.6896626164054995,-0.6122980280605322,-0.47189322051236043,-0.09160796034860674,-0.6476167532649987,-0.7081227510443628,-0.7576632502794044,-0.24999939700389723,-1.298312796042166,-1.3496752790254047,-0.5551312504225433,0.4771024990830427,-0.17958784540681358,-0.6362702457984989,-0.8805773492264095,0.5975920693894429,-0.0799072772383662,-1.13017276354566,0.8768676186013953,0.8696328228136047,1.2306173382731591,-0.18559851509449962,-0.40701758864457693,-1.570244063317817,-0.7949814277809257,-0.08551244672833748,1.8509082026565737,1.1666727968345165,0.0005461888957850394,-0.08672620498233771,-0.6944927757685656,2
-1.216398721193562,-1.4841540768460157,-3.482718493098645,-0.703114739302651,-1.7779614849858945,-0.2254655140236227,0.752550960001325,1.182790027613109,0.07947950629990767,0.27151959696753303,0.6518809816566112,-0.6705371532000891,0.19011852715287067,-0.3574236058848055,0.15954296898036546,0.81288104672168,-0.8390019727939098,0.09757952187180324,-1.3763586228851992,0.0898834309810857,-1.139164507689261,1.022627094588372,-0.8956100743417148,0.15086558837549188,-0.05756979107538143,-1.6877383765252423,-1.0909053342278803,-0.25580934918801496,-2.745798887575105,-1.7276326034217893,-0.38576393549443194,-0.4480406174112046,0.003178400951083099,-0.7983319213525519,-0.4240594023180594,-0.656071303855872,-0.2934126138345544,-1.3922846480466535,-1.238739674445102,-0.7233163076626636,0.5939927344567445,-0.03972079298062385,-0.565543859339298,-0.8946222549823235,0.5154922736188623,0.16008679486276595,-1.0453283418406585,0.8546470361797968,0.7849358118702202,1.0454146681526044,-0.2808382766178219,-0.621895983351318,-1.5501513735132133,-0.7724150044235989,-0.013411097017867857,1.8272829277661746,1.071661547221992,-0.0029464115589903986,-0.13766009309986169,-0.7627258885446855,4
-1.7468504718148414,-2.0384174696826625,-2.412376820833394,-1.008687974040395,-1.918682457992166,-0.8948510574975821,0.71344810877753,1.3194647133378867,0.008492864745815773,0.12902951540244662,1.0359843956780004,-0.9059313972570627,-0.05930706964674436,-0.15266271575300772,0.19148713637820067,0.11417948097639427,-1.223305810621029,0.5180504885007599,-1.3877228912770005,-0.052188110940084236,-1.1963334419700777,0.6042468041525244,-0.7271026431517471,0.11253226424273899,0.41369747787292643,-1.5243830714180011,-1.211374679684834,-0.34573497527280117,-2.8630518833491276,-1.339864690182695,-0.7460199748470686,-0.09529034739711423,-0.08009846857759383,-0.7291607615117279,-0.5948482909228826,-0.5690520734619979,-0.3010896591833772,-1.4177138169229428,-1.0167854962051648,-0.6085756201255019,0.64037717857326,0.09792444393065747,-0.8686515924004502,-0.7323226829732129,0.5560636719462582,-0.013987014860530361,-1.1082710587027786,0.8920122085901546,0.7873148756520237,1.1151154916405548,-0.23148963846481152,-0.6915999380069359,-1.5262448357008456,-0.8642616480393049,-0.06575660386720414,1.9500761107126825,1.202276562398111,-0.11956341060891867,-0.04902064647075524,-0.49215585249374283,2
-1.8353201725515056,0.3691739394575779,-3.8029587948810706,-1.0452168529062336,-1.7764009554683475,-0.0690156699147576,1.2129103418355704,1.424318469889861,0.08974117798647273,0.08519210202156773,1.0702832149305517,-1.0837349596300976,-0.09593580546541632,-0.549543007121591,0.12760108168149864,0.27510841402242675,-0.8676083712680862,0.2149004853399224,-1.342131233744413,-0.015252101246670077,-1.1159479373453418,0.7824720209884227,-0.505518011801849,0.027698618427162133,0.19578045778103187,-1.4841446208961675,-1.147197138943577,-0.2940654503087333,-2.8126451378096764,-1.5041118055005736,-0.46868001354112393,-0.24032258175932297,0.011843021962655237,-0.672918663349915,-0.5874177508169288,-0.7040940013447712,-0.37447698090266285,-1.5031502366736447,-1.3105826772993894,-0.6757250993452857,0.5362608567155968,-0.2104892324417389,-0.6279319867498014,-0.7981456648135864,0.5882249730625259,0.03086948389939996,-1.1255555342173194,0.8322300201176811,0.7181054235949843,1.0479200921052525,-0.23149903949271153,-0.40486960199567124,-1.494120979191029,-0.8087967151902529,-0.1015039875616371,1.8917278942202307,1.157076796223753,0.11368193222923535,-0.10791809637377368,-0.6341455968140836,4
-2.56869418398417,-1.348371516854015,-2.3716594454239113,0.19814988947921253,-1.271875456033289,-1.1417246444370535,1.0139220406893934,1.4383974536129034,0.253943067804425,0.11939628030953615,0.7478897109697707,-1.0049281243975763,-0.5554087208636188,-0.4650048578121681,0.14587345233236637,0.39688339091152625,-0.9787482384970206,0.20878052623468815,-1.6221861848202033,-0.16428073150206962,-1.3333156662555419,0.5616365648210372,-0.7168010123196801,-0.17111171973325653,-0.14442645987734112,-1.5879956458738342,-1.281593572141611,-0.2539893836899104,-2.8854518726820184,-1.6340278618788056,-0.565787238021626,-0.2564741638797615,0.15017811509836662,-0.61605551461872,-0.5334765323577118,-0.6870372210707668,-0.33211536570138894,-1.3601242933634472,-1.2625872060657437,-0.8735669741577377,0.5818470778259498,-0.2671937316714793,-0.5754187778225965,-0.8113781454697264,0.5461986909649531,-0.20094225219957063,-1.166957455354683,0.8749965946721678,0.6353251222886477,1.0502061114614856,-0.19650304566469412,-0.6595196317544822,-1.2644201485909585,-0.6825394600739325,-0.10731071169577511,1.7063030208490866,1.0217782675409872,0.03486788484315263,0.03378805422248812,-0.7313710059958219,4
-1.2508070134758453,-1.298338047043277,-1.6490329289066326,-1.1282770912656277,-1.3193865658464299,-1.267555028571837,1.2012950584473832,1.9238075570011723,-0.14848237675717466,0.2313854345551959,0.280992118715775,-0.8495228177006684,0.1898943289764611,-0.7249451090612594,0.07887978019043224,0.3065907828600623,-1.1730201559297813,0.35702824862735,-1.3509096027769525,-0.0641063129729743,-1.2449534578440187,0.5890511903164227,-0.5946351888322229,0.12359806033155776,-0.06421443710846039,-1.4579352519337725,-0.8906450070824201,-0.3933384468813498,-2.699516432681661,-1.487998831408637,-0.6833542444137369,-0.14148740497651227,0.14124699899931092,-0.5574703087479745,-0.3874781282019057,-0.6492111515759795,-0.07766644178151069,-1.3045974635800244,-1.252894373047536,-0.47330345950917163,0.42485641158801735,-0.10826574573911116,-0.573738824860302,-0.7424460704704309,0.7255704228248199,-0.02735258676402634,-0.8994475550946794,1.0000874748984852,0.7875017873719199,1.049246605864866,-0.17750000179972503,-0.7593189263657734,-1.6273291851034948,-0.5169154354722227,-0.12545848529837425,1.877061066567667,1.0803389852187855,-0.19644617005161183,0.03189519185157491,-0.7029309872736539,4
-0.08455901029935808,0.6361874003849319,-1.829810805042115,-1.423864674983353,-1.8055588282285202,-0.2070598386102565,0.925457273379091,1.6682090316699032,-0.07651006134965074,-0.18522462651674848,0.687723566712111,-1.1453118990741964,-0.16153233191079136,-0.16131029527414986,-0.23720717208182485,0.37250324631098014,-0.9702752377354597,0.43208185969989577,-1.02414929774766,-0.08070173158588909,-1.3603278423161462,0.5482727973432473,-0.6454476090204445,0.052694897288660905,-0.12189701504604603,-1.7869606770334723,-1.181266356789355,-0.3994752131994035,-2.8694066269006613,-1.554509773878486,-0.6158560201950677,-0.31067819546834713,-0.1791614226620656,-0.6104402994552139,-0.5966565645264169,-0.6073858253605411,-0.4265350014678093,-1.4721769140449992,-1.1357122712304328,-0.5139759448983073,0.4371983710370044,-0.21437526831607284,-0.6875898268155208,-0.8415455996270147,0.6437571727895093,-0.10370226746818964,-0.9844221437845525,0.8324283272610178,0.8778216685651186,1.0481882400943803,-0.26013758248748714,-0.4531788155097628,-1.449064616218948,-0.7070921903459428,-0.3673294348971822,1.7801423979193682,0.9881402802346908,-0.06350235150155387,-0.037464840964194064,-0.6515223210177673,4
0.10421769609912701,-0.3160873483307726,-1.5059271475236782,-1.1555269042620253,-2.2789176634186474,-1.9245339958632743,1.0405483206255453,1.8526275236445302,-0.2453729163420491,0.2747777358378909,0.7772927449046914,-1.590664415108039,-0.11053099406524966,-0.11683805059876357,0.12830632326353458,0.4090898693738153,-1.039095789255842,0.5345800756067409,-1.3970543118019787,-0.14428490436062733,-1.1916386133002626,0.6908363084033146,-0.27577218446390644,0.0726044500635356,-0.1781515261792409,-1.5147970636603385,-1.5154959044833765,-0.22411195462562236,-2.6682048286257674,-1.4542573940381003,-0.43932779796376475,-0.3215491952918584,0.04107837810238381,-0.6919675507241142,-0.6659213010876854,-0.49554325866065185,-0.387606177318783,-1.291690013973927,-1.1575568718675242,-0.5863274689873833,0.6094322769952499,-0.1779725485972413,-0.7198010234847187,-0.6985108252943337,0.7577947677073971,0.0022307523468361595,-0.970341571923719,0.8840170706342243,0.7513595796400963,1.0473297305936016,-0.14818360401207054,-0.5567809005952373,-1.4383996086846074,-0.8601899465052496,-0.023813015172853946,1.9551848867066226,1.1830568427153199,0.1490753685945618,-0.001575393459714143,-0.6827013177614625,2
-1.1062227817485912,-1.2378488118064075,-2.260788565164632,-1.3370741090032963,-2.183692965567822,-0.5183825847935446,1.2549302746588986,1.6557325916408105,-0.018583458697009156,0.28422078293561703,0.600456180388015,-0.57720911190531,0.19775873331282331,-0.7955012478637236,-0.012321824734940298,0.13121057924992127,-1.0105880321139264,0.26282565930822605,-1.0793176851344062,-0.1789615749744084,-0.883609644470291,0.8667735373804702,-0.20689513337263576,0.02365966081416876,0.1802337169101308,-1.5105675284699964,-1.3374247927744525,-0.34864643049171845,-3.0797370502712447,-1.4197786263742416,-0.5066811797615669,-0.33761315179060514,0.012892603587268698,-0.5134944584169093,-0.3454836117074598,-0.8418764101598314,-0.3010235383452942,-1.2882961886592628,-1.346226897222066,-0.4990220854219186,0.4820164342650127,-0.12752825536636667,-0.7230360792520376,-0.8400581179093409,0.46520678614052174,-0.12843377462180944,-0.9149186063658604,0.8484791629507807,0.658695796591602,1.2047970757325195,-0.1517091699173165,-0.592776158395708,-1.5827017543817665,-0.7636175545151028,-0.14385380043052826,1.9282179992386466,1.1005475676868954,0.01300012043509911,-0.14256446536004427,-0.6834189749498053,4
0.04854057673226431,-0.835071641250785,-1.9179524727118018,-0.8599449401778947,-1.880964560195755,-0.4677941740022613,0.9662987688421443,1.1061446606691683,0.064360346132658,0.35853473875519826,1.1939441834572113,-0.9524041030972357,0.4010751676435075,-0.4766180278734772,0.2560818388044497,0.5673276351585426,-0.8915404415821983,0.19468262352235455,-1.5588928588909554,0.22013657848797777,-1.134373153227781,0.6540864512478535,-0.6658500424015832,0.014490678700372323,0.27863871288787934,-1.6653248947517127,-1.5273814171630695,-0.1983657188577708,-2.8223802640911835,-1.6641236409646467,-0.5490881198931672,-0.3263026928803526,0.08697507117954892,-0.6747209570179888,-0.3499608272555771,-0.7636696766495996,-0.2855595429414352,-1.352064452643504,-1.1351600471880792,-0.3960609167749079,0.46938554155452106,-0.1422270949853729,-0.5980503043099211,-0.8096170094949195,0.6608695176569002,-0.1707382164109598,-0.9049255739727673,0.8047479190956789,0.8523849622376852,1.146828021369491,-0.054683594295501056,-0.46952630845541904,-1.3850235706286245,-0.7322572674005714,-0.014900208223930789,1.8226572406898938,1.0112595688411097,-0.12557629556456196,0.01268811268966804,-0.673137274216851,4
-0.9771265052145395,-1.8938265673656123,-3.297126062456017,-1.437260403586047,-2.119956145568037,-0.5754682029766518,0.9698560905218242,1.256581684440186,-0.15842235384905587,0.2782517963039193,0.7186113209747136,-0.877073232142798,-0.08018512193128399,-0.15718263953178413,-0.15206807802216168,0.6485128272891384,-1.1789024071158771,0.09619697356139525,-1.6525515353047382,-0.00036548393908739096,-1.3161682476398442,0.7242665408496213,-0.6969952199473444,-0.16308245767055327,0.13715197612319202,-1.746254184366107,-1.1659168562123046,-0.3050646327137541,-2.52542630724214,-1.2409751811751302,-0.6704165102876686,-0.19987687033824986,0.08908139805227427,-0.4673392407794004,-0.43896013032002074,-0.6238807782728305,-0.2345636892163477,-1.4368534795199437,-1.282201619740963,-0.7189284660741255,0.5724020599087707,-0.1210311223125967,-0.3948302372490196,-0.7904344588478235,0.6769403368187065,-0.31889718667210876,-1.059186677847874,0.8622500837896356,0.7784828295380647,1.1438975930531294,-0.20040109990845445,-0.5936001934540761,-1.5170839345532185,-0.715023578392215,-0.15927882800563212,1.8299762052917559,0.9910579224977034,-0.013309041414233683,-0.056812507190119516,-0.6842243822878818,2
-0.5078096285607996,0.7044239677795623,-1.4863895412128363,-1.0209012254644392,-2.1422619241298957,-0.510546632526155,0.9807675337229819,1.326264423129872,0.36018303962651327,0.04942353561707569,0.5124941791343819,-0.845814610987843,-0.10714158861149065,-0.32806821823558735,0.10920391066020738,0.3848922988070148,-0.9355145627088084,0.4754799154091789,-1.2388990849981485,-0.21811030562886774,-1.0576967727986797,0.5199512034141595,-0.6912196598944972,-0.053157970676907806,0.11404760519669957,-1.543912285894448,-1.2710587323339309,-0.37722315570586357,-2.5865001487389803,-1.42632598331594,-0.5710900845749121,-0.3456724539228318,-0.06162574906067589,-0.5654007892268822,-0.6745860960427719,-0.7014993459473756,-0.33842266922892805,-1.2383243277494382,-1.4113439338761398,-0.42236374453184655,0.5106129760295386,-0.10964160444676074,-0.6717302090738843,-0.7249868985925139,0.49460404774794764,0.12125248815808143,-1.020633051868148,0.7488264478345306,0.6024361178296991,1.1542335183209294,-0.17518377357073794,-0.7006549307396075,-1.354944158328753,-0.6961897506887396,-0.06574243859158262,1.8416209638577465,1.1874449545492203,0.15874505761125585,-0.13885057809822005,-0.7392246496396637,4
0.36199308358808624,-1.7881237346051586,-2.0642983362109266,-1.2467421634832367,-3.0861638110837584,-0.8598377191002896,1.8418605363141554,1.424933301423752,-0.04609067327068771,0.6763940030339675,0.9559301458991685,-0.8364660941018853,0.10784947477347426,-0.4975617392128367,0.13711621688791792,0.17379914869507274,-0.9629968139242058,0.07023511616367628,-1.3148781123823718,-0.0015149229401014708,-1.0419752605796362,0.6153830611873428,-0.5286557012735188,0.09511901192020025,0.07613111835752956,-1.5090448387561797,-1.2908178717152152,-0.4456184436027451,-2.8944698754514118,-1.333338623399316,-0.6215088226932761,-0.24328308914741947,-0.03592213408019916,-0.7071917302982617,-0.4873249752187274,-0.7596149869694041,-0.3739359533584244,-1.459200495861534,-1.1513430478523439,-0.6912742898082045,0.4341740443002215,-0.08740419414770052,-0.5060665737277442,-0.7066128732743292,0.7685489922252207,0.004814080292594877,-1.0081695826227839,1.011767342572168,0.7882519140619523,1.0858334475389202,-0.1059710048948902,-0.595263636359141,-1.5226061571078053,-0.7395610492779314,-0.22745119410047565,1.8457571264729606,1.114515966020537,0.051657291445247826,0.0877336045477976,-0.634546695090618,2
1.1534576148098297,-1.4482511006729593,-3.550492422834204,-1.539341107858702,-1.2030612877995361,-0.7995556095383397,1.6248193418449572,1.149278527882633,0.13065533882609945,0.1835218454039979,0.7655516546804874,-1.1622547527272056,-0.46624003931844016,-0.373773541900479,-0.042798609533567136,0.15416769605153477,-0.6962505864328312,0.43914592281011755,-1.524660184331561,-0.15817205442381432,-0.8766216676042736,0.4576590571819514,-0.4862666131632732,-0.20041212210508808,-0.10296613732733736,-1.609040524180032,-1.185145927652379,-0.3163321395975074,-2.8302526701053514,-1.5071517479898682,-0.622478850336309,-0.34474373149978055,-0.11825091498726992,-0.7759046665642926,-0.4674029196428549,-0.9079454835847283,-0.2807748714412472,-1.4951728715844113,-1.2270829170524067,-0.6761393460309897,0.7762804594939523,-0.19657406343923614,-0.6177018412067589,-0.5955660050520738,0.7232355274822013,-0.1645649160324839,-1.0580297472405473,0.81828644425733,0.8377150600989105,1.240545589500685,-0.23657003494346618,-0.63442425581708,-1.5677654967726247,-0.6930652426630095,-0.0823278112302387,1.857229226718161,1.1395245492764658,0.02633375913167147,0.023421056379616667,-0.6632499120611951,2
-0.97052597811662,-0.17547960986670252,-2.23330103845817,0.11757508266880279,-1.970983054083865,-0.15139239060236154,0.6152538728166342,1.586625623924713,0.04953737759793984,-0.09380466981564195,0.5872770761916873,-0.9005908453834428,-0.05895097195422662,-0.27163010475768373,-0.19510206496051635,0.18102042406649432,-1.071869806280208,0.5578569541895575,-1.3976993765340633,-0.12881643303448703,-1.0365521123663397,0.6786633525648993,-0.42519604902329183,0.09582654154716169,0.02189417787915581,-1.5610750579645276,-1.2834915831792961,-0.29564850220977124,-2.5907076069038775,-1.6032235986922714,-0.429879700070314,-0.4931733276393781,-0.07230697038630156,-0.6900483544350341,-0.5925127607126728,-0.65133940080228,-0.33678972496988624,-1.4159434742320396,-1.328556330663822,-0.7830143406359598,0.41125478986942343,-0.17288106665721842,-0.7608096673717245,-0.5296043577893063,0.5480361320525023,-0.07484449892686973,-1.0331133759053721,0.866637460333638,0.7570146017529866,1.183200065370089,-0.2489731218386744,-0.5456805388042418,-1.3564924365162394,-0.8787173485594539,0.027984802416697707,1.879690861046173,1.2733568598270488,0.019494016837339805,-0.12102923792696771,-0.8037124359944965,4
-0.6715414074009456,-0.8921522273917277,-2.4294295223829008,-0.8389655366877331,-1.876867966787028,-0.43738078256938007,1.01583856983232,1.5279244429547099,0.22777965910836342,-0.20875291271081414,0.6931651196304548,-0.6324641932619279,0.19480303959152542,-0.7594949052374995,0.34178069697772173,0.28825740938407,-0.7743849991801672,0.10320227344825031,-1.3803817031279237,-0.13815228523347428,-0.9788796271184618,0.5956168019243836,-0.6535760745175376,-0.20921723518460536,-0.182542335351984,-1.6558601344168298,-1.343194306574003,-0.42935538324560985,-2.7249426142409643,-1.4677521943623466,-0.6113745284599893,-0.40300248124345833,0.11055550980486145,-0.5946741401446183,-0.5678119029914158,-0.6735697089179515,-0.27671195613233984,-1.4134819485037093,-1.0582513225467123,-0.6490291301518288,0.4073032795835989,-0.3379679075953771,-0.6865284199028553,-0.45808372457196705,0.5630412621402301,-0.05991565626306466,-0.9379674243246651,0.9352487020117091,0.744752258957354,1.185314945541095,-0.09123826735270409,-0.5961879060989718,-1.3940547445786897,-0.7592340770180307,-0.1520573396175029,1.6666585418048308,1.1209847281993766,-0.045551659764664756,0.06541317760259148,-0.7662096566385052,4
-1.5322352361378495,0.5830951579589891,-3.469692701847013,-0.7457291903464871,-2.404174774625879,-0.3549369059564765,1.553555172550816,1.4844945667288592,0.3095108190184841,-0.24989322794512764,0.7405764983956957,-1.0417787793182738,-0.08591503397580502,-0.2583303637556421,-0.15141651954849913,0.4636156310963906,-1.0410550177569415,0.17941720945679518,-1.2761248849815314,-0.0673715161510062,-0.9005412286837877,0.4519787367640681,-0.3601196290901092,0.13692266224024485,0.04219731786179638,-1.7518501523302208,-1.3629290204945097,-0.3090991149006852,-2.871307100959779,-1.468014408476647,-0.47802293873178536,-0.20331072543343628,-0.13670032988282643,-0.4999130662049657,-0.45445143550711975,-0.770395599128642,-0.26507863480184984,-1.3307741060220966,-1.2256960495511904,-0.5311978414420628,0.5544145217307569,-0.19154070571444776,-0.5304173729745651,-0.5647230070324012,0.7368768534361686,-0.02475185655648398,-1.1117016865003533,0.7786744422594205,0.8698014503521656,1.0941847063191954,-0.0983203570513376,-0.5858146187580763,-1.5099420253394178,-0.7667283935770132,-0.09413635932560832,1.9509651528802672,1.033718117665735,0.23175899843535802,0.07552335678557831,-0.726042225105831,4
0.3183071746697599,-1.0864189476048767,-2.543220171391076,-0.6138461339703501,-2.0414301483214707,-0.615226997938088,0.9119887553055049,1.5043609869896417,-0.03853727168291149,0.025995223752542734,0.9445401995458615,-0.6521799711404452,0.02702600910214091,-0.6766323087835857,0.09021894391426231,0.5135759771972328,-1.031667405656619,0.28270021521991917,-1.4256959125073747,0.043195308105513655,-0.9332208555316447,0.3912243510420328,-0.4856034037051472,0.03330497608921315,0.23948176183469871,-1.197484997823609,-1.2466848744071637,-0.362122499065989,-2.6015011286869076,-1.4914131417448158,-0.6001812133448724,-0.47879621970153885,0.15038817135328184,-0.5762148053221606,-0.6102324134881896,-0.8206409727589373,-0.34634288841343913,-1.4225955021112597,-1.1387782418722687,-0.6616843897613407,0.4264923699488686,-0.04527507040050266,-0.7324909937595867,-0.6459774769072127,0.6399798467355113,-0.13310663320141372,-0.8761863900192123,0.8409405017459697,0.8455629383804478,1.0987942676270184,-0.11630640590563913,-0.5640413766701561,-1.3895848027119237,-0.6394858544701081,-0.0888020417653745,1.6341871830221422,1.0423340555328293,0.07601923710400374,-0.12267453453266644,-0.7779562871392348,4
-2.016065153050727,-0.1477939167761153,-2.591957786554006,-1.6845152661188498,-2.416390082603628,-0.7851037327213587,1.455441401217272,1.2508945862100704,0.4062030019508097,0.16241778446218802,0.6287517426672627,-1.1788468638856546,-0.12178124382235489,-0.34714588174435856,0.16269782291818097,0.3561551919786149,-0.9542897846840739,0.5065882083399773,-1.3742832754695373,0.1817341708097,-1.019885165180158,0.5617762731494966,-0.4109694042795802,0.13787799608084225,-0.12672724723731424,-1.5618808838257832,-1.2205359370334965,-0.37266574259859014,-2.7462618074372,-1.353088514087533,-0.628676795644719,-0.6081124064032484,0.18571888283687005,-0.7137389467102396,-0.355288339611885,-0.7985662112382544,-0.313579068852302,-1.4174765252495973,-1.2534653000520286,-0.5477617932480643,0.6321033208930076,-0.16191960818650025,-0.5981705637679436,-0.5571762646779744,0.5425365046272853,-0.17484028443174704,-0.8609063673125448,0.6841919110705655,0.6892109884736587,1.081339010566698,-0.2076195074221635,-0.5386015012577858,-1.4051824985165542,-0.5498635843213988,-0.1163525931429323,1.8737242209577964,0.9424233273345377,-0.0011412262192703158,-0.17147946739260164,-0.6307350398078451,4
1.3283199727961763,-0.7018923320037791,-3.513149354113336,-1.4643791766476553,-1.4713226694349237,-0.057342334319402055,1.0386393518343682,1.720814078992151,-0.27524118606527853,0.365793112399193,0.7860486377432283,-0.7620229662125394,0.014452928531494685,-0.4425099234287704,0.13565539642487856,0.2489778477912148,-0.9809183745828909,0.3026003514399938,-1.7366053643472126,0.4334194132232143,-1.2419860503198579,0.42452793342504197,-0.6151610714208395,-0.11174430371230577,0.1638108912579378,-1.5208426451012809,-1.1107342112179097,-0.20148492034135249,-2.75987463346743,-1.5567952110519758,-0.6467394135184211,-0.20848950519758155,-0.05899669756376434,-0.6539439610903701,-0.43841203914396143,-0.7148890101242913,-0.34426581807554474,-1.4819268318670873,-1.1607994045349264,-0.5510219814456966,0.520498954581738,-0.07616706940786841,-0.7754177780952108,-0.5871300678629269,0.8079618233467227,-0.07752865105282816,-0.8826349695328293,0.9373797113209708,0.7744820617664453,1.106310465745076,0.06058869229246719,-0.537100126284316,-1.3206048210016779,-0.8150619492549369,-0.16829441132805606,1.9627040565946068,1.101591873371941,0.015964713368661815,-0.06447235298962867,-0.6468254517750188,4
-0.12432702385648553,-0.04768181268029403,-1.9624513742074776,-0.3740002126409314,-0.7807570197449181,-0.3853550893283289,0.5792929315625172,0.975390325230731,0.2168414473533672,0.05654987310630091,0.47097147268573736,-0.8472997364903367,-0.19147184590676367,-0.3827284967464422,-0.5065955510131561,0.09486873675271992,-0.8311134262073578,0.12653551848810807,-1.450968995555897,-0.038564010157705934,-0.9130591081955362,0.8189954748282942,-0.5840637373733374,-0.36268688728233445,0.2110032430379161,-1.454924577924341,-1.1643657886168624,-0.04911398330713013,-2.8451867220308342,-1.4978210167590957,-0.5646702143067452,-0.13479774235015482,0.0182685090862946,-0.5949104785426658,-0.5712163776258261,-0.522802743035499,-0.35513618178192796,-1.5080616145242178,-1.1305907465225353,-0.5221896131039417,0.4563874537456536,-0.17370816116236257,-0.5082033857440179,-0.8669289570630607,0.7212470056700304,0.08563504356764737,-1.0949594792097432,0.9241083370237145,0.8236465064013166,1.2133379245138491,-0.1096108381138332,-0.3739003706934859,-1.5755777577921937,-0.8828953278169267,-0.08619072315415084,1.8877465885051232,1.153563101897868,-0.02906310077728956,0.0789630826520727,-0.6746031356905026,4
-1.3452312954205476,-1.1911294136955384,-2.3365929264009964,-1.2530438591023858,-1.9802061344868247,-0.6002922181024651,0.6420009474505243,1.2143304505736428,0.34460274900607685,0.37286726764048594,0.7615937535936739,-1.2255412213663512,0.15240147320143752,-0.29308223115498133,-0.21513531810824837,0.1453115985405991,-0.5109933733920002,0.3482170072611788,-1.1902912060613926,-0.14100281632163425,-1.0532073568782925,0.4660458614622042,-0.45472541408272227,-0.07069169310877456,0.12281477983983649,-1.374351508522302,-1.2651441717683494,-0.3196836299806423,-2.9811332371933026,-1.6740964471929005,-0.6125442701641212,-0.27082559874657475,0.013287789586147672,-0.6309292581182839,-0.5685652638719227,-0.9135501473081022,-0.13980094469768475,-1.55203135976683,-1.2745785689955456,-0.4001318675676068,0.5049025790092239,-0.1410296921636587,-0.7330729972326187,-0.7340928543289168,0.6040630605547711,-0.07834360476650107,-0.9580081467227274,0.8954288351033607,0.8135503401381212,1.2054486847212378,-0.0900148632245933,-0.5796539099894896,-1.5416917464688928,-0.6846024814413046,-0.16031196864216074,1.7694047263712553,1.40154520207312,0.08479155294765135,-0.18984722775347318,-0.6456627876686882,2
2.4061767598941417,-0.9609586028626962,-2.4806959914444096,0.3910029455299652,-1.6919341597514734,-1.1558230651138948,0.7914033566230482,1.5296819941217197,0.18903783156974735,0.14270561543420626,0.7674389571885476,-0.9013417370676368,-0.04723789086669525,-0.41176181379186166,-0.17358164458294426,0.37077809231953646,-1.2077327078633224,0.6570842333004439,-1.4196144751763402,0.14631740744113464,-1.1466498525086435,0.5802437476079033,-0.6002891589106181,0.10195037697719389,0.10642286786219805,-1.7130164186921901,-1.3618008359752252,-0.33616653599093055,-2.8463202064091226,-1.6023554062476868,-0.7831527433741253,-0.354483859865829,-0.0291648019124838,-0.5628197259321162,-0.43881303581713865,-0.6777621331528395,-0.4035549335079491,-1.5289529231507968,-1.2356211133007369,-0.5141444217632022,0.5653731386721201,-0.21371606645864444,-0.865088586715858,-0.7627668395183352,0.7451690499571737,0.004606992001692525,-0.9207671157809295,0.8670699948917394,0.8171743260941113,1.0684661309896177,-0.1495284114722376,-0.47744396968499775,-1.4121708192168212,-0.8559595024584614,-0.12012390695639352,1.8760088767022298,1.0682200188740278,-0.026578156193499694,-0.1099752028058365,-0.5627567926033237,2
-0.90784057338015,0.259995894715191,-2.5749458357566604,-0.7791935779977694,-1.7744639728551084,-0.20614866305396784,1.6633442029916807,1.3437653640770704,-0.2243713268771534,0.177614551888319,0.9520412216011346,-1.0173693234474903,-0.1823592431170836,-0.5185840868496733,0.3114808647908299,0.4031718700147921,-0.9406228201240296,0.15038999747032944,-1.2301634960957837,0.15827314991110678,-1.1589551231711717,0.6561305190005677,-0.6437330229749891,-0.06297320348606672,0.22808465863386235,-1.553204440617632,-1.6542461525152012,-0.5629624267148792,-2.639431359841828,-1.6011135751328913,-0.590507011951375,-0.33202300227377246,-0.0173355407278849,-0.5317576725147047,-0.4507719662479538,-0.6337636949376485,-0.20562572361390785,-1.5023701912701686,-1.2815975531136814,-0.5581972796350941,0.522457117884771,0.005981053846097539,-0.5773787177914298,-0.6963563364906996,0.6958409339594298,-0.2097828767206889,-1.0517644234144279,1.09191295123271,0.8456216435226532,1.1387092336250353,-0.06054455587533339,-0.7622749461032554,-1.3149780857173146,-0.6996340299473434,-0.1347282049211369,1.7056143906372891,1.1945739325869875,0.03563580864994514,-0.1735539201960682,-0.7963063991355452,4
-2.3079014066634853,-0.6072288792091179,-3.243891624455082,-0.6735281521314267,-1.9202095403902855,-0.5358918399311103,1.105101400299896,0.5789967430983003,-0.08648605587371075,0.013625351884867631,0.8234170727292689,-1.1452107093192683,-0.3827960036652823,-0.0377803377087208,0.1113078774638481,0.19552269262740074,-1.0102318084873765,0.2380110103916788,-1.1861587442019337,-0.3916453218560195,-1.1537506978717444,0.7723975012698744,-0.8573173065067511,-0.2502287010381755,0.04946128391220789,-1.3376370119204615,-1.1821366372651645,-0.5504900977120152,-2.962474413808551,-1.5678846970538691,-0.414733468157255,-0.23888793553122012,-0.029619859581200662,-0.6092532009435406,-0.5313027296089087,-0.9454397838401325,-0.36286079695902235,-1.2733900834011456,-1.1429046989499745,-0.6405448061467705,0.5192259687439276,-0.2541699703857033,-0.636580798002245,-0.742714080054704,0.5013032745858558,-0.11003116489221229,-1.0502830161345011,0.8375699800356862,0.7981593309113431,1.0718753340648717,-0.21821080693366748,-0.5390610297374488,-1.6222092603251552,-1.0503986322450416,-0.22246900477199613,1.8338452061592088,1.1412906035685035,0.0761234081730057,-0.11916808034311377,-0.6607143326885568,4
-1.8093747572939913,-1.2004458543009786,-1.8111369031211264,-0.9085628374161077,-2.3079038434868115,-0.6722704524301057,1.2556202611228853,1.6316418138482738,-0.2434289279352272,0.3270208207296504,0.6329941960532396,-0.805693390890285,-0.27390865227422145,-0.3321895870683563,-0.059598644084543906,0.3260401070215774,-0.9050296921055652,0.31963541657932293,-1.258613505657766,-0.1478056023912469,-0.9514195844549389,0.4672855563557357,-0.5306638931483451,-0.04173303561623237,-0.05728508132192359,-1.5179255390593223,-1.250445016809407,-0.30888193740455416,-2.512202889642565,-1.5276147397534239,-0.3891560691001975,-0.441811146406438,0.10550496551347133,-0.6999052700052485,-0.5128997552068986,-0.9207773892638411,-0.37292399949143784,-1.2898802372515596,-1.2081589118678429,-0.570769058626405,0.5314869543661859,-0.05564641224123629,-0.6736391116848155,-0.6918577611803449,0.7088173661556831,-0.06847587749289855,-1.1213013702502548,0.8788577621489417,0.6982111313699995,1.096238705079724,-0.23752303325771346,-0.5961847065967296,-1.5372039268988877,-0.7068307559406907,-0.3122754112884354,1.7240776549543981,1.0521128009456184,0.12584575040673815,-0.03214207753899082,-0.7626386050745535,4
-0.3539446727179224,-0.6603724285158685,-2.1083827786605487,-0.6761368086905806,-2.1742338765981515,-0.5399674409976489,0.8444469819569973,1.3911755607090184,0.3882670886809664,0.05370398450479852,0.9080409474576913,-0.8569502381510379,0.18059104401513454,-0.44359527902479634,0.0625953539988119,0.4392148849661369,-1.0690076678990335,0.26650983286266994,-1.2313437139720964,-0.13058823125563787,-1.0135756749652387,0.6883522275752708,-0.6180373631062454,0.17723768061088938,-0.12472770779122688,-1.654297025936238,-1.5851596756723647,0.05198640008975508,-2.7877613132299777,-1.5822095984796682,-0.575769182069246,-0.3173907344435221,0.057794906346255094,-0.9048193543970462,-0.48387957227786266,-0.9340848964669556,-0.28642913360076794,-1.606355081685917,-1.2122531995653743,-0.461878531403889,0.6965256193657084,-0.25888254638578045,-0.6504070623600788,-0.7149571461359712,0.46121504514143774,-0.10616210639113413,-0.9898388332682737,0.7181454174393123,0.8981416135159677,1.0241985745078732,-0.21045359832025445,-0.5182141969147461,-1.5121137294733842,-0.7220048779424608,-0.21690357789631975,1.8716613631989878,1.1160932593693802,-0.027018868321364978,0.041993236094046774,-0.7097677044224501,4
0.6645840778735144,-0.9739811337447564,-3.0436432010850933,-1.855361192363342,-2.469644812685461,-1.136575351420229,0.6952463229814333,1.7873406736104234,-0.18072558501066344,-0.032053682054515975,1.1666513092796742,-0.841801476213595,-0.07153840725668255,-0.6092156700068994,0.13901658297220296,0.3126729806828917,-0.9317652489286066,0.5075330553839396,-1.3974026393265195,-0.13365099401177843,-1.094267475134097,0.7245013141687434,-0.8892307610460466,-0.2177321178595105,0.222858217804154,-1.7244551479696641,-1.2443705983182602,-0.22053685320949493,-2.616261727581558,-1.4889032819373162,-0.5986186283500986,-0.41338540648676136,0.23911997304034477,-0.7798271989628099,-0.5300474387090447,-0.524195508755361,-0.5144468382642499,-1.5870528689587515,-1.2924339962515392,-0.6949192105106792,0.5987138455553129,-0.017659367212217864,-0.6189680497204649,-0.7878272225151883,0.5782542736494085,0.035177405383475774,-0.9993768368569662,0.8169204893663026,0.637017423528516,0.9924690915264112,-0.29868312059298074,-0.6341579694603212,-1.4919514833024046,-0.8303110386735774,-0.1521041873518959,1.8528910282527902,1.1166120403141975,0.18188377327687186,0.025591747939246692,-0.7321201087382314,2
-0.11486949115407918,-0.6388092483420721,-2.9513947347372813,-0.5294643173150639,-1.3561261852553355,-0.9801217790464526,0.7065958041093078,1.255914164033865,-0.24685640657630048,-0.003742906097541354,0.8940025985218203,-0.834670453263138,-0.32168054197469487,-0.3958774519749606,-0.09627438721354478,0.6766472085964921,-0.7045597295554183,0.19923253447147818,-1.3812804198662365,-0.0885945533744516,-0.825244212889324,0.719209684875296,-1.0785841489047971,-0.30196088730180165,0.1977585208280401,-1.4977829062565526,-1.1983327229012188,-0.10653139013764823,-2.4155048920472137,-1.4760369692817186,-0.42871605700971327,-0.461858106683667,-0.01875052664338779,-0.6561970918885212,-0.35528011023479844,-0.9341461655174954,-0.28075266969220813,-1.360632000239863,-1.1069014941133914,-0.6635558523254131,0.48435665673259254,-0.06438669360748828,-0.34912155206795736,-0.8849700355982455,0.493143116114112,-0.08549375934424254,-1.066606630519921,0.8875526694156048,0.6661396049583629,1.1552035915884284,-0.2991219969905959,-0.5272521614470891,-1.3241356030919496,-0.8159657206017161,-0.32947837960199367,1.825370906381747,1.1370618583291603,-0.005655192995278998,-0.06854274838104682,-0.6511854645068313,2
-0.05937144370842129,-0.9035081917763572,-3.3546008152035722,-0.571069880508485,-1.2160356011427158,-0.7678170505044681,1.0531929336180337,1.1795098179798384,0.25368198391594826,0.676163613120413,0.6974487776049648,-1.2459597900245971,-0.06351244169970745,-0.3888419373300505,0.056794988399220786,0.5058081032731434,-1.1238874957193623,0.2118548619796577,-1.390392693658122,0.07806086064033815,-1.015177553778538,0.7018546826254932,-0.7637776544024802,-0.034251095515647347,-0.06428912288446609,-1.753618422618559,-0.9236107196949636,-0.3058446709062432,-2.984676565182643,-1.5306510464030247,-0.5610568444649109,-0.1967732115511371,0.06464150345462047,-0.6022310270046294,-0.6028085103867263,-0.7950799792245901,-0.2670730173257104,-1.4021485357520038,-1.4447011536754149,-0.6333082260567817,0.5738753330340334,-0.06160088014910978,-0.6987215513057536,-0.6835428472122451,0.6564016402854773,-0.01563703653201126,-1.032114667501683,0.7735775952548649,0.8238077835962136,1.0887250767054486,-0.12721844600179794,-0.5483087431440259,-1.146404657590405,-0.7690620526961713,-0.09457159425374968,1.9275914183728549,1.0970873839197488,0.04781100857548885,0.06479131584218449,-0.7451823472971075,4
0.038098123308466625,-0.5478611205691544,-3.693847190537203,-1.0009228186040668,-2.0985289287025943,-1.2560539798171824,1.2762894726438734,1.3443537323796675,0.007274254791924256,0.04779082693607162,0.7972790142507101,-1.2840152481453173,0.19496467149006816,-0.6950026216332803,0.26999616168867546,0.4191470087582422,-1.058451599464296,0.36887192653924,-1.3850033450992099,-0.030347417408226385,-1.0849329835480712,0.7999353346391862,-0.6284953770225747,-0.06576099061296903,0.244144480640663,-1.7222539909997874,-1.3905551657770283,-0.35880225603972266,-2.6287253218416966,-1.6210430911466693,-0.46087025527493325,-0.3573403089535328,-0.04481053195292746,-0.6915908918953384,-0.6705121233308049,-0.5890698797139933,-0.2488016381073665,-1.2663693388111963,-1.1820529298687459,-0.7414554662355816,0.4537687979337895,-0.1276332412534208,-0.5228569268556582,-0.871895481678784,0.663268162870247,-0.049598270185246526,-1.0526344107494232,0.5580301196855328,0.7068928459186955,1.1081875616478933,-0.14441665874152873,-0.6690706244114799,-1.362073642216592,-0.7180984987433676,-0.03239009821326305,1.9103602398965682,1.031807357125299,0.1455384280936597,0.03999793594574101,-0.7928219496209926,4
-2.7021223301497326,-0.29335790702116177,-2.38558990936974,-1.37791086077216,-2.111801119537302,-0.9636763514497918,1.261305178419527,1.0197636489529482,0.13937923706601968,0.02562912399206918,0.9874656042202277,-0.7770964353760769,0.0800164824120097,-0.3083730962905188,0.21363381041243013,0.49858317050245826,-0.9290747050640142,0.3710431029079892,-1.2260048021168526,-0.04456222647789396,-1.0057787682722363,0.6349246219224314,-0.6284530920181998,0.209237780169435,0.31426230896097074,-1.4994349973261978,-1.1778884247379582,-0.4937520016312343,-2.715640558346112,-1.4156115546814063,-0.6194481692529408,-0.2766765281570184,0.08494362095666733,-0.8276122857454254,-0.47391850472899016,-0.6392137656338824,-0.17131306846323865,-1.2999343668379248,-1.2527221028559137,-0.5352835342727905,0.4705771873463143,-0.24279065874898417,-0.6249236980430601,-0.8082120313054489,0.652319348988283,0.06907312199878521,-0.9945805126573695,1.1694309252144466,0.866620859694357,1.34964987892828,-0.20009332811584965,-0.5903066534911897,-1.4563751896879247,-0.7094470246424393,-0.18586604921110467,1.8621218807415296,1.0863969838626508,0.08526606439419303,-0.0835198565467018,-0.6033201837645645,4
-0.8837644615059429,-1.3373602814660615,-2.443456666751878,-1.1612867083862786,-2.1939641095824354,-0.7468559602874998,1.0837001623437303,1.3566606230942126,0.25723213347597895,0.1456424689829385,1.4549788409826845,-0.8889183110037203,-0.20133455264630024,-0.2671485446037182,0.07706601808705596,0.06443133138192708,-1.1584017272061655,0.10420457517414297,-1.0334469708861183,-0.43806466795597854,-1.2225078895285129,0.6692401246082468,-0.3860704325124842,-0.07009293701646742,-0.12010704192331292,-1.7436277229183372,-1.142555408714244,-0.16024350672990115,-2.592026875039351,-1.3856870846402263,-0.642597835163035,-0.34394267122663036,-0.22345986563785025,-0.34033355095941703,-0.5292965071070875,-1.00239852024749,-0.3049365421421334,-1.2365844368226808,-1.3791615215391553,-0.695893593412515,0.41883859426764836,-0.16570996495238527,-0.767953524607472,-0.7030429399116817,0.5368834545498464,-0.051213627008435625,-0.9862688048002795,0.8816999213877347,0.8623136223236632,1.2417959926467634,-0.048038933484189264,-0.6923968887929313,-1.4448966740040172,-0.817679542629005,-0.3397998168764335,1.8046171555173474,1.060503313267671,0.07122665566787259,-0.009913071153069272,-0.6186746399713811,2
-0.0422167409396178,-0.6785327080079854,-3.3597622171048185,-0.7127023165474393,-2.22758539254795,-0.0969072196503763,1.4721520108566593,1.4231265963682207,-0.28549513052251063,0.37225010296309125,0.531580563722055,-1.0933535747103442,-0.15000679778682008,-0.41901749417813006,0.024681380384053608,-0.08962945524515653,-0.8889824389007022,0.45751065868343466,-1.4090309103698229,-0.011505881204947395,-1.1141313422942478,0.438187971929213,-0.9100828453393592,-0.03448229936998676,0.09678746659845783,-1.564435408488405,-1.2836271043008487,-0.20618206880614212,-2.56178292817991,-1.4384119162356768,-0.6685752961808125,-0.30733136970995967,0.11444274096039639,-0.8384973565952307,-0.4123952374235355,-0.8152821362231313,-0.4380887762180415,-1.4880059171442854,-1.421145852637093,-0.6894155568339516,0.6121112553750098,-0.14636650728464415,-0.7956848601247185,-0.7527285762208735,0.6548931862918097,-0.10620431955989328,-0.9078789073420418,0.9903299578106917,0.7138975738952136,1.3320694717514514,-0.266000118787397,-0.6388098781032923,-1.4975462503183066,-0.8665928403613845,-0.3082128822366964,1.7862949303889608,1.0453175223109457,0.0033588122832642966,-0.01627823691644361,-0.7242479362423895,4
-0.5557138193732379,-1.00457984728351,-2.336288899801379,-1.1959662226377508,-2.2366795704392155,-0.6744672970569231,0.9820077580148295,1.5738134921301898,0.0519205074941188,0.07764548895019777,0.9033305008437849,-0.6981312622761136,0.009893183529554525,-0.6524110952348858,0.24307473654538966,0.47520588517026563,-0.7212172122963457,0.359979596314329,-1.3901826044650447,-0.1861392275564084,-1.2814627997895196,0.7134561763501129,-0.6616122816671312,-0.14253788898609615,0.11979449005936453,-1.444200838938991,-1.1791513341593378,-0.22230031888814744,-2.8732868076410285,-1.54212108367219,-0.4666366490907364,-0.3605715079986038,-0.059009993682652945,-0.5720662222485468,-0.36380003372072633,-0.5469848748479661,-0.2034327736343559,-1.6536020470199735,-1.2986119663538067,-0.6802613487074933,0.5134787804052844,-0.16387254849695793,-0.6979886463584609,-0.6101600007304208,0.6978195059428581,0.07867261463999109,-1.123806431233179,0.9775375916414063,0.9812110635204541,1.2187177451250704,-0.20201052796631802,-0.47626279060626137,-1.4496238890901463,-0.6012837025089429,-0.019460145971216036,1.7156452403766442,1.145916034842672,-0.08152158749826179,-0.014367061448838127,-0.6425438445302464,4
-1.0381045205606396,-0.30536739816097935,-1.6700845468454557,-0.3952937156564382,-1.9416025689029583,-1.2614495959639083,0.8005868171635929,1.3962187094024674,-0.20507500111656313,0.48228227157310477,0.7347530535595039,-1.000819726064684,0.08795937822751884,-0.6591129167904897,0.3128549085191883,0.06790080267555107,-0.6296853096436623,0.40072499503941006,-1.4097607323620387,0.009608602430742616,-0.8828891827574712,0.8076947104077807,-0.5114603609978763,0.005407589250671634,-0.010045787005987072,-1.725845389167518,-1.1125722596433936,-0.19644729022295473,-2.9683690569334074,-1.6698136280923805,-0.5592743442385386,-0.6092328851832668,0.14044519570820257,-0.6340438826813952,-0.45587612212981243,-0.6985669533982809,-0.1817683168789808,-1.4110437545002863,-1.0470821139958442,-0.6673444614669953,0.6085369018489208,-0.20761912888516182,-0.7400425713141624,-0.8566388480982732,0.5316348755661486,-0.07539001929332056,-1.0635119324455213,0.6410357112160516,0.9214784722524201,1.2252658114836676,-0.22883383071380148,-0.6367660367005399,-1.3472100474523518,-0.9107824634333439,-0.146679514013659,1.6931349007641279,1.25201810707359,0.08492481310759017,0.010099516946388672,-0.6446724433576431,4
-0.9181728580244755,-0.433625002540846,-2.0235845082856576,-0.4421663977244865,-2.1840139742686535,-0.6314201682471197,0.6836730217626287,0.46330590835826324,-0.30677524033991255,-0.13327300739267406,0.44728987068360065,-0.7926088774123581,-0.12998518916189378,-0.29835566257705637,-0.07141015477551649,-0.07690441569108558,-0.9781112804950196,0.10748142960616372,-1.6778307079622128,0.029336467438021915,-0.9833658538156821,0.7467936057578093,-0.489946007691898,-0.08995311146125409,0.16171239097383813,-1.585748057068493,-1.4502090503222052,-0.4767698236336767,-2.8242216521381285,-1.563347331098882,-0.670138083568196,-0.2118910828881268,0.07143184810495155,-0.5445064715454495,-0.588941704432065,-0.8275111720671104,-0.1799606092981575,-1.3215489854561295,-1.36503836295418,-0.6816550545304221,0.6447311225250736,0.10243273040026141,-0.7432784897378081,-0.774674454941998,0.5424274570216987,-0.1899623407297425,-1.148923429371795,0.9065530669847836,0.852970650390091,1.3019043881475032,-0.1850370724380176,-0.6081475138789737,-1.3950125419844037,-0.7649235503031384,-0.27762256958882486,1.6475069665436712,1.104565485657137,0.1506809940758414,-0.09789002749869113,-0.7807260915140303,4
0.6987557711709085,0.1726206217634637,-1.7846180025784637,-1.334323777947548,-1.1813366522294169,-0.7348405639864557,1.0617896605525272,1.1234025771501186,0.19829788568839163,0.3796805720698573,1.4284143374969838,-0.9360188461628114,0.014511132354176892,-0.16737294416231324,-0.06142138042209527,-0.19493181853076003,-1.0075192304825409,0.04530354061247993,-1.4143146645139026,-0.2736768672006924,-1.1803647849721488,0.8142631071817993,-0.5879425637475608,0.1622342815202644,0.11566453974471883,-1.5695353891449415,-1.4489165297898434,-0.18358052553095922,-2.6361776881669603,-1.3821995122241855,-0.6270215375433049,-0.20083198951572884,0.07594826201030097,-0.5602926248974505,-0.4189166792907902,-0.6823551783547434,-0.2514360105736729,-1.5004330362217235,-0.9099349565576345,-0.8192589887239099,0.5074847301718332,-0.07873649579620451,-0.615540646169461,-0.8469166092595376,0.8387131240687791,-0.005393600237500143,-1.0603293352490353,0.858101243289295,0.7872896959658455,1.0060615221211857,-0.18274345812332965,-0.46318653904009877,-1.3383827813762972,-0.8078574770630599,-0.0759649855532096,1.8867721319166961,0.9834086047460348,-0.0537171233383211,-0.007846659156348912,-0.6623605704221271,4
-0.06346564514274244,0.05002873097441596,-2.354900776653976,-0.9251784961794637,-1.317960259799845,-0.4736277722065182,0.8475682851782905,1.3498533358809566,-0.010670214560152907,0.4496726470012025,0.9447899981929098,-1.1301526723314819,0.03379945775683296,-0.5049892694764653,-0.26093830049820643,-0.056092832896946054,-0.7869549227200044,0.4203837870835876,-1.2986342581949115,-0.27702768139045064,-0.8993409250362558,0.6293222076069321,-0.852028842516111,0.09408740179997663,0.1367647098185016,-1.5579538860599564,-0.9677414009078964,-0.5875864079328912,-3.003373563447008,-1.5403309192709786,-0.5962935024245958,-0.30488701252357414,0.010784006608867766,-0.7460919568462125,-0.47325141214777394,-0.6882182465338158,-0.3061590026734469,-1.317170476105591,-1.2804885807147148,-0.6413632282755615,0.45894716823070975,0.06659857646425915,-0.7233896816734842,-0.71920074343834,0.4957639286451677,-0.06977869993631931,-1.1818541124193453,0.7498613581272945,0.7284300571787875,1.3375319567422634,-0.13000971777033085,-0.5688090978553658,-1.4781896044764653,-0.8804217897487752,0.04785432383415447,1.89815954178286,1.26974666389229,-0.007766049798098498,-0.0027125200151143503,-0.6789554020432237,4
0.7408852925585772,-0.561643031631127,-3.1204649686098715,-1.4593993704608637,-2.079987528182076,-0.7080745295337543,0.5115209054888955,1.28361131084898,0.546758415768436,-0.08587982982956116,1.0195660230433519,-1.005175137782915,0.37538777025795,-0.34340888864768937,0.03732920683524642,0.44687440954619784,-0.890434572290902,0.16350100890295474,-1.8796614590674328,-0.11838288201868508,-1.3535665531912204,0.7306457088622433,-0.32349658396360725,0.024091510134346406,0.18289446485947253,-1.4817011009299392,-1.410769540111806,-0.3278138533250623,-2.4396222327265686,-1.515383956669991,-0.5785003880853289,-0.3754037977424107,0.21483640478597232,-0.792979457081753,-0.5009747401055583,-0.6533815931699608,-0.373042831367832,-1.25558101186242,-1.2256062426412755,-0.39786550777639024,0.44266490283897564,-0.22701623030076262,-0.6443338153876035,-0.7757144139178328,0.6674686242929101,-0.23706402268362248,-1.0335753484124823,0.9531690329865606,0.7656783477121302,1.1441997858802269,-0.14141886869220205,-0.5067942244794716,-1.333911512048324,-0.7318901285991855,-0.1068310774776116,1.8195009260333808,1.0390084353877618,0.0062146188887622494,-0.05851057037243798,-0.7739471058761596,2
-0.03337236448105341,-0.7342911964594844,-3.2156116035671296,-1.3131224912321116,-2.197144433037413,-0.8356617200390593,1.3609181085701199,1.6685520197979344,-0.12482767364196126,0.008738815535320688,1.1613466225820046,-1.404153381176623,-0.14357866721678217,-0.6669008768472804,0.3467103634029675,0.06230477908286769,-0.7926327217724398,0.33931592425342044,-1.373627568274711,0.01117128380083647,-0.8828811133126304,0.7465622971936243,-0.28731727949142666,-0.3195994675195439,0.11668548310166563,-1.779335317688822,-1.2994956245979632,-0.04163442892712682,-2.809001133647542,-1.4390623631529171,-0.21081795834370654,-0.40882407910253205,0.08530314831528568,-0.6153438127874996,-0.44739693647496276,-0.5949623720462638,-0.3050380894657384,-1.4532707462587853,-1.2888067394756468,-0.5851472515291491,0.40651783016871146,-0.10645612778255598,-0.7523219926614942,-0.7111559880340678,0.6697151561733986,0.03304001690803286,-1.1583552759142648,0.7267516248056057,0.9311771034971866,1.323606847795953,-0.056909581272210075,-0.5132211436805949,-1.5597812579372459,-0.8836740794423583,-0.15126235485228234,1.8536989606128682,1.1080526437586713,-0.03751293723850166,-0.016687687001181326,-0.8591168770664525,4
-1.0370598673651943,-2.4093553460707904,-2.9572165495248712,-0.5735886346229396,-1.5098810429842278,-0.8625940477730613,1.3656066271292888,0.7167258382420709,0.1942293976690227,0.48693613104066646,0.7462661402503425,-0.9141433792398299,-0.2893388114793441,-0.5290205976650446,0.36086085130083256,0.6084929211392447,-0.8144925456539901,0.49400287383957925,-1.3274358740558887,0.0047704812469081675,-1.170656616606921,0.8541099048281704,-0.8899223663480587,0.009711717904029311,0.06284661883136015,-1.6482866705490438,-1.2937844682501989,-0.42821510340187297,-2.6774811644077343,-1.5637835212252433,-0.47248828659120146,-0.40365410941270663,-0.11604252831293382,-0.7901550759920059,-0.510371012943586,-0.843876507533029,-0.33812463436386103,-1.2868785789626347,-1.187193297718487,-0.5303747895643305,0.46417032740882497,-0.23531513808958657,-0.5503982563155145,-0.8343692833816811,0.7031641001124166,-0.07634741440026296,-1.046202336818744,0.7713169516314554,0.7778947111725772,1.199335229640971,-0.1758040014361035,-0.5961910604315279,-1.571689081288082,-0.6647785993125345,-0.2740774617400167,1.9021540704383648,1.1324203239217854,0.03791234677220903,-0.11071204854634156,-0.8158870098423706,2
-2.7387269401935077,0.0704590273927056,-1.955908555932655,-1.470954613026096,-1.9609692566406374,-0.7827051132648146,1.0585758280722304,1.325037127718651,0.2681255359226431,0.009755134213631611,1.2776808610176502,-1.541853544137492,0.30516048201131174,-0.49202613692230623,0.03351771147085179,0.5611841916352343,-1.4999100764036233,0.4515402690348452,-1.4882917555086248,-0.18248092396674195,-1.0405460593253943,0.9797673798519352,-0.7552608978578584,0.01668993036719591,0.0681139368749136,-1.5299598387307531,-0.9603533074452821,-0.20552028946365314,-2.6789036862293716,-1.4504812809772027,-0.7286818731487162,-0.21172671733905526,-0.04446285678578764,-0.5899663478203739,-0.5586557739650491,-0.6508546733495302,-0.2970229121906799,-1.5190318458878636,-1.2945453631845911,-0.33900115547981385,0.4794844618452223,0.06870921611163563,-0.8096956124381107,-0.6361505471263315,0.6053512710434709,-0.14355872587655694,-0.9432761011445618,0.612676959648304,0.7620183808449051,1.1314701057010805,-0.030683922513869977,-0.6836674352469776,-1.311539250631017,-0.8353696398900831,-0.18574743895417206,1.8664147211351303,1.1453469294031857,-0.06628753103630237,-0.21535042146842798,-0.7322448792053118,4
-0.016042025820112604,-0.7748748777869712,-2.690454077893124,-0.5810996545820268,-1.9867592146970543,-0.3147399038352932,1.1936746325825398,1.6168726122284975,-0.22755649507319692,0.14078844850402308,0.6004573908997306,-1.0916259951059502,-0.1382298609429104,-0.5915104207281685,-0.12995586542277715,0.19494208947801595,-0.8641606827572293,0.272108946586926,-1.1443137592535857,0.025032307826711286,-1.2578778070960956,0.6853823057027192,-0.23727212634336026,-0.07576489519644666,0.0890476729637954,-1.6507405111944324,-1.0675567064207083,-0.5183667952331993,-2.7145366344799844,-1.449617971274947,-0.3946682221846032,-0.4284446066856893,-0.06194355566071448,-0.6009180910776297,-0.6084631618247371,-0.6352070845239864,-0.19557977167256815,-1.3386130504732157,-1.189934356293943,-0.7241424507503994,0.6197325538129415,-0.1792643757470567,-0.6073701871215816,-0.9395012069228299,0.5063718055695076,-0.1041066451814204,-0.9022637652943817,0.7543861152517212,0.8000761422529604,1.2709074189777039,-0.11214687154109068,-0.45386760275810756,-1.496074885035655,-0.8343655195234457,-0.286066132206814,1.9782749787272558,1.0470143550285396,0.1156006727718699,-0.08075795969789405,-0.7495030010295857,4
1.3298691432088046,-0.7243535520659208,-3.5540875462392387,-0.9510912555167046,-2.1741713099166313,-0.9516237974428037,0.8661358403941014,1.448412014117265,0.0028085946842555803,0.2416254534238078,0.9400214789931784,-0.9422329063095772,-0.11793270703543762,-0.6326768293927574,0.09825323499230917,0.21201018858983436,-0.5903879379651713,0.4043356965433257,-1.4153221985929858,-0.16870283634031355,-1.0794114136534503,0.8559417773377547,-0.6785048893488752,0.11424693336749794,0.04490554371413794,-1.5399298660898622,-1.3244382739490241,-0.4125312302446016,-2.6211656041020075,-1.8558880638655852,-0.7320036893906129,-0.2427829715031753,0.00176396152208819,-0.5924397651824469,-0.4232335644164336,-0.6890004771962228,-0.036573196481321124,-1.4557710290595383,-1.1512750759782115,-0.5786215190595247,0.5321461669545487,-0.17444613017187538,-0.7581984033756216,-0.6717449466417819,0.8260360904894075,0.014239303562281286,-1.0792897834224124,0.8773388862997804,0.7055369981144011,1.1952044626142146,-0.11207201167805199,-0.25594399708770216,-1.4454938510938162,-0.8562040996727265,-0.0866315840979147,1.9277335696699942,1.1689038805797793,-0.06521801892106138,-0.05082989336251941,-0.6352409048225879,4
-0.05602781133565571,-1.074457396518303,-2.403906920698494,-0.4549122734160815,-2.952361752919921,-0.7231984113217201,1.1253780288089643,2.020196407811744,-0.06911046440903426,0.1723747077891572,0.7514491967226635,-0.5087589480119767,-0.18786451680782218,-0.3509274314731346,-0.1036317806961177,0.2749930681396138,-0.5210353433275849,0.3835880568063614,-1.275154695201374,-0.2006070025955757,-1.43448564260897,0.7650130695134881,-0.38848643236385183,-0.08276386263829527,-0.008384646287932063,-1.4744447192920669,-1.1490997813599213,-0.4262859393128132,-2.781999864758256,-1.6813627330285503,-0.6689688881853811,-0.15382013610862333,-0.03863746573836546,-0.6574676019815331,-0.6165641141214436,-0.8724207728312237,-0.19833329530939184,-1.4650464260413276,-1.242810427138609,-0.5412902158084602,0.49335736387234497,-0.006862203875973055,-0.49238140022015686,-0.7988422444726572,0.6976582897969552,0.14681042421584203,-1.0525168818025437,0.9065019855634177,0.6861398402375585,1.0391565461187755,-0.1900247324188108,-0.615605205608276,-1.5144461051567104,-0.5113271794574573,-0.14451885713504506,1.7912348297607912,1.0396607668646982,-0.06764019794770353,-0.00867147586944337,-0.6552555577037517,4
-0.5885726704686984,-0.374530156554212,-1.5484293992019762,-0.6104235540687842,-1.5672417146760709,-0.05200566315491584,0.7749741528074232,1.2094114078940625,0.23096467529991552,0.21777242353391546,0.9622131509201135,-0.9426016618295465,0.17099339674116346,-0.6731693822714033,-0.027470062273737328,0.25854955620326175,-1.282378052888548,0.11764116703873206,-1.4662002396272824,-0.05822411540376411,-1.2338012951244983,0.8638045598324908,-0.6783027096908947,-0.013184091190096454,-0.045106922189120116,-1.4471361136521939,-1.4397047277766293,-0.3279791182087303,-2.8060327794246107,-1.431070762516857,-0.29186531694818957,-0.4261006468469812,-0.12024707683086117,-0.884392451068202,-0.699790358501109,-0.8085683790735098,-0.342689824778753,-1.3415372595355481,-1.2441933794732125,-0.7086912693626427,0.5453442692251513,-0.062383262548265345,-0.5681745591227338,-0.7246314167945538,0.5352336369809223,-0.07470860634498062,-0.9408943451942575,0.955890120164071,0.6958141955575904,1.0790303912860855,-0.267984766835151,-0.6035467332846305,-1.6122049148762945,-0.7651176518141525,-0.10924325967118724,1.8214015767474498,1.0260347349597863,0.10913716474118534,0.12070539524437238,-0.7792278411292648,4
-1.620624164850768,-0.9967088822551471,-2.9427831047599207,-0.7052209862361699,-1.5393011624052662,-0.9087500419720296,0.6697156600001144,1.6634373760598562,-0.08807535459385135,0.1608292738179742,1.3062421029362838,-1.122082916157097,0.010681400629423424,-0.52284183683254,0.2907090490858524,0.620034117153747,-0.9246098836048331,0.5250087440202789,-1.4686679495721644,-0.17544454805194165,-1.2877077181411898,0.609425361592926,-0.5611762607550158,-0.12979327754225312,0.2550976949416952,-1.709669374201051,-1.2154725227034726,-0.47421518256904005,-2.8505198603211723,-1.3491220352623647,-0.5789081436547743,-0.2649650209186835,0.1986847146415799,-0.690225172488272,-0.4666668477815581,-0.7398284843361002,-0.2670772844795275,-1.5498907285596142,-1.111055650283347,-0.5579240970231452,0.4898707774647786,-0.19865280816613112,-0.5304625613371066,-0.8963678151417078,0.8509613679813748,-0.031165395735973142,-1.116202583536907,0.8884570043357745,0.7465447631228272,1.2399447709458444,-0.12472763662030932,-0.4086065308285423,-1.4585998237074822,-0.8684618098870326,-0.20450960395835546,1.7634467937127603,1.1207539587250588,0.04412032177602203,0.010917049627709431,-0.7047333892567726,4
-0.2941740868192654,0.06717789949668795,-1.8990946806200277,-0.6615246204211047,-1.887811925823722,-1.0408035847532764,1.138372440195229,1.713322090849217,0.03716348146968183,0.5242245940478067,0.7702195752579749,-0.8081805803244586,0.0506053766363901,-0.21763812372441252,0.014042408682050686,0.253813245741953,-0.8473060877037727,0.41683812228655004,-1.4769142813693892,-0.1535802086365738,-1.2175463909113589,0.3103718458815068,-0.3936820242502609,-0.10345262824273807,0.07983362403424163,-1.8276260075225919,-1.2552801102803322,-0.2440733273839221,-2.787681027112983,-1.4724811081219098,-0.5623215963793733,-0.3376598518818448,0.05507480072543861,-0.5841372955304928,-0.4822109679096679,-0.6353572294364109,-0.5498751383144372,-1.3713004931315336,-1.2710617373442121,-0.4885813864146924,0.4052489599040432,-0.13074809862461348,-0.6593868397620951,-0.769433793925021,0.7379501472333495,0.020227019680158165,-1.1036187692986708,0.6797954488262316,0.8386108467434787,1.1629442506920782,-0.22399655410159663,-0.3905679380725338,-1.4468472768919867,-0.783408265056109,-0.10060279643639965,1.9436980407931397,1.2074771852595494,0.1558665952875682,0.021017632947818506,-0.801305274061402,4
-0.15442376928423873,-1.618106920901704,-2.6173007062664726,-0.3772645423440433,-2.195075251340418,-0.5647972391301755,0.8605847250909662,1.3385873474489467,0.09202694598819765,-0.19517960496554965,0.7180816710730134,-0.9848531651935186,0.14902011460203335,-0.1771255641894822,0.21858376128759838,-0.004978006446149652,-0.914845945911747,0.364691214300408,-1.3704615645894522,0.30994580328793686,-1.1114702761186734,0.807886189526425,-0.6269109165592337,-0.0438471182977546,0.2868458662910879,-1.5842003118538381,-1.5498847442745065,-0.12555304817220403,-2.800173021120025,-1.5417339295931178,-0.5599176485303186,-0.4893133460358796,0.06785691651537475,-0.4662768289283009,-0.48863703661337177,-0.7775095265469081,-0.08717382239233243,-1.5686784454409866,-1.2313118356567239,-0.47607358614032375,0.30409476255508994,-0.05428119342387758,-0.7063041586458385,-0.9117579487532578,0.8753139644637833,-0.07235736666770094,-1.0069442576145458,0.8736511871943357,0.7804850223460706,1.0938753748284906,-0.20729177440740157,-0.5606702948703123,-1.5409548339846688,-0.8702148713591711,-0.15951783989076979,1.7533283238063857,1.164539715858576,-0.026124489199196195,0.12957258533383445,-0.6648819811840098,2
-0.8241844331258861,-0.809252218555149,-3.13946389461086,-1.0314528317966807,-2.2139052240027155,-1.2811300177645606,0.6617479692181514,1.07572754708641,0.08280518729664957,0.2342575546787835,0.98508865182715,-0.690648928795663,-0.08609079918938453,-0.13523606967469015,0.07165756781950756,0.18038850966422076,-0.8226468727397894,0.22902554759262583,-1.410461144570159,-0.10743135239369109,-1.1761065985459245,0.29043050751359156,-0.9334059234106098,-0.20711107485175337,0.24525480458240886,-1.641755546574957,-1.1124564127853955,-0.42559014815256,-2.6157541983509414,-1.4851202864062996,-0.7894236288283325,-0.38562950133961316,0.11182246485600018,-0.7514774808502875,-0.3495895539599504,-0.78998680465045,-0.32272687328463107,-1.3753246870533071,-1.2017310801981897,-0.3846522237650355,0.7073435530351735,-0.2893391248618118,-0.6136729014636173,-0.7074734267213025,0.5365488578361517,-0.19685926154118985,-1.156626137232112,0.8671523871753588,0.8680082619166318,1.0728214705254833,-0.2809851510826691,-0.5712547310527695,-1.5391216042204605,-0.7766355249785762,-0.1981107055887925,1.823075075777641,1.2468489236661433,-0.032906450455116414,-0.01223890467512271,-0.6041396284096182,2
0.9278221303927963,0.340090284464314,-2.62946495632369,-0.7477290798634184,-1.8999510589619815,-0.1989666864897548,1.2987557565967092,0.7737553364014201,-0.08161265191471678,0.39063313152402623,0.28891111411242393,-0.731372778356653,0.3043908470512209,-0.2166902011018107,0.053739796948349496,0.10239878114280326,-0.8164462481243592,0.5003493399192498,-1.5103635481444835,-0.21948803306522485,-1.0268374811051724,0.8051767757757724,-0.6543134315424712,0.18800375482283802,-0.045779061218657796,-1.1278457269278557,-1.2049604319388283,-0.18707436293581953,-2.8068893688620626,-1.6171108142629795,-0.5054577002319569,-0.38929993024336007,-0.0021624061586169654,-0.7719492931751277,-0.6296821556140662,-0.757891575165398,-0.3491117403048736,-1.581547142057949,-1.1050430585448197,-0.5535105765767498,0.4600914660523713,-0.13354587234765986,-0.5566804669038724,-0.8273932647237627,0.6810818629676918,-0.11004298256616075,-1.275377702628262,0.8099038516357071,0.8360680194502069,1.1719457770558883,0.056008328257083156,-0.5221978852554875,-1.3973762175766054,-0.9178523843984596,-0.0039252711231943516,1.8471404844990502,1.0242087185963111,-0.03361763472006664,-0.024576900726641215,-0.5332722408798986,4
-1.1741153031862788,-0.9197001250340135,-2.2728168615887796,-0.8896189908421956,-1.7666466472650282,-0.47139741962286885,1.4286107459533617,1.7069023529165048,0.2266458410217066,0.12003496270245347,0.5555924051093147,-0.9921388410712491,-0.23656405652798912,-0.6851780019023146,0.08125531671415459,0.28298541131812127,-1.0402155675807567,0.5496873217071339,-1.648032031218217,-0.006655569816830714,-0.713828079805664,0.6280408423650511,-0.6839451934747124,-0.09981178703805485,-0.32240349296954995,-1.6360110005856312,-1.3006097551582199,-0.27302515462249366,-2.888239395041795,-1.6196549883932303,-0.7276511548622999,-0.42144032561698164,-0.06846600465878869,-0.6631119081585017,-0.23462425700008338,-0.7374463086080019,-0.350648419065625,-1.4519803424511233,-1.2112041470848975,-0.7470276014367682,0.5505100781144237,-0.24999234433888462,-0.9106910989540872,-0.9265836002969143,0.7521478726360266,-0.02955385834082567,-1.1053937543322525,0.8081304108020816,0.7338039965496137,1.0716304444373796,-0.12947965944960554,-0.6314044224493935,-1.5230644674003926,-0.9296777416105904,-0.1772450875356546,1.6775772247680005,1.1293814858819395,-0.06466165167877236,-0.08567415637132703,-0.7808884687943926,4
0.11521747646962777,-0.5959874063852365,-2.064811607309112,-0.7631772450834587,-1.639736490192474,-0.7467006481873997,1.0242712566848375,2.048046351149297,0.23266364355879163,0.4049963398989257,0.7307911948670834,-1.1582410305298478,-0.3070784682245146,-0.2200912853169038,-0.11163412139542059,0.5927366986399856,-0.9689273494858571,0.2487376632505981,-1.5819027349718797,-0.010137216831953934,-1.1102133015584135,0.4611117117399315,-0.692881043362343,0.03785500310818861,-0.02560986852583437,-1.4437199896091366,-1.1239629413684393,-0.2436292963199018,-2.800738112006306,-1.496171535840223,-0.5222914441432075,-0.43357814545832724,0.037963436017658024,-0.5824591385039094,-0.4246634617942927,-0.9777150729547136,-0.577490538321271,-1.2955146034839577,-1.1131187433951477,-0.539606759844557,0.6364120907043083,-0.30542682115586217,-0.7327632883769954,-0.7766096984101303,0.6754133835977916,-0.20658036868988228,-1.1828731087767734,0.7426566669472849,0.7110330533558733,1.2920807203506148,-0.1236226278871464,-0.562421858828042,-1.4978134359782576,-0.6791731541357513,-0.32552476339792535,1.9391724671981618,0.9585390965057435,0.0059618609248749885,0.036109964667408664,-0.7377323781672881,4
-1.2540835517146298,-1.2450946903706224,-1.9535284006645228,-1.493213521734063,-2.003586157366569,-0.2652012051561098,0.9385147979674897,1.0038997055060022,-0.1653339089783549,0.15034599145218874,1.023481269738301,-0.9963418582081005,-0.0542019053811125,-0.269334136978107,0.01932643459697369,0.12097869612987053,-1.1046135996525897,0.5043913885378176,-1.30370480571353,-0.3024140268547668,-1.0011738449012662,0.8995467393155385,-0.4559965069663543,-0.17603070730035994,0.026380625718681938,-1.5723718321582747,-1.5725671414466984,-0.46847370881394407,-2.6252244310731214,-1.6598226889803482,-0.617599436877012,-0.2645198869015721,-0.27655422132785334,-0.5867290873991672,-0.4091567348991254,-0.6811820735672622,-0.30704474153468636,-1.5295931606115942,-1.1085972960097552,-0.37404264850177615,0.4861595567571304,-0.12739199807599993,-0.6898006038209261,-0.8036876184810502,0.5594451636723983,-0.08348956318535385,-0.9914642573713719,0.7995966340968291,0.7960860430356613,1.0857448031868169,-0.044334546656641646,-0.5369728581309784,-1.5292973809360078,-0.6667078673004883,-0.04500431115453023,1.9822035817734005,1.23603234443166,0.12549559736247667,0.03443771170344834,-0.5442735780369984,2
-0.6298526636426591,-0.0795778470170998,-2.2065009065600827,-0.8369434036469844,-1.5682802298914007,-0.17193109268185797,0.9080158393944557,1.613454037070729,-0.060316921341660445,0.4719641686116576,0.6867187945797935,-1.149081506216156,-0.08287510046136816,-0.5157355466967061,0.2589730428330893,0.7856769467670104,-0.8487465268844017,-0.06869243513396761,-0.952853313063188,-0.07469200550327408,-1.1763468621416597,0.8681805184016418,-0.8890986945316968,-0.0011314982747957641,-0.219679047455689,-1.7375848569932881,-1.177272556991479,-0.06058215791613336,-2.5603593851193205,-1.3908064136145228,-0.4108277366152067,-0.40723521202396323,-0.0213476714302051,-0.859137232017728,-0.5371455281113067,-0.6341260793768447,-0.30527184894808623,-1.3560895202109275,-1.2940862468335397,-0.6090070787991858,0.44295418653208096,-0.22021955793489412,-0.5369505107051509,-0.8250047385241924,0.6110691684605236,0.04538803729574596,-1.0054616694106275,0.875642740354106,0.751650875608115,1.1536341332847997,-0.3155002297431888,-0.4901980222637966,-1.4877948409231498,-0.7279842593291704,-0.21053978057789396,1.6711019359626436,1.2198270134798108,0.09255609085663416,-0.11703889493047853,-0.6020034974505799,4
-0.9260717061877644,-0.2209227064320572,-2.790696561087215,-0.9086203338024579,-1.985996284365597,-0.21189033148860054,0.4160611514505149,1.7726038319875275,0.33000046138776645,0.39946054870660136,0.7992408409538465,-1.1517292374580015,-0.046702833990506315,-0.18294151101157224,0.1044769453471241,0.25838381758966744,-1.018870003713886,0.30079785924774255,-1.6452344831742387,-0.05653077783649449,-1.1416687333285642,0.5052695189507109,-0.5139682308742164,-0.06960411174745237,0.036838444869639456,-1.4467143768484299,-1.4606991920117625,-0.34526048055572905,-2.7580091036033143,-1.8196865175507069,-0.6966834714848069,-0.3697729180273542,-0.03008329922847784,-0.746471973529219,-0.4136964586978491,-0.6568565313185456,-0.290656132871237,-1.578589554516015,-1.0990759114528847,-0.6335485796005776,0.6774183204754973,-0.02303268924408304,-0.49424752122081633,-0.6012398825742371,0.59656435406648,-0.07771968758971792,-0.9138241840734249,0.7986223814572936,0.847919427545053,1.274447879646312,-0.1808742243178361,-0.5795776143041504,-1.2934481408340166,-0.7341163007755118,0.026331586215976005,1.9527788905693335,1.146822171288531,0.0438761448417304,-0.05551211101959723,-0.6368590437525926,4
-1.6023064450363305,-0.09657927743868999,-3.083366725595783,-0.8048544835330909,-2.549604124982686,-0.9163945223840011,1.4737942673394484,1.3397339200209322,0.49131934779911995,-0.01770804180274968,0.7203358301184593,-0.8665690069430536,-0.11382068495193476,-0.3724702144171803,-0.2839729730195365,0.5735290878259849,-1.1633588757421975,0.2646117087792595,-1.2805118425460822,-0.2258514485318462,-1.268273904154869,0.8822152618794682,-0.5488361873439366,0.014297672781608123,0.053011688197769635,-1.6242752573981254,-1.7440514352734457,-0.3979656082120938,-2.5236192937127977,-1.4892723867774433,-0.5302224620602409,-0.4079121312177473,0.24488757843858977,-0.7818206727768424,-0.4546225098198585,-0.8256156694373489,-0.2888951709876817,-1.4858855650901948,-1.3082351611804297,-0.5982524887057512,0.4996946183666809,-0.07682203754385991,-0.6320310310269714,-0.634125320540574,0.6961508509122357,-0.1348516212380793,-1.112492647833869,0.9822441047935845,0.8416882730569036,1.0817439506778155,-0.14220607713043246,-0.5330975519781733,-1.5528135349979735,-0.8802820755678166,-0.2220912920292464,1.6579973168494793,0.9921126616682081,-0.027973413232443636,0.05074057114742561,-0.6257162879945384,4
-1.6176356189229044,-0.690324068959297,-2.2231515206437815,-0.6207016191956447,-2.1375567346223217,-0.6407652964302575,1.1190716972808257,1.2453162743597068,0.2154822816329001,0.47104374447841985,1.0069710859897985,-0.8542114666249199,-0.08519877582243557,-0.5303429797497142,-0.06216454774137982,0.35477266564650284,-0.7740922931294268,0.4936168020879578,-1.3100455446569514,0.07596390401719744,-0.8026305309737674,0.9027132659180868,-0.3460061933348958,0.03904877347434711,0.3965864842539065,-1.6598862510157821,-1.5505147289762333,-0.33984660206921924,-2.6879946407490922,-1.4508548954161955,-0.6775920411631204,0.06459802747959109,-0.0745764651829946,-0.3741571806553698,-0.50720319389782,-0.6527293594573035,-0.48717837099223366,-1.4464948255742325,-1.4261916026435422,-0.48906959885673484,0.3809592866173186,-0.15790647246155518,-0.6000040199648201,-0.8362352153714308,0.6371604848924448,0.21592107584475542,-1.2206889388723547,0.6884547977720785,0.7835000171469747,1.0250462314627429,-0.25816282539150015,-0.561073541944547,-1.3945953436891667,-0.8766228627381819,-0.25422835819612166,1.7372937055333768,1.0324402476315249,0.14993974275873964,0.03593574111008618,-0.74418544182948,4
0.25796026831956986,-0.8180952835536016,-2.6027184345434495,-0.8339950892107193,-1.4482205632011,-0.7379632316246603,0.5348921262064555,1.6152278176998611,0.3682299951186323,0.36180810088599735,1.021920955431524,-1.071282362401299,-0.0027687785836987,-0.3792174391088809,0.2087336611934332,0.3018487776385981,-1.021266383341919,0.0965874714118794,-1.3752380223338807,-0.46827970063531665,-0.965941686718421,0.5481999679889683,-0.5121907255131665,-0.012704339368427915,-0.04108400711959016,-1.5695793103832898,-0.852110854358465,-0.37132539395996056,-2.403974250630243,-1.6090213853949185,-0.4328325161929137,-0.41261631203578275,0.3106449048319331,-0.4821728354895,-0.41544624250650586,-0.8241651844154921,-0.4529253218174588,-1.4142367806624723,-1.1296344677390953,-0.3215485651732503,0.7018561166249123,0.20710594793183948,-0.6946336950484564,-0.7742830446601678,0.7273207629793442,0.1679409230822651,-1.2567718431369514,0.7975189822037637,0.8220069647578709,1.2960323511244,-0.18365887231457553,-0.5952658409187725,-1.4064034248251414,-0.7459042716555992,-0.2428437869430673,1.7743382010333368,1.2774035757008035,0.04542688830054366,-0.0768139084066552,-0.7390792307204662,2
-1.0462810829361073,-0.9525716251249543,-2.2467151943551738,-0.9809908903126459,-1.82771644922118,-1.0179401933026535,0.7055925014766911,1.2237394250453013,-0.7369388387208438,0.2861510980585135,0.5983336440041837,-0.6798762523680084,-0.40638281998755676,-0.044095475726237954,0.5186695835111967,0.24655452459022395,-0.8116586772052217,0.22523211496497086,-1.3132379227417201,-0.01702346508311032,-1.1374467840811564,0.7022653608344186,-0.6920450656737903,-0.17527345811943715,-0.006323422412772187,-1.6639433490378404,-1.4248075967907767,-0.4711034855335951,-2.7561956719946994,-1.4540637746117266,-0.6376311066425462,-0.08061028869050449,-0.08577347716258064,-0.7135139228648992,-0.4711124077847141,-0.6598833540558798,-0.1893831327428849,-1.2583289087370164,-1.290821487158782,-0.6349579996973399,0.49983116292943147,-0.012631067800892362,-0.7859093259374818,-0.7528046734821776,0.6417819176372811,0.003289046004525467,-0.9042669067541232,0.8531266976901155,0.8087062690252741,1.202587982168722,-0.14621270703314687,-0.7008428751450598,-1.6186023317546019,-0.7542154509532627,-0.26429664038827994,1.914389712452069,1.1306876187297272,-0.10674766361055923,0.055513812756392,-0.7863180946183894,4
0.1597603133825385,-0.09137564168982248,-3.1471838414201683,-1.7814429669797365,-2.31891142465193,-1.0984450824287033,0.6476556379618277,1.7723101391891973,0.23435655593749008,0.5666964733917756,0.5320942560944704,-1.2769955854966444,0.15892827483721653,-0.3385338164071104,0.05642571059513479,0.18376667595465238,-1.0235899223505316,0.14040767162554776,-1.546491338804749,-0.1938359174974222,-1.2170289461098445,0.46485515264994726,-0.5210486647366762,-0.1408749028634308,0.11701534906499284,-1.5887604638434947,-0.9702789771880858,-0.43107526153515274,-2.9355859968012568,-1.5977701302551819,-0.5039634888748756,-0.21922342810049175,0.15641139717447491,-0.7683566106617638,-0.6873397287250617,-0.6342829105605832,-0.33829726792191755,-1.5661018736757537,-1.1025351589594572,-0.6253360499753353,0.5108614008345504,-0.12843012798113645,-0.4296576207835079,-0.649970159252014,0.6735861457480529,0.07048818976267113,-1.0849207267962164,0.8682401831691908,0.80970730946268,1.190837368673366,-0.07007700532108939,-0.745254299269936,-1.3421073861399404,-0.7302354695642324,-0.2411549989630699,1.8143067970932714,1.1606923868155836,0.19176717492221737,-0.11789689324072458,-0.7121342656045206,4
1.8883189728997747,-0.8371238877746119,-2.6907390154844912,-2.018502075059662,-1.4688142652295932,-0.9908097514926889,0.45786551212777926,1.3055310591625604,-0.22898424385566685,-0.017709946864169268,0.5022730846711809,-0.7575369326666498,-0.03411136860595096,-0.15380144955756464,-0.48190563272769926,0.3250185682666454,-1.3712272264727527,0.23191589103521748,-1.4804964984593578,-0.06380350006143888,-0.8487301265521764,0.6462005455177279,-0.6807198812140048,-0.03903593007991551,-0.1510828241497378,-1.6579495916284217,-1.5323903149719522,-0.2555733324297737,-2.6710056336082113,-1.3679637776568279,-0.698423641696132,-0.3850159790887552,0.006123182084158872,-0.5878712188181291,-0.5167441864088439,-0.649398424770024,-0.24181260526746717,-1.133501233637693,-1.140214903768091,-0.6971983513197039,0.4413805391372386,-0.12251567598081348,-0.43662733769145,-0.7657766325880524,0.5389360412125587,-0.17474112158438324,-1.0367862393878873,0.7545563747963887,0.8373871589792434,1.2447938128271365,-0.04373317788547952,-0.5989385253097144,-1.5731465604733788,-0.6790101026504224,-0.048952204596684354,1.8587124577769494,1.1402158052010005,0.15383054272428925,0.0011401149178258269,-0.6880471085095892,2
-1.2759619336014776,-1.2880051672577855,-2.916932996685893,-1.1726748656524133,-1.7937363101743014,-0.5680776836915016,0.928467441503343,0.9458076217817573,0.07478344462091378,0.23778670460236953,0.3187392469549644,-0.9253530604793261,0.05991388883332538,-0.5157333292532846,0.0853563085217382,0.131602443259012,-1.0875287351067908,0.3570565284518926,-1.4770600662387583,-0.1254440279155383,-1.0373956957388952,0.7004977116109853,-0.45086513475764545,-0.07047162033355747,0.1661862643479444,-1.7611885136088723,-1.1737225205365922,-0.26294033234117764,-2.7805287674387498,-1.561171034238064,-0.534721270005117,-0.4008986120570518,-0.1065553048841863,-0.6160930905511508,-0.45422024699384245,-0.7182759498344906,-0.3368385240330784,-1.4156840952020586,-0.9972852071852725,-0.6933667644147474,0.540896194922611,-0.14527471269276962,-0.5827789121771731,-0.7254550227778935,0.5598090590433351,0.09039563776147092,-1.053003636638608,0.8161818216865313,0.6811380995479914,1.064754119852525,-0.27787299004670307,-0.6395929609704869,-1.3145052702649163,-0.8869308799457114,-0.19552596611417028,1.9059290179081387,1.2228489678841696,0.04534749475885454,-0.15641989867065476,-0.696104918115412,4
-1.9153494970317513,-1.175805284123673,-2.119251227387138,-0.725961584341974,-2.323406506802385,-0.8205091579396533,1.1339278102092203,0.6851340187403048,0.36074837550519023,0.3219468843554662,0.7976507036589237,-0.9336371705074177,0.2987421705625427,-0.07786267129817087,0.13198301986392175,0.16651884209753115,-0.9423634917592223,0.23799713239845627,-1.5557149309774212,-0.07634512476841512,-0.9921694069409057,0.6698459812504763,-0.5746210725497283,0.07128618348108115,0.10779651110044985,-1.683981088382326,-1.4418536963612438,-0.25611123077958653,-2.678536082058727,-1.372094418976242,-0.9268648988937894,-0.3081496111542928,0.15874940410281488,-0.499446779203039,-0.4690690830546789,-0.7809912954844975,-0.3258044453914586,-1.3937572263933746,-1.0220764084176932,-0.6802118057099751,0.46570196600345004,-0.1956052220329434,-0.6979698524875579,-0.901653911031049,0.4804919910616984,-0.10907789357702523,-1.0603829272682614,0.7859181389059188,0.8988042199206147,1.058823942121001,-0.35954117833748567,-0.5882622433955386,-1.4020300108920065,-0.7959548326629898,-0.09667420507392843,1.7148805479256546,1.1013540929890513,0.033861138636768595,-0.02154906040323894,-0.8226582835573484,4
-0.6448247868266688,-0.33906188632210843,-2.7363343186070277,-0.6052195321633246,-1.9943911859739507,-0.7848663607897501,1.3437696500936924,1.4306118988268903,-0.1883788893865272,-0.16567730767935113,0.5959200465883199,-0.5014958731466095,-0.2928915159681762,-0.2625234918097942,0.1102351373796612,-0.02267505993524982,-1.1644242487733178,0.2849664049907673,-1.507419222459289,-0.2579209003934389,-0.9843643150852625,1.3162571583834008,-0.44038680045612655,-0.1508551123076739,0.1156985812403696,-1.5641635175112425,-1.1576059953321982,-0.1968800372141457,-2.711383957087627,-1.509147546648043,-0.75567976809407,-0.4606473374344058,-0.030757192703755598,-0.7104894073280057,-0.40400834416123654,-0.6366719194552233,-0.33779012058316477,-1.298002350819877,-1.1892459801551132,-0.7133995337994519,0.3086704733484854,-0.018311407971940113,-0.7441303048489267,-0.9202646906418648,0.6165911245266448,-0.08176223889233897,-0.9299836413296709,0.8863998639447548,0.8891318039087549,1.0899852024132086,-0.10819820384031814,-0.5839889758537553,-1.4209367174181509,-0.6596744833107294,-0.19504311986902487,1.856220572517413,1.201080055705692,-0.0210276871432419,-0.03295216991773035,-0.7374386045320906,4
-0.945591199356176,-1.585763649099812,-2.274016189791343,-1.5716283650984444,-2.1785120927773014,-1.1588551341073186,1.1654427349260996,0.9335703581698683,0.2652977740144279,0.6553826255745283,0.8630719868579214,-0.8131168287100051,0.11163756073384712,-0.7055483473784879,-0.17417022275182995,0.3617695058996783,-1.0767907841382853,0.02714698593570647,-1.4094895202816284,0.11951665914273746,-1.2952744440907535,0.9185147506216119,-0.5041005692121718,-0.4682637048881563,0.2510526349407142,-1.5780740997325986,-1.3456029406966807,-0.40303224402616344,-2.60286534047629,-1.4267255841566808,-0.6111916799330643,-0.12126040268743313,0.09920057780041464,-0.5804381831304172,-0.563225408948822,-0.7714040246252492,-0.45929657120808054,-1.3669256457602015,-1.408607576659528,-0.705713578532848,0.5365650736379031,-0.2770783579808548,-0.6273187397894946,-0.7621479535624273,0.5370491978780928,-0.1365233676121701,-1.2110253431650289,0.8235436556801418,0.8233795293144958,1.2704082400891743,-0.23516202230393762,-0.39154800782201515,-1.3259540729788548,-0.5972873980359481,-0.0700985290046875,1.8728340739285891,1.0182565561442942,0.04739228311218617,-0.07398709877981502,-0.6123918426377931,4
-0.19532165527420486,-1.2717766234211123,-2.06985561274415,-1.1405618121029102,-1.7240890612998496,-0.5856762823564498,0.6068503106414874,1.3345392815580717,0.3119159286142714,-0.3500302886888823,1.0541800564268764,-0.8387545693740139,-0.3023736429332275,-0.2708973398447534,0.2975352030785511,-0.03398536749493758,-0.6860588312012773,0.4439162042471171,-1.348544836655885,-0.1199771825456825,-1.145254002893528,0.7069716730483591,-0.6352713465707716,0.15183221701428978,0.2400336319087941,-1.6200703093782096,-1.3048783998245632,-0.5216132299553524,-2.7206176126469526,-1.5392371245969174,-0.4427603629964983,-0.10208408367093913,0.26781437134768693,-0.6211194675819461,-0.6820769336547381,-0.8610770034864395,-0.20631850105041483,-1.2744770005819208,-0.9938918495161895,-0.6212893866098349,0.47078871381516374,0.032139919343268764,-0.5402249937334187,-0.6293972783453182,0.6385135092802291,0.11211504596023392,-1.0378603161145814,0.7700021944839109,0.8339667069744359,1.143726269041916,-0.22578931150689913,-0.5966952442544838,-1.4888605420675405,-0.7403671191557072,0.010152303131482743,1.7479514236091072,1.1602818416271035,0.028606616891187382,-0.04182250197857456,-0.8307006999869083,4
-1.1947831309354664,-0.626203273688514,-2.569667018896541,-1.1745982551377647,-2.236235697922522,-0.8824979028536456,1.378559657455316,1.557189449593977,-0.19903535189950283,0.014793728568832681,0.5894798331631941,-1.001295945798321,0.40337131391382586,-0.27119012170166196,0.2810752973089541,0.46738636278191914,-1.157692413756606,0.6240110610872523,-1.2748107770596284,-0.027798440214776905,-1.0647037789814482,0.43264188181083113,-0.4629548486285019,-0.13980098942147906,0.2612789164973286,-1.6076118053875454,-1.31031059551916,-0.3228529213935407,-2.5730882550462426,-1.401183228835673,-0.5722047465867406,-0.0679228303145765,0.1558910851798413,-0.5285068552901867,-0.6377144266701982,-0.571814354511287,-0.4026781385362841,-1.4044133287400558,-1.0008145504203436,-0.8121795269244838,0.5881934609468117,-0.1279630131451762,-0.74038821674863,-0.7152105208437656,0.6571004433180851,-0.050760980867891305,-0.9668662524975167,0.8875468065079994,0.9260103632829645,1.2514996345311038,-0.16032965708882962,-0.5132284802311351,-1.465786925188321,-0.9121063588437475,-0.11572690155067888,1.7914954607364182,1.2790961056880459,0.09523566566113664,0.10899515408480695,-0.5141943429167225,4
0.38033768142070135,0.29143962390329825,-2.1753389744997578,-0.8432433017937613,-2.2828194166543323,-0.6526251544443984,0.5630921068464347,0.9741479260850682,0.11269765946578747,0.11941274062175829,0.6464077772737311,-1.1297451405792946,0.03654871042477385,-0.3951091530094366,0.2933516407307907,0.25544476161313984,-0.9394564389675546,0.18603491325612773,-1.3670627213613775,0.04614611446820285,-1.2468193374383907,0.45904811318766203,-0.48845193373526635,0.07803187114405769,-0.13316128676878172,-1.7347793921319115,-1.243716273774886,-0.5432520328855082,-2.4883935277118865,-1.4104711729636716,-0.46306419162981316,-0.36801098371260155,0.09482899061424238,-0.8299071000025138,-0.6435809660521961,-0.6487403678763228,-0.34059358049804506,-1.358003888883726,-1.3543840622270917,-0.4849201662412017,0.5649692621632894,-0.12061583139655453,-0.7293975991079331,-0.7296483916513976,0.49885777318600266,-0.24572024571693885,-1.0344684879611354,0.7863699929346075,0.8431684562184287,0.9507217135562009,-0.05966114122030104,-0.4992853444275045,-1.384542752281937,-0.7783869906971437,-0.29339326923875364,1.9337547606670165,1.2856240892369175,-0.017951601103337322,0.02393429530707808,-0.71290176945232,4
-0.28938372837804427,0.8134656678719079,-1.5995047882363778,-0.748884888733836,-2.275189671339226,-0.6086638531718448,1.1808992433680818,1.9617550030282283,0.40535543093623005,0.4112563494379958,0.9295816876995807,-1.144829236851116,0.20908052715912148,-0.5360119638490226,-0.07378171526380378,-0.05356019182256555,-0.8687172872093298,0.4694011192125802,-1.2133079429372895,0.13086522304719306,-1.1670958260323478,0.9047479186832108,-0.45885244669215614,0.0028412000440425494,0.011311712255625522,-1.5907531563883397,-1.2353646651280317,-0.3958501009239048,-2.872602734100018,-1.471896887027466,-0.5689567072149874,-0.335820213884646,-0.005074749458506351,-0.5972167495776269,-0.39768706763687856,-0.8285280304671344,-0.37366258080200854,-1.4671309147783378,-1.3310136651286228,-0.8279050857435728,0.47305770266166486,-0.21552333398744186,-0.6093080289144281,-0.8730287523446101,0.6376734014290688,-0.03938635822691309,-0.9505072329151242,0.9796372324695328,0.8258008087563644,1.31240941185469,-0.18202663283960857,-0.5208754566997575,-1.4684624455058857,-0.7194000119304691,-0.1067378512226487,1.6281869402731743,1.1270153993626608,0.11077546843219326,-0.1579963868844919,-0.7544566185912064,4
-0.28399765659258674,-0.10029946805927648,-2.6185349318856397,-1.0982036719665056,-1.740153794507902,-0.137879695804908,1.1666639378943873,1.8128596965058883,0.04194625169669474,0.278690617500894,0.05309080903451846,-0.8919261518296243,-0.2632251263565718,-0.35199248129499516,-0.02979131758053931,0.15174737454445975,-0.8680037036821653,0.7160853981241385,-1.206313120168092,-0.006197748331420609,-1.1441992512874548,0.6597198646604515,-0.5735128228100842,-0.180371528910123,-0.00278702066395857,-1.822353396338461,-1.2780381520008062,-0.4829211415294503,-2.590043448687847,-1.4898233144973805,-0.7339834090549316,-0.3275455929724552,0.06584106149818612,-0.45854925752404374,-0.3426014780812192,-0.6525295591956314,-0.43325022829872833,-1.3507714810367577,-1.011411589241935,-0.5565100500154491,0.6899469419268356,-0.22264312746614523,-0.5805196409035733,-0.744648415406729,0.5994635860047891,-0.2151325630075503,-0.8903207850234287,0.8640109017802449,0.8014757610565436,1.1657470686581426,-0.14981907927442062,-0.6663787878101141,-1.5921460226542303,-0.7108068870114896,-0.15341644432995716,1.7156945679861761,1.0629934264292134,0.058022489936908235,-0.04461909794742129,-0.6094654990244708,4
-1.145483794280989,-0.7253958873647135,-2.9206678652067146,-1.730906051187562,-2.2526669096443905,-0.37709026611654234,1.0056027623276127,1.4320927139697655,0.3769525192814266,0.06762346346312778,0.7097271255649271,-1.1452092323860183,0.08124782353608201,-0.7370383918698818,0.24417021377089929,0.32248325686562385,-0.7329025644591586,0.43438236865515084,-1.455908922782469,0.02796903735714236,-0.7618027247023331,0.5006273820585593,-0.5864381579532139,0.11498769678778481,-0.03722850362036027,-1.797869009442474,-1.2512642366379358,-0.4417800660795278,-2.6137915069240947,-1.6638019065080074,-0.7390930982760139,-0.24241814180155585,0.2947319674130301,-0.8277048372988979,-0.4467353080325497,-0.7155583123484027,-0.2063853004541415,-1.2468025426669735,-1.0555101751430889,-0.8174502808535726,0.5598763252995719,-0.08763773012010831,-0.7284498982477703,-0.6195243415115226,0.6059300543224896,-0.09203785257620355,-0.9648135382792543,0.7926077027799768,0.9354359197849706,1.0446352245783546,-0.2539662792642381,-0.5812436821499932,-1.492669500881463,-0.8694122465872878,-0.09136866370609156,1.884204084502041,1.175225058944157,-0.06440590492514274,-0.05855880874318726,-0.6403750575191548,4
-0.7448270313665756,-1.9407245737701928,-2.5152316239490595,-0.7174381215564734,-2.0989891805418095,-0.649609643200643,1.2186400042437802,1.298354674283192,-0.06646297488275163,-0.06951343262721615,0.8499620911221256,-0.8808157952358384,-0.22394484929639674,-0.5355086719669726,0.1094801709283959,0.6149198714571977,-0.9768055116470912,0.23330565620467386,-1.329057579071156,-0.09867877711153408,-1.291223382116998,0.5975647779916139,-0.6604763367113327,0.2886482635658724,-0.013890945603146895,-1.548640686061964,-1.2281313534733145,-0.19926600900407238,-2.5551344259806714,-1.501829658897847,-0.5610584389364616,-0.3887060892721934,0.11234474089196293,-0.7034545294140849,-0.5107755956505929,-0.8992212593884208,-0.4636749192509366,-1.4751953898713817,-1.1896011213217732,-0.6885450392623108,0.5695514328881172,-0.25637657309354794,-0.6897247982505863,-0.5881760647763425,0.6858592609192116,-0.014273919026104143,-1.0641012706061186,0.8032298400709248,0.636990438251223,1.2621543301896145,-0.13178301347860336,-0.553277927939684,-1.4693507469568474,-0.7564905696643114,-0.1417777981537037,1.838475621843427,0.9646597356136922,0.08385495635686345,-0.0954720637910847,-0.576253279515145,4
-0.09562364884918761,-1.041969592809676,-3.18519033413319,-1.142416085800202,-2.3934109647553363,-0.8729827687073519,1.005901159011047,1.1084671717480066,-0.3644572927847771,-0.1620016530489709,1.225541192566533,-1.0706180640482015,0.4204804867230395,-0.1412562301837033,0.012135507952369666,-0.12355098181688617,-0.694914954613951,0.7011961605988237,-1.2480948728838714,-0.165727230386934,-1.171456248609599,0.5925594477851387,-0.558094980343655,-0.2589324858146127,0.0007210859883602233,-1.4580277667874986,-1.1980477960964027,-0.32264855640245466,-2.7969592313208844,-1.6215336311392554,-0.4824306175764412,-0.5943349812581026,-0.11283911053342624,-0.49581311670314177,-0.6087295930736955,-0.9495491944096733,-0.3613341940295308,-1.3857230425083518,-1.3487136511957512,-0.5629751450663413,0.4308786687697976,-0.2895504428468513,-0.6754512459697065,-0.7568824347354699,0.5329891354454788,-0.15661358529723451,-1.2359679454310737,0.7864987152035966,0.6792666832273329,1.2078025391365546,-0.23678656501577902,-0.5433872295041332,-1.5201333796331025,-0.7199461778562932,-0.08275679174940784,1.6877874808698672,1.1390050087831,0.024130762480358753,-0.12003626100328146,-0.5235639434426298,2
-0.7560531083780554,-1.7274750209172056,-2.192642235200935,-1.4111850033315028,-1.5266470257883504,-0.8458857256037641,1.1556957763722386,1.650696274497774,0.16265403490798924,0.394328784469943,0.7519145386247854,-0.8915926509678932,0.057622872467871566,-0.5203272164658088,0.015103091258440962,0.001686685408088473,-0.9469943210078264,0.5474599582455049,-1.437036159999451,0.15756004680815938,-0.8904997977683771,0.7141117655648894,-0.10591627732692022,-0.03984944003956171,0.17761716672031674,-1.6926178646620769,-1.1907834401995283,-0.34098504311580796,-2.7003549344609064,-1.4649666956200869,-0.5903216904412404,-0.18777609304615528,-0.010693787748921248,-0.6959945158932801,-0.6880578169760966,-0.7579537669239307,-0.4145649569865063,-1.4369807447002771,-1.100101216254966,-0.6887138741902304,0.6129962655305358,-0.12655324414191088,-0.8474049610738661,-0.8191255801627851,0.6904327546403982,0.059627432778042375,-1.017230309259245,0.8100512312742932,0.8771311613576134,1.1317893875947995,-0.20196985608977688,-0.5257598683184234,-1.5480503165029496,-0.8423095961956795,-0.17211036617883044,1.9330838351920947,1.044543860986537,0.15192482737139273,-0.056449315220793134,-0.7115064556057011,4
-1.5365122528224728,0.3350264912795332,-2.496219980284955,0.11480269438233559,-2.325657109272312,-0.2812662973485248,0.40727000895480503,1.8387162480145767,-0.04941657035637759,0.4588875483477871,1.2815474968522085,-1.062143807142643,-0.09424566636101092,-0.657003571354949,0.1252775297964856,0.09218417048275951,-1.14741229677291,0.24104363952998673,-1.449794006712435,0.09402869946086942,-0.860927383806694,0.4351641535320225,-0.5166899435075514,0.08607205656966807,0.23605373687777956,-1.6449752188432614,-1.2826469407909644,-0.4471751996040517,-2.596882263436193,-1.6437208172129534,-0.39467723737605953,-0.3232827930436151,-0.08182285970180771,-0.6435948818140897,-0.4916230595558619,-0.6922280319616936,-0.35399995555400054,-1.4164318506338416,-0.9905292006212637,-0.6401338622397165,0.525688374838861,-0.08542000711966463,-0.6262404867660465,-0.9443416334203913,0.8319932498975738,-0.15313382579284615,-0.8629582248642884,0.9403482174993468,0.7815794194186277,1.2624667646134373,-0.34679312875892043,-0.4902044892160644,-1.3329295197138213,-0.9157062518295044,-0.09634107091227109,1.800392933812844,1.0329469073662136,0.0803871671232659,-0.02016769238308453,-0.683920746273476,4
-1.4805236994865594,-0.4949908096622626,-2.126244666742212,-0.6595947386584335,-2.351227737062376,-0.18833422779394626,0.7877057877960318,1.4906236574656744,-0.18182234225819643,0.39641547043948105,0.5329550443126669,-1.0849840399842083,-0.13981910850888996,-0.44108068537094436,0.09661791817151813,0.08426142474744469,-0.8888690640408158,0.49184525962986925,-1.5411168745911945,-0.2274928516399108,-1.0544545614555334,0.6752950286997703,-0.4273189291296894,0.13136458212696075,0.00283318946969216,-1.4249037356690526,-1.395754132846145,-0.4071818644493176,-2.7549952603153525,-1.4421732497092963,-0.5589207428307731,-0.3292262276398693,0.15495911390086814,-0.6693091575596088,-0.5465863602433084,-0.7204111946933743,-0.4399203675487847,-1.357572081901592,-0.9896492587526368,-0.6116440466359869,0.7101090459835786,0.057542891281215036,-0.6366734317924188,-0.683907046472708,0.729448178448306,-0.1779899777481717,-0.9989666696226485,0.7998369481513319,0.817503297567758,0.9495393757005222,-0.11992799951775975,-0.5259901117727305,-1.6092943535552582,-0.751169013276526,-0.2858729019368877,1.9241946340324265,0.9805733786743139,0.013709756493927134,-0.020840781749814113,-0.6930915791903353,4
-3.107385144863498,-1.0121553269493575,-2.6191878994527205,-1.6546356185429811,-2.8047063173024895,-0.5981723514444018,1.1540385111876228,0.9552576252738484,0.17950657380924617,0.7035156966753197,0.7035081848465988,-1.263643465599607,-0.21858829383984726,-0.18602664177795186,0.15352094318741608,0.1477009172426142,-0.7896940890780375,0.6227667504457917,-1.3785909230127162,-0.18439109200002754,-1.0558475438743484,0.5715340306561215,-0.5748654092245259,-0.14679143004528172,0.48333155296139024,-2.016688534290717,-0.9963918874762161,-0.5463726542996977,-2.688515439144532,-1.637310108545916,-0.6969421196086778,-0.23844373410500555,-0.024855618400044174,-0.493287779262777,-0.48684910075237703,-0.6369766686002558,-0.10719757384113895,-1.425567882316948,-1.1296823538217302,-0.576058358040843,0.41711670628172764,-0.02981643611935761,-0.5449028106718936,-0.6946547957105881,0.4876485228456585,0.08650262934328479,-1.1020329537638758,0.889455482965491,0.6819963781655174,0.9680428192308476,-0.1760134286321292,-0.6276537591785611,-1.4645884154733109,-0.8869620786153098,-0.06533306149993887,1.7906802034020444,1.1507785844795815,0.05176551125716425,-0.24360543660889872,-0.6074605848528534,4
-0.09870646740532385,-0.5336418457040636,-2.947156999319386,-0.34810197491520767,-1.5145340723842728,-0.8721401304674173,0.7197678955540929,0.9822643763601586,0.07993155442160778,-0.2708225245030189,0.8439548286197307,-1.056763355652482,-0.025010946419601165,-0.19177866269406527,-0.24443349335716358,0.25143654659751863,-0.7316835013662615,0.06046529267434997,-1.230524495768958,-0.1310657500114747,-0.9676452497594922,0.584892877754929,-0.5177616373560663,-0.14471801163308434,0.07978594082104969,-1.67359668056077,-1.2218759790784604,-0.3971767324000994,-2.841100757308644,-1.3512271421177273,-0.22785644822830542,-0.3804254327333864,0.02173958265627743,-0.522797340364678,-0.5893892615605447,-0.7649248379301776,-0.2190512617981596,-1.2536716460639732,-1.0512919395424658,-0.554205143606614,0.46103071073576296,-0.0731799894904628,-0.5824533503033701,-0.8156281275413936,0.6619207898168286,-0.15660319485089164,-1.033558046852697,0.5562469598360987,0.7028151573370662,1.244562077490749,-0.35568788824484593,-0.5656326727552459,-1.4502986433660567,-0.74276681540776,-0.13706323512437693,1.8047434190801397,1.151664720778439,0.19576820994236882,-0.0011283154405514195,-0.6862777585823931,4
-1.4873940168972035,0.3015803434216422,-2.5349250573772166,-0.9072914466327262,-2.17738917835263,-0.39928995501004033,1.025580847121602,1.4455733477047812,0.34689699456049333,0.6964008490859129,0.577945525594459,-0.8997419053216196,-0.1432037564666952,-1.02288322043607,0.12253876418804509,0.004357951633164769,-0.8287321782282977,0.3809842434310425,-1.8314083750546886,0.04045339976494655,-1.26748724397541,0.6194225012228073,-0.3190444386900118,-0.2269387296862402,0.21033538838840796,-1.761428066698602,-1.2353195503394223,-0.4234175817214182,-2.8619722776571086,-1.5210305477971968,-0.6199732181672721,-0.4347884509230094,0.09286314577448879,-0.5291186628718161,-0.253813295386481,-0.7719108389768112,-0.2981214019279396,-1.4365328086604499,-1.402460496228771,-0.7121832761899269,0.6020171305774684,-0.11169543383864196,-0.6015010889806948,-1.0754234259607396,0.76471617612466,-0.027073749649504646,-0.9349048640694554,0.9655531785994049,0.9154223007875575,1.0801756639075206,-0.14504797913792228,-0.5208039705837381,-1.453910322601565,-0.9788520656732416,-0.13621989164468368,1.8146323392392099,1.143948184526681,0.04023710104514738,-0.05093540142335809,-0.5645268861071946,4
-1.83099732106119,-1.0186708473892432,-2.4997654668797544,-0.8585211290700061,-1.8480537777265844,-0.4944584356635675,1.1760787654019826,1.579241245084532,-0.2162110248102635,0.13835931611944377,0.9609963705734901,-0.99150194384712,-0.13621152370540063,-0.1709826697312713,-0.1771213387421546,0.17086286546591234,-1.246100168246022,0.2829772175785358,-1.4005342244840673,-0.11811988196356996,-1.1795855690356338,0.4404585407930623,-0.7143718781835331,-0.01907670504449574,-0.0021855769959587545,-1.4363355202723889,-1.2380776772259448,-0.46922787071266464,-2.6119326005852135,-1.4754291556982944,-0.5845785539310915,-0.3698673679735309,-0.045421881133748496,-0.8901078427437472,-0.32253386290090313,-0.4797361751868651,-0.11891460596084993,-1.4702366350945444,-1.25030825633392,-0.5669782378626432,0.4728694843485049,-0.21704337910345062,-0.6643719287461408,-0.650008516434876,0.6695775527503626,-0.18653409152612344,-1.2377139791039542,0.7746543263944096,0.6784614607232891,1.1458781595893686,-0.21218962479018105,-0.5974439040589431,-1.2887334455149897,-0.8516320319583999,-0.02827278465043853,1.800200422073416,0.9987320392231488,0.07201426951516068,0.07905774563039056,-0.8317638490019996,4
0.6109070119809188,-1.2307810870814175,-2.5738469167540474,-1.2381729519290534,-2.014822807014493,-0.6942909439390319,0.4424483834615641,1.385819221085118,-0.2412084341281966,0.07271247022021551,0.8248394514918379,-1.2145261931050675,-0.1700757742132067,-0.36784279781230306,0.12217458636317208,0.4341466439344334,-0.9644316219968626,0.28720702618657684,-1.2345572128903077,0.013786716448802902,-0.9000767722655587,0.6739211368190514,-0.5828475875233127,-0.08514111856366526,0.3553114599512012,-1.6359093105480675,-1.2723318538135624,-0.04653300344140038,-3.0404546545276343,-1.4638829963157343,-0.6117163010709015,-0.3448657241778747,0.13957597839564542,-0.6133114839095113,-0.4546105322313352,-0.9214135268664456,-0.14975185838130142,-1.6551590303828825,-1.0799472359246132,-0.5870313175409132,0.6108964582090771,-0.3517864179023231,-0.601834150749611,-0.6999994531607103,0.5520393376823952,-0.21825949432827613,-1.11832279910925,0.8670029534877846,0.7635701938949355,1.2707743937336626,-0.13200520029005441,-0.5316258311385054,-1.509591738311563,-0.7228421492460788,-0.0865587278903082,1.798777749013397,1.2285556908884834,0.014341182365533247,-0.025244949296097524,-0.7910264157568346,2
-0.10950587804900591,0.0014495784237440468,-2.5158339101856937,-0.7381742212429693,-2.8760297505340144,-1.5600004186541065,0.6569333442424965,1.386902311601924,0.17664696313383227,-0.20528241341955605,0.7547860181386239,-1.1724023086180906,-0.2306312320239325,-0.30443456289712956,0.11989392035279338,0.007365068105721073,-1.1220622324036769,0.14938264291893005,-1.1716307442843639,-0.217191371882285,-1.1049380937424673,0.5907287465781914,-0.5626159320941241,-0.14243563268333068,-0.01805211443284692,-1.6035999556363376,-1.2463816858102923,-0.5551694411592522,-2.9971752741313367,-1.5755303243407162,-0.5174674627380039,-0.344017559410943,0.22458298062145593,-0.6706147229170805,-0.5272591386068389,-0.8161094579389191,-0.3230674925431034,-1.5174488910596864,-1.2877506424416563,-0.540827755763628,0.4606240467875065,-0.20354299820960398,-0.5812087588929639,-0.7046945459593523,0.7768339035959363,-0.13490325348485427,-1.0177444468206875,0.9691264137038799,0.6513574706546925,1.0173887793921637,-0.10497753119247352,-0.6554804317692061,-1.31561383060551,-0.7985472283829204,-0.214044943635397,1.7942343533125018,0.9772471287168942,0.12895556812239192,-0.14826706495663414,-0.49138966441325727,4
-0.7903736614204735,-0.9082004605959033,-2.1710502561804494,-1.567660850928969,-1.873089924645181,-0.3888412062336782,1.362242668865347,1.6966545019264465,0.3048063294253558,-0.1585250357188891,0.7175538906271751,-0.9557250093691569,-0.26227498675627525,-0.29197832128025986,0.11003509418863217,0.19744856584307852,-0.7376519136113737,0.565181547714072,-1.1179755825657534,-0.03436142716800333,-0.8039425666786647,0.8456208898266327,-0.7035100757687222,0.05418284631941514,-0.07744805971239566,-1.3545451584062078,-1.5487561618703145,-0.36933475051111786,-2.588027098946479,-1.5238852365062177,-0.7678378062558934,-0.6462036228315301,0.02692038109662471,-0.7236706685929558,-0.33090417019307994,-0.6856313027382847,-0.3868052648214887,-1.2743961972706601,-1.1311795949831205,-0.7208266335214849,0.44440418763961276,-0.06631533927546358,-0.7319389439355791,-0.7708980665317855,0.7028133603462416,-0.1488184602578197,-1.0286253554518106,0.7353864593324569,0.7986692261696419,1.064575079229097,-0.03887335360432109,-0.553116051215798,-1.3250863974119114,-0.7385100889133617,-0.16020247462545564,1.909007868538861,1.0676201001517593,0.035034289340531474,-0.12652843699584687,-0.6564719930366193,4
-2.4224593402421686,-0.6523961162356283,-2.1484028076508648,-0.9881129433989708,-2.2260161833213847,-0.7237940788898456,1.138674670124613,1.421897146561771,-0.0162130857983028,0.5241339075035554,0.6768528135836283,-1.3623317522060043,-0.12369926678590507,-0.696342734159744,0.10910647253523745,0.12135856084621122,-0.9440536205420016,0.5412929874972585,-1.3974780786529026,0.12353870793170874,-1.071473026141528,0.7557768644309351,-0.5048906913936221,0.024018363161599596,0.05726788029798968,-1.575573385264196,-1.304657952407654,-0.3117278113863983,-2.9403757260031416,-1.547991592254567,-0.6603539211182203,0.03661346670769661,-0.053036448699071315,-0.8262530575726499,-0.34572999546908895,-0.7685756378252899,-0.11995473032545367,-1.4614733068017052,-1.2297823145905975,-0.5861733027810107,0.509922443972792,-0.257056502292453,-0.8293892553813123,-0.5949731546452466,0.6331142164173316,-0.0669455657632549,-1.1443020607209848,0.9126611214226914,0.653284344108167,1.198061630831835,-0.13036834263994135,-0.6745641788111724,-1.4198932760409788,-0.6784222744075745,-0.10513237663195907,1.7718143341080361,1.0191768966677195,0.03751518620580456,-0.010555751305752675,-0.5007307945426167,4
0.39988859893341977,-0.7936330734141677,-1.866547811969486,-0.8208381077629141,-1.8153695331213469,-0.7497960179542691,0.8458120344725142,1.6515964041677775,0.05514013788106384,0.3958910673719436,0.8503104497696367,-1.0695321058445741,-0.04519206431288668,-0.5152465285820923,0.04769019128991347,0.43181633209582126,-0.7511691117446474,0.42146112146526327,-1.4152911210064143,-0.03289659983272678,-1.1269683664731074,0.8369151750713815,-0.681743547185935,-0.03218846154476421,-0.027951575605422455,-1.4830881341510438,-1.3082827454094346,-0.22432838016858778,-2.515436272384243,-1.6640497310543565,-0.7136156235899793,-0.29794329069309394,-0.18438239365729878,-0.7794382535074855,-0.19717741841612285,-0.8464132037943135,-0.42298940652047945,-1.3669757926824984,-1.2408944871852219,-0.48591091590109203,0.4956002022429535,-0.05190473063549518,-0.5717611155854825,-0.745857968340183,0.8065071822708445,-0.060752745688117026,-1.193150589682448,0.9378664443395643,0.7466881203930387,1.1089367419313512,-0.07669813015490563,-0.38387099235658395,-1.4701075470982528,-0.8783497917580502,-0.1481137217113389,1.899118453308605,1.2683149972640761,-0.12455931478051,-0.026479342422228134,-0.6197766276881315,2
-1.2829359873620492,0.31489980850958443,-0.9014775959070598,-0.8452081713314284,-1.459801884590674,-0.3680787886028402,1.109216643327612,1.4300396988947492,-0.18275972771556803,0.2879173528486412,0.6493107794087909,-1.0656456908441185,-0.264269324608047,-0.8937628254765213,0.010944151512593828,0.20671865660047664,-1.1800807403945666,0.08924963666557378,-1.2656419491760813,-0.17369689291020884,-1.3277005161399393,0.5802861547467255,-0.5868823208199307,-0.28760196578336206,0.0626447245781657,-1.4483842138018683,-1.3287896463335673,-0.2530570177814726,-2.821350342480169,-1.5030957153434734,-0.6339423767868637,-0.3774206166849388,0.10479741207492722,-0.5767841745995336,-0.3309018193970303,-0.82721040881198,-0.41394643424895355,-1.3681604677803256,-1.1357664214692185,-0.4397369303637769,0.5154594307326946,-0.1883045287870322,-0.48694779791711174,-0.5387471887805616,0.482935766040538,-0.01244860840502554,-1.1016472771999983,0.8472369980446777,0.7895411999757156,1.1667296922215435,-0.2900608475569635,-0.7425199145706175,-1.4833825794987017,-0.749974778392814,-0.22406048116761668,1.792258715089731,1.0388077588006588,0.19274769221759808,-0.2335666907195485,-0.39602500935186374,4
-0.3494890097931237,-0.8635275111790965,-1.690014823539175,-1.217829738252467,-1.7769051626796757,-0.27867553798932443,1.3430417552385485,1.5764722534895077,-0.15258004016733637,0.12618733267395668,0.9179081169387311,-0.8847628226413634,-0.07920563667711861,-0.5180489874340173,-0.09241856511852478,0.16244901646953336,-1.2684909992396902,0.11967943577500986,-1.429581350932528,-0.3744314551310375,-0.8318534924212831,0.795295895982616,-0.5287349047794901,-0.20773728013362314,0.1619800878820104,-1.6319921720771795,-1.2470308323075765,-0.30277439620415136,-2.859101894419237,-1.500591484663656,-0.6238771340151283,-0.18082352893643353,0.02447019231695463,-0.5735497198056366,-0.706220442933347,-0.9127780000929573,-0.31937362653778145,-1.473236872327992,-1.3832069424340012,-0.4303379627344817,0.7157021108551542,-0.05827302829121213,-0.6283969611031666,-0.7550287169012313,0.6351600776601317,-0.040576282474004154,-1.0038007763508936,0.9122327742733944,0.8347924788266845,1.1300785272993554,-0.12679282247019286,-0.6660499026472019,-1.4333001069230435,-0.772439977678688,-0.15545722565996314,1.7368785193124885,1.1852456560889892,0.12180440903483428,-0.0366897664471752,-0.656184270677608,4
0.8278318358864236,-0.11982283537524258,-2.0471691826442866,-0.38363384568604586,-2.294879771888598,-0.5043775110192987,0.8214794133208321,1.1815718290182544,0.08636595070874292,0.23463326989395658,0.8213435958471568,-0.9808127925778307,-0.030343130452847887,-0.3729629679603512,0.020332499261711198,0.21979611874291705,-1.0776164723688317,0.2745924220631263,-1.3327800109819312,-0.05535656741090175,-1.118809857811948,0.7220667539735272,-0.5750340941647766,-0.29414107576681114,0.151183671133645,-1.574986551384027,-1.2697604842895105,-0.5329840108079573,-2.7674084564001378,-1.723002487042798,-0.4580424332702201,-0.2951925671408047,0.022664045265322737,-0.4989067950567308,-0.36695431370323917,-0.7287319328326646,-0.42926429158323537,-1.4022371186097107,-1.0448549316922986,-0.6687832841212838,0.7306213359976831,-0.2624337631279779,-0.6944013067457412,-0.8736008721265648,0.4378879749479246,0.044295024329640054,-1.0465763757803785,0.8648481412230031,0.8352686018173663,1.2442337669553094,0.03789699833163829,-0.6852585092890051,-1.4258726516227445,-0.8590188039425809,0.15615227726027542,1.780945252698039,1.1374213173176189,-0.08682178212582892,-0.08131859670916122,-0.677798399753562,4
-0.48104644515939166,-0.9423661128858919,-2.4059017197186847,-1.4828340779884388,-2.019530963686491,-0.7204580724002607,1.0567825933244908,1.2350633530810449,0.29105813908991346,0.4853009974216333,0.5530332859983621,-1.6694691518406306,-0.06657292800633155,-0.49502823967913345,-0.012976304558682289,0.20421451155415957,-0.9010599551079503,0.34609950422747754,-1.2198819942973365,0.012588999421647512,-1.1300073618216568,0.5157750975193522,-0.530293574124623,-0.07619488611618871,0.037096333897865603,-1.5303751050838035,-1.3466587378062234,-0.27812981723136376,-2.6853908690594754,-1.453755303104305,-0.5475898527060483,-0.2610280334206537,0.028173075022613073,-0.5385537765706743,-0.3733246896170759,-0.7354003807704257,-0.3145331387608147,-1.4377783572468854,-1.3389997615936204,-0.5712753972635126,0.8084540679646897,-0.10381607113228458,-0.6118632308447268,-0.6243207775357785,0.7458742566741868,-0.31450286543348627,-1.1328918724439463,0.7580916867768008,0.7888651667077596,1.1604060538344343,-0.14941999856253446,-0.5673378122241468,-1.568889071445051,-0.8719610231394201,-0.1615370215001699,1.8533050959673871,1.076509554822678,0.116822995392004,-0.06503007602500364,-0.7644732400485555,2
0.041485705708005916,-0.9577478973205874,-3.2479988441528436,-0.6918802359688971,-1.9154623244135618,-0.3825148817291981,0.5082214080727875,1.5014470108145241,0.0635041373557723,-0.28926811306953454,0.47842542717633313,-0.8689908294339537,-0.1713594342533766,-0.5824562183638945,0.14038314382887584,0.28092429917284345,-0.8138719795048203,0.650677495346177,-1.0744651965412724,-0.30636427182948506,-1.1723047802342605,0.6010164070211851,-0.48274334049566436,0.07606219534642822,0.05711519001276408,-1.7161664045148195,-1.36183977229946,-0.525904113348051,-2.6623606746403965,-1.2783935517579037,-0.5177800172899918,-0.1700794354527537,0.10465116796707688,-0.6909437435397515,-0.682793407215268,-0.5859182501121479,-0.3400680447854178,-1.4304635614685646,-1.2336326445949997,-0.3584742843327128,0.5061282754688906,-0.09604831758179548,-0.7349689694468019,-0.7825280782021549,0.6468457607625289,0.06559755052491112,-0.9856477139071841,0.9952429295108578,0.760950642112348,1.337456362886815,-0.25611616029923745,-0.6593705629724292,-1.567208818004823,-0.754730824155291,-0.20844949074789784,1.7562571630241879,1.1825721896281485,0.04140000383125656,-0.03922564057933833,-0.8439441215272323,4
-1.9969579245881617,-1.4081123077018995,-2.7055253720498214,-0.7911520749282781,-2.0593369464922437,-0.2687473661541565,0.5468781031020051,1.3098632100803047,0.09410456829406438,-0.11663058413084793,0.7093519970434821,-0.47472200983860513,0.06812950142653404,-0.3207131002770474,0.058912552858628134,0.5535763119592532,-1.0551596396846128,0.4536181985519932,-1.5656986895518634,-0.15990166513009352,-1.1117219951811128,0.7610617134024489,-0.6155329641180981,-0.22664793942417943,0.22959286412288576,-1.419436324458126,-1.118699749876198,-0.27425259921236533,-2.7276633225611255,-1.4924332970588583,-0.6181450985028752,-0.19641158706400863,0.07170502451820054,-0.4088751376664899,-0.46546886148285865,-0.7421044845563506,-0.3403879791528506,-1.5804324927899365,-1.3824607873005066,-0.5659370027963152,0.37664141776765003,-0.21835539492751044,-0.6150847907499016,-0.6845175045364027,0.6233190545195922,0.04439979282249061,-1.0629687442372002,0.788099568991125,0.7778058400517218,1.267881402851868,-0.10340735247578456,-0.5752859328617769,-1.4336852314021322,-0.7535859258525103,-0.14650142007102646,1.8150503616720302,1.0171696077512695,-0.08297680717756209,-0.01972458489669057,-0.6064037244663883,4
-1.3158175143732098,-0.8868369510934895,-3.0874730293269605,-1.562241075803183,-2.194255627392686,-0.9545857847753525,1.1456959001815297,1.171459095931021,-0.023812838565159575,0.20151444273437266,0.7701026981505422,-0.5074394952222558,-0.34229100433165016,-0.49423358756626523,-0.012608454752866358,0.48004286576340643,-0.8080410880352752,0.42891096271065027,-1.2757932018372202,-0.17562936936182927,-0.9283437342836459,0.852065547807075,-0.503101042499925,-0.09915185207000046,0.021000790776475625,-1.748149430017924,-1.520542617884189,-0.16233732928069636,-2.6531483416629826,-1.3137524746796911,-0.5983503043137014,-0.21119638036356514,0.1520020946398977,-0.5579172716357705,-0.5423665689769351,-0.872484928513018,-0.3594240230720751,-1.2879487251045458,-1.203099333388185,-0.7087209331945601,0.4724306959430021,-0.07788259862532435,-0.6293067359703979,-0.7105654294183887,0.5363711426184891,-0.07540827052571378,-1.0815239783854111,1.0387959926681494,0.8017400680891786,1.1343619942600784,-0.13818945355879933,-0.5925635662774726,-1.5998102120870967,-0.8357540062400951,0.045800418238874985,1.9286102202344295,1.0032517449464098,-0.05626347156955157,-0.14072962247874557,-0.5736350010273162,4
-0.14474236780159677,-0.953459555673386,-2.792443753217878,-1.325181295015104,-2.0650818006228584,-0.21786794034823564,1.0954641174190793,1.214954560631023,-0.10383004012208807,0.008438611109056665,0.5646883853604002,-1.1064430642749044,-0.12502237577850128,0.06905312822919357,-0.06153291426895097,0.3085564429819932,-1.1158974931675414,0.42235821980971455,-1.096222510456943,-0.12616136296549788,-1.08044227789037,0.9384822824245338,-0.6328537682598813,0.0321382213025056,0.2772864429037877,-1.6038672552283464,-1.3449494358953418,-0.536355961376295,-2.9107623464476964,-1.3700638682272095,-0.4100837831860508,-0.3448469992856224,0.061841700356772555,-0.7755867321847635,-0.2758050263493398,-0.6983907881671739,-0.18296823865431722,-1.3805162607975063,-1.316091703059796,-0.48547871908010987,0.3249664184113392,-0.21680565108582683,-0.6758600807617795,-0.4543006086569138,0.5304697096670647,0.002695577878182545,-1.1962289247751745,0.8134123545297647,0.6538397427937314,1.0539714805971439,-0.24978129217646322,-0.6686331524829053,-1.485316750646619,-0.8797649697717085,-0.08951978870112978,1.6915117784459426,1.1593244761722532,0.0009088546152418303,0.011038198714393307,-0.5979131817894533,4
-0.5136249283376061,-0.49380594098070324,-2.238556593807674,-1.0105759252662079,-1.309452296974172,-0.3439696200813963,1.6850881647785112,1.1708614322316508,-0.34968342111552253,-0.12742970771908702,0.8584213385638069,-0.7653634502727652,0.27898474013460517,-0.4618712448743827,0.11974512196837434,0.382388472784659,-0.7849306142339856,0.23477782531316335,-1.628098061043099,-0.0729655738495974,-1.0911741248618292,1.0230287294073386,-0.8417300806221043,-0.106067704579228,0.2500280770897602,-1.8173432230836273,-1.0582360402284003,-0.22014781309966752,-2.7400897127751946,-1.718789737549801,-0.5353637567668916,-0.448872565390504,0.06330557562343621,-0.46993541570837893,-0.29443895915300555,-0.7855425885360461,-0.3039632996441756,-1.546228273423811,-1.1340478327644679,-0.6062423571405143,0.5701130566648119,-0.26679850989382126,-0.8219877470400448,-0.7321554660558665,0.6117703704750689,-0.19665207428902326,-1.1308983160022217,0.7722426484285627,0.9920111704174625,1.0790003733826583,-0.14948520160560969,-0.5427929962953374,-1.4428455993347213,-0.6716233091893078,-0.14168281181902576,1.7949478242685775,1.1645223358434247,0.01746758937802321,0.12080787991473346,-0.7416303213210128,4
1.2945155611119432,-1.5684503388377535,-2.57155755309111,-0.5606281846322609,-2.0178908828803053,-0.20902854346305894,0.8426887166655006,0.7580434250837128,-0.3571096700548704,0.13208359386087887,0.44738068776420226,-0.9072237603192334,-0.49789396238333994,-0.31505341089962235,-0.04684806486321701,0.12786146715988492,-1.1851312709915476,0.48552148810801665,-1.0743109444416796,0.029205167424187245,-1.0485602434568118,0.83623331199115,-0.8908037307677567,-0.04051163336608927,0.25909205015373704,-1.5698265470033408,-1.6415556374804485,-0.34969091431637606,-2.7631820347782474,-1.231011862752359,-0.6751053318604727,-0.41647105415662183,-0.10705696535532863,-0.6436665157489259,-0.47879024015898525,-0.7841586945478657,-0.15375020370619422,-1.3939402436771982,-1.1417385516366434,-0.7082124023174039,0.5439009838482967,-0.1797622210388627,-0.7145542234581613,-0.8506726251518089,0.5637207022181988,-0.1815263526565592,-1.0955673855187544,0.9803044219568067,0.9523840712915356,1.0050190951050988,-0.07502786038258162,-0.46200272588882146,-1.4480164141617615,-0.7691357242706663,-0.23357369244817192,1.9077354217355844,1.072595099035877,0.020910166576774324,-0.00448589644529785,-0.6932031674113291,2
-1.660564150920802,-0.298912733525337,-2.2802572241696657,-0.33027547511884414,-2.1581819843241923,-0.32104227605733043,0.818170836976052,1.579733139452843,-0.11896357523583745,0.004585667344225913,0.3684858672319806,-1.242675501665529,0.09132556238001391,-0.27923996659803557,0.049884606997187435,0.2663998528826972,-0.6303386312673118,0.14582183725877948,-1.6622339262830779,-0.02211512708046151,-0.8304704567640837,0.777488156674427,-0.814430119147446,-0.09427089920486195,-0.16672880472555274,-1.8053943359232676,-1.311491537681799,-0.048002088027031486,-2.88099807754632,-1.5901264224268317,-0.32831453960795615,-0.3266642165365423,-0.10227009093201694,-0.5514191942469437,-0.16173526586732073,-0.799464907082238,-0.26497641468717603,-1.3407864028241334,-1.2389290849490158,-0.6214130942713821,0.4872280083055524,-0.22618270559952072,-0.836529345557843,-0.761052088459536,0.7924657898856864,-0.007560250610293376,-1.0269470044664097,0.9349446574744639,0.8538900116022627,1.0680399954050686,-0.29493345863447734,-0.6745635998399488,-1.4016325635550613,-0.8812236254855199,-0.17146619011594144,1.8152669025271877,1.1960604941135418,0.0924670028356277,0.04821900393704695,-0.7158266596810174,4
-0.9428456211931852,-0.6491361197941549,-2.945142006717173,-0.3397915863316583,-1.9386348318201088,-0.41340680096573273,0.7244549738302828,0.9558716328215758,0.4935929327501036,-0.1888438719898215,0.9000562426785326,-1.0994397261153757,0.022620536514293813,-0.6618241785782635,0.04269093805466265,0.5316324262156125,-1.062587262563577,0.3712497259051935,-1.3546746738234,-0.0032239261950964618,-0.9738544736868271,0.9331158500516397,-0.6929433449771754,-0.1055504778898306,0.11472671385189631,-1.525028929517481,-1.2998734823689875,-0.3604847103658031,-2.5368290705785257,-1.4569805126866766,-0.43998770604686305,-0.1699354437915837,0.03607581631777586,-0.6240736605700558,-0.49743349792785047,-0.8732881135141118,-0.45870198434533854,-1.521353265369403,-1.0308595439364154,-0.7579144878266421,0.5369199563257865,-0.17332775862061486,-0.7622301097191323,-0.747311696199184,0.7065869347272719,-0.08131423896941786,-0.9463987897989716,0.8147754983426405,0.7962695726428585,1.2341765439130474,-0.14904591186271243,-0.7439203205922786,-1.4894983759150917,-0.9082288871784435,-0.1353357008697233,1.8729846254132385,1.061171103293247,0.10057113910781529,-0.042719284081524006,-0.7596193511782191,4
0.8949680602695815,-0.4214569395343577,-2.6921415249767415,-0.23018209010421453,-1.949750483218509,-1.1556732337492062,1.7356585868446315,1.1544768145776096,0.011157412325244379,0.1914947506343486,0.9022702019664608,-0.745982425313291,-0.02391876068163469,-0.6334023200243812,0.029438321844797874,-0.06366673437897663,-0.7668709205301458,0.3789573397361246,-1.2765356775356356,-0.04299539491148105,-1.1925699347988763,0.7179566381105351,-0.6029030640784329,-0.13640394177178358,0.056144062107231725,-1.5814415997161806,-1.567481353852159,-0.296723738159281,-2.5768335532243585,-1.4934640949554239,-0.4048453986831922,-0.23788736733183788,0.055134112622975795,-0.5109332048568416,-0.27544485276417247,-0.5452752603039737,-0.30085362196460064,-1.2993629934888462,-1.1875897217252112,-0.6355908243057782,0.7026227778913792,-0.2972383051684998,-0.5714810247142745,-0.7305793453596677,0.5611531175228125,-0.21413741852360454,-1.0004434831351545,0.8435804111698315,0.6493848296239176,1.063562096890872,-0.23257593085012418,-0.5398739227408097,-1.3488556651301271,-0.8712279310575203,-0.14012848124412716,1.8569484181335238,1.1709755798728698,-0.09642287948109561,0.007192342213374593,-0.7353104180861619,4
-0.3920544911270547,0.35624197498279897,-1.555817128807391,-0.5370192590834214,-2.1115621310684363,-0.06431212146750775,1.2860892581787415,1.8225405335832028,-0.11022987561168601,-0.2505561027224256,0.8216295432050769,-0.9986274528697825,-0.019376425149133923,-0.18099156821295923,0.28544184659309507,0.28665664102171057,-0.7000696986854853,0.5587237511365608,-1.3549616795189654,0.0015548148574123372,-0.8671967137397387,0.9357348774494668,-0.4819646065917643,-0.08748608821860869,0.055648922151456504,-1.911366464164216,-1.3101770801275134,-0.6985091589410654,-2.868202715357554,-1.5638984378402543,-0.6448075479995342,-0.46068050186845105,0.12479142104750941,-0.6958325509373805,-0.5184399558699935,-0.6900391374028059,-0.4379602109478346,-1.4362592915379795,-1.135846995341792,-0.6501919292967355,0.5736119926432945,-0.2511092991668814,-0.6426548563186757,-0.8165747827442472,0.6410064064378669,-0.12377047121697643,-1.0871702136973151,0.7011339515157912,0.641378330607888,0.8321309849971108,-0.08960956234680295,-0.7250395809081104,-1.4125915827866826,-0.9440782247292061,-0.07461646452461176,1.7327964692433186,1.1786438937515367,-0.014408714669535173,-0.10189566961632643,-0.5974893954305611,4
-1.1758010041177593,0.16665304287147342,-2.329028470279708,-1.1238228431643442,-2.482516826250184,-0.0651868384616463,0.6852429631827114,1.4383517497871172,0.018351841956717824,-0.21440282587388038,0.8886203537683908,-1.0717712977339768,0.16779831611720739,-0.03232284843783917,-0.1482351838667361,-0.23159821984855022,-1.2458683942340587,0.7124703371395189,-1.3710439920159276,-0.16343387592340497,-1.1316208932523701,0.4527669235827929,-0.37691534275338334,-0.03366983708163471,-0.030638016773608737,-1.4904043658523018,-1.2743800053547003,-0.6370037892492271,-2.8221870207285873,-1.5509508967376795,-0.44951967056883124,-0.17078505550246634,0.01100166337734808,-0.7653654985717679,-0.46562130543522995,-0.8555658309018133,-0.4391649313283317,-1.2915316909774541,-1.0923046419486986,-0.7199782685003356,0.5104382670137779,-0.04891433384455589,-0.5904726528206604,-0.6480726062547252,0.7046891385104536,-0.040855308561145054,-1.1250454293886067,0.8230826943989401,0.7478326510516675,1.0833614517397772,-0.0376269147934757,-0.6438982329401871,-1.5246378651665982,-0.9511356907433308,0.004013390102552555,1.8245837282108268,1.1368676365880135,0.06721780337120369,-0.05043050183923527,-0.7688760292088577,4
-1.5725923010636764,-1.4067616231611437,-3.5418180967077513,-0.5249057927846685,-1.8895549629006256,-0.6238537033207139,0.667939832882821,1.3244394761834735,0.10459110350846118,0.09321784411256198,0.7212938927496352,-0.8177338250228305,-0.05238056192266438,-0.2279728077605048,0.1659975582569483,0.48082888049635364,-1.115657108949617,0.2995783382841442,-1.2756020709108389,0.08783336525086297,-1.4523415921410674,0.45765318140254485,-0.5673505295584267,-0.1921598165867855,0.022819395059159017,-1.4580934473383909,-0.9933895251416869,-0.3118376901839171,-2.7298600611910055,-1.4301757711286076,-0.42377943647672867,-0.45533543651707753,-0.18349767009758505,-0.5622488490950777,-0.5404755560687635,-0.6136334615250567,-0.3634561898083293,-1.3979298509234894,-1.2560501753084379,-0.5227936051864376,0.5063746857579511,-0.08769597775346727,-0.64862316915615,-0.6265018234431632,0.5226536542674316,0.012984667204392203,-0.9963497090402942,0.8944734613826055,0.6795604413898438,1.198873263563033,-0.03044149728584951,-0.5509591235684933,-1.226980678633103,-0.898880826894696,-0.2247144730075224,1.761620890245827,1.1740660098249591,-0.018175139283647238,0.0019328626934461274,-0.6823512497426335,4
0.7208109704799506,0.476118804625973,-2.856876948624947,-0.9739096161617494,-1.9761061502661865,-0.41766223232645877,1.106545941241205,1.4251599060656928,-0.260184955902804,0.023535791141134216,0.967131545100109,-0.5344036719114593,-0.06486861011587369,-0.2755830769411131,-0.08008246540918998,0.22133383760327324,-1.1547627772045084,0.24545356181199637,-1.3462282058945492,-0.0763925687739112,-0.8861308605860644,0.5209734413529655,-0.666907007807017,-0.14660062966541076,0.08258386533724373,-1.6962801180979652,-1.4018054401016333,-0.26727661820308773,-2.8845741126881954,-1.712565659226755,-0.46537026030036,-0.19602457103517237,-0.04497405951736978,-0.7508056075280878,-0.4741212000427119,-0.787664605234192,-0.26445170841661,-1.3687121026759517,-1.2689125942687312,-0.7390794009211512,0.4770044753408558,-0.11178855677594685,-0.6859162391248108,-0.7106098647510154,0.5876893069879291,-0.16957787557327147,-1.0704666098220736,0.8084212890700438,0.8012604494585437,1.2570440432405623,-0.2504709822201331,-0.45616898501669556,-1.5073281450469511,-0.7768397283820939,-0.09643172984138665,1.7052995344880717,1.295618680961964,-0.032112423693559745,-0.08015598079076178,-0.6127826689439294,4
-2.2970130021223216,0.2603590826145056,-3.0051053197378876,-1.721949246071578,-2.076114192909511,-0.6915684757710506,1.0474685672361073,1.2910572151433743,0.2137168336178549,0.2877122547582103,0.8645165870227949,-1.1175459647593027,-0.24535223107738155,-0.40862722390376266,0.2477716788462368,0.3139243116080638,-0.6851869615861064,0.36455846347501697,-1.3265630018981178,0.019440418181706998,-1.3468578657600432,0.9568118749375825,-0.6747513259222429,-0.2596816393291264,0.2587725197106076,-1.7749527759727604,-1.1221733481372993,-0.43661397300547844,-2.871232250242921,-1.5196600602540051,-0.4853093334389232,-0.3257165198879931,0.08344176679792562,-0.690533075372365,-0.5377066522666031,-0.6793303893564914,-0.17815333107258174,-1.5054330377281635,-1.236178562098307,-0.389644186914731,0.4692460584265039,-0.24468020899960552,-0.4511143056495105,-0.6631343059816107,0.48152128225738305,-0.12659423505863499,-1.087237353389868,0.85043708833703,0.821913411618281,1.0963134545242097,-0.2349192085587078,-0.4181835327255727,-1.5332201455768224,-0.9089229870585,-0.09806540304029356,1.721042446072255,1.1215491752546989,-0.06406532570606842,-0.037262403553770404,-0.8093396679831623,4
-1.340668243446479,-1.204005781467795,-2.533837625260001,-1.033666330222501,-2.439340982265504,-0.5996102913724349,0.9432532981243951,1.4757551997508351,0.5906282332753963,0.40921028140116333,0.729425883001583,-0.7681948555894194,-0.060482696176332645,-0.27247058111798916,0.3163689888174932,0.2087962287986867,-1.2588629198842884,0.14182783976643584,-1.3650349268022333,-0.06363650521127094,-1.0156386219907025,0.6342855477490836,-0.7708236861191904,-0.1831439513571998,-0.061058419330574404,-1.3572507430774001,-1.3851217731685324,-0.23590178424397648,-2.6806814653691036,-1.5431682775378146,-0.4344568603872583,-0.5887753528044732,0.007055763294690504,-0.603605125720666,-0.43888479560648114,-0.5404280182394594,-0.4423335352695919,-1.4157446671827363,-0.9416842678200262,-0.4276772287987535,0.45814305020337065,-0.10056858936592056,-0.6167505580633974,-0.8436328921673791,0.5329033785714196,-0.19656293466177188,-1.202822059689536,0.8694471949402768,0.5968506522107788,1.3040171335768493,-0.09480933044439521,-0.4621907738347413,-1.4892700498977491,-0.7911593827379262,-0.15372508025733972,1.7887710458054085,1.1966276751548377,-0.0016340008599066945,0.00044612956466001663,-0.5506215454299977,2
-0.9782192918125943,-0.5064927559416814,-2.6482863209679954,-0.8653401296392924,-2.1208165063820474,-0.9296167592132334,1.0618946932141016,1.1822653963147558,-0.15513047915657188,0.5265953217733559,0.7147877306573773,-0.7787244263320299,-0.1829980431897521,-0.37619880773139275,0.17482743761019992,0.5107508013586542,-0.9993794196356681,0.5236274855878225,-1.2451784328040194,-0.27795365229321745,-1.3032880877464557,0.9553125493099609,-0.525735765982738,-0.24081877698846987,0.26321623370372815,-1.5856402047449334,-1.2413377683215217,-0.3199294843004608,-2.846326265889116,-1.4488243909206815,-0.8213775023486695,-0.3025220248909016,0.060028148436378874,-0.5603736225234345,-0.5537277748099556,-0.6735659626992536,-0.393627205282279,-1.3735182447046685,-1.0813048949343618,-0.582859123894857,0.49823718116593035,-0.22308504661958228,-0.6378759542168577,-0.7242631721804925,0.5905978082741827,0.032386921722971806,-1.0383256770628835,0.7354500815091964,0.7169933088060143,1.0023672195075142,-0.20110531725348946,-0.5158583522855146,-1.4139169953500397,-0.9307001688888565,-0.10505567209653163,1.7181509206526409,1.037095869764067,-0.007093839733524947,-0.019595655220818103,-0.6753391488983514,4
0.7980461953040989,-0.04626353252141202,-2.074610601733673,-0.9214642137180756,-1.7821253933119545,-0.6417588251702262,1.14763071393277,1.5000210087959034,0.058147139365398254,-0.275633623600566,0.5976380634718884,-1.1692319903552475,-0.31182402776176543,-0.14222498997378788,0.20804567585786557,0.6214010613161185,-1.1966804466328622,0.4050486844596902,-1.6508573944885052,0.21566447323311036,-1.2773505982929125,0.9438488829053182,-0.41848054021473113,-0.07260149810278868,0.21819444613480704,-1.43929177989483,-1.5145987697697125,-0.4434235831284791,-2.6973841821914872,-1.629041690134876,-0.6027678437457805,-0.2236477992438343,0.10778306508471264,-0.7533526351721005,-0.5512789735555531,-0.6745416973480693,-0.3819672878721026,-1.416317233868829,-1.5608849312767128,-0.48418505279888435,0.23343653751089294,-0.21104479409025168,-0.6190438760086407,-0.6749268488917438,0.6767386189910727,-0.08015247856222918,-1.1023106098449067,0.8217808232881774,0.7206956237788441,1.0955811130120992,-0.048048107862312256,-0.5877102948817394,-1.5091394926870647,-0.8277854328810382,-0.09562432928498937,1.9076049795468535,1.039202182601342,-0.1122008308382379,-0.10247224078197682,-0.6549974732942989,2
-0.04330800212627062,0.8676253112802499,-2.2935211470952592,-0.9929665403777731,-1.7437749208043487,-0.9857038340445079,1.0751219410894322,1.2536373785857777,0.09381942773278706,0.10014416405062973,0.2755767966642621,-1.2363437004459208,-0.26926786873920183,-0.2901713035353474,0.08889122915512375,0.20309353077780573,-0.9665619064362632,0.40114103976908244,-1.2508995414668156,-0.11595019414612007,-1.5710788212469606,0.615446970764492,-0.3577258899608128,-0.09907922706526187,-0.18568788006233833,-1.472765669336542,-1.0542264835934914,-0.2017935649771899,-2.9449035391217144,-1.5061613166754346,-0.591462338426744,-0.30587570109511547,0.0317101953274701,-0.5743565319985875,-0.45627815166611696,-0.8058047688604796,-0.26563003204621277,-1.5529945041597184,-1.2228641324890206,-0.6551873290784672,0.544644259147048,-0.05334833703142955,-0.7040800465898432,-0.7649787450424111,0.512231033383272,-0.1712335113063732,-1.028664081874141,0.7780824160414591,0.8114546810222447,1.12847927359042,-0.15156176720026462,-0.4943113922183581,-1.4993976002508773,-0.9373821835386906,-0.0625259032869752,1.7590029459380652,1.0233819614458903,0.003117822461556185,-0.025154319060117884,-0.7021692411136127,4
-0.7802030318733729,-1.0408507024900775,-1.741142372543163,-0.851441226797461,-1.6290222077073313,0.3255281752663237,1.17455016036202,1.7363367942072856,0.34237815914767505,0.34197052456501476,1.1529169664643255,-1.117513651366616,-0.24945893312659317,0.025905179779565246,0.09625774466617983,0.25524778519568675,-0.745159852618307,0.4542179665182359,-1.3629254650069142,-0.15684827912903632,-1.215508462306602,0.40126764853591446,-0.42607996654125724,-0.24952727837140307,0.14117173209477213,-1.4240236201307546,-1.0531065643725916,-0.371262858747706,-2.753832805478928,-1.7792881016581468,-0.38688396507620715,-0.3884915455167634,-0.09000238382558727,-0.5469318801096946,-0.34780810036092746,-0.8374019592356786,-0.2087169166859173,-1.3127626717093424,-0.9546221303934419,-0.51896062175591,0.5073394664234847,-0.1758589432246246,-0.6964732699410819,-0.8320562194413815,0.8674440632207483,-0.19070236532004808,-0.9958027339201455,0.7961592301097447,0.8008664732399723,1.1038274798743548,-0.07430901998723764,-0.6546404083435418,-1.4201298316601396,-0.6231078155342299,-0.13280222432182698,1.6985463744188214,1.212491423183341,0.17685295369507603,0.024425978850855276,-0.7192150324820291,4
-1.8177757135020112,-0.7180207157898297,-2.1871791723860827,-1.189284239059242,-2.0141799325937644,-0.3920037485465116,1.1816958597282088,1.4454517223941914,0.24922191972122493,-0.045460400387029476,1.0117182103004922,-0.9406441290963837,-0.03661582044726214,-0.47223025546301156,0.05031723700820985,0.20906843710209377,-1.2317030524183652,0.6473029452479935,-1.5100600889355689,0.1862764237646383,-1.3924852736281066,0.7655577043696529,-0.7772063895949163,0.04580749667100373,0.011480836623833923,-1.461357311978878,-1.4128318190677998,-0.2653313361884171,-2.747908273179905,-1.6033473777401448,-0.7584220117230159,-0.45633360475954277,-0.045549619860507304,-0.6670078507900972,-0.7110011005900223,-0.7018173427751907,-0.5148705359546834,-1.2643904547117488,-1.2006302944743337,-0.3790886565242253,0.5534793909039607,-0.05716414167722664,-0.6323990416145854,-0.6450603454457035,0.6194121481192424,-0.10069171742869654,-1.246832514356603,0.6714042389639896,0.7076465433122459,1.2026718747530165,-0.2062682208915969,-0.5800472817611961,-1.457944649290674,-0.8377841151874316,-0.13714884706346597,1.7927523864921762,1.1741855994892967,0.02510200969688173,-0.021529012249872057,-0.6569442973458639,4
-0.14707788405698818,-1.4570308940071106,-2.9449224626616686,-0.9794389823628602,-1.87451179995282,-0.5991774274423555,1.3677043958279942,0.9506073011188467,0.24720321396643766,0.16785384869921877,0.7621680273839339,-0.9105696765624215,-0.18294444335673354,-0.19781818687151925,0.12694721532513945,0.47411570468062325,-1.1708416512510968,0.21253122752825587,-1.1616494942107902,-0.1272102048461078,-1.2105266146958822,0.5315660055078306,-0.5348201661055425,-0.17862791028661354,0.03222834512638917,-1.688710936536418,-1.033337621393076,-0.3218157377366196,-2.9481161460111958,-1.462970228577392,-0.5965086239596555,-0.45963213558722454,0.15861152622980873,-0.9134974566334279,-0.5663995994176149,-0.7217639770516084,-0.13154218464443487,-1.3879192270821894,-1.2696064826323412,-0.8311439936280938,0.41332768468029263,-0.07548827231562222,-0.6373097366212214,-0.9279979181341073,0.5703573436742757,-0.11046566142650521,-0.9851827232577458,0.8890115009319498,0.9244885652695272,1.0686177943429769,-0.304186820737418,-0.4490137037530362,-1.5059703029970375,-0.7384811326627159,-0.2201576364275118,1.7510841950975866,1.1320324304999845,0.050757327330837924,0.08109332675256117,-0.735789558451362,4
-1.3704976269076519,-0.5844910943714212,-2.9200799860650544,-1.486597894051736,-2.7843918523908098,-0.6372141560459275,0.5201458992301252,1.2230256783471796,-0.3122126100578834,0.05108301096935983,0.6211236154859792,-0.26596870777637727,-0.31972949739800227,-0.8142005145370739,0.012493975200838947,0.3291495451086989,-0.859114283615747,0.18193520269316954,-1.441969839370646,0.028006693247576958,-1.3215896222703984,0.7045133192813422,-0.774136346281098,0.27672381574947186,0.2566016278152724,-1.622436254578611,-1.1673763032732924,-0.5149470772412786,-2.569846886404803,-1.467365914127662,-0.525884949843854,-0.08194744161435019,-0.04628136299233049,-0.6336161435412216,-0.6305045107952734,-0.5506494503679267,-0.18961509964696127,-1.2750301711097634,-1.3359345985591176,-0.562503909975813,0.7477628752792421,-0.1784297362619523,-0.40059312886352255,-0.7351618430777617,0.5553789898816454,0.042335696509426105,-0.8464400404164008,0.726063884006904,0.781294391201467,1.1534802884886524,-0.3338772316440187,-0.567763519605637,-1.5335646811659713,-0.7333042721885809,-0.13490755863566944,1.756835716191497,1.1166690283711738,0.06931251921335961,0.07380663865817558,-0.6933065021292336,4
-1.0640243172392725,0.18641157438694322,-3.009806901256592,-0.7007709675067766,-2.156361611457787,-0.435518667543612,0.6249939592338183,1.166732165608344,-0.2826382300443206,0.3021014059463074,0.5035089883924414,-1.016556418927278,-0.08434939176296613,-0.7055745472443973,-0.08075303242285858,-0.092480659457373,-0.9037278999165166,0.5173390728863043,-1.35261794383819,-0.07433052218635398,-1.2241922474236522,0.8239646926744805,-0.44341952925831596,0.20713985228324006,-0.187920147925573,-1.6318597795957208,-1.4001880682351082,-0.08302046349074282,-2.693702440639916,-1.316212613486349,-0.5229585700470075,-0.20289862522192656,0.1438154786942002,-0.649094379897976,-0.6977820133341794,-0.8403380031147677,-0.23453307564395892,-1.34327964472142,-1.1888673018787566,-0.7233020702941113,0.4944346052338925,-0.08024918938842009,-0.7909394727077398,-0.7762126346597632,0.49510201734457887,-0.11627584687689835,-1.1535357489235136,0.9163403658718605,0.6981164966373862,1.2105833188165447,-0.19547954501718698,-0.651646167247119,-1.409782560767108,-0.6203980688139239,-0.05602547550965237,1.7606453184336424,1.09809361604502,-0.02540251819847049,0.045823328409965516,-0.4909165219037125,4
1.8873256480244767,0.07017463734044072,-2.542964317807706,-0.5522550554618583,-1.876992906340671,-0.8028852122879517,1.0216159005841743,1.4232287473257514,-0.3970848794554399,0.11819155600480233,0.5763518915873563,-0.7356359454144891,-0.2024933299920785,-0.3969019978269963,0.000486838440844746,0.45024786453779964,-0.995380273390293,0.12420633601594216,-1.5154671097650683,0.0636506024442702,-1.2884453070404556,0.6577088685236934,-0.6652526224999417,0.13756395737370897,0.16124569024256302,-1.4477899408756936,-1.1003722873503177,-0.13681447995060764,-2.6852052983681047,-1.596085017529317,-0.7242659568342413,-0.3648359858338088,0.1127649859280843,-0.6057327850933569,-0.5953689304808227,-0.5924255842728474,-0.2431820430234753,-1.4858425825398025,-1.4318953007259818,-0.5287940546977008,0.4709516037009282,-0.2500909299724116,-0.6439870004803782,-0.7141084482590201,0.5043987175066318,-0.14243777267451893,-0.865568540992298,0.807762315136365,0.7970308991733749,1.116377707580907,-0.25938188320323907,-0.44010474486807205,-1.6112235728230702,-0.6288104193622628,0.14296203141526903,1.829721946578168,1.0489762212166291,-0.09249548478969608,0.0196385354976472,-0.6493102691956961,4
-0.6006139364501497,-1.5231547587039405,-2.290676933012003,-0.4157828906417491,-2.200479172842547,-1.0525614633121152,0.9174124055438467,1.2337416109883799,0.3150213191579413,0.30915507709961154,0.6880243643342254,-1.1328914895821116,0.14032779236481968,-0.4570883559854717,0.35467577602058725,0.136243934675957,-1.2440155936773596,0.26289307163703035,-1.4995046365563356,-0.06920892248080238,-1.0267266594014992,0.7543931502273535,-0.42236099516406134,-0.32758893404705913,0.06577022878648955,-1.7678416046998038,-1.5097529750662075,-0.09548884342794645,-2.6710584697359456,-1.3681431807646942,-0.7674828593539056,-0.4651143454861013,0.10364596138131905,-0.4904744178069267,-0.5908440008280238,-0.8936098639458785,-0.3274623733943376,-1.3902438367901158,-1.4284568673182478,-0.3682312899281416,0.4885427944457199,-0.1801206304225637,-0.6603844118159838,-0.6489721406266226,0.49669979841149015,-0.04565740931481302,-1.0803869055353432,0.7605157038953069,0.6731962555375715,1.0028423371485766,-0.06798129328123476,-0.5543015327454821,-1.5811589842009273,-0.6920697941935923,-0.15074687153747687,1.849240985735848,1.1503519022489759,-0.04962917467514315,0.048165394906431666,-0.8638524050033957,2
-0.16930530316976944,-0.4396133018346132,-3.0184955869362304,-0.8968247897389979,-1.8071861156727136,-0.2476323353997273,0.880754051801108,1.3543300114465482,0.3098828871264514,0.3945369393428363,0.3931266508523543,-1.1012924362718959,-0.27541201771065715,-0.6147213032513652,0.004842606419062909,0.07250807362247286,-0.8096720151886941,0.12425774705638148,-1.2588352262805376,-0.021828954676698986,-1.251370123255877,0.8197498126514708,-0.6075966559651843,0.1454898652717026,-0.026538148860859964,-1.7468132619469614,-1.23632014035865,-0.3867312730213215,-2.8402439284069323,-1.5345120544686242,-0.5544432116437031,-0.3597103008387281,0.14567123476286375,-0.6359600497332563,-0.4933796359653941,-0.6448443161150127,-0.5059472007209164,-1.4957903930185195,-1.3937288051443975,-0.6130358926774444,0.628590308186554,-0.2707980395400027,-0.7090725408195557,-0.8539011681637856,0.7206760756834767,-0.16385389430686112,-1.1725919351705494,0.8503308152340509,0.9137809237981784,1.1671987185123796,-0.14468850704997946,-0.49750110958092025,-1.3779937715232178,-0.6900039425937565,-0.07954149992177639,1.8148998096175446,1.1418337726240468,0.025576313410046233,0.03984199810686463,-0.6999534172099863,4
-1.5309089455868063,-1.8048224489367124,-2.907885704396177,-0.6557419310553374,-1.963882822636391,-0.435163909265911,1.2716642746033775,1.234303104945321,0.0018035370009053808,0.19958048595211242,0.4672563491031644,-0.8956153600544609,0.18563986715710237,-0.06451762727399729,-0.06080697596278965,0.4758883293562336,-0.9935587628892096,0.26306207642798446,-1.083121296339262,-0.05965619095534852,-0.8477361874129997,0.6439819728228573,-0.489224068260526,-0.010917217994497817,0.13510634666295399,-1.9223491400617045,-1.0954671873886785,-0.30613639467665,-2.5485405768201432,-1.7301516748587715,-0.5052638922160454,-0.5226571013942549,0.20210057536630627,-0.43291766276396243,-0.5801512368396591,-0.7358527011765199,-0.18602670419781045,-1.239127406656858,-1.0213936578458696,-0.5644564011229352,0.4988946924593418,-0.004823555975921878,-0.586269788653953,-0.7934393311177437,0.6964143743071536,-0.028381808349425913,-1.065273373964352,0.86337458016057,0.7231512202069641,1.1222689982776195,-0.08524354004453638,-0.6701531625684507,-1.17951979081843,-0.6224698300018383,-0.12256724651870146,1.7178609536156446,1.1597057503083028,0.05878807524119574,0.08313404778451398,-0.5384844495410913,4
0.7470757078744361,-0.6021936812654428,-2.0412405641895104,-0.5641306338740102,-2.3776195375238727,-1.277846727880505,1.390986278826226,1.4024327545591138,-0.6466132710817751,0.2896437232207551,0.5771951349338824,-0.8455754626704526,-0.013261403338241703,-0.4582915482200396,0.3688256790226658,-0.23063481815057896,-1.0871144286226688,0.27695445323617657,-1.3805264528400294,0.053360860464973014,-1.2177280855129815,0.9504612217625723,-0.5786677812351397,-0.0949064252648508,-0.003990127769427962,-1.5879075383343,-1.104896227656216,-0.31335595324453464,-2.678928296802805,-1.437088520209534,-0.402679596775276,-0.14272883049118057,0.07100651540741956,-0.36353619171264984,-0.5041821504532157,-0.6884743145766918,-0.4880455147313255,-1.4228935127067357,-1.2322807316825546,-0.4503659751842546,0.4129244235247119,-0.10819505963398823,-0.7118898688486424,-0.6059649030200702,0.8014524052382022,-0.1367447758370216,-1.0981414032522203,0.9392653787524212,0.7165356030923824,1.1718422150877956,-0.051389781090844217,-0.5118452992716924,-1.5637903818317027,-0.8267423134437849,-0.21475874794516744,1.8059126870322049,1.1776274807581668,0.0269847559303002,-0.2373336207211803,-0.8114160588022441,4
-0.5189469189737264,-1.536958810088684,-2.4612548047944953,-1.2370274942111406,-1.156138819516169,-0.2586352574712396,1.050686582775874,1.7437385043728533,0.17720674860662683,0.5693901542587878,1.297910392567636,-0.9040454028661133,-0.10339219854930556,-0.4116694317276368,-0.16464579568617413,0.24769169511627598,-1.2542130434654195,0.04357856145425021,-1.0467348564956425,-0.08088631446293768,-1.2317029827483479,0.6729946195820499,-0.657812470485853,0.009262811635654886,0.042357354749773174,-1.3509987076510874,-1.5434468050519268,-0.18724664920596357,-2.6042236177609968,-1.479377841824836,-0.5022282672013978,-0.22332611362806842,-0.1572900150994237,-0.5578539336911735,-0.6274945345083155,-0.8794678900203827,-0.39297841123081834,-1.3759806125696292,-1.3469903560710956,-0.7958484912894483,0.5269667836122395,-0.24446890524909076,-0.6651452590686812,-0.751813708964783,0.7509240387472939,-0.15467474581998883,-0.9566294309323335,0.7247795389153296,0.8249770828224217,1.1197592447301254,-0.0760881751143709,-0.5499055293502634,-1.2695906355070405,-0.7613270380609818,-0.20811130579661663,1.9362196051594887,1.1671818596298773,-0.20308525770150107,-0.008332957952911724,-0.6373475097994948,4
0.07684982321777234,0.40969731779023544,-1.9884147968551296,-1.159431649031212,-1.6371304965146714,-0.3828693328122659,0.6049988386951995,1.2267814983624783,0.5445389904401623,0.18659759323960157,0.5446904755133156,-1.125624869120563,0.022756209585391513,-0.3940887826146276,0.056330654927039654,0.39426342573733686,-0.9220867528796727,0.2529922317853245,-1.1762045616285128,-0.06000109474879161,-1.1977696780981002,0.5543861212284354,-0.639938578226615,-0.2648984297904115,0.04854332092868674,-1.6371458853764775,-1.1861419368787602,-0.5337839279275349,-2.7765806658526735,-1.4540774085650359,-0.7045148451397223,-0.23580795721083203,0.13728900043890435,-0.6800116098484859,-0.2584736232999393,-0.8479888836799888,-0.4707234198228377,-1.5134001611173569,-1.3310351862593595,-0.5185832322515567,0.5031220037436427,-0.1574863108745648,-0.6566835754018183,-0.5856595705200565,0.5600586152149973,-0.1363084763862231,-0.8780386745938696,0.816875684043052,0.7713757817805731,1.2253537470112674,-0.03464441692981046,-0.45467195605395067,-1.3366888041411678,-0.9008083249334764,-0.11766084786712272,1.8825093780830597,1.0910256345691225,-0.12862008657667848,-0.13275922183953878,-0.7050160955711284,4
-1.3267194907320632,-0.35133692688345464,-2.8735008450947266,-1.022549070077546,-2.4844569054682655,-0.47813124132634255,0.9234477841982103,1.2813715632656124,-0.12132549269964948,0.16299924112992753,0.8103696712718209,-1.0246807792438495,0.03824380001877126,-0.3100271636884107,-0.08528068662662391,0.1943948874206579,-1.2824754371938394,0.6621631597746094,-1.3675238810276502,-0.04781210173729575,-1.0011939371776866,0.7994221615764976,-0.645978621903895,-0.05862747365806675,-0.040803508161362356,-1.661402523491742,-1.0733299482292602,-0.36645216370823824,-2.741296950203291,-1.6381198688750171,-0.6162734391915013,-0.4739321497047019,-0.033251698183283794,-0.7109493924347248,-0.5967947037359345,-0.6826369426801056,-0.3615875525096267,-1.4203689265300168,-1.191662079559626,-0.48717680578307165,0.582873448702795,-0.09182638453571611,-0.8458971252563665,-0.7717062050528443,0.5503002458078388,-0.00409427314989913,-1.1732373047153575,0.8492773813458624,0.7811641978189606,0.98760270661085,-0.11706118170663049,-0.5378794857246205,-1.3821908661926103,-0.7228993085753147,-0.14385570315205262,1.7534297359783482,1.0701348022135564,0.051694428800120595,-0.011146904323215023,-0.7524337046166221,4
-0.9248592230818821,-1.1724870880825207,-2.942390713317924,-0.7115064315373562,-2.8387383812757814,-0.10498915182821134,0.6571734204652524,1.1579579141645107,0.33088090500426276,0.7268949061308708,0.7808982792633568,-0.8274780948510729,-0.526873142764035,-0.17026961602662666,0.15707626113985626,0.17690490674596748,-1.143392468950838,0.4026189212076541,-1.8039388047618532,0.04557766251600495,-1.240176053708327,0.8329306049275473,-0.6137421029057356,-0.13705738688786634,0.02342917675248192,-1.5149625286402524,-1.0925007199144416,-0.025948606469531676,-2.6204559449585783,-1.4657654089863823,-0.5385760707945656,-0.34293401866343004,-0.29793607906730185,-0.6011943113469395,-0.5524021404803431,-0.5922060064548418,-0.1153674515693005,-1.4654215052682624,-1.0299993734546349,-0.5524419807897222,0.8319126269183525,-0.22953113970573452,-0.7539029474524205,-0.6725990099762423,0.6714138301279692,-0.10453645451764755,-1.1436599774746157,1.036683241631498,0.8099229853885179,1.0620969480206401,0.027504768711782007,-0.6170769795738805,-1.3936394066107858,-0.6736773782634767,-0.06777419257565137,1.7446593471035337,1.0215801147923593,0.15724950399126228,-0.13908450558552304,-0.6455329012629194,2
-1.1490465846781448,-0.8817222871815293,-2.7166106255973648,-0.6095536347289305,-1.6996423689011413,-0.4950049979031772,1.0231221582254613,1.3975798203700034,0.329253292093415,0.03049922608896427,0.7440184334840816,-1.0223021909462773,0.13468797820058856,0.14448424691232653,0.20050579212231692,0.25743318732580134,-1.324382371466049,0.4789979213240628,-1.5914460886663293,-0.06764466659109711,-0.9202055041911117,0.8363428841345569,-0.5458336799377767,-0.17950972501418722,-0.007311074456097452,-1.5970914967574243,-1.397290550222369,-0.523001213950199,-2.755895793171985,-1.459769933259032,-0.4762851424318868,-0.47187682547863274,-0.08425425078303238,-0.7280870532621533,-0.4783310104134933,-0.5876530083990597,-0.23128991673986116,-1.4039242792979643,-1.1198693136755582,-0.37119635877624246,0.6617872075342017,-0.22024670365287213,-0.8485764235797892,-0.8436397234342544,0.6111956566897373,-0.14282988155245552,-0.9592763375054987,0.8094343437278609,0.7938967745826365,1.2638067539149143,-0.11290753022659394,-0.6013758267832954,-1.5029437436203759,-0.911782795720417,-0.06886741972403126,1.9268630963069506,1.1403742072937253,0.13934787176846522,0.07384687313874713,-0.6495750124308362,2
0.08825706496905772,-1.0411739440776955,-2.624942913370339,-0.5441855198747899,-1.8709539276878184,-0.2534676937228213,0.9942877313739398,1.033599249278787,0.32037829653272065,0.30409706778574197,0.9678337449661225,-0.9092036242029694,-0.23083036551430186,-0.4641958862622537,-0.1840293399929194,0.248089391288248,-1.1582566410310573,0.7948373353118503,-1.3334808349102294,0.12130840918007318,-1.2209898089280915,0.5863254020796579,-0.6772995803110874,0.06827232417904734,0.17248248509352648,-1.460873783305967,-1.4261844288817416,-0.6082254339300126,-2.5548591423964027,-1.5206814304614138,-0.4723160643682107,-0.10058620658066847,-0.018605856983878934,-0.7179678288258345,-0.38479825655464955,-0.7994507798049061,-0.25751756582949253,-1.437183049045724,-1.2072168197164193,-0.5273063604297936,0.37033109027418026,-0.0633547222734029,-0.7426154989868505,-0.6728267985308817,0.6753480291812917,-0.19353671434520947,-0.9646692176531106,1.025620279182495,0.7946962515336445,1.1958171358065395,-0.26540439950413,-0.5773938505749616,-1.4197600576031542,-0.9011452281863076,-0.12559717368925613,1.8534012149560535,1.1052798367915209,-0.05798458622584922,0.027907367415321155,-0.6980520344577006,4
0.6345087383949317,-1.4012106440958818,-2.7148795645773096,-1.1632610608069414,-1.4654589939574265,-0.10558542041415331,0.9023163558720745,1.8253876576002876,-0.11580739312045024,0.11405826774266896,0.5374427802334705,-0.7362291237947494,-0.08478916479256683,-0.7583048200138672,0.21615338995931194,0.48412494907619624,-1.1816936597063887,0.570893772005758,-1.23107665574995,-0.08295396820682466,-1.2501285897399455,0.7615894723475257,-0.6555173412840087,0.07898464892790205,-0.10772604689058143,-1.4402139431850105,-1.3088600833859667,-0.3490216593176274,-2.897638152764066,-1.5853324140390617,-0.4861453638793916,-0.4897277853438924,0.10595654293548797,-0.5515355878030751,-0.6497438924152551,-0.8870189408094821,-0.37842925759698454,-1.2728834125618416,-1.1088288216028797,-0.5251988932711522,0.5247013587243434,-0.09371133412091112,-0.7299935838696291,-0.7249912483988957,0.616051700282396,-0.1151068727075526,-1.0438010159110958,0.6750999920133944,0.7951523570959652,1.0343407468608443,-0.11679616770421167,-0.5905921602283576,-1.691524842998034,-0.8451507142018284,-0.07370915812408545,1.8906655432384687,1.0716231481178902,0.03615871340911115,-0.03051486685040117,-0.6986342762586264,4
-1.3002204472888583,-0.29322765298819786,-3.123324874857754,-0.8603343762281963,-1.4802352535411596,-0.5676195955005192,1.4228973026602452,2.0990001853872977,0.21601447580245195,-0.015621406905886398,0.8919867023405926,-1.166099916106387,0.055169947138934056,-0.021749351033842734,-0.05974706159238917,-0.0596213738297689,-0.946596900915244,0.06504414840816886,-1.3348835629571372,-0.21061620680965773,-1.0280142234910405,0.8032400317555807,-0.5724852182798007,0.178138109384978,0.16146561573714935,-1.6122099629292739,-1.0899154432920233,-0.48593513442462355,-2.744183723436367,-1.572117240236294,-0.5530155146351934,-0.31380135384169866,-0.08380962614419923,-0.6817337587725527,-0.4697909196057051,-0.5870349413407651,-0.2728264032376312,-1.2868301435990463,-1.0526017601879565,-0.5961427475103185,0.3781950017327903,-0.10440168522621797,-0.7165292475857409,-0.6846426912865918,0.5016811529943389,-0.13928799477219594,-1.1919730209861499,0.7916658802877264,0.7624361270053183,1.1336113041695814,-0.12830901412865303,-0.6549819915068745,-1.2979646858653582,-0.8827921281038298,-0.0635411343795962,1.8719990740958905,1.0839508269845515,-0.07159229707812666,-0.05508799242305452,-0.7066870015596276,4
-1.1997068651222684,-1.8387613887791765,-1.7128362570999347,-1.0091349145425723,-2.23317876656262,-0.4778251089625935,1.3686333745109387,1.6088405548664453,-0.23886455500936132,0.40930403532934967,0.581698124224098,-1.0156002749491264,-0.054517511940859416,-0.28097361175498037,0.34232504570424754,0.34370803336188094,-0.9760087281237495,0.4996423847155562,-1.302336300706474,0.09460085581470656,-1.0271405228266342,0.5099815469036187,-0.6044738119960318,0.14237795885743929,0.17443008940946994,-1.1686242883482356,-1.3837841125102268,-0.3701428774305071,-2.860036449281155,-1.6871148866074523,-0.4697058480820029,-0.32885964261311634,0.10179744050180084,-0.3006109744838092,-0.5726839229612184,-0.6592758191172501,-0.4661565075397705,-1.4799896025114496,-1.1375274837578513,-0.611470398314858,0.593805393127279,-0.09815204130139873,-0.5473155372004394,-0.5331159352945556,0.5324031401491093,-0.08731342652667244,-1.0249123738495296,0.8566155328981921,0.7152452610464739,1.353966102188435,-0.007596072089833594,-0.509561992353414,-1.5998335179238654,-0.7293826699104116,-0.10673473455280694,1.9630041190984076,1.1343818662741065,0.056790451356643276,0.002352129424481403,-0.5801828275764281,4
-0.678181869951955,-0.6577728995062917,-1.7486239625684439,-1.1903033250239554,-1.9101306126499338,-1.2087345842343113,1.2263106183966248,1.6231871779701035,0.3546379777445601,0.011926510594710421,1.0870165530509395,-1.3201546107897166,-0.17408640772724737,-0.7026343688013268,-0.26264390313137576,0.25596025295797004,-1.0395689272867772,0.5085935732845007,-1.373518808144259,-0.11376346588788713,-1.2535128193934912,0.7496985432544018,-0.6708777725142122,-0.005413238315048932,-0.005847612650375519,-1.5340215685658238,-1.2127925460608246,-0.337357525566536,-2.563654828280369,-1.5380717926117167,-0.48596336558787673,-0.5737464219474351,-0.1747707262614127,-0.5036321158389196,-0.6623028521855959,-0.6701914374879067,-0.5582914286256397,-1.4679715486521254,-1.1363716633517373,-0.4610812571986256,0.6801745090154538,-0.1493863501010952,-0.7617192936302237,-0.7212860842184298,0.6206104531250456,-0.06348842240970448,-1.0792801607047462,0.7201085423446651,0.7832750881398777,1.2510943435202397,-0.2115314189007268,-0.6552493044473464,-1.4961935670076478,-0.6621285790189055,-0.09498493897690191,1.9188162867323173,1.075155352091843,0.058352374289112684,0.05540111005811803,-0.7895448010317314,4
1.2130811318806576,0.282563439201425,-1.8749387546583105,-0.9687717277696833,-2.0032113151910624,-0.39491839913192756,0.6508864658936311,1.2781554596972204,0.13076559480413505,-0.043528689190651726,1.0798253460416696,-1.306710929343155,-0.20504089289116953,-0.3329316279855924,-0.08726760468654352,0.19757070513776823,-0.8184482951739367,0.40962984004433195,-1.2606255891670146,-0.09502665835660247,-1.1872611732985328,0.7615184101540324,-0.8269311349455181,0.00733259057029239,0.15399642801807106,-1.5166513056991069,-1.2783611707092521,-0.440030556190727,-2.859879337583923,-1.5656114440757611,-0.396937909660801,-0.6128424761973827,0.11938413431320669,-0.40798396735333775,-0.4905349747017305,-0.8141008901585093,-0.5270484923164054,-1.3826861826130417,-1.333890948633694,-0.5503303004231327,0.47157477257812325,-0.15989841537366267,-0.7593083789944379,-0.6877836350855788,0.6716952794871418,0.04960189070950463,-1.0978108462971015,0.8394100513884003,0.8533225044386805,1.0632342738133551,-0.0704633132796307,-0.5565341089575875,-1.44021961080942,-0.7463734588896669,-0.11167189582194532,1.832872515361312,1.0305984882189576,0.06427841108287796,0.022221532762368962,-0.7259146554678975,4
-3.707374892592447,-0.6115624022862606,-2.3913431706503525,-1.0567408299716443,-1.7876172750345112,-0.17990517552540647,1.3124855424590394,0.7386140750330161,-0.09323261096714483,0.8053263714001587,0.7643276867968559,-0.8260803520182853,-0.7145029182658675,-0.355223668909724,-0.06856968839914696,0.3194667876393516,-0.9447378880782503,-0.27083529172769716,-1.346191424851999,-0.14666868588083357,-0.819917722517453,0.759425414767258,-0.6682804175164052,0.28484069000881657,0.3388803522836073,-1.648358167118808,-1.380607632214903,-0.4195294722278128,-2.6276314690508884,-1.5588102703624245,-0.47073619242663683,-0.4151141170522124,0.013041534699581647,-0.511981292529124,-0.5554084903755228,-0.7791771481096514,-0.07049357144082469,-1.4458809921135822,-1.2982380260272885,-0.4479025300476409,0.343995215387809,-0.2880320761601388,-0.6642964312722703,-0.6800605433641576,0.6903442655790035,-0.22416615238169432,-0.9859565813639614,0.673766730185021,0.9158467494347889,1.1358864228658678,-0.15912942896598692,-0.6621110507708555,-1.5041150022262486,-0.8926833457464188,-0.254736163071716,1.7931399244862325,1.008421059547707,-0.12441201033667212,0.06621870828469573,-0.6361165663963669,4
-3.0095959377460586,-0.03853893531151431,-3.08296887860671,-0.8665798197953459,-2.335203179776869,-0.829544282775782,1.1611261194965727,0.7874227771078035,0.7284701916273206,0.5372536502186642,0.7801678693949535,-0.916041885369837,0.05668417274312987,0.06979841888163202,-0.012738343318185144,0.267652897124404,-1.1735824353114672,0.46707160447487917,-1.2124655295293312,0.044688598716465355,-1.0467688966322324,0.5522767844968438,-0.587595748596856,-0.04066427382696273,-0.018676816510675737,-1.7599786343473376,-1.332432572607085,-0.30912814613708517,-2.703575455153505,-1.4488759075210225,-0.6871677829768016,-0.6079677027953805,0.1463670767875998,-0.7987344773228854,-0.6198866962414475,-0.6284592373502197,-0.6316932151770959,-1.399233080853879,-1.2738510602046258,-0.6119297898310367,0.5829449466946611,-0.30538230221366136,-0.5047405898895911,-0.7019902332427665,0.6642140952105134,-0.08444422654255758,-0.9436818274258295,0.9385384235368374,0.7506702462796135,1.0250250309644797,-0.20632337889888155,-0.7082763489147373,-1.383499857109109,-0.6070683312534595,-0.20958593219655727,1.886998500232643,1.2979726877503506,-0.013386199488351597,-0.1277678434964759,-0.7418072427450013,4
-1.2369514766360363,0.9193445892000203,-2.4766655462517067,-0.7931890652060616,-1.672207908409729,-0.5753879143122513,1.3474487821378778,1.3396773299414222,0.40426499842406993,0.23567204390020455,1.0964344854059322,-1.1080814603321452,0.24715156096048627,-0.36280285638978277,-0.05916897936829331,-0.10012194882929631,-0.978240859149836,0.5223549158395147,-1.4272132971280476,0.2140214724616387,-0.9588925425586926,0.6155613641906027,-0.8041215650624992,0.1456907215519334,-0.058522867245024784,-1.810610987139228,-1.4628854746310211,-0.47060219931708536,-2.7127825428235437,-1.3984144926326663,-0.6200231475133677,-0.3623457362685253,-0.012624657955342136,-0.6721521118801286,-0.5067454381989214,-0.8469326999610182,-0.4521510216566519,-1.4816842739302227,-1.2394963822387537,-0.6367400826785534,0.6175929621467112,-0.15477460934747783,-0.5251827896841781,-0.7530543824287528,0.6603809633937359,0.06042767407257632,-1.1147187808825367,0.9297411292413533,0.6168370144006918,1.0555302464380105,-0.26723234589640354,-0.511097793138239,-1.2701356025731834,-0.620934705745877,-0.15421212391447456,1.7985010213126527,1.009761695084355,0.009136463906361745,-0.05770279732589269,-0.6287634120786283,4
-0.33228440198619935,0.2562731933026259,-1.9783847687751859,-0.4234155142986695,-1.9014336281070061,-0.8079715468195894,0.8955043994070967,1.3826296430482476,-0.09188116029539165,0.006593000525437098,0.6787012243910581,-1.0640497641583098,0.3562534154678382,-0.34378324916978675,-0.01676425292596409,0.24465451792821863,-0.8857553265946986,0.2626982135278282,-1.5463841766943016,0.011192451246750251,-0.9116232063235543,0.6535920884718903,-0.9023751318535691,-0.1775507148230842,0.12993029233665965,-1.4138265865950135,-1.1789306627421516,-0.37573345014792914,-2.754441772874206,-1.640829903618787,-0.37696180619459907,-0.5318309138017547,-0.03114165308837289,-0.8317035395477156,-0.5541511199125306,-0.782930818195076,-0.45692946097433174,-1.3513369142746359,-1.3379928425635557,-0.49844402789194026,0.5580461651219206,-0.08152715421341447,-0.5676173983986712,-0.6854307938000282,0.8716829335577274,-0.17806939433887284,-1.1374108237077427,0.7423215903866605,0.891243558233292,1.122178926388865,-0.12840138996436545,-0.5796286440090621,-1.3613937589319436,-0.6375314918723389,-0.2518455961854519,1.8116532482816912,1.1265382312023022,0.1523831442880672,-0.18521695869216157,-0.5939127418171067,4
-0.5204718975870299,0.29028871842706816,-3.3135831167251046,-0.9885981749839162,-2.474414552777962,-0.9188256218883109,0.8859354620719163,1.8029906231392268,0.20125659658716405,0.1107006414486285,0.9483832586485176,-0.9001460127568182,0.1967963387552568,-0.8341514743473684,0.10141365891838158,0.1129381137307939,-1.3233578230773055,0.3209983560327811,-1.4755535188927196,0.10857403856218123,-1.3044340070421034,0.6198881461606036,-0.6057810134563586,-0.008454683532093894,0.05763890672982119,-1.707631051511099,-1.3222660613842547,-0.3833256664377669,-2.8559156298001507,-1.2601913131817202,-0.7364577994017738,-0.18457875450436076,0.0558790944111436,-0.5739664696419885,-0.5618011836124412,-0.6743103348720785,-0.25666676049080717,-1.283755841002428,-1.2435062855316013,-0.5973037006477071,0.5183445994115605,-0.14243381705622288,-0.5346952490189937,-0.728010733630563,0.36833360960441314,-0.049752474813364256,-0.9333518184490095,0.8308946021283061,0.6903325273298535,1.0739201941113836,-0.23586429288174515,-0.42627229152388324,-1.4026275459541386,-0.8767019150571436,-0.1071178940502914,1.7165172787360121,1.0342944686812563,0.08588243353486597,-0.04759030578375411,-0.7558524387321244,4
-2.5132969738939988,-0.4896752014075075,-2.6414084116588654,-1.0464057827583917,-2.1206509342152335,-0.8761632333521658,0.6621138904777142,1.3617062582887478,0.273201465044187,0.29447067995917015,0.6726171770182551,-0.9591464272580184,-0.18425206311586595,-0.2612286178940322,-0.2952707937368372,0.22434611721712763,-1.0369816363889657,0.1697485893120516,-1.3020974634275269,-0.1051337628706344,-1.0829069085287968,0.6509317682505139,-0.5536361569342605,-0.10569208819710994,0.13194727926997435,-1.7431360609377762,-1.3890859449221848,-0.44970476601702686,-2.4464677023958523,-1.4972709967342865,-0.6587574149158346,-0.1449712163601423,-0.24441655655621608,-0.6757372659777579,-0.44741586073009487,-0.6645558411400058,-0.27250596132437077,-1.4382275478149327,-1.1114130610703408,-0.6333178293786438,0.456543496108207,-0.10810176100246995,-0.7033751512102604,-0.7429648878165004,0.7068213873572721,-0.008449538036566041,-1.0619657943965752,0.8970495861948931,0.7938175196961702,1.1146738727304697,-0.2169529342603635,-0.43995621759344894,-1.5113099756789659,-0.8122592238538585,-0.20116305261322368,1.7533343648590691,1.1597006248355295,0.0046535531527523485,-0.13383555479789933,-0.6502139438157346,4
-1.6052334285594312,-0.7912662942746207,-3.2748352307530597,-0.5803149239236539,-1.7474954531423834,-0.3726737347782486,1.9578632661502477,1.6411914676613166,-0.13229534943601504,0.5110046221721729,0.5865248020458648,-1.3112288233623302,-0.17413529933610128,-0.9458935019648684,0.1682606888988006,0.45017822117601286,-1.0918764783638184,0.2507387851632451,-1.6551630576418648,-0.12882681762943549,-1.1238661684045872,0.5441496821541727,-0.5269256818459239,-0.02026311931957022,0.04779109923248462,-1.5544918014212592,-1.3876190629281948,-0.5790701160224473,-2.6497313632666186,-1.2903481543351452,-0.6412566381470355,-0.4240929520902663,0.17525814343476873,-0.5629007181257955,-0.3000903092374354,-1.008801720222836,-0.21613940459161635,-1.3074808793695425,-1.0530964633694406,-0.6312354691190181,0.46510229683333243,-0.11979499081823872,-0.6634259148614001,-0.6448518826570928,0.4766641547688937,-0.030070583344783117,-0.9178041119518037,0.9484678469734383,0.7757471885401925,1.0443944689575164,-0.1567934514566775,-0.5360960041829129,-1.3544443168628246,-0.8477671699678911,-0.2418160235915059,1.7872077174760206,0.9928207393369022,-0.0482740984188986,-0.011007656638125696,-0.6556471746816539,4
-0.0398928403907618,-0.35935787711050415,-2.283173919244049,-1.013750429976574,-2.8278726395522495,0.018893688265207542,0.48117077312944634,1.3638142563282198,0.3700287795415607,-0.0033672570516513067,0.4847202572719741,-0.9789382342488461,0.10361236994290002,-0.6668297115583091,-0.08718167352009709,0.16060417000743843,-0.7489408659210616,0.2140582891954162,-1.4987717839285315,-0.11745481498431687,-1.1150112412525963,0.22082647404433592,-0.48317324675567996,0.16337192657713037,0.12207084405105242,-1.5181003672362452,-1.342578889610724,-0.5297063900990827,-2.6880297765013674,-1.834967110790515,-0.6073786034093107,-0.3485490626950837,0.13541840885951675,-0.806757912176149,-0.3738294929339036,-0.5599142199314516,-0.3489484805153678,-1.3903979190925675,-1.20404558958459,-0.6231478348745537,0.43807499371113645,-0.11623314914224409,-0.6070464870719864,-0.998830038144038,0.6053079109975793,-0.10183040795140613,-1.015674080675159,0.9037046342897387,0.8816722464583189,1.1469988123213648,-0.19981078816078884,-0.46076501437248296,-1.6079697247113722,-0.6891600926921924,-0.24988836512719248,1.8649379466133311,1.0874940470414003,0.07377721009877,0.01152005789254442,-0.6795176900716162,4
-0.4624923786334634,-0.3299528929523702,-2.9937787454006006,-0.9925502889344568,-1.9796386891562672,-0.8504697778768849,1.003852261018186,1.190008637726266,0.17562211555658902,0.35307096580089337,1.022945053113643,-1.1085697574756879,-0.03936861756455714,-0.22259029455726376,-0.3461142499371038,0.4933878889579474,-0.8545970985181957,0.602364464011226,-1.391561518388471,-0.18382768395007493,-1.0955471454054264,0.5395804325100635,-0.8487665129070278,-0.0663275990063916,0.2926208009145109,-1.677064527670747,-1.415490382266852,-0.2831344329643839,-2.7224452788965454,-1.5273547411538642,-0.4958579625977392,-0.18190630555500423,-0.009386178552606622,-0.4316399538394281,-0.5895691296379286,-0.8068351149930577,-0.3897874548036343,-1.558835660547747,-1.3385534453506354,-0.7188382875403264,0.5850836891770399,-0.2771973033224904,-0.7559757048734653,-0.5973141002398779,0.8444727208203289,-0.09510651572800943,-0.9511872869874985,0.8155194724538269,0.7360004535979922,1.1603950130365517,-0.1430708743046275,-0.5694513057304628,-1.4046388353824497,-0.7961069466342823,-0.2060286303514202,1.6811189858079343,1.1119097856109597,-0.13782422854455814,-0.019135134969447517,-0.7910924716333687,4
-2.4435441514896006,-0.9026977026287912,-2.3443376457527205,-1.1816689413320487,-1.681813957813841,-0.9812413775677433,0.8985050420512244,1.9315754518092598,0.17389997243347144,0.7063618085483793,0.3903264786818207,-0.8959308597742194,-0.17143939509471864,-0.36813862595052005,-0.4083441365986967,0.4997812202696341,-1.1405583900747585,0.40014451132800144,-1.572389327123538,-0.5571518943643818,-1.074134620794629,0.7208690431853496,-0.5811198498400444,0.01201909623049073,-0.24410962244837453,-1.3987255943121795,-1.2317228928872186,-0.45998532152457133,-2.6173157343298166,-1.308990221779361,-0.7479855287061312,-0.3900852127247249,-0.09329821344590204,-0.6316729888871668,-0.5663167657122068,-0.9082662333426623,-0.5384971390052739,-1.4842005246543641,-1.2633741299368837,-0.7042443290139694,0.5213980950321577,-0.09190397886303037,-0.6255319482966761,-0.7757510308170997,0.6499050635760951,0.12434527855911848,-1.1006698307120104,0.6891692398385814,0.7985782234876332,1.0592586594431992,-0.09923528002974275,-0.6392963092286544,-1.5152564339259862,-0.7981550007599488,-0.1865138225737471,1.815046330023857,1.109826998370141,0.042339249313128616,-0.11753110482571931,-0.6134549046283633,4
0.6868769776922816,0.0019194025218460808,-2.522798301359658,-0.7764850511418009,-1.9694090671245736,-0.6018159144859756,1.1207865345719046,0.9039997298216851,0.1903657547592813,0.3408281378777499,0.4239370534450155,-0.9786413696445831,-0.018643679127419176,-0.8816252089943033,0.002778539805961544,0.3120335493595778,-0.867380596392335,0.23014870374987356,-1.2811300524648497,0.04738079854504211,-0.9500721788873402,0.9045144885525883,-0.46655138861311074,0.031168646637804262,0.26729495939829356,-1.555140115912576,-1.1639753594046043,-0.1947677276492507,-2.7619048275597913,-1.3269380263786499,-0.4211791444981552,-0.4958950015854916,0.10887948897124934,-0.4994821140456148,-0.4605742674616735,-0.6185254169107766,-0.03147026666282943,-1.5414263173768998,-1.1015793108193948,-0.6248715200830126,0.6959034290450905,-0.08982578848076264,-0.760278106769094,-0.7543609118080425,0.6991999513313175,-0.03836591937118518,-1.1457585129090428,0.7871092333308903,0.6917066556315559,1.2269678733208667,-0.02802412684740646,-0.714839911595269,-1.4979362928090596,-0.7838153403825944,-0.09246175408755981,1.629360398092359,1.1878621761962933,0.13969549715796908,-0.00788258566556442,-0.7080246387009692,4
0.5894426598910731,-0.9168285729271436,-2.5799581206692093,-0.8018034654513344,-1.5186570906225128,-0.6984415741536045,0.7484408365259443,1.3228698000070662,-0.15246462675774,0.1291414199626996,0.767337308394558,-1.043602475753392,-0.27796371633683026,-0.6346183370184332,0.05287955631252772,0.5702698921219922,-0.9138479756758643,0.5431664885025409,-1.5305246027092925,-0.03983911517342502,-1.0380167342927573,0.4337919244429756,-0.6862146643438557,-0.18846691233896976,0.032889223199576774,-1.7255563644155372,-1.3044208781575606,-0.4036913139602502,-2.6303247753238614,-1.2603001107147582,-0.3399892599939438,-0.5240325660872758,-0.0909703317294994,-0.6170018314168901,-0.5843799321426981,-0.7625733545234681,-0.41099147921235923,-1.2508952306098178,-1.2724630793856841,-0.5800975670837958,0.483628037393276,-0.11405257606267243,-0.5475576952440017,-0.7130242693233003,0.5607165150254224,-0.05520918581690742,-0.8753033683781599,0.9606725417618122,0.5540377939174863,1.2495457217579875,-0.4028033099494265,-0.6979265343702685,-1.4359331967942497,-0.9577238317307646,-0.13590730697862333,1.6978747183704397,1.1439857421056718,0.05021936960468719,0.07056741525647774,-0.7681556932247947,2
0.1270614663847197,0.20969173860673884,-2.3279149147482556,-1.5431016945411762,-2.4534724256909213,-0.8559411617242695,0.8337145932000568,1.2828443381636832,-0.162617241446846,0.11966308429959667,0.9913666706054547,-1.2552752392848536,-0.1845559220054964,-0.3543012263729511,-0.16259440869627237,0.24258917134426589,-1.0063671636153604,0.47512784204100345,-1.2509020731088965,-0.014676827346200162,-1.2240680353323172,0.6903610383025836,-0.6673792816943334,-0.13856119757804175,0.1060302584770714,-1.5130184279049606,-1.29889269811438,-0.3324504125075598,-2.8205933664416305,-1.3329555663893649,-0.5451690030290451,-0.29246601338668865,-0.07807824138626358,-0.49234225732957326,-0.5018656050320293,-0.7493157387136473,-0.25742191964469197,-1.228613518326807,-1.132491124919322,-0.7886312327375029,0.5694958601510818,-0.17277270770633518,-0.7260121706171709,-1.0355538747533464,0.3446732796075819,0.01428410854949004,-1.140706069013442,0.8950033322134778,0.7244965361556446,1.1047162783591025,-0.19105901240096998,-0.5977478170772923,-1.5480976730082059,-0.9034998212892029,-0.023505226660688328,1.8474733952512932,1.2578455620935993,0.049137243137735216,-0.1495725502807918,-0.6747959955456367,2
1.1559157248470968,0.24064376267792142,-2.548203215151279,-1.3558473141800444,-1.7125730014942113,-0.7961024694108149,0.8701209647072652,1.9312297047047864,-0.3257636285945596,0.41715506877800806,0.658102467081323,-0.9725803286825757,0.6514309872521215,-0.17612903299971525,0.0944897730544106,-0.09979990407625816,-0.8340571006919724,0.2676605560080894,-1.2898710686831483,-0.15296107533914144,-0.9352902011769922,0.9593849001734267,-0.4908284075081944,0.04877102863245644,0.22328100648481827,-1.3802401904390627,-1.2706164542517147,-0.09967616453637806,-2.8177768663120872,-1.4861215004127815,-0.6935119648621701,-0.34445026477799984,-0.010165557744971306,-0.49585973019791674,-0.3339362717874279,-0.9144502417282004,-0.40542575789144963,-1.4267517151471538,-1.0938738193403081,-0.6211781531218363,0.5244071921333153,-0.23967341621776855,-0.45209947048699484,-0.8382470092295738,0.5782307015814055,-0.20583666107093698,-1.0008318313650895,0.9284556639587551,0.8408194016085074,1.135662312797401,-0.1099345473266922,-0.6288106809667635,-1.4543897305772893,-0.728175075399302,-0.4089231384920424,1.796862684108127,1.1581661166337507,0.0033681070769532202,0.002683206374646363,-0.7317489374862781,4
-0.5076233776119852,-1.4575049398384623,-2.737442868479616,-0.719634856762912,-1.661116880844079,-0.5360382682341093,1.0323964162660386,1.582925148371631,0.20353825985764523,0.2766732302475923,0.7267603747195814,-0.6814992121798308,0.06696064028413279,-0.5584283138505612,-0.0697511662138204,0.5387213395560385,-1.1179794418058708,0.12309474129769393,-1.5705458632719456,-0.4119147741914433,-0.9293043445153075,0.7386436363799064,-0.29636107968363345,-0.245480887678322,0.02308433884092307,-1.6733235579648724,-1.127277498037741,-0.16988457955008976,-2.7256035929115527,-1.5818308211043028,-0.7939478377692619,-0.37111908861537796,0.11473987938783246,-0.6480720655158312,-0.6653511884539374,-0.8171225346489677,-0.37516780185271914,-1.4976365237754259,-1.2211105540807672,-0.5782138051320352,0.506173063347219,-0.10356075448346706,-0.673638811673266,-0.6502584356752179,0.508646244683743,0.0750593020602077,-0.9546322695350993,0.8968446017892856,0.7256846226129284,1.1247542294230637,-0.17203216259206294,-0.5158935341710975,-1.478500723384482,-0.7657877232133612,-0.18396013953224366,1.9150988330890086,1.0277604620682677,-0.10213707756222992,0.05282620104740965,-0.5470427870688944,4
-1.650178086445972,0.21540428186600213,-2.819052248370681,-1.324413420899394,-1.8948451610446375,-0.8514108408945816,1.0259285899040562,1.1411581097682122,-0.05398215879024004,0.17862969366149092,0.4278238583380553,-0.8456437881412462,-0.08030880168943902,-0.5515348659035018,0.008916379812430285,0.3312731227693048,-0.6199786044227718,0.17834768966038672,-1.3645109575112226,0.21208953875213435,-1.02666813246548,0.7847233112990589,-0.7303152568967003,-0.047649428690756494,0.02936511813155697,-1.5568568439725197,-1.2408226057352774,-0.3820704438343122,-2.668960953369306,-1.4408489191722167,-0.6760778147662474,-0.1414808069210391,-0.08156262611026133,-0.6191187068980175,-0.5017548072367375,-0.6472458132944294,-0.2637491468575116,-1.4136065510217986,-1.1038580131515756,-0.8338058553762067,0.3904673687895036,-0.3734862402254015,-0.6592875382839128,-0.8758828035813201,0.6857899203081312,-0.06353461525315676,-1.0873927185779544,1.0154398402244995,0.8179045571646714,0.9793822086767698,-0.1370657012174902,-0.6958644983889244,-1.4073230907264485,-0.8276751700616559,-0.13463883002534235,1.7037854311159684,1.029850957931307,-0.07443525621870775,-0.16990313887960232,-0.848703390200442,4
-1.8218306292808903,-1.2905967231721194,-2.2057564300094383,-0.9800166230436976,-2.3444106630692447,-0.757357155324246,0.8980136789360641,1.399173357347696,0.019683317232612976,0.38608730659687485,0.7457147999438086,-1.2388222266260929,0.3205122328250827,-0.5792769466567811,-0.110780547360294,0.41923732148787585,-1.0146496725976344,0.18693052810434624,-1.2638533355782098,0.03222683089913346,-1.0442980749137556,0.7798946888529321,-0.5970671802992722,0.19227626163066228,0.1306190994606741,-1.2859339767558646,-1.3578435450935038,-0.5037459944909258,-2.6710195035508093,-1.3199915964908684,-0.6037964208010026,-0.18673256252695464,-0.2335336301980721,-0.6337317665108935,-0.5335094309293008,-0.8217116871580742,-0.4459495879879844,-1.4787661252134021,-1.356794232717217,-0.591947110283044,0.4610620194339397,-0.1631304012484186,-0.644976287230499,-0.7040596517010472,0.628892682482262,-0.2012480836001854,-1.0163860997382548,0.8132861060416273,0.6660909338663716,1.0722411684975548,-0.10568941870328108,-0.37506365170754563,-1.4941787781617542,-0.8295818388295383,-0.1694194519636422,1.9329543588131974,1.0891256064616883,0.0191201800168524,0.1271351675384665,-0.6339362310821266,4
-1.1106129212480171,0.1953548097152974,-3.309127877433066,-1.1920610706292754,-2.208221523547655,-0.7769691890425234,1.1459818303164027,1.1508260541752156,0.1983632262638546,0.22326354467677556,0.8554728633950001,-1.4292323194529062,0.2156224372408472,-0.4468552038861465,-0.09099651560998726,0.3556529554644813,-0.6005713650992156,0.6733659850111396,-1.6018459954188358,-0.2012954957697426,-0.978045207399796,0.8050522909220701,-0.5311601090149105,0.17366003042864964,-0.0876707968045044,-1.65946985778455,-1.322828801047139,-0.3302902348869201,-2.685788413291831,-1.479056883316585,-0.39853602850868014,-0.1660771089726711,0.22403646111672976,-0.6875388569881001,-0.2723035384621305,-0.6864968720700578,-0.37835435921396826,-1.25599723409113,-1.008926594352278,-0.7224424414956154,0.6206627638839624,0.020213325220581668,-0.6131321323437378,-0.8572811596396402,0.6750840619156453,-0.15643046292924428,-1.0032552233010426,0.9976173002942761,0.8589348251902517,1.2276196345144414,-0.18929270583522742,-0.7170908101096565,-1.5233081823786936,-0.9883302257335583,-0.16974827886565444,1.9216712836281216,0.9878953101752285,-0.024989796059419464,-0.0570282226167086,-0.6093291621678295,4
-1.7982352794614618,-0.880262298568449,-3.162904568891029,-0.8955933520884296,-2.118738885221128,-0.9178638706265414,1.3662626521682832,1.194870728553788,-0.10744798198825231,0.11479149221934823,0.8402427573624169,-0.7678620179305873,0.026120073947672295,-0.21742778073240215,-0.05113095831420297,0.23475283131903193,-0.8279083880749938,0.31759763696893684,-1.096456999260273,-0.043542523376471354,-1.003480339019631,0.8576642330693851,-0.49990524643927625,-0.141216590871455,0.010878080291711625,-1.5460405769751893,-1.0848339247378207,-0.4730339226153252,-2.6601174715986526,-1.5828591916451233,-0.5316719482924206,-0.24407040743963976,0.10237667066587063,-0.45499306153300395,-0.3984781150650055,-0.5949814725455351,-0.24841662114227042,-1.53726144691218,-1.3272397019728568,-0.5147221069072277,0.5527614737124973,-0.3875893279209457,-0.6906683044611553,-0.6509572363032893,0.6205510703788175,-0.11174675807048137,-0.9155697299192171,0.9020299795893785,0.9893394096892194,1.0744380560396087,-0.34280876235328006,-0.6831667590226732,-1.5648712337766244,-0.7414189911686817,-0.1344189691148646,1.7698471973922887,1.1507043184002712,0.15407288709353673,-0.19090936295106492,-0.6686887541253568,4
-1.5724110255241053,-0.2855227461966982,-2.870630352531794,-1.2963895278497213,-2.0824490887782003,-0.6876180774115352,0.673269906561916,1.517474862145532,-0.03746305164153964,-0.13143559744412409,0.7478518456056951,-0.9794150092939399,0.5205933701235639,-0.4538195487222384,0.3593800685747267,0.4836318124039195,-0.7269684342595891,0.48510458526866496,-1.3704559894528852,0.11666662359554683,-1.140256342552175,0.677446301394636,-0.8530099982902931,-0.11598033042739597,0.33339602275024416,-1.7377214361218172,-1.520507433448803,-0.34744524023150397,-2.947512790878186,-1.5467326110420034,-0.5114968774676397,-0.4436755985778472,0.009308600155904012,-0.5462549568689521,-0.3994772840346939,-0.6934641603187452,-0.28018555967376435,-1.591347225679641,-1.2736880316065962,-0.7105949589069054,0.47254391413730074,-0.13796326457228641,-0.4834680356825348,-0.7663959354794863,0.6941930642588455,-0.05664744156028124,-1.1893808078651942,0.6925804601767428,0.7397647411014353,1.0002791051751017,-0.18021210836209692,-0.6205872689097819,-1.436443987693603,-0.9454414783513689,-0.1779103740694635,1.8301797723670463,1.101853316399002,0.19516324740110694,-0.026588089447807627,-0.6971338449124147,4
0.7621143093569078,0.04552474090134373,-1.8733383287930383,-0.7718895927194078,-1.9378019341504633,-0.43695507286648083,1.318038753805518,1.5470165639229554,-0.2884397238994101,-0.05436128694348047,0.44610008837232923,-0.9065725236981761,0.28394691346036605,-0.1443312807076169,-0.05317909101389111,0.6203593561311633,-1.0196225361250246,0.4086017700657624,-1.412960195247713,-0.07167656946362433,-1.0316048498391366,0.7719026764142839,-0.48806921650223745,-0.1703814318245282,-0.07733177240463027,-1.7077992208701311,-1.2865171487303781,-0.2570732361177976,-2.582803199975344,-1.4940720590094982,-0.7840562545761874,-0.06436123887498149,0.243141169921141,-0.623812857255315,-0.5429517600013087,-0.852043758442387,-0.38295267604057576,-1.30452481973929,-1.2663437289106887,-0.3134284237295228,0.3524821571795367,-0.2519042455403607,-0.6175085069949365,-0.7188801989184337,0.8100126027124237,0.016895849614397607,-1.0828207526787488,0.9558116508474418,0.7724559383441538,0.9394147252823651,-0.13615768853984522,-0.6130433984846113,-1.305526461113816,-0.8818336716150331,-0.04334032030239314,1.6801999841885056,0.9999151149397293,0.05137798488315736,0.021231445752050278,-0.6017796395042223,4
-3.2725831440617608,0.0997847430223634,-3.38426485098472,-1.1495517813210059,-2.0940910760869995,-0.7636029291001667,1.3764863329084063,1.2276611037151803,-0.21954589176322653,0.04843260850683709,0.976181466647426,-1.225920331854711,-0.03461538201960759,-0.30245074282208945,0.4451625931726759,0.03632364277732805,-0.8805056985042861,0.19069155662599,-1.4155055018384317,0.3845560335034537,-1.101714197784987,0.6569383661984669,-0.8007511009136128,-0.07808837727009671,0.0027799319082673635,-1.406380862033832,-1.292539754165078,-0.542438366585241,-2.8707761547051356,-1.7061960749485225,-0.5264656528217657,-0.4618897291949114,-0.059290390014218014,-0.6968847960148116,-0.39435435466379853,-0.7222452303672513,-0.21811937262942024,-1.3645289543618813,-1.3295748349408647,-0.4890368031316398,0.7137440034846748,-0.09495893017817561,-0.7444586324711255,-0.7329351607840937,0.7163455782873913,-0.16227974210491203,-1.0857674597517044,0.8831062775061924,0.7621363072992337,0.993376979152758,-0.1445335978471472,-0.6076258701254247,-1.3499726743245204,-0.7428878008461649,-0.08964397204909626,1.6595175444692134,1.081893172139387,0.21396436787866266,-0.06066711965741044,-0.6996147326353902,4
-0.17438802134510056,-0.4584134696833011,-2.457008919974713,-1.202569027536616,-1.553330079990576,-0.9093649914719416,1.2077578003465559,1.8585200993130704,0.11754205968829934,0.5655827536899747,0.799619737604042,-0.9692972710004413,-0.017115928576991464,-0.3415519921013286,0.0014300121822130932,0.013274769101497441,-0.9969672554179616,0.4127519828138897,-1.3009017317160545,-0.006450394662542484,-1.000948467123621,0.6448396088152606,-0.5596691955597597,-0.21357877646453605,-0.05304545306282338,-1.7199889555376864,-1.304230261418263,-0.6369784572960124,-2.575871403436521,-1.3788791439872652,-0.5422543992084043,-0.22026571243332277,0.14751746553539136,-0.6420670801992507,-0.49889757672793017,-0.8721556941786823,-0.4160811050692633,-1.4099766652319345,-1.1214940721919346,-0.5285543725009715,0.7030576667763851,-0.19438859928024427,-0.6200974029308848,-0.7727367583715089,0.5048918083704597,0.06310437163211666,-1.0551902012102055,0.8355296266473669,0.7280630624070396,1.0352321677888467,-0.18828265384573578,-0.5791242197387289,-1.4224387348189265,-0.8066724367721375,-0.21281385429001068,1.697988796689581,1.2198667154061258,-0.02918572078825523,-0.06929772656089511,-0.7483390064908723,4
-0.2430512490669392,0.019702385486906948,-2.2900047689918868,-1.1298378456650955,-1.8348445984196706,-1.7040387798303374,0.7361662043495607,1.5175641123211472,-0.26328385124040626,0.4264218701132729,0.7744693027711888,-0.8186026732787612,-0.40993302715460633,-0.3610900403159908,-0.16440691044858624,0.2626916189290211,-0.8357241317644037,-0.0037057188730557633,-1.2938110161496923,0.02992508451806368,-1.110135985540926,0.6312485529036924,-0.6693204854107095,-0.2716630034726928,0.11189514573032319,-1.431036313989247,-1.2706548153044668,-0.3174261438943006,-2.697735030115098,-1.4045329418115364,-0.2950809163489064,-0.5789279468128303,0.27596795266232266,-0.5877586620305183,-0.5729063518849333,-0.8221704657097985,-0.39195039787273644,-1.4869618250429297,-1.1941561707445096,-0.7773949595221474,0.5904930551359725,-0.27216786507728613,-0.5648240062970186,-0.7585715678526262,0.6314461576709621,-0.14686375556848766,-1.212225585162876,0.9839694007565531,1.0222463567378972,1.1223257996942022,-0.2611787426713661,-0.616470581131159,-1.277479992490798,-0.8206204055015317,-0.21304938797046505,1.907514955989897,1.1642108668185525,-0.09112037383856993,-0.03323143886133019,-0.687125950415383,4
-2.5948191593952004,-0.5860085682670606,-3.1073850846243727,-1.5023035774881888,-1.8092226558824738,-1.2267518656937941,0.6069255548667434,1.5528730662444015,-0.0034143393301192954,-0.17608171168210096,0.49605531303179223,-0.9819807817740364,-0.41623863042878695,-0.09637604896800966,0.25787834600986664,-0.006403113521773807,-0.8184551328984445,0.4151093907767565,-1.2483523429782581,0.13554294343158482,-1.1022608565945697,0.7775993985628225,-0.335175492293858,0.17901308314941683,0.04625388519237651,-1.5220614524692049,-1.249578307712165,-0.5440119623341557,-2.6368507741814677,-1.6535905437738845,-0.6632532325667879,-0.26772807730359766,-0.022449495960186458,-0.8599493771195451,-0.6651474501016859,-0.7710106291114792,-0.2075059523957542,-1.370167522732106,-1.4405449471085943,-0.5944692634139064,0.5642787882817188,-0.2232733265998576,-0.581928766151516,-0.5405855981219949,0.72851323212722,0.14426159597729174,-0.9860194270535383,0.9215083428871265,0.698782047916032,1.045767548509197,-0.32814025632654853,-0.6639514220208638,-1.4863283656103294,-0.7061993642054442,-0.18154132353634328,1.8434020435111262,1.0680342355809653,-0.058604985020655725,-0.04422079952855115,-0.6340560804526144,4
-1.7109942968317748,0.2076640977478461,-4.020710710703304,-1.286549038746907,-1.8573972329852368,-0.17756222328951915,0.702105015613339,1.977136958971108,-0.09474238191558146,0.010642949552379932,0.46396675537154536,-0.9196373702471146,-0.20993250148147163,-0.2915977024284174,0.22008113913921298,0.13414156443773598,-1.5727906630760145,0.3200937828374688,-1.5871838565939043,0.223324003783577,-1.1765621363574705,0.6225847389891845,-0.7457452276348928,-0.1216787722345261,0.17262845080122002,-1.7268332210663124,-1.2666442117786387,-0.3614997522897132,-2.5025064006081594,-1.5227205424507901,-0.5298098838513213,-0.2591552803959063,0.14532467700848556,-0.7390128240412241,-0.6396498668380612,-0.7412661153434957,-0.5712976713529482,-1.5580808016972056,-1.1909254478341598,-0.40485560767230766,0.3994233648234998,-0.22089901058785422,-0.745300151862125,-0.891273312859658,0.541980008857942,-0.10159530313826148,-1.12767563632044,0.7457117798337608,0.8386488563637706,1.1950500774670252,-0.0007208664815231969,-0.46598062146995,-1.3668459365034271,-0.6712842274452174,-0.07961475404639592,1.756895462981117,1.0177421106959585,0.06121268055999972,-0.13153770486168176,-0.7606111157588004,4
0.07235825663613671,-1.7783486238120438,-2.4728716598882765,-1.3966211503573092,-1.6524651849328884,-1.0267797064946005,0.9896155653917355,0.7183970279587036,0.10356101106579113,0.10951719384809894,0.6127521112724338,-0.9632778957367057,-0.4740200495979312,-0.38892612154536826,0.005046968120428513,0.6946630508746243,-0.7512289329615077,0.8768030345475083,-1.3572769240201428,0.13672364666526365,-0.8441186351222721,0.6418660848085315,-0.6711167306136929,-0.08896824684247868,0.036561911196022374,-1.499705120229199,-1.3390853638809024,-0.6015155791300075,-2.851080042318158,-1.52069736366439,-0.5067620748462548,-0.3021852730091803,-0.18418548867786208,-0.80032391975475,-0.22975226165645263,-0.6112400097025608,-0.274369200477852,-1.4364646541226251,-1.3007041858781225,-0.6821922402014585,0.548191210646012,-0.016916910878219074,-0.7962564271485416,-0.7440545172261739,0.5391165405741593,-0.14818129312037004,-0.9762200431877206,0.8703297457431898,1.0400989328412653,1.0735389807828981,-0.10899291948950604,-0.5342620981307419,-1.4145074653857845,-0.8505227402508599,-0.12198128174602622,1.8121931546911665,1.1882836140409516,0.06558488995937875,-0.005847852184870626,-0.7708683088364748,2
-0.04598837105131226,-1.6020103489540287,-2.1847763337773696,-0.999006792218682,-2.492907457284099,-0.6277603400538786,0.9867202377446783,1.131187089711133,0.13089968076007966,0.33806503085345646,1.0400069225232882,-1.1993762447900207,-0.08800525356267583,-0.8418159711465322,0.2214077583372467,0.4605000441454197,-0.8734428118723272,0.3562219062204304,-1.5625488320857244,0.37677412195388216,-1.1356663186322653,0.7472242066063218,-0.6627220017033225,-0.13111378683719047,-0.11546936313593995,-1.6299838086990455,-1.054938234526063,-0.38211489995939507,-2.754673768542164,-1.5482636279455533,-0.7188859724509772,-0.24299191618915944,0.17679940729846555,-0.6679586712675454,-0.4596213702305346,-0.8653877918791256,-0.48642998855576797,-1.2564462397144145,-1.1682783974998896,-0.5243558425063104,0.41997726648872324,-0.2774016161787932,-0.6482836136284419,-0.764026427424949,0.6394087338897886,0.06114131205311202,-0.9822637615363208,0.8012794978464604,0.967720447612639,1.0216877626824286,-0.13973010604976813,-0.6196392282975196,-1.3913302369100211,-0.8831034264110722,-0.29935213314306075,1.9064034579266833,1.1246091710767707,0.1493029871865974,-0.014737433414560214,-0.693923636629294,2
-1.2487247045527314,-0.8706550316289131,-2.122846130980977,-1.5386981851076955,-2.0418441990046827,-0.45763538549998317,0.835057022763206,1.083918577655096,-0.30335886870188333,0.054394978045767234,1.079228777810092,-0.3960672230075275,-0.15415216401244053,-0.28354772529493855,0.03478626405120555,0.24722300273381953,-0.7782889357068622,0.3129097095722894,-1.5929313627655888,-0.28143651385414636,-0.9286887650764544,0.5688183479115669,-0.6297795348345112,-0.08787998647517936,0.07477240904031805,-1.3913914247246049,-1.2025049430320711,-0.5730337576107589,-2.724649236298762,-1.5120809277313003,-0.6022173447026663,-0.15581476380402456,0.0383196415059414,-0.8073631788796509,-0.6613553706260568,-0.9341701378592969,-0.2853540822986359,-1.3426701064536704,-1.2911246786242523,-0.4547576817677614,0.3603991216659645,-0.26210243771807806,-0.7583496823040428,-0.6600027215367599,0.4856546614029935,0.055067752535863726,-1.0884878555055792,0.8069549639222263,0.7255093386148695,1.1535187724596083,-0.22678243014700228,-0.5063115290397088,-1.360771744173839,-0.9870456120538387,-0.1464790186531831,1.8874570226858056,1.1194858825308018,-0.013058212134399276,-0.034751853088272944,-0.599823207400825,2
0.23019927726955736,-0.6606343017187886,-2.933416889996386,-0.5650521389390448,-2.171778478765542,-0.7508471401029884,1.505102588874287,1.363130895961048,-0.578310099699249,0.6279531765099184,1.032312763430891,-1.257196108628011,0.03762477795945471,-0.38253984889322334,0.16061205468345965,0.3742977551829262,-0.8971636467124182,0.5641406563966718,-1.315231149140373,-0.038752111289727,-1.346420861193917,0.6807645133252159,-0.3937360130315613,0.04905816503977717,-0.10810628406804157,-1.417919465992943,-1.0585372228070422,-0.31551746868427344,-2.7332927453139164,-1.4469524661052593,-0.4973773412194992,-0.4267839386901679,-0.05240025061159023,-0.5963954152040288,-0.40539716924275204,-0.7491789645075857,-0.38836485984609476,-1.5809281990563735,-1.2757253491996334,-0.7245590212018402,0.6044308974120399,0.033415511562135236,-0.751159431542639,-0.7052694358704855,0.5924892966180187,0.03378439812616932,-0.8870725248062414,0.8703464465326234,0.7542605202378772,1.084126745432678,-0.17689567246510185,-0.6021509845721282,-1.4152356191569113,-0.9005710913912599,-0.2744615556379678,1.9035062065650077,1.3766843827718502,0.015291352364442613,-0.02023567559139262,-0.7549108243770513,4
-1.3513281321198114,-1.9410253119043706,-2.6817613083312533,-0.698580157606809,-1.949502112887805,0.052495987313132764,1.2096877912178943,0.4984114298410405,0.31163997050091974,-0.29343080913313657,0.6800497451801676,-1.1237563616321617,0.18403440189654677,-0.34721472792707747,-0.16036547266692186,0.22279820985578822,-0.7782351865698535,0.17013168780399024,-1.5718389917332094,-0.025793692219497837,-1.2583644549732964,1.0081274551223651,-0.5824516394024091,-0.0017360396952660895,-0.10939046660131074,-1.527352212854774,-0.9848842145516475,-0.6211466486697912,-2.6339000415387064,-1.6334058994862135,-0.5533567981967095,-0.3411631496711827,0.15765996385049746,-0.6237373608998706,-0.4908673057302042,-0.7563538325737893,-0.27116097064655326,-1.3689718498243069,-1.2749011216030675,-0.715200177101074,0.5163780949304881,-0.17624164038546028,-0.8889747261686662,-0.5897849760835985,0.5554679338560224,-0.11139911145161904,-1.0458076514987746,0.7788152761579146,0.8503885563402821,1.1825105084410161,-0.14412695750804963,-0.6616026636588584,-1.4726131266613884,-0.7788687074763924,-0.2056815639131649,1.9025982008046292,1.1201966136966055,0.020307266352174506,0.021693892738012505,-0.685276402079073,4
0.08614639675512425,-0.9896150346789792,-2.2037009080444814,-0.24699215918477546,-2.092120023934246,-0.6190283075343153,0.8911294803960721,1.4484233793124763,0.07030520202875296,0.03130342124194202,1.3741446822961885,-1.331759621140555,0.08179341832619716,-0.4894873633860965,-0.3422074125197691,0.2753218015381611,-1.0449113897454056,-0.08328906278635434,-1.2158515045757554,0.017491336914008712,-1.0495100790204694,0.8407435064166128,-0.5137050924711835,-0.15790876119589908,-0.00033892139865224213,-1.5595402002653724,-1.3708931426678028,-0.45493072006174773,-2.623594675693407,-1.6463330402454734,-0.7465864287271602,-0.4034556919804612,-0.2470752990418159,-0.5662057867065347,-0.45498627504688877,-0.5980056133825831,-0.37013034969815084,-1.3433017454376195,-1.2671821146009474,-0.6962155348611933,0.5598394199798677,-0.18766923223125315,-0.9105819329485918,-0.6504797512036757,0.6645354360199558,-0.028257463425260324,-0.9482849271406765,0.8303040589263551,0.8540575543093882,1.0756559188058288,-0.11603018287021703,-0.41850610626817253,-1.472728236464062,-0.857526217218734,-0.22135540830665731,1.862804790754635,1.1579590177842434,0.08118504323489573,-0.06263509873695988,-0.7111834935871822,2
-2.417618208906043,-0.22157442723363957,-3.0529950878320715,-0.655222502792673,-2.2382386941846057,-0.4724014220668852,0.8235115785239234,1.6207914899597258,0.43102548972076604,0.30898891930807354,0.8301755887893815,-1.0620668979112133,0.25678698885320894,-0.42901620819363645,-0.12221477205170406,0.54084064200205,-0.7596247632704043,0.4170777751179514,-1.262550790295788,0.13432205065341166,-0.9636370019008995,0.8855641062310938,-0.4460988602999113,-0.09839694724178921,0.24877686191023762,-1.4911376967806205,-1.4149833731590167,-0.38464477582783274,-2.83396086070711,-1.3388386932579945,-0.35646181383748576,-0.40202772226447675,0.06895489797315382,-0.5289357707188949,-0.4826718739040228,-0.6824300328930559,-0.2593723599531679,-1.5008604306441313,-1.2592144440462147,-0.5225775222276656,0.4804011123535772,-0.3435170623369363,-0.7687081330660414,-0.7381523263454282,0.6089104185837542,-0.11296543995270455,-0.8934700850171801,0.8418235833923189,0.8234856144325785,1.2663179966222302,-0.19144327528793595,-0.6934561332385237,-1.5263145487669547,-0.8047581242320175,-0.10233808973713135,1.9057179938730509,1.1217140085770838,0.2012095541469696,0.0811252408998216,-0.5559684530077786,4
-1.8656050692418162,-0.8002420769949576,-3.6189652751723838,-0.9777257554196981,-2.963785486976884,-0.5795673307571033,0.7795346220006744,0.9876324544359224,0.28445999263082333,-0.22822321337119006,1.2003326055303454,-0.9062755132201288,-0.050298561136279084,-0.12805009101427567,0.19543681086625983,0.35955015012943203,-0.9296968058936168,0.23439655314215907,-1.1859086536145835,-0.0577370615512864,-1.0652945195675432,0.5628170283100078,-0.6990998941109203,-0.015773337727182122,-0.12842465239203643,-1.4465997286484809,-1.2339768772230917,-0.3362420995513028,-2.7613060970953933,-1.5434589224124493,-0.5629842296301224,-0.28407221670301164,-0.004600016871291281,-0.6614084095088739,-0.5630057518073368,-0.7998746824120164,-0.1470288653246453,-1.3766402532524378,-1.3421231602081827,-0.6683797761099277,0.5561469756402967,-0.10183210508762827,-0.47800784058351165,-0.8208809316465543,0.49702731833950775,0.14022242984909936,-1.1353498555662642,0.8203489368705102,0.7493184982591976,1.2682912560140072,-0.13979764886788157,-0.6075478604031547,-1.4700406619688549,-0.6838041864945839,-0.13052067676560283,1.927453578558621,1.117288329914555,-0.139134264972394,-0.09551875274908983,-0.6661426905382312,4
0.6206889950797951,-0.10452317390767296,-1.6491451290695078,-0.9713382427006954,-2.7319618748133565,-0.07821885817406304,1.279814545505907,1.153234832147568,-0.0559571264107947,0.038851838024563934,0.8452505373766619,-1.106186804774696,-0.1036417793317089,-0.2740422131268031,0.04666385689173452,0.418468070758977,-0.7273749058779468,0.6345044170229117,-1.370290367045748,0.11199793991186185,-1.197231566993873,0.5748045820983244,-0.6366708147187914,-0.07715996280274824,-0.02071104259615876,-1.6303212823102147,-1.4536851943780251,-0.17112872203144922,-2.7264220272049453,-1.378526482866631,-0.5329797704355536,-0.3328041556551193,0.15248992545293003,-0.5410610705842996,-0.5494756166774108,-0.719068796375721,-0.027897209137699996,-1.402236824860173,-1.1573472542690522,-0.7357776629560879,0.30277609959602236,-0.08041372168575735,-0.7933013333312401,-0.8448625162401725,0.6087616708421096,0.11850515190197494,-1.0123644318640137,0.8385940910678009,0.8411301037026038,1.1303944365217182,-0.0536234475768704,-0.6984156807097543,-1.5635642423184024,-0.8337026821348751,-0.07680708469413769,1.7793351135264557,1.245751798470536,-0.0805310195425497,-0.012171382712955238,-0.5622248977186066,2
-1.515914556989479,-0.4437417715210988,-2.444956316753618,-0.9810749231995184,-1.9354202382913945,-1.412218874849149,1.0328531637632334,1.306662746176587,0.13157677102309767,-0.22093812726697132,0.6290552664382989,-1.0188214048196809,-0.3910322750673805,-0.0009542800776042859,0.16134167365872126,0.23025031223975134,-1.3721386536053897,0.37410306683433747,-1.277765889543309,0.18322915488534916,-1.1999965906801762,0.8181593561448519,-0.7108363674748517,0.04549508326761931,0.17528359436527158,-1.6015794791272804,-1.2370470167934107,-0.4579993288063398,-2.637259217568267,-1.518351310207261,-0.5633178717113073,-0.4966549333695607,0.1408814931898422,-0.5788427376257999,-0.5420995590526346,-0.6490968458812404,-0.3763972888029099,-1.4604906999604197,-1.096608742630639,-0.6248033058723627,0.5533174276404393,-0.23112648141101638,-0.46690222864264175,-0.6410986779317472,0.5712101891851492,-0.1769698480629054,-1.0769592820158556,0.7535326570607271,0.8092768426959955,1.0871857907768339,0.04455629239844891,-0.4107898860434218,-1.523755970355312,-0.7213424168826077,-0.15261476661861423,1.9012125895541687,1.042653115311281,0.01636215792325223,-0.21042689057580588,-0.6850969511865072,4
0.2425950835742603,0.4894994553515142,-3.116656401946826,-1.7025007792592788,-1.9753474856693134,-1.139070927708225,1.2927549199514177,1.5028483953372829,0.34955172997350503,-0.20485919895895383,0.918710646361801,-0.6597044172786852,-0.49626478465277024,-0.4626989827480224,-0.3916015571790659,-0.21481715885254205,-0.7497414794754543,0.3564444618663009,-1.3199650798516553,-0.1667300056803871,-1.1916309237547984,0.7882664168114412,-0.6260385159161106,-0.16903175552169258,0.302569571014079,-1.702822646065579,-1.2379598922121742,-0.6059946010556172,-2.6417885812067667,-1.7194034114138195,-0.6022992227161715,-0.39134078362188773,0.11753702543538293,-0.6154344771798643,-0.49092721603769135,-0.6278651208157826,-0.38639998328329783,-1.2771848651993978,-1.2304210611512172,-0.35417062698964985,0.4298888236006336,-0.11157771870436899,-0.6696017821085714,-0.6539352247152865,0.48784408124168405,-0.1420795425223069,-0.9444024809169003,0.834957223432549,0.7489781501776235,1.101253471439171,-0.13794650134906725,-0.6131093387611567,-1.5528384276615594,-0.7810700589735997,-0.1826448195339801,1.976505330969118,1.105663782939912,-0.11243495783464633,0.05826996038419095,-0.6035306467983181,4
-0.6176068202006954,-0.5897585689166026,-2.629431642802282,-1.1989926450305408,-1.4744929363760677,-0.9840129159821231,0.9277447371145574,1.4278871547155763,-0.17632642465190318,0.8618583347165217,0.8121788710248168,-1.0082338887365645,-0.1384086803289461,-0.23110966577403652,-0.21257159134658338,0.11992559926323118,-0.9030682064949052,0.5571160746257546,-1.2543795711092425,-0.017173680556928993,-1.093413555579679,0.5376837478389931,-0.6342866464606656,0.10776854526704463,-0.12218975940810817,-1.4646212013515882,-1.2381584967704347,-0.164523252091123,-2.864930705644203,-1.5240856607745539,-0.5166770206237047,-0.2806131007753275,0.0034037269916313666,-0.4778886599681163,-0.5341041376862106,-0.7079537167811606,-0.43990459241610297,-1.4907149177362429,-1.1853224505898965,-0.6600418423460457,0.5347408595680292,-0.2070421830803335,-0.6051435659484234,-0.6967161647263356,0.6780590468501531,-0.14766863355444443,-0.8825637040092069,0.826712811303047,0.8607573857283354,1.1437716911743492,-0.15306996469745812,-0.5787524052558098,-1.3492151877264849,-0.5844543121899978,-0.14166233742221673,1.8791972990399002,1.0656477090420984,0.038222626320337835,-0.027276279107947346,-0.7068308507237288,4
-1.0644641978641358,-1.019266167862781,-2.6090930390055562,-1.1754541760735278,-2.0341730681380703,-0.8668772136970098,1.1285394114906733,1.2815295225778334,0.05862902181352986,0.5738643067760745,0.42997684765395705,-0.8114578431538557,0.08289752719985358,-0.3531916656764346,0.33490902593715693,0.07152422935575764,-0.7061829179131939,0.539819742895334,-1.5195075795118729,-0.07469221454326062,-0.9476377032631895,0.7412669696190788,-0.4681301789646638,-0.11313817248922077,0.07655063818162762,-1.7385414222464775,-1.1798294408978676,-0.44752453359418354,-2.7139236539279223,-1.4007524731495353,-0.517002377515287,-0.30959949851404234,0.04225347154134414,-0.482115873176868,-0.42074937171453375,-0.9075225434507221,-0.28824043031864743,-1.365107408565395,-1.203753677598444,-0.5111408243116404,0.5996980156887692,-0.1548572566142969,-0.6434427979443295,-0.7359950949558507,0.6820255066939043,0.020820158633999844,-0.8898837286592389,0.7261985601173098,0.7245036633586956,1.0045530581781406,-0.34414523463793034,-0.5805875447345257,-1.4903221048030661,-0.7635449053853927,-0.11738563845941936,1.791579410655429,1.168001210920883,0.03886217888707797,-0.10102259456856873,-0.7308721155754959,4
1.4255357069585897,-0.006317609798794144,-1.8910234562129333,-1.76131227058614,-2.378007069987095,-0.6051582956086099,1.5447048740764537,1.4174557566845494,-0.29451074304594876,0.1452262337177227,0.7587325902731453,-0.8498121010609082,-0.3369069866196044,-0.5944116036839036,0.21938249117764286,0.10592179010271499,-0.6051841315924763,0.38821322630031396,-1.3824504857775213,0.10686545360845978,-1.0467973688263263,0.6497716137118675,-0.7935135133670425,-0.22875438122000738,0.07388255121808016,-1.7238869430738826,-1.3926719544817898,-0.3252339850197441,-2.697269707481373,-1.7990519417664896,-0.5240048272841057,-0.20582074103784023,-0.12913230319766922,-0.7418246202278582,-0.5575270836419336,-0.6598629744268464,-0.3033306551478558,-1.3650905453435205,-1.328291177695813,-0.5081987835745856,0.6846135364525011,-0.08477376481130171,-0.6888771641361086,-0.623921863859777,0.6461604776220994,-0.15692966507754186,-1.170384478159914,0.8530508270721475,0.7793509310312334,1.1190782429824793,-0.14385618744623888,-0.5070827053188258,-1.4808294128509951,-0.8076543751862665,-0.09119617397803259,1.6163277663378377,1.120019466582062,0.009534828070105856,-0.04240356974734629,-0.7372578393984011,4
-3.114743145750829,-0.5874145869073474,-2.8116903421071964,-1.3491886664052726,-2.435499945856672,-0.7379672066933437,0.8372713797341377,1.9741395872908694,0.5153969956532871,0.34919757756494013,0.33177197142868475,-0.963586032469818,0.03664252107525605,-0.5917328549840982,0.01430984328869301,0.2866881500861426,-1.0390648523055461,0.22858256047782038,-1.5475697515756974,-0.09025210728574588,-1.150324330268482,0.5726417821105201,-0.5564101590083456,-0.2749083153609373,0.22439139794277005,-1.669561500838027,-1.3182051363352354,-0.44132165685508823,-2.7128337452061504,-1.5829564577806692,-0.3947893452971709,-0.26173870806766647,0.19245841177022915,-0.26877138159452585,-0.23760596244781734,-0.6998267846861307,-0.30932491133697126,-1.4067518165796025,-1.16359509697855,-0.41484687001699183,0.6175195822321107,-0.14294616150144895,-0.6051277964447951,-0.908024168738287,0.6038282135852493,0.14797900085912047,-1.0190740363463957,0.8624361951067505,0.768159999143856,1.0592509521767097,-0.30997662343573895,-0.5746682585803814,-1.4134318141236117,-0.8431016183047166,-0.16290800641117298,1.845950027431915,1.0800769715239609,-0.1115699163560093,-0.029737909907926772,-0.7454431300248021,4
0.8218667164479576,-0.32246776157242135,-2.7908847080735644,-1.250074526654445,-2.3023075300455846,-0.6814417264271999,0.8567965639660144,1.6493580493027382,0.35799741750931446,0.4747041543802709,0.8286151563590994,-0.9220581347530221,-0.25036643566402655,-0.2815848341437503,-0.19517017478648024,0.4704322393140603,-0.8813542625525892,0.19584821834927718,-1.2803220693075137,-0.2118285684830049,-0.8448518153376448,0.6838777757865189,-0.7155750703796784,0.009385633407076342,0.37273028314956375,-1.6800584029167038,-1.0168798218764683,-0.4103913957873693,-2.607202271913483,-1.5638681871836702,-0.5580873145598678,-0.23214749012085847,-0.13808359393366162,-0.5726246586263658,-0.4606621794574404,-0.8200703652250081,-0.347842491586978,-1.4999206937015128,-1.2234144582609052,-0.5785975057183553,0.5736064430162652,-0.005677634771811824,-0.7751417405117447,-0.7912473452631903,0.7097129057492708,-0.11565898135609254,-0.9480023115721166,0.9458193664261884,0.7681145588093973,1.1336970562812618,-0.1712490911974034,-0.6137862260708581,-1.398683930899567,-0.7707080776732871,-0.027576367433281956,1.8172539806996275,1.1968785578682735,0.060540114371751205,-0.01692224173493469,-0.5923683810068405,4
-1.3804989781039592,0.22493766922699354,-2.65998404496498,-1.627306821573392,-2.399361308500985,-0.14347649183574263,1.2002169457840561,0.9301663430410758,-0.43917337060678036,-0.35025946845911027,0.7164045999339879,-0.8882433648083009,-0.017331439782503247,-0.19239550910843792,-0.1202367418822464,0.11913403548474752,-0.9503018426501662,0.06335350507357795,-1.6920967477827662,0.10617750402825643,-1.0893649916640344,0.5185995152181327,-0.5688801146679053,-0.19751887495077589,0.10562595002770869,-1.5849049393395507,-1.281226892495723,-0.3707362645778266,-2.906015334045325,-1.4359961307781184,-0.7356757649234664,-0.37238600094014507,0.09176510411396746,-0.6580477223099295,-0.4535538394179682,-0.8136113554636772,-0.37502796968815255,-1.5005244683915837,-1.2774979510727256,-0.5712744281707942,0.5744405754404126,-0.1823608411114398,-0.7673249500143096,-0.7203258726229901,0.47592673709200095,0.03931228916996442,-1.044650957096838,1.011920141273952,0.7432209685278431,1.1574984369082775,-0.32247740694227556,-0.4165744381729454,-1.5690596092810614,-0.7704809783124692,-0.33527117726568495,1.79063078281672,1.1273778493668545,0.12232520391061472,0.040644075572916674,-0.6956747177357467,4
-0.2813889215805818,-1.1062134885132422,-2.391143437723006,-1.8658476617994744,-2.092926110169565,-0.4943273978310242,1.0776311612381348,1.277281990641019,0.40029614941798547,0.3494688567677404,1.2281942508721184,-1.241935318349968,0.1026531800178424,-0.3931734576594978,0.17168023067742771,0.5945023866630913,-0.953519948203449,0.34484877483317344,-1.3068488760574566,0.01474814683837973,-1.0876974489942417,0.82580559292556,-0.4928529343289891,-0.14798664820319649,-0.0197310519420537,-1.4660459987005292,-1.0216829585291805,-0.34072167586543556,-2.525906458763548,-1.3784331660444866,-0.48206044662078773,-0.48704062503669615,0.15940693587153587,-0.6709428704419614,-0.46805623789233636,-0.6607897693342252,-0.2121793439280404,-1.498636431220664,-1.2243092927414798,-0.543973859070236,0.5318302060052783,-0.2907559073851473,-0.6219732779484575,-0.7291371658873456,0.7763137133878201,-0.03573289600482504,-1.0788969350525814,0.8601445925632042,0.8910202510224097,1.2145665859518007,0.04102116621336868,-0.5097422788377297,-1.6111786310686087,-0.6456652829476687,-0.204870897632702,1.8012517947694477,1.1422208355244845,0.044427451172286095,-0.02754966972385204,-0.6542629543496274,2
1.6068129195270096,0.5582673132599101,-3.3442550205556296,-1.1402128297808638,-2.4925734809712528,-0.31328490211083865,1.3355323307144906,1.061022755223544,0.31635846101707893,0.19867318557209748,1.1695915841545386,-0.9800970093319091,-0.3251174477313744,-0.5035339128885821,0.08503696486174103,0.4866707251396114,-0.8795414672679716,0.10761492762108382,-1.4075598770469648,0.25700772195086996,-0.7758723935391303,0.7802419786708396,-0.5393805430632019,-0.09746419653425181,0.13382150693265943,-1.853854403916874,-1.0118008401830774,-0.38009427668886464,-2.644025412597848,-1.5638331537966375,-0.6896884799103054,-0.25386505781165464,-0.07754173015576701,-0.7728725797848304,-0.49523245875908634,-0.6125070495457993,-0.40785239637025217,-1.4230113205319284,-1.3095943608016865,-0.3950441211819803,0.5730776257939022,-0.04451754996701458,-0.5367375429398208,-0.9367618197564223,0.6223073222936804,0.01741722296778457,-1.0847881897598899,0.8961131352588733,0.6159446535893667,1.1616961499908867,-0.2985973897811697,-0.5555903671093448,-1.4930742231677532,-0.8298356094597837,-0.2347637078900189,1.702787229279532,1.2590686328396394,0.06092110630880457,-0.024399433884980885,-0.6382069656465648,2
-2.042832767555158,-1.383813126664836,-2.9705692784685627,-0.48126666812457625,-1.9087616558703007,-0.52611438214465,1.3418215656105392,1.4988744610278022,0.39164624408096377,-0.14494291161226097,0.907825665139256,-1.1113658403832163,-0.17763771177553953,-0.8188063728766928,0.34936663631123765,0.014005165503872707,-1.1885181610376407,0.08785648677982302,-1.443268863914857,-0.12986934073935041,-1.127177683633228,0.896422178845676,-0.3811917140962444,-0.1000011888883556,-0.05593277374554184,-1.5638597777667937,-1.4954884083139341,-0.2751767219948643,-2.7169223954124666,-1.6396724958991558,-0.6436629597919616,-0.16817760758726527,0.002216038297006607,-0.6005568859553488,-0.6661873548077583,-0.9653097472563965,-0.46426561688180634,-1.2878286888465542,-1.1082004754457226,-0.53368892526615,0.6247049197531478,-0.2565754984129355,-0.6604391000568951,-0.8350043627332574,0.6839533300012134,-0.11777052240244115,-0.9804128839606238,0.7718488902209211,0.7017356631024086,1.3152858403995311,-0.016981826532468963,-0.6305432992535892,-1.4014175136611973,-0.9165473405475109,-0.11165265694209278,1.9037186840704958,1.3081973855446634,-0.03703923094931972,0.10248307728298389,-0.7649419828549751,4
-0.48072416812621566,-0.6056121321318166,-2.248395801857576,-0.7366802570350878,-1.7467508146294122,-0.7438044721335091,1.3693613354679948,1.2296447672999868,-0.3680568605566885,0.07206587050957583,0.8538957076500814,-1.1474651059029406,0.406669786061554,-0.38380550233805255,-0.23099584684483693,0.32243449965461146,-0.8553606227397028,0.37212239409660414,-1.4702450490863073,-0.2487501132409913,-0.9224798266126193,0.7351987032452375,-0.6742841907425107,-0.3063305785926733,-0.051092830537786404,-1.7114291136717048,-1.228669892816033,-0.16077505371056458,-2.8143778306597125,-1.4954358282268398,-0.5778706357489347,-0.5027760422362959,0.18020785751583415,-0.8074869107859508,-0.3688598735341124,-0.655523295147765,-0.13810416408132792,-1.3258640178733512,-1.1462704517407911,-0.5416995561198534,0.7146884647217908,-0.08138463915464242,-0.6037295372031177,-0.625137802593634,0.6967999581534251,-0.1874221552963853,-1.1571075833896904,0.8027796033661289,0.5503819422663496,1.032590629612137,-0.09449038299904791,-0.6126247232280742,-1.339326474281435,-0.7132464642558909,-0.11861094353507212,1.7639819955188694,0.9982693653595769,0.13383185721809043,-0.07809188692079452,-0.5351458243237359,4
-0.7944181997173649,-0.9778114408233145,-2.300334558411764,-1.3655910504188002,-2.284525651311955,-1.156156108860921,1.353239371759515,1.1270253719446373,0.3584055301056357,0.23374289392533087,0.9382157169077465,-1.06350299553432,-0.1529248571729322,-0.4997856235283314,0.2435937977947911,0.3637714019878355,-1.2093939969200895,0.24091172090786522,-1.249230429166934,-0.12461915575372348,-1.046884623092061,0.6105620409839523,-0.4722097367019361,-0.18022443407267474,0.19599018835295512,-1.580867446107488,-1.3089373444713417,-0.20997426189062235,-2.7026416394718895,-1.7167107121030614,-0.6699039186174969,-0.3102018251945322,0.10253656646861531,-0.707677562595032,-0.3510522455926064,-0.7562222070172858,-0.37875243203142384,-1.4041443431725014,-1.193287874920348,-0.7102716533446212,0.5244459068281689,-0.26150675290121633,-0.6627936247458084,-0.7414322676619647,0.595020799419106,-0.04516336843606429,-1.0364452829321755,0.9915095548126581,0.8772161275605025,1.048075696167721,-0.17377829963145963,-0.5716273386078528,-1.561246827550411,-0.7774795612472059,-0.10274259391156923,1.6831773092846767,1.3488772107829619,0.06807800099007505,0.04309312239628073,-0.6589490017855858,2
-2.4688591336140138,-0.9677062260336593,-3.2073881279974445,-0.8913363406145709,-2.1574398597581936,-0.7749888766741795,1.0725556764044828,1.767079480646851,-0.19526201208779392,0.3242628893682299,1.0297469587989938,-1.1565271528258094,-0.34576274928549144,-0.217256699999267,0.19059262778391975,0.10464644171648554,-0.9453859409925511,0.022372379959426758,-1.1127264717052379,-0.15740314344141085,-0.924678930314806,0.7092079536623226,-0.4859352985356321,-0.028659538484013227,0.14002736419855433,-1.7406869373756857,-1.4065158771045436,-0.3559784539388834,-2.6029761486883665,-1.449682225548944,-0.5583730660936015,-0.37885287242876964,-0.10561451184862336,-1.006528942186049,-0.5328195864166199,-0.8007318413519209,-0.2073902140316492,-1.1667346117953625,-1.257672570431047,-0.5199309818967475,0.6167338007998818,-0.15797505761524383,-0.6926177178269919,-0.7746610155403136,0.6447326906152278,-0.11032368248249615,-0.9846540380555632,0.9524718119357954,0.6765563643783064,1.2070082546018899,-0.35769355014731735,-0.597027943735377,-1.4342751859021003,-0.6482265492827672,-0.2477605094001221,1.8721337937500264,1.0855163094129998,-0.06432120860709381,-0.05029882159472611,-0.6780659241695788,4
-0.0665322539410299,-1.1313422721457485,-4.358200945325638,-0.18143288810613312,-2.379050083878128,-1.4115076062491536,0.7558701262715439,1.336904515719584,0.015404983857731834,0.13108167236779972,0.6244669652177053,-1.230691681153334,-0.21298226309684942,-0.22059188261978832,-0.35127369323763147,0.1588365610076517,-1.3533645085341557,0.20313344166525876,-1.2363471372719497,-0.21778565711249478,-0.9923178208403403,1.0339826165319572,-0.3889833845479662,-0.13759754425182585,0.13942098052230767,-1.6642817563898267,-1.2316108275066548,-0.47136480688727983,-2.577244054219847,-1.515577027689249,-0.6021281484682264,-0.28919919515767956,0.23410421350336874,-0.5379770052008891,-0.4720017205839409,-0.5937022657017142,-0.5099324821698028,-1.490701957520236,-1.0349438412578764,-0.8130677127509068,0.24539630179128863,-0.20966129583447674,-0.5164419362364769,-0.7784506058119139,0.6380027317538687,-0.14306559338710956,-0.9341432243399026,1.1608854915523834,0.6846303417971485,1.0547525728402385,-0.2163133397391756,-0.47002514521697736,-1.5900320329661322,-0.8407941633729304,-0.31019571396013124,1.7566583578577941,1.0628813911745687,-0.05315186573257796,-0.03607458158187219,-0.8081082740272273,4
