Feature_0,Feature_1,Feature_2,Feature_3,Feature_4,Feature_5,Feature_6,Feature_7,Feature_8,Feature_9,Feature_10,Feature_11,Feature_12,Feature_13,Feature_14,Feature_15,Feature_16,Feature_17,Feature_18,Feature_19,Feature_20,Feature_21,Feature_22,Feature_23,Feature_24,Feature_25,Feature_26,Feature_27,Feature_28,Feature_29,Feature_30,Feature_31,Feature_32,Feature_33,Feature_34,Feature_35,Feature_36,Feature_37,Feature_38,Feature_39,Feature_40,Feature_41,Feature_42,Feature_43,Feature_44,Feature_45,Feature_46,Feature_47,Feature_48,Feature_49,Feature_50,Feature_51,Feature_52,Feature_53,Feature_54,Feature_55,Feature_56,Feature_57,Feature_58,Feature_59,Target
1.1073863723729547,-0.8911868600287631,0.18914899460843648,0.6543388314375618,-1.3176125354304447,-0.17152630352053838,-1.2553671608425216,0.5043690899356505,-0.20282209191742412,1.0897637142211893,-0.37874697285875686,-1.96211958975388,-1.1374207472092426,-1.4969531653062484,0.3020868194495167,0.9754678230991319,-0.13217246862805956,-0.7068830831530303,-0.4597050322669962,0.08488597771908662,-0.30683963562044625,-0.462509909593404,-0.1396015543921446,-2.006729588661806,-0.3038641828789618,0.002586044086608605,-0.9956631879622776,-0.8772879410409256,-3.3681646559785348,-1.5437290621217608,-0.1244792199884504,-1.1177627351456818,1.2418763445696146,-1.7287185401731604,1.002910020325018,-0.7211225737145344,-0.7094141768447176,-1.784566326952034,0.9810511708277094,-1.61113763978506,-0.24664752974788925,-1.3472707330973452,-3.8544310401983997,-0.45065256776039936,-2.002781554400045,-0.6784946585660101,-0.8152941294599197,-2.098995812407789,-1.338306875961218,-1.989699887548025,-0.1370410330744414,-1.5519820028586884,-1.2798373953078,-0.6207389980509365,-0.2319118716714714,-0.9659989718075187,-0.7975281306454864,1.032552438460898,-0.5533133514757321,-1.8708550459570787,4
1.2144393415045776,-1.6036078178989603,-0.27946065810518517,0.30354650033780783,-0.37583638261788965,-0.3206363885407545,-0.8647648468356219,1.16834095156229,-0.28745349031508094,0.5755982878439099,-0.4027556790439397,-1.3998133483207402,-1.741896041190005,-1.591762315903887,-0.18780061843201123,0.6826363375926437,-0.6646149869697404,-0.6481713726448846,-0.39596986292735975,0.008681957163608839,0.12626833337153776,-0.11119882670101447,-0.06573019242670125,-2.0886839583148573,-0.5311202621128105,0.1712349588359745,-1.2957333530935458,-0.7391633514297442,-3.576661949945532,-1.4565025295656788,0.23427830032073416,-0.9814273096528413,1.198429501896408,-1.9919711480366973,0.7646970153276312,-0.5541603253792746,-0.6174176916037734,-1.7326368953369062,1.0270049157390178,-1.3425348471860652,-0.421828084529354,-1.1779075000822496,-4.125066664078833,-0.26791490270285784,-2.2228823345334185,-0.5617559735063636,-0.7171489784994527,-1.7608637065465713,-1.3698099459459254,-1.9673073732127069,-0.10186442748259039,-1.47541474922668,-1.305192782840428,-0.548252416739804,-0.10332241721960497,-0.9783219674231215,-0.6883860771238807,0.8699401841154702,-0.6458982999462372,-1.8015360831139962,4
-0.7000943600285251,-1.9156773963761893,0.2813691926766416,0.4861023896272765,-0.3814628848870615,0.02916705451505122,-1.454631571563183,0.7791046164861365,-0.6329025718013297,1.3277291133593039,-0.3187631851788949,-1.3907538180370442,-1.6669018908434698,-1.6146681837497703,0.18459159909636735,1.013802629044444,-0.4117636683890711,-0.6342731702062994,-0.43052376953169047,-0.09255697257647726,-0.08049946514657152,-0.16931569226225524,-0.18826449707235365,-2.1765908846756257,-0.4189274507396759,-0.03469248916717563,-1.174079131268094,-0.7625700575050066,-3.349455900443134,-1.3869283427286538,0.0949996201372263,-0.9361513239711132,0.8206650381182292,-1.8805246828303102,0.8785411907202132,-0.56325390615398,-0.7458300144763671,-1.7248088024329191,0.6606744020382966,-1.1445256600360256,-0.15287204763011858,-1.2500534848718736,-4.071258839703443,-0.5643849232491468,-2.033553897237418,-0.7585471588277137,-0.5950465018352618,-1.993506798448616,-1.493108089394613,-1.8828445144464614,-0.14271947208650917,-1.784680529816655,-1.3120320126100835,-0.5547705874430594,-0.08023579982966698,-1.0013769237995749,-0.6392597800987463,1.0533780079490171,-0.5326474835653768,-1.7964826590649596,4
1.0144509722718338,-0.9064516165659467,1.1354107368409996,0.12311541907399562,-0.1204711471270114,-0.12095226680166397,-1.1877298028796244,0.5446414148941848,-0.40551997472983303,0.582470632869285,-0.7755005342794882,-1.4411818996549468,-1.5564592065155474,-1.390300131557128,0.24649132143069546,0.7192658145984656,-0.3723781658008524,-0.795614281516005,-0.23969207627988473,-0.05033820066554377,-0.2257594864804174,-0.4087836212034993,0.09809823534279635,-2.177602954653201,-0.44973084324790413,-0.2007122925716387,-1.1054542437496484,-0.6130282405546139,-3.0656376649491355,-1.5411887965031692,0.16494318478230316,-0.8748659272025763,1.1226391545588679,-1.597625320502464,0.8793132237435347,-0.7234481248255851,-0.7936943480258544,-1.3838815604463521,0.7976225763132437,-1.3028330910018775,-0.46857563346775066,-1.385945475469965,-3.824025095573276,-0.4879630994428241,-2.131000495161489,-0.5839017113864189,-0.5607928426705404,-2.2104748576982756,-1.3977027383296252,-1.8659851760088657,-0.25898302687723473,-1.5754981918177644,-1.2531763388663657,-0.5724317173680086,-0.11535844123764001,-0.8315610676933886,-0.8516176581600085,0.94863481486613,-0.6298688192003546,-1.792398794871379,0
-1.6917210379849408,-0.31759410850751923,-0.34294384611489687,0.452895078557598,-0.24292662289245992,0.38768203285820113,-1.154885449940186,0.3058162160451156,-0.40430076601037773,0.9641565549129952,-0.34482191642229304,-1.5945018193766887,-1.7082724238029254,-1.2140340104856928,0.13221614387268563,0.7934842035811536,-0.3060363275119773,-0.7510094448309352,-0.2599531238936559,-0.0574829945385827,-0.09295821263186205,-0.2693223886219335,-0.20610404898823426,-2.18519981252222,-0.47381701732211445,-0.21297279824400012,-1.0290827647326917,-0.6276942192199668,-3.069802398550111,-1.6777709708925967,0.14110413759682708,-0.9651740283506549,0.9356841377279186,-1.800543483130669,0.763657188455086,-0.7448708283559707,-0.5918775943824741,-1.7120513672018138,0.9505974609284702,-1.311622594340327,-0.4292116785760293,-1.3604232314128613,-3.9969241954486665,-0.47159744083521626,-2.108016610307327,-0.5014231594957954,-0.8055520446527848,-2.0527561219240464,-1.4183018331601192,-2.0396692604269604,0.028999300378209886,-1.4668737398353864,-1.3302809427795224,-0.8951793900108191,-0.2365769961666443,-0.8246924213203294,-0.6995723346452193,0.9338749045685788,-0.8633806308115575,-1.8190440346170929,4
-1.1927818159889414,-2.3447738807270304,-0.021256675850678586,-0.3233342916044693,-1.214731788994646,-0.8575681733584198,-1.0787337763262916,0.7836443529286724,-0.29439012150626453,1.1946978117611242,-0.039649489490325984,-1.3672578497222303,-1.586267985017796,-1.2808659472010047,0.30504638576636056,0.4891722087831688,-0.1759370119101236,-0.5293903615336761,0.05105562890079046,-0.20294317336052017,0.12698530320967205,-0.2935630366872669,-0.14638863057896892,-2.0808571655055137,-0.2916720454742656,-0.12607677921095464,-1.0227977448150483,-0.8091182570409243,-3.099694273920339,-1.4263784545709968,0.03618238290679385,-1.0752668127599834,1.052288931098823,-2.0131350361851967,0.8527407743833492,-0.6142051044403196,-0.6857599071727742,-1.8970368673064963,0.9823941769595934,-1.4096575526940582,-0.1477685096966381,-1.2848927613411152,-4.0106819280944,-0.36651531003750865,-2.096524238393417,-0.5654685607819139,-0.7670230611159377,-1.927232371574029,-1.5244569379497876,-2.0154546083160385,-0.13919624649163503,-1.4303277922716546,-1.1102073016768528,-0.6695979114252477,-0.2054389372281317,-1.2002330151722793,-0.6381018464165152,1.0267767058517863,-0.6828964716801175,-1.8500101809761569,4
-0.8672662900680516,-1.7371616807837018,0.21753826943997076,-0.4707329795640517,0.11586213173838056,-0.09577920151328764,-0.8645852744714784,0.9803164539705801,-0.6050530873902152,1.0098443354238869,-0.28590344924299343,-1.721656252510534,-1.4685479132245174,-1.604450385638825,0.48961807428235044,0.7254466024905399,-0.37159651776439034,-0.50733949861344,-0.4435789260837193,-0.3519626380611771,-0.08955844352672257,-0.5256735668052595,0.07390384240861478,-2.2093338579977146,-0.4614930179229533,0.033001464490687166,-1.0066729359050695,-0.645220965244864,-3.1492399321041633,-1.6826758426815993,-0.03303393132851414,-0.8801877205011951,1.1922299314593525,-1.752213230301953,1.0814834269813425,-0.6646333797738205,-0.616682799872271,-1.6943015957271716,0.9153974678573077,-1.3241924726193044,-0.27179792871048364,-1.3994620194035507,-4.1867891684428375,-0.37351326230698745,-2.1926543656215727,-0.6796582961270581,-0.7244728653182665,-1.9273956599768447,-1.410187689986725,-1.903527659847613,-0.15407866131541284,-1.501289171216936,-1.2394951682864999,-0.5360537915484085,-0.26121918281016493,-1.0607957515222686,-0.6997651323687055,1.022687620430729,-0.512700147262553,-1.8123553768158447,4
-0.30729769014785746,-1.5612541679171934,0.6779147979787076,0.17376714967225046,-0.4435984601521298,-0.2954505832311677,-1.4668960598251775,0.6578173804418833,-0.7666901423589654,1.0090523405267153,-0.033294957698924155,-1.134704976313873,-1.338660784812902,-1.5721806129652753,0.4622062689805737,1.1393452539251199,-0.15023620587419623,-0.8737032780156903,-0.4236652136027606,-0.3307736299465692,-0.23751112418838088,-0.13208405792067382,0.05921780086146301,-2.177345139158576,-0.4041823321519681,-0.2926026493743871,-1.3068907116013015,-0.6937503394927136,-3.2681602177707614,-1.3921555533921104,-0.035353200667165754,-1.1499637103336235,0.8899198324759335,-1.824981965240598,0.8904675167695664,-0.5815028746788743,-0.798446859606986,-1.769045793161174,1.0513839217187473,-1.384952361708713,-0.3832253232651446,-1.0072744939433336,-3.938518716780931,-0.4405323357318844,-2.158553860644841,-0.5991010152310147,-0.6690764661220118,-1.8831380046000565,-1.4509142438984504,-1.9792323057679628,-0.2368017816291036,-1.526600687859365,-1.2688894695482011,-0.6437766689817493,-0.1429002930875041,-0.8607481449639484,-0.6569503888503392,1.019191027563037,-0.5998799353922056,-1.8578499137218425,4
0.906562548863186,-0.4541151161995577,-0.2526078270364583,-0.3931898671816225,-0.08880687369547796,-0.18181437943667655,-1.086162658606721,1.1169119122797089,-0.4171564553773968,1.2107999849829447,-0.25805393310157787,-1.626860265911224,-1.7988814671336235,-1.4551153496394473,0.11654869478738109,0.8921029710922177,-0.6279819798346995,-0.5412664938329614,-0.3073564993218034,-0.21609337516618427,-0.03565831925559863,-0.19220844375641635,-0.28257714677941037,-2.2200703505408,-0.5116534253736412,-0.20584332580611972,-1.1753984002445885,-0.5168039529706812,-3.1538450662662854,-1.5641202907356375,-0.3216996511249851,-0.9929198643240086,1.0055089464872733,-1.714287546087537,0.9528866192575545,-0.674041766328469,-0.6356864361501239,-1.4776929261794707,0.9423353824790583,-1.3654249573140032,-0.08701257055371911,-1.4278043075947844,-3.927639764602073,-0.3672055425582564,-2.1402324285497873,-0.6259283188756954,-0.8665662206924155,-1.9141647816427856,-1.3998475716512035,-1.804487146134099,-0.16508395054286978,-1.6634431744752987,-1.1135042974540725,-0.5965088203309123,-0.019024136007299713,-0.9859768276279826,-0.5869179085108215,1.0826198259633097,-0.7255039480539828,-1.8467017101757284,4
-2.326825367946315,-1.911889828584544,0.5122017151664784,-0.021570371581925457,-0.4403271033508752,0.2729964971848023,-1.31821510214343,1.2674639390134763,-0.289017774830863,1.2712586698939068,-0.2376558201128442,-1.4857920207774646,-1.9965638076899492,-1.4532809113447431,0.1966264934786201,0.4182163985971023,-0.2598890403713555,-0.6470440519562861,-0.6897162639874954,0.01394622781413668,-0.13118103359373798,-0.1467065671731959,-0.12779430997563038,-2.089390162519649,-0.37333631186847466,-0.16119486164141653,-1.0600373000818546,-0.7758250650431827,-3.177898495133743,-1.4914555066437867,0.015440721768902576,-0.8118406292259986,1.2295828308347223,-1.6684763251721724,0.7959456145926398,-0.7884079716449239,-0.7078762799495902,-1.673107137558336,0.8583739752387034,-1.14751610321128,-0.07759583409745932,-1.1266102223336998,-3.9852990610181735,-0.27335945686501284,-2.1303147623764542,-0.5113470729665596,-0.7011308673565091,-1.893617550818842,-1.4670043414631437,-1.8164704204867863,-0.049810528927069914,-1.6859708468828996,-1.1319964351142837,-0.466388654964206,-0.06854190526479592,-0.9074035541848465,-0.6121559899671283,0.865178451125443,-0.6539033294929137,-1.966982520542329,4
1.0279292337739188,-1.7014057887435643,-0.835801241951747,0.7621387430961235,-0.2724955707550363,-0.41133994690078096,-0.9778786643851352,1.2877109267632845,-0.2756148736664987,1.0863116389838732,-0.7814118940859647,-1.7525699316949683,-1.4784835463356183,-1.4628097272984901,0.3077793609819798,0.8029665991624276,-0.3376864753886981,-0.7263013520891446,-0.3021272918478065,-0.4705690481845078,-0.25072349033491736,-0.14896339261359606,0.09069853159014313,-1.9757736841948634,-0.5724615439701826,0.133074959669637,-1.0972539727700281,-0.5775940414282233,-3.038963637015721,-1.5529052940262071,-0.16938859681240392,-0.8227095509776842,0.9513636520431425,-1.6893996852060784,0.9699529824967669,-0.6849698677898574,-0.8804240532300326,-1.6727311433453451,0.7892213986557947,-1.3493435327114098,-0.1435772582422665,-1.1543018397940858,-4.149090921120707,-0.5202631878599088,-2.093257691138712,-0.6508886914370547,-0.7456976647559499,-1.761281530771047,-1.4330180970836355,-1.76664611970036,-0.14401231133060988,-1.6222849120102198,-1.2212331344439296,-0.594414273672645,-0.17179333549731868,-1.1555772843693282,-0.5827145476909477,0.9523258285354425,-0.6135698063882483,-1.8213735734596095,4
0.142558480183844,-0.9482340222722192,-0.3337233530773479,0.40519869720933466,-0.07569395358095388,-0.3150133905074452,-1.0328806492645195,0.7770378984102103,-0.7313793495547888,1.0195379048003435,-0.3085018753965133,-1.6642073613195432,-1.2936021643690847,-1.7738040293063178,0.3456434183627248,0.6047276801631437,-0.4853215210126052,-0.6369966128495352,-0.4237773281985217,-0.2643972949817152,-0.2441081276600786,-0.4591753716201068,-0.18211773974659903,-2.1661131560143434,-0.3284396141353214,-0.1577522617668269,-1.3356355773472814,-0.3079533632684249,-3.2439696788560006,-1.6516583065089874,-0.10080836287176588,-0.9831590883081842,1.0252828490849661,-1.7657318483054987,0.893348832345963,-0.580006952207367,-0.8391105766858417,-1.6538615886065446,0.842008106357135,-1.3499319343719798,-0.3469791675310126,-1.330912299206698,-3.8930389054105206,-0.28060387409454357,-2.237956425482448,-0.6858369716476139,-0.8153230809120448,-2.134313870298542,-1.2981817899686208,-1.8849430811850905,-0.1676087563822404,-1.5840400801935646,-1.1159419966119275,-0.5394505295629963,0.014143476656945653,-0.7889787079559608,-0.6373630911380972,1.0152294374933877,-0.5438594025374787,-1.8712400748563298,4
-1.1788679411195733,-0.7036605015423708,0.9615988801594995,-0.6420503450150019,-0.7025494019355627,-0.3408972292701714,-1.1129228916299803,1.1100023554704952,0.013330231151630678,0.5376971472428453,-0.292256448522294,-1.8466272079599702,-1.4338398002478288,-1.4533988500517525,0.26480150630926885,0.8887291563598814,-0.42325174557756723,-0.9341818913839606,-0.6133113297974631,0.05882494676329503,-0.005270149530217344,-0.16569486033023634,-0.015223462930504673,-2.037931551695261,-0.36664386160498463,-0.4000035794268551,-1.2332709802931205,-0.6158904171555074,-3.1731513381141694,-1.3888348184775694,0.218967050895622,-1.1376001929155688,1.1963993686178627,-1.7531663386922525,0.7466185492634072,-0.553082932826846,-0.7655358279998564,-1.7675893376898202,0.8143940895919245,-1.2469301973185953,-0.25099053512722985,-1.2966729843491256,-4.168108219705703,-0.4347095131631656,-2.043139247982844,-0.5958834289318,-0.7779328793905361,-1.7016878945220844,-1.2733794198517545,-1.929581024451684,-0.21445248363130834,-1.6007774819036529,-1.0841015956509175,-0.5270578527317995,-0.11938198642527106,-1.0343944720703968,-0.6972802824449851,0.952450405420036,-0.6829251165862893,-1.9179879139232474,4
1.1716216911312647,-1.455041795012477,-0.22340144080240282,0.2418924549713808,-0.08470503879349406,-0.4909896943196287,-1.435062874743669,0.5108334462819735,-0.766934430048592,1.3053920595404123,-0.1954498103887163,-1.9016848581931811,-1.4968232094501464,-1.2850564618781304,0.26563390958529287,0.8952772518539526,-0.43790423770587444,-0.7032137268100227,-0.27426892926995405,-0.03699381520223875,-0.09674646567265772,-0.23422714694710034,-0.016690129062304482,-2.242402676156971,-0.26296616235596904,0.03053210568333284,-1.2213730263753078,-0.6521277892065603,-3.2857225445601324,-1.632247730807049,-0.13705740019912763,-0.8970918962621907,0.9363259621706332,-1.6862044406293197,0.9537804160685939,-0.6837898795280927,-0.842907631038904,-1.5501646671231741,0.8344370009724266,-1.5881820129938462,-0.46670738212814,-1.2832839049470117,-4.243828304489722,-0.6325513738372515,-2.1587386620661664,-0.6582130958524306,-0.690228435916699,-2.02314960829043,-1.4698377385259183,-1.9334866293798592,-0.09738497331199834,-1.714594576519918,-1.2870630036107253,-0.5998178584568498,-0.1589649014839688,-1.0331993093320264,-0.6648428134121979,0.9446622801730128,-0.6646798278933103,-1.854072261590809,4
0.03493138614077361,-2.009891975920116,0.12049640723220445,0.03837958420564683,-0.6990079518343985,0.10422315760422635,-1.726553049435016,0.6555920049046555,-0.11370936827410055,0.6632919315881767,-0.6997812738935383,-1.4657913678840997,-1.958006176525953,-1.2482105050723613,0.5623490089999549,0.7840909215751669,-0.23397969754497927,-0.9880003198033356,-0.45304012168820207,-0.34222413226231196,-0.13147192161978855,-0.1836937222467236,0.09303662692323522,-2.1563729382455947,-0.46534765388447696,0.07108684248948938,-0.9981308333300379,-0.6862376438612108,-3.1253102324890736,-1.8921119125945909,0.0828344047363255,-0.8220485404997826,0.9991021688011846,-1.8050379601299937,0.8407494245191394,-0.5591025711447122,-0.7555591814632991,-1.6851877793341103,0.8329476695665929,-1.3299258811534864,-0.2855484576385533,-1.1088535361701342,-4.066535455594027,-0.35652191624071666,-2.028911336105787,-0.48510102384631804,-0.7808158586675034,-1.957547067706833,-1.3425818676832428,-1.7669451865730164,-0.16438100350995105,-1.6531698805389097,-1.26894917613458,-0.5034379429584244,-0.15672297612988323,-0.883454826574987,-0.6104704034478216,0.9567855447661392,-0.7657910695882978,-1.877986604224443,4
0.2669237852990427,-0.9974091549528875,-0.006154626557156567,0.39123947379535984,-0.5201010328263511,0.03052315939985273,-1.2296623083097757,0.6341905817215489,-0.47226126620717057,1.6592596533026867,-0.01824587899333885,-1.3321369065758406,-1.706781306841414,-1.5592873385977115,0.3504077501738988,0.8790236628431988,-0.4721940822179725,-0.7471330294668017,-0.3418468002054655,-0.34844356329257214,-0.2583636645493481,-0.30225828996131193,0.01505301270583783,-1.8853425237610455,-0.1578233870939727,-0.13614237544362603,-0.8758638629085247,-0.5010124190867049,-3.3551159527603627,-1.6638020242804128,0.04008584097605888,-0.9583614734677955,1.1862407632143157,-1.7877857067687037,0.8853562071470624,-0.5311519632198592,-0.6926355319533605,-1.6348883907238605,1.1172412685280493,-1.4625332222025742,-0.4303204584452883,-1.2867395829200041,-3.873025723275335,-0.3066926601161582,-2.2069848870490953,-0.7341095081048729,-0.8007347590424427,-1.8831278564511946,-1.3934039844723745,-1.918522756738204,-0.1806880629344158,-1.5881969516170145,-1.4049698142572433,-0.690094377133756,-0.054200132336284276,-0.8876414060536947,-0.849674355333847,0.9122964660041912,-0.6568731044470593,-1.7858647453832877,4
-0.9758876627821281,-2.6537417639287155,0.8423579014759882,0.06771938121400123,-0.3262896886012199,-0.6538871778213716,-1.073956143505741,1.0930595176661932,-0.7666019324798776,0.5716806066654989,-0.7863082319244998,-1.7456787039254027,-1.7041291361045232,-1.4479616562584423,0.04057678996588843,0.8774562103059288,-0.1522770880850014,-0.4682335532916502,-0.4033901626068521,-0.15197029536945159,-0.05049606385916469,-0.09114482396632048,-0.10443173638421821,-2.075970973546959,-0.4846122059976458,-0.035513628599970704,-1.1593728788020359,-0.6464887837568112,-3.237440993352572,-1.7625690912645564,0.0026825890384773107,-0.9776852291652064,0.8883901874212166,-1.7693551312378728,0.8910268993751441,-0.7436348067892642,-0.9110436352229321,-1.6007142558382692,0.8032170491096815,-1.2202507903981872,-0.23131779366161143,-1.0810939861213644,-3.8808586720846585,-0.389738250461975,-2.1822255247645073,-0.5445400777162713,-0.784044562473049,-1.7408499155599224,-1.5004744872289473,-1.881285412542555,-0.10105846573277352,-1.6884110870186417,-1.2354352442157017,-0.5837897378865644,-0.03173441116161824,-0.9139694272443107,-0.6206397306443665,0.8411495480556448,-0.6068273408129793,-1.9550838831631685,4
-0.053943939187363746,-1.1501059168715584,-0.6007423837701809,0.30947805053745725,-0.19784763139226613,-0.6029505531234645,-1.743565607827894,0.5194055443661514,-0.17514225567533487,1.363289257020908,-0.5045445953899914,-1.043129791763547,-1.6404180471270966,-1.4438194630833796,0.16895707065573612,0.5609034704450881,-0.38307545989955044,-0.7086689835154459,-0.4341402826678948,-0.11968416530765234,-0.13499852523610126,-0.15440817571563803,-0.014139279363146604,-2.2952994303313425,-0.2538624352310215,-0.015197833120998386,-1.2292042052164158,-0.7132408581684467,-3.160664922363858,-1.445062946921794,-0.0553478837909373,-1.1060621996379079,1.2068253587776718,-1.8201863718808367,0.9679653271619061,-0.5705949551313976,-0.7859898596987679,-1.6748887965223773,1.021235880021272,-1.3428185270155617,-0.3182699160929052,-1.2276190959315219,-3.911258340297984,-0.48944172662575003,-2.0807961215212942,-0.5866797798122643,-0.7594547746787679,-1.991920474559897,-1.2961786916953513,-1.8954994355809782,-0.21766346870806938,-1.6880297583849329,-1.3087997121650259,-0.6488927216569094,-0.009505846292268888,-0.8115689502751255,-0.5633726238561982,1.0090349894804675,-0.5071135553597791,-1.8936117545296864,4
-1.314178672877488,-2.0443551721781876,0.575448153459002,0.3105840628773101,-0.3165228856602685,-0.3507916432927125,-1.1566169284195857,0.5570806364586451,-1.0254986082723816,0.6431245112501043,-0.2928669481388698,-1.6709395053293428,-1.3092114261786858,-1.353837217917338,0.6307542378601388,0.9165334285438819,-0.32488440729858825,-0.8280310759762624,-0.5748754062581072,-0.06051321718111348,-0.14380113160240485,-0.11727277827228014,0.14632036194283715,-2.1311000544355108,-0.49536869087144814,-0.21713134169782877,-0.9217201832392172,-0.6701872060442073,-3.1460795549921867,-1.7004973286077862,0.0827339926318923,-0.9887628833926381,1.0897488375988515,-1.593715400068096,0.9038959753256571,-0.726394887873822,-0.6749475665384137,-1.7245636009772336,0.973942123824175,-1.396631915723272,-0.12563422016959883,-1.3547245986151044,-4.136268263562176,-0.36038154000944495,-2.0376649963044624,-0.6701265215206829,-0.5348085716211143,-1.9467723231526393,-1.3029902176714057,-1.9526648208657498,-0.12456726282886228,-1.487949493597981,-1.2958363096332695,-0.4838294160189184,-0.07240538417658066,-0.9917960169691943,-0.5741382937986765,0.9232409175669803,-0.8214545511702162,-1.8517515910675308,4
0.23792320090499444,-1.0798376549579045,0.13270918632270695,-0.02457716929147824,-0.47075063575960613,-0.05090853742852,-1.9463172469665841,0.7409015734301554,-0.5919110431480918,0.5700752108885447,-0.5479948844519681,-1.552031131580716,-1.4928613389959047,-1.6226639086774448,0.7155270345924871,0.47868776356151926,-0.0973509382664898,-0.3675854313685734,-0.4763528526061015,0.08505878630811908,0.17511908997672498,-0.2901611494481071,-0.05040386769623066,-2.2826906484820477,-0.39747447259137875,-0.2213030532243329,-0.9979061012185162,-0.7299737984008073,-3.2290854013845864,-1.6562240999241857,-0.04722585661438824,-1.11321500431479,0.9303962936008702,-1.9414265510296167,0.7996240590056523,-0.4893706533851619,-0.8857794690543086,-1.805103514673431,1.0763300519221588,-1.3422583180660574,-0.19770011171496704,-1.1937499028185785,-4.1233334413404945,-0.528897509153564,-2.150558391633674,-0.7004830560354776,-0.6442804624887952,-2.0182393865538355,-1.2615127095796417,-1.9495327455729838,-0.10598069910877761,-1.5426556734947134,-1.2015114823399513,-0.6195877857645842,-0.04971244929123864,-1.020766036032709,-0.5006189221501745,0.9946899560864494,-0.7116853463219688,-1.9961218610274571,4
1.1744900815710695,-0.8297358744011722,-0.4358419744373033,0.01808987226900538,-0.7171122266436086,-0.43421933074719987,-1.356328530797372,0.9591133159509784,-0.31547879851038974,0.8544325545117725,-0.6702112497856798,-1.7962578245764067,-1.3928185426733215,-1.4618362314443551,0.45766766472391274,0.8354403359631868,-0.4654296436852028,-0.5951575298193533,-0.3065093614323055,-0.0898182403776134,-0.33799158288282855,-0.5166210831437195,0.18733456825775602,-2.0464547397542887,-0.48003190339526797,-0.05674584655055402,-1.47507714369791,-0.642262705642442,-3.2304691142846167,-1.6727516492208592,0.020969527743731897,-0.910230586013937,1.044139873282896,-1.8072919901582596,0.8838525063338483,-0.5884659444158138,-0.6988790735820765,-1.5894232266160138,0.8489763993035709,-1.3188953318127683,-0.28196035628860555,-1.421428371208247,-4.02056728330083,-0.3974670484536128,-2.083230824721389,-0.602901160802525,-0.6617076133398179,-1.8757330896739528,-1.4621409166933599,-1.9379554056736539,-0.20362465012309428,-1.6226603429386133,-1.1550054289260896,-0.5112275019530923,-0.16208990109223845,-0.9628203421863433,-0.6945004047791418,0.9503492711940357,-0.7349845751210285,-1.840120976652343,4
1.264071499125813,-1.8039929391133431,0.7760034384339694,-0.29253604073640926,-1.185649038214859,0.00866587504411287,-1.3301036018746633,1.1381068321485552,-1.1533120837527344,0.8499612472337503,-0.4639142121756289,-1.448096969434916,-1.7153660520658713,-1.3043288288008794,0.4232721261508597,0.5742738590738528,-0.5739049235400775,-0.6267973920781035,-0.17255684263661777,-0.18741780084728385,-0.25503197711975695,-0.2197010233853247,0.11447845446046406,-2.1821233240291065,-0.4878122351916839,-0.17893827600945117,-1.0324880971992474,-0.7029383485879748,-3.104918122616585,-1.803742669182678,0.012143016805151435,-0.9686671249357437,0.99946575790883,-1.8575720704992091,1.105884181018427,-0.6678050258568041,-0.8182510276994027,-1.6504538069749162,1.0754583530879602,-1.2895653979172494,-0.3106520219737582,-1.1247977679389547,-3.887249393635702,-0.5333840634194866,-2.053281365941696,-0.6342125412641186,-0.7123570607871345,-1.8596839159926737,-1.4860619068788696,-2.059261088175184,-0.06948714858017734,-1.4290649681061738,-1.1036322392106113,-0.4828518565697128,-0.24657452584865602,-0.9921531928804642,-0.7530220869214326,0.9727879329168944,-0.6936729642273609,-1.940094428886809,3
0.21203143717271367,-0.6706749387711507,0.3894488892869021,-0.06482061771014005,-0.8417257959171631,-0.43297477718728494,-0.97365589849848,0.5489656111957835,-0.36590194525083175,1.027276099760843,-0.4929912209150127,-1.6759909028107711,-1.0341985143658385,-1.5438962331473838,0.809723168616296,0.7208022962890933,-0.6155606855656928,-0.6774152855123035,-0.37972099577262836,-0.24727278228316102,-0.29749952813566727,-0.2561917402951968,-0.06259202841135354,-2.014130687525197,-0.48272213187577884,0.1144925746809562,-1.1028211794005474,-0.6458674982318101,-3.3309966806301228,-1.652769778621956,0.13109299468410746,-0.9547267062701298,0.9413676009073644,-1.8489613736533683,0.9441668619081596,-0.36999307496621614,-0.7290051616381639,-1.8200595791922467,0.726763793431029,-1.3821787366494096,-0.28507596983793937,-1.210281768867209,-4.14136408250953,-0.2866560281386267,-2.119441011243154,-0.7406092884067939,-0.6873306729530612,-1.8963389264030428,-1.3814686748452476,-1.979729362637108,-0.2306331240276827,-1.5694267230477108,-1.3094417863736385,-0.5252870822303765,-0.095619840032979,-1.0134100053097057,-0.5731045068260793,1.004947256661026,-0.7043599709873963,-1.8731140862026419,4
0.14145081762414166,-1.007680791679025,0.3543864165887179,0.18194344409856478,-0.09211415248007931,-0.5727452989720672,-1.5760278536428594,0.9216343256312747,-0.12213988099245354,1.0825113641033282,-0.2704869532572824,-1.5721505891887284,-1.4377022274649047,-1.4730250476099696,0.4624004921739092,0.41983578114475945,-0.5764682252498812,-0.7013539042856783,-0.4549152338809166,-0.07432901376034984,-0.19255474110237747,-0.2905614747951556,0.10886395940822549,-2.3028891824767976,-0.2567814612379346,-0.13465303413035404,-1.255605854699287,-0.7870539066824171,-3.0285749246922475,-1.4078191644792817,0.30262849137370085,-0.9146546914674045,1.178212082908855,-1.8240438347285792,0.9565025117671517,-0.4265143077422756,-0.4943502953109991,-1.5634802728482895,0.8184119868578019,-1.2972168618353759,-0.3122973932033979,-1.277352991505061,-3.9778788162334555,-0.4876882822739712,-2.1296409335756223,-0.7346563601916578,-0.6494912719775485,-1.7025970935807802,-1.3033077294090107,-1.880687312786807,-0.1584352706033736,-1.5166883925855608,-1.2701412838020434,-0.5051327768320129,-0.04640549316166693,-0.8101515247860795,-0.6810194866282768,0.9402108057375724,-0.8125237823869589,-1.8699206531312151,4
-0.9786539297217819,-0.4660220078161299,1.2655193030368133,0.47369308075413374,-0.4331089709575141,-0.3265256031568715,-1.0819532882338385,0.872944596560877,-0.17948725372678487,0.9868612632219961,-0.2544809156473756,-1.2474435314244732,-1.2664542738485352,-1.135161823284133,0.7353285880812229,0.812354133079903,-0.1714463932662657,-0.49631247295822234,-0.5201911959960568,0.062078428868150876,-0.17862769552195318,-0.6081208995977139,0.14547517709954422,-2.060954694882403,-0.6006634573981727,-0.1796462271167732,-1.5828323596624043,-0.5813732722203314,-3.0989848783213705,-1.6123931757475751,0.10677541370679834,-0.9527269316053619,1.2074998525405294,-1.8100614661385208,0.9004415260323649,-0.6506502293135238,-0.9519466318626613,-1.6922771173583455,0.7934641937883791,-1.2968697874625503,-0.3548568102511689,-1.341299152096783,-3.9084963757697917,-0.40370999666139484,-2.2562426364938637,-0.6913768354388646,-0.6006111576415969,-1.8979936530709043,-1.4697526868226605,-1.79503538117546,-0.26814501259497925,-1.4962110815745264,-1.2193586764553561,-0.5192712883468203,-0.03997196115729072,-0.9333387695648369,-0.4910267062459842,0.9225478543039516,-0.5915360863775593,-1.8271656994346972,4
0.07344905113167487,-1.0457847042109178,1.0854820452157639,0.13663874442566543,-0.13179148986233652,-0.09389678113708622,-0.7962319739891557,0.9221488584579012,-0.4982653045138326,1.045139576969626,0.41004315328480334,-1.6765980134967404,-1.3982619977354096,-1.3558627599819477,0.1295274246777224,0.9681828739701415,-0.25166950820207773,-0.7512404462090754,-0.3209039610694684,-0.23686688176155568,-0.3956821386384554,-0.42221883327009163,0.00015748055548938517,-2.165233479205888,-0.5242527988366809,-0.18567387796207493,-1.0469562108021675,-0.7896667325594044,-3.2019976276811395,-1.6003939780464984,0.18536319649299282,-0.865647268736795,1.0530876730706038,-1.6475045980670007,0.9484668632499511,-0.7652966271187085,-0.6938020616267063,-1.5676788871060794,0.9031501389736889,-1.2753600401488594,-0.13329477665103012,-1.2543004647024867,-3.966767434583031,-0.4560576470648379,-2.1956824238667934,-0.607040764178456,-0.6167367131199736,-1.8725812228947218,-1.5789142749329144,-2.0007384393035266,-0.034359172736804555,-1.6360698733099701,-1.3149519708793287,-0.5630376257693623,-0.19368595133058228,-1.05702684972222,-0.6358588532065986,1.0049371107583862,-0.6961059644435461,-1.8701382344470634,4
0.3607491677707964,-1.2617785525991634,-0.48854723839449377,-0.025443743033473465,-0.8565784733851589,0.09408064815335618,-1.182164451248802,1.1474943158492725,-0.2729526926229803,1.212257396947206,-0.05325730351213753,-1.8293713257093125,-1.0832077811343828,-1.535491147048481,0.269599985152232,0.8888315208928552,-0.484999782004746,-1.0321834718181093,-0.24828828683673726,-0.17872295066586144,0.024904955226392994,-0.6677613957521868,-0.49302583329027466,-2.156902013639775,-0.629068063088903,-0.4251706129801909,-1.2046021047935886,-0.44258142452808547,-3.123348899002038,-1.6440935329946973,-0.21542851965541393,-0.8123491760010267,1.1764297731605105,-1.761081900061706,0.8907686233425585,-0.669076045723745,-0.6264919206541699,-1.5488966816081264,0.8618571253702058,-1.432832685418996,-0.13559242260824392,-1.2622878482893978,-4.056381301654196,-0.49746988128689285,-2.0890615786942517,-0.6233408995462278,-0.8342256840892635,-1.8325490721956788,-1.2121315424085286,-1.923257722218978,-0.16981795108478784,-1.7396843647091307,-1.2263234197827777,-0.698262011627153,-0.042714731603577305,-1.149143241912338,-0.7831461735752739,1.026706723437874,-0.6228383187885651,-1.6267651526546998,4
-0.5199110724954075,-0.5373158693543106,0.8219301791104973,-1.1984154949730574,-1.0119182369504065,-0.21803315865443934,-1.298900543997278,1.0580438775573604,-0.36050792812572996,1.0623658106961988,-0.03618782971413631,-1.5833287500743438,-1.5461910760322068,-1.1149600009114542,0.09138483574598494,0.5581665990639652,-0.09890056933052357,-0.4815481778374847,-0.6948589968507587,-0.2232239813294668,-0.17447460494069755,-0.16049409331190032,0.13366391292852947,-2.0342359352444186,-0.21917654653465748,-0.2557054113575794,-0.9924470001842405,-0.6962518442497766,-3.0004805619328185,-1.3574449855839605,-0.11982435337590297,-0.826273870512737,0.891366176203571,-1.9212090964360151,1.0251813637021643,-0.703303021913314,-0.9577982537799419,-1.7558523700709923,1.0923618921078313,-1.1845504628001267,-0.2844589098366093,-1.145037741771717,-4.023028246631609,-0.4099491009540846,-2.0194465758030606,-0.547743783806119,-0.7175332108369373,-2.059274142898179,-1.2717319057770708,-1.8473436208696763,-0.03437112871167064,-1.4903791416010674,-1.256823104175121,-0.47148789129798463,-0.09134111945202572,-0.9859101921518837,-0.5902945426534257,0.8707591135589776,-0.6867217371402075,-2.00596218146467,4
-1.4110426567610719,-1.6701171976228957,0.4742444227229956,0.6436550359860004,-0.674503799060675,-0.2837941660574635,-0.9502084272743679,0.8035031973979891,-0.7340680609045991,1.0361565315365315,-0.21592462845456312,-1.6872705980178435,-1.3364850493483673,-1.4210613928027933,0.34452174515605116,0.9752018935393312,-0.335888581740422,-0.5326847948987119,-0.38315672382477395,-0.07811348614528738,-0.003909358095116916,-0.4802553970759269,-0.2526216703282131,-1.995427197936152,-0.43486086857939377,-0.28387211046223904,-1.1226743302563535,-0.46364225262125025,-3.4133395375361677,-1.5855315471255107,-0.03502160509900469,-0.9900381437071091,1.0165363745780307,-1.7201250357677087,0.765474855668571,-0.5047535931295976,-0.4350572913261232,-1.70618651379419,0.8918726386851112,-1.4200218315807978,-0.27107348989216,-1.280520575195067,-4.131194417357679,-0.5219571609397601,-2.072061515148895,-0.5153522084462376,-0.7835955931032085,-1.9822892442727498,-1.6167903731875146,-1.799362768283637,-0.23605955023525316,-1.3607428141968823,-1.1025838129191345,-0.48503495934595764,-0.06142277089495413,-0.9975044318701463,-0.5507166924997465,0.9866582656959852,-0.5395761341451938,-1.8795835116296815,4
0.9758456301901258,-2.361970134379728,-0.09146624784950724,0.2587957522248481,-0.6086384011536081,0.835423705510567,-1.264071033406095,0.7633757831794511,-0.4325373183896223,1.2738531594664824,-0.3064406342282229,-1.616603128889423,-1.3918853131256874,-1.3603216506424922,0.06680567620457473,1.146852846516806,-0.36794886952898975,-0.7077822778498241,-0.11205643640547663,-0.22237372349361506,-0.2701961997341111,-0.3185742185583822,-0.10401122720838778,-2.2099472437895873,-0.2622279033485033,-0.11494026219708503,-1.3157710791402202,-0.7150690092695291,-3.29947790659902,-1.5639296096558566,0.013858659649620105,-1.0091248012232805,0.8543947037487609,-1.5583786171340723,0.9225281818363728,-0.5596911302840537,-0.49314909487069214,-1.5308284443152056,0.907877234278557,-1.3372275044730224,-0.6303113774049649,-1.1750711559091513,-4.029791126411055,-0.4917550508846283,-2.1536990861004557,-0.5671430449437941,-0.9539563378797277,-2.016885387767417,-1.4369153532191656,-1.8528332918760961,-0.2147511211095377,-1.772466140594673,-1.2644966738890595,-0.6372272679811076,-0.0322421017499723,-0.9394759866759697,-0.7102700351585443,0.9008863615820157,-0.5935342657376167,-1.9707056369393507,4
-0.44280797879810935,-2.0433620366140737,-0.08141194797253617,-0.07516341209316557,-0.20293164772997418,0.36347971673164614,-1.2938578000221004,0.8486927050172361,-0.5887157501564463,0.7056942653845868,-0.2306825185699597,-1.6066656771360412,-1.6459855522885176,-1.511259941363992,-0.12320114829760492,0.33885237921356604,-0.5940383669425033,-0.8486465623489674,-0.3479392895701774,-0.18336352208893905,0.0023356919808340815,-0.5692308273529743,0.15780888029960072,-2.0900438436837754,-0.5920761018224192,-0.02230150692391676,-0.9723700158177938,-0.8161883985004238,-3.3272576836544654,-1.7985372364150207,0.12180589527791506,-1.0401445245282974,1.0849785659030382,-1.5963907314911652,1.0457577038987458,-0.4514925383471392,-0.6909062248058008,-1.6829112028727615,0.8233545619952586,-1.334315714129305,-0.1572718660343775,-1.08970121240974,-3.9349510190439645,-0.5015298484134045,-2.0921989702300103,-0.6970899220520801,-0.7426012564538704,-1.981405706817469,-1.2778564792266005,-1.8371979197891963,-0.0210178137400331,-1.4058578236634922,-1.1869640665683687,-0.6531115108758745,-0.23394201583376006,-0.9182656686209657,-0.5732331804770434,0.9707831544437897,-0.5262130307562108,-1.8410608438607639,4
-0.5907469758804559,-0.6487136313285393,-0.1517798926250479,0.6675574486148119,-0.9307824121671364,0.5497881556020997,-1.271990421144103,0.7163653974569385,-0.588742477945867,1.2566100021999898,-0.16887823504539906,-1.2876272232711516,-1.6534954448316697,-1.4307739529524468,0.22631386174685128,0.49616716604183037,-0.2271107567575107,-0.6239433665505372,-0.5078239161607427,-0.3132362363451623,-0.5394539649928878,-0.3875250778418141,-0.0998996817836734,-2.2399634367535173,-0.3241170858871142,-0.06090999516500033,-1.1110879462234395,-0.6166628049195797,-3.1168253255094767,-1.521388962316453,0.13845786324542825,-1.1973181106235034,1.0237518438471318,-1.8198626343756212,1.0117738364483957,-0.4050389018421744,-0.8572177632678304,-1.8017946002591556,0.81044418375133,-1.279502179646988,-0.2869625842253714,-1.4365938470731445,-4.20245646310332,-0.3627298426457959,-2.071633789846628,-0.6998995793312757,-0.5685183626645305,-1.9178348343522629,-1.4317574817124497,-1.8821058567925393,0.05510702304933757,-1.585306586145229,-1.2572855452542988,-0.45840973791383527,-0.13908732629077666,-0.9160922692484321,-0.5839999050606961,1.032109882931568,-0.6807688941733848,-1.9571937514885323,4
0.12876181352811902,-0.39935105905310886,0.38476310430601796,-0.4284741946338414,0.1527208066493082,0.14588242341459756,-1.5697417888412317,0.4507294543749766,-0.7358956885781197,1.08078331380981,-0.3400135632350984,-1.6981439426604577,-2.0110916457347594,-1.1197179218306097,0.6959002929386997,0.8624561102773587,-0.2793895858319925,-0.5914701599756519,-0.7189782903503099,-0.038705015614239335,-0.09612509854761898,-0.4359125381543544,-0.006465056955144311,-2.329264902494885,-0.4942703198397125,-0.514528532938002,-1.1545613365115328,-0.6945555421559593,-3.1188927669656668,-1.4502076143247877,0.052388944924739125,-0.8281627160144944,0.8895404963414499,-1.4925356453344574,0.9154257591611488,-0.545751785128054,-1.0050153633545025,-1.6357750203278105,0.9328855540264429,-1.5234179331130013,-0.25501801494067844,-1.3109427015844328,-3.841605850135163,-0.5245119794700144,-2.0460402013925933,-0.6160551153706761,-0.6570880361476984,-2.055663476537809,-1.3420307058312826,-1.802615483312428,-0.034272902453040086,-1.476875920387116,-1.099351006575364,-0.6509317143619815,-0.06343695268929289,-0.785583457333021,-0.5390076677612428,0.8038218883921106,-0.6909326757019465,-1.843383847913187,4
0.49551829235540973,-2.1140549325174254,0.33573396536405564,1.1407658451155092,0.1931580991915819,-0.5217640766705729,-1.3062453557137426,0.7907492744945643,-0.7125093316973343,0.7859204890301119,-0.12249079529165433,-1.5667002346547687,-1.2060989836720404,-1.7304412891767056,0.45244939774048487,0.8169902543152764,-0.5211718344307094,-0.5404170646777345,-0.5767089116844082,0.08014191967373582,-0.37491056155942826,-0.3727704087540458,-0.1061191077571753,-2.1954490248638443,-0.4227824002456628,-0.23813846929974328,-1.1625434607656926,-0.8219355497825075,-3.284745442823548,-1.5475023743186513,0.018496664889740007,-0.9519864985023534,0.830505378286441,-1.7282552241994635,1.0080265174288088,-0.7837701969405251,-0.8103567046158507,-1.5966043078982477,1.0362226895840383,-1.349166809136501,-0.33810547625715104,-1.2205188497788615,-3.943107734884739,-0.2894606396773918,-2.1541274603353258,-0.5715216599846346,-0.7194330079186707,-1.896579380816504,-1.169758240616742,-1.9120235666839094,0.018190131298439965,-1.5892651360128265,-1.2409077921286948,-0.6183738858875616,-0.08178913904597697,-0.8965586983574243,-0.7308445165974344,0.8305491272687373,-0.5468259761030123,-1.8441167727506949,4
-2.046010887022009,-1.180507689221151,0.8465791082471313,0.5707677713834973,-1.2176760141477223,0.26011891297893097,-0.8504629112758098,1.0558108289455683,-0.37629180040963617,0.5861139081465928,-0.6536949747513544,-1.9243871032905366,-0.7813059635294738,-1.3741263814987994,0.2047759767541784,0.337204914625348,-0.2176749219660733,-0.4104505230901991,-0.494528059659479,-0.2988664861859581,-0.2442088398357246,-0.26246795949030016,-0.14022333426501815,-1.900130380761645,-0.6988996850364648,0.06006011010572057,-1.1559876660552104,-0.5864618315477649,-3.0918794348721432,-1.7242022575743787,0.17145810284864593,-1.2726678435014969,1.1955321070459177,-1.8428723115814853,0.8968940688426971,-0.42037004606923406,-0.8453572328018704,-1.6497048649155845,1.0668743832948593,-1.2697855710380253,-0.2545333836643645,-1.4780222754738213,-3.983191350347578,-0.5668738057568863,-2.2422824230974454,-0.7223981792444961,-0.6926896149933717,-1.9394698889026163,-1.417290185183979,-1.8702378498452,-0.19720302897258435,-1.685652269794413,-1.2230533602669411,-0.6300488777200032,-0.09740844639501496,-0.9860308810163073,-0.4614636895762935,1.0194535739547688,-0.6684820055387419,-1.7577291438150042,4
1.8040095871612758,-0.7422746030027727,0.9444979771070278,-0.3708539627912837,-1.060748696035889,-0.47699945552927403,-0.9100388226839784,0.39564350330257547,-0.5144571541797367,1.321507493520711,-0.6703939963580534,-1.9367904376322091,-1.8064934522244607,-1.8269844120817844,0.17868283493001977,0.5148885674453577,-0.8468411657126416,-0.7090070385437126,-0.29584641266035805,0.12973314989629992,-0.1542168942640328,-0.3944094518080307,-0.12583426312705942,-2.0457540424504157,-0.16263828054186436,-0.06716430405469548,-1.0038949489572104,-0.7778860575487319,-3.139009553215763,-1.5080542255076725,0.15602049580311422,-1.0420052009426124,0.9684550779749479,-1.7077225647526935,1.0006755953151172,-0.4482177588681292,-0.8672244191255725,-1.6363856983543226,0.7772962998130464,-1.2009707117994852,-0.0384132043313824,-1.0698360872671073,-3.9470770790201426,-0.28990204877306336,-2.0121542414356615,-0.6036200829022066,-0.7917105926863457,-1.9091400193680497,-1.4224855964351413,-1.8765387028496756,-0.30088742510175015,-1.6800948006446874,-1.3760792260223422,-0.6991775319630714,-0.1426417994286558,-1.1205693385477606,-0.4892806651655055,1.03904637301118,-0.679552064195603,-2.0097460959252693,0
0.25362641862967594,-1.159099837428788,-0.36256882749621794,1.0191244825970571,-0.3970241215282308,-0.2220750920825813,-1.7171318332062888,0.8378919165914367,-0.7664925806221607,1.0001709487656836,-0.7882992159970998,-1.1097467040392162,-1.5404359250679465,-1.4620738298645648,0.6593514279402117,0.993071523986989,-0.08856187481796779,-0.6948805611084186,-0.41284198771574276,-0.16982746804851068,-0.006228017230279992,-0.3782170821641561,-0.24468874700959553,-2.1484246690313964,-0.365115119729611,-0.26048839329431744,-1.1554892472949654,-0.8523715131494243,-3.469673982451615,-1.558497208222497,0.08564263334283982,-1.0191551985255696,1.0725772841915557,-2.029480145565313,1.1187523894670741,-0.5545878505006366,-0.8305235710065695,-1.5959457276408442,0.933315444831161,-1.297163705673016,-0.37159112343155176,-1.1220973121063553,-4.117074393099635,-0.39163877746774955,-2.0936439856542535,-0.37615433605903636,-0.7888826908929939,-1.9600927362652787,-1.3739423342781243,-1.8208813705947497,-0.10915998997016008,-1.5958833751996842,-1.1273073913024245,-0.613063659496885,-0.10661833561545463,-0.9343448065250753,-0.7333244877645865,0.9804149892775706,-0.6172815061882977,-1.675097420790958,4
1.0437826729941584,-0.11612317829750185,1.0479064751260854,0.2940332607151923,-0.5741005737123952,0.4340279373883449,-1.3611737073537404,1.030422548526341,-0.8079008345965277,0.8316307724692863,-0.4308179436385793,-1.4909147429683185,-1.0096780257963716,-1.2017881831270163,-0.14775140665754483,0.6980091976093408,-0.34677480801635124,-0.5957720646669747,-0.3812134292609989,-0.2462118847922144,-0.28494377390543413,0.00566186303640992,0.040484834004372666,-2.20656367667662,-0.42761430440327186,-0.08738425324494525,-1.3259125264565688,-0.6331695515269192,-2.959255498193674,-1.5815397805261318,-0.0375175514988214,-0.9419318185424523,1.0051620233816687,-1.7806674024450255,0.8928322068644992,-0.5286079596644365,-0.6947099498258757,-1.485590042023594,0.9343675711409501,-1.3087613639292421,-0.3620974056774566,-1.2529840581420149,-3.9229651243293993,-0.22082283219891596,-1.8878331826853967,-0.7608987701532428,-0.837968556710078,-1.863764065595547,-1.4743476465846366,-1.8562436155111173,-0.14111574932038612,-1.5677739473294634,-1.3432769264845807,-0.6143558679480707,-0.26785923892569663,-0.8928712151555462,-0.5368034501737189,0.8627461052609253,-0.5688021008544698,-1.8446599811429,4
-0.8253015247451292,-0.9088762944321083,-0.10264917576479093,0.49963050332841097,-0.5370282707453475,0.00735337784067483,-1.6129894000171472,0.5372970413783282,-0.7869950200065697,0.8734845249702186,-0.8303757211450424,-1.8667230571849949,-1.018288097260873,-1.2401789090897428,0.050422056527649306,0.480605946386318,-0.2365083780591828,-0.9348631178785552,-0.6552517216309015,-0.09072030854868324,0.09472947039721075,-0.28340162086466686,0.028639980398164094,-1.9108856514351948,-0.5340135572633673,-0.2910329094993739,-1.2079668810130615,-0.5212268484950804,-3.235514872285664,-1.6331002538916726,-0.05736645131358842,-1.1044285939595633,0.8785624872587298,-1.5042926338639355,0.9590935938973698,-0.7603235269400316,-0.5997625939508375,-1.5365809788415645,0.8819744957317202,-1.3745090215490507,-0.21345441266227416,-1.3637511799714448,-3.932412476627838,-0.510150289764157,-2.2583471437041562,-0.5369932170141658,-0.601299076351075,-2.0450338442058493,-1.311977323334986,-1.9891502335935622,-0.1748510165339747,-1.600264987298566,-1.2054994148303002,-0.6666109914498904,-0.09442638409584045,-1.0277589614301021,-0.6191170167831982,0.9731983823848437,-0.6130956634215424,-1.9482121856824268,4
1.34664370084585,-0.5280183456855037,-0.8183139184321874,1.0016763720343311,-0.14083029846428097,0.2947528015738626,-1.469876167428558,0.5289126241333313,-0.814167759247066,1.0479497907021438,-0.7679753383169761,-1.734628002640315,-1.356377521438534,-1.5584659552849116,0.5088878572895515,0.7609940922659025,-0.31286453090022603,-0.8433983473851292,-0.3713099191929118,-0.316832665143224,-0.37947519126257945,-0.29539252185129544,0.10371023975381827,-2.1294008501292687,-0.26828350681785,-0.40587283572378297,-1.310603566876581,-0.5267267766730839,-3.2592814896480475,-1.4983509304440359,0.1847003953951131,-0.9544901497046394,1.0508807589862386,-1.8761498725183028,0.9586477606048254,-0.8182809188353453,-0.7689387636138767,-1.7054107904346971,0.9245312260001973,-1.2933362621154627,-0.3813388099673755,-1.1747606529495453,-3.9409882454284766,-0.5164451281515092,-2.1018094449081834,-0.7012595409771097,-0.8433348471426736,-2.018226205269427,-1.4099042636849142,-1.953378826994296,-0.12299490439995023,-1.715917332649773,-1.4042330900953037,-0.5704323554006308,0.11765672543507569,-0.9348707507357933,-0.5820186447951916,0.8466748372162319,-0.5854785483701782,-1.9652135376669875,4
-1.539279371060128,0.3936055363782127,-0.2414570900822181,0.935570408980085,-0.40140424256715845,-0.3872833379236983,-1.6743579906648502,1.0044980992991988,-0.6124056081724113,0.48941925807605285,0.02462636720362571,-1.7585158386282462,-1.1136824458180326,-1.6781417772840723,0.09286462067335954,0.6922080792110495,-0.36816691835839466,-0.8358624784374555,-0.47880893465517166,-0.0935044887872305,0.1735290196337511,-0.416646373718242,0.047493145474600165,-1.7400389912914949,-0.4542891833281309,-0.34823118304924416,-1.1656261822244602,-0.7638714306253368,-3.2843559573326195,-1.660045739475001,0.061334826857374784,-0.976748731269555,1.0794146684660202,-1.7953659662045645,1.0061576562077017,-0.4836021650146247,-0.566270924878333,-1.4677882522248615,0.8192624583779885,-1.4801865294293748,-0.1622335698244098,-1.145147316889888,-3.890721596870601,-0.37548024276813874,-1.956975266181583,-0.5928050632969755,-0.7299888317467247,-1.8217559806295995,-1.4502381592715625,-1.901398090340994,-0.07134479052875137,-1.6712777196854438,-1.1483842931304775,-0.6993447257250456,-0.06124009568975148,-0.918664269316642,-0.711273211462243,1.0637676542373486,-0.6523597394938865,-1.9458970495029007,4
-0.3208334550346988,-0.42857832468467316,0.512642444151326,1.2569617894741292,-0.8717573441463979,0.20316566261011892,-1.5795296837657682,0.44478423269762624,-0.4177653307579107,0.7209348619499489,-0.05559205133533884,-1.643809268882764,-1.806489163491591,-1.7322349714140002,0.15400479866605757,0.4540369154762096,-0.06881147857420022,-0.845255263188388,-0.38423344126881526,0.04791776204506221,-0.18386305702984673,-0.4436052399599542,-0.20814444672094115,-2.0090032769606285,-0.4349480729437888,-0.15535772938803682,-1.309356014458837,-0.7454830624699936,-3.3665909894741826,-1.5741009525697927,-0.2537722365074748,-0.9994393474385743,0.7874623401428638,-1.8329684403715718,1.1099859982853957,-0.6900136094896157,-0.43589063639812275,-1.951013403852244,1.1552915984135268,-1.282753839606913,-0.28239951447355927,-1.2584448835627475,-4.020540403439131,-0.44059837029730115,-1.9823960156409814,-0.6737216361843068,-0.49695482643027705,-1.992533461955396,-1.3987886311295437,-1.8036283468451344,-0.10071439162340758,-1.5835068599593227,-1.288460148008853,-0.5663205089032025,-0.005358503572486947,-1.158769765743133,-0.702787181412758,0.9657463060261451,-0.7033020541185314,-1.9357073971281873,4
-2.2745600491280253,-0.8695236549067993,0.3194332124827799,-0.3330891255773171,0.32107386133191795,-0.30871056451264356,-0.6717896984947913,0.7035726131468412,-0.5213563070383802,0.7883983489034768,-0.03886746935408569,-1.9742631149877636,-1.734516458914696,-1.283639104460362,-0.09649690366340774,0.6823801697842787,-0.25406177455092654,-0.5896481671356856,-0.38696869390300453,-0.15450576028230711,-0.16624897801027358,-0.29101015598845215,0.19537849765003493,-1.92561717682689,-0.5224840431073561,-0.2996125494904456,-1.016679552552328,-0.7931801373615903,-3.0861025288197808,-1.7942218610256573,0.00844426245537288,-0.8335853437239495,1.0839722393585385,-1.6010526632066342,0.8221698927176032,-0.6324093707907066,-0.5999157818748222,-1.785528099472335,0.8593893449213466,-1.3076389179002803,-0.2539661154169639,-1.2385358797334602,-3.868801146939813,-0.4138681732113696,-1.9467202828630839,-0.621277365064942,-0.7308474124549971,-1.9719900147679206,-1.4283005928587973,-2.0946117558387467,-0.11631471157681764,-1.4317288860020678,-1.1261623841304105,-0.7276478589695292,-0.21357354938642298,-0.880773006689616,-0.6734129663524435,0.9725001546205548,-0.7242636721843614,-1.8415917646580906,4
0.4119408233445956,0.3450238727964998,0.3699289472570049,-0.5399912591253576,-0.015633896320359053,-0.07432790174691246,-1.4594592037543082,0.5565648265033719,-0.18831318185578788,1.2253807933931475,-0.06144484311917686,-1.8108719811990177,-1.5249332988588786,-1.3677868336636647,0.32966550213565565,0.6290332981584129,-0.6262642641360243,-0.5376566542004263,-0.503072756733385,0.042230450927224134,-0.2266350295717539,-0.44387505288257634,-0.07267797806331726,-2.096250575779361,-0.5892737779613235,-0.17619804835230002,-1.1799968907995122,-0.8011275151605088,-3.3117387958472064,-1.6328782907532218,-0.021260589401472796,-1.1024951808548598,1.0523289857526155,-1.722623274296372,1.0237694255647245,-0.6429434283217849,-0.6420542843489002,-1.6161458244231455,0.9247946795772966,-1.343520455197768,-0.24713747752899143,-1.4516204100089736,-3.975962221073869,-0.5285640820598035,-2.140083189223346,-0.5519180435695252,-0.6831937437246148,-1.705336569082533,-1.428726528919008,-2.127163934912673,-0.07136309561896528,-1.6921917721876942,-1.1958897140261802,-0.39278748791867657,-0.18449777474097895,-0.9969128995641429,-0.5965162079660631,0.8517499464744187,-0.7161524803933101,-1.8491674398574205,4
-0.6674156724179724,-2.2899282678357857,0.04399461493326772,0.040856706320510014,-0.2413627782707593,0.143879349328003,-0.6100749589808996,0.5152425174485279,-0.49460569021571765,0.9204003848658269,0.20368401557063498,-1.6064189327182572,-1.8929370031750983,-1.4564677340771972,0.19004471763232728,0.6843140156174248,-0.46731757053629086,-0.48442454924187706,-0.3252167655449435,-0.34565700047185566,0.062044762640305506,-0.07572632560825501,0.18380942706969491,-2.0837062643645297,-0.5396069709456861,-0.15554983099308778,-1.0746714177847847,-0.8209521772363944,-3.3934912929771124,-1.477165399956398,-0.3116913948948164,-1.0226818927672277,0.8891795206158385,-1.5911400970609553,1.0296967684602991,-0.7911533335375699,-0.5684379354852185,-1.62213744636211,0.8823915405539833,-1.2970725059129569,-0.2627261597235223,-1.1909466920073672,-3.826401851003807,-0.42531475444829125,-2.2014239838091028,-0.5818738815279487,-0.6586345878590568,-1.9738303046338896,-1.3185533182224694,-1.8362179935437337,-0.093707794055858,-1.5298521693401448,-1.2213271553868377,-0.5203126717493609,-0.038763313023553084,-0.9782777469322248,-0.6417649573420687,0.8818001181202393,-0.48062852626122676,-1.9538394267895582,4
0.14808162698550023,-1.5167859283796126,-0.5823294823307681,-0.06178348387132254,-0.4055579849155772,-0.0502272548930776,-0.5692012170282653,0.625641313043545,-1.0698763055633607,1.2620450148526756,0.008886885350268658,-1.6484434768110334,-1.490167422004817,-1.0798241537606026,0.5928567459476894,1.1595172604108068,-0.4227675231408207,-0.6558005192078717,-0.466580231513634,-0.39532025357424694,-0.26615853508913956,-0.35246555595886786,-0.13041877857397527,-2.037936546540308,-0.38159820586238674,0.0159683832798313,-1.1457052330388822,-0.7827662279130031,-3.2567618001484906,-1.6919113054184864,0.09504169646216305,-0.9075517321049189,0.9488645894652092,-1.72498689068506,0.9028185190584288,-0.7965607320217103,-0.8100929742232749,-1.7343517918934015,1.105208679127029,-1.3690392090383927,-0.10171165073395558,-1.3234868479435917,-3.709745284377639,-0.625456409796969,-2.1787159252265504,-0.7217872002242449,-0.572453571106637,-1.9510545285977603,-1.605201160710967,-2.0369744740849476,0.010455072410160998,-1.515532022768217,-1.1387703665475992,-0.7431394706267314,-0.12112687082992599,-0.9691497223397896,-0.6822966316430815,0.7694976419195968,-0.6481458649757971,-1.9276356434561597,4
-0.8172504391267864,-1.373060139649164,0.8785303137386501,0.3528173470331042,-0.5305781082417137,-0.31833706682177965,-0.6227651277104255,0.9281545451173943,-0.7257940972648779,0.8339322140155264,-0.37338283543927814,-1.412302905099135,-1.4626775427099001,-1.844680857448396,0.5108022746073244,0.876258615311087,-0.4567617899762466,-0.5910506798210665,-0.6723010269804419,-0.24484649966264338,-0.14441850703862277,-0.12137237533135115,-0.0025336037715284546,-2.1442048543588266,-0.6143407561132461,-0.13655463751045888,-1.2115299867384375,-0.8005025797185183,-3.0217563487744803,-1.6227608646304972,0.07557870548499937,-1.1351598045025992,0.86966786615668,-1.8439454457376763,0.8849164264620522,-0.6958111488617995,-0.7864398170211659,-1.6421932607719867,0.8641688670736135,-1.478785865155808,-0.3540804647455537,-1.4172830033712722,-3.954952586935107,-0.45292812828101886,-2.146160666741216,-0.552431624189125,-0.6925280785506434,-2.066867451683141,-1.3688716472014804,-1.9793127239948958,-0.00119653054529327,-1.4386512989046496,-1.1738594952191945,-0.7121135267102622,-0.09907865012012423,-1.0401685287722848,-0.6986637153479874,0.989316525618456,-0.5711468612316278,-1.7752872412864875,4
0.7510776684763213,-1.0470486503904457,-0.28706732936191826,0.29839456957582117,0.06619831215277594,-0.009422800470715309,-1.547678687936274,0.440073668801244,-0.9120928605459382,0.9210913425251274,-0.26217273378320183,-1.2347962950781746,-1.3571316079570503,-1.3701228193384603,0.1470842965574286,0.8539519593671613,-0.104814462779898,-0.6026488136903402,-0.2999113796243289,-0.2893132220424742,-0.19152882022943932,-0.2763590730220738,-0.047828162811578125,-2.19131799945488,-0.4068077134957241,-0.08664785827129382,-1.2414657906620494,-0.6195147111462485,-3.2317703082283997,-1.3869695679145373,0.05002433063312846,-0.7974325916447258,0.822918276050561,-1.7571788833385735,1.2045277082277819,-0.49858880881373496,-0.8388977875658402,-1.6574697775207043,1.0299918266681751,-1.1385784715830953,-0.3072350711641519,-1.0862048647669877,-3.803142868308687,-0.5932173775332812,-2.0737607838659424,-0.7994638535591633,-0.869760337832287,-2.031644494262969,-1.2636526814938418,-2.0240902581407405,-0.1772316490129431,-1.635629066432075,-1.1834815555576363,-0.7121074733033763,-0.30276578592493125,-1.0585132031865927,-0.5507123637848845,0.959354064524804,-0.6781309795774851,-1.9609628111273198,4
-0.2806148738552241,-1.0776284861189436,-0.08899278031050742,0.9880092435767897,-0.2572410462644255,-0.0075697892913879905,-1.345036676739689,0.8389064362859918,-0.4970418243299918,1.6933277619965499,-0.20413993460773655,-1.1587223959534287,-1.6052803882471616,-1.6934796709248237,0.20025442928738746,0.9561771771622246,-0.11610883314952683,-0.7152355920540279,-0.5382941072369256,-0.26071144295048326,-0.0933375483765514,-0.16581653517417808,0.043038640760467026,-2.175803533906796,-0.46113630565445013,-0.15505225382492896,-1.080418281772221,-0.6905133377155159,-3.399018540797709,-1.5888137610519053,-0.08060899209889648,-1.0245416607171798,0.9310174457736805,-1.64150049677446,0.9251385799564305,-0.4498459960860429,-0.7506888413225941,-1.5329721425782743,0.9046094642697693,-1.2554683414262278,-0.36256595912223366,-1.346928739466189,-3.903380217541524,-0.6071990024233507,-2.3858199691446824,-0.6306440880329315,-0.8098395281321286,-2.0082155204440753,-1.4111719890936893,-1.818295142022034,-0.1108441731806902,-1.5166556275771064,-1.2522129714383434,-0.6074400758771278,-0.19798541834730776,-0.9018164198977383,-0.6124588358231123,0.8176258019780729,-0.5285257671807077,-1.8272141774771093,4
0.2740212296951667,-0.4778880292296507,0.41153304256273493,-0.021421798910464418,0.030406232252452092,-0.6677717233171342,-1.1597302897724262,0.5910736334698626,-0.43294804848802054,0.9203904841557426,-0.20749053381868843,-1.3179138181660215,-1.3384010402726099,-1.5438582153661473,0.14203388322281385,1.0929225757126593,-0.3725306238347628,-0.768643118575715,-0.15902929998358295,0.002703757498028786,0.024203588292606937,-0.022677486459405538,-0.08907632262754518,-2.1281132687216453,-0.42457178794994355,-0.028274387597088932,-1.3310342993191733,-0.8432938087335096,-3.214927179397741,-1.5684261884240942,-0.18769665832278193,-1.2012539465044387,0.907437079463061,-1.8983474891517096,0.9209405096961334,-0.4954878254856107,-0.8468600648217288,-1.780493227518277,0.9854348780379634,-1.378381171425035,-0.4149480016527948,-1.5635943054985828,-3.979309932919394,-0.43537204759241477,-2.0301840552101935,-0.6245321730761587,-0.8003855426556774,-1.879352316431811,-1.2891901031701523,-1.8760288794976494,-0.3144823028111387,-1.5593226752587521,-1.083139746979584,-0.7086729089959369,-0.28300853309856017,-0.9468073481156459,-0.579674175010676,0.9867179253916083,-0.6448917386883293,-1.9589588652736372,4
-0.3524880239571741,-1.1836870111351814,0.029672125559175547,0.08304178403907375,-0.6388898458203225,-0.1006501900341579,-1.2508667825382647,0.6713131844030744,-0.1156941704580915,0.3666028188156527,-0.2673779495760392,-1.5643752285666572,-1.5698260982747054,-1.2385734223037288,0.26190064250816225,0.7397837733334286,-0.202917349446465,-0.3767561820717115,-0.15408755560979684,-0.01329523304981442,-0.2872388738777216,-0.32898437150108745,-0.19309117314484472,-2.1300556565844637,-0.5499905383105882,-0.11307685645691362,-1.3479935121547653,-0.49778056597114984,-3.0506593704759495,-1.6247721100189354,0.096169277201572,-0.9903454367372603,1.0318596008697074,-1.95297618808797,1.0765571970895744,-0.7904292838257694,-0.7831452765617036,-1.6647523822760337,0.7992766870168986,-1.3982142942439546,-0.12209699301974544,-1.2401590180719853,-4.1183547227686015,-0.3112047699654894,-1.9485618631483677,-0.6358525743896318,-0.5893253616655998,-2.047655563073178,-1.3760651413313345,-1.970717273783042,-0.14817984782235263,-1.7225938618639358,-1.2764837774371964,-0.5100606619996865,0.024173990876011103,-0.9416249905592877,-0.5798745620771545,0.8143836708789924,-0.4835653073566272,-1.911408599380759,4
-0.9212021019384344,-0.5986395886207366,0.01881940415899197,-0.6421155493951286,-0.2708219236871287,0.15370152552204946,-0.980777464083648,0.704553105882348,-0.7410800956068644,0.7891246971105534,-0.35446136524506955,-2.090161366301114,-1.300990215154877,-1.2796709783441471,0.06851269199490861,0.5992795309284176,-0.20247422544415658,-0.5075619937638175,-0.4514823059215889,-0.11923083425669485,0.08997222286650666,-0.40100886983836637,0.11096543867216196,-2.2098355321501035,-0.11510394070396235,0.21523424291364734,-1.500648499488391,-0.8828012942062612,-3.345411145150722,-1.6382240463592144,0.1905021331782093,-1.0118515837535538,0.822925366821085,-1.7992093343238318,0.8637979095183245,-0.5712679620830423,-0.8367881301133379,-1.6271222068085816,1.0441203974531692,-1.3941868487270126,-0.26239082388022017,-1.3597923921704749,-4.042089786064589,-0.5490950954369156,-2.1320070466589724,-0.7187212819981732,-0.6909235137736904,-1.9070300159298956,-1.5076439844817384,-2.127336810034978,-0.312877884837093,-1.5919061879319658,-1.135717949029198,-0.6838557876167388,-0.09480787060410752,-0.9029432042326073,-0.668319518523736,1.064364059093898,-0.6686909127639962,-1.855231253994371,4
-0.2675094201475998,-1.2782782621412654,-0.2305905026890666,0.30525892733817406,-0.47536722184783387,-0.14322829780774604,-1.7445878734122315,1.3475790054775063,-0.2672329517960362,1.423060410222159,-0.5819613310254844,-1.5735307294226546,-1.3434367921492836,-1.2645496823131757,0.5066493442633773,0.5295638721921746,-0.4477541966419653,-0.772036288992843,-0.30646136199225094,-0.21878347942198578,0.011319575525354009,-0.12878965175343543,-0.04838612466308521,-2.0582565234726222,-0.5632925179332986,-0.31021804958810817,-0.9678512376163303,-0.942667242819655,-3.340260021635727,-1.7827680478764492,-0.03995382149274707,-0.9530453081896632,1.1036717983588369,-1.604267593307053,0.857515840052924,-0.6869425302767028,-0.6236262350529134,-1.6839727351329548,1.2146695604518314,-1.4122969465063258,-0.3865282618993793,-1.4063601919799908,-4.000568223510947,-0.6531991870342688,-2.304056864389137,-0.7610902390814679,-0.8201004887048187,-1.9047131172023124,-1.2316355663347176,-1.9308451507006879,-0.07136422225788197,-1.644568875890309,-1.2153052935006783,-0.4056917716046451,-0.09442764197127002,-0.7295512539022566,-0.6663369135889513,0.8516591640395466,-0.618277763879141,-1.7961476332001172,4
0.8685321138100528,-1.023734047339886,1.4525343156730188,0.06825784915752049,-0.3375392491788576,-0.25127717886999706,-1.3868503648364452,0.18417730822515554,-0.5478726741963509,1.108454882474715,-0.5266541578430004,-1.9958559063024186,-1.263697506059073,-1.416064376252092,0.6271092178658529,0.6342025614138043,-0.1449280708688464,-0.7808513072916614,-0.5942436570539174,-0.3858402833596948,-0.3937037128845188,-0.2005618583578425,0.011263236860179673,-1.8641769461912936,-0.2533914140369118,-0.26412165730450976,-1.1400778393768936,-0.4530000915295922,-3.272822732163384,-1.5887246130044839,-0.08991223403550694,-1.0079078696100499,0.8857696443306087,-2.02945254158252,0.9630866107221289,-0.569577601436651,-0.6361120342189454,-1.6680484205989747,0.6963165332985308,-1.3893734734859244,-0.33488360897498143,-1.1578033346802337,-3.858081298507616,-0.7141202359794412,-2.0177288278242305,-0.5755629872465643,-0.6403116197388681,-1.8796682618542266,-1.430581381023239,-1.9022883242229807,-0.16166972342140307,-1.5528432831229635,-1.2194307525341228,-0.6152144995711497,-0.1917320706443092,-0.9450702817536054,-0.620888461676055,0.9714529828692161,-0.7265741825636418,-1.8040603833802749,4
1.041778587959255,-1.2386047609770463,0.1600101032179991,0.781066977251305,-0.5845536643679056,0.00790599800082531,-1.5124693503305124,0.9197190629949892,-0.6157617384270897,1.2340126480778522,-0.01903344694731185,-1.6806926416732777,-1.4233357015309316,-1.375406938846409,0.1419050011470465,0.6288246530738348,-0.32924502367627745,-0.7644700477705169,-0.17113835107420045,-0.08028179236872765,-0.06855885998842569,-0.6532761737013164,0.11548919374976946,-2.353929392094219,-0.3841403189289412,-0.032788225852238104,-1.1180300431052568,-1.0388823004601342,-3.1296083553120004,-1.5234025212904567,-0.0051584181170012434,-1.0980785624187244,0.7988168866914345,-1.7798230675659668,0.9340264727037902,-0.5343334976710726,-0.7894983904796731,-1.7365879013080645,0.9896644677724259,-1.235014986220657,-0.3205184324461338,-1.3560319816156543,-3.940952571576997,-0.5640180533255351,-2.080073849547816,-0.5570701996878655,-0.8634484584335287,-1.9383396216975997,-1.3852052500163783,-1.9747784519333647,-0.3229090596234181,-1.7360015822706618,-1.3351511444283704,-0.5839637566701014,-0.07450012658697253,-0.9515043304213291,-0.585143672474719,0.916325629261024,-0.6024678593361438,-1.8977715459601934,4
-0.45634371640540006,-1.5311521565130906,-0.07048675798091236,0.2903771951313068,-0.7417804641621104,-0.04642431476032981,-1.051659138451159,0.7279563974765414,-0.6763367843578436,0.6819960959389767,-0.4321669677364782,-1.9563779099990102,-1.384622025357081,-1.6948722807107048,0.5090339179468674,0.7647642833546132,-0.0845129972176914,-0.6764895167602317,-0.28006629383877046,-0.17208555669712872,-0.07126238887585272,0.07763708255019641,-0.2919273821663037,-2.199367904702262,-0.6528817184849947,-0.23135071196618912,-1.1897197826515986,-0.5083286687032139,-3.052263627629271,-1.6092244769242996,0.035860364239478484,-1.0643125317895255,1.1552848614480467,-1.7031366236951668,0.8055542156880908,-0.47750140726669743,-0.7642934341686776,-1.91088342031174,0.8974226937446436,-1.2888523167188422,-0.32943671589522233,-1.170536101911063,-4.004864729959434,-0.3562458061600019,-2.1391552336179007,-0.516581642430168,-0.7500178536165966,-2.028097771531672,-1.4816704313398161,-1.9973326082872525,-0.13046129988122177,-1.6088414525587644,-1.1326802611307225,-0.4931277951465005,-0.14897785454608498,-1.0963865641092436,-0.664156499721553,0.867857628051228,-0.5135539480423823,-1.8524684815550267,4
-0.14091361493123186,-1.5682534866434221,0.047233018363886534,0.3476326033356474,-0.618196090705042,-0.002519853475749817,-0.6489851811489528,0.464932443491959,-0.07636840274700485,1.355114964968347,-0.20364577994624355,-1.92608836444503,-1.4727181518958257,-0.9406332486682725,0.30891320520834203,0.4194121572990502,-0.2657205760756839,-0.5997724332173665,-0.4530940872138946,-0.40152440782107723,-0.13800385152994715,-0.18683350629307646,0.15565569989097958,-2.2083391412409625,-0.20300516628312104,-0.42963457153891577,-1.1878301164874572,-0.9701506680732772,-3.454928835874502,-1.5897039214133744,-0.027149127310151427,-1.0418391415811155,0.776781877186732,-1.9294504076318728,0.9247142117582423,-0.7345261636646652,-0.8628042745649804,-1.5813980775595273,0.8231929083395761,-1.2138571861151979,-0.26762351842213034,-1.306144836291811,-3.948718033558628,-0.25435871772130053,-2.085603636522277,-0.5041705286722675,-0.7651239688417171,-2.096522478617529,-1.4364152536734627,-1.9137638738711829,-0.185569810807811,-1.7027477830827036,-1.1539883892455443,-0.4862886406032456,-0.15034820440125538,-0.9297344339597937,-0.6679497668473087,0.8813314079014489,-0.7067496914890674,-1.9658825106778803,4
0.10104422887191865,-1.3044328610073217,0.3159097465991354,0.6463995281230743,-0.575288646356794,-0.6289499138636356,-1.2639255079982092,1.1389682655906834,-0.44017780014888896,1.034793017833505,-0.42574510827097434,-1.8762282684106366,-1.0098371735361047,-1.3444273322068496,0.4415208771074144,0.6534257737649406,-0.12764766836529243,-0.7384572081299112,-0.48051401629246404,-0.008563039328007394,0.3199670524482861,-0.056537791365595225,0.26988672722487644,-2.05464896249061,-0.18654471117460306,-0.416575528388088,-1.0810245126551035,-0.6216167489914926,-3.3064600905863983,-1.5883360806312175,-0.020854801338876038,-0.9151165567994876,1.0542415178591438,-1.5810913163961482,0.8881509793755081,-0.307505048620732,-0.6724510251832228,-1.712549251721639,0.8056349153664586,-1.4818771752832096,-0.4284525984495018,-1.3006619246602216,-3.9262601490154907,-0.4770027544387744,-2.1138735494827583,-0.811626146002996,-0.7348114627630765,-1.9116471835698614,-1.3043865360580522,-1.9722452591964015,-0.10287581849973236,-1.589061137125069,-1.370625112298457,-0.6719850984883322,-0.11674853494865563,-1.1656596802757415,-0.7146256549805882,0.9009748405524971,-0.5939754488721739,-1.9602290494566137,4
-0.7332026643865575,-2.568430765865833,0.15876248211330907,-0.13868458688912771,-0.3904562494760401,-0.5840669278425603,-1.3669957785995328,0.5472441573937498,-0.4758290143022188,0.6166459762630749,-0.5887493982828146,-1.6770692720564064,-1.3059296396453695,-1.2334711120159514,-0.013900023719286225,0.7981655442624603,-0.22442885925447287,-0.6999240715135404,-0.11380505052885037,0.1043779894862718,-0.20746586685665502,-0.23653817606845803,0.02838100069503341,-2.0527145226784484,-0.6616366414955708,-0.32264550496009403,-1.0514633673394138,-0.6437306799828484,-2.980078514402394,-1.7728990007749699,0.10791371175535647,-0.9315810103440161,1.1841449606335699,-1.7484217071016983,0.8752845709477896,-0.48517068598374474,-0.8093212815050677,-1.7755250113709042,1.0417903993245698,-1.235315322731445,-0.22170321567179668,-1.1566118713359852,-4.02153823728081,-0.24991727576741768,-2.126599595788764,-0.7530162649851241,-0.6418142484740919,-1.7970478934089322,-1.45770229931354,-1.952456928321756,0.023436635002050454,-1.62524448713914,-1.0801253096976193,-0.7057854949430644,-0.1292158553068863,-1.0149270923200826,-0.5806256130140237,0.9563736117995097,-0.5560413049753824,-1.7418704213026994,4
-0.8970334237739895,-0.5965003596903737,-0.31243251929474253,-0.26681757581077,-0.4113150582612648,0.03840326910393896,-0.700367353735049,0.7585632978505379,-0.9812899078312767,0.4911230111577649,-0.17668246331078252,-1.5669127003348262,-1.3786320331922086,-1.4341072334190559,0.3048388526520915,0.7703529123318467,-0.3266024195168363,-0.8479018944048715,-0.26720030647549964,-0.5388982096786579,-0.2394895502272837,-0.3144143018705955,0.13554715134259177,-2.0917207978618086,-0.5238472300237076,0.022681327138393576,-0.8386623586373088,-0.5090636047013957,-3.249231058426278,-1.5033239427530567,0.04598057510583991,-0.9689071997882219,1.1134883312379635,-1.615096450168447,0.915142994165818,-0.598735914350317,-0.7160763038878841,-1.6404933221142919,0.9473852499271692,-1.1421955874875427,-0.1556643393203382,-1.0980469631842737,-4.105912172577239,-0.5839331958036666,-2.071875299013373,-0.6893957810247077,-0.725698631232569,-1.867411409501408,-1.438969270768281,-1.9054216635129708,-0.05079844475087089,-1.5024229655862256,-1.2345747346549942,-0.544624365263167,-0.1935860956229523,-0.9988280505672293,-0.6372648145257536,0.8297103002499828,-0.6199921655097405,-1.9147207096925973,4
-1.3322735529195717,-1.1293357110748847,-0.11709676392355237,0.6250552043210214,-0.4355401194035317,-0.912151371489352,-1.0634266878808578,0.8207052010781135,-0.1262613327344823,1.417239214593863,-0.28366858544399287,-2.1142650786350923,-1.2617452580942932,-1.2973168324612596,0.1429215525091189,0.7104864810340803,-0.44537269862917694,-0.7254114819121914,-0.3407307730271273,-0.3218505519862923,0.14809760844949715,-0.28335752725599406,0.10648854484589393,-2.1695572154615688,-0.11013999795787482,-0.09530688667661208,-1.292226280136218,-0.8502881298086671,-3.4001215278353634,-1.7212833868413138,0.23869585231967028,-1.2197805157174186,1.001801727602429,-1.7680640178312346,0.8072766873474753,-0.8526421512450856,-0.6750035046395637,-1.5570131933932851,0.9546580620783959,-1.354899623428693,-0.2429218772830607,-1.0960181970495837,-4.032488916566918,-0.5669099665128974,-2.2029822264030456,-0.6494195197253281,-0.6558546035639937,-1.8954892682038051,-1.361411850530607,-1.986340595332504,-0.20434509816171129,-1.611904233924587,-1.1604171453176253,-0.526617709896411,-0.049855119522786255,-0.8890986577499584,-0.6826636129618933,0.9164281830182575,-0.5155072175611302,-1.7871550690509126,4
0.27941116895486984,-1.8146446512882477,0.5076449156164399,0.5277076554131261,-0.8292685855777878,-0.5976987256140074,-0.9946691113145751,0.5278694950463956,-0.7369318761415325,0.9924982351139944,-0.7284825729346616,-1.5018096330677422,-1.3711236335380306,-1.1370728292716912,0.24732379855008385,0.6209788412506559,-0.16720823112751568,-1.111128089334129,-0.5945298005282821,-0.0352034350116002,-0.08491148802521176,-0.5659390588433812,-0.052721600655437434,-2.0476009209004546,-0.5207133967325211,-0.27819990749109613,-1.1920023126236434,-0.8009345564236101,-3.1513494496813976,-1.83307177211028,-0.21987658124202136,-0.744929136578188,1.0003491647557685,-1.7545670649363796,0.6912533960946908,-0.5171061388730249,-0.5728460401176718,-1.651554090198606,0.8623543878170675,-1.4678279548740338,-0.18691662964537403,-1.3679225791954037,-4.002144931537199,-0.7370824014255721,-2.1612956981520552,-0.5258978806709449,-0.5514073468200617,-2.0250537712492487,-1.3360953889999878,-2.184633278178983,-0.16539486743450174,-1.4317395261634775,-1.2682326416541716,-0.5959234461890778,-0.24133126980791855,-0.9583843616080557,-0.6931933667604502,0.9331625861444414,-0.7194996208954769,-1.7931681642587605,4
-0.22808535231240143,-0.9256366252290067,0.8828721542791321,-0.5190453523939267,-0.18977384637421763,0.058959022584374576,-2.0153493999534082,0.23265104823657135,-1.0042329076132377,0.2662165387334897,0.07029921614699763,-1.3212097677629362,-1.1196917271741549,-1.4744646610593066,0.27882289259114995,1.0711371373390997,-0.27093709427075274,-0.6649410255898061,-0.0016309547092068777,0.012511499973004825,-0.11212493254226268,-0.49510404553269616,-0.09915289130825733,-2.2401886348198183,-0.48483780320731695,-0.2185264088608312,-1.138101612508361,-0.6280975743709415,-3.323421126866552,-1.5420384683610109,0.08210593147826735,-0.992604125629446,1.150529933424063,-1.6959547212708457,0.9816108235610251,-0.541969101271044,-0.7368889157910141,-1.7568771129218532,0.9572425795090284,-1.3251685046374049,-0.4033234193911282,-1.2521302582028602,-3.979540603712144,-0.5328250064726856,-2.122585918534763,-0.6141130611115957,-0.7419683167393101,-2.0304234195230793,-1.4086054495509193,-2.0385690466526647,-0.3465773051012261,-1.4875585604512864,-1.2379606531794691,-0.5446368444941684,-0.2610313706857096,-0.9469696762509757,-0.6817750772057733,0.9296932519888909,-0.6388250919469406,-2.007690334144938,0
-1.0862743251570381,-2.4491526024264463,0.3288667345115469,0.34393986319567604,-0.6215913943447695,-0.35305153326932226,-0.8985668573936465,0.14577956308171258,-0.3437917504094682,0.5679565919265008,-0.5642300600591876,-1.2715230754993017,-1.3999398343878087,-1.1815894127710393,0.24500813349973147,0.577648033714941,-0.38840389357030697,-0.6157210749475859,-0.5248523776197171,-0.1743947892219871,-0.20909977824544468,-0.19100750841920316,0.23400313622775382,-2.1572237068084696,-0.3087926197777995,-0.4093730093848453,-1.2790367618009828,-0.7015293670297239,-3.3098393688256413,-1.4660343052232958,-0.0951083187340185,-1.0103468127690531,1.0145336513500611,-1.7974231473144648,1.0327831927901419,-0.4672186638416296,-0.8723979966781552,-1.8495791207757961,0.9464404786044979,-1.3032605697208146,-0.37827711109478307,-1.4653834969691018,-3.9709596966325655,-0.4456068334681778,-2.2033623048380697,-0.7277037704648177,-0.7384298269042286,-2.226077786107053,-1.4653683369249306,-2.0176361468329396,-0.06820789619638135,-1.4581277328075541,-1.3631195982590036,-0.3620147541153036,0.06292633236926143,-0.9036345265424351,-0.57756165415569,0.9715641031470653,-0.5996624907885221,-1.9390765930054918,4
-1.3006693304453898,-0.26934633876283454,0.8192767207392964,-0.07231822246276312,-0.50284233998526,-0.16063228784225203,-1.4393450382120858,0.8392403822443418,-0.33403081211624064,0.5968554205917906,-0.3669938412725371,-1.506286574368644,-1.9794034693233824,-1.17201695300946,0.12776723662197192,0.7790098087946127,-0.567435454614535,-0.6187043156465057,-0.46289332088948326,-0.07518490840507254,-0.16532839880609163,-0.5282745796350268,0.027311572469848472,-1.9046186189955232,-0.30313473058903206,0.07282844717239845,-1.1456950202986282,-0.772037112509812,-3.173755380129108,-1.4782297446258208,0.28206165006481526,-0.9495001556716536,0.9161392859546104,-1.8868793699688529,1.0062315982068164,-0.6841442814672967,-0.7076162534848345,-1.6914682851000775,0.9246662522237621,-1.4565972736977948,-0.39144496118105676,-1.1858872586631115,-4.06341897408516,-0.36571878782512496,-2.0261075179496766,-0.5581822795660373,-0.5850336608992309,-1.7642874957834924,-1.4807647696504778,-1.9751898873712719,0.017067829962607195,-1.689469577935681,-1.0816087260995881,-0.5805932758897987,-0.2025820542602248,-0.9112228490401777,-0.7054477727512078,0.8769791299955482,-0.8643275453235981,-1.9149752286414665,0
0.04703833587784626,-1.205332438565044,0.5679835119773322,0.4679759928810822,-0.4012384178385653,-0.5774693625138057,-1.2566306192745493,0.5001406301698592,-0.5987282696417122,1.3138997609991616,-0.25849268707665085,-1.6066327395914288,-1.0100979557049172,-1.2438397376414987,0.29323444676290533,0.644568647665059,-0.7150987339935438,-0.7394361325096404,-0.5305751568273906,-0.5783412912327154,0.0764254698056144,-0.18848925833203767,0.0035701171094685985,-1.8062703511231082,-0.40228178495565753,-0.27746615763814664,-1.3421930490518443,-0.7234633904090555,-3.2046343920861124,-1.5465020245687127,0.01714695251733328,-1.0811657141685447,1.2352227153431,-1.8518522465329987,0.8494334639747544,-0.5648106717492721,-0.6401505751842786,-1.7628372076796819,0.9321381247112441,-1.2920603790541922,-0.44188368328940664,-1.2972963124528711,-3.8121275168138418,-0.42694892057002276,-2.226530732073896,-0.8801465901768468,-0.6336092075472946,-2.004436842034953,-1.394018268589594,-2.0416033795032607,-0.080680887660813,-1.5990320840045111,-1.3015662982599956,-0.6400492230952453,-0.03602424058831771,-1.0930996448490093,-0.5425538321958844,1.16644423799503,-0.5161334746237821,-1.87555237048128,4
-0.8693768136952402,-1.6924375097988755,-0.8923692414292321,0.2953413943560864,-0.07792470911994986,-0.13119214308826693,-0.7007159716752187,0.6627805047666088,-0.44600069061189285,1.2844522169419212,-0.3363407768971821,-1.5444190843677088,-1.5565939660384962,-1.4903495868614813,0.28664283174719124,0.779083590781933,-0.38526515639156844,-0.5752377088000342,-0.4895652089996685,-0.18590613594178196,0.2558648417564698,-0.2990682125109052,-0.02412113137176337,-2.042011302397224,-0.3904239388811362,-0.1704618815856237,-1.1239433670588108,-0.5393958454219282,-3.1080125134043812,-1.7345397750372409,0.05360518087572126,-1.1460851723136412,0.8486838040157461,-1.8436255748278851,0.9579551666910043,-0.48271625422537345,-0.8380718107547543,-1.659955457244578,0.9670792105574011,-1.2321970681148202,-0.36652779935487984,-1.2487612961454488,-3.8792099131385,-0.3463619236152735,-1.9423940800663755,-0.6262547641882378,-0.7347491374847026,-1.9578092206695372,-1.2709155970907615,-1.799244223782783,-0.23707684534408047,-1.53659454364161,-1.3306436163689062,-0.6349265839416498,-0.20903795214530785,-1.1026001789212174,-0.5304880407585398,0.8967306382478872,-0.6016974469870295,-1.9867332144606402,4
1.6531676165298395,-0.9652637197972908,-0.9297436578164596,0.3052179313748007,-0.7371903645531275,0.5774913249281513,-1.5898929293564819,0.9555350993666859,-1.280702105511268,0.9892961906303289,-0.3008277856693779,-1.6460037521268724,-1.0578809337499635,-1.3646831197964586,0.32685329261623974,0.9270043839389955,-0.3304584905671408,-0.7331104458855146,-0.5045004702778005,0.05533742292242885,-0.39201751336944596,-0.4287454448080938,0.2541876641257768,-1.9674502288658695,-0.5990951329169157,0.05223267737025433,-1.0753058266668865,-0.7199164224553988,-3.161640468994655,-1.4475479249403898,-0.16992889299946157,-0.9692562832943223,0.9156337500324951,-1.5946981378561806,0.7052625694728701,-0.6147336449022912,-0.6227661859450419,-1.7983936437373482,0.9872057939795298,-1.4442790429848384,-0.31269099489251884,-1.2242745269539665,-4.096685671720438,-0.42154787925780385,-2.1282269547361823,-0.5589926270375283,-0.9311578140879424,-1.9003054581665864,-1.3420114065144144,-1.8747133457409855,-0.19979474229320393,-1.6815952831613044,-1.3388630954059395,-0.64242241017651,-0.28880674533217676,-0.9131929343922378,-0.6225214953633527,0.874248770868103,-0.6805627390544298,-1.9350804746045602,4
0.13482159601024168,-1.7165200267327676,0.06190969517941205,0.1933268393204481,-0.7062345006133411,-0.16758491684348514,-1.1570374676503965,0.803074900244731,0.03417732706856458,1.003317017837724,-0.6855227092808595,-1.8131192769287703,-1.1015372554509457,-1.2674984750547358,0.6212845159438019,0.814468594172516,-0.11508354008640537,-0.5616011681711953,-0.3274222573102354,-0.3714176021763451,0.10601904104795787,-0.20299148968713482,-0.1352395281398714,-2.0136584175518357,-0.44150311277487353,0.1492954564694719,-1.2923871931337862,-0.742329406075429,-3.358366622069558,-1.6699410406391084,0.24721934021779088,-0.9573107448060635,1.0633186708955866,-1.832673008633846,0.9110068378352202,-0.7344887289368479,-0.841520329805007,-1.582082494507159,0.7867473318870435,-1.208851017923158,-0.19430892777172115,-1.2250542807843272,-4.042976069251978,-0.4811525253391109,-2.0635801153116193,-0.583129743379365,-0.7506666348150239,-1.9732674292645733,-1.289142010339337,-2.0641674301390216,-0.20267778771336903,-1.5504433997593756,-1.180143521257705,-0.6160866901379742,-0.13996207270419506,-1.0632708633140868,-0.3670996559485271,1.0559092989773313,-0.5504933245949595,-1.8821954030991337,4
-0.28601342670379254,-1.2678822623861208,0.5615341633257112,0.8700117672595326,-0.07165079793899237,-0.319853836216872,-1.3994993961480882,0.8434986358560874,-0.5094644763123064,1.3251423007630663,-0.30132894986400305,-1.634084950073203,-1.7851897654178384,-1.8244483855607236,-0.04878150608514703,0.8640883866518028,-0.0716198170162331,-0.8685025953576061,-0.24455229799673456,-0.17764680482106504,-0.2221070026692507,-0.46648056686822836,-0.007892393316082436,-1.7883238897706346,-0.2829465238125964,-0.22010072282968113,-1.1982761011167258,-0.671871527561383,-3.0272883305460896,-1.6245201311850401,0.14450934913817584,-0.8411261312985099,0.9246816942684699,-1.604892231700193,0.8406911264394148,-0.43902750638281446,-0.8374814889313855,-1.4689558715261666,0.8863616525075765,-1.312450430654181,-0.284604305926965,-1.2980458348753217,-4.009417015225716,-0.39917009879390153,-2.179387221997251,-0.4747307615885106,-0.7601612440988988,-2.0528267542639287,-1.3612810044730332,-2.0027790481388394,-0.31044782710976115,-1.6945359460664633,-1.2578192408861453,-0.5361431648485773,-0.05743905167217726,-0.732451740121576,-0.6275462800845085,1.0341592242351165,-0.5062507635531295,-1.9943696929227293,4
0.3772736184241042,-0.8760041236261993,0.8477768459369645,-0.33611221873207553,-0.49197645780606736,-0.08922963696416603,-1.0712030022991554,0.2590172415710068,-0.5815429035928621,1.5743511760360507,-0.4226571199615558,-1.6200772981866711,-1.5348918014591442,-1.6742402524326405,-0.07100868126254506,0.6270340087120501,-0.4180598447894597,-0.7566715269004067,-0.5384132851095973,-0.33358698310485413,-0.10773864127738386,-0.3867398483707768,0.06127237199260063,-2.0128704572301994,-0.37572330540465665,-0.23223506313497183,-1.319020434127983,-0.9185171497733501,-3.2914847722330913,-1.4963214985023887,0.06181585990293425,-1.1540613346767943,1.1350229839297816,-1.7873582504087846,1.011748525107028,-0.7599809795138612,-0.7193432371919004,-1.5685872116993425,0.8991004898126663,-1.4202411570398001,-0.4040601458779431,-1.2321181936407437,-4.078299848859419,-0.5052785436665375,-2.0408762820793074,-0.5086823124413989,-0.7202993374143173,-1.8526241494363163,-1.4402948104788569,-1.9580011663472998,-0.19990566156402823,-1.6509745814262684,-1.3610668963164754,-0.5389341118414813,-0.10913814106341721,-0.8322268714376988,-0.5035940988736383,1.1232114276858691,-0.545003636320474,-1.9123488927164147,4
0.924224454763953,-1.3692479845932846,0.3701535312553175,0.37037664864033204,-1.1566460495145923,-0.2847156722451669,-1.629517991274461,0.40041135138675515,-0.4131072522796891,0.7809879420699577,-0.39285379482054783,-1.9396410155833197,-1.2887813416266072,-1.2792472666580152,0.43543012223140365,0.7728841489963038,-0.25693638408813557,-0.8771856791226617,-0.5330551074933059,-0.08557326060001927,-0.017603182405123208,-0.4743320065733151,0.1399941691755446,-2.1334290896315555,-0.4804072284346554,0.07219711160929762,-1.4370267333451368,-0.7648074169246056,-3.402292350798825,-1.532655015548445,-0.09690668467959591,-1.190382211268029,0.9441172376274666,-1.7605582686248975,0.9460061837724092,-0.7408370243161309,-0.6587128808744604,-1.4749702318876317,0.8288288384745338,-1.5714084789142913,-0.4171978543258049,-1.3701498646711814,-4.081069443701688,-0.5600235100443338,-2.121172076372334,-0.6461196883661372,-0.6670251960818679,-1.9208552947615396,-1.582110631628937,-1.8930520000396314,-0.10419114968287595,-1.5231505835721275,-1.3459555061991422,-0.668870962739186,0.1146903909009011,-0.7959576777837137,-0.6118666002852597,0.9853068366192518,-0.6313167789059132,-1.8349813533110932,4
-1.3538514663049588,0.025857788690202055,0.3612337238733897,0.3875072065257392,-0.8827800637738019,-0.13150983469285848,-0.6826179964994243,0.48519152913872016,-0.2706865698297321,1.2291134803551547,-0.2904360744970878,-1.67912927619113,-1.3493219569225872,-1.6835786957670336,0.19840775101844227,0.8879144146273307,-0.0310841178759374,-0.6553180391050435,-0.3737855592737481,-0.3950960627439538,-0.2556220735943136,-0.31708605999896416,-0.012222719149267283,-2.286146940857701,-0.37925646085257625,-0.2239774768162236,-1.3019747315641983,-0.44300218352720444,-3.048555810884161,-1.5672885561698682,-0.018590765653499,-1.132489085224522,1.133800938754091,-1.8146676113890292,0.9486953018304544,-0.47706763958229415,-0.6460841160477195,-1.6835167507052833,0.8099058021863259,-1.2892371815857802,-0.04966221291279796,-1.2512999113309122,-4.032080755394293,-0.3241228379515081,-2.0917310235135864,-0.7238163774044354,-0.7053000138061439,-1.919461480604133,-1.4195083745835249,-1.8838628158719024,-0.04014992451982892,-1.6666899258463086,-1.2801875692992652,-0.5131272443039661,-0.20894375888113625,-0.924719582006836,-0.7635061947812043,1.090347954894059,-0.7225168017489618,-1.9192533923395512,4
1.288050088965485,-0.3107397754084412,-0.13744139370577446,-0.09012831448136671,-0.479584617236397,-0.7140105962363595,-0.9262421225392132,0.6567404291310126,-0.7104737676519183,1.1971277178323845,0.01874921294259707,-1.2521469775937586,-1.2664180587033158,-1.060465357170338,0.3347323684394542,0.5333903338472398,-0.22794273129693232,-0.6779727575665696,-0.5032368603514562,0.05864358398746211,-0.12714476963695123,-0.6799116502562756,-0.09305247623094393,-2.208709076801612,-0.30876176963532453,-0.0158427092177406,-1.5258080659309077,-0.8701660301193321,-3.1468075626299634,-1.560215258005201,0.1679452599993515,-1.053668316905088,1.160221653917931,-1.9413895130162544,0.9051274847806375,-0.6568210426437896,-0.7540350038156473,-1.5965953204351953,0.9334852824269104,-1.3052490883532564,-0.2497316611313612,-1.1882618468833166,-4.15399746607779,-0.35189670262492495,-2.0661139068956387,-0.6873419443255567,-0.8154785674721595,-1.8397438210453123,-1.4833018785233956,-1.892277336342981,-0.012949601675796188,-1.384787517567061,-1.2036608508732012,-0.5527127406217949,-0.2344969638023204,-0.9474978821130056,-0.7493152762138908,0.9374694119899052,-0.6782291936389538,-1.7267496636112436,4
-1.2338863802067364,-1.504843507393269,-0.4034243676952557,0.1519013297785823,-0.6008736524848245,-0.1479793755180266,-1.9061673951545735,0.5826234246854495,-0.7311465122794948,0.8819262272599244,-0.22359202728776145,-1.9309632365759386,-1.417768593690576,-1.3667108359067528,0.4075633904337566,0.797615719824959,-0.4343051254378255,-0.576977446690162,-0.32272055560503793,-0.10133333527372891,-0.07252275273614411,-0.38435960840627365,0.08950614178742188,-2.075921662231178,-0.2586684816609398,-0.3961350651983875,-0.9578107480261062,-0.7223123239622081,-2.9991728393515253,-1.3966366497504485,0.01387794335612277,-0.9927095369224658,1.131951396650722,-1.8147770216992818,1.0033797067189132,-0.6301526876055107,-0.6362041332716002,-1.5742387541208305,0.8697990356251248,-1.3122920228317994,-0.19209791865296194,-1.260617262402964,-3.9542768877402037,-0.3928831677726835,-2.127113938467899,-0.5574711247878723,-0.6256457026752241,-1.9594945427420292,-1.336487141062632,-1.886661483823825,-0.05034221645066868,-1.545913362588499,-1.1545401799754778,-0.6870511930206094,-0.10385699049846227,-0.9934570652009881,-0.7132111825331626,0.9545192850469825,-0.7507117116787508,-1.6877286029417953,4
2.208043884388486,-2.1558098499721776,0.4681525475136162,0.7749258714112754,-1.2090378776373711,-0.1882123105280491,-1.1348763405375224,1.0318548345466274,-0.4622829751310884,0.9699122094138405,-0.699828898434229,-1.6768995755044231,-1.353709851643191,-1.5827657025155357,0.40545738322305697,0.5771514981341224,-0.44291989624037365,-0.4654967278444808,-0.33027651280330983,-0.593996126600357,-0.11628357258403858,-0.31477671556731096,0.16190244762035713,-1.938288789243421,-0.4165181196952119,-0.017579333356164933,-1.3530677585882265,-0.5502163949663489,-3.4409358163592225,-1.6490259662441082,0.18224120540500768,-0.8644975325174309,0.9996519171086545,-1.842033003717686,0.9004316689487054,-0.4841572668510485,-0.9328116573935807,-1.6618149108996734,1.0374920862186294,-1.343912828288133,-0.21804019708742545,-1.1736603902742804,-4.14421636393475,-0.44100985547761623,-1.805493646010581,-0.5184790516924898,-0.8114921423730423,-1.8517151856399987,-1.3339375290675384,-2.046585625232508,-0.16677287902351356,-1.5532425806134231,-1.190020476268155,-0.5355663726372455,0.004057736259947167,-0.8958018058387204,-0.6202767187293139,0.9021181181437047,-0.6209579757532241,-1.7734321934347186,3
-1.4600517294897202,-2.9585698004128607,0.09295165881834802,0.04266372120684553,-0.5359356287269488,0.3653718604791215,-1.1706056248840218,0.9881186483980107,-0.3271954827460005,0.8347849183714795,-0.15267520586706945,-2.0529186889841573,-1.490136801844454,-1.1978504964290626,0.24492732246876525,0.5244428354226695,-0.2556463992785379,-0.46864299109256324,-0.47573974103467975,-0.024113837546714215,-0.17706642303608505,-0.3864213692944652,-0.07481563408002205,-2.132680412536637,-0.1896295989594304,-0.3161852196454006,-1.2985635886426412,-0.5529820265001095,-3.038273084473756,-1.5651309656437609,-0.06938675415567251,-0.9293878725123905,0.9106726216976604,-1.75996419984748,0.8648816997865303,-0.5104604248549565,-0.7972402944301161,-1.7170343530193752,1.3636777397283877,-1.2945370243725607,-0.36720008815132343,-1.1112018250879026,-4.1455672302868996,-0.6953799827664846,-2.0602685347969247,-0.7008687793026106,-0.8048829827022079,-1.94695403291679,-1.2433846582084058,-1.9240801724704297,-0.17487197201185858,-1.5874488782767944,-1.233111530807417,-0.4004174379001048,-0.1990538960070773,-0.9352450960500172,-0.763438085251997,1.0143348522722635,-0.6726564118854393,-1.961634835700687,4
-0.6134089867355459,-1.3364223053187025,0.7675382257430223,-0.11920507825571813,-0.33311102583341023,-0.3444177589122462,-1.8839893604848021,0.9189491116566034,-0.6725390019458071,0.8301829309960115,-0.14773757488154757,-1.581544691292508,-1.7749058163835139,-1.4826215764759145,0.33230701030478793,1.0869295870927331,-0.385579695140045,-0.6676738272992165,-0.6382179916374056,-0.3198215134163701,-0.24008118216905192,-0.2446634511098022,-0.08067399012059184,-2.0973529510030566,-0.33398598193526463,-0.15797231183638616,-1.2072390363149357,-0.6783999001236565,-3.156040086183023,-1.7543285481250424,0.13427116277721304,-1.1123410614353626,1.0014003205213184,-1.8559690303659622,1.1186387821759585,-0.8857366312249174,-0.6654171611751798,-1.797113424274822,0.927816979731718,-1.4006483490968193,-0.19732600993157284,-1.2021831815115795,-4.087674647767688,-0.41454036348882983,-2.0276660574625796,-0.6502418240564869,-0.6392775412708012,-1.9977657489407104,-1.2849646618409056,-1.6797099388657302,-0.11739296024647404,-1.4536051539025747,-1.2438817199864771,-0.6705685518595244,-0.28676698845915205,-0.9085443382293046,-0.5444054447110467,0.8772526398622483,-0.7879192465741292,-1.8937866082249792,4
-0.8525435976066176,-0.7546623487935362,-0.24456846157946188,0.5709409915186419,-1.195236713150437,0.1890977853716691,-2.0469326751412553,0.07345683633483102,-0.5671017051205758,0.9940307288418108,-0.3333095046304956,-1.6442815495130403,-1.1400359763765195,-1.6094267058834166,0.08022736897523577,0.5555758240786532,-0.5241676145279273,-0.5388786538186152,-0.5666068326267127,0.06816984117776653,-0.3006895180564083,-0.5021878002568471,-0.17140087433915138,-1.89308524668752,-0.5548675691354116,-0.13813278708177426,-1.0205708427719324,-0.6730913856652432,-3.3334839769626234,-1.7574775781304832,0.004016309702511746,-0.9947869924321581,1.0794437263135563,-1.705584566635768,1.1182902006965991,-0.46389869040295206,-0.8472033054666803,-1.7402329815567215,0.9761144764131368,-1.5403366319229106,-0.3073641274553906,-1.3637634644018106,-3.9338714337099376,-0.4054246200719341,-1.9660664342425531,-0.6908920926614863,-0.6714183402809125,-1.7588236892063798,-1.1713245043971026,-1.7800807435475796,-0.04980042626593119,-1.5505028894592383,-1.4395609859469816,-0.633152849583296,-0.10433008211383633,-1.041593837836651,-0.457505374065335,0.9017842385644922,-0.7326268288185358,-1.7857172101617036,4
-0.9424824980691223,-1.4357480415748345,0.2279987180435908,0.12422921822617009,-0.24630310065168093,-0.011083894454184728,-0.8881070790528942,0.24464879954699859,-0.7097405377746283,1.018896562321358,-0.3334033930106565,-1.6583503237573742,-1.5540247484720797,-1.3195132930796025,0.4357186440436017,0.8378891986655848,-0.3713739715849349,-0.8486523825735905,-0.41347319318936665,-0.01003885708725033,-0.23815970998674318,-0.2539125459417741,0.07960328991441407,-2.1714747192270343,-0.4834388277757254,-0.19015049700596598,-1.2830489438209354,-0.6691505613971783,-3.18243959251385,-1.5006786746908096,-0.19441663107457854,-0.9683670114418582,1.0047416304065873,-1.767869220555012,1.171914289762938,-0.48005291635496233,-0.6971221953631362,-1.7034470576242884,0.8200246758074156,-1.2654927566948766,-0.2921947248556472,-1.4756493911483106,-4.0280008582517945,-0.576621680420914,-2.1438547239298615,-0.5423353520452844,-0.4346635690509054,-1.8845321907989268,-1.411780125610436,-1.8732519788812847,-0.08115741928635417,-1.4296059154938519,-1.244039774155476,-0.6851838356199222,-0.13745530988896174,-1.0794491285762013,-0.6895440654780194,0.9552878391287579,-0.6131935615664925,-1.8980191634726613,4
0.480275806136896,-1.5327347959838051,1.0840176180268424,-0.30433775365772103,-0.5484147465940039,0.8162544318659338,-0.7806738659924641,0.9832984519404068,-0.39966893225285666,0.4262978889893243,-0.08207885344803739,-1.468319115482488,-1.1551839359447746,-1.4262423790411758,0.220803082351557,0.4627624232905064,-0.4877173428410225,-0.7502063077375443,-0.5146100490504942,-0.13916413889891077,0.14046267049657385,0.005116309342638292,0.04215520926485093,-2.155584322778904,-0.5630803348109183,-0.00293684304914503,-1.2154139485663016,-0.6599932184319538,-3.2709172130335227,-1.551038951663244,-0.06534229190261802,-1.1170966179216109,1.0151221158908728,-1.6873383929065642,1.035191384807313,-0.5220255199153392,-0.5336371877225603,-1.710471745027144,1.0173080248393562,-1.335955327451493,-0.27563183992944584,-1.2872401146322705,-4.047318413501153,-0.46421062606725916,-1.9461687278835411,-0.6141379261529518,-0.7347214941450197,-2.0095871163553922,-1.3626288366709163,-1.873146850955297,-0.20969300213980177,-1.6256403725881134,-1.4331427991389587,-0.4817278312846228,-0.17634983356903655,-0.922890828758561,-0.6032289729361472,1.0143011367253927,-0.520839762467196,-1.9448743248504137,4
-1.2728499487338656,-0.3091318306188888,0.06376415417689733,-0.942626940883773,-0.3805245360033316,0.07469851265857796,-1.5559107316992131,0.8652659132386078,-0.2564224244961892,0.8029299896670881,-0.15672413931588508,-1.4833519832226445,-1.3353120185489264,-1.2308465142997247,0.4690039994821258,0.5964051896567226,-0.3101959026624297,-0.8227184924132646,-0.34820932893011425,-0.07260278455676744,-0.12526752572815686,-0.4757655505785864,-0.10367364944855621,-2.0384371660285394,-0.2510313336918746,-0.1059160018930797,-1.4728462557087592,-0.5440987015977286,-3.0534674364679235,-1.611747171501529,0.12128690202577916,-0.8989577861125434,1.0429140304756246,-1.9154785832616503,1.0188707499962215,-0.5575317512427758,-0.6797895056816281,-1.7518445504815832,1.0608387311152634,-1.2460762282598177,-0.5125312302841736,-1.2812806705132995,-4.041603077039217,-0.5730945242766662,-2.173218253461904,-0.4386777285637098,-0.6848818600993072,-1.9233959351299037,-1.4373921037259954,-1.9099178900658387,-0.06923418694129563,-1.6889667953310095,-1.1842172836936118,-0.5583122558348508,-0.2025698165861236,-1.0494858730588654,-0.6844313130855354,0.9195013854883192,-0.49950489580505697,-1.8067102997169684,4
0.5055877306072503,-0.5683179812421761,-0.37755169571779906,0.33947768580435433,-0.6322588664611098,-0.5726029733155824,-0.8612817744571029,0.6907841916263592,-0.5651078401601228,0.8595557737450645,-0.6224978419174684,-1.3818546013111521,-1.442198711236336,-1.4256329410531812,0.32710345804071134,0.5350686292873902,-0.1899343118336407,-0.5960841814897052,-0.3587222127745586,0.026106792231998355,-0.13306520804706948,-0.47341146987056837,0.04465024478781039,-2.1208902295883703,-0.42001004730306635,-0.13142979378976632,-1.2815646589917122,-0.7018626291585514,-3.2923537314992877,-1.4017833226982068,0.2309949910598761,-0.9622036095725859,0.9174005251680688,-1.874042589792585,1.1874045401864841,-0.6075683594282926,-0.7215579961470452,-1.8265027906903364,1.0169735205308252,-1.1708321858419277,-0.41677426456749855,-1.3059556765608502,-3.865066976793264,-0.6929847575452674,-2.170341192377725,-0.43822632037258324,-0.6163542541467979,-1.949518821748178,-1.3789658025356275,-1.9581030538910167,-0.1878430395859087,-1.8124560733635473,-1.299585042490875,-0.3941686648953413,-0.07285574063981717,-0.8773162066685067,-0.642201879701739,0.976390980965617,-0.6496907641135724,-1.8013670155080646,4
-0.8264680352576577,-1.2971697451719273,0.9322364634333291,0.9139864422364576,-0.006223642797675066,0.5002503252363363,-1.2547764475155703,0.9260012169680579,-0.7338862715421264,1.0635396054188484,-0.4709912686454342,-1.7597231902077337,-1.25278805259732,-1.8405751173239118,0.5296092567970608,0.41031860659334685,-0.2596555484449142,-0.7461075124785612,-0.4325106109443302,0.04903766027418652,-0.4484235824670163,-0.43600406425340804,-0.09054142806874088,-1.9755124190704603,-0.5015522012138517,-0.2427370505601832,-1.3882730329115234,-0.6570080876248597,-3.1677962078714375,-1.6412627888843274,0.04233810933667997,-1.0753350115052969,1.0091318060258188,-1.9184969730579586,1.0034349351752063,-0.6428935443516175,-0.7494996678922893,-1.7652255307932518,0.9971067311571908,-1.4288072334270003,-0.2725275677401177,-1.2956799240966124,-4.121624857481277,-0.5010425656535706,-2.0747414358478586,-0.5976015730040791,-0.5597488204670464,-2.1440924633720977,-1.2674377451487022,-1.8324527738838763,-0.0039816894477617965,-1.7180632632931239,-1.1865740465427497,-0.6740156976853549,-0.24984636549903397,-0.955333523603824,-0.654233974050962,0.8325650351891576,-0.6670411471240029,-1.8505074043638217,4
0.560733607138628,-1.0946526056992987,-0.9482963189015688,0.5250521575807856,-0.8618381888139944,0.11539075932973125,-1.4492007981758588,0.3886614798196437,-0.46636105593118604,0.94338023148181,0.07444914562501914,-1.5958186242953996,-1.5299914140754394,-1.7457486770000756,0.550101290305413,0.7195554382273898,-0.28829309652400387,-0.6381082346944653,-0.2919386932091477,0.08855356246239052,-0.1254747253806018,-0.01173571990401534,-0.07400312685096502,-2.045941672735014,-0.4022044672217667,-0.09803766028158661,-1.0963208549764243,-0.718481790587546,-3.159304099533173,-1.3970395396879263,-0.06031237304585069,-0.9339336999378619,1.0802129327221692,-1.842649837375978,0.9960013293197574,-0.6820322833164885,-0.7360692362345341,-1.7140148406708975,0.7735103479234603,-1.3583786007351404,-0.30596740227299946,-1.1946461649767985,-4.11562100463807,-0.4231140460557783,-2.0252055270228513,-0.690047258115792,-0.707579561258617,-1.984174860379074,-1.2975699146007156,-1.955235531749768,-0.09393030308545783,-1.528918955932408,-1.261994492449935,-0.6235351354791971,-0.018263030588677384,-0.819561991694751,-0.6016347194026814,0.9126444684767956,-0.48266468379551575,-1.9513222593221167,4
0.5612517745390354,-1.3132487898702947,-0.2801794308131657,0.43494088970765216,-0.5889323647369397,-0.37794942832686684,-1.0284053661488892,1.0043017052529661,-0.6607461393101279,1.2627893217840536,-0.35528758089042767,-1.49687754732749,-1.519395391305261,-1.3490614814567803,0.11172342996153334,0.34774113555363834,-0.19562984321093418,-0.7375870483503876,-0.31308334831926554,-0.07632624939741997,-0.2181408942481651,-0.5882235570861123,-0.07812862362354768,-2.1248235088661964,-0.3718936131411477,0.08738505834467095,-1.064000104294164,-0.7711214340753275,-3.2773513103912872,-1.6083322515206384,0.11443375750097932,-1.0110646694695744,1.0972326388627085,-1.911304242864118,1.0547613476300837,-0.5050846925683425,-0.8931196677796476,-1.7354386306395078,1.1328429300445435,-1.186057886734284,-0.27582344266419573,-1.292644881118235,-4.003954198886138,-0.3947883311084768,-2.2238226920892963,-0.6805102310210195,-0.6647152032600729,-1.966493581701449,-1.643759561216831,-1.9698262569146963,-0.11749576384615502,-1.5878028130391477,-1.3161797352424798,-0.5465571568642534,-0.07444652076511626,-0.920045767256549,-0.7158748925313624,1.1544698026681763,-0.6930199587409365,-1.831456090134595,4
-2.531213166185949,-1.1064281149853785,-0.2704509543148403,-0.13947260041261933,-1.3917636966348548,-0.6101759521953981,-1.5692351231917616,0.6077232381559914,-0.3347227142638143,0.6266998337604655,-0.4942078789599097,-1.7200876710354953,-1.7121880225287094,-1.3601288098111965,0.4903544661951741,0.4045985149496336,-0.44312495208880764,-0.6357108896596703,-0.294591752786544,-0.1520669296066884,0.052420750920168235,-0.35065403566808007,0.03019620260709928,-1.9083125930169162,-0.5854460088484346,-0.21524023161187855,-1.3684735877618812,-0.765515301214831,-3.415327132251166,-1.8513666228766092,-0.12555164083887493,-0.9619529911950587,1.125265771084415,-1.683204129692989,1.1691625299587085,-0.4943281408818025,-0.4998169785806899,-1.4941054949767252,0.9327872517700546,-1.3276415609289776,-0.3682287235436274,-1.1346246728148937,-3.9010433336473533,-0.40278425215260677,-2.148024788869535,-0.7015609603426863,-0.8677673942429437,-2.132854426621355,-1.4403049284292966,-1.9517001060783379,-0.1090531829495899,-1.5724015723729954,-1.2740875383616221,-0.7637066223386355,-0.10006305512491917,-0.9648317046374113,-0.5094968064940544,0.9056193247154418,-0.6377868286012308,-1.788212239187333,4
-0.22373673344166803,-0.23762956161057414,-0.35829937605430767,0.34512728023524913,-0.7062494016393018,-0.627979000341919,-1.585940455843246,0.6152599699070563,-0.25503578656036774,0.8587520450376336,-0.4322621734769995,-1.483659751560087,-1.5625218148388231,-1.411986890002878,0.29595066045177987,0.4361963271595516,-0.58535412187779,-0.6052561822645754,-0.3241058168669469,-0.27744494675747555,-0.2491901876767618,-0.2575094333026351,-0.030687909045913047,-2.1298721749012803,-0.004863278829562279,-0.1801446333859221,-1.2521198743215143,-0.37720874552654954,-3.2427277605040223,-1.2766863251089353,-0.04297531610731239,-0.9984152352312766,1.0690005307719899,-1.8166970097480668,0.877493801441726,-0.5541468002234204,-1.004121325011464,-1.5549164295198674,0.8432495170770584,-1.3458029043479967,-0.3440348385634833,-1.3316532315536342,-4.120351587907579,-0.6800772441648502,-1.9891706686571227,-0.7006606573911711,-0.7390264482724969,-1.8672222470591264,-1.4191771685756056,-1.9981676378921187,-0.08124526437507087,-1.5055946694071565,-1.1623536555309832,-0.5562103622211747,-0.18629690226062778,-0.932984170833053,-0.6165563004378687,0.8134933887722526,-0.5704908214388482,-2.03535554734961,4
0.39245948856851465,-0.8406734626770797,0.07776409848949595,-0.3668620986882638,-0.3395959054550502,0.17030959494625425,-1.615390446039067,0.9289032093322442,-0.5709568718917403,1.2211304500701292,-0.23736574768954877,-1.6858252257180621,-1.1773555491868655,-1.6605339660774001,0.2038183193707179,0.8282554475843338,-0.4867093517901042,-0.5735000090585887,-0.3342742834488886,-0.31318073048608674,0.029524075667141686,-0.22105858857902094,-0.22381514503946118,-1.935328925515272,-0.25748133242058624,-0.2950411077210673,-1.1541332958853558,-0.41534052279611244,-3.1224908686175166,-1.7491437191395487,0.28683275888190146,-1.1456151430030699,0.7213969904669472,-1.689757744445981,0.9756138048756845,-0.5415647374681822,-0.7157324888203812,-1.676933216659008,0.8143770294258224,-1.3270913297362257,-0.03880259417987583,-1.185985398093405,-4.118684585733319,-0.40797799192345796,-2.334257323943875,-0.6093590987725187,-0.7681148731488958,-1.8968796626276427,-1.4607602851831119,-1.837578363624848,-0.1952131475266048,-1.5025269177983127,-1.2945455920637217,-0.5767230354311282,-0.047588496586517336,-0.9967756168794633,-0.6712615892420786,0.9287824060209232,-0.5778899129043543,-1.8504127933092502,4
3.564883458283855,-2.374033770224235,0.21424327604654242,0.4106994266736379,-0.14793595461594994,-0.5282070687546447,-0.7815816512045808,0.9247518700213077,-0.6661925172251171,0.8261618426440752,-0.5516921998981527,-1.8326554224438296,-1.5546723822203805,-1.3196284592346736,0.4600919333276233,0.918957911613471,-0.3265508759420326,-0.6448368488553808,-0.5404025358426836,-0.21734035408132973,-0.2069066499452203,-0.23959200708175551,-0.06088625854687178,-1.9494266033552934,-0.23507256688444167,-0.316752509503483,-1.3039428298445055,-0.5405806534587797,-3.1942766337314543,-1.5856643945897144,-0.188107678478199,-1.017533866870112,0.8763581964776752,-1.860732657219068,0.7545923494098248,-0.52704201315425,-0.7253711400082644,-1.5571702088656625,0.8319571253130466,-1.3877289494735958,-0.4763391797494269,-1.2383263067777668,-4.108397332865798,-0.2071626192317104,-2.225252942217834,-0.4853727824967251,-0.6466915500473347,-1.90024660752867,-1.2625618816927577,-2.036843576954288,0.05211279842533817,-1.5944183603631503,-1.2428068810252362,-0.5513266965577336,0.03313317603675223,-0.9892756108141925,-0.651330146555883,0.9275578330178533,-0.5507949030565371,-1.841202603463653,3
0.24535704475772369,-0.8041593371021638,-0.12217998506392813,0.23301019290397137,-0.41226526317790135,0.29577268135384444,-0.8055120188050687,0.1081305364184767,-0.23477042532349945,0.9132466016952603,-0.3802740823915013,-1.8399203860779714,-2.019949362268252,-1.455711048836711,0.6679464193618634,0.7162719482603911,-0.25846383875888296,-0.6647781269361109,-0.29830110580396874,-0.4239234440833442,0.09696073143479836,-0.1931457967318505,-0.003053703636208306,-2.167835500981032,-0.23888011551107086,0.07776389343385129,-0.8677250122892161,-0.7286838176596693,-3.1144942898380585,-1.4848883316575148,0.19533749922819119,-0.9887704419951479,0.988361821237566,-1.7737197370757467,1.0406816669194159,-0.7258800831845436,-0.5485653420728879,-1.589076717913302,1.145852588889712,-1.2273382130141237,-0.3023085594263474,-1.3639453788162799,-3.9950907091296237,-0.6279024137383457,-2.1993563211434344,-0.701298205483979,-0.5353860632148297,-1.882068724192274,-1.3327916338250778,-1.9854342746058464,-0.17608098424453658,-1.5684856171033439,-1.0727698924793974,-0.5207398378969721,-0.23306116457242734,-0.9143098798407978,-0.7639710939747099,1.0130995126166724,-0.7624883819566052,-1.7824349968182558,4
0.9407822348062373,-0.9422089753971277,-0.27133242644805167,-0.07704729812779126,-0.27487715116939115,-0.34090070264295536,-1.0519506293984335,1.0575621414807264,-0.08277699776708303,0.7364634505625984,-0.2003259343731221,-1.74253359204524,-1.437120107531803,-1.3427402363176775,0.14204594812255655,0.614760706125577,-0.3039893610273765,-0.7146392981229974,-0.47918234275009464,-0.17743355520303866,-0.13816366238927466,-0.31239259333311165,0.1075387404156796,-2.147122643722477,-0.3988826622185946,-0.19280923036508316,-1.3022167631989885,-0.5726839149057015,-2.9812282331901576,-1.5835621794502186,-0.20586097379249882,-1.0968338868935974,1.0757474323295202,-1.6784764773235126,0.713553182604784,-0.877356517998009,-0.97591889795499,-1.6860461183444457,1.2075953256982455,-1.4009369783383603,-0.35989441229672864,-1.1603047505398314,-4.1034486493986435,-0.46787346648231865,-2.06773787999673,-0.8749979157561536,-0.7992340584342861,-1.98990302077558,-1.5284858894074866,-1.953486062486055,-0.37471096366359335,-1.6102598369321817,-1.0636931435787043,-0.5347402470118294,-0.08386490844277279,-0.818147482002085,-0.6142290606770597,0.8799721657267013,-0.5285414660768261,-1.8802180544978015,4
-0.5579664328604879,-1.1279002110139658,-0.6490963848516564,-0.12417766531870966,0.25313162293346847,-0.24346022421591196,-1.6205318680773793,0.9614541079817285,-0.3017210847475227,1.20482527258046,-0.32534513164567785,-1.5731681335471799,-1.1931372704019154,-0.9667387715650124,0.7174981829061424,0.5725443351465421,-0.24734608278473486,-0.6361748054369758,-0.17334021075567504,-0.23255059174568873,-0.2776184436368899,-0.17967868165207276,-0.16224335481052085,-2.182115548102918,-0.5756227535072291,-0.009244565740558153,-1.3397665757564796,-0.661801980337012,-3.13517017745992,-1.4452620624571733,-0.08528815961473536,-1.0159871856397606,1.0094580033947549,-1.8139929753333845,0.9011070807037233,-0.6925723301674389,-0.7451491997537167,-1.4809167946101063,1.0081611954667393,-1.3545073429483243,-0.09156385443327986,-1.4273486620326823,-3.9575257817541516,-0.5045478912479928,-2.093622075104526,-0.49221302681665535,-0.6711437834067516,-1.951917533854275,-1.6075122879248211,-2.0046038565564084,-0.06115634309742238,-1.593793907737245,-1.3971935239251827,-0.5384365816169934,0.02233605059963642,-0.9497499418541936,-0.6661051283365529,0.8117059141924969,-0.634751746371583,-1.8726188895024996,4
-0.18382736997329707,-1.5745490680803356,0.8684539978967878,0.3792316134804513,-0.3893147179472948,-0.34621219052321384,-0.7943325488478326,0.7225637998113641,0.044326147767923985,1.1458697671700453,-0.9107485553204319,-1.3983641262848727,-1.104712143338038,-1.626803886820151,0.3268082069833485,0.8343076721920173,-0.4291822499403183,-0.5258012550656996,-0.6283073943805945,-0.013345248761537754,0.028420955633036843,-0.4316588223241466,-0.13541902415328944,-2.2396956957266396,-0.1837672120462032,-0.09646692025467357,-1.0555579671981214,-0.7345055972812508,-3.433045432463964,-1.8049890492894272,0.021757341856467775,-1.0127766660815247,1.1035760053924113,-1.8810754910842096,1.012320609650646,-0.7388248804116955,-0.7514590146913638,-1.618683692726008,0.9496838864874725,-1.2308352190936533,-0.24927289783594672,-1.216085562673501,-3.980909492341663,-0.4219768042636037,-2.044641097013678,-0.6908207238329289,-0.7308774938243624,-1.9479941810322707,-1.450816283903233,-1.9435189436211482,-0.21744086203676172,-1.677566718297965,-1.3762074784783629,-0.6411101100409516,-0.3564555623676632,-0.9705502278804218,-0.5513868057139077,0.8270989209992178,-0.6548809048804607,-2.0268964241160243,4
-0.15620117024035923,-1.3288495013908828,0.805532580385653,-0.09235282401301698,-0.8277590428963073,-0.0614001860627386,-1.313799494345117,1.3635503561790583,0.278352541820727,1.082070313616343,-0.24931593058623908,-1.705723034835967,-1.0269265445898528,-1.509655368173399,0.758444237792377,0.5747738989809574,0.035363388101476045,-0.5100518545701526,-0.30914607214971696,-0.17264714057798505,0.3378380662987974,-0.25952431016441824,-0.019864389535468062,-2.201922674970726,-0.324097284334665,-0.006508293639853904,-1.1568359158915096,-0.6617608484872297,-3.221707221209469,-1.1816619802417647,0.12181822061599933,-0.9766137782759025,0.9684249684183694,-1.7244554368965173,0.8930190220983371,-0.712891460551798,-0.8545204693686933,-1.697574501633343,0.8924266206514385,-1.3889588295919164,-0.23481544873860527,-1.22469675610273,-4.109844015192568,-0.3070362680573292,-2.2139846223754294,-0.7711975625428841,-0.7224910378689053,-1.9530022083543903,-1.4520572481748626,-1.7740173905312842,-0.15223122083555657,-1.4695449527712052,-1.3127120395673333,-0.4129275655760627,-0.057109539936591285,-0.9311822800910599,-0.5934320536077364,0.9683199295931708,-0.6778185339590651,-1.9561506770955641,4
-1.1237049783271882,-1.365076473003305,0.4813296318055047,0.061464031496782506,-0.9811476264994867,0.12192417313067028,-0.9217959503670553,0.8417199048244508,-0.5679068998915544,0.8987611447450262,-0.16852766006971612,-1.5023905971025031,-1.437392740704187,-1.1880636135327223,0.17850894141816898,1.1384094849570667,-0.4578186853659106,-0.34789454448740703,-0.3134066908996681,-0.2492569879032664,-0.23873666470689728,-0.32967922034239555,0.16045432857957448,-2.0835554209745997,-0.3746857495396942,0.021720359096290998,-1.235959753953841,-0.650342139778238,-3.1157599255144057,-1.5139710248704223,0.02450644733571706,-1.1096347156699258,1.0039308688152182,-1.936146194805638,0.8543836973221306,-0.5192214178408413,-0.599504128909311,-1.6632486652544909,0.735621423677129,-1.250245630959543,-0.33757847010610753,-1.3047744759001902,-3.990734661406409,-0.43568678834165686,-1.9688722281958873,-0.651952216782091,-0.5735414163586836,-2.0879871807629686,-1.6690561273578846,-1.8275402049500598,-0.13446791150327253,-1.3227579907927636,-1.1538266271457056,-0.6145967638783049,-0.16851512759223164,-1.0331400890804006,-0.567252520751405,1.123594220423843,-0.5954157950569179,-1.805085621038593,0
0.018762373997680458,-1.4667803673252753,0.7048960562971025,-0.3109131169815221,-0.40471314324776864,0.1646606805139344,-1.1014934478082952,0.6456675690134152,-0.21140657251150663,1.1102911950879821,-0.7131697027395698,-1.9850260653922165,-1.4180545890160352,-1.3571955000282265,0.24689068270863596,0.9103843887785206,-0.4716634663011796,-0.721730000686781,-0.40863496643171976,-0.08117143784803484,-0.34541896680037043,-0.4212845503340553,0.08976697518859302,-2.0726497244774147,-0.3858292378484002,-0.0941217511621486,-1.2282948524915496,-0.7941719744642424,-3.640687972420905,-1.486118032010095,-0.22181993086589707,-1.0188791238766732,1.1077911005000554,-2.006515928964433,0.9638837755976355,-0.6944553006208839,-0.790641162844459,-1.6375455023074394,0.9822735594418699,-1.1683324056573199,-0.2843611540990854,-1.2177705305459543,-3.8686554659793244,-0.45314119289075333,-1.9696163886445694,-0.7576344061366895,-0.690283534405126,-2.072969905765791,-1.555167711554764,-1.8122761532016773,-0.17005714937976035,-1.6344496432696058,-1.157667557812582,-0.7547127320114605,-0.10935016643533607,-0.9438335973438565,-0.8125862361560977,0.9655556297805209,-0.5553234738478194,-1.8539344076910367,4
-0.32482181069750043,-2.0569160993920668,-0.08246858195546125,0.17995408862591733,-0.20251629793819337,-0.20516862273006753,-0.9407095155258098,0.4296575785673069,-0.5248102995478958,0.758811257606787,-0.41461333159310326,-2.0394012012516183,-1.6727347966832509,-1.6987842928874122,0.5269433964135692,1.087534489985556,-0.14934395017573834,-0.7120190992113339,-0.4993098594875821,-0.27238025865876647,-0.15893536036586084,-0.4708659087010103,0.08474513472176341,-1.9674401035383275,-0.41542413081351154,-0.07164552793766979,-1.0997823049555702,-0.6394578626427462,-3.271003870375273,-1.6549592627052254,0.0567388614355898,-1.0987311707454335,1.0854828692387308,-1.9156801921939473,0.8983248011047722,-0.6966958022185628,-0.7211174329183488,-1.6633389415547113,0.9305215010601886,-1.2097557639227792,-0.4701453556989562,-1.17498199409089,-3.9006896231418273,-0.2773734928387408,-2.2346522107926265,-0.7674118936963424,-0.8062031247306721,-1.8477308870649687,-1.3173255955177523,-1.93382538586569,0.08828403869315851,-1.471624320466702,-1.151827785107634,-0.6652969359394332,-0.29164689213502537,-0.9831868565400677,-0.5992818569374823,0.8355747545321831,-0.5403950694945513,-1.8581333250799335,4
1.7587678937463704,-1.1965497017768307,0.19874521772892462,-0.675594616737093,-0.4251206856752253,0.3225801081262604,-1.561660455790244,1.0639083785999648,-0.2500977613198412,1.088098173861373,-0.2678994772564855,-1.7516902583443918,-1.0723244757062067,-1.466274275698976,0.4785317130362796,0.7215360180016195,-0.775735630299459,-0.7504815588037598,-0.328504696818193,-0.22944207596827862,-0.1376853677861735,-0.357855493190408,0.09874475239770272,-2.3228511679714456,-0.4032331586964504,-0.055241911442722655,-1.2162906404598572,-0.9149315366932778,-3.0751124829930183,-1.5485092151866484,0.028324700254175966,-1.042081715744385,1.1071276921886737,-1.7533380222315118,0.8728488384557882,-0.6647014974513701,-0.8161186712694203,-1.686772102318804,0.8423080734872394,-1.4319006353735646,-0.19307588223446728,-1.3261481035832008,-3.794209596582045,-0.6113373472268286,-2.1821887119030756,-0.6923043679166945,-0.7398876788276912,-1.9271406145981722,-1.227994564650986,-1.9053858303046756,-0.10677582832825153,-1.6116918458950917,-1.2435675089467872,-0.6326680773770919,-0.09693782307797004,-0.9149943945483636,-0.7004136782394859,0.8723281356327004,-0.6471527399467452,-1.8453010699567347,4
-0.6675828161132571,-0.9845464747006234,0.6861908687119044,-0.01400005966868964,-1.0781200970945721,-0.2188218465326472,-1.0063805223094615,0.23357882941531594,-0.29968971995262195,0.9182139858996891,-0.7850484857437596,-1.609453720007585,-1.12924653851324,-1.3521266901146745,-0.07514194226334503,0.4370783877943568,-0.15640833918107563,-0.7111073430290897,-0.13387210113422282,-0.11407776105362735,-0.10307853996035557,-0.34932797741103033,-0.12782200994662637,-2.010921639787086,-0.45775194173120737,-0.2622342064410891,-1.0216269776177351,-0.6709087277314214,-3.3296781886455578,-1.4400618681161566,-0.09698001798468539,-1.1226919160084834,1.1725456995717465,-1.8675840814566087,0.7792815261305024,-0.5083676489426271,-0.8135359439522206,-1.7808219916067667,0.8439711212665387,-1.379069362281511,-0.2145428828085902,-1.3008440592773858,-4.088781764759171,-0.537300304022407,-2.0216181274985052,-0.5939760843807048,-0.6028189463076713,-2.018629138254675,-1.42300504720228,-2.097097784233887,-0.17985910847829045,-1.5874319866726314,-1.3840103478750687,-0.522908853032141,-0.20994923139089755,-1.0069064409160227,-0.6538553309004868,1.0206332725210128,-0.6777126562026138,-1.893865619431693,4
-0.6401221206150944,-0.8424829899737457,-0.4507157718479907,0.45553921037558087,-0.4626897765850132,-0.025776729751657096,-1.847694288943416,0.39658144322940414,-0.2979565505226338,0.9828136369362845,-0.42299187066897925,-1.4509769576697487,-1.5090586521599587,-1.7232800238630481,0.34873083061267995,0.4671180363348896,-0.29086226360936823,-0.6251955785967912,-0.2304887666236603,0.11420195725472049,-0.533862336734737,0.017325789576336736,-0.0032669380071302864,-2.07226888317817,-0.3324009371109342,-0.09226258013376311,-1.2410457534712949,-0.5160910603162072,-3.2245782588694896,-1.5553036565343954,0.01565731193966763,-1.1079991777368223,1.046862105368141,-1.8403360013096322,1.0211315590579462,-0.7239567310361192,-0.6458038936522781,-1.7922669075914734,1.0261468725347263,-1.345180477968081,-0.34187442555518754,-1.338955252417084,-3.8991745178623853,-0.6038399872567675,-2.1543447509179425,-0.6112026622713507,-0.6539029760600412,-1.9938708772381049,-1.5092255863534274,-1.9171557803012373,-0.15342370347823933,-1.639025524306235,-1.1830776195592396,-0.5965731256827346,-0.06559504682100925,-1.1146220767128703,-0.5152280493180539,0.9149300668436385,-0.6579792434819278,-1.978847925093947,4
0.34182047384234604,-0.39702907709917135,-0.04202226597866393,-0.01976421771008524,-1.0944684600906154,-0.27811078551115753,-0.9137970570792779,1.1155055410271943,-0.30580889446581505,1.1421492140036793,-0.296148114824133,-1.7729305516291531,-1.8839136814964286,-0.9129779050028412,0.23704350179997138,0.7074687888952904,-0.36974508138028794,-0.8024510663638964,-0.2017026477486173,-0.15811678362515924,-0.228807604844876,-0.42033748953435035,-0.18976260779930842,-2.317042221997008,-0.5244540754759163,-0.45958599954913376,-1.2139909919461906,-0.7969693379338015,-3.113106279190322,-1.3441527871378158,0.03707335959814462,-0.7634507636697082,0.8519377176071489,-1.7985786326236357,0.8671540021449393,-0.7394641857791671,-0.587267691878051,-1.6660660060930346,1.1409947715876625,-1.410797376583999,-0.22465266373966364,-1.2539676145094703,-3.8825144338017856,-0.5480196325464514,-2.0632391801804166,-0.5953539408053139,-0.6790801276867193,-1.9918227853962935,-1.5197911936293724,-1.936497236826424,-0.19569284664946282,-1.6364232544621857,-1.12904490327312,-0.6694330753542836,-0.17091178785104094,-0.9821055370241277,-0.7190986298728335,0.933293358970119,-0.6566277792020885,-1.8650946250691545,4
2.414397256104704,-0.5856802419457513,0.24203091837517623,0.9421967314585946,-1.0400946913165878,-1.0683075252671073,-0.4904848030451374,0.6505968058922718,-0.7067443827082883,1.024683983006838,-0.23335883293024434,-1.8431878837614284,-1.207365756638561,-1.39479859633351,0.24827235559231997,0.9354117588340598,-0.20159655447024458,-0.48235108461824727,-0.6578835407356363,-0.34130942369334394,-0.2258353292539061,-0.06623816651843428,-0.10206475112399585,-2.1365326487116247,-0.27493450983023354,-0.1294752407648017,-1.0397672004010705,-0.8336942568122833,-2.9373248160102854,-1.4079003977313487,0.20919930652174473,-1.1572998901934395,1.0650763058836257,-1.7311023012755988,0.9576410494176387,-0.7107296962305459,-0.7020056096534961,-1.5826936724166087,0.8748826860584038,-1.4270468378892063,-0.1789651783146755,-1.3857147328670127,-3.980573954728277,-0.41874439038910616,-2.093802887126605,-0.578403978450295,-0.6570198316345568,-1.8123601043771744,-1.2569510279455551,-2.001234138589537,-0.04299114282747421,-1.5285771345480819,-1.2793264867729937,-0.5107894987241427,-0.06740728000261437,-0.8492631132877837,-0.7339472256422187,1.1146932046525349,-0.7408431390567066,-1.7701722623583265,4
-1.4979295530334023,-0.3321157969455487,-0.0730571017185116,0.38800149718316357,-1.1122496051162138,-0.08020897264820752,-1.4517530250709776,0.2313739988647221,-0.33506059270498795,0.17716905723611076,-0.42759475049465695,-1.611414599764858,-1.7660298489738926,-1.3275511464814338,0.002153110791466073,0.6738197898206568,-0.4056831915508874,-0.7320158639221043,-0.32901838206110257,-0.019028193438801577,-0.27759696242309023,-0.22406197160398877,0.22474339050135927,-2.0231584960380693,-0.2612047824508258,-0.1717000731917447,-0.9252765784068541,-0.5994473006630802,-3.2277522383607122,-1.414486311288313,0.1583465332820733,-0.912406859209117,1.0151788249409488,-1.9389994349647302,0.9901629381071988,-0.8081571753727291,-0.8608816411126761,-1.7140061865957217,0.9152507206854005,-1.4150954149025654,-0.27435602836169537,-1.4390903038404526,-3.872086506812445,-0.5381904657823517,-2.1290620729625487,-0.5369335083594166,-0.6991954304407232,-1.8438892332866028,-1.4444012216575852,-1.858337607447181,-0.12823906756085177,-1.5032435504525818,-1.1807894280279565,-0.5041188571474456,-0.39488483395667656,-0.89307385874949,-0.6063237646360846,0.9910929483998817,-0.7902504980797749,-1.9421519709319506,0
0.47174873713048165,-1.3084056171659357,-0.14522154530391126,-0.21953418165303057,-0.3969364782338155,0.040427245254080396,-1.1156369470593077,0.6575510311461321,-1.050385742637269,0.9564936774707429,-0.12835398627935407,-1.6106989548272108,-1.2529198189440538,-1.4131602656439881,0.1848576953913729,0.676256021548394,-0.26596863278573823,-0.7124970517316009,-0.39406159888371844,-0.4415608441382369,-0.03951484672335388,0.03572524816932049,-0.2707540220976087,-2.244035393696835,-0.5747775351871269,0.1322280316766326,-1.289752382869283,-0.6573738605762561,-3.249896389268242,-1.5311303231028943,0.018897087336313588,-1.0557286097054979,1.0586267063518264,-1.8066442219095078,1.2224590819722785,-0.6959097324103215,-0.7535992241664403,-1.6373320769137427,1.008503912538049,-1.2278229497492572,-0.16972119538865887,-1.330406088121478,-4.024238158913467,-0.3832944215899329,-1.9025513497179019,-0.7097723138557059,-0.6470578386004184,-2.0250815727709366,-1.2627699405414015,-1.9617936856260487,-0.06327802210694826,-1.6201547480767406,-1.1518514034564393,-0.7263225738016499,-0.22428271010196063,-0.8995301196314405,-0.6477814032832929,0.9605584685624391,-0.6149073212165947,-1.9307009640290194,4
0.35418761029437285,-0.03138191876614904,-0.24587857031425125,-0.054684485496410556,0.19178285056524813,-0.2621935413009871,-1.0865665336104033,0.6243129249884831,-0.46281669710374945,1.3478757937356232,-0.4954490012220535,-1.6407486617506026,-1.633225459016191,-1.332423401919658,-0.07662599478692467,0.6990209210205317,-0.31280979422351896,-0.4953030409319289,-0.15433802000996646,-0.13269455964830845,-0.06910164525323048,-0.19058041321796165,0.036630261163506816,-1.993461113370969,-0.3963390460671398,0.091932292733484,-1.2147363077939632,-0.6695275551369854,-3.0829763083272437,-1.6901914360731882,0.08132173158520435,-1.0499264332772984,0.8911865517101143,-1.932164030194828,1.104326293890817,-0.6564875449943951,-0.6125582756630057,-1.7575336541763558,0.7494722577205462,-1.5606093842301816,-0.1456875038271807,-1.4157093383382264,-3.9262981307752542,-0.32510278478680354,-2.0824943409413272,-0.6841168630339256,-0.5538285722742855,-2.0447979244790706,-1.2863033221907605,-2.143264684491638,0.07617405505442962,-1.4823737977428109,-1.1481504254315846,-0.6505498177540968,-0.09323183615436226,-1.0099177864433524,-0.6761383185450206,0.9021955651912203,-0.5241951555867664,-1.8448236923849446,4
0.356505359033838,-1.5921479748012008,0.6311695799343271,0.2852333466217998,-0.3094476312987865,-0.7778804730797184,-1.0938753126198792,1.198926372470499,-0.7428986283642731,0.9512712137881596,0.14352844339267312,-1.961574055831865,-1.3628255509321887,-1.4246707460244412,0.537318037822518,0.8893762679562763,-0.4794684836299134,-0.8280828528881339,-0.17061521802549404,-0.2979955388305662,-6.728516088738701e-08,-0.3576414067749386,0.021949492575838878,-2.0218628027909094,-0.2956940143957255,-0.0750803690218575,-1.1707436250334757,-0.653512127958968,-3.2783734751894746,-1.2899750656838123,0.15127297069550724,-0.9547198417885955,1.0829277271360858,-1.8000406528210315,1.0727731361519675,-0.6148229424030324,-0.7889189036506444,-1.61982623259842,0.8157466946372884,-1.209682532623662,-0.2931763324079635,-1.3388600766578498,-4.13515872194604,-0.5845698383417168,-2.142146873245174,-0.6606295369210305,-0.7415673957302331,-1.9264648898414756,-1.2125459302284824,-1.8962878157351803,-0.022428171434006258,-1.6065783775520983,-1.2291570787555617,-0.48488829048993076,-0.062429849886491126,-0.9405077817524679,-0.6345697787662501,0.8814551763139,-0.6836340574557206,-1.7289823231229746,4
0.08060339508331163,-1.3207696902052177,0.11010012130345881,-0.09273866131102904,-0.978573849670368,0.3464329602502073,-1.4899204396477916,0.2815493070835291,-0.29547347190745143,1.5232190978300801,-0.028905838411444396,-1.5589735390751995,-1.8992373177722754,-1.5375418229250737,0.17874847201340918,0.7751075034318082,-0.16379245371048384,-0.5948908351039451,-0.39506482745143884,-0.13360633634084418,0.08922705523942456,-0.13716768607891036,-0.05377351748830458,-2.111245177829325,-0.3785499543660007,0.26639055398460754,-1.4427551953852331,-0.6010953898384254,-3.0631418333407874,-1.7233594873542548,0.019092636237543936,-1.0310907665732778,1.122203317003799,-1.811398899482622,1.0721932219609576,-0.5076671354734491,-0.7863184236363335,-1.5470734980323402,0.9667374879729197,-1.332298408806074,-0.2609114493210566,-1.2360755734036317,-3.9764719039975676,-0.4993058035307453,-2.0847430725190317,-0.7033597370273061,-0.7759065291038973,-1.9924177633203066,-1.4848009296172897,-2.0164672677520628,-0.2639172087646048,-1.7601733524755048,-1.439849873296672,-0.6071358527020511,-0.06033228633365051,-0.9367169764351726,-0.5250981752797736,0.642542441854151,-0.5400353803979961,-1.7590788381938072,4
-0.8070753485167713,-1.273211135020381,-0.6531927501468466,-0.16072376707722086,-0.8176418903809991,-0.21474615299753655,-1.5926634601353917,0.08813659599430512,-0.40904815686848756,1.0599441659667415,0.1454172511948692,-1.5385593419810182,-1.3132908451106509,-1.8414218142441034,0.07452865746055667,0.6516488414822569,-0.3725382996644752,-0.7352424515283972,-0.47136948464845163,0.03673576358581948,0.035055213745901065,-0.267974187191782,-0.0642749257366328,-1.9321243111110047,-0.40943752884267487,-0.16163174284779736,-0.9684238589447626,-0.6220766803139042,-3.086849034782556,-1.3583541197752709,-0.15143929817184365,-0.9537375370947888,1.0465428979431826,-1.8583196237004926,1.108392202870998,-0.8198801712033068,-0.7203284163271533,-1.5539797168811105,1.0077867536605358,-1.2012505092134167,-0.41630528043962856,-1.2314615997668796,-4.108369753984808,-0.5508338517394864,-2.134938307867168,-0.6940609362295972,-0.7863508100620799,-1.8492792321786373,-1.382786874270385,-1.8327373706016334,-0.05863871018056574,-1.610305650814378,-1.3052576092150923,-0.6439998563586423,-0.12715283694706372,-0.8998780279378411,-0.6026329830681195,0.956382111467999,-0.5976480650233187,-1.9207366380907784,4
0.4621177668869937,-0.8330684301752286,0.32069857076630615,0.14096022938498887,-0.7090122501483489,-0.6325214821877936,-1.1128430510730916,0.6478057288998453,-0.11023199715217935,0.7994417863451535,-0.037634860915921,-1.5818839668848141,-1.322161338157254,-1.6187039166065624,0.02349117543867829,0.7655792421117521,-0.07701121795390534,-0.3191528993038067,-0.5483077253322894,-0.087216737325082,-0.026919120847109,-0.2966677997744891,0.08955270997083645,-2.2257560683852393,-0.38226552723709195,-0.10999681951681604,-1.1323295192271363,-0.7712400275456232,-3.021137671704065,-1.5990810339839125,-0.052691492391236175,-0.8155225224744024,1.3024038739456634,-1.9937708649550705,0.936884612604663,-0.5764325737755142,-0.4261821138529256,-1.8078471425888976,0.6827437368319749,-1.4658496040028586,-0.1638043235453669,-1.3872336647156234,-3.930083570313908,-0.5197344517857173,-2.219250879398404,-0.6305175485956493,-0.5878421516626476,-1.9464967645270317,-1.3870728670125827,-2.0623478838211384,-0.1870252460203315,-1.5239013572830524,-1.4064009401749094,-0.5891536379523246,-0.10347215860117918,-0.7617805970981234,-0.39115030264727724,0.9785526397895689,-0.6420271729924711,-1.9769706764646835,4
-0.8194161598898372,-0.7809832600207862,0.7847387078172458,-0.3392933984582055,-0.7888201352606671,0.33347627838611943,-1.4123148641452286,1.0697580343292534,-0.05087689840098791,1.2550609436489744,-0.24820531666099271,-1.6776934997981932,-1.5487589009695852,-1.5860152445470663,0.3019245388102996,0.9075467548682163,-0.371933185357188,-0.5838182142712529,-0.0634795864977743,-0.25341468748405344,-0.021090313440627007,-0.19737503378791332,0.05813532535650667,-2.3498824126173665,-0.46558420088837715,0.25072509768381673,-0.9805837424217545,-0.8207559376589872,-3.210633261600525,-1.4849738168697166,-0.03534618190303986,-0.9459828691970689,0.9400762146105635,-1.6853730316958022,0.9963089529786774,-0.43165287616396397,-0.7120617431862084,-1.671254915395164,0.9452301233782987,-1.3996747816658157,-0.30367143768133886,-1.3306106438566783,-4.044997077215285,-0.3647886208399961,-1.9971244908369759,-0.644393246976889,-0.6858327663387623,-1.8417096854551738,-1.373577400665716,-1.9662914846410182,-0.22372503444710115,-1.7231406115892678,-1.2411029992668121,-0.6809552997508296,-0.054131187881896116,-1.0899209564834704,-0.5969293022144558,1.0908588747143588,-0.6150247699601487,-1.9099665709323956,4
-1.1541793938076301,-0.9789745165502209,0.1774178314476967,0.31297375125859517,0.13522263290989,-0.6798528835780464,-0.7977729324472235,1.076610772662975,-0.677844503460637,0.8747873786538939,-0.1362194299066761,-1.5770158866089645,-1.6153368078784287,-1.1613591738353153,0.3517609273513744,1.0667168447047162,-0.16362446759195973,-0.5525732597088727,-0.46890909327442615,-0.24944463415588425,-0.10177513617189146,-0.32567246496041896,0.014686680684316542,-1.9772109451407434,-0.21174220380981604,-0.3734233601348975,-0.961568887765127,-0.7559605783838786,-3.1845439986522437,-1.7018662716038573,0.14721869032910676,-1.0082505459099815,0.9192881790233045,-1.783558723850507,1.313279807481903,-0.5611937376838501,-0.6360773850389003,-1.6140445388421911,1.0106413200071047,-1.4266845505815786,-0.28681791458783634,-1.2256070863934196,-3.8429066930468863,-0.4682274284823937,-1.9968881996567376,-0.5576172844132938,-0.7673260225129032,-1.901093413430857,-1.3136650929110278,-2.241762077382179,-0.1641102916195482,-1.5608987887734849,-1.2178099802376199,-0.6832959792057453,-0.21232688804891198,-1.0555900456225742,-0.7393535826837236,1.0680556321027161,-0.6803976581050498,-1.8423453942539043,4
-1.6545013735941163,-1.5826083431896116,0.03265349152464256,-0.010466746469332072,-0.8181738129571383,0.05026526563523434,-0.8873861201209453,1.0754593707584126,-0.30238905398082805,1.2015825760928518,-0.1558957823070725,-1.4144398935821931,-1.42006762005891,-1.4748948858217983,0.25186693807039046,0.6292823905689284,-0.4058205387725111,-0.7959848422159098,-0.2650464262900041,0.23274479314076174,-0.13902458791567804,-0.26722013828084373,0.0011130638275438642,-1.9913533119680098,-0.46368927723156317,-0.1273269840133647,-1.1608824403843259,-0.8247717646230237,-3.1904312355648763,-1.5131012362056564,-0.02807455046385022,-0.970857195420419,1.189522890204588,-1.9349129986156757,1.0638153539812145,-0.5995125955937928,-0.881285596917873,-1.6438789976580486,0.9660930931249065,-1.3614983462187271,-0.296415802312218,-1.0708339607494066,-3.9093543486676072,-0.4888575377540291,-2.2813612345092458,-0.4957934305670739,-0.6227446264783236,-1.9667275572785259,-1.417377258942522,-1.9440155644221007,-0.027787704919561493,-1.5047120552669702,-1.1589307976010164,-0.6858153404316757,-0.10953603731815087,-0.8284458304454811,-0.7674329171368487,1.0322396964198892,-0.5142209068496824,-1.9967753329862936,4
-1.7701273410792644,-1.7829167613883605,-0.5583259533641644,-0.06715194920668285,-0.8458690781942916,-0.30925352158751895,-0.8171740734655815,0.7926757441188006,-0.30894327880539296,1.137488807837037,-0.12777620898540837,-1.8954255589284381,-1.6317377172987813,-1.3399179253200362,-0.031870511893423936,0.990602110721437,-0.675411110530793,-0.5771192686925601,-0.1447702603808696,-0.022492276756820542,-0.010432455812434321,-0.25574273254972996,-0.11127087081490579,-2.2576746104363994,-0.3716331500172696,-0.028063092192739905,-1.0932510014640078,-0.5886434862388381,-3.1129823515414223,-1.6834558444025662,-0.18600096091193766,-1.032426239223949,1.0418987322388222,-1.9490721849590522,0.9072963981637944,-0.48749646079461706,-0.6903083982646472,-1.5530969694724337,0.7722717741180252,-1.1556119039034705,-0.16434598089784808,-1.15621351669294,-4.054275641883149,-0.48593806415632157,-2.140467556132218,-0.797388689118564,-0.46103121888576015,-1.848151975664885,-1.1254335584935822,-1.7672301983576455,-0.06022729601191308,-1.5017829790561337,-1.1887708773984924,-0.4814513526626638,0.04737320877119944,-0.8623940707427382,-0.6365443825655166,1.0047971007321206,-0.6383233629711944,-1.8121127699533004,4
0.30169461230985495,-0.22640507150438183,0.6913207250693455,-0.02934939244681012,0.0037712737178160483,-0.3999782851429165,-1.368430543167116,0.9666420761839823,-0.6681417681930244,1.2924671413392597,-0.3220543382228527,-1.7337950731280622,-1.7494444175208583,-1.5263051528323808,0.11843383751526565,0.7444583105734822,-0.3452524693033628,-0.4313145089959717,-0.27462417444782283,0.06070817994304292,0.1144729107490784,-0.3472265789959043,0.010396550403544362,-2.1844812028496934,-0.36476639039044956,-0.2626227230917222,-1.2106235922558757,-0.7167542645482055,-3.2378702753941675,-1.6601798322394887,0.08845302163519472,-1.1690599678451443,0.9573669008264103,-1.8418119820870065,0.8322057193104387,-0.5102434577356234,-0.6730030364680621,-1.448231446889162,0.9894483408914698,-1.4419047992691882,-0.4270842107734919,-1.3027416307394921,-4.096711186126833,-0.3407017041175986,-2.147017968892997,-0.6410751381809578,-0.48009210646416967,-2.010108878965458,-1.3028407924660836,-1.6682213963673205,-0.14850044848914368,-1.3700205040621665,-1.2556247038203017,-0.689442623046962,0.051190365972271584,-0.7465154011446236,-0.5669982772374542,0.9172727189973554,-0.518822034578892,-1.8502434503642655,4
1.1212230843827737,-0.7771393518112018,-0.1857847088911208,0.31827689080257865,-0.38006759769212417,0.23220396241374341,-1.1140938004384568,1.5098453242360699,-0.624572283918616,1.0060906755582568,-0.21504247266808887,-1.8561219515013283,-1.3659275970965536,-1.5704011058861551,0.4559430853928087,0.9770957643527157,-0.006141644056236184,-0.8025912495261864,-0.25774178022367455,0.020963094616581662,0.0388295685945228,-0.3552218251460258,-0.01446635188903379,-1.9709720530283177,-0.4697799565797492,-0.10691293096895912,-1.3140480294452843,-0.8718426216595635,-3.168172228721012,-1.523836340681738,0.09761604100662555,-1.0858046384945266,1.061626390992617,-2.0153276695701896,1.0619085385491653,-0.6594961681526724,-0.7946928598686601,-1.5319620133988647,0.9884447929034355,-1.179935089892321,-0.35777056037541616,-1.2371225060501676,-4.207460360222906,-0.24294548366224009,-2.148598949546927,-0.5116621879919244,-0.7260564700240489,-2.0608541907466393,-1.4727482961557576,-1.9479408460334005,-0.18307171106911532,-1.5847268385613444,-1.336637783719496,-0.5160904373441565,-0.14778230752475724,-0.9115801693904475,-0.5016681021082392,0.9339629803567473,-0.6954907245521605,-2.016729286277831,4
-0.5449195373241065,-1.730468790557381,0.3766577231513073,-0.4936934329021627,-1.2260506721532738,-0.009746328907443369,-1.2773031070238927,0.6927670299581855,-0.4611813098509722,0.6373288512289279,-0.4732693627598572,-1.5384205024547715,-1.6818639326512153,-1.8717931888539845,0.47186159247833076,1.1274955216590001,-0.49351738928964567,-0.8522295843498402,-0.5457340036420889,-0.23029151220010124,-0.06895486434906543,-0.4047558119120017,-0.065365415166338,-2.0244795419879833,-0.4100837818596243,-0.32694138433022396,-1.1107041944208687,-0.5616272063651623,-3.345261544346985,-1.3685312163910213,0.1806403463887001,-0.7656115510215196,0.8986419172078631,-1.9412836457429914,0.9080735731896871,-0.5796893044663487,-0.796078282554209,-1.7598638709792933,0.8863826511718154,-1.4348418893214188,-0.11372384777375222,-1.0973513774483306,-4.095329601478692,-0.6330030219985133,-2.04815798450743,-0.7657095962164372,-0.9034283558844323,-1.8663463690067728,-1.385649219126709,-1.9118576735593877,-0.2228266514062881,-1.6975346075220932,-1.1031382100173468,-0.5985475764404837,-0.22368049172162324,-0.8172236649920209,-0.8385653786027757,1.0987510202745872,-0.6111590486767029,-1.945193329013997,4
1.548594665538062,-0.5007501496038549,0.07773051724664588,0.6267018943236011,-1.185455931999842,-0.48965808660383375,-1.2670408928748524,0.6778556748613809,-0.6336757966925577,1.008062666123729,-0.4212781476773475,-2.086962142416322,-1.3713068918712754,-1.5245780301139034,0.37154316966433026,1.0099839876884615,-0.26623489261681504,-0.688700150692788,-0.29344972867546715,-0.14770835976267507,-0.4542793313836664,-0.3064327772574632,0.04641167213169212,-2.0969492220915718,-0.19035733611296238,-0.12321510992724702,-1.1998353205927839,-0.664238981628946,-3.2259209614546034,-1.5845510706259711,0.2522642686486438,-0.8776466506778171,1.0296426780420522,-1.8175849963712316,0.7749341652690502,-0.8470764844875187,-0.8743334635383032,-1.553260427063563,0.9970529107767458,-1.3389298457558756,-0.3464177814543359,-1.1857745529205679,-4.0106672844841045,-0.38134433519389865,-1.895085784343201,-0.44712190877136676,-0.7872334518093216,-2.049416256287753,-1.4047018094081751,-1.8516700232912398,0.0777729619164153,-1.5209465096126507,-1.1785059160166789,-0.6751955800448579,-0.2658553797929616,-0.8618004165933488,-0.6301640533282038,0.9930633482906508,-0.6465153996184974,-1.9943312377647244,4
0.9128790469516329,-1.5381642882468312,0.4052447085208897,0.5130980623822441,-0.9066923650856065,-0.833584792810125,-1.2876536285769367,0.3386038706067004,-0.37271722285658815,0.9380071942348296,-0.42767603716831604,-2.192559068585161,-1.4204532691047316,-1.2804004146874,0.8435032444286856,0.8884448585921859,-0.6958063617925367,-0.7275707834611947,-0.7138248921430692,-0.2739304708278265,-0.21224737471379523,-0.31730827698925496,-0.02039264083670468,-2.3452292420450096,-0.4942427716286576,-0.02217917458335325,-1.1031452053554693,-0.5869231778659274,-3.100499028882664,-1.6286965112947844,0.11805047474820785,-0.9775324165485944,0.9585629133755015,-1.7343787546826346,0.7555274382343437,-0.6660735978156049,-0.7836753502801758,-1.6445691126638466,0.9498571937015133,-1.3231760950400187,-0.3327074348093653,-1.171785480239119,-4.192014779889282,-0.3277974093485858,-2.0071219820256245,-0.49220322372032665,-0.9313990319765553,-1.873339216425141,-1.3007810809963283,-1.842440874725155,-0.16053818684043816,-1.5647570238062452,-1.198316010781072,-0.6733692407870185,-0.033215020431631284,-0.7946358992317103,-0.7409892660574645,1.0011261511799119,-0.7457346376474279,-1.7208104466296086,3
1.4569402551621535,-1.9435702757789437,0.026466675399225523,-0.3073518355066821,-1.143626132540665,-0.19414211915213062,-1.5903248806184,0.962650102614347,-0.3673058589794138,0.965528034185861,-0.10968172805695789,-1.4466910199583827,-1.6336519771474918,-1.610773529763702,0.14239481583098845,1.0006438754353482,-0.021135336274538064,-0.6523451953488673,-0.6103344430375464,-0.20134636200186967,-0.06358524042178129,0.015990959238311175,-0.05027506366673998,-2.1543482105776257,-0.4165610939871692,-0.1237859455899599,-1.0832164919224812,-0.721794421632741,-3.3131481251608745,-1.6811466068438283,0.21801123992929317,-0.9496855686560473,1.1663248441598257,-1.636550520096837,0.8264522634573317,-0.6319333744756337,-0.6149442804346028,-1.5305247545177392,0.8649017179340482,-1.2509704322109414,-0.16640234116621583,-1.1687325345546482,-3.9936084997922334,-0.40783122905590846,-2.072532645693531,-0.5411962130497994,-0.7171148236897565,-2.1023228158467298,-1.36482256642886,-1.8271538325075434,-0.134688227716422,-1.583625586581425,-1.2259165509581096,-0.6098496544323416,-0.24386313191929174,-0.8660006491494392,-0.5497158038917974,0.8364769909099234,-0.6078318481426271,-1.889123590731141,4
-1.30625373884503,-0.32152204088318115,-0.5848723914823158,0.5187039418265507,-0.19999628712675394,-0.187855079177911,-1.2212334713067454,0.42875632393997204,-0.2029664091457472,0.8772270609965886,-0.7528516977563058,-1.6639819314611066,-1.3427555661458837,-1.356928602940621,0.4734503095768785,0.9054463185747923,-0.43626072388882964,-0.5541358328112987,-0.18196193805215047,-0.20433531805061922,-0.10927383605677182,-0.284284286070495,0.31501047488565026,-1.965135489795753,-0.2008826646598443,-0.050267840760351803,-0.9983294587346827,-0.8689571967398019,-3.187841349278663,-1.6184065525196258,-0.21962771170585665,-1.01750119177727,0.9733983634690639,-1.5311882142200317,0.9269791225556152,-0.5801465710825691,-0.6803238988557305,-1.546540320014003,0.6959525742743943,-1.0756185624228245,-0.22029612331299778,-1.3348666843398462,-3.966291002780202,-0.30592314424562866,-2.1240419801997175,-0.6427305900569372,-0.642812953857675,-1.8691756756391111,-1.31548281496278,-1.786506260836592,-0.20421882691581722,-1.6355323478860058,-1.2039282802514717,-0.7091399485376989,-0.07322870651809112,-1.0627429641338444,-0.696579801589807,1.083520716486226,-0.7477540137172503,-1.9647932219837656,4
-1.0032739086041467,-1.266968075919698,0.02394502623380214,0.8593047889750481,0.015362059874263867,-0.272009198888289,-1.2811349132314118,1.011242302798868,-0.6645499862785882,1.1792538014226095,0.0193147525014144,-1.2945039321995737,-1.4629204785158343,-1.1501412619095686,0.030360729562868505,0.645601268813842,-0.5669562423157206,-0.7440723451924368,-0.6159045524239883,-0.35414148282964053,-0.06156156491748581,-0.39451148699633004,-0.07228655549541857,-2.094138883865599,-0.6174424822910305,-0.551785412783814,-0.9390396283314713,-0.6669444461148692,-2.997022073207701,-1.5436857146143563,0.12473680546809447,-0.8786555216088636,1.182130595391433,-1.686758585584884,1.0913774559420049,-0.5819621031424926,-0.7296220135144678,-1.652190170897402,1.04411965796383,-1.3992081467703608,-0.11432505674798615,-1.2617249384207943,-3.819109036440059,-0.4038273350056131,-2.3578206235117096,-0.5891098931211319,-0.5427014893069885,-1.9136081280903283,-1.3885126490729685,-1.9352777969635757,-0.18244134070236287,-1.5601160566354857,-1.2005224391131193,-0.629667676427938,-0.19327012072895428,-0.9337956097058612,-0.6305058178810338,1.074293674580652,-0.6849093073651981,-1.9670025071031705,4
0.5400172397360837,-1.6289148542301441,0.5005578141885605,0.20012543973426475,-0.5912813532566062,-0.04270703888219325,-0.7805361501997181,1.052774791831407,-0.7176091166838241,0.783042544931748,-0.051729519114022404,-1.5825390968749373,-2.003159395598484,-1.6262990150711216,0.3167002032883305,0.7714913863989079,-0.13390278663748612,-0.595489035654613,-0.4471119162798922,-0.21979956506300263,-0.15825139535607535,-0.312338287831907,0.03760494898945009,-2.2480707233969484,-0.38491001067254244,-0.1974092730341932,-1.2028339072343077,-0.6163966658528808,-3.175349469114858,-1.6965655776839592,-0.08577997622156194,-0.9263463886058455,1.067091463864219,-1.824721654406064,0.8217477130146393,-0.6553947726000261,-0.5898615595494443,-1.7452319062447068,0.9175397918569921,-1.4687186012232123,-0.2576817971106261,-1.4132670436613355,-4.0749128425135925,-0.21544927951526172,-2.2224828952716362,-0.4776981692488508,-0.7801661992811045,-1.9353143035274032,-1.332171600701563,-1.7626987232791007,-0.1950649105437205,-1.5977612756002784,-1.187428124373538,-0.5275544217404629,-0.09606479142560026,-0.9816156708222825,-0.5793865465141859,0.9866662192290429,-0.522631206818638,-1.8807358759091222,4
1.0982229094146012,-1.7350305155457955,0.7451120484508327,0.30524756955280496,-0.5520112528958766,-0.5593649508920027,-1.3062781597101838,0.9502512698934176,-0.3296853913115251,1.1902347587594886,-0.24259999574860414,-1.3622277791957962,-1.5376833626786284,-1.1665378126096186,0.1432773042958728,0.7768342602310959,-0.2490539343982667,-0.5015584927760784,-0.4077618728685047,-0.5457362161075601,-0.07675298411146739,-0.397622269710506,-0.05442543042860448,-2.139580364340171,-0.3085797909422665,-0.026090864131413816,-1.3689658265486324,-0.7077042262031782,-3.306398535451296,-1.7166058640594344,0.35267071605341144,-1.0251339322898119,0.8794479597013679,-1.8593619337402627,0.88274946359713,-0.642012324403041,-0.5819423486652373,-1.6156233336773183,1.0344132700263844,-1.440816093431636,-0.18809680210151777,-1.3089778239515242,-4.034895894222002,-0.5177328294367981,-2.0771539341353438,-0.570379968696461,-0.693712261735532,-1.903306037826134,-1.4065692599774344,-1.8303070776970085,-0.05297673504896171,-1.5213547467430595,-1.1324283677286295,-0.7079187954217636,0.020350020353880394,-0.8436081052318204,-0.6705683944698434,1.039191427809156,-0.6931302958393446,-1.9690042248655315,4
0.6975916394915749,-1.7237528633568502,-0.42110532734919826,0.5725656149524332,-0.9439999590169825,-0.15432718603226492,-1.725922010354101,1.162085586697596,-0.7203366387359573,0.7582483061529923,-0.6964969538602761,-1.4879255513307734,-1.754570538578152,-1.4898254723345694,0.37597607610346245,0.6978699240752992,-0.45733844095673176,-0.4784988980210141,-0.39101946125894477,-0.17775248302083196,0.23591441434629645,-0.1923518141126169,-0.1477205128338394,-2.497178075211544,-0.6083753934575475,-0.04281684945681449,-1.1506018826135174,-0.4516336638752255,-3.0830954734419365,-1.4786195304625913,0.0006706619996151037,-0.8400951996021038,1.1434288431761421,-1.8321544971762465,0.8212556913055415,-0.4958794713323479,-0.7339324469071566,-1.4838004071947901,0.8609443071263336,-1.5107016388055439,-0.43746690231689667,-1.3030397131352398,-3.8160123244461626,-0.44062504466469,-2.096724703110732,-0.6844426470098993,-0.6933894531138137,-1.8431290469375907,-1.2434509635773272,-2.017546698829051,-0.2290066246346596,-1.5059700795758408,-1.140976872441729,-0.48282054195644564,-0.11642156031067005,-1.1491719202724284,-0.7266615554741467,0.8252423356645291,-0.7691104191868843,-1.7754490947133035,4
0.011719333546316947,-1.2317438651795944,-0.6276154927008608,0.9636420325657192,-0.5163155848515741,0.43433794667000925,-1.3525799931115345,0.6734331178521259,-0.6635017647401472,0.5875760536683717,-0.5134541148180088,-1.7199594096156632,-1.584471943832061,-1.540840766339062,0.2686461479261708,0.8803311715780583,-0.22441126539440376,-0.582441748015076,-0.4703530726610952,0.03125363555134772,-0.14127051688701656,-0.43106255058088827,0.090514573124443,-2.1170852845446917,-0.5059364044565295,-0.039816655028496184,-1.1355044707884447,-0.6432386178518167,-3.072216108448746,-1.5187251191640694,-0.014019247543437786,-1.1964800551185009,1.0036005460171598,-1.7688976653107802,0.9368212053416731,-0.8804618194031828,-0.7320792624180009,-1.4795288085533747,0.9222712471600354,-1.3448941984263738,-0.44623037435300195,-1.4858455799972679,-4.06593017788664,-0.3911525436517108,-1.999121302988205,-0.5143620224280617,-0.786444104511615,-1.7912946304970336,-1.2888641622995374,-1.9117928731071996,-0.1474309178649323,-1.5202425724752016,-1.210843920757323,-0.5782082647168086,-0.04091396285782513,-0.9986551801788345,-0.7483497670351376,1.016740404392207,-0.7315170827081263,-1.728052635760366,4
0.5228688836283581,-1.2986244100855475,-0.4188005002400125,0.1910829891226407,-0.294828757112623,-0.12128475522819541,-1.557904253408245,1.232463340710116,-0.20605107207831208,1.141061009608604,-0.466826176776184,-1.5127399838649642,-2.1692756574582814,-1.3427333551151075,0.5545791436641102,0.8601386703092643,-0.4128599259670076,-0.32587541509938844,-0.2700089729623689,-0.14269382054713367,-0.09683355781587302,-0.28498416234007484,-0.14666748359249843,-2.2789088898137773,-0.26167582405204004,-0.07665336265829836,-1.313889314927587,-0.7773634991543302,-3.1760444401043633,-1.530019046904105,0.3695632761471976,-1.1666317907808816,1.0494348701700797,-1.729044332695263,1.1150812764618379,-0.48817855904213836,-0.7249834768267367,-1.6856506727205962,0.7315351964206835,-1.3728770167333617,-0.33320980639971215,-1.2710491880335033,-3.9148461928713725,-0.5400418736520842,-2.175443681551085,-0.7945534085677286,-0.8180846955083443,-1.9630501493475736,-1.3075721340385333,-2.0088910100991653,-0.0839242149604654,-1.484048663274657,-1.1791822209257017,-0.6340724557822586,0.015720538548230342,-1.117309013680131,-0.7063896279662458,1.1765218756503837,-0.41704763070817563,-1.9116629471022373,4
0.3388550172501561,-0.36965694370632574,0.052059310996340064,0.33801638797584116,-0.3412891837316353,-0.43611061577528176,-1.6262829581497864,0.5750166019742573,-0.4552789753787426,0.9077999887655804,-0.5655571248442003,-1.897865232322042,-1.6794068497508619,-1.2270858924330637,0.20139159142809232,0.9448428734664822,-0.24660426592759727,-0.7568630244246857,-0.2282002320817946,0.11039179144496539,0.1375764231696805,-0.4516065305574064,0.020472654301952463,-2.0627455878746845,-0.5648268654060742,-0.22455456760502773,-1.218871237559944,-0.8279176530208987,-3.173561743099156,-1.559637184767185,0.19152701290004195,-1.1093775027649653,1.2117342625154874,-1.8848016997792958,1.0324670963296114,-0.5511711040603566,-0.6326605243876973,-1.663385122909526,0.9280018588338044,-1.4549119265612096,-0.3601673689207908,-1.1716485335066147,-3.9012917646890406,-0.41204993969863324,-1.9478827741418745,-0.7293515362018461,-0.8001668929249629,-1.9659131707995021,-1.1492571143312431,-1.8728307461492517,-0.19577721319044905,-1.6523917128458405,-1.1542916735140303,-0.6079992965189939,-0.07278480466279345,-0.9210503473460847,-0.7914955082768845,1.02966155601538,-0.5121967494991396,-1.6496532386280132,4
2.014624664478946,0.0872771780059296,0.48059463031647864,-0.1140059309329664,-0.5176564037838279,-0.3594483130365838,-1.3255326298371206,0.9280138065575103,-0.36399133394855765,1.3540554489094963,-0.3768676362849426,-1.604463603321545,-1.3047216105495065,-1.4430403394525035,0.2317881596784792,0.773748818173895,-0.3866034882173827,-0.7820988513059982,-0.35716037398108874,-0.06410874462128925,-0.14001419064982634,-0.29171930856696565,0.009375254109514009,-2.1037824125685454,-0.5087397405832825,-0.1885810366278459,-1.1290890603570365,-0.6835634892501616,-3.211473008925346,-1.534331278103555,-0.1557132866086012,-1.0096771127931032,0.9312431826947225,-1.7445975291643911,0.9340046537475244,-0.5606755423194839,-0.7545188295298766,-1.6523214292252486,1.1222756257798419,-1.3425123139093569,-0.1916897566380838,-1.1277791836246334,-4.044195921409871,-0.402111270340537,-2.056997379280374,-0.5998122636013804,-0.7628801938570033,-1.9418964828775933,-1.3294891360140693,-1.9241295725321066,-0.17762287754960404,-1.4491533471003495,-1.208169782047794,-0.5008301487500761,-0.2279675823574517,-0.9058663685756873,-0.7612708999618661,1.0164601564696767,-0.75430073464019,-1.982863820297546,4
0.007913041359148096,-0.9412773439133639,0.3645214900273768,0.5133762327070976,-0.3327133402370317,-0.448587503411546,-1.387572627481139,1.0646603007209772,-0.8968512302134717,0.49969202735629914,-0.1619244814932844,-1.6676492599992283,-1.4003348492342167,-1.1864758511145015,0.45075831130877897,0.434789553599957,-0.9016335889225641,-0.45627608343411263,-0.45856472128412273,-0.08017786992714734,-0.19733064304323708,-0.19822263593974276,-0.18172093864562897,-2.0679097313951256,-0.5231255736986248,-0.03632819439976183,-1.1189488290180278,-0.5839320375206413,-3.1359253579062383,-1.6688296251613262,-0.017293174500401957,-1.1783121219590516,1.0516443217958724,-2.026276794286556,1.0030767218582586,-0.7700440812112278,-0.6110204946503127,-1.7194626126932073,0.949207791204634,-1.2667766575260173,-0.37521282942064077,-1.3553787973658307,-3.9446840954703895,-0.4698777928537523,-2.0795487591265656,-0.4954249877370097,-0.5736173873482002,-1.9462748344575687,-1.4681848882137407,-1.945830015502487,-0.1401696513465635,-1.6058649909510534,-1.2500491187120772,-0.5285251258609722,-0.17532807633347072,-0.8795453208872113,-0.560422183320091,0.9460863982788115,-0.6668455294136585,-1.8624040070375942,4
0.29649319860152507,0.1480141833030868,0.5715524119588772,0.4951840934036853,-0.30101669175699575,0.3901539745324921,-0.9387958968452448,0.6244175450217118,-0.38417918108131327,0.9491850093659017,-0.7640165953525109,-1.6602082905007725,-1.2417397383237676,-1.2028532442441533,0.22392074542684648,0.7740907077968553,-0.32189194115315956,-0.5791774990123129,-0.45137352118400076,-0.21725994574709515,-0.1151367998981385,-0.1915732514913949,0.1148127178216492,-2.1786414312019073,-0.3471255355549107,-0.16966496019145266,-1.0622887789155473,-0.6116075560927103,-3.1139947686156124,-1.827904711657783,0.061619817733066455,-1.1237564650509917,1.0585975473405416,-1.816192048770144,0.8620639579366163,-0.5721535269292706,-0.5765242430039598,-1.426311529908788,1.0786877316980137,-1.413963424509988,-0.2668418579846308,-1.2032595497478278,-4.108606893207385,-0.45726667410728583,-2.0235540536520844,-0.7087596748085181,-0.6417711843270967,-1.8367981105362987,-1.4080861713773518,-1.8810806630830872,-0.05989476307259517,-1.480645459876319,-1.145267069924238,-0.5636893213242068,-0.22721094535260244,-0.9893572862484713,-0.5822380269815057,0.8951607745893211,-0.5341940424797942,-1.8900094865079538,4
0.7472721364483631,-0.830602512826105,0.7679094342999351,0.5453553771502508,-0.815144266368422,-0.1146843760260923,-1.655212281378781,0.8711524636086935,0.040560202597780703,0.7843364485786125,-0.35353822911029886,-1.8560431398618036,-1.2366012916630602,-1.2715689657945937,0.4317929835796062,0.7992364910477752,-0.4681837649882764,-0.7260158561169809,-0.5579067781238475,0.05863654995705819,-0.08470761097614503,-0.23080491690000637,-0.21659247885208707,-2.3115376386423008,-0.4418702418794969,-0.09731485195400444,-0.8543439040354173,-0.6093798940124401,-3.1754748145361535,-1.6100649085492045,0.05473691639391993,-1.0370584030770165,0.935083205912216,-1.8784086314239707,1.1845764093490012,-0.5918812193976063,-0.8147974794580455,-1.559290865617998,0.9045662689069864,-1.2900123257383858,-0.028170678862973253,-1.4149306658977268,-3.9312053684914043,-0.3904981861900006,-2.1589280663316543,-0.6935106001749789,-0.6147631370163377,-1.9061534601870807,-1.3445557253305518,-1.9946923424994627,-0.29112105859441684,-1.6899688442072571,-1.029874212756177,-0.5077886725201843,-0.17202606969371018,-0.9807359918796542,-0.669900785764082,0.8431130865157915,-0.6890357150017028,-1.8990090477080648,4
-0.5503724570764829,0.0436572374501516,0.605023821846189,1.0917247271047605,0.15142411788524657,-0.5849783360931953,-1.0118655242152748,0.9697273148688853,-0.28213441316022914,0.5229768259501746,-0.04172336023616907,-1.2875269160023588,-1.2271352807335068,-1.5071348077354039,0.06568426094964622,0.7362508844223288,-0.3042263647157572,-0.581852879663608,-0.27155515699796035,-0.24620860263435473,-0.15691029587238575,-0.1877047311711515,-0.1525070845873987,-2.1215287893054966,-0.4898553549372244,-0.2533857368383349,-1.2266089442427335,-0.4100942130135268,-3.3400344108828013,-1.7158040667733636,-0.0160027465746161,-1.1016681842448257,0.9752283637600071,-1.5874197717356935,0.8175077142745028,-0.3637150007560512,-0.6423434947226755,-1.753370308377078,0.9167173382664896,-1.396095055090707,-0.35415413421226855,-1.298778008884893,-4.001680308193333,-0.550727771435451,-2.1003534652095013,-0.5190670910829974,-0.8923478334331931,-1.9395339923810417,-1.52580666009779,-1.7719276016833287,-0.11469314791083007,-1.4806721340327318,-1.324494993458427,-0.5481657092349682,-0.11233584300952904,-1.024530465011469,-0.6890491973097992,0.8835538316935981,-0.7595390729236264,-1.7602779511528965,4
-1.1761497303516704,-1.3471318134151984,0.6808764389573959,0.8752943582330167,-1.159472588709611,0.5330614314459131,-1.22949654498113,1.1313669185756678,-0.504356146393682,1.004344622304127,-0.5660433806751216,-1.6398663318522428,-1.57416205588643,-1.2028835214860976,0.09465454726424355,0.5880301957507359,-0.18916668944552814,-0.4756632094761567,-0.9101820465231001,-0.03324300206389609,-0.08396947628483092,-0.4945259331598315,0.06849585296599245,-2.2244060825969725,-0.5875645091824551,-0.036599199837485955,-1.3313334971496031,-0.6459760024971805,-3.225835644305868,-1.2780495023234466,0.041873863806064254,-1.1869350060932125,1.060688173018713,-1.5564043222122033,1.038040459579107,-0.6420286371796079,-0.7093754818349018,-1.6166552334211184,0.9849813793976302,-1.0914432995847672,-0.2968465627043407,-1.148104415349211,-3.9101056664939136,-0.5043010203154857,-1.9438861951135578,-0.6887021059559907,-0.8107755568726736,-2.2159280801185512,-1.377363212201802,-1.9667237161249618,0.03323384961225878,-1.6577091396492198,-1.387049484670871,-0.708640118780994,-0.2763596236060849,-0.8663599220666895,-0.6124719490386183,1.069545222030878,-0.5500450144326998,-1.8240221285587748,4
0.08815720583343999,-1.903660848976128,-0.4081248692453725,0.9674382209344663,-0.30564624985535943,-0.29219904079419706,-1.5597831033051959,0.5567728206497342,-0.8610772013069888,1.3753079652039644,-0.6138099712836798,-1.8253796358308412,-1.6760604699949688,-1.499504805991414,0.4174987523828879,0.9725587640134385,-0.16346231606673228,-0.6836214143464794,-0.10611017088044117,0.03225463460274733,0.14298760318225656,-0.2520715173011078,0.22323840550496254,-2.324297044991471,-0.46192253767221103,-0.11906129481281347,-1.0839298753220248,-0.8165662072482598,-3.191076004103837,-1.555088862289472,0.05176309847196408,-1.182195361524038,0.9570666997879357,-1.7144382986411717,0.9605775792460376,-0.5783488865940597,-0.7868900987275046,-1.7248652994575715,0.9496155165763983,-1.2488224965085735,-0.2855853786497176,-1.2185643504243233,-4.049457193294959,-0.41387521787189613,-2.1063586268263035,-0.47739795284947967,-0.7772283343895163,-1.916045790907857,-1.3996638040599327,-2.0152267572391076,-0.12801197056814007,-1.6226267701965111,-1.1707155987801192,-0.5903801132512768,-0.0494433039272125,-0.9108550428301703,-0.6657182967319945,0.8761320266768424,-0.4785961541092731,-1.6927118879790755,4
0.39905564031540025,-1.8470929741966977,1.1743473198239256,-0.042545132300489286,0.002351811909790058,-0.2553995344748775,-1.3006167882926551,1.0087425540959827,-0.6305872363793499,0.4761782696371766,0.15747206498233313,-1.3716910634862436,-1.4597345099314534,-1.7058980906487642,-0.06138860722144435,1.0826819373172307,-0.4271542510096009,-0.4566668843783567,0.008901749240910639,-0.0708980760820377,-0.30959696042709195,-0.13066728201502917,-0.023386682736807,-2.207955232772859,-0.47395921087391407,-0.15198100539373713,-0.9691636859839505,-0.7461397172486243,-3.1037965590468763,-1.8748754442832738,0.12811076975838032,-1.1161654318028893,0.9889929063591667,-1.521874319327413,1.022870226282315,-0.71031086543958,-0.8656636383077244,-1.9088095042365592,0.8884050612615627,-1.2237294394789342,-0.2718179406979435,-1.0851386210977927,-3.95741462928437,-0.4220285868443579,-2.129820988337737,-0.6772431635760678,-0.5999329118143485,-1.7895693906449632,-1.489827419725507,-1.9063872505827069,-0.12097261054382119,-1.5069450747233333,-1.1410665672978615,-0.4897961443297742,-0.14718313855254844,-0.9962796259234797,-0.6455009333629205,1.0958672431511844,-0.7369029345238615,-1.8433132112720128,4
-2.4205544001791828,-1.2643433644852515,0.482519587454775,-0.34555991550058185,-0.33985059297828724,0.042675975118251636,-0.6539525021361525,0.8871403733020122,-0.9005908153435352,1.1000315539456778,-0.24984469050188968,-1.765029143922963,-1.1737399425673944,-1.7350960999651364,0.2831689492976527,1.0060227435522715,-0.18618900623295523,-0.6371816019943158,-0.3773378841478564,-0.2201106967354007,-0.030719732962615917,0.07012548274314867,-0.1273455659264726,-2.115923645216713,-0.31682174862729195,-0.08421562063813398,-1.1323119327322677,-0.903689761849547,-3.3840586905484296,-1.537532296472922,0.15763899676036056,-1.0749604327716542,1.0641295296517614,-1.623872653523029,0.8787942820151345,-0.7045472503098033,-0.412610723397596,-1.7852344223499532,0.9472841913725272,-1.3970791801336628,-0.3512751448214391,-1.4726064792764761,-4.006179777536171,-0.4152537803347849,-1.9071637847061678,-0.35679503743476687,-0.5774298412571639,-1.8204743780125885,-1.2979702383997833,-1.7980468691995055,-0.14836382455684788,-1.4769546279590777,-1.4122895464012029,-0.4691101831921788,0.0007389571971411768,-0.9485546562250169,-0.6263030256880578,0.9246061313676243,-0.7901498938660236,-1.8510937608275408,4
0.6823948803534755,-1.401374718410065,-0.14391749528054695,-0.08484089388713498,-0.2775995487550733,-0.1320825861504807,-1.3955571322520381,1.113318818526892,-0.6664442457182833,0.8439945322820505,-0.4892587290566027,-1.2933845197984999,-1.1098909318567411,-1.593388831447865,0.33415860523294516,0.7051411235295243,-0.35383553778852556,-0.7592271894511399,-0.4925633700360405,-0.0729922050387836,-0.5388784475097398,-0.06594753778021922,0.026536502825809223,-2.165517807376958,-0.3025227252554506,-0.16415287049193966,-1.1368456530503712,-0.5539734931088013,-3.3085225718032194,-1.7694110344403333,-0.17122265231913208,-0.9163200131128996,1.141817229190125,-1.8358648860268731,0.9187454351669697,-0.5735922298863914,-0.8866768754051542,-1.75382968319425,0.7689022434523238,-1.2220286691663922,-0.14419162635587743,-1.182419107014488,-3.8539146024844833,-0.582093429966488,-2.130905543255319,-0.5450816093553822,-0.6155170085148629,-2.003669005820782,-1.3754573048614631,-1.9918236769839088,-0.04107942088142953,-1.6947193426191394,-1.0738962372245826,-0.5565716120367099,-0.14647888495106037,-0.9231754927843189,-0.6969691738720362,0.9492399342662607,-0.6123433712362322,-1.7023644587665703,4
-1.9631596611580981,-1.289584011424281,0.48765438205673256,0.48799248894122965,-0.33142633186085896,0.07804160669234186,-1.4253786389539096,0.5720715518251266,-0.8770418722950875,1.1481876492715635,-0.16680813310143788,-1.5846859310038222,-1.7040835412052353,-1.798691555530329,0.5432763192036734,0.791350080752787,-0.4072041155545479,-0.34727664375039596,-0.609161989523849,-0.42047790289595743,-0.19434319323084134,-0.24634863077010621,0.19440200789238538,-2.240341370815429,-0.44833037842225504,0.06946373489223118,-1.5522022846331203,-0.4729164329276271,-3.550911056576952,-1.5314694733820495,0.11055332256643897,-1.1089664424143915,1.1610457316981815,-1.9330105555792805,0.8146382826117811,-0.6102592794818718,-0.9154602779409426,-1.5976482760631765,0.9090778072604253,-1.2155818197024335,-0.24936971409433306,-1.2764809302671596,-3.961980844913758,-0.4288420362128724,-2.0970604987981885,-0.7292516397419339,-0.713405696835391,-2.0746597871956753,-1.5444427029362613,-1.8520216953988804,-0.04090401340388555,-1.560578653107283,-1.4159824278119661,-0.4863502586713436,-0.14667324368723914,-0.8415110324710102,-0.7332146873557475,0.8650628609057093,-0.7057722119894452,-1.890240843095056,4
-0.518630251159938,-1.437026314526693,-0.17043804721271022,0.5014957204486155,0.05591863807125108,0.6566071058266932,-1.4758850988213807,0.7034352931096677,-0.5882926962469895,0.9179153179284588,-0.5022383263957325,-1.5861781171180758,-1.094586613499469,-1.3309695566758097,0.4546623222673247,0.835706523440315,-0.39708297601605314,-0.8585142776037074,-0.5817209098535192,-0.014682909916363257,-0.1593241134947559,-0.0344332552802864,0.05244815905577452,-2.358849946612379,-0.2722494951904334,-0.05111094723905288,-1.0487369046969954,-0.6557746380490509,-3.249329066282334,-1.6004861472537046,-0.07201266766223484,-0.922595722898966,0.8420155007826094,-1.7764047659648394,1.0443053049574569,-0.7233989601530473,-0.5518067446657025,-1.7020692494941962,0.9279842666101359,-1.45464311635862,-0.3325765688191477,-1.2830543086573456,-3.9833971830330794,-0.31607036868674615,-2.251357543850439,-0.6029605775643082,-0.6662747355588906,-2.0874654291243533,-1.2935403416198192,-1.8798320943609632,-0.11812519022762746,-1.486578271329245,-1.2740411380014836,-0.7414179399900511,-0.18607744126273443,-0.8911986497862843,-0.6253906501485816,0.9902227641772018,-0.8211754472990904,-1.7585675071688995,4
1.4924921179627386,-1.2664431361811563,0.4017563182904653,0.07349393720598678,-0.3829923214419754,-0.2265330305692588,-1.196506816352278,0.8584249927067845,-0.6006508191236735,0.8578449879649592,0.11310179049623459,-1.2002095047816443,-1.5064211638491147,-1.4568540685202245,0.14878513521024103,1.0430596793232163,-0.33138404601771093,-0.6950929645001553,-0.297239811392813,-0.2276296032330556,-0.2561330513384875,0.07740042689253074,-0.026336396476017213,-2.163292378979401,-0.5540345544886156,-0.12677468030226288,-1.1546709366071055,-0.4946953881711591,-3.0533253678545536,-1.608631148555333,0.07792591436158343,-1.0095843352840628,1.0519741481922882,-1.9894347275670237,0.9714178050673151,-0.7045969242398917,-0.6377491291092683,-1.6889030930269149,0.9903200447437976,-1.4235742596710403,-0.3865084667183605,-1.2067081969137625,-4.069726718108541,-0.41040988018817254,-2.2028760352141705,-0.6365422217794428,-0.7382596237365017,-1.9493763426398532,-1.347913749986117,-2.1959381259385626,-0.31219452007080806,-1.6262124763586017,-1.2407818460780107,-0.6492589611371183,-0.07014453212929592,-1.0254470981890798,-0.6080719646187824,1.1347997401717025,-0.7176275474119571,-1.8257878122441489,4
1.8189973085744615,-1.307229608253569,-0.09294367116298394,0.12259618862507238,-0.631021454163115,-0.21116360924871808,-1.1645176306807177,1.3430601764585512,-0.36780004053032533,1.0498003940218528,-0.2884667980582091,-2.0761112621206,-0.9714127499201155,-1.4333756782738227,0.33894107727902734,0.9939042573866443,-0.4451346511077911,-0.6780162488959816,-0.1736613233087936,0.0837563626844971,-0.22988933581218762,-0.47237463482554143,-0.08576081487595187,-2.1536748470904308,-0.4347825070243993,-0.2047385930974407,-1.1333150370525382,-0.6335607290780388,-3.2112620868273827,-1.553700353017104,0.2000316587399488,-0.8552449779503922,0.9852679640995045,-1.8526815710760285,1.0320540733396282,-0.6343764923356802,-0.6937137053832618,-1.3268360157567007,0.9909375082841412,-1.5537580953590546,-0.5411105857395827,-1.345816877522208,-4.091149514272625,-0.49363670124600334,-2.0457599191257976,-0.5974235507561833,-0.7063388130514777,-1.885699828373022,-1.3119466256317813,-1.9646309092525973,-0.09958564667550501,-1.6305647429875225,-1.3252623235306207,-0.5878058570028212,0.034867084164875134,-1.0005849847766322,-0.7760068416818121,0.9368040616504025,-0.7042429756792741,-1.8311106744816366,4
0.6030231614352747,-1.2411936487444546,0.4991063277722483,1.1478327615960668,-0.5818501376300949,-0.4051969676593102,-1.2666184561019163,0.4087003991333783,-0.6259733132049363,1.5558673638543947,-0.33968843632117995,-1.7987461274259058,-1.3050075136047952,-1.6240064877761287,0.5173703260148588,0.6265936962215689,-0.36651548448138965,-0.5115424424741806,-0.6538735106623492,-0.24621149440898565,-0.4020870819056758,-0.10866886316911722,-0.009803881611188277,-2.019473749483654,-0.29927481976763015,-0.09780966658271886,-1.0455219441344095,-0.6286274030060999,-3.1776909360775765,-1.651588414402556,0.1815490635999439,-1.0119674459847705,0.9731514007745773,-1.793328307921947,0.9359452018734155,-0.6752893283204313,-0.7672828104390303,-1.4201322525277198,1.0527017551482836,-1.3255307870414121,-0.22412426183424974,-0.9740767932250163,-4.046582775720617,-0.49484966453791945,-2.088231209615052,-0.5674065047936193,-0.7269615186766331,-1.9420077486327902,-1.4264492362075267,-1.972628274503163,-0.06339737104659574,-1.5353207556124426,-1.078603300076657,-0.6214434578213482,-0.0781570464792713,-1.0126274180400021,-0.5258825682636876,0.8613025431741654,-0.6308344534146724,-1.792135585967876,4
-1.0693027712200527,-1.6002328375548511,-0.06536962663664825,-0.4582805878774594,-0.1606125966897624,-0.08670073220532612,-1.2045514211813673,1.0386806838495448,-0.6715751914695974,0.8940387215243386,-0.45465606758037047,-1.5807719418293198,-1.343234933627983,-1.237400655738188,0.2078232552701536,0.4675135589781492,-0.2567629958956129,-0.8976114502748938,-0.524257042584026,-0.36480780987384664,-0.16807084394668612,-0.08956024276471233,0.048951503305594404,-2.2316943493881984,-0.39007008551605,0.23646734994776214,-1.108844643074545,-0.800829998968963,-3.2792614998246616,-1.5241802812907643,0.01909817870896827,-0.7420389852770932,0.9874923211943816,-1.7595842636631014,1.0559332256096539,-0.3955264787603764,-0.873057157332967,-1.5100074837251523,0.9386166337316271,-1.359617348296134,-0.37683203239446417,-1.1331422247993963,-3.843105471118852,-0.5033521408044382,-2.431609570305016,-0.6230187537892881,-0.7613542514966929,-1.9998730960571254,-1.4076214724638865,-1.9351834965976424,-0.07925604513971755,-1.6201057325184314,-1.2939567415416713,-0.668748004511871,-0.09943050019008273,-1.0951727023584057,-0.7329192151232558,0.9951605829884163,-0.6086559607876862,-1.8390363326602421,4
-0.6362598657286356,-0.49543890108572164,-0.198364473222433,-0.5956356956712926,-0.6803680680490246,0.06523077188221255,-1.786793079858614,0.8634148926671782,-0.7883875613937024,1.004447361215249,-0.45606696647557565,-1.7368970434382,-1.5410869210690505,-1.3281910487749453,0.13796704278149108,0.5518166605315371,-0.278539143178132,-0.5313810727868185,-0.47944296989743607,-0.10489549399472398,-0.0442307198882262,-0.20351003942672624,-0.11120346016596273,-2.091246741237717,-0.20356296739808466,-0.2489593237132142,-1.2667256902204063,-1.0241816787615643,-3.0291723108111364,-1.3744843259805164,-0.10584854980948771,-0.9608789486769739,1.1657852531345687,-1.8354755713708835,1.0493590907651307,-0.6998656476473961,-0.8592707764828215,-1.6688421998000496,0.8781536131491191,-1.2986289931358792,-0.05240758619232275,-1.4109605047528033,-3.8531198110734692,-0.4982735525231389,-2.0789688215779134,-0.6374807658644647,-0.7122954941964691,-1.9445967477958457,-1.4721970407035283,-1.9992820620141611,-0.14351402470212118,-1.6285090591041307,-1.183466095686525,-0.5018066640614888,0.0510195607863167,-0.8597122977822034,-0.650643425302373,0.7938012308378254,-0.5447341450616795,-1.9072036266727135,4
-0.842477796485679,-1.9646323810845643,-0.605935616729591,0.6058336963312029,-0.4905926339180743,-0.5804540953618158,-1.1784343612635295,0.6219006568031962,-0.5121558377075386,1.5210708171482916,-0.36042265319186306,-1.5431253745484956,-1.62747340341235,-1.5990965130302879,0.4045277919498048,0.5521683319976032,-0.3963365619320601,-0.9396660157141323,-0.5060434909303412,-0.11572516457605021,-0.2576891606529523,-0.32118014751559115,0.1797647970013614,-1.9200066890468035,-0.31608152126674355,-0.18691935541549873,-0.9894548612848317,-0.9180916279611682,-3.262447003413767,-1.5866539303905354,-0.057932209793526396,-0.9820248071764187,1.0950349754800286,-1.881533444500176,0.7845626907153324,-0.7278306755178233,-0.5967807860659795,-1.4996903454454669,0.9621329362769158,-1.2916083965077114,-0.48330391398334444,-1.1725894985961,-3.9594410984040125,-0.4408274652722075,-2.116519905758144,-0.5366495162194431,-0.726482300269674,-1.9956063476595673,-1.3961758687090289,-1.9737494018111923,-0.34111129329084516,-1.5169490882729098,-1.3024894032349985,-0.5839305247722921,0.16902773398333004,-1.0257770796671957,-0.6913400112940074,1.1066657605838341,-0.584959401157219,-1.7339255811321934,4
2.586522422899907,-0.0384503160235945,0.6951386816203053,-0.049244224163466965,-0.6674096559745488,0.18440096926056143,-0.7928676169538049,0.9616300449552021,-1.145881511175457,0.6445248960969951,-0.8268060655734828,-1.802891630575757,-1.2261661575998937,-1.4171265543552076,0.5227467166147939,0.9567812599949657,-0.3161903752230728,-0.7375478345753596,-0.2793056172018804,-0.4141661939344122,-0.016936815258128124,-0.16766247221819558,0.055541552505073616,-2.075234370254867,-0.36253449647817504,0.18033205228943777,-1.1853882289771016,-0.5981208271670038,-3.288032568753649,-1.5644796233312375,0.06770376741270151,-1.0953118466258858,0.8988689411213351,-1.656670094310177,1.1949797931695283,-0.8133383903169069,-0.7400215725603945,-1.6509585096167845,0.9459760873225106,-1.3826017695343629,-0.21846251708439984,-1.5260605726264,-3.996063824415263,-0.4273837270801557,-2.2419384512166958,-0.6773546039747338,-0.5641933157522993,-1.975452373608183,-1.33291844725419,-1.8646476820116922,-0.062487663939296084,-1.6292972915208344,-1.2833134534522483,-0.693069622983549,-0.09177364994351611,-1.0096722147704411,-0.5081565254792165,0.9433065130328315,-0.6179677177572923,-1.8625606664494598,0
-0.14008969449973815,-1.9061920996590858,-0.07956826871550429,0.2664719645847162,-0.2750416089857257,-0.5882290729839114,-1.1801034196312918,1.0954109332898474,-0.23186101360620598,1.2270602549699698,-0.7364715678016618,-1.455892345167749,-1.497762621588697,-1.3527081092704956,0.2111881216035585,0.7608269542661898,-0.44157021292867904,-0.8881069003908528,-0.1815907570657219,-0.11718481694671692,0.1525807191785899,-0.15670192434308391,-0.1912644879490558,-2.26140509789603,-0.33440878565904986,-0.028033120446507825,-1.266623907514087,-0.7580757103782605,-3.516649390594106,-1.8205636086231023,0.12121869209046657,-0.8465984384585628,0.9072483199901052,-1.8650550795045073,0.8524665092566667,-0.5189161837625724,-0.7854080621703077,-1.6915802355766427,0.7700550113217807,-1.4553112868904552,-0.5197455003024541,-1.2702297168206516,-3.937719498647504,-0.5684775759025191,-2.0528396093918992,-0.7221618947607386,-0.6720554247977739,-1.9727804702859826,-1.3924226319681496,-1.9341716705827101,-0.21107263868532034,-1.6230791321710771,-1.1482386628860997,-0.46754973486245394,-0.1518694919427912,-1.1321483194621085,-0.5284566282704244,1.0212381874552228,-0.8607470012296572,-1.7242663926646014,4
-0.6916346636559153,-1.620351156673696,0.12116040729492314,1.1184089397675245,-0.5085257329341614,0.033312970728748975,-0.9563921595237213,1.079364523592306,-0.4171335698359118,0.7442798882257422,-0.520300388936257,-1.6473570023318762,-1.4789205501833522,-1.3537709894903618,0.3658667364515586,1.2278181239394301,-0.431929178579154,-0.3813209410021072,-0.1471454565528415,-0.2328251924726502,-0.25436429399787297,-0.3433449171742506,0.2426930293735039,-2.0585867240023843,-0.42167183310117273,0.11348104148419386,-1.2424267078377582,-0.7616312655238107,-3.3645369541149837,-1.3095998386514163,0.04308973826449601,-1.0260843963683994,0.9734748306234395,-1.7293866364586674,0.9625238420467842,-0.584840287752343,-0.7190653629967034,-1.637612085640757,1.122901106879275,-1.3495798474086378,-0.2751647083651927,-1.2238821600209804,-3.8342672835480536,-0.424691256910985,-2.08023495600117,-0.7068709388837623,-0.5325955816657446,-2.007038159331812,-1.352322952006004,-1.9374875698283096,0.05025032458975903,-1.574988085770154,-1.2514884516276654,-0.7349820846021182,-0.11769407866772891,-1.092621589289812,-0.6085661094033552,0.8596194661739159,-0.6955612255362864,-1.7330053612520522,4
-1.1034201190624042,-0.5470381128195108,0.31899068698122207,-0.46210797984087504,-0.9389413107351088,0.008261669967896346,-1.3721632354018651,0.8014239587606872,-0.28899184450872983,0.7214328764394987,-0.6017944950197474,-1.9177672223142495,-1.5119134524443314,-1.5801272017132855,0.480077536537614,1.2082925485123208,-0.5047154656036651,-0.6878833422533701,-0.3696607691218845,0.0661424373752908,0.10592542136051833,-0.3021170138516878,-0.1969198293386008,-1.9960144664580253,-0.3000610915991814,-0.29132177571835194,-1.418280021152067,-0.5785103339157298,-3.114162442562996,-1.5430071012844895,-0.07877223843245404,-1.1308008262805085,1.0770991361919684,-1.7284772120593155,0.9995515987312232,-0.6035476336032028,-0.9312913758638569,-1.5377662096652873,0.9159400531402002,-1.254960519382636,-0.1635041691852495,-1.3649243324028182,-3.8706842906125076,-0.6286401575248768,-2.0741645887321227,-0.6572431874998687,-0.8558205081387191,-1.9462782624046668,-1.3112288201321816,-1.9425946988510145,-0.28897368301942494,-1.524968583900109,-1.2376401311851695,-0.74823309405338,-0.057461179551259,-1.0224034421273014,-0.4548224903962782,1.1345144059487746,-0.6969867140549587,-1.9006298275280513,4
-0.2790061807273083,-0.8967658706302299,0.3162300669382857,-0.6322742933679304,-1.0665437855851185,-0.2768571139873879,-1.2367314239501987,0.7221936479731073,-0.6797662626197394,0.8170827998626086,0.04465393574133025,-1.905033116071948,-1.3823866236751945,-1.3283595771269057,0.43999055517623176,1.1102490725372844,-0.3779805009649848,-0.22933571200381359,-0.5727005586896774,-0.20453329963179084,0.09000772653474742,-0.36907479739265336,-0.21953537390372643,-2.0617010877227786,-0.19647237537748496,-0.35529631876483936,-1.3021776766211373,-0.7924456706929568,-3.354923902910847,-1.649611183847311,-0.10962470857588975,-1.0971286522403558,1.0130021257328812,-1.784043840703602,0.9162861999539712,-0.44154193878611453,-0.6603836622378274,-1.598844769064393,0.913388887403891,-1.203207791229853,-0.46562217790497523,-1.1159161766139698,-3.885065957073604,-0.4304705717185217,-1.9546288772150244,-0.6292961924829297,-0.7224970819401502,-1.8290515839732788,-1.3004107269503618,-1.8857147558386815,-0.11340444687860207,-1.6347194763656674,-1.236649223416769,-0.5198439178412847,0.005210820426138518,-0.9531320617356379,-0.607465308801617,1.065157939131384,-0.5179606371987691,-1.8995283224235981,4
-0.04989293339756035,-1.0502016902383522,1.1782735617590836,-0.07257594715825408,-1.0751698758686117,0.20909810258767836,-0.8072864279470875,0.4347964659598819,-0.5666670935530557,1.0431632783227882,-0.6715022157264428,-1.3815622413295845,-1.4279622739282747,-1.2419172367674178,0.5133544323871543,0.8775621730148903,-0.1437766294309045,-0.6778786969273568,-0.6010208488261652,-0.06768209287282488,-0.012292829571834474,-0.09292028731475241,0.126267702679465,-2.383990792212023,-0.29990875356193947,-0.27545077495074755,-1.152812792880935,-0.5304950045971217,-3.329060446704151,-1.6344964474312567,-0.0642096618690369,-1.015000887032696,1.1010818496933605,-1.8794265701411048,0.8639502807744149,-0.5485771760924623,-0.7261380416755604,-1.6730815272798698,0.776971944202763,-1.282945409068627,-0.355188622352862,-1.2755824261053543,-4.038715707253925,-0.36698651053650433,-2.1932734795404336,-0.6380281053097853,-0.7568565358761812,-1.944100378077438,-1.339670506822454,-1.8822977775524172,-0.10087159043334926,-1.5029574383540627,-1.1673508697724102,-0.5976391221732672,-0.046329972564724264,-0.8414723055220072,-0.6233060007095452,0.7193607788088843,-0.6274508768150485,-2.0035768907240916,0
0.07016028776933066,-0.5200834105162613,0.22224411196253369,0.09651656634092344,-0.7446806062955938,-0.05557171544451514,-1.256660170529344,0.7902071983701164,-0.281117282034154,0.49010969753775513,-0.425581016801572,-1.5307029219174595,-1.3765128122873753,-1.7286191309734018,0.10577550151878565,0.7202153754245098,-0.4608975284243141,-0.7349376385554836,-0.5402191484628124,-0.16640354296118734,-0.11427862597695627,-0.11756184364650527,-0.016524304342752195,-2.11365133376075,-0.39374110027265075,-0.008017378086485782,-1.1263121506530147,-0.80358758072952,-3.0670652644220624,-1.6058267589325785,0.07620727232011097,-1.1186754510699888,0.8522264423422443,-1.9763026273727962,0.9460421552124667,-0.4378119123998928,-0.646723355294388,-1.527847110777922,0.8328272820583535,-1.3806492353910536,-0.29283130836864774,-1.037618314359234,-3.834473358993919,-0.2813969885418824,-2.1974153779082575,-0.60839353020594,-0.6466134033420057,-1.8573723592198204,-1.2860685013482391,-1.8901841006735476,-0.10723087756182956,-1.4911264920089624,-1.3333816904311435,-0.5730068506373306,-0.07700103632156961,-0.890037998132416,-0.5431284379685393,0.7975000271485178,-0.6484921105864688,-1.8772952327640196,4
-0.327099828269738,-2.0087753493051643,0.23652963724105358,-0.3585357785905732,-1.0703739309454945,0.3567511763559248,-1.4974467705555132,0.7325556361717411,-0.3996194510657884,0.6419772841877337,-0.09492823886052948,-1.4538893471451169,-1.6278697742637271,-1.4073833029239442,0.42262510863670777,0.5429878069711437,-0.28720619813628,-0.9116162019493727,-0.2854515423487561,-0.1827102681446525,0.06064289816221055,-0.1096761912187258,-0.2577163170859835,-2.0389876003539045,-0.41872489860161305,-0.31713975033739494,-1.0926801752192146,-0.609859127187798,-3.380036490190074,-1.5881889953183377,0.1408413140370213,-0.7911967062457145,1.0342815762056234,-1.8264764704102885,0.908447775458248,-0.6017890850356514,-0.6754270643456768,-1.5886681899961332,0.9987587015114974,-1.2111996349799952,-0.3281421206051013,-1.352304115065362,-3.951301945194375,-0.42378636398690217,-2.137200092508144,-0.5496630251585266,-0.7913134897756112,-1.9545399926065923,-1.4440359553916704,-1.8036105495151618,-0.1600402139703692,-1.5306119982470017,-1.2486861089751673,-0.4923523049307501,-0.05247923263301411,-1.0001282905486935,-0.6326463670975556,0.9690925975217773,-0.7688631784111362,-1.7891310527928368,4
-1.2586316622878,-0.6953332509452257,0.13597306404435655,-0.5461524257411517,-1.0888844398848345,-0.17749620003112115,-1.0112627859869214,1.43062393306866,-0.4356779354107378,0.9968875655271394,-0.3518142853252809,-2.1052953780117467,-1.6916518837332142,-1.2670674811438323,0.3222571564091412,0.7273749507682947,-0.4101171305700033,-0.39277908979603654,-0.39219735477466605,-0.001696244405149011,-0.09072107716280649,-0.4409003702004377,-0.22724406526148613,-1.8958361329726254,-0.3458409425814235,0.08319916680615491,-1.2124672408960593,-0.5529309848269582,-3.4960727706671713,-1.5447219650179105,-0.10487460620294178,-0.8823568608158557,1.1692700914323944,-1.9493283161785628,0.937397783111799,-0.7376201217121533,-0.8137117282383177,-1.7445613021195487,0.761092936816854,-1.2115372449947772,-0.1981906485337343,-1.206860415650385,-3.910554630656043,-0.41279170896887524,-2.0494745848329585,-0.6485565333809014,-0.6291483907926757,-1.8680930264150801,-1.2520421166468076,-1.908389210855258,-0.24034365465647212,-1.5847677470517227,-1.161040791033256,-0.6925376924867854,-0.14214966794583284,-0.937530648538752,-0.7465591336400698,1.0269888193473624,-0.5888488585576785,-1.9376303639537031,4
0.8910593645228875,-0.8484142871363959,-0.0808879940110207,-0.09353929781171394,-0.6135488881484099,-0.06298726449993904,-1.0267762349118241,0.3988037631926369,-0.5652846823124532,1.2440286127066638,-0.07869381120346763,-1.6434915546835136,-1.4209510462580568,-1.3537855253556235,0.06628196323340288,0.7576255010643476,-0.3459888482163124,-0.4230209545516028,-0.24514270443370229,-0.16882904954741285,-0.5045829953739107,-0.4273640804498656,-0.1730513109382205,-1.9929636816282277,-0.4284518873121594,-0.17925829242107358,-1.1946959401170727,-0.6588746322403405,-3.2555736027662556,-1.534901518866032,0.00011344413792880453,-1.0181658809878298,0.9881419710644033,-1.8025438581429822,1.0243928714501638,-0.3238499530141039,-0.683966536509554,-1.8165318887129525,0.9187839393759633,-1.2890289176910696,-0.16941544225249155,-1.2020368591095298,-3.985626647416591,-0.301910542494049,-2.0947396896728625,-0.5481028877137585,-0.6651893101263892,-2.027119808060255,-1.4351003493944048,-1.8960088768884384,-0.13763555964966104,-1.499673736375276,-1.1771955512597239,-0.6519551764806153,-0.06743986537445011,-1.1349585976565344,-0.7491750569178296,1.0152157203748386,-0.5635076277355539,-1.8396554292983578,4
0.5504079592933719,-2.36543955648336,0.48169782360985236,0.36307521238045015,-0.7748276073319714,-0.3694177354652577,-1.2119139283289257,0.650135424540827,-0.20322172994201027,0.968672726472356,-0.2529815177215029,-1.202570076137337,-1.2791139581550235,-1.7409400212563666,0.05407275337321732,1.0045746623226168,-0.24978483603332371,-0.5420910466886505,-0.2676542605148413,-0.08754399677167887,0.0078288517639577,-0.32517023365922826,-0.15864460219934012,-2.2346659483700684,-0.2356837642609002,-0.09305412605475571,-1.066842233788361,-0.5690932430701242,-3.3960864116745073,-1.6434740738339473,-0.12227927899052887,-0.9000314672104242,0.685214283684699,-1.7532365976327278,0.6820108853733842,-0.7184608463141193,-0.5986470185543667,-1.3936078832637981,0.9762973815740081,-1.1793648186594166,-0.2978345857316573,-1.2717897920005319,-3.950139862043208,-0.7002375050471321,-2.2224034653508093,-0.604167095135738,-0.6827852639952646,-1.8787208820176222,-1.37450576592188,-1.9195220802061372,-0.3081150768519932,-1.5292040070146455,-1.218647873993791,-0.49436165704664065,-0.04423461511851992,-0.9002146652324242,-0.7229879462023804,0.9935298295722659,-0.8117916916779415,-1.798403935915928,4
-1.035882864300246,-0.8624191128855805,-0.6500611709247062,0.27507525375612285,-0.3666300447797995,-0.10590602571584165,-1.3079062774338999,0.3802885989763146,-0.6523357264118891,0.8188967271617559,-0.3413147582764181,-1.4652858485981752,-1.2728782592245125,-1.4183463796360556,0.23439629332660733,1.1816923356268956,0.11307614389763987,-0.27753033973226543,-0.5285508870044393,0.08299233163880906,0.16865133179075853,-0.38128378346881864,0.23149467710771615,-2.050846808066462,-0.40571454124990836,-0.3720865735844467,-1.376096209673559,-0.6811303200392502,-2.9302129699771635,-1.6322785688462145,0.03372316345452339,-1.192475803871857,0.9285062084749319,-1.7244348472781397,0.7165363369650553,-0.6383302437251661,-0.5680464958107174,-1.6147127221564495,0.9964178829799133,-1.2933664457059557,-0.2630193895938137,-1.3147502238898099,-3.8540627794514486,-0.4239907877583662,-2.26393357416663,-0.6042753291826451,-0.6010436838385035,-1.932025284904475,-1.2446003826406515,-1.9851256410567455,-0.0038728925791727126,-1.6501311664068496,-1.2612201754689436,-0.5588517009132336,-0.11642118126898697,-0.9194061527531309,-0.6810031167405501,0.9022397249638828,-0.7902675419511952,-1.8671477691865446,4
-0.9264399667434012,-2.0383871184262814,-0.5831833521884738,1.32258963636684,-0.9997941846816116,0.11366188643472186,-1.4091313230917883,1.3574563283933143,-0.36177132414084434,0.87988706890785,-0.2789933321702563,-1.5909544770667814,-1.5771944886090037,-1.5811686837357648,0.7116608536714321,0.5768716392873,0.03601904362456887,-0.5829607000290854,-0.5151191768825513,-0.20753910057141678,-0.28808282375849226,-0.624128843199099,-0.34591003126991926,-2.0031550256762647,-0.4376011272322077,-0.05421450577397098,-1.100808826327276,-0.5054176917411034,-3.266249700576814,-1.6846872635060894,0.013376744053152909,-1.098942485838123,1.0813263839610014,-1.6336532912032822,1.0313518919034563,-0.6927534126198831,-0.8461573636208787,-1.40723926624699,0.7728079277115566,-1.2492886568387336,-0.3289826691985456,-1.0455941450309116,-4.018285196068597,-0.44024620424412814,-2.0336475004291,-0.7384716252613304,-0.8317247433339292,-1.9680272193845934,-1.3770101315949144,-1.947074996709476,-0.21921102868533143,-1.7801731359657769,-1.2033085590644064,-0.7647882877990713,-0.09873177700460133,-0.8961659387740109,-0.7329321708634217,0.863533086538838,-0.6907818608171417,-1.8563260682316058,4
-0.9136225744100045,-1.2408995832102063,0.735660713119985,0.3868340311714746,-0.5752937821922721,-0.22438885427149713,-1.3350454547833652,0.5448179913834645,-0.5304848118853066,1.0551507147957264,-0.64343571046289,-1.4084463392358246,-1.3169697134721798,-1.3729875809551428,0.3252910628156165,0.5566254670070766,-0.48771189692702155,-1.063275961399213,-0.4321933283104917,-0.3046788325974569,-0.12942825080766632,-0.28117746175097447,0.11790390974812581,-1.856919279306724,-0.46989853234477713,0.23224063688857066,-1.4281681183431103,-0.8384886621349036,-3.1689570888326335,-1.5308186049259096,-0.19274224705726653,-1.2491234910245095,0.9932531404525703,-1.794409827016708,0.7599111572601137,-0.5879173186226275,-0.7415114309452142,-1.4720291659213052,0.8908683079689531,-1.2716229300270718,-0.18886722657238875,-1.2085110770416558,-4.184423932230903,-0.2394052085468243,-1.9712952087174245,-0.5845980610626479,-0.5592973795500997,-1.8527215392506144,-1.4494958121560608,-2.041980242123778,-0.1641358186777324,-1.6490429018252695,-1.2420697644303391,-0.5803714691945633,-0.08687633491642428,-0.9303014119555155,-0.4975884294505584,0.9356562458989501,-0.6376758850594718,-1.8855177018681426,4
0.4078735317968794,-1.6661783397170622,-0.05134234620267844,0.45532304491366665,-0.241954578761296,-0.08786998769567647,-1.1577821391467764,1.0074420462819105,-0.06111028825633419,1.0511546951706539,-0.6811163308864706,-1.3961498351518573,-1.343301603594119,-1.2560941671853356,0.4752359687904676,0.6968577026984615,-0.15476907860302025,-0.6371979025127091,-0.44021483754592616,0.006418150471711459,0.2757461978246353,-0.20278997462718962,-0.04459722570494726,-2.2775157071460845,-0.6203343010828533,-0.1145279577560879,-1.0361345829874493,-0.7006801031192826,-3.367370624158193,-1.5606900608551693,0.2697983824188619,-1.0451576251256185,0.9701595837435673,-1.8072923336945022,0.9415258900171231,-0.7825364167412232,-0.7374555997895138,-1.5531599470803878,1.029072981193897,-1.0688792070531545,-0.2647478159887168,-1.4336920776346993,-4.072341348326699,-0.577961190902776,-2.048473909676586,-0.7891012927939014,-0.8343542723596957,-1.9228498858221017,-1.4778280218803443,-1.8928021938922983,-0.18865985431590987,-1.6250760790548355,-1.2200743111423356,-0.5508447813413814,-0.21377978160441158,-0.8828721071702107,-0.614285225041776,1.0161194484122178,-0.5773976245539484,-1.6301972553439865,4
-1.2411371138134988,-1.9747557160493132,0.0659788520826579,-0.23697253276357433,-0.37364700772753295,-0.17264474686541284,-1.6503759815465757,0.5476684677900829,-0.5039323459452886,0.6115589078215136,-0.20452915706883548,-1.7416478945521667,-1.5158966663816547,-1.1995964703754765,0.3901905114350939,0.6927937444430549,-0.24573556276493363,-0.5536321447919184,-0.32428298915248854,-0.2240789256317973,-0.14772234441828722,-0.2234587526201382,-0.083021972642117,-2.0797300888706145,-0.5658990162659702,0.053819419516975664,-1.1617143885079226,-0.6508848713287436,-2.983924950895063,-1.5513274978000093,0.08478806500009275,-0.9940618156330053,1.1519736201777524,-1.7914323449390197,1.182351942822557,-0.7791994684319691,-0.9188710705264033,-1.896088326656404,0.995500182567063,-1.2775877082512794,-0.23793135339411745,-1.5535463967393233,-4.084563087060404,-0.43352292180599006,-2.1662194478632326,-0.471684629620041,-0.6506430796807965,-2.039257682749882,-1.4494846766634613,-1.8624003581068735,-0.10798359559437967,-1.486149604780579,-1.36427753528339,-0.5622687063823759,-0.10305488847930173,-0.7748738934909949,-0.5554528517237651,0.9672060600400942,-0.7418446797288976,-1.8952349917627913,4
-0.10789628064876784,-1.9392425070525454,0.32017332564641243,-1.1311242548182299,-1.0685011454414566,-0.27744800502358935,-1.2438114181639814,0.4877558010686786,-0.5996107702339591,0.8923535888119111,-0.5798979164466137,-1.7804132457646469,-1.190411897379971,-1.7552014867805878,0.39798987968545674,0.8563565065689882,-0.5982568079400383,-0.5570541094530127,-0.40054446258508736,-0.03170553568224117,-0.15681707882973547,-0.3408296762926631,-0.27921273863271234,-2.1621454762508803,-0.5400634203416377,-0.017050226519816858,-0.9554745913850339,-0.5961354474181672,-3.183752182505692,-1.4559203773290141,0.13429361996271202,-1.0083076846344936,0.9708035712392874,-1.7458005902501168,0.715137423299002,-0.7032850273388167,-0.6604176299911217,-1.7887718107353507,0.8149285962526908,-1.4866694073911844,-0.23155923942582152,-1.4208414532010738,-3.9595229883429472,-0.602459433633045,-2.1330115252815025,-0.5874818003743183,-0.647548810741734,-1.8621666867236253,-1.283256074758645,-2.0067746283117507,0.03402564016309903,-1.5873935698758972,-1.17532138169882,-0.6050530373237613,-0.2384782736513038,-1.0575373588028723,-0.5354178922676222,1.0195909969208943,-0.7325217588844026,-1.908335114007741,4
-0.2819466042380679,-0.09567091895824942,0.7803305483290216,0.32307184555892243,-0.5745269182046306,-0.10281441570295699,-1.7937453767362401,0.6373460318611791,-0.9842485754511234,0.9232984297813401,-0.3873291012496366,-1.5078702301501816,-1.2944904750737398,-1.7527978385795524,0.13977133565457006,0.949883316720062,-0.27948273159421494,-0.38436906095157886,-0.825614528504674,-0.012921773136853054,0.01851084472208958,-0.3995521965992285,-0.23757992211272894,-2.0688156828713775,-0.5295868527553496,-0.3243930107562756,-1.3180753574066102,-0.6251297458199554,-3.299998626532408,-1.676624255397017,0.05169387498330214,-0.6375627801257006,0.9155893492079852,-1.6460164092655523,0.8433871317091615,-0.698194373775202,-0.6645974952957538,-1.4964717602001407,1.01295815331949,-1.1770353366176085,-0.30304538659214414,-1.2402022357465758,-4.015105013369923,-0.41918407039515504,-2.2445919798358096,-0.5790363042660273,-0.6034535340721292,-1.7568444305721047,-1.5113400185003831,-1.9668407725676227,-0.10147111769960818,-1.6829548020612932,-1.3377603986699167,-0.5104561833681742,-0.20399845796664182,-0.7769158971112263,-0.5238614625463639,1.0220740463249738,-0.5418239082863151,-1.9925725632523752,0
1.3692569097147431,-1.4265438267089507,0.41062068506615224,-0.00549041684546861,-0.9577357399159647,-0.4665088812124165,-1.9222000081769144,1.3258700024345704,-0.7898972515237057,0.8068958152394943,-0.01070083033380892,-1.3020196235585533,-1.385759031648755,-1.1751057972541552,0.751297114552307,1.2887550172563331,-0.19338015163904665,-0.6437680715405442,-0.06866319617596561,-0.26789903935854836,-0.1183584746715112,-0.15074099517651499,-0.2802263836815916,-2.1084955764254416,-0.3775025360591777,0.04696716885422722,-1.3136942452187421,-0.6852957131856187,-3.224540112112402,-1.4811675958441168,-0.0702559680759028,-0.9059079977904867,1.0067177417827213,-1.741976052399579,0.9442238904290468,-0.43314468523156435,-0.6533953184475132,-1.6819059507766545,0.9938904065365228,-1.5902645275419776,-0.2802496854229605,-1.3744972007104912,-4.135842303250524,-0.34624513994667994,-2.077114070872544,-0.7562783945866082,-0.7624164446024885,-2.0536162664620288,-1.2669287154113633,-1.9452329186386705,-0.12011818332677152,-1.623081606767893,-1.3987115123605667,-0.6206003219395455,-0.02588076114289234,-0.8383663166873467,-0.6310434599843447,1.022875643825881,-0.5473944658138853,-1.7461211963426453,4
-1.3957119007432257,-2.14715159252578,0.27102886990443076,0.0995630924983893,-1.022192319100247,-0.7858111683392666,-1.4321229102321358,0.9927825267031343,-0.23855936620086038,0.6956468045250495,-0.6024435917112372,-1.5776018201561335,-1.4180768453169181,-1.4311558478341584,0.29504409265371256,0.5445233320107012,-0.22915947990311542,-0.8673774227682097,-0.42963536389957047,-0.04127658489339962,-0.10451338587908358,-0.1847432385725678,0.03989748371129917,-2.0247318334157174,-0.4853303730338251,-0.35915172236061854,-0.991422201182701,-0.5623168733154793,-3.1212553993314605,-1.697708415217944,0.12404620474422091,-0.9392249933548693,1.2046672434792927,-1.8903685419524752,0.7213826193227004,-0.7430600992184062,-0.8499810475641804,-1.5309968298852243,1.0050789543871759,-1.3043267895804438,-0.3351706058729768,-1.2783952222522035,-3.7654247975065758,-0.35768609355002345,-2.288581740768676,-0.6897750955069881,-0.6430287897046745,-2.0468825591686297,-1.3856736648991654,-1.8220124608566648,0.03676361940413789,-1.3707263248455925,-1.1219005969148628,-0.4741016514873644,-0.07192947466804785,-0.9711215596984829,-0.5398123712934442,0.9961861681983314,-0.5837608265855646,-1.7639805759688658,4
0.9811861236020393,-1.0158381822575075,-0.10792416614320283,-0.3690474648759787,-0.5288572509514515,-0.2003979461263199,-1.296296183260541,0.9455109039837867,-0.5706868633383667,1.233169979669226,-0.4439261249420816,-1.6702318430466694,-1.4932088190664397,-1.3110303238194096,0.016581856248310378,0.725126960370898,-0.15797546339707025,-0.6925432337807065,-0.3225831897677771,-0.12504820531145056,-0.23134066173500625,-0.20001535040807644,-0.07670809173570167,-1.883880505344288,-0.2672910410991341,-0.16354076509101656,-1.1283053136572612,-0.6576949674974703,-3.3132162949474497,-1.389719446046299,0.22675581215265808,-1.1568777053112012,1.26454715076639,-1.9846876217310736,0.9509235867444448,-0.7336484836562847,-0.8375891110898637,-1.6020366473368606,0.9190216100750346,-1.2825873594442943,-0.2946282562500262,-1.234227723969954,-4.201654395327253,-0.5187522670056283,-2.175320755440713,-0.7858921984801571,-0.7174080937044275,-2.111655474947138,-1.5336862181121471,-2.0235460581706666,-0.10247737622246306,-1.725367140473525,-1.3790903598041595,-0.6318921726156103,-0.06955273914661987,-1.0992717472590403,-0.6499994543169112,0.9140926001314916,-0.6284551852037197,-1.87914342581006,4
0.10496973082897167,-2.0560043525904494,0.5295891749134607,0.6215031746386778,-0.7960292749032635,-0.027567193435595466,-1.20165240310466,1.245635094032705,-0.16415308787902289,0.5237331021508635,-0.38463455660760004,-2.0116722275925123,-1.266566897493455,-1.2879057794624562,0.4096281957256084,0.6384468522622033,-0.18903086467337363,-0.5993024023407144,-0.7736821571775506,-0.21105590953592673,-0.32458174546601964,-0.3944451920960816,0.12067431482103469,-2.13695162076709,-0.4161802808019082,-0.24789624397334672,-1.3190566828721697,-0.5898121270194014,-2.966557355024633,-1.4456150155165366,0.13398436999918756,-0.901070456855778,1.038190603665556,-1.9253273402013749,0.9473427748514359,-0.743497688200391,-0.8577193056368287,-1.308673754467528,1.0529439631102604,-1.3842250117374313,-0.2441444561918997,-1.2270083236742904,-4.057913858591636,-0.43859312560804187,-1.990917944824024,-0.658512910232722,-0.7139725657958796,-1.9862852151290966,-1.3050307487084298,-1.7917335590871553,-0.0693710784834691,-1.735664642520089,-1.2135660714451466,-0.6629963768448569,-0.1934749347873189,-1.0867306952574216,-0.5721495614003538,1.0705559492278853,-0.5322464215709052,-1.8547339528862405,4
0.3554769248154167,-1.160521998353759,-0.6360508374314142,-0.14638470627381167,-0.6756299349471797,0.0489527390801352,-1.554441050627012,0.7810466396653599,-0.3335296657696787,0.7922564203687847,-0.5647526847258824,-1.684003959186901,-1.5727446377385998,-1.4101445187319308,0.2131328123226533,0.8180463814970269,-0.21600152066205,-0.6223964071891998,-0.3226659466194209,-0.26080073457346464,-0.3395795972649761,0.07871361618918393,0.16238149088040468,-2.2999184156409798,-0.48848440071658017,-0.07489237497276788,-1.1588223010976713,-0.882792315756715,-3.230764709542111,-1.6428914899409686,0.214874919284907,-1.0819378663641213,0.8918586389584351,-1.753346969909973,0.769234807069388,-0.5622862021687286,-0.8701188210116896,-1.5216047541336422,0.9815170590714768,-1.5060829363099808,-0.3178241396147091,-1.042306143709863,-3.8671261151957816,-0.40891611179240767,-2.020177295200755,-0.5617034881218511,-0.7575444448040558,-1.9963850108575516,-1.4392757484367054,-1.8362709238316521,0.02025482383740826,-1.51714491811832,-1.2252094956328048,-0.6285216505628567,-0.16092621689115397,-0.9667443828175313,-0.559748145632385,0.8544793005530809,-0.7395627268587335,-1.8576602574815992,4
-1.742296394410067,-0.7006874651917838,-0.4976090304341144,0.6946102712508514,-0.5874848300288196,-0.24553939748844889,-1.1289137302007433,0.7364001756969534,-0.2630213740984845,0.8754251926912228,-0.8425768806595089,-1.268675600140896,-1.2610053388540878,-1.727550710209282,0.1795799463108792,0.6550980307891461,0.08518355713274028,-0.6424119755716468,-0.39135191251833734,-0.1343351825953439,-0.16581724689680147,-0.12862031441123153,-0.11996494343308639,-2.0786299934507624,-0.14456595243306353,-0.07287531203713761,-1.2453504438925913,-0.6205295413770342,-3.3134067269191454,-1.7518840993847389,0.24237776894582316,-1.0128024752794753,1.0809762760842525,-1.9171276305400267,0.8774375496164646,-0.39256959989590146,-0.9005494107239042,-1.6856661907654849,0.8081674611712548,-1.3933461039229542,-0.2893832835281062,-1.2303579736589143,-3.815049267441593,-0.5087510947065927,-2.256149832838609,-0.6678719144097939,-0.5505238171568722,-1.927959342083318,-1.3298296129518286,-2.147352495803152,-0.0228596860348865,-1.651903691985893,-1.3278895214064068,-0.6027522803393358,-0.012315090122145142,-1.0949963685628563,-0.5816868118039664,0.8704429518538541,-0.630507410090866,-1.9376268119378213,4
-0.1330749007453676,-1.8862342909368923,0.6050417211693847,-0.0015697365977599964,-0.3255358300239319,-0.07099226269076318,-1.4368203949859721,0.25730093092129525,-0.4807863123582431,0.8628841893451272,-0.5046018615760578,-1.7686016501579727,-1.212879035705301,-1.677875915741146,0.5663037076032976,0.7949473990662645,-0.39593078161750267,-0.7239145158599368,-0.20656986638206978,0.010165101028249163,-0.15220930264234891,-0.25491312932247495,0.21213700649098177,-2.147519261564388,-0.5056850664195639,-0.2717760012270199,-1.2425908143245654,-0.7186847079542094,-3.227683841422157,-1.5358594350899364,0.025232090584013038,-0.7936472294647308,1.0391748680471704,-1.7173783592507392,0.9822003266297124,-0.5447691793516791,-0.8513090590511135,-1.6063948122456613,0.655457521512453,-1.286781200721891,-0.15718369354885062,-1.2980538095672252,-3.965471456886624,-0.4112092996703864,-2.3235820685586432,-0.5572973589982422,-0.6861974125695487,-2.145986609300063,-1.4080824339637112,-1.979266490772576,0.015275664012807472,-1.5990037494766791,-1.2364671582002091,-0.6969876454774363,-0.17361737306041003,-0.9491138178684171,-0.8008406423283199,0.9053197676276891,-0.6899007461748207,-1.8055814749694619,4
1.1201939111017385,-1.7104821726841029,0.7519814995004835,0.856376150243551,0.011922737924172533,-0.44463532905995434,-1.3793574485915931,0.7610205535920146,-0.6795736694616574,0.7438307779469563,0.05007604145807426,-1.3642766304023428,-1.534018793394647,-1.2938732399285928,0.4214200991532111,0.6499228333208145,-0.6686316122349729,-0.3478426133619842,-0.1778109211379225,0.004179025557261018,-0.27223010706885853,-0.46694865077466585,-0.10266571458807677,-2.086604855106075,-0.569908799639562,-0.21732534683120142,-1.0832475119250828,-0.7615018114753249,-3.075194555080357,-1.5558930625092486,0.1936361510145872,-1.1020914617153197,0.9944931941366156,-1.7889118991193234,0.980035941525418,-0.6226969394477665,-0.5797023115470741,-1.5602128435011946,0.8279601993164731,-1.5576414996386467,-0.29396942291230754,-1.302829402726293,-4.011658900227646,-0.45915065286693724,-2.0896859237049283,-0.44529228609786087,-0.7191110070232115,-1.7566376550814045,-1.4062195532136401,-2.0233584650053644,-0.19426077484462437,-1.615542856769478,-1.3467169679638964,-0.5700462378162731,-0.24308584889486667,-0.9262161626281556,-0.625463293578335,0.8866841627308756,-0.6863359824122891,-1.860868221365756,4
-1.6391252224333424,-1.126179352846393,0.5855845476180748,0.30306496222737705,-0.4213183540167289,0.05759262192521483,-1.25040621252286,0.8628691242661994,-0.3529744353422487,0.8660362850946367,-0.26649364826292954,-1.4465405549756938,-1.8551034433207632,-1.263786797773024,0.1135337605700418,0.8697376414675622,-0.5264158865328299,-0.8781442427041051,-0.5509031301175283,-0.06442911755288866,-0.12774828888887305,-0.23849615253488587,-0.05138437565131801,-1.9346190409536383,-0.5086795004600819,-0.27466059057391645,-1.2398844804285811,-0.48232880877250517,-3.1933874111604736,-1.655763501436545,0.05626935161722451,-1.0631881364748201,1.1570748553759802,-1.779783380444869,0.8314677446540053,-0.43831054708689593,-0.8972720155481335,-1.700127439376114,0.9612272735087999,-1.2603013861273873,-0.29212827986846274,-1.4410189750536158,-4.057779862117375,-0.5927625766897077,-2.235970153430368,-0.5950892550410631,-0.624027633556624,-1.945440653939883,-1.1630249067660186,-2.0439248644733086,-0.09156756585852932,-1.3738197909298278,-1.3791306141953337,-0.7062956469028173,-0.04202156834939824,-1.151778771762372,-0.5637037138152755,0.9948213636039248,-0.6606045170675267,-1.8954991505404608,4
0.3059749854688046,-1.6374022012106961,-0.7974102766082001,0.22287241326419083,0.09465732943615168,-0.3249605657251069,-1.0095094431304619,1.1317700065136458,-0.4047091053904224,1.5096956822222927,-0.10612714185723762,-1.3553498645605453,-1.5969182001679973,-1.5796330450493015,0.3135965947053566,0.6801039449842865,-0.7821882712373367,-0.26929060809470484,-0.2844681620214875,-0.1924282999292764,-0.22787961913483906,-0.34904125529069097,0.18634165610358858,-1.9378407996155467,-0.3858349963668508,-0.13995476716551347,-1.0837523518117245,-0.5450258288287373,-3.1107032746829253,-1.5674225615241857,-0.004254806029616306,-1.1702535298449883,0.9681247879582819,-1.7230497705071255,1.0263621657871302,-0.4927418329818841,-0.6955181972915905,-1.6078798767548519,0.8446150514721843,-1.4014252111141503,-0.6853606978198974,-1.2320499882477982,-3.997289467282652,-0.6015344448919139,-2.0857524711063555,-0.5745601881093311,-0.8581317197227458,-1.9814658971397616,-1.4840754873692874,-1.8397360131125335,-0.10976103958783776,-1.4992016273453892,-1.1939400528982995,-0.5768646259720884,-0.18266570137824095,-0.9479499624359793,-0.7129440691863488,0.9206287107035274,-0.5818477542150218,-1.8908019281019322,4
0.27925000114598425,-1.2132156226950328,0.5654572217571028,-0.2662895799019083,-1.348309910657576,-0.21337005940511705,-0.9948601132696964,0.5810358619518372,-0.8784160387825615,1.2017401994342922,-0.3620067583192789,-1.6230211229079432,-1.4775530088520556,-1.4776080727331493,0.5190519809170903,0.4773803868804772,-0.5721817721771838,-0.5259805438806953,-0.34781010773126386,-0.029301157793127267,-0.31097459659827653,-0.3399210967797185,0.05751892616253358,-2.244534590745912,-0.22602477085306596,-0.35776887757860687,-1.4195555203593222,-0.4325556100496111,-3.2304617593529783,-1.565082463270983,0.3436250083491636,-1.2805263594089724,0.6482144682164539,-1.6242654656062532,0.8767312793136353,-0.6223242442183438,-0.7635624706412374,-1.559106820214759,0.9376269303190093,-1.330897741658865,-0.22257787167755544,-1.2252860114959923,-3.9076609672861857,-0.5513622283897777,-2.1022545094150225,-0.5881899520919203,-0.6733803780932374,-1.9259537527481805,-1.3392280610130511,-1.888197525737495,-0.0062263786769445745,-1.5972484993257583,-1.2394739008059357,-0.4256050714663434,-0.10285300587531508,-0.9247577795485591,-0.5907618051118269,0.9653227862990078,-0.6621171473400577,-1.928614928649527,0
0.3534081667615353,-0.8456322867973224,0.051653674024672726,-0.26267091628134737,-0.40560231693575904,0.070404162774072,-0.9582327062304978,0.7890456107953993,-0.3774050101501783,0.8372442739996495,0.11005799683847522,-1.6360774568066894,-1.3995069101693551,-1.4547027258581031,0.23712960362595142,0.8156472023000728,-0.5309214459979936,-0.4375023062315287,-0.5709869626183931,-0.039516567854775864,-0.19315805022736607,-0.28324503833483067,-0.0005124054655768207,-2.2481220786565945,-0.47285633449279496,-0.1965973956077503,-1.1224705114909108,-0.8047579346274616,-3.075204107264295,-1.5575332598445921,0.0013000476188762475,-1.0953870228969675,0.9353250987538606,-1.8679827891912864,0.8597829709452879,-0.793279112436521,-0.9212392273918295,-1.5164109589758086,1.0440092327293793,-1.3341153436225843,-0.2198005616418056,-1.242195833364492,-4.01920425366636,-0.4197475171474936,-2.0780686995881053,-0.6771020118704577,-0.6596790587038666,-1.9348118087402397,-1.3891890572754055,-1.8555252280847434,-0.30020919870436547,-1.7235282047569402,-1.2108607863627054,-0.599151125089127,-0.11901963440263885,-1.1180144752931676,-0.6604424365468421,1.0163224095487993,-0.5400212301751394,-1.933466166188829,4
-0.12568689431814342,-0.8479651401118324,0.8384147254633089,-0.0015589431488235994,-0.6222949188116657,-0.40691400769891883,-0.6042117838874462,0.812404327810069,-0.981154544244727,0.9833763120579303,-0.22901575465923185,-1.6349667457076953,-1.7231045326345553,-1.3535790074171308,0.28958730227029467,0.9712625325766531,-0.254143968025741,-0.8152722863638605,-0.2573596806374696,-0.14889065435357976,-0.40529179403920557,-0.41347910331677296,-0.05960735592244843,-2.144315180349461,-0.5548125753171109,-0.18968871546624816,-1.1998960701826524,-0.5988111675479791,-3.2568857269648483,-1.6611238006382605,0.18854581626032704,-0.8400525619947193,0.9367456077030156,-1.7917597381664356,0.7860851894365654,-0.8108267989592246,-0.7055079819708108,-1.6824021374007012,0.9136070998787345,-1.3119359668842703,-0.07956352136138328,-1.2617626239288195,-3.9420955275960563,-0.5008992845354113,-2.154520780181711,-0.6554882406684749,-0.6832747743367266,-1.9994777407506241,-1.2900764141927779,-1.8732063735276292,-0.16089255806397051,-1.5611766778812197,-1.3346223535224737,-0.6073616442229537,-0.15918811771143587,-0.9501145588690388,-0.5926706965202879,0.884831296441304,-0.5631454809539083,-1.859170305729711,0
0.2844134188126737,-1.7320475601240013,-0.5383147920966259,-0.8933243286304121,-1.1425827712518397,-0.17167777651433963,-1.5489011014675746,0.5354425700288762,-0.5186983843858498,1.1029866882110542,-0.37914518761666877,-1.9129864171068924,-1.860805863193845,-1.279278607441987,0.26758239534594586,0.7716774636287299,-0.501040752742903,-0.6276443419423188,-0.8500922297311395,-0.06103224064972099,-0.031477594784047755,-0.09494412571730887,0.05446528549367152,-1.8311911636319547,-0.3768211509413758,-0.19808102957864643,-1.250677309248099,-0.4542765837586267,-3.3305952083016237,-1.621389183423655,-0.06638952417619957,-0.8451388414911164,0.9643492130099147,-1.7379967830851497,0.9387633064268077,-0.531498837185939,-0.8299070373997742,-1.8038057898642994,0.760367304333195,-1.3211180305979497,-0.298164837179311,-1.252213319945296,-3.9639282356858767,-0.39329664719387286,-2.026252455930357,-0.6306951141365781,-0.7134934334197566,-1.918908006403803,-1.406060072561724,-1.974527481264491,-0.02590029599503907,-1.5508586779365467,-1.207314176734884,-0.7652633492952758,-0.17011940063844122,-1.0801450375453194,-0.4730882943794472,0.8713714992869173,-0.7317390293599649,-1.9219481553103857,4
1.1746877123424548,-1.1313920335337235,0.6461988280060984,0.09006654001346996,-0.7826597901331757,-0.39629738273312237,-1.124070183696593,0.9671256753735012,-0.7898808037863027,0.3627490299541616,-0.5514449553706475,-1.5050950039279818,-1.557437946221322,-1.9019582080193742,0.5135625948225405,0.8743963659986642,-0.2952394439964539,-0.7812734322415913,-0.5747258548384346,-0.08663640303033833,-0.4491712927406957,-0.24424789144698753,-0.14387709206151028,-2.2332995180741047,-0.4313012523415543,-0.2546698791117096,-1.1203494180311184,-0.6533129819130942,-3.2231206967371646,-1.6941700023219375,-0.10789036990911162,-1.2832381782032933,0.900836512166469,-1.979344864258757,1.1087832983119865,-0.7588689946193741,-0.7383747253927335,-1.6158001841161422,0.9702374365400057,-1.304625118212545,-0.2866402195458628,-1.4030890943229741,-4.022028440987423,-0.37470994451599243,-2.038436170923342,-0.7415293399276462,-0.680892381826354,-1.9703569795828668,-1.44031240384859,-1.7382466279505255,-0.19030400783896262,-1.620688209514051,-1.2081492307493427,-0.4986381364836189,-0.15506656677889036,-0.8851876917187516,-0.6519436844291099,0.9100740505140136,-0.5945277718851081,-1.9450117930594018,4
0.8423880212343312,-1.0153757495352722,-0.9395924007795117,0.14178998550117503,-0.28687567820593174,-0.2762188325943409,-1.221667321879129,0.10900852926988913,-0.9891519000239393,0.9003740179036412,-0.0033704172426378687,-1.4860983801648524,-1.2323242921710134,-1.3201246491296224,0.3967590957971571,0.9009726780823565,-0.07990792955767767,-0.5649326866642017,-0.3310729347636654,0.0286755086123385,0.03534515560545479,-0.4778631215972815,-0.2526695953981239,-2.3864445215760224,-0.3814825897872599,-0.24879790564865578,-1.272504656670393,-0.7492456235545254,-3.0349321056916243,-1.4906882639154257,-0.24749246779451695,-1.12307306770868,0.8935350355464097,-1.7040269683062432,0.9855727740421083,-0.6265297310799062,-0.5685555941969386,-1.6560445405158715,0.8248973253639279,-1.3226832561884012,-0.3536391745703981,-1.3030200411236053,-4.162734922924389,-0.4217343879142831,-2.2415524252982086,-0.7996709230321984,-0.6514452094458418,-1.9321860432732432,-1.4065992523583388,-2.095367385142062,-0.02566306412444043,-1.366575602302196,-1.2559289129670266,-0.6496789258579005,-0.20139031613952926,-0.838190259871239,-0.81113121489735,0.9993604579466766,-0.6725408953875617,-1.8865937653737894,4
0.22280651278430602,-0.6796863940793824,0.3020804355722515,0.5033273735992283,-0.868966307419293,0.20562521300362746,-0.8045704330373469,0.9798057975357334,-0.5593940261877424,0.9906599337265174,-0.028507949822451306,-1.3995301769370365,-1.7131217476833598,-1.614619505513987,0.07910716731735026,0.29913416929972186,-0.35263643920260745,-0.38206144021663196,-0.4407037634604598,-0.2819937525965684,0.08453632804311051,-0.6067831703328933,-0.12834039668748254,-2.076133319607992,-0.4334696079048441,-0.17132590291530525,-1.0411696745738719,-0.5236629445741618,-3.163388621222068,-1.8033991297969274,-0.16426333936275953,-0.9187173040605283,1.1308195632687403,-1.6648394804469786,1.0442503378735066,-0.5365913508199798,-0.946767751588818,-1.7483184401893284,0.8657836264076264,-1.3519576271488594,-0.21182485909914978,-1.3818048701492427,-3.979111700466173,-0.3148948852115664,-1.944097847324669,-0.6570852346095382,-0.7592696477224862,-1.834270874154059,-1.445762988786326,-2.2018619414333735,-0.11999376957410464,-1.5361534616501733,-1.3499561628175851,-0.7747746823582158,-0.04980573941233709,-1.111394503350255,-0.6760786808329792,1.0074052712397419,-0.6564128708485821,-1.9823582556395103,4
1.5350357701467852,-0.9441916176031714,-0.3469890417329829,0.024757153346085498,-0.37156014497541223,0.3707875386055275,-0.7113226865758793,0.7217822007392707,0.011447973862887983,1.1341391692117149,-0.34093153728314624,-1.0161929355425,-1.4402097608928717,-1.441320089840809,0.4108171598375076,0.8343086634828457,-0.4002807875217439,-0.8112094716236422,-0.2957770032035698,0.1209354552835355,-0.1990604866034951,-0.513460490223596,0.23493276302875082,-2.1190118596976393,-0.4332003108458155,-0.2202904658747749,-1.0599173627720722,-0.44160895981198234,-3.1063735341407512,-1.5724035502442655,-0.04835677903780365,-0.9903797145430413,1.0669785267750662,-1.8168856897475445,0.8807768297839558,-0.5672694164358685,-0.7775266068362474,-1.656272259165334,0.8129656557621541,-1.4116527526950227,-0.33482382797150184,-1.2200770714411382,-3.909351099237886,-0.4180807978795756,-2.148732697724136,-0.7195791747039234,-0.8194865172312917,-1.7868359564135634,-1.2817827101409085,-2.05172172305677,-0.08020125664139187,-1.4333410148623449,-1.1798830032730876,-0.773823720820456,0.005602648826306497,-1.0242865169391062,-0.4256026167603687,0.9889913152223574,-0.49362167086244263,-1.808136509149347,4
0.6136085854916763,-2.0992497033326925,-0.8604907436105371,-0.08439349693779752,-0.3244291376608913,-0.28275908436728964,-1.189327428088319,1.0203126491833188,-0.588206042143323,0.6520668371477497,-0.49614138639539285,-2.1537503454728766,-1.5089638309589206,-1.0356095741791966,0.2506582652384808,0.7906322454183058,-0.3753354365193097,-0.8396352950018335,-0.40253738737689043,-0.26917850482477557,-0.02691938246850109,-0.31020392572286354,-0.0720575114349849,-2.0494247102542653,-0.5842588949240461,-0.060292314562602034,-1.2091692972566461,-0.560033423546807,-3.3538681755144073,-1.774455421297827,0.07342677995153177,-1.1951602501136107,0.9912823549842957,-1.9116208858308512,0.8821696120818523,-0.6188536724403211,-0.7594184362145857,-1.4882351064400436,0.9446595869465744,-1.2269702787655343,-0.2632599254186545,-1.3839254336791638,-4.148245735270957,-0.3801534152435548,-2.0596027424224364,-0.6674956289583663,-0.6901947805530785,-1.9136246150217933,-1.338264034432929,-2.043680980241118,-0.11605828555962489,-1.5403063751242572,-1.2442052572633948,-0.7358181737714504,-0.2248731638711976,-0.9337094986196164,-0.6757967499799228,1.0774500683703545,-0.5509363606297247,-1.8621944506728811,4
-0.6592676654251693,-1.170278142008336,-0.4179117508847343,-0.07127398886009662,-0.591419422627842,-0.3166959213844984,-1.1646834162036896,0.6457167693891022,-0.8145017097801883,0.5446626408228488,-0.1621041727862633,-1.5056824927757264,-1.4877474712403436,-1.463249191881824,0.5434781666332502,1.0569387239561183,-0.8922466669684274,-0.6540877612704179,-0.7087631885002879,0.02102862308987974,-0.3130899219418517,-0.25088202857668856,-0.22156703236120795,-2.0836874784772235,-0.2592930418029882,0.20316870711563473,-1.2098726452353585,-0.7775631229336558,-3.183310106384648,-1.6171962716215407,-0.17301470536532207,-0.913361311291637,1.1297466937768323,-1.9521387250592783,0.7884776360392239,-0.5813937501031805,-0.6103490082053022,-1.4312222639463639,0.913760249313372,-1.2748541221813747,-0.3525778872040143,-1.2670972251495314,-4.179173513050655,-0.36285936554738984,-2.1274798750255863,-0.6064054480370018,-0.7229602427249419,-1.7627100350372964,-1.335655303489065,-1.8659450355762344,-0.0978199737274477,-1.5242995377210877,-1.1542622786441832,-0.6382032173951855,-0.10963167155974704,-1.140650210919835,-0.5052722829919081,0.980445044698411,-0.6848270305088214,-1.8047555804385893,4
-0.3730391077358455,-1.2798394807456561,0.5444411203565163,-0.3592794080436751,-1.1712456268842009,-0.4405541499448175,-1.1993399063847692,0.8444172028047491,-0.1305202047931044,0.7814878958670282,-0.184060671772632,-1.4600831018334917,-1.813887868713338,-1.7615212863139205,0.06546054353665862,0.7790370769563365,-0.019005608064849244,-0.8050959247612774,-0.04291741672209931,-0.13889104150353304,-0.19702942996696582,-0.2417939118021858,-0.0012718260909538107,-2.162062364173712,-0.6283361260395948,0.04433200922631525,-1.3136793574958179,-0.8858294561736614,-3.1431671356105135,-1.5817227429591945,-0.05553258737773065,-0.9111937764386403,1.0549503402781375,-1.6582161034533307,0.9937406808103306,-0.610603140146529,-0.8847087528035439,-1.7807424710016195,0.7920977231988832,-1.3463945798756218,-0.24663500483269918,-1.270888190314396,-4.077116149186337,-0.4143795179646368,-1.8646233764839173,-0.6023461430455802,-0.6931160464598405,-1.96651480175025,-1.351142273147379,-1.8893357854891004,-0.14874827684332104,-1.5970242442892228,-1.4530939239538292,-0.5757727801366815,-0.11008293711197788,-1.0643861707930944,-0.8227741203644472,1.1686210825255685,-0.5569595773004186,-1.8600753227070022,4
0.00813168635109162,0.26870624864479065,0.6957400289363447,0.4950916527761186,-0.6753571616063409,-0.612475454969827,-1.2599422510822773,0.34630831738183754,-0.1849038721824499,0.4985872672106881,-0.5591392763582858,-1.6518794316746823,-1.279733885587895,-1.310808979222791,0.11903786654326798,1.1473139093090472,-0.7840336747510104,-0.7379825540118814,-0.4343525559248031,-0.18912356455773982,-0.4945990611431044,0.020748165949341812,-0.32017344030696965,-2.250925368217146,-0.44236410749623156,-0.0013818539304189387,-1.452093623472388,-0.625661158377838,-3.2589411479350354,-1.5417499187126102,-0.14398909989900271,-0.9080287733827176,0.9825305492606857,-1.772765226966658,1.0934953683687962,-0.770941317947284,-0.8519493712402965,-1.6439755998043974,0.8489713827329988,-1.2388393918181193,-0.3583260813483672,-1.0761294667277987,-4.10317411922097,-0.4474041795573096,-2.262453265449322,-0.6340615964336268,-0.8188588122284471,-1.9564690852448472,-1.417629765180723,-1.9704124668152891,-0.21300376812134791,-1.5284486417978425,-1.32470069145698,-0.6074465268218039,0.06899957379533403,-0.9121550279412093,-0.7711501493081032,0.8996560813654956,-0.5022710192901715,-1.7961425943734728,0
-1.8386366981547733,-1.2675349951135573,-0.2324802153828806,0.8822134245164328,-0.680684005943842,-0.17762847238194648,-0.7244321269703151,0.6583947416561609,-0.3109794119570245,0.9399455734712465,-0.8000500561152961,-1.8494228674014705,-1.317710224738176,-1.6401512557771176,0.18909769492975131,0.5328890679606502,-0.19567874532357696,-0.6781215174036351,-0.7025960651714829,-0.1254597586873319,0.08833281238839089,-0.2829464799451869,-0.13511746808553265,-1.9834230914202962,-0.13621876886253304,-0.13395389025216137,-0.9508433620185603,-0.7508074560300132,-3.245779030743017,-1.4502410364923062,-0.11288529031413169,-1.222416552204122,0.8952882659240767,-1.8546361976470493,0.868783136977012,-0.6144403609562686,-0.6313877268491159,-1.4936773392582892,1.002922326422232,-1.571780628019624,-0.24594949279365189,-1.3248220035387372,-3.971575682380594,-0.5103520063886466,-2.0949878149615975,-0.5325546220960873,-0.7038310640178097,-1.9929369040547933,-1.4053053672386149,-1.9845331373865205,-0.04766035669863024,-1.7049489942424614,-1.3192739436015612,-0.7483812971564681,-0.21262216566826947,-0.9410954268227267,-0.713535990134468,0.8333161069072847,-0.6946730012731808,-1.9143666156599743,4
-0.5606381863284673,-2.5338674022074654,0.07473155806036447,-0.47729360680125044,-1.119334061348646,-0.8203655375842139,-1.6205931720662181,0.5885298163426329,-0.5565896365119907,0.7960832743537761,-0.2932393756473938,-1.7869625144343018,-1.3923546988905477,-1.3881458011063477,0.6445819251636445,0.6158533327927004,-0.16440262738682035,-0.7412662923406482,-0.33349411755557523,-0.19282154749504682,-0.11202600259826422,-0.04410880779376489,0.02092206436494986,-1.8622363733372291,-0.11394570210289268,-0.2518267918977309,-1.1983431775264344,-0.6232706432329913,-3.1318480269208537,-1.357387869450671,0.11618409589105187,-1.1571151225053726,1.0968037850056558,-1.816701262285231,0.9384203691555002,-0.47568773464382424,-0.6435904622858667,-1.7056951644297917,1.0498798533506277,-1.2916851768353617,-0.3066372321974305,-1.3505692311458841,-4.1284127007962645,-0.38318240587652613,-1.977289805402393,-0.5657333166678418,-0.8242463451766816,-1.9969218308227432,-1.5215481201085468,-1.8299662097945568,-0.19118180045259414,-1.6844660322075782,-1.0465125508242545,-0.7036432281925981,-0.007399575683924561,-0.6877753160927702,-0.7274574877479274,1.0979892753112108,-0.6466778268937111,-2.1074058974715744,4
-0.45032331967291184,-1.2178519558378578,-0.3772677744613844,0.7520153075323729,-0.6752221474180975,-0.9066683629596048,-0.8989686800644683,0.9848183721551845,-0.27994126170336175,0.9774249771564939,-0.38601642906592937,-1.7494128562361162,-1.4699272697139414,-1.6389734555802287,0.2661054418022272,0.6748469793131848,-0.6787836406170402,-0.5816114485554236,-0.15068632605067628,-0.32360522011835957,-0.4010207619416133,0.003227006463888793,0.2088152532262439,-1.9192202063130617,-0.6073022944221511,0.1385850975294387,-1.2558738195118186,-0.6436121628521091,-3.1589516887865496,-1.556031832200525,0.04428780976768536,-0.9207961265032754,0.9352115601664714,-1.9666611066073725,0.9413474094436751,-0.45085292617995837,-0.678365519447806,-1.6221122779152874,0.7183924400020634,-1.1915777759266073,-0.22731104596215412,-1.1914445419281519,-4.025123670939493,-0.45178982755781394,-2.099220973561854,-0.5439563430697715,-0.5462590898427205,-2.141538385632298,-1.4005517298631798,-2.0178825578256303,-0.17623344466160623,-1.684075677438219,-1.290495849505907,-0.6093517505386735,-0.22224721986325327,-0.9163120852715158,-0.6115423110868251,0.9663377786643419,-0.5464474422032713,-1.9161247954607952,4
-0.3594720613207684,-1.454448934204704,0.3623900333423513,-0.46410212840453346,-0.4636289891612365,-0.15529292347269125,-0.7644016195105026,0.49765416095872433,-0.17066717613170457,1.0189580007039785,-0.203008222865245,-1.259509339551856,-1.7803447945574025,-1.729231383997514,0.3776337766611214,0.9315738159238376,-0.325790903370136,-1.043135117884617,-0.1857701349076247,-0.024183076318502666,-0.05574849772349637,-0.3711592864785027,0.007514420860693587,-2.4028057121691906,-0.30293692518693843,-0.3118814008698397,-0.966813938292523,-0.7106608462138547,-3.2372577656324535,-1.8618838917387843,0.2502349372192419,-0.8861102284316629,0.9936915772406614,-2.0248387697064354,0.9139925339501048,-0.2918355208850439,-0.67384005512619,-1.5991122838457599,0.7534502709621771,-1.2553380945117267,-0.09341480166493882,-1.2256012579515738,-3.993959017946162,-0.43785569412899333,-2.1489634658527015,-0.6547065753677695,-0.6391527143563752,-1.892609484594759,-1.3562706951650436,-1.808521767052872,-0.13714973248689688,-1.7182602184942148,-1.3019269991483802,-0.6686234824931084,-0.10153909602213879,-1.0438617356998103,-0.7872948012774104,1.0657170769203081,-0.6705688500313178,-1.8064669293594033,4
-1.554730146335337,-1.5644274308297097,0.2524588050554132,0.3842128359360052,-0.29420175592400183,0.14286456357334498,-1.3232607162777188,0.6234897037180669,-0.6289534446194033,1.0295162850711217,-0.5585304506938467,-1.5645270367442519,-1.5268615408571071,-1.4543767559596141,0.19274648047161383,0.8915635924923513,-0.3448922528627057,-0.4233241409421644,-0.48568421324901084,-0.07684803707001887,0.021798826635427038,-0.24850354452285603,-0.024538494654161427,-2.271727473585128,-0.6375416659247064,-0.2759986329780831,-1.1094427324986944,-0.7344423876274575,-3.3087298318837934,-1.6685125042095588,0.2117678958852204,-0.9697755230191841,1.0144777617159795,-1.9076389181753663,0.8534331662041681,-0.6006299301936369,-0.7414281436740038,-1.8557790997158512,0.9990074252120167,-1.383512750468823,-0.2933915036395988,-1.3270169204878448,-3.949613216215905,-0.46212481433435787,-1.907177750438001,-0.5210702922020013,-0.6032600962093878,-1.8354296996342145,-1.3643938684913308,-1.9799070735613293,-0.23637498210889768,-1.720506257929136,-1.2074129000330363,-0.6866851311279871,-0.13143412199869292,-0.7725355261959848,-0.6397990641738431,0.9481745995989447,-0.8024813897175149,-1.8686418166887624,4
-0.08071058014749233,-0.5633292907528288,-0.937547582064075,-0.016259114173579836,-0.7340891765935894,0.18702159428322152,-1.457591741871572,0.7480515918468555,-0.9654057342164349,0.869968550930922,-0.751014318536869,-1.8337702727698488,-0.872784336590237,-1.3785497248040481,0.0387625420108057,0.7054450218083158,-0.05636956866021425,-0.7477344124159352,-0.4962872613377677,-0.16774161772387158,-0.19642427840791632,-0.43262243881666373,-0.3971623550760296,-2.10847162782648,-0.4011571625085432,-0.12190718647582222,-1.3556500464204655,-0.6832705993265713,-3.1963234810641348,-1.6303057402016439,-0.013207003272531201,-1.3312729165086161,1.031055308624806,-1.8368698675990702,0.9321009737202804,-0.5866335506101846,-0.7529541952617637,-1.5349209712149123,0.9940088540648978,-1.3080335606774138,-0.18302857392761224,-1.444283375217225,-3.8988093863218674,-0.44289331972541773,-2.196691244549538,-0.5715586145221931,-0.7057491877213429,-1.9598912503493449,-1.3209258018889423,-2.082207708223402,0.0494510909623109,-1.589411400938726,-1.2877083668208946,-0.3673453488647854,-0.08396661726924523,-0.8675800146855361,-0.5009014065604178,0.899572963035395,-0.5771308341817528,-1.783019773000262,4
0.6100190634699924,-0.4442442628468889,0.794236964070447,0.437292617781915,-0.4561025476354398,-0.6588872879659943,-1.4483289423553356,0.1888078223920575,-0.6032681239992012,0.8014912641495205,-0.18382160853092283,-1.7966954293160349,-1.0428331135067725,-1.510636476924528,0.4835284632089417,1.0011334170367425,-0.23587123153258246,-0.9121748325296553,-0.521330361066289,-0.26883118185835264,-0.22673217046880784,-0.08694650367445664,0.04666597089867269,-1.927091553784447,-0.506223104368285,0.044504570724536285,-1.4660397218419008,-0.6299239613097601,-3.179390839644579,-1.7987806533758797,0.026943132719574693,-0.9196797701977834,0.937877122112732,-2.0101330037061835,0.9041739184662377,-0.4933375192218573,-0.7645274154478907,-1.6759843157589183,1.064124957625769,-1.536479276223938,-0.34479120381094813,-1.4353002580784415,-4.020585627978195,-0.59237464872713,-2.227351231572194,-0.7324624238510398,-0.8056767867742577,-1.9182989602298879,-1.3721372954955868,-1.9065065074822454,-0.17656707559920215,-1.492201440224451,-1.4377572729363683,-0.5266653705684318,-0.21524539750708932,-0.8596150649967493,-0.5307280697953591,0.9660777558479751,-0.7910430878895665,-1.8219584469218808,4
0.8654404553256386,-1.5768928568847338,0.04456845272672253,0.3967073530559165,-0.3410010645837487,-0.06656352293822627,-0.8940608985080345,0.9281744896203135,-0.5805164506818442,0.7456261211255206,-0.0027617293977360013,-1.6733881114387046,-1.4747293531425925,-1.360363506488458,0.2428082717984697,0.8636265134143207,-0.2976864150672494,-0.4480777386810883,-0.3795747424287888,0.012919969826879124,-0.17196030224782471,-0.34854949901189236,0.30052956324716446,-1.8376484313408687,-0.5210626099111564,-0.09210459135822537,-1.3664898387977031,-0.7098096889737262,-3.24104967528004,-1.6815495072475755,-0.05259349920474622,-1.0431684678675195,1.0549570686443133,-1.9265036132887579,0.7993199632883035,-0.5326990374172387,-0.6887665412348176,-1.6262895568945885,0.855501707518578,-1.2480048424903418,-0.27724533823569925,-1.2056992927702799,-3.9248820022318274,-0.6203680582095707,-2.2021553771401607,-0.625913871251896,-0.6749395718940031,-2.0873919062638806,-1.2740639858118281,-1.9512824013170742,-0.05839192256211105,-1.5377673207382643,-1.1527271628645919,-0.6670708220846577,-0.12415772236765651,-0.8238242386964284,-0.7481492141829583,1.0333060107431091,-0.6391605217699381,-1.886436806842673,4
1.8829742987487248,-1.547528036416493,-0.93552492504976,0.7080483197243671,-0.5916387153666602,0.2379613417689958,-0.9408740038701606,0.6504811427623559,-0.7596523402330295,1.2431723606484975,-0.7874562790593799,-1.6483158150078632,-1.5670218243421759,-1.4773180807252233,0.4533871922143751,0.8853910564168186,-0.2697485277057941,-0.7572211958338572,-0.4843184032520688,-0.4735591669321032,-0.3316366986213249,-0.3214568655325462,-0.3119950714340497,-2.140969296816564,-0.29619226750523686,-0.14533629465853065,-1.2689338001495307,-0.6617738488114303,-3.342265367268361,-1.551350093086086,-0.058496787178766066,-1.0654751646724512,1.033287852338823,-1.7338004909544538,0.7970870892501549,-0.6200067806035651,-0.6368343173037565,-1.6226336596199142,0.742846838859574,-1.1608039108264996,-0.24783221770654204,-1.240437412730459,-3.9544385188099316,-0.560675271482387,-2.1050302430586583,-0.8163499770616395,-0.6139990956396969,-1.8620808570965746,-1.25768623668065,-1.8950308446081412,-0.16689966860425656,-1.6201808854249178,-1.2444310205054958,-0.649957060021027,-0.1530818465628845,-0.9609955549721125,-0.6252404270454612,1.0779166919419398,-0.5331526774333983,-1.9157829916252842,4
1.280473414141377,-1.050814935354669,0.08355568775641378,0.17235100279172802,0.2093580850497574,-0.5406345310487597,-1.0222406104998738,0.39707810977410357,-0.34397254224547524,1.2015553927640554,-0.3419133227720085,-1.4052267070143591,-1.4454191213892589,-1.0901689359992761,0.5263094885237332,0.6495025271424566,-0.1437020062401497,-0.6973131720342026,-0.3137038183329179,-0.10519151805872073,0.08166562904493782,-0.34052845044414054,0.2289069665210488,-2.0659167440922666,-0.2910735126169386,-0.19035434977139648,-1.212724903364189,-0.41585883491926023,-3.2770678116079797,-1.5639315945197203,-0.04194677740234459,-1.06602670084916,1.0072761560897099,-1.8503437971397052,0.9733000541796697,-0.6026780978423476,-0.9691153727033153,-1.509882194499827,1.1212461843194677,-1.4843328553989086,-0.17647844512587324,-1.2124687034949064,-4.01407212426832,-0.42633606586329065,-2.1792282298417347,-0.7652453757863934,-0.5331402651408981,-1.7287561540916965,-1.2367927723934016,-1.811783700843651,-0.10567748000843874,-1.416494281233925,-0.9969361717887378,-0.5249364917879841,-0.10744919278535801,-0.9429224048811121,-0.6303309704623024,0.8932511722755099,-0.526251053462448,-1.9428073574259805,4
-0.9331040264884604,-0.6481575390738739,-0.276154703017747,-0.08056394794910421,-0.8110383593523076,0.07379329894699677,-1.039636344059338,1.177152328010459,-0.701359062089529,1.0092056868956178,-0.22371856827230166,-1.592764073253109,-1.1371948902476519,-1.502757737059608,0.12400520470062423,0.31669145925932296,-0.22242518171521714,-0.6734602013486773,-0.6845747780123879,-0.30561611082175216,-0.2658403665184407,-0.15917307402511266,0.10174047420242335,-1.9201834894415648,-0.24462974474066487,-0.007134560521946873,-1.1746071284865995,-0.6570515938905352,-3.4115250979097604,-1.5765383063640257,-0.07375919262563596,-0.9169137535441578,1.1756568311783637,-1.8420528482692404,0.6979814797662229,-0.6794727908032502,-0.8341410574679794,-1.5411560560780724,0.9693907915334595,-1.2667734362990264,-0.21785581973545237,-1.2597364345425417,-3.9207831164469678,-0.5045341866400453,-2.2592184880664843,-0.6006528545336639,-0.730145309289638,-2.204096074488497,-1.3009039112128917,-1.817054418467362,-0.01665397941724084,-1.5490462906411453,-1.0862453204018043,-0.6743220438160233,-0.15909214804463348,-0.9531430102951058,-0.5430474512750676,1.0548163384984266,-0.6541381478926174,-1.9235418824214168,4
0.6763669080182936,-2.221757705760486,-0.5908409548863104,0.036402265775452344,-0.8412569313452698,0.41975387152905064,-1.0511907867680588,0.6536241568901252,-0.6518535403233485,0.42314357925811485,-0.03995663508738556,-1.1973662317732074,-1.198559531887098,-1.1418392422958379,0.3896220753553621,0.5956923780094969,-0.2570794182716972,-0.33708682412054286,-0.6145661197359267,-0.2527765162455803,0.07790467291078554,-0.41830131049925406,0.024804015608900228,-2.0628283834905474,-0.34856944712440746,-0.2377498005694073,-0.977738333871811,-0.64075037755802,-3.3809094247432507,-1.7395560805196233,-0.04740787826276592,-0.997761741120566,0.9579406252125042,-1.7828327544880953,1.0451959209896675,-0.5246115517699471,-0.6053746455638057,-1.6394103331780845,0.9032022186288837,-1.3353627506143246,-0.2104866294937084,-1.4664369991441784,-3.926172397070109,-0.6808777683276832,-2.3776352912035286,-0.607231576926634,-0.7871090434333692,-1.9017060825792906,-1.5804318022297459,-1.9657219934661805,-0.11664038127811446,-1.6002908323044678,-1.1573280648299662,-0.6963189209731365,-0.11689712236531458,-0.9144018694858951,-0.7473274302186697,0.978194372696673,-0.5931128317202932,-1.7816843766387538,4
0.7968084224511909,-1.067901739879132,0.32304122605564545,-0.007067687940690043,-0.43081545161873963,0.14732867749688056,-1.5707470884088301,0.8971087806238106,-0.3961803760982986,0.861601462331065,-0.09789733917154297,-1.5230701482721876,-1.5086474021259386,-1.644802222322767,0.26544661960587557,0.8979718624181597,-0.21870333204901204,-0.6049842015277814,-0.4501309100292965,-0.17487988405514016,-0.12735269096531518,-0.3578707943506134,-0.015566138324903223,-1.9287854229037011,-0.3877574809802591,-0.06956889392772012,-0.8954599183955751,-0.7594703862667354,-3.029178268805521,-1.2964693507599452,-0.04656420789724504,-1.082936046795253,0.8901490211365007,-1.9615575722117684,0.8207746882034751,-0.6052556264816692,-0.7385892984886664,-1.6289395680176613,1.0184389647631265,-1.4078116094494426,-0.388879693957044,-1.260624996147942,-3.948227442025899,-0.6123043576434611,-2.157749015230177,-0.4569073698580779,-0.7743738520340707,-2.001676546418397,-1.1716656785924522,-1.8352339394561623,-0.2006511415193038,-1.5537631775178233,-1.1804190694063308,-0.6641037455438981,-0.09097408528749515,-0.947367332803774,-0.5959113135181505,1.0418515622179334,-0.6296270690428076,-1.9097114088849023,4
-1.2409731010925364,-0.5272821921105189,-0.5025637009822674,0.5471939828926102,-1.0259523087507887,-0.3626592777553822,-1.025090543253275,1.3731730100593853,-0.21114307980863284,0.6410100960574441,-0.1831818843645307,-1.57739567705745,-1.244787890406327,-1.593347575784462,0.17813200890145403,0.9791727070464589,-0.47521272891400146,-0.4796161546203534,-0.7258368438620446,-0.22892417992143355,-0.1813146524147155,-0.206421131361424,0.07565912702288864,-2.0758308503330563,-0.300607463620891,-0.3449736920400751,-1.2097531925309304,-0.6023055204453963,-3.2665356386033118,-1.359994620006374,-0.0018611121080953918,-1.0113962136720345,1.0144819463256685,-1.739948736577223,0.9735771676938834,-0.4763880543494424,-0.7207747279678149,-1.6688722193273977,0.8872138902720914,-1.2208547958719826,-0.23131633604737367,-1.2985246071333532,-4.010520232825067,-0.4882755276015565,-2.2012573022395423,-0.7362005939258701,-0.8327325285047433,-1.9814659810058126,-1.3022111588656322,-1.9773193103699076,-0.18583291857151601,-1.638013398677441,-1.229155177588588,-0.5348331031037421,-0.16544088296972137,-0.8585866247862932,-0.5336276842413002,0.8034723713077904,-0.5709732978938673,-1.9287822943582946,4
0.4093899302441083,-0.8422683858092188,0.8829190562101012,0.7432501930027174,-0.9925306959071789,-0.9313975284451952,-1.4167387448029123,0.47268327456186193,-0.47873043319209646,0.35367137231090795,-0.5248798559225005,-1.5254621403295976,-1.266215292925623,-1.4080485448475086,0.3348580790601416,0.8814728457963705,-0.45950861031980594,-0.5264605205474412,-0.6444016882465382,-0.11003117842395514,-0.25722199335612006,0.02876196091087202,0.06487913380599682,-2.2300747087534547,-0.604016133508777,-0.10087439230866413,-1.321116699973747,-0.42220595411452155,-3.3004653030448714,-1.4719292928993555,0.08914959019833009,-0.8436355551386377,0.8919337617741838,-1.7021903723707326,1.1219261407161387,-0.7598213998656359,-0.7772377158831104,-1.6312725374436925,0.7455312808945723,-1.1952912932936544,-0.1635985287948342,-1.3288607535409411,-4.082539833151885,-0.30966686253717424,-2.124330296978994,-0.6371757381591403,-0.7190438307806708,-1.9451128275733098,-1.2413919977248893,-2.0958843207524587,-0.11881701618317311,-1.6341635659927074,-1.3177127076438784,-0.5409993053629305,-0.15945644710463874,-0.9919984857882234,-0.5686061496672321,0.8437082277216094,-0.5588665400606616,-1.8032847943837211,0
0.8606212330216525,-1.1657728010650779,0.3923768788345161,0.12166171893883071,-0.6624390837129834,-0.5029397253259414,-1.6610552966667864,0.8368188741442475,-0.6444907924140137,1.2758672775072095,-0.45466627134152604,-1.7113240167461263,-1.2930657760106194,-1.3285725068130345,0.49404319759389936,0.7430261289522391,-0.5027970584419681,-0.6969731509527481,-0.6165461559418838,-0.22194644309941458,-0.3335757729548947,-0.10270001366397921,-0.046831444644066175,-2.0849749521580088,-0.1739762914846023,-0.06070890116919518,-1.0624463433968672,-0.7022346305482374,-3.442459035465226,-1.5000965106846262,-0.17419337377342012,-0.9637766158663178,0.9526241408664693,-1.7983380270818021,1.016769638559341,-0.8418332774235073,-0.7991253147983249,-1.8574078982593403,0.9077245146155465,-1.4627850303935301,-0.5214791462774638,-1.2481685073669568,-3.9758441040772823,-0.36124272254878376,-2.0785155215348405,-0.5752834509485938,-0.6538057261103281,-1.843422123723252,-1.2938870984096404,-1.9499405450282967,-0.14545877222836776,-1.3022111170687856,-1.1414702083380073,-0.5819701397081286,0.02134529572337371,-1.070327164782845,-0.5663209291993583,0.9724995087639788,-0.7938745879689035,-1.9609073309233636,4
-0.4373598510060284,-1.4301256344818682,0.41059537779646077,-0.27356560314881445,-0.04353134739683262,-0.6631797308947844,-1.3268911201432676,0.5385934535946416,-0.5206151194747621,0.7500815184132015,-0.2760233086503209,-1.5757463893059032,-1.3970190157622426,-1.1585949881753046,-0.009254276274986373,0.8201925392971534,-0.46028795280852924,-0.5047603932756959,-0.6038176450467642,-0.14472214942325526,-0.19693224998839498,-0.25835619662743897,-0.1686745213249666,-2.2642408941192036,-0.23357665800844862,-0.31639487630581686,-1.0146107322635556,-0.7343951136725912,-3.4066223841810284,-1.4147553389951826,0.1272115042267794,-1.1346720012940679,0.9144369304194158,-1.7334920847593536,0.7385611795918657,-0.6269005766734493,-0.49977936564135633,-1.7779692542385062,0.909152440873647,-1.5295369454204242,-0.37425865153798954,-1.2987421913994528,-4.082767962346467,-0.38279994050045013,-2.0174052822214046,-0.41289954282241736,-0.6818535690400168,-1.828755000943464,-1.571527654819283,-1.5618647440700917,-0.0005914312955051654,-1.7361665257106669,-1.3642512388412749,-0.5123580951317573,-0.05483105710924966,-0.8640578412792594,-0.6230140080329296,1.1606162222358263,-0.6812481512226244,-1.6951127884827206,4
-1.0796734514062405,-1.174999279607019,0.18027735160475922,0.6169208754383533,-0.39892055466514686,-0.34543000181748873,-1.3564721295623974,0.21297405824839644,-0.3620293907611031,1.019135000189142,0.06740521094970925,-1.751122191891397,-1.4539179790389376,-1.3459720906513983,0.4339865659369867,0.9297128552004941,-0.2712953439604936,-0.48217030199100663,-0.4273987193894148,0.12567409793212697,-0.19537486054907494,-0.30980228696191286,-0.13293485799331548,-2.098485815650723,-0.3754827020322027,-0.24019218428511302,-1.2029812783922575,-0.7931550080026825,-3.2800065173049577,-1.8151573696900745,-0.2257809647879054,-1.0866264952329596,0.9987128941733247,-1.645757953168849,0.8425640092283876,-0.6522911187551141,-0.5570212736409035,-1.4866725664018468,1.0174787122917408,-1.1919788012426902,-0.334800198417365,-1.3103652464837259,-3.9967971632007946,-0.4439363054502083,-2.2702106533839137,-0.6403031790231908,-0.7490999471703679,-1.9314052106431872,-1.3421970738792486,-1.8508057248601522,-0.15553921045610708,-1.4917482622796892,-1.1532760254717969,-0.4684599597573061,-0.11027004191386237,-1.06793761788101,-0.740530585851996,0.9120704756417586,-0.7582914813229551,-1.9503814358342184,4
-0.7178915774978206,-1.3258431461787261,0.2230350548342115,0.12270942766139924,-0.3047515312698004,-0.0660205053222944,-0.9882234959121949,1.0323172025117162,-0.5840970199937833,0.49691912693887474,-0.1507052567888641,-1.6483621406266584,-1.3565497779054176,-1.524511374918297,0.246221777644704,0.773929083963665,-0.48650682317016947,-0.4461668389523471,-0.26883956310506674,-0.1699379142601608,-0.1188717630092004,-0.34176064049819316,-0.1624103370076321,-2.097331998307231,-0.4491738116543419,-0.23381308141483692,-1.481979598818305,-0.6287777533837708,-3.0429071944129147,-1.6147604552551835,-0.20550135905067338,-1.1137453834316247,0.7371682599477184,-1.7428724260449011,1.0808798856314927,-0.7290701790811134,-0.7904812655937224,-1.816179279414615,0.922866466729592,-1.3180597389758952,-0.2679931973558314,-1.340854020112748,-4.1124672506194955,-0.43550606898422867,-1.9377618349840366,-0.44844025647442476,-0.7131890445719432,-1.8105444339145254,-1.255396566266989,-1.869155878007507,-0.02695579632693522,-1.5515810326886275,-1.3280048545417655,-0.4613812518718391,-0.09304064500123177,-0.9003396064089046,-0.8840021582343452,0.8880558049188494,-0.702239790077095,-1.8479437826221219,4
0.6667170357927531,-1.793463035922075,-0.49568378677882763,0.07674847638105933,-0.4261409021569802,0.009129011645494484,-1.0493353573879045,0.44514763189130474,-0.34684309646114464,0.8577496996009997,-0.23480929250592053,-1.5389445127424897,-1.5367316599544447,-1.6272073105580014,-0.009689278854754624,0.9026059854360894,-0.20383942275061578,-0.5703566358072565,-0.263604763665508,-0.0927991276291619,-0.21972880871292025,-0.2820650721797526,0.020887017740310654,-2.199276464622665,-0.614352805368617,-0.2439226014852507,-1.2315569168278893,-0.812305011717084,-3.186551537498884,-1.4032214117001647,0.06543612032734952,-0.8720314870315593,0.8550281832916968,-1.7903595756120485,1.0785491083096828,-0.6607781328725444,-0.6049631957906282,-1.8421762261639612,0.9298230143485858,-1.4473381996326793,-0.3070864238375773,-1.2587384487236375,-4.13431877233427,-0.3040001629904433,-2.13934456956271,-0.7379595576469269,-0.5823722989963089,-2.070793975864122,-1.268386057946125,-1.9148813010226846,-0.201455748034577,-1.4769963380752467,-1.1730777770617404,-0.5824312166582231,-0.044041700599440514,-1.0723457711982123,-0.6344848709527946,1.0274085773325234,-0.5978312895313782,-1.8269581131493589,4
-0.09433465552844593,-0.9085497344070492,0.42088037001463147,0.757050862969757,-0.8972434434513021,-0.5364693670772183,-1.152517212161078,0.9145438189774184,-0.7142318470291762,0.982390326304775,-0.0749338687824686,-1.009640300203062,-1.1525083045184958,-1.9174833600719436,0.29264915666563185,0.8919457319870343,-0.08087272046674066,-0.6602859081924434,-0.1136314355370438,-0.1490077049307752,-0.08274189237780889,-0.2673159330475172,-0.19041805698209632,-2.3384295730332645,-0.5215821742882026,-0.12854489173752753,-1.1891018754645657,-0.4947132938024064,-3.2251512080198097,-1.4679241367912763,0.1765290718868555,-1.0352065235082697,0.9152683675171406,-1.5500977487669647,0.7158778084435878,-0.5462094428946864,-0.8171034706711828,-1.7558503584291874,0.9748028082203085,-1.2507454502364799,-0.387794287960047,-1.255052057558868,-4.0294193144943735,-0.5927835700595067,-2.0420930413711513,-0.5944133071734221,-0.7881329956718117,-1.8525128796194015,-1.4109390908810446,-1.8251765284979056,-0.1485605078874189,-1.4327805471141917,-1.3236656657283459,-0.7382314509885106,-0.057200706505763525,-0.9139780860774582,-0.7571259623170123,0.9750903070964174,-0.6718168735980322,-1.8321843873871668,4
1.7239426395406028,-1.7199463425673305,0.057443747102283095,0.004231854689023068,-0.3960143247064267,-0.39702996925373657,-1.4504982450868598,0.5655824849596149,-0.6013806305868555,1.271185066098893,-0.5215780974241356,-1.861565641547917,-1.597119868193423,-1.380184961504094,0.4211395627244452,1.110299474204547,-0.31867802534984296,-0.6633544779002152,-0.4175347582590472,0.08684188289686079,-0.3238812014755605,-0.3542189079883332,0.18492274869129163,-2.1393692490128444,-0.42137811711095174,-0.08333247908020294,-1.2052163786847403,-0.6726172876678608,-3.2491029158531415,-1.6004112735632643,-0.08990257916864529,-1.0872445332210452,0.9693260387245096,-1.7919098846905934,1.1522847446963351,-0.545753879247221,-0.8057960968012738,-1.690368079461347,0.8903694973460516,-1.4677701423336091,-0.33480538728085785,-1.1165359225195826,-4.081551250125327,-0.5779641342827311,-2.0865461578138333,-0.6521674850722465,-0.6533479826103671,-1.8993240099798094,-1.4962381185477118,-1.8382745291287215,0.033576096274018946,-1.4263527476340412,-1.3196366099576704,-0.4441685436789129,-0.03586479192098549,-0.8218355102395134,-0.582972686615432,0.9384703532827712,-0.7272869298343758,-1.801658446530935,3
-1.3891878415602017,-1.1868856170631992,-0.5373200123956691,0.023831936829316974,-0.12296264452627592,-0.07599069451624063,-1.2927360687903966,0.37347702461159504,-0.8273335343320158,0.30735852442208356,-0.26158448121040495,-1.6836544745023136,-1.6429930847890144,-1.5095220764830293,0.3287744940257154,1.0442136575425875,-0.20845094608792863,-1.0406272683930196,-0.22913108281540406,0.1849299781048795,-0.25465205646031264,-0.3602337278022884,-0.07682734203049088,-2.2846413493736684,-0.3589601699420642,-0.17022713242220125,-1.0537100516656266,-0.8612675062369882,-3.2515917937545504,-1.354350002967398,0.09041584558739471,-0.958344704199637,1.0527404830906701,-1.8999145202458714,0.6714375166506028,-0.3819287573611866,-0.7541095078209481,-1.6376560502916975,0.9975059346453555,-1.5250238624015675,-0.33826506175687654,-1.2738991983607748,-3.949599734390588,-0.3211565737911645,-2.2654488731511684,-0.5044689132019408,-0.6857824146237536,-2.0838736580029327,-1.319649757477882,-1.9672897505497313,0.004234123808687484,-1.6588242304464849,-1.1383393154103596,-0.5993155721070105,-0.13098138694865682,-0.9363992770218226,-0.5540688665911687,0.7753162517456245,-0.6821313013894407,-1.8581828071874111,4
0.09884033256658041,-1.8063207184799133,-0.4684091028793722,0.8987298067717984,-0.5004284109567187,-0.2631145530675475,-1.1636154719216867,0.2967519079132907,-0.7119446883886434,0.935908418897065,-0.4303794071666499,-1.5398727038784166,-1.7997123626600593,-1.1664062553340582,0.08229780567994424,0.9296908319468766,-0.6381148126467135,-0.9065222162401121,-0.2906771673127008,-0.09786624636619895,0.043774711525854965,-0.11349939645121213,0.09650341227832565,-1.9391985635393798,-0.6749931005113593,-0.3138744885934665,-1.293815595217894,-0.5682846726445556,-3.371262404941705,-1.8020982220754767,0.16454534355004485,-1.1982569544470396,0.9061553742629165,-1.9954669449676745,0.9727316703022623,-0.6314709701145065,-0.89531752620251,-1.529008059932767,0.8573878145421517,-1.2353813139645988,-0.4169324536337695,-1.2723963534512301,-3.8233289782578277,-0.43169767518479535,-1.9220873965235232,-0.6002726295435018,-0.6694342130045381,-1.8910053021560462,-1.5493966080370305,-2.014053297087847,-0.12375716082859733,-1.550177420079826,-1.2349364404680743,-0.42439378700059827,-0.1601886204111773,-1.0233812789826036,-0.615002513222669,0.8634020938472292,-0.7472281094801252,-1.8028721287145402,4
-1.2435186174769592,-1.6216634187478263,0.13082183767310931,0.44356883592543933,-1.2710648570441938,-0.02788353428456171,-1.2896887585071346,0.5696532664326575,-0.3495878225699237,1.0210619263803362,-0.6107370860641689,-1.1296007155357566,-1.5457265249277032,-1.4039599190597145,0.18403464976654627,1.2643052876521188,-0.44668760745108455,-0.5801889280031538,-0.2596888909024444,-0.08886769360724223,0.18947278791171368,-0.2248522760773397,-0.12060963636911193,-2.1429667621909507,-0.26207638669773514,0.15718562173886397,-1.0389803410045189,-0.7796347994568832,-3.2864708060682526,-1.7771583070240953,-0.04551534225240726,-0.924279590771444,1.2221346007257288,-2.1400723134438424,0.8986641113679665,-0.5941816246309789,-0.7336387057107565,-1.5112990424400208,0.8670973831330155,-1.3033478589620713,-0.2758134592093142,-1.4692349507992117,-4.09047519436137,-0.4249798625379334,-2.1645909690850687,-0.766256930278825,-0.699265635903826,-1.9873150597743596,-1.0470315073623566,-2.0550092960063693,-0.21008745844851473,-1.439327166733523,-1.1758648223035886,-0.6867299225317433,0.09846875160471746,-1.0432743072585293,-0.7215847156772293,0.876479002750949,-0.6662338207562211,-1.917837011037653,4
-1.3859788985214783,-0.39444623934411205,-0.45921171965407137,0.5631414069514977,-1.1673922319295411,-0.12542586751958304,-0.586223810678467,0.8716885139758003,-0.8677681390188359,1.132394260364767,-0.5883963468268407,-1.0282949988989967,-1.5549067330621789,-0.9845161975734387,0.543787277025166,0.8740220870626322,-0.24333929888457861,-0.6461070892103413,-0.6943902426563613,0.07746252375231427,-0.2668976666524322,-0.3070069353768312,-0.06476664598170433,-1.9048047096436018,-0.25850247046903274,-0.15185435805848246,-1.289008267851612,-0.6806831275160492,-3.095408869618475,-1.5801006687084977,0.03444528490349599,-0.8173685034301421,1.2019231709522182,-1.990720736695236,1.1153106092070932,-0.47031319393680504,-0.7022713298685876,-1.7030193941988396,0.8675835711984884,-1.3395160448856644,-0.20000960802372017,-1.3207016349885519,-3.9248759954646455,-0.5703065112461406,-1.9663567258658214,-0.5830497349126716,-0.7467292653029864,-1.9935529868183435,-1.2838447768937482,-1.86060633052067,-0.10487948788331505,-1.5353185599948178,-1.3040453047006435,-0.5199329278674151,-0.07421621812179391,-1.0070432390556543,-0.61173518036435,0.9426086472479216,-0.6228240673620977,-1.7407500976798507,4
-0.3059500752776392,-1.8271385928180246,0.6842196009005079,0.46721810661082697,-0.2121092055907915,-0.13811118355867513,-0.8439931877594619,0.7135696302116025,-0.6610206211387779,0.722029624122944,-0.6451285606327766,-1.9447110673781316,-1.5214634109580445,-1.5902333621704947,0.44606645940211287,0.8574227732548404,-0.0020503098453118485,-0.8546170983206767,-0.2937917906269287,0.02383022776898802,0.11444482036572456,-0.1893959544486973,-0.17039282496677002,-2.1123499913561536,-0.5334371670685671,0.046486124596300055,-1.1767425369169866,-0.5705424113303816,-3.3172489641171903,-1.5274873609669073,0.2457618329306879,-0.8922073101022223,0.979517940692792,-1.6152410524918361,0.9933067295390787,-0.5408047087337661,-0.6830837249623772,-1.6192603966098043,0.7864925777201586,-1.3684595140330538,-0.2576081474478602,-1.3119762472772922,-3.7916451779614797,-0.4967126713337301,-2.1170270150106165,-0.6138445406973465,-0.7934047626928362,-2.0482755611685257,-1.1824898314086252,-1.8951710869987417,-0.10200030757555678,-1.4924183178024366,-1.3663218621462814,-0.5615777309498114,0.11746521604279592,-0.9034459097813516,-0.3663845491995885,1.0444851226415088,-0.8174823295549267,-1.8598602883222333,4
-0.7217070884289494,-1.0612498864691977,-0.2849693591514687,0.6613809178344013,-0.3646962691494343,-0.5884764474457838,-1.3801205326495043,1.1503651828592547,-0.6761056809261597,1.2647096922598648,0.07592237552351244,-1.4533322671173194,-1.744450946761468,-1.3772826944761118,0.421651210594687,0.7485538097482706,-0.41452004975067497,-0.6408669951393381,-0.5366856753881157,-0.31056590819140684,-0.4135089151253158,-0.21837633169100076,0.23684008941868517,-2.114195182966709,-0.4800837652352552,-0.1884162775628962,-1.4776063018836187,-0.7595753438034082,-3.2288305246070195,-1.385869760324517,0.1600161225641923,-1.014412346593421,1.1143381463488677,-1.8666771537312268,0.9223835734641636,-0.6311029194433923,-0.7245686919105702,-1.512937330342672,1.0376833937824206,-1.1039644677604148,-0.3751230062666349,-1.3453615338017593,-3.5239297323100063,-0.47880784115981023,-2.0895621223592133,-0.7248713091847961,-0.6614263258249217,-1.974758930572405,-1.3730219025857455,-1.8504388163384538,-0.11627948076510983,-1.7633786920688554,-1.1608899418841472,-0.5420325784793123,-0.1967213004613006,-0.8632524119096276,-0.5932557661067714,0.9444874076097622,-0.7395051695214407,-1.8792364836999556,4
0.6790294354187302,-0.9888676398847028,1.1056489775368394,-0.08043989175634667,-0.7619688554342312,-0.26871781974473263,-1.2219830810350196,1.1173509629636942,-0.7251441442118624,0.8549893088641334,-0.12600729949397593,-1.540336859939747,-1.4194369695441271,-1.5930332801249698,0.18086451579540805,0.8338162605832936,-0.3389424420148111,-0.7716309561288615,-0.4556378261171278,-0.4301175276946568,0.07334945344393265,-0.12578067730563688,0.05027419892384252,-2.0808539211218733,-0.40260701762122486,-0.1172075126131264,-1.0625530588464134,-0.6973724987424842,-2.956423499333581,-1.4387446381084905,-0.17940854800087155,-1.1040601669790728,0.832749412756438,-2.098137331314615,0.8356649195633403,-0.42708983353396013,-0.727760607134922,-1.6147534259078051,0.7920140767072459,-1.485818763603555,-0.2372220816787889,-1.332265909138854,-3.9690585080522864,-0.45222149755159213,-2.0890455699626647,-0.6457503098587817,-0.6903906079501797,-2.1174924206928574,-1.3535523154639157,-2.0210646934841336,-0.3459845679650312,-1.5719130697814812,-1.1757268001853212,-0.571680673013553,-0.09559431844272287,-1.0170760011930757,-0.7067366445149201,1.038052416696539,-0.5283602422559229,-1.7795826780864576,4
-0.17225726065567779,-1.3983694797400075,0.5382410752364754,-0.5829699312171366,-0.7433990589478876,-0.01148294278069159,-1.4790746102703491,0.7420939326846808,-0.5628920749427732,0.767145793098465,-0.05682285885232391,-1.646000813091845,-1.1405793706896172,-1.6108655890752162,0.33088154640698,1.4534059169670361,-0.05517063550568235,-0.596525093408887,-0.544803167195225,-0.09260397629819438,0.06637044669260045,-0.37891344658581805,-0.02050803422820477,-2.1344369694001997,-0.29429112431426796,-0.153681093622273,-1.0123108665174647,-0.6506191917498226,-3.1682849625468803,-1.5915944584662514,0.1832718922422417,-0.9729211475811642,1.14505393214638,-1.8119661106457248,0.8335583892008134,-0.6589222701432026,-0.943869480521681,-1.5480379698563151,0.8728171790632424,-1.0976590393315335,-0.30619998796081155,-1.1522340655880747,-3.8490279314336346,-0.39578315098627004,-2.263923452664236,-0.5664828311048016,-0.6734546440572088,-2.062755048404169,-1.2726406919805457,-1.864348217607839,-0.21603456561461776,-1.4820066155569138,-1.3194654037198053,-0.7609602236454583,-0.3350913692598321,-0.8503932628444817,-0.6729430734207773,0.97413533965897,-0.681854387254434,-1.7902996750807336,4
1.8473126505466295,-1.90873164638767,0.44552527447952445,-0.2980495066334653,-0.0434643246829427,-0.5646135136687778,-1.53239740277683,1.2145485395842686,-0.5077417748533473,1.0235898900574047,-0.1399993098468355,-1.8245594843564852,-1.805995174242443,-1.6701621010952266,0.409052801759281,0.8260575564957431,-0.3788654595625004,-0.736249757672286,-0.3635408965819528,-0.15741475400718877,0.061167933514715445,-0.20800669543368516,0.07360254811963027,-2.021539511090337,-0.7509721580149383,-0.21484018620750955,-1.121842986722797,-0.5976576689071547,-3.163019166633895,-1.5378469357101476,0.02071547608447857,-0.9729318262764934,1.0724527204940697,-1.745885381634714,0.8921079673914905,-0.7125557641205645,-0.8120662605774454,-1.6986825697353267,0.9793653285095186,-1.33271888484611,-0.27518102257684207,-1.1856732460908752,-3.846702732263171,-0.36004045526053363,-2.0806851806855415,-0.7552916133767861,-0.7154334891093447,-2.0126738949102605,-1.3739402765310667,-1.9324525444750602,0.034221418690974004,-1.580164514052292,-1.076120624285466,-0.5535865484356963,-0.17975182427631492,-0.8954639918404835,-0.6483621347045893,0.8514307336283111,-0.5716805273040358,-2.0006884854996367,3
-0.7072464431794501,-0.7245753746806509,0.09908147101436776,-0.418510609989891,-1.5051660053033247,-0.14135445808872918,-0.79373300412048,0.4650345946540712,0.39594712904715734,0.7710058918480731,-0.3384092351956534,-1.5769518621206262,-1.5146437110028643,-1.3588108607881606,0.25012795066498433,1.0108083167300583,-0.3941076061217237,-0.32860131151711003,-0.569828169202331,-0.1754451536068928,0.2225127851467929,-0.25033101217897147,-0.11590207946137128,-1.913237059064923,-0.27048125641249254,-0.1554956625105183,-1.2122753603786218,-0.5570012492274788,-3.258087369177529,-1.4913672123436725,0.01762592179934513,-1.0610423187833289,1.2305596043072562,-2.1852218115228013,0.9038631476489193,-0.6950907168886165,-0.7994111156289385,-1.4675312302435306,1.1673842345847447,-1.4640010944141126,-0.44351602827943637,-1.526739789107077,-4.0565558051580695,-0.5193261399218061,-2.3002673899470136,-0.6909937860178067,-0.689396102236968,-1.9994395168531822,-1.4058344914638565,-2.0439914401343247,-0.15714017919287496,-1.4001033487795187,-1.1525952479024044,-0.7682497848343702,-0.21583467011905805,-0.9647817163342313,-0.8303391380771191,1.1019333001856513,-0.6586244886581402,-1.8853528674124544,4
1.4364225454054154,-2.2421872400149985,0.5197628406416478,0.4109940819168615,-0.9319929029626883,-0.5140072366240086,-1.507986821766177,0.0013577722644227963,-1.1893184211758903,1.0497875452256675,-0.99437772070774,-1.473202501599004,-1.1567988711496116,-1.4968831538722185,0.18124371535257688,1.1840582259439243,-0.16254915938137346,-0.5694075773580944,-0.3493021599407763,-0.16960467497522233,-0.08628754571300166,-0.3654259851687517,0.13796141451548766,-2.107414570113078,-0.25870100825703857,-0.5804084720892488,-1.1405699886564349,-0.7566796696508975,-3.2228139166563783,-1.7104276237409344,-0.016181673015488188,-1.1003591880008277,1.0717542066886336,-1.939570724121426,0.9776961383122249,-0.5722003354162094,-0.628054882110622,-1.6339555183297798,0.7796816135272042,-1.2763465686408948,-0.3484583111518367,-1.2898941495366076,-3.8283065223225896,-0.1725516399647341,-2.1347086923176812,-0.6120284767436148,-0.7101719101477765,-1.9721938787707833,-1.4478752562247306,-1.9151895447600753,-0.18097918710229335,-1.5234221931720646,-1.2575599906302164,-0.5631003139964899,-0.09764540520728986,-1.1018366246747249,-0.7340808979181083,1.0072094510544072,-0.6601867109856155,-1.91560657844786,3
-0.7590355764798646,-1.2827332248501835,0.6781286261115153,-0.36001736108329485,-0.48469343921632724,0.5574246036141581,-0.9575477044253515,0.6625870401704615,-0.8654784348518489,0.5637984153618758,-0.5378209640497189,-1.6058954675658743,-1.8276213259295808,-1.752343248380666,-0.03344766664972182,0.6002969382793403,-0.47940334397992634,-0.7889609938168841,-0.6400656472203747,-0.09742984046463311,-0.1856799456550946,-0.0753058875428998,0.0800968778654825,-2.1528163261452105,-0.3505133476707618,-0.034210273758775014,-1.06215439996298,-0.8121665073837283,-3.096000406295295,-1.4666281177259768,-0.24117540690161232,-1.02912464326621,0.985051205045531,-2.046744038658997,0.9971944913958048,-0.40931666590622406,-0.7400353957476162,-1.4988373840056284,0.9018727912010458,-1.4519918555142024,-0.4088310793158242,-1.3999700167685494,-3.831200785734381,-0.4184429842443385,-1.9494379469894925,-0.5481784722739766,-0.7105374307492481,-1.9380565992451018,-1.3691815727978245,-1.8639143621403875,-0.16142494974224467,-1.6304638343867193,-1.21217438790566,-0.734158801355014,-0.023799241589645942,-0.9729366705756677,-0.5330953798005776,1.0365072798457686,-0.7212246330713293,-1.8302662523937934,0
-1.116160910268269,-1.1451044399262433,-0.20389350511132875,0.702452767342717,-0.9440536645061556,-0.24681897160149407,-1.4672071062753662,0.718771089979217,-0.7600133291629678,1.1509042525761668,-0.41030450393172035,-1.6664468452047843,-1.5324030739480548,-1.6652088245086891,0.3725302973877037,0.6897921453270189,-0.2745974756517363,-0.6865810561238169,-0.3745976649882055,-0.20719736291591795,-0.14909608605330482,-0.26795814691343106,-0.08018137822942986,-2.134672478912562,-0.08698086147118894,0.11636842391346325,-0.9959141319984319,-0.7776446438979531,-3.389664113473995,-1.5145340635448585,0.16716929415310858,-1.0237723295046848,1.0830478528788015,-1.9649731473148648,0.7257329098978182,-0.5245962155998001,-0.7373383020912518,-1.6922176098552795,0.8989586296659519,-1.2567480143816847,-0.27188784745307615,-1.0838646201217932,-3.9609975465924676,-0.5688175989011908,-2.1343772245161547,-0.5798171673092117,-0.6724729056491381,-2.008620491267907,-1.3392854897630424,-1.7387081019777086,-0.0990919542531663,-1.6169804142497235,-1.1455240591634255,-0.5069947085653076,-0.026493310608665804,-1.107158126332731,-0.63737516078288,1.1099681001448798,-0.6037675735847463,-1.7563956353417434,4
-1.2670029704945227,-0.6886801819790002,0.4612340746528602,-0.6212449987442569,-0.9553443817350113,-0.5136673056071692,-1.1664617497335248,1.378825673535291,-0.5255733132144262,0.9898099104124316,-0.917835973033746,-1.477240041773893,-1.6271553646201582,-1.4485807402170636,0.21642871420832907,0.7948682567217369,-0.30548793988129824,-0.4545193969021365,-0.6038583542689476,-0.2847965263997114,-0.28525566004231984,-0.6276577422472149,-0.14536257510522238,-2.1106805136260403,-0.2339634592827714,-0.027820931296317117,-1.1747513056906576,-0.5926067589637051,-3.196854426478109,-1.5370647946915563,-0.2548205130781507,-0.9606134239580851,1.105907076784897,-1.8737599101071059,1.1258466183930698,-0.6075330064161149,-0.7416430901119048,-1.5384260273076635,0.9225962234246379,-1.205370324248962,-0.19357202079556657,-1.4303837700185762,-3.907816174565599,-0.6438327952494127,-2.2172555020845834,-0.6632154551646346,-0.6384787381508084,-2.0217827194693845,-1.3162665470039656,-1.9690197282814015,0.034086307260483284,-1.6145001965080965,-1.2070120783924614,-0.5112215309103428,-0.16002353258113355,-0.9357456279905373,-0.7231265056633711,0.7199485205403152,-0.40766350086382985,-1.8913504851530012,0
-0.45312769806101083,-2.0374509674612256,0.05379600706973229,0.1630682881838109,-0.31955747605510887,-0.17289250827990832,-1.2357878983712591,0.4222719920978594,-0.39945011111867723,1.1930988889880831,-0.5960429969595296,-1.4803751358117725,-1.7339243527055233,-1.731305582268912,0.17085570454803997,1.0571888368015907,-0.36589411335264965,-1.0004572849831566,-0.15880855611593517,-0.195636205381768,-0.17129602069722272,-0.03553563649030744,0.023067478064314632,-2.0498282228193623,-0.37357982792734323,-0.035433531045454034,-1.1187645553232772,-0.3766937805081707,-3.362493964900231,-1.4465984237907186,0.03190948194722287,-1.0999562629797595,0.9821839364980536,-1.726892675954088,1.14487479447419,-0.8713526495413776,-0.8204011843157148,-1.799896388317343,0.878700132433256,-1.4558461722187832,-0.23630948157294587,-1.340515213218018,-4.063608758433059,-0.40452735103852516,-2.0108704472171333,-0.7435276790562515,-0.7665738800148288,-1.7430227384793924,-1.455698471357286,-1.9260006721691847,-0.009740308229962844,-1.700743715681102,-1.2064251517351157,-0.46793695432269566,-0.3396898809827944,-0.8344372585488236,-0.6980496741403833,0.8495122354244219,-0.5601059007339777,-1.8787071780167697,4
-0.1543677430959008,-0.25171895653993637,0.020747461319943622,0.29559870938070654,-0.6331237072461383,0.23055515232177187,-1.3253774633568578,0.7148808147398894,-0.8474549636679374,0.4992758474712856,-0.6057575014504641,-2.035789860389407,-1.532596518643251,-1.3096044142340773,0.3222417892155899,0.3324605206759587,-0.479287221493224,-0.515385084393272,-0.1739386343969235,-0.3006687923248188,-0.15181546374536584,-0.0667503345898631,-0.3630718754487835,-2.1829343871631393,-0.20165611672144293,-0.10443275065713747,-1.1834581673457052,-0.6895927798414874,-3.1484224139935018,-1.5731260894652919,-0.073015534011099,-1.0225350593664682,1.088386092229466,-1.7299110384903924,0.8785582135969723,-0.5711184674451428,-0.6884666580022415,-1.7121108319623355,0.7606069434287273,-1.2123241217971712,-0.3282437440277147,-1.058388475803878,-3.9769684044729057,-0.35659255187565647,-2.190241488442412,-0.6627454110804402,-0.6137982084165026,-1.9611510060360449,-1.314970832782918,-2.0028179101119057,-0.08091074235363677,-1.5410517211862356,-1.2684683684614022,-0.5505874115099207,-0.014774109185459988,-0.9986466740661835,-0.4962254201154691,0.8921890542577874,-0.6863758560684513,-1.929232565412355,4
0.810804604046777,-1.037101477311691,0.02325754705088308,-0.9573418219879194,-0.25140903692223376,-0.6296516223720557,-1.274136139608003,0.7830012567514513,-0.5781121405787316,1.1968307850430655,-0.4631059031191912,-2.03387875218282,-1.2674214995721216,-1.510240901515841,-0.055053922767720254,0.861238039539724,-0.051630217424790625,-0.6736423536247248,-0.5304120063038609,-0.46640396444492754,-0.20409836487836758,-0.09321924701211415,0.10110448555904253,-1.8955165577995647,-0.5518300491933543,-0.18252697138012064,-1.106025320405542,-0.820027641588678,-3.1793963464281227,-1.7168466524970742,-0.04012138898063461,-0.7799605085449212,0.7656354822901973,-1.6145691837693017,0.9347831690570951,-0.5256513714233816,-0.806476338113359,-1.7469463359746542,0.9732224835157319,-1.3663135593808216,-0.4162198649444494,-1.1491966465734433,-3.9906084894695883,-0.5039264947272802,-2.356435663783755,-0.6652395355375224,-0.7767232358793408,-1.8518024595135336,-1.2515147435399965,-1.969037145757465,-0.14745920471448665,-1.6112155078101853,-1.22137875149628,-0.5977389156589287,-0.20032761709141866,-1.1286685028625931,-0.5254678812823369,0.7895522640412656,-0.6204658578429154,-1.8960776247673354,4
-0.011452530717597567,-1.3480168676698663,0.30867860612420883,-0.227645765861551,-0.3400323794903206,0.37043329910856404,-0.8760396556604121,0.4849631644865768,-0.7187902965374002,0.7106595100147666,-0.38348497928401953,-1.4933866741234958,-1.4401449340257155,-1.6170263622824168,0.20107880821041546,0.6514709243788446,-0.4701058202755709,-0.8365920794747099,-0.25635666818762715,-0.2872168669579676,-0.4064460116818514,-0.293603422081996,0.08312441417278614,-2.0014804572249445,-0.19087390905010798,-0.10052080999564739,-1.2565451765316564,-0.5886127688118934,-3.00726949135444,-1.5972355241843015,-0.0064001020399953555,-0.9645176831194179,0.8927778817595234,-1.719490163446272,0.9254398423474268,-0.4690212112675152,-0.6919807247828169,-1.54289536855999,0.9258322486117735,-1.3207453531032143,-0.26411915649235695,-1.262751238009702,-3.8758557206707267,-0.34339595859998145,-2.1963393419064148,-0.7520334017787998,-0.6811308819067327,-1.9015948366072226,-1.3909188067102987,-1.91628062219903,-0.12217449338042904,-1.4479845814134007,-1.247878071937108,-0.5323348644806383,-0.031102822627717255,-0.9887930556495766,-0.6631354181756371,0.8493971676939778,-0.7522791883020761,-1.77955725705964,4
-0.12045355062189295,-1.0573386936575848,0.6519066559257595,0.3618661357798164,-0.5936533829359539,0.024772630791030786,-1.4141701881261783,0.8175621836919323,-1.1835693767406972,1.1254709101072715,-0.5573019873786155,-1.4539518575707027,-1.7041919367724743,-1.1906037506854517,0.3959577023169345,0.3692095588643329,-0.4271904774396728,-0.3541074100936683,-0.49619156664918673,-0.0419072340297746,-0.02160453886365113,-0.5549046944664473,0.044878989134331596,-2.1184738942651955,-0.36850337340764827,0.02952052703068056,-1.3729704699507836,-0.7088439278462946,-2.9915285111028824,-1.6909286080533386,0.1019385830387694,-1.018756219015692,0.936102098838722,-1.722945786906495,0.7766150252031189,-0.6364344147710025,-0.8048836000085985,-1.6899825365409817,0.8484172205421526,-1.2665732011211532,-0.32448882934165235,-1.3079690602403373,-4.07792264993051,-0.4394076042182723,-2.1382673297931563,-0.4169373013269617,-0.5838356594141583,-1.9319456823970105,-1.4787561656125348,-2.0950578684643473,-0.13425704664458712,-1.5506384244684541,-1.3093142042363046,-0.604916798588961,-0.032109956422452166,-0.943412190625787,-0.47380816373645984,0.8884474828070981,-0.6401979537489085,-1.9052840522458858,0
-1.2694158462092182,-2.0982134573824385,-0.31062127954309626,0.5334081691868582,-0.5505141091759834,-0.2651617715244439,-1.5451171028206798,1.0759696911848837,-0.5038703200164273,0.9476687917220198,-0.28398169682374325,-1.9027894579681361,-1.1049987841817892,-1.6349606007114432,0.4356802758534116,0.9177450971104699,-0.5673793502325659,-0.9913436024089851,-0.02908101256381651,-0.4182485637915032,-0.1340312085466735,-0.34138599552969984,0.07455206541673909,-2.094960306145636,-0.6313688094129183,-0.021152716898090063,-1.2468245009927277,-0.7213956811198563,-3.2096698923958806,-1.420782093959929,0.11023981991482878,-1.010475936759854,1.1416634611889245,-1.8623500053136253,0.7727717545689576,-0.5577918932573565,-0.796577025382957,-1.7942156233806126,0.9835193211266058,-1.2351531706088466,-0.37840103656380886,-1.367846427041051,-3.947793223725361,-0.42515217466586713,-2.1952736376654056,-0.7271227824848838,-0.8061799051415949,-2.164428844870672,-1.2425832430522998,-1.774073487473922,-0.07518874479550247,-1.5986076254582253,-1.3586669311297934,-0.580052521313143,0.07701064900282456,-0.8572073875118699,-0.6183840488873854,0.9511134001352104,-0.5765011570754126,-1.7498590266064895,4
-0.6391552377273668,-0.6578477326571347,0.3983452338028812,-0.011413956294181349,-0.29836551721634136,0.5329634277538963,-0.9352610282069074,0.6081973229488769,-0.683724185606076,1.2289521413360551,-0.5179657928255001,-1.8402584776077473,-1.4642116781790557,-1.7106256121167365,0.5283809113019445,0.583253762351108,-0.5568666256967236,-0.5254424971356554,-0.2724349196644392,0.14249217537680398,-0.21835460840629162,-0.03274316232817198,0.21919216669983793,-1.8988032103251764,-0.50905183274292,-0.008840637169793969,-0.8585190864980072,-0.48065230345210197,-3.3232678829524365,-1.654863339491305,0.3353845377320894,-0.9034911387999145,0.9842793711647111,-1.7781202495414956,0.9441122675132033,-0.7862251422940891,-0.7288066575645422,-1.7783196771488818,0.7748936290041466,-1.2458632849083173,-0.4019310509047055,-1.3277279304755805,-3.8931347851560862,-0.4381345396198314,-2.3542589489429124,-0.819513241486303,-0.6846909374122219,-1.9590505996737422,-1.3525903977107578,-1.8435555598786604,-0.23052666818726614,-1.6725168062420872,-1.2864361938007167,-0.702969544579817,-0.11417752273860503,-0.9871881104988065,-0.7300662510926105,1.0644184723686934,-0.5529706735083929,-1.8981376387678293,0
-0.36536015077911854,-0.2803341871935341,0.14120516570992703,0.7867158307636051,0.39554834444357234,-0.05987911269936315,-1.5400578231801016,0.7177418360242186,0.2562727344849882,1.03496563606523,-0.11180218865339922,-1.4811227227818509,-1.1028895905179295,-1.47495804207362,0.464192094086736,0.9573848073055489,-0.3485208981841391,-0.6628263983912228,-0.21535535965721447,-0.0714224750268173,-0.3276647741349029,-0.049238164934261475,-0.054297087616748826,-2.0943027384335315,-0.653297287439216,-0.04257758759614329,-1.1510580752522719,-0.7012818343694011,-3.4604401226838593,-1.4957061590573426,0.1421168383264574,-1.0990617916409504,1.169583989547938,-2.0931397840260195,0.7071552833280557,-0.565179145509586,-0.7494576477990942,-1.5768456914709517,0.9975734831329515,-1.3783975043026837,-0.26472597769371775,-1.4421016702084237,-4.066858890169589,-0.5311178658160305,-1.9501135326393297,-0.7542272239506601,-0.7414131414184425,-1.7685965603305802,-1.4173263001769254,-1.9713933027129387,-0.04352696964073835,-1.455206846298735,-1.3461402628044086,-0.4484357820541014,-0.029101648891326506,-1.012459620646854,-0.6848772125826388,1.0534327680401863,-0.6504354840501174,-1.8078729859716358,4
0.43894210021353086,-2.3286580130920487,0.33954435342038236,-0.015161727259111996,-0.5202882722836243,-0.4424173836320321,-1.777915222533247,0.7545635305195738,-0.35902702831319755,1.108986991707374,-0.23319274920621275,-1.737515294710675,-1.7996289512223396,-1.1769447796161712,-0.11189976588477257,0.6574016320327026,-0.22558521760588335,-0.632526787973329,-0.18882544258498868,0.054660119272430197,-0.19992586970548468,-0.30385604533094485,-0.09786535676940185,-1.9916043093431128,-0.4305396384875769,0.15660898891200037,-1.140687708375186,-0.6464576875019942,-3.2081387641951067,-1.577323638254229,-0.06301306364523031,-1.1406109890185165,1.0165713434294255,-1.8988036424733257,1.0033547641821854,-0.583231582502087,-0.8974269095971478,-1.7056639313370776,0.857095627303033,-1.3580539107347511,-0.24060847433668428,-1.1625321671080748,-3.996444122319859,-0.4218241133260702,-2.0638296031739816,-0.5967548468857921,-0.8606647082129143,-1.977008247717903,-1.4307751203839014,-1.9111941446384924,-0.25765611320194215,-1.5995532901119198,-1.2409783379087276,-0.5840071537931392,0.002092547160590333,-1.008460656604154,-0.5168331712290696,0.8395104729587358,-0.6102763390892798,-1.9147817648682879,4
-0.2942609740598472,-0.7010634664061951,-0.598365339062792,1.0200924383928252,-0.5592231402896275,-0.2894535045927298,-0.9665998017571986,0.5103705476973932,-0.20122609134116737,0.7896142146148897,-0.21353419683059005,-1.6010310970209627,-1.3414638856711165,-1.4412983547795297,0.4233422303558384,0.9800025617431919,-0.3403099629923937,-1.1943294247709115,-0.38860692005542075,-0.44939628653064606,-0.2952308736453453,-0.3909939695496567,0.008866290154404037,-2.128113506026997,-0.388350579135286,-0.20580939627971906,-0.7356846564286896,-0.9260637840284407,-3.1635928632824792,-1.3250623568719153,0.08751681281602156,-0.8411981472937718,1.1153216241453783,-1.7425373674271163,0.784326501097383,-0.5274133989336088,-0.6998418561021976,-1.7766014856313213,0.7383653365637217,-1.3339062994742785,-0.4650466530602958,-1.3151498634221714,-3.9100265943322983,-0.43221737291020595,-2.1005202216805685,-0.5988029621133496,-0.7436447011541752,-1.8858794297863075,-1.3218437947526451,-2.021959561828078,-0.09002498101185089,-1.5824030803444766,-1.2535455713490553,-0.6792580034688877,-0.09148658923245545,-0.9625189381525214,-0.6524061639754832,0.8974373341632328,-0.83163038585142,-1.9071481769646106,4
-0.09339912226156454,-2.3888319939157876,-0.2960568951525705,0.3328236313346806,-0.2067452160558318,-0.014983855581774008,-1.0276228896912156,1.1890340322651605,-0.3155252461705651,0.6934609547851286,-0.21388839874764515,-1.5640610075477797,-1.401121402489906,-1.7644265011172977,0.21638996024859158,0.7933293601394363,-0.28114678740292687,-0.5730775707179991,-0.8144469666190995,-0.15631049573670883,-0.11169668439831884,-0.3328895844077162,-0.13726169880623934,-1.8247952023903093,-0.13702683487150413,-0.09424787905090924,-1.2623493045078618,-0.6166041386828162,-3.0553169852387683,-1.557491236560192,0.012923493903217412,-0.9743026125136908,0.7743767817448038,-1.607756581242981,1.146870380976717,-0.7203700263592953,-0.9075329752871778,-1.6202373469102114,0.9277023012452046,-1.2895355430606965,-0.424600351681776,-1.2063054699850846,-3.9066469309925274,-0.6255979207372728,-2.2525767558536214,-0.6581688362534229,-0.6426024223735951,-2.020749965718457,-1.2538792518969784,-1.8401559694138432,-0.17976980918141894,-1.7350527007475474,-1.2651692854489434,-0.5699265063992722,-0.1719725396173866,-1.1443657815103951,-0.7055112520398756,0.9929527112539458,-0.5987562898836762,-1.9318768370790202,4
0.367793425525046,-2.1678381432910783,0.18588051229520053,-0.19639464087401565,-0.7291066752712332,-0.4788140276767702,-0.8179100894177247,0.6741539387354087,-0.1970742371989752,0.9538687581688815,-0.6152010208847974,-1.7958590716013774,-1.470782030001319,-1.8296459266454173,0.6586747332407537,0.7487748740644425,0.060987302774790864,-0.6349081162431369,-0.21030127668908755,-0.2893071045460528,-0.37027842265235544,-0.0792777071441726,-0.3617476719189534,-1.988915439971898,-0.293271369987658,-0.11440619972697902,-1.1555494237036799,-0.7176626386576636,-3.394353436801955,-1.3156281700082388,-0.0003541618720495649,-1.158340321400092,1.1317048018299574,-1.9263439364789516,0.7536152334492605,-0.6249404575421524,-0.6505141494255872,-1.5129708001529665,1.074820001718945,-1.3084174785334044,-0.2294404512913536,-1.3046243436597404,-4.164690656285239,-0.47744134036493685,-2.2118538401117687,-0.6251561271119147,-0.6153971215171452,-1.8980699756199062,-1.2999267308367344,-1.7456938577058239,-0.032766354936561645,-1.4671282565998098,-1.3198181036730454,-0.6192553512730073,-0.30452307618102437,-1.0670984667164414,-0.6817472746515779,1.075678689166059,-0.6952924434585865,-1.9053689714699389,4
0.3460338263809385,-0.9108165843613004,1.4949663838410934,-0.3355024376085066,-0.27477143387688574,0.14752395691323583,-0.9635793027449786,1.4468004503095706,-0.48706869108734097,1.0250371509000225,0.006861072912073385,-1.5212394676817769,-1.2623378786079495,-1.0285796333997521,0.10251757020578339,0.5387750330603533,-0.2939263714126882,-0.4310197448473842,-0.40690210916279207,0.06285688728077518,-0.4093709220074613,-0.1805489987820947,-0.3506700307869859,-2.0412523563165452,-0.5811602336131457,-0.06704302803324212,-1.376372334652924,-0.7806894236495353,-3.0311501124951654,-1.629490070449947,-0.08787808916306691,-0.8474049829302013,0.833915822250928,-1.7482366259146487,0.7334681550184075,-0.5153135006651623,-0.732768774536472,-1.873659289022787,0.9485034620345195,-1.2192889565210605,-0.17160509013113842,-1.1827271651226114,-3.738319798121084,-0.402837389237763,-2.197097652847306,-0.7570870749707984,-0.7673425502134266,-2.1939701341865794,-1.533802379261276,-1.8599798648237458,-0.10263703208643177,-1.7784823425952636,-1.1037522203699333,-0.6720921009072326,-0.21515438805622084,-0.8989359161807529,-0.5694113486812881,0.834135278013337,-0.499153181098586,-1.8704078383801346,4
-1.2830144817021507,-0.816899408807916,0.6123503840519048,0.3530751383566721,-0.962380185485284,-0.16516869884317478,-0.6893194368030201,1.131104615309791,-0.5713379991053235,0.9823470967024421,0.01641236253418521,-1.42790633746855,-1.3412390517207582,-1.259113632883396,0.3797304328378386,0.5203726515433179,-0.26755675971969295,-0.6292783730864288,-0.3169122919566937,-0.3278318815046822,-0.47505047538304057,-0.2261598047309004,0.031177145333260423,-2.285750866512511,-0.32532577274240126,0.2741779872516387,-1.161476278362441,-0.8833381979891666,-3.3122080745055573,-1.53262693560353,-0.05078010765509289,-0.7570164782086257,0.8890887688293736,-1.8586258617582903,1.0209236262916006,-0.7350105786889393,-0.5410579452279314,-1.612713328351079,1.1225660441425878,-1.4303171229042162,-0.18094807722350223,-1.3526078720890276,-3.8869862090668876,-0.5259580010159525,-2.202121652716214,-0.5333520476360286,-0.7945856266820929,-2.1034568502182953,-1.5299589802415519,-1.810180582605629,-0.21023585281252072,-1.4870372317750387,-1.16465750267934,-0.5839952346576625,-0.08718535954415946,-1.1105626297531066,-0.8019924535364409,0.7856996671242047,-0.6207385873396254,-1.833487397573908,4
0.013045205779174377,-0.6562864493835959,-0.20769192091131256,0.17310693435665303,-1.058603545048201,-0.13051864165562568,-1.1806098717062063,0.6785802751703061,-0.13359090202852142,0.8107584874258524,-0.505444165901666,-1.7649675195145558,-1.470669861220329,-1.3852486406076976,0.32677682720105,0.9430982221054864,-0.062445229763181176,-0.4585483407689066,-0.5157783009408544,-0.0779820974315075,-0.14650977781423194,-0.5394533589397896,0.07803721591627627,-2.5902720819858898,-0.709011562173697,0.006864534677560985,-1.2570689039984753,-0.7005092556602961,-3.2327919374663296,-1.4565192909272213,-0.0395677798514522,-0.9221987384416974,1.1102038971567874,-1.7058672459392705,0.8248464097012576,-0.6740991100956267,-0.7366109175482002,-1.4701985706130232,0.8899683455803018,-1.4342469620740583,-0.27371672663867963,-1.221837416618785,-3.7776580091513274,-0.39718227018929275,-2.0586142842380277,-0.6861247623971727,-0.6524577601642936,-1.97734394202768,-1.2718955383572268,-2.0152164164490207,-0.25286623655317925,-1.526488741858444,-1.253420694186491,-0.6881491854986688,-0.1042385717949322,-0.8733277200673617,-0.7163513310272347,0.9132003468022833,-0.5961709775495253,-1.72866205548812,4
0.0946543917540707,-1.7939279716605765,0.2196586390838154,1.144071084768233,-0.38919728897631095,-0.680587338878535,-2.0731637119904205,1.4989294340897616,-0.6155541907588887,1.2127227272686498,-0.448806653109721,-1.8731564953381805,-1.3225418280896628,-1.1704571434758777,0.32074774355666086,0.7026224003873932,-0.27934836359672804,-1.0466631828726811,-0.36876044640016264,-0.09113055860039751,-0.21257176927953575,0.09195124782249559,0.1317267417170449,-2.2703971360827726,-0.3706013328983211,-0.08771299052317164,-1.1371120519854496,-0.7146502826528274,-3.1534190976484617,-1.4277039884945326,-0.04019733505007846,-0.9670170256123237,0.8846939644365157,-1.9012064676158662,0.9513968816948386,-0.7696705433496023,-0.6159898038979764,-1.7637354817494386,1.1290105530508219,-1.3320481731581975,-0.25199060195309214,-1.3319839106853328,-3.745422814144101,-0.4662384931589628,-2.0784231016971817,-0.4735512580396489,-0.7850943644873203,-2.0336801504100017,-1.3900178552541342,-1.9892365337759472,-0.03922726006708477,-1.648386119175406,-1.4320345789435407,-0.6377757165575042,-0.16764309234864108,-0.9728503287840699,-0.5915898359309936,0.9316605062662155,-0.4463728155805389,-1.8626518366983587,4
-1.2457764122151596,-2.169122257444238,-0.4997139556937441,0.4178270368589645,-0.08877509477416395,0.20331556831203568,-1.12965812451258,0.6979388119017571,-0.8447163168179432,1.0227575322988638,-0.5988609353232857,-1.6565093083985547,-1.669249561777225,-2.048486454081823,0.6620976309017441,0.9720434839726784,-0.2787109822721148,-1.0990154184019334,-0.4940460616458881,-0.1302686138495552,0.007939113563962985,-0.16334681328877837,0.06638183499899127,-2.168469857420231,-0.4931106162825614,-0.24725507428399693,-1.1611657678321055,-0.5202742474190095,-3.4246255808713895,-1.4000881179101958,-0.10528038634443382,-1.0446107032421745,1.1327316924653663,-1.9692484066754727,0.7944953190260001,-0.6030964734917788,-0.7313178191732019,-1.5504064664609196,0.9119271924734089,-1.536996895061767,-0.32867747287616633,-1.2951912493220201,-3.8752461604082185,-0.45617592342217905,-2.0258113421479105,-0.7207145566125603,-0.8006936900746295,-1.9741940971988456,-1.2153536013343562,-2.0859072994966614,-0.26317697928210826,-1.4146987311411874,-1.2895377696562562,-0.5558621381711384,-0.08457604908827254,-0.9541592188464552,-0.7174150187763967,1.0816177775271616,-0.6498070059089804,-1.939094436226857,4
-0.037535291419358706,-1.9151101501801269,0.192253896252303,0.09719348432445657,0.17004035506066473,-0.06840887156739824,-1.2800528120027996,0.665599141205733,-0.4950644430199317,0.9427022021525704,-0.5016372092637084,-1.5419569748261717,-1.5728022858953112,-1.4399468389284265,0.028811282594024323,0.6085462218599574,-0.14401896853439805,-0.4621958056135228,-0.210867489850585,-0.37199619552998187,-0.33003965006644953,-0.4497802080327934,-0.10204513737605711,-2.00639101512639,-0.20830421587273285,-0.20016225546776695,-1.4111497183193917,-0.6732709185496503,-3.143755633678062,-1.4144301139142452,0.20230944134894327,-0.9065569887687396,0.9747324631691928,-1.8257985387322277,0.8596726622788473,-0.6663758756759247,-0.7350473124248799,-1.866516112445551,0.8726571907087327,-1.235832806819356,-0.2130118012764784,-1.2964460932631314,-4.151529649388835,-0.45253494210212847,-2.125866517407696,-0.6422311978591425,-0.6790229769998515,-1.9585813118192694,-1.257332358268563,-2.057926106647108,-0.05335443006272471,-1.5210605455434354,-1.0043013803059675,-0.6044643312031569,-0.17389978456865296,-0.9870205816941496,-0.6549731558322208,1.1004730741773232,-0.5500329437194135,-1.9319674985730064,4
0.21986921285591346,-1.3497573685908095,0.2075642568520332,-0.4589402125204096,-0.7199927348817753,-0.17749635307004813,-0.9781556832782401,0.7257152021727644,-1.1608803875984224,1.099765827456526,0.14727184869326493,-1.7923339952941706,-1.5327404456958986,-1.4425514384643685,0.3098155008934617,0.9249171768357718,0.08034718860051615,-0.5839109172196982,-0.20919122732134016,-0.1502625000476954,0.09852564577962747,-0.1433523196756589,-0.18451452971280433,-2.0802168070680733,-0.5736016363218635,-0.09469418546581053,-1.2408831570541647,-0.7131611875381081,-3.333162257203201,-1.7181449714913926,-0.020627192746592506,-0.9041081825945846,1.0873518571863567,-1.693915069579459,0.7438607213072985,-0.7118065357420728,-0.9805434984511602,-1.6728011851799351,0.7528743947845102,-1.2555030119942479,-0.23255090619590965,-1.353488625307332,-3.9730652357222755,-0.43161534111318844,-2.105701225604171,-0.7876955701954966,-0.683959197771204,-1.8688561045505694,-1.3661409200904537,-1.8755307730065853,-0.05234753898795792,-1.6364073776005403,-1.2232711584916283,-0.5366828805221744,-0.03587266145598729,-0.9451559656908641,-0.5207736455211929,0.9155615783983704,-0.6584925332520256,-1.950044272131764,4
0.21891027211846859,-1.0380295000976847,0.5224389965937429,1.1489349281977297,-0.8158972627065291,-0.2888148429244509,-1.4113874440181264,0.2748284123381594,-0.5162058619413705,1.0044553366182267,-0.3424988745440444,-1.4323485494721042,-1.6778162361762536,-1.2144678807376725,0.5260187897038127,1.0216670574303024,-0.48879208921655626,-0.654600971429403,-0.24978699713705677,-0.30496671217309745,0.01809549051242476,-0.31288178489111124,0.030579186414953524,-2.1358724776748055,-0.39500565533045207,-0.1345941727021475,-1.3107933891069645,-0.8238076335531515,-3.310117450051706,-1.7929879599904484,0.007596074067875211,-1.1743475560215297,1.05163578550712,-1.867094532460013,0.8799422057890275,-0.623601308987125,-0.7943647716058286,-1.7941987373875123,0.6594666150752704,-1.4286991051463604,-0.4328331642814614,-1.191483994706405,-3.9210292312935304,-0.28356321102702126,-1.9374032926831648,-0.5784880861065063,-0.6468004500464557,-1.908677691206891,-1.4082093535812457,-1.9028542348530477,-0.21608962416831495,-1.414084155921539,-1.1024034294195884,-0.5366903289514806,-0.04063954409418008,-0.8242881373293482,-0.7096132824097684,1.0893275520008885,-0.5309288189887783,-2.097330738472549,4
1.2722433845417447,0.8519925429702893,0.16833823555418553,1.1564659409406688,-0.2183650401578197,-0.28446672299573084,-0.8774903657067007,0.8697051831137396,-0.4385173774980873,1.1373335393895054,-0.5246387344841782,-1.4080530069279276,-1.5525921218565537,-1.6538875827126807,0.1567155270881506,1.1676534464159385,-0.5444555969815854,-0.6355426411936328,-0.2951835813847665,0.03599061165240536,-0.11270765315734693,-0.21320037698276254,-0.21474917040982916,-2.2932079074867158,-0.2656605145502049,-0.04137071164779926,-1.2587795232248793,-0.5011961353311936,-3.087917669951643,-1.71358814508864,0.08467456777616267,-0.9857502719898632,0.9854908530277964,-1.6047578630075658,1.1455648369450218,-0.5538601370748042,-0.7786758293851168,-1.6760998360443349,0.8009673630846443,-1.318316417556031,-0.17572630629256003,-1.2957886569120518,-4.0885732520413836,-0.19466062382713456,-1.985445702978823,-0.5818318684890568,-0.5419246719339619,-2.0388686521428387,-1.4880511784258421,-1.9536732510540096,0.12253242913751367,-1.6091935393876604,-1.189880297677972,-0.5519943522089797,0.03392780900281267,-1.0248288411505797,-0.6410623513443205,1.0392837662694967,-0.7100132861383016,-1.9196411072181867,4
0.9870422832540631,-0.3407048426607743,0.7561803368738188,0.09585812833206096,-0.32751729578644945,0.05482489673834376,-1.5893682878853634,1.0878994997246536,-0.6064954790527708,1.1976846500721532,-0.512171468929669,-1.7399300008293732,-1.6627097511418913,-1.7477790832483713,0.39675324898527026,0.8522788508142194,-0.31272068088307614,-0.7984373507290102,-0.5181423058710656,-0.22211857086410555,-0.1573187649292992,-0.1216503600684172,-0.08498194480607918,-2.285066522854584,-0.6115025309198272,-0.21978813440298234,-1.1315671736630815,-0.5120291236746023,-3.1086373601624206,-1.5318064897405075,0.03745200556849534,-0.9855370765274098,0.9419258416400371,-1.7203066622727106,1.0632284670346819,-0.87575610279668,-0.9056727835820104,-1.6418649001883765,0.9462621284428218,-1.326458940432172,-0.3153590826648723,-1.2105786222539057,-3.867835248383506,-0.24209323326416754,-2.0062146209847933,-0.7698776212427801,-0.6256691605098675,-1.9087805732051886,-1.3676658324487374,-1.7870256659300794,-0.19580825043834252,-1.5296560137942985,-1.1623155934226446,-0.4773441897285708,-0.15733933483514048,-0.8831551129413835,-0.6271186001721544,1.0024156577277146,-0.7218291528061695,-1.861805984051683,4
0.9870777146054993,-1.769455829554846,-0.3814089561073086,0.4030277302433619,-0.937201936657329,-0.6926035722000574,-1.0817632153465329,0.9071523520040168,-0.5735100553970509,0.706120595280395,-0.1369524477678255,-1.8678036708789025,-1.1268199982262121,-1.3545756024712614,0.6461253090940738,0.8733837887070491,-0.522357741368803,-0.633336167515663,-0.28817458717276184,-0.2252207697391862,-0.0524471557422395,-0.39751060841313995,0.1294343758719038,-2.146997092841724,-0.32460766443834466,-0.029824647844737928,-1.037641737392428,-0.7943398065153742,-3.2802531078573782,-1.483192075652279,0.011990275084787904,-0.8645731396077594,0.9414052501207799,-1.9216378185439984,1.0679942689966586,-0.34912147792472253,-0.7551267730688044,-1.7316122351964356,0.7485148085315886,-1.32107129771067,-0.4603358563842117,-1.2345643615989357,-4.132786591573944,-0.5498537138345627,-2.195838110480521,-0.7002342524713155,-0.5134051873315055,-1.9268090854999549,-1.3767513530003044,-1.8815480863162266,-0.24864128523641846,-1.6424366871591405,-1.2659412982183407,-0.49839414153574624,-0.1926550764779878,-0.7604199319129342,-0.599206063473975,0.8469609927306674,-0.6254088718496067,-1.8129476455336218,4
1.09037482519039,-1.7744632925141208,0.019568128631080733,1.046135803466299,-1.230579100514203,-0.24867836898566117,-1.1513175347734395,1.0749913495107306,0.013981166714669757,1.218125869132183,0.19041926600824532,-1.8375894048675807,-1.5144194871348333,-1.4029211250212084,0.435208043837844,0.6904744055487456,-0.036013543836059925,-0.4303160788901536,-0.6155583938292561,0.011825436126861377,-0.37454637200152596,-0.39971122883265997,0.17193826872916274,-1.7987658736888192,-0.3848724643168597,-0.28228697515690687,-1.2105406269687087,-0.7201151029922725,-3.3330796107882597,-1.5028270675553217,0.09160433063758468,-1.0622188454075432,0.9094725075000449,-1.6584342656937534,1.0441197114959626,-0.606469814262716,-0.9831145433884456,-1.6261715869219684,0.7242522017196709,-1.346664878601469,-0.18419407107231434,-1.1505489420195583,-4.062612998578347,-0.46573782254656454,-2.1332782315450105,-0.802840673401424,-0.6659703535305457,-1.9022857508493307,-1.359158400693797,-2.019915415015868,-0.20481592982027447,-1.505358884736626,-1.3953362775776077,-0.6820249290542358,-0.2905090446222288,-0.8458484672599614,-0.7571425499617859,0.9061204597974186,-0.6680854168239281,-2.0058665797912583,4
-0.5480979034181696,-1.589703075887724,-0.10783654678851651,-0.10829861584240025,0.5139011287816176,0.0514906491784754,-0.9191563635962883,1.1541254886110532,-0.3077334909591578,0.9993845016914835,-0.5912206168172562,-1.6676633070536602,-1.4577748229489833,-1.2672162414362749,0.18298020885440525,0.5069364309846189,-0.43255138779626634,-0.6741701438344151,-0.414087017723253,-0.20171364008291331,-0.17619490823428263,-0.20541862734967886,0.06631154405168348,-2.111066929001252,-0.5813197661790763,0.14235021287521427,-1.2097230173264004,-0.5591851139432615,-3.1260847900959727,-1.6600954633083485,0.07192607773830986,-0.8115053697515269,1.0442843579619427,-1.7620074713548486,0.9234314612859261,-0.5089686717486519,-0.8406295509808721,-1.5836666910448305,0.8179397054030673,-1.4544229496693766,-0.15936107565684812,-1.440654933112457,-3.978144810778934,-0.462740562727874,-2.1192548394099435,-0.611567489220544,-0.753054392108591,-1.8238306594923288,-1.3408194319641127,-1.9941529569842864,-0.024076232028817285,-1.3526559956043083,-1.1670008502455806,-0.6252067003083723,-0.06430426759918671,-0.8597757738335122,-0.516720464830606,0.9065653125453426,-0.5700494070708773,-1.8976904542253805,4
0.756034420612922,-2.1053461148584356,-0.25686571245908035,-0.36830779615973963,-0.24947555978818298,-0.6241559072881548,-1.4651917793925064,0.8676222224793237,-0.5469108046045338,0.9467032172563388,-0.042519924709467194,-1.2352429722295195,-1.000373982443549,-1.632158115190518,0.3332746242852782,0.7212911042210932,-0.2870086548942776,-0.6881262066158681,-0.34333602507028493,-0.09501141113768743,0.09993050882007201,-0.2635821360348997,-0.008983829918816064,-1.938947837882446,-0.42624071571811606,-0.10907856258462557,-1.4422369763454546,-0.9023928188165602,-3.117677044252863,-1.7207622206691142,-0.07235422037496445,-0.9821075512479157,0.7563664352704838,-1.8142473508304928,0.8582933368714694,-0.6227565913663671,-0.5779731479938341,-1.7086974719427808,0.9387909242154331,-1.2952867590818105,-0.36332715685888967,-1.3878839789185171,-4.060247970749786,-0.409088952073692,-2.1157491475204244,-0.6930106542415603,-0.8366962660848822,-2.15928405825729,-1.6443266468987816,-2.0082295779199693,-0.1578997376264666,-1.566619165901208,-1.3194096954418084,-0.5157272128721955,-0.16365189224933652,-0.8760280177959097,-0.5810169648464807,1.00886340116466,-0.7324571314486492,-1.8844641126235593,4
-0.37285608378818996,-0.978313128591863,0.09299683826294093,0.08837519564644386,-0.48831449449081304,-0.3727381131384817,-1.2935085983735624,0.7815720841447253,-0.7014868302950767,0.6311603340180845,-0.24611436489291935,-1.390266243564024,-1.4290188546690108,-1.2211488494848166,-0.0639166265232004,1.0690881133851986,0.10602309041024705,-0.7653925375601758,-0.4233384788088937,-0.06094957131959071,-0.29330560153497554,-0.32009474073181265,-0.05076152808769176,-1.922288153890903,-0.5333078896843466,0.0697078607686096,-1.2363368575776206,-0.4928850805980892,-3.262369939799665,-1.407835030066364,0.040211340431004175,-1.130927217593869,1.0555007051916565,-1.880745492301648,0.8924671314172903,-0.39897625939388504,-0.5522372164371243,-1.6951065628053799,0.8899716915745318,-1.2684138449211038,-0.3681775265452741,-1.2264553792928712,-3.9776472038103456,-0.3529329621243211,-2.163169696636995,-0.7348764742341813,-0.5796256410670654,-2.181177441659595,-1.4040110588045622,-1.8385454506112247,-0.23088057300303844,-1.4851592426159703,-1.2468892907816937,-0.6816444453779749,-0.12580950847775407,-0.9221094672434565,-0.7586037543943029,0.9494606594781779,-0.6435113032062778,-2.0240051935023904,4
0.2199065833506699,-0.6379598715099642,0.8699503310432083,-0.05447008343402335,-1.0121721885499733,-0.6069884420851817,-1.0820499905456176,0.7427663964589966,-0.1314250627628381,1.0784225812908368,0.10776038808038269,-1.9738859892751488,-1.3271485340169191,-0.9927543440098638,0.4451601951851318,1.006003536059946,-0.6653977061497361,-0.7082585500754845,-0.3568858922139205,-0.044003926642210645,0.06266038618768738,-0.21668966978761206,-0.11309276859274942,-1.677636739598459,-0.3504079910799395,-0.13293722635236935,-0.9235019218731837,-0.5436199472748964,-3.242880026366921,-1.5033677203401878,0.03265698270690735,-0.864320766757676,0.8213342772045458,-1.7391818286749996,1.1855504109328843,-0.7240856710071875,-0.7715788067463182,-1.6920497399952037,1.0039638646202018,-1.4064244808611532,-0.37233993818424305,-1.3832162671757104,-3.9286408220651854,-0.4838234116515884,-2.001599504413646,-0.6974386644930352,-0.8807435552258807,-1.9974702465339034,-1.474471753376145,-2.103451720119994,-0.36080114410763586,-1.4982239553241203,-1.2402420582830669,-0.5813234684824817,-0.08781660320003107,-0.8987902846618399,-0.6137802285320701,1.026998121250294,-0.6877946591970976,-1.8457460149611395,4
0.8501684226252871,-2.3071874049587056,0.15567855756021862,-0.5639236376245026,0.1347380256031484,-0.2353765602202239,-1.222127274499787,1.443558000764227,-0.36763728498424586,1.1295126891088287,-0.251013603039186,-1.6168936276596713,-1.4957873439907932,-1.413505302686302,-0.12570742165981785,0.5156222119354548,-0.11113868261480961,-0.7816529576554418,-0.3529171833434707,-0.04651869792092478,-0.13804068815854723,-0.09421620105059317,0.00554448020805353,-2.233043798142637,-0.42956569901674346,-0.24378350303831245,-1.3271615805411354,-0.6240787224134123,-3.2068711902138745,-1.5320737811087546,-0.02157679462124297,-0.8334416429881557,1.0890589541776368,-1.7121617707476693,0.9988265165023819,-0.5185176416034192,-0.8149095068667845,-1.6222858088499288,1.1369458831053054,-1.2988856198011796,-0.3908143457782939,-1.156083604802788,-3.8239598715849437,-0.2748489636635203,-2.144840866798089,-0.538093311208741,-0.7801796660699841,-1.8620371471244888,-1.2685191537430425,-1.9883227030480697,-0.2207218870231721,-1.4830043262369368,-1.3576342971608724,-0.5807394590409816,-0.043416060920946783,-1.080174993045172,-0.7611800421939685,0.8692916747665856,-0.5939494320360215,-1.855025367302817,4
0.515209332792136,-1.7912407225087557,0.009674599679951504,0.45540142419576685,-0.7452219358465212,0.3492996552803408,-1.365756620294634,1.3288507395295222,-0.4688346604342553,0.907786027170154,-0.47671680827606777,-1.4376257539472779,-1.6323533129008885,-1.8774290793261383,0.44757202357996817,0.5915074236131196,-0.02181736268651463,-0.7564401074095736,-0.5460984467414128,-0.09302944579886793,-0.06325036724628581,-0.21578885093805764,-0.1277861348073811,-1.8969595481191714,-0.4274608308870901,-0.24636272669573703,-1.1806101522152523,-0.7270973692064435,-3.216341470781968,-1.8106225397484024,0.14548583078920868,-0.9516427682644979,0.9700787386465173,-1.8906960067623941,1.0803179574668085,-0.442584939934828,-0.6937356835391126,-1.6289898829319833,0.749310009836748,-1.2518459166645022,-0.2542882523425664,-1.2730709529411088,-3.993081342312625,-0.5518886380920333,-2.1422149415824525,-0.599168832268395,-0.8018905239943552,-1.9457729519526537,-1.5162845933134825,-1.7597767034793637,-0.19656379184194817,-1.4791258475487792,-1.0963087736592234,-0.5467312356204966,-0.14283642360368037,-0.9276045598144738,-0.5456269384544936,1.0671007655002327,-0.6960877673665266,-1.9071455926487793,4
1.1191881786483147,-0.987481429299036,0.041397223230196574,0.38841531112828914,-0.3992513993607988,0.3824421670484207,-1.0612815075566755,0.8362602542043053,-0.5729046575416226,1.09160916684248,-0.34668089282722714,-1.493475031952342,-1.3386481311271345,-1.5591627934364989,0.1515111978335572,1.0830062468872805,-0.38132068914266426,-0.4536841485353108,-0.4095865100609217,0.021927628166920177,0.05712713595180391,-0.1514702767931609,-0.023232377971180482,-2.1525935192308547,-0.3827270655676733,0.0648265265579413,-1.135714567855027,-0.5733329941901363,-3.0580924034806882,-1.78384782043076,0.3122683796164249,-1.0358538060523006,1.100170507059864,-1.859671644023422,0.9943723252566362,-0.5624126973921405,-0.9385527621923158,-1.6595936922075343,1.0682696487035481,-1.4763048098632738,-0.32806167759647437,-1.1696043224594794,-4.233300961549951,-0.3304889711631981,-2.000255640706057,-0.6916383325275025,-0.7820465459914338,-1.9110860836438346,-1.3507122098285038,-1.9182368640299057,-0.15031585518262097,-1.5339757779795054,-1.2159661046362091,-0.7794339793648192,-0.09323678039467861,-0.8957181933197922,-0.5372448605446557,0.91276860765127,-0.5456753877247756,-1.9257525430238889,4
-0.5358638539900767,-0.9839113783619827,-0.03520427175647786,0.5748273871156202,-0.7109183198393629,-0.16474397361265827,-1.6058699377100407,0.8854626786656992,-0.2848685867432751,1.0924559904419948,-0.406167491586431,-1.5586528890024576,-1.040242121025084,-1.6510155579799206,-0.016980511078271088,0.6731802121658943,-0.3031493109159122,-0.5758296663675456,-0.616572203286565,-0.1813142594080505,-0.11294651218615576,-0.29391185298257266,0.13866734531004266,-2.1563732050252167,-0.583379835774571,-0.04522801184011327,-0.9780836590137466,-0.41150061240517555,-2.8744100142948596,-1.4134857124020905,0.1752418371942303,-1.2698875919600892,1.2799396870126991,-1.9244617078836654,0.7800535197049204,-0.7946130274635911,-0.7324704172789657,-1.6087699608202484,1.0350435709795809,-1.1974426792014392,-0.19816311044293577,-1.4008559258172888,-4.081862219082846,-0.23273432100365146,-2.156613074470543,-0.5482836590794283,-0.6978252524838741,-1.9213715273190732,-1.3510767799085148,-1.9132746063694308,-0.08260004166517133,-1.4782201970103395,-1.3022606233766392,-0.4600041211957244,-0.13138824569963672,-0.859959486469847,-0.5806904128274757,1.0095417431341271,-0.5747719563511225,-1.9842191620690195,4
-0.7362753125870418,-1.6289998211524617,-0.6109834348983895,0.065469859025201,-0.8905622334464784,-0.28821609654943503,-1.2869644597113594,1.3288334480852648,-0.7851857045983123,1.0402148273814098,-0.07083844684608964,-1.7064790453807326,-1.0958965514229866,-1.4977732147554905,0.5544167499802668,0.786585961280996,0.17929851172846445,-0.9540999490889563,-0.31252750751276004,-0.27139406052832676,-0.3607813138631787,-0.2757946994985716,0.19306423483885876,-2.3212904601390054,-0.5110446436163137,-0.02338552810297996,-1.057636555548841,-0.7813809010502374,-3.016299006573688,-1.5006398174126956,0.041641780658579916,-0.9970583268515215,1.1900649380615664,-1.8389649770596834,1.065199750399626,-0.6369059194751767,-0.7015489415342555,-1.6483859001087258,0.8724956480032702,-1.42266922397178,-0.361461909091466,-1.1550262091996975,-4.032066543547831,-0.43471819673439716,-2.2248330843540858,-0.6394024125283526,-0.7589999200284964,-2.017381133972611,-1.479069375720411,-1.9132422436842584,-0.11812037759142281,-1.6122312322421712,-1.1784070139140834,-0.6084658610227729,-0.09791114760652814,-0.9844853632920761,-0.6076276596017779,0.9192095397920802,-0.5642231430308646,-1.975293936529884,4
-1.0843850197605076,-1.161359438695704,-0.630059864383641,-0.28601096624399786,-0.19658616756963326,-0.16264774759591805,-0.8348371945759874,1.099047734436818,-0.46121367657432943,1.2280428879347922,-0.49679099645271657,-1.2891202938686532,-1.4473651364326299,-1.1979423168688197,0.16470270874014928,0.6391002704561142,0.03735554018330456,-0.8334323983182129,-0.48427551072334846,0.05918560285533772,-0.1043418540670234,-0.3728363739033812,-0.027668205803485352,-2.0929518079664637,-0.4107355107266962,-0.04116832333030261,-1.0044481878892122,-0.4964858461181475,-3.1798523298399957,-1.453467512080931,-0.0956863943757266,-1.0642279176191274,1.019893241057629,-1.7865576546286175,0.9730198563922361,-0.7193783884137304,-0.6466279137387737,-1.668404459552628,0.8874228055583724,-1.223937905519418,-0.27008679745416364,-1.083036558177024,-3.9167380423671925,-0.7697468980845541,-2.1876330834828184,-0.5193166182733665,-0.8051931072240616,-2.0265357284589327,-1.3871600228800929,-1.9577496115177675,0.018095583621955874,-1.5142368532905042,-1.1345075790595984,-0.5317852485662585,-0.15187381151005272,-0.9687947382279507,-0.7311036704578208,1.0738116306578682,-0.5771096087365477,-1.8033502253772111,4
-1.6226522549536662,-1.4687474817388178,-0.5027542629291274,0.26325018806096523,-0.4989909527592914,0.5001078483349856,-1.699258130548158,0.6857047992560039,-1.0800464495170186,1.4838176857867647,-0.5259752453873815,-1.8886585016864883,-1.4929164467812626,-1.4289642505756357,0.3031399569168626,1.034423881083755,-0.7361408336416506,-0.6507491025017823,-0.45266256922952935,-0.18732085449255487,-0.09465047657584155,-0.4454860589959823,0.26064092858476773,-1.945167947116378,-0.6616292001762523,-0.3579660523941729,-1.2119809602735898,-0.7809050171000722,-3.272038371024739,-1.4090301014928739,0.15435959866385968,-0.8842657436661594,0.895204039357808,-1.7495646350790541,0.9229973346898721,-0.6323254295434102,-0.7455787626070179,-1.7273348617835493,0.8568542550014888,-1.459516647872805,-0.43510522122968576,-1.2601457386595278,-3.791810151074472,-0.3509996335777755,-2.0377774933402133,-0.3952716730808696,-0.6954190991688113,-2.0282728332750444,-1.4356892609170984,-1.9036239658343745,-0.16183748640624143,-1.5747479837943805,-1.2286409584108589,-0.56766172161093,-0.22446201556762696,-1.0003913480876199,-0.6874108341642939,0.9570251789277818,-0.6773267910358148,-1.8685932861876804,4
-0.8302772589983336,-1.6570075234686583,-0.1632060208944689,1.1568859196730517,-1.181164329365978,-0.0201446516305627,-1.1758434861061668,0.4630206741824554,-0.5148389343691495,1.0545362629347295,-0.7973337210802776,-2.018741207764682,-1.3001691157508668,-1.3506811284862972,0.25955786706770284,1.2811021139396368,-0.5653295317846974,-0.41249390734748975,-0.6632157651566968,-0.10961368971127486,0.021426616441024338,-0.24977759816982678,-0.007507369652424795,-1.8303727083729577,-0.581249808038953,-0.26689804270361683,-1.0824617157293848,-0.8266586358776375,-3.0811279411120407,-1.5229672049234657,-0.10962880265267676,-1.1377880588927278,0.8984357624507574,-1.9511420010562508,1.1146638728951437,-0.5909516032680222,-0.7510414426794656,-1.622063421032217,1.0343312039694346,-1.306422869838106,-0.26796178841490487,-1.052715558853091,-4.145975799226215,-0.5976643586409613,-2.196199753604249,-0.5497997565434973,-0.5986061435028216,-2.1138441334609985,-1.3914898265975804,-1.91997616631185,-0.07418777577169178,-1.7241513443873508,-1.3134561754223812,-0.7904402410668351,-0.09323052170621003,-1.0049115504475945,-0.7141822439311513,1.1067761452195366,-0.6791740470778909,-1.8929854815316909,0
-0.7167696746874388,-1.3985030305175135,-0.18162697008427986,0.2657331600476359,-0.5065484256606647,-0.2555042414334368,-0.982819729540544,0.9431869965725383,-0.2886473297446938,1.1889922848665133,-0.4926077449688381,-1.6204791044208167,-1.8536229057825861,-1.3394861282402746,0.18076860128235772,0.7192540772385336,-0.1923140116648798,-0.6040572226504369,-0.38996912030816155,0.06122703040405292,-0.10188452658997203,-0.1998826480922359,-0.26447455622864957,-2.2020473671144796,-0.2752129649951547,-0.04192494120858152,-0.9622203599938499,-0.6645558330427729,-3.321592966389614,-1.8130388702297648,0.08257709543279329,-1.3975442417227206,1.232941627251761,-1.6419659540694191,0.9185408687548353,-0.6082087978748069,-0.740945706929736,-1.63808806970588,0.9686492024256962,-1.3119239553741529,-0.5254737088834546,-1.2311710626840158,-3.892240070402804,-0.4003418251314368,-2.0850563185312665,-0.7209468986250892,-0.7313633623818453,-1.97084112910281,-1.4040212007371349,-1.9812406937423626,-0.024123425407666446,-1.6867343221883926,-1.1644007770362288,-0.536483898768052,0.0037269288994304234,-0.9007243340356567,-0.7043769049767935,0.9347768564126507,-0.5979226046423926,-1.8374544820017769,4
-0.6245248253663613,-1.4171004791304334,0.943307634693226,-0.21235565697012954,-0.6812758000125135,0.32783070242843304,-1.7030444841757504,0.3730347625804893,-0.8717083023946062,0.628385617546831,0.18241003134985867,-1.6333658810551128,-1.700617761954045,-1.2842482915195914,0.0006219884382504537,0.6590617046760903,-0.2627288912364645,-0.8087343024652218,-0.37570900378704136,-0.11693625842879304,-0.08987499863665444,-0.512046493828554,-0.39543086558747936,-2.3818503876872406,-0.4148707862558625,-0.13560558507660286,-1.0848850378699235,-0.6117514358073277,-3.1543339729417643,-1.6840720411019447,-0.21381387345980252,-1.1757562439554357,0.9105040834830195,-1.6430683108432897,0.887856412041777,-0.45544069237555884,-0.7623676313780612,-1.8126490997366096,1.2338523377243253,-1.5209588298189392,-0.18445451054347178,-1.359439329990459,-4.077545323332981,-0.2965815479050221,-2.146925937892297,-0.6154895908266533,-0.7151292644286034,-1.984586043635342,-1.504307500388177,-1.8608237321990881,-0.09088889877322562,-1.7439432148927332,-1.1418352938687657,-0.6213284499030707,-0.08031447811972153,-0.917778449946102,-0.5984639781817889,1.0650104965684,-0.5303489409120707,-1.7565481691956368,4
-1.0577153432438307,-0.33064208506028003,0.07089086137880342,-0.00830780807090939,-0.1640124063865886,-0.30975208944429694,-1.06921494638175,0.8235352095995166,-0.7068160988535364,0.5823602988135781,-0.5311370910374373,-2.169514304388869,-1.7503570895991294,-1.307713351491059,0.23681070865508752,0.9335515139054973,-0.3017882349062167,-0.905045544258284,-0.20980554242149965,-0.43085058252189334,-0.06814994479574753,-0.13170201629036002,0.1396076494697683,-2.2975171397338734,-0.4433101293599313,-0.06369120637267439,-1.3346878493177676,-0.7231853024630497,-3.3439745041436275,-1.638629848770665,0.08621011880895782,-1.1731297362466742,0.9818046357308857,-1.8447580120861073,0.8691789095449929,-0.4626888604771594,-0.7910890383305339,-1.7501202116401982,0.9834726103838537,-1.2855212484771148,-0.14910360597510722,-1.1524762727757902,-3.9918425539989926,-0.49193330806946983,-2.141563272645488,-0.6217465067395664,-0.7676826857847318,-1.8868166998143097,-1.3664531630702952,-2.167597001248314,-0.11092917697486927,-1.5971541754995546,-1.1957791743223372,-0.743100968532018,-0.08147900445302593,-0.8807285065618101,-0.6588403286286902,0.8971714469088317,-0.7662863424914453,-1.9443785952365547,4
0.8260843364407888,-0.7010921058923192,0.183287397400054,0.41453325003444635,-0.9241501079805825,-0.17667746385154784,-1.5483479585820494,0.21931219140147284,-0.6482699729081051,0.8311194741552503,-0.4051398516126382,-1.6023842167628928,-1.274659086704261,-1.6287535946163643,0.26910630232075017,1.0125632000259266,-0.27944283176082296,-0.8530917784793031,-0.2194806742254806,-0.20217803217504327,-0.06405872746921581,-0.3862207265627007,-0.003256588827397343,-1.9457789614380228,-0.4352216772747717,-0.10626558773525949,-1.2347612762583928,-0.6341677267903968,-3.243452406249128,-1.8062209656269832,0.030981381094903115,-0.9888401775115827,0.9981547690384566,-1.7397765655011717,0.9627164715220659,-0.42699110140861296,-0.5471076455247292,-1.4916278564561642,0.9156213826566938,-1.3130218580695503,-0.3053970150446429,-1.2174786494004066,-4.023258664207826,-0.3996333692792476,-2.117240869836876,-0.6839731595334864,-0.6559857912633774,-1.9612362336747218,-1.326539771854685,-1.8984371749812088,-0.041585875956029444,-1.583417921329476,-1.3380524606217798,-0.6614635958381585,-0.24165318674860856,-0.8172243541725455,-0.7901110594320474,0.9165515228810203,-0.5551512708198205,-1.858516061856543,4
2.423288949738276,-1.8596623439466806,-0.23087675270973484,0.03940421486072444,-1.0508271833938678,-0.5913416046890863,-1.805236645909496,0.5723540516164347,-0.5754499191135106,0.720186183184123,-0.20393408701022114,-1.4957887053324423,-1.7017064347241087,-1.3734634543562363,0.48668126398308453,0.7891910055388286,-0.2585302574606523,-0.5751369488677949,-0.3413551513976829,-0.25564934223252433,-0.1031845954127466,-0.026559954041671496,-0.004319754285458829,-2.0847215420209815,-0.3998332706158083,-0.07642307424565223,-1.2601590192676115,-0.5416891905494259,-3.441854167248361,-1.690384066314034,-0.0065329224229993405,-0.9945227306047288,0.7849064353900234,-1.881234373019831,1.0764206098527347,-0.6716097247615156,-0.947208067612026,-1.7170935172824924,0.8956000016184373,-1.2342147408289843,-0.2600162593911798,-1.464245936039976,-3.9649822570272035,-0.4630024150136822,-2.1810591436758275,-0.6784532969073194,-0.7081843078072364,-2.034245415679022,-1.5047664671071805,-2.0497582676649997,-0.02433530863804602,-1.4995167343098228,-1.2751318227228319,-0.5943121765446556,0.007081318742073087,-0.9564148752572615,-0.6627019482988963,1.011896804065411,-0.7369876869259495,-1.8588010380472417,3
-0.7877992496610553,-1.6794917901881108,-0.15394825440374812,0.6815388762015054,-0.9597269738923282,-0.6854806212102381,-1.4287550145143935,0.6199729111904589,-0.027848785309427693,1.5136439107297002,-0.3916084315922771,-1.511465968364164,-1.610762654974253,-1.656262350471862,0.5066421807170652,0.58551421052568,-0.3185355958092601,-0.7344599804916637,-0.20819247943142943,-0.40944697979679734,-0.07718590903235467,-0.3360160536659134,-0.05127757623181806,-2.2506904596087938,-0.26454793812042865,-0.10739217253665553,-1.403216948842966,-0.6928905131984844,-3.354715470469158,-1.6713955339342972,0.10272057186721195,-0.9856090870984672,1.1506475635313798,-1.735393078345893,0.96671157112288,-0.5457262461122526,-0.7126223183222564,-1.8340196788908851,1.0068627948128188,-1.3869265861048374,-0.14041150060351454,-1.3518481054128313,-4.010666755143472,-0.32223515590757734,-2.0644349145655028,-0.6546035980421582,-0.7160058992196344,-2.1319738935495187,-1.3447392750028344,-1.874644535202479,-0.07693744386304735,-1.6811180232328065,-1.356794871225438,-0.7246663881306831,-0.10351324674446942,-1.19237703729049,-0.6083296351213986,1.1198576068966428,-0.5510197168118834,-1.9829690025904045,4
-0.458090759686908,-1.5521015652750492,-0.012448604687114298,0.3703178408389016,-0.8370493475165393,-0.46979250109893994,-1.2651004289394592,0.668084968964994,-0.396983936785025,1.221271097309225,-0.35110964170784803,-1.795851224579233,-1.5524824805778978,-1.3346414311491772,0.21984717336043055,0.5331210101628054,-0.25029975333629695,-0.5450200496626657,-0.4842794791494815,0.1891370458483017,-0.13279717654071438,-0.38007180117585493,0.007351041644388476,-2.2029351539605737,-0.5629048079013931,-0.04038975668061866,-1.025032842733746,-0.7795430674384027,-3.1028728977954136,-1.762511206624148,-0.023844530655271326,-0.8468225124288499,1.0065758706837962,-1.6577366737299388,0.8137807187452111,-0.469348890373544,-0.7679612572215981,-1.7797588503757233,0.9151038250226354,-1.4287675601035095,-0.17545682485502162,-1.1726142294270119,-4.055813141185058,-0.5262928343625476,-2.088198918987048,-0.5619326105786049,-0.8542102315429418,-1.8335575650922162,-1.579355242825328,-1.9357893838252875,-0.14650059892370934,-1.7381959448341933,-1.1976266902886026,-0.5921332844848028,0.042079640009552,-0.9755848265429268,-0.7460366082515102,0.892358553032771,-0.5213351265665312,-1.8411505524958083,4
-0.8058829003613819,-1.4053809568691875,0.9502017869257889,-0.024451564108051493,-0.6940927436226958,-0.6038693975452472,-1.3971238541193463,0.8490212971700924,-0.9226981341391665,0.8834452121627848,0.061971284974059015,-2.151303821684893,-1.0796059096834438,-1.3259857374087944,0.15333307761679232,1.1100756958365894,-0.21063774207690145,-0.5641144453747505,-0.2484607574363595,-0.1332303843625047,-0.055831439302051825,-0.1774007983051089,-0.25916893841979105,-2.145537548674828,-0.517833509838806,-0.23897915588560797,-1.1614478281240326,-0.7387856205019905,-3.2184819604520825,-1.678474205463384,-0.17124025924183006,-1.0371364315997327,0.9905141020767522,-1.5942898126477234,0.9205519698845424,-0.5469001579510765,-0.691989587818114,-1.5715859099439387,0.9383579777336161,-1.2786798468683795,-0.10838488206944066,-1.0123624723779172,-4.075008729291267,-0.45845270473178823,-2.323317886459271,-0.6923824065748088,-0.8116675503339122,-2.0565129196404617,-1.2487537984553785,-1.816347704411241,-0.23437598854326977,-1.553050868999971,-1.1733692075051079,-0.4739231089474608,-0.09585769355749144,-1.086122284998375,-0.7452684008114511,0.9563360486478297,-0.5665887046999051,-1.8587734168929297,4
1.2690986740430756,-0.6838306531795375,0.1134784364600606,0.7617439741650547,-0.8751317694212313,-0.02165941193150378,-1.5413509555294744,0.6425861405109117,-0.569000923450989,0.6281817737392615,-0.6173697614758235,-1.2594182388072888,-1.672683396711999,-1.1088532133000524,-0.07267129475602319,0.9137235795465366,-0.5659519859866695,-0.9326676960953851,-0.40266988265773446,-0.07673165580698989,0.16882916952668792,-0.1436626242105559,0.16172814371511526,-2.008748961647422,-0.5337223508565015,0.06081100907987344,-1.2854046042706528,-0.7800010581731005,-3.174265199959759,-1.3956053102313228,-0.17012650631874093,-1.1331590536915817,0.9001113836823937,-1.677325234528233,0.7040891056337019,-0.5922613557362626,-0.6567444972753432,-1.4746698668308713,0.8757443908958841,-1.2575972818357377,-0.26621019081558095,-1.1615577991208408,-4.056855412089885,-0.6234746879336486,-2.0330035594613927,-0.7551988241531706,-0.6692039709267569,-1.8301578671175571,-1.2328908449269302,-1.951982659722105,-0.23533746796921706,-1.4215936117516061,-1.1908437561238827,-0.47340427252592837,-0.17446304324276696,-0.8578437849064297,-0.5798285044215337,0.8886415188794875,-0.6848360448016735,-1.898316195283747,4
-1.8549980737294933,-0.9304665141088715,0.355452983403351,0.31731271592992527,-0.09369530444316754,-0.11002530875099115,-1.188246682961538,0.7097867346311559,-0.482795134861901,1.0335956469656882,-0.40570611051668143,-1.2920358573243742,-1.1412333433650428,-1.3711948961950924,0.19892841767203762,1.0502313989694223,-0.3920577903923641,-0.8028700360565741,-0.23318634932256377,0.04842399020019694,-0.2953195628858366,-0.159592714844496,-0.03452078459150766,-2.365173394134274,-0.43909453234665663,-0.18942353053276195,-1.5189485662096822,-0.7547267327480272,-3.303135902446596,-1.5321052990907795,-0.12094808382416111,-1.0957109567339505,0.9670213264887523,-1.895885580099139,0.709827730801923,-0.8222587430150436,-0.6615889789459197,-1.5635963577720893,0.9301344581445645,-1.2863970144467995,-0.29814458315570114,-1.094955699697738,-3.9941313909345877,-0.3769017545900138,-2.1776347125769244,-0.6126856863398599,-0.8516303750414138,-1.921775651201982,-1.2653568867881144,-2.0027557690770332,-0.14945938959195565,-1.6402059556473632,-1.4106356148764405,-0.6749604512804646,-0.13755719942264724,-0.9185085107502127,-0.6676946651881104,1.011358103260596,-0.5092380654828292,-1.8578209459353745,4
1.401465919925974,-2.8823725545334318,0.2826826739272198,-0.48906562901330386,-1.0431936264503239,-0.03679035010527759,-1.33396390978304,0.6439322674479145,-0.3930415414139761,1.2414638749272302,-0.39469783292873467,-1.6622596199920123,-1.7110349426503089,-1.5027455604576663,0.26554402460527393,0.8518476067159789,-0.3156893428637157,-0.5296941329817714,-0.42389028012384417,0.07640464737104985,-0.0808891702951538,-0.22821633977207345,-0.04094974656216837,-2.3492325747407037,-0.2629865706516793,-0.04710432254754757,-1.1816274560554123,-0.3528437425246743,-3.0623621879528296,-1.5954767795262896,-0.09588273931134227,-0.8658041491006505,1.0514948274237004,-1.8407308607156554,0.9640971834846537,-0.585777981970904,-0.9778444403148461,-1.6764663999493523,0.9822549051188182,-1.3228050225551462,-0.2903690400209113,-1.3619501497242537,-3.9572671583454535,-0.3775321811469403,-2.0437596582236885,-0.6560662193325628,-0.8191084472503637,-1.9631887434962936,-1.2911088775836486,-1.9149342348378595,-0.17633637192149534,-1.4488018470473831,-1.1477090452113894,-0.656981265381782,0.05641724828667419,-0.9364010493379658,-0.4524228538338854,0.8410680169683958,-0.6636668082032401,-1.9112919830420372,3
-2.630213906838968,-1.879968372608484,-0.08420284170403369,0.2133032275165253,-0.6396215602483356,-0.021380923471857077,-1.3870562862841052,0.6299039886088423,-0.5553066332238055,0.6484707344068134,-0.03213932905578276,-1.7885180726825596,-1.342285997605112,-1.243309285471141,0.33374303003266154,0.7995482092481141,-0.11391308531154481,-0.3416471939918105,-0.3038745394679148,0.024484128393649135,-0.31973003551285684,-0.2090129544044247,-0.23002172137983862,-2.1924648835852776,-0.4315173175027372,-0.09350301083119675,-1.1279526729909897,-0.8538686200152834,-3.327299195675466,-1.480304030920593,0.01683619202292037,-0.7459143732573372,0.9931883941979687,-1.8359352386024315,1.0615577909563352,-0.6825184820836054,-0.6046891807906103,-1.6573268660255038,0.9995527263094507,-1.2429852975756883,-0.43272668084161986,-1.1690400696534469,-4.012088495602698,-0.4751535631314582,-2.2560664692214867,-0.6278705361653352,-0.7751596564603588,-1.8122722285661501,-1.2978445287431573,-1.9925396079883873,-0.1656838225783568,-1.605704912236437,-1.3869320648253702,-0.6034729701421411,-0.09591727159932811,-0.8863878204124164,-0.6192345266016114,0.8133866836412411,-0.5718341139331812,-1.9199838821507396,4
-0.31168047857292736,-1.8016011583708598,0.23272264111106622,0.3324876483228012,-0.19814419371702485,-0.14372636420319782,-1.3365168183884517,0.5521965275957588,-0.38165951597860004,0.7191363140531135,-0.3866029937380565,-1.3101079555902417,-1.5564438569984222,-1.1427414123123274,0.5051037064530339,0.9328645002999612,-0.5601804030849329,-0.5424595995787651,-0.26213520951562985,-0.0752003902563211,-0.2989351925701728,-0.23045512364050397,-0.14701087845252941,-2.187025667125587,-0.13613833127790004,-0.42315352667999945,-1.3186676280190417,-0.815638021617823,-3.258267195143383,-1.5513383228882536,0.12420888512590024,-0.8745703214844673,1.1613548836149488,-1.7647263123978987,0.8066811468355208,-0.6401394523968652,-0.7366374982412972,-1.679975189707774,1.0028226197162893,-1.418724998249256,-0.08573319769660645,-1.1827355099703643,-3.9766655409904392,-0.5472351644163636,-2.1864181818314314,-0.6043110779690916,-0.5252746603406585,-1.938339652006093,-1.3017514723147006,-1.9802896943559292,-0.14003594300047306,-1.508639633440557,-1.0363249304872149,-0.4614234990582674,-0.28575163502850787,-0.8834818573932237,-0.6492110823927656,0.9428401321120652,-0.6363890222130326,-1.7775207238714326,4
-0.16372269404333492,-0.6260739084795134,-0.4491696649074862,0.13531930326383543,-0.5040789708226822,0.16842272916503642,-1.1530475820496942,0.66922094747988,-0.36803828797859073,1.390844959294616,-0.39855011307925975,-1.634736546493515,-1.1801196380081436,-1.5121108418324383,0.2660275881501754,0.517611008313741,-0.653843146385526,-0.8369861762301634,-0.17995630074109675,-0.02693663394185225,-0.36456991757830026,-0.31145110579532764,-0.10512706144183728,-1.8424750026327272,-0.4920373763012677,-0.10487089576631517,-0.9840002361225131,-0.6223659954287493,-3.238759860133855,-1.648825754551279,0.3116692211536383,-1.005943118199672,1.058881332400268,-1.9627189150854036,1.0092506350982962,-0.5310810708523312,-0.6874769974009506,-1.8526552283727404,0.9765679662697416,-1.222607308878221,-0.10005916400589104,-1.3694170664215595,-3.8984897890933494,-0.4883701181674214,-1.9736260329627515,-0.7447292790353155,-0.7444437099334005,-2.0120629859991843,-1.4046603270280222,-1.8439307348082876,-0.11297009363029796,-1.4927471010446067,-1.1015304627047033,-0.5152759173239234,-0.2324111703206161,-0.875311930784026,-0.7045671465782449,1.0546201444232288,-0.681053819232867,-1.9468006285894623,4
-0.9479052711064655,-1.5331097893253691,0.21400518208380104,-0.14397204861569585,-0.9574862163327114,0.3395260752369625,-1.23153223722724,0.685660085081888,-0.43801257709579017,0.7978230015457548,-0.2031992601792965,-1.3021764563468077,-1.4966109351506436,-1.549015105303777,0.7557644791521692,0.7855644216587241,-0.11096523555193416,-0.8017008658561662,-0.5674039846705353,-0.22465131560554807,0.09277765576895097,-0.2143867683441395,-0.16497700239816152,-2.1277353093473663,-0.382525444526975,0.2534823207644758,-0.940969826162986,-0.8399731674156221,-3.556551678692176,-1.6597179120451233,-0.17503482125742087,-1.0389126592680282,1.0951988946438633,-1.7891118751880657,0.9158205667262224,-0.7568319875790945,-0.7214302544109604,-1.4951092168783713,0.7689194560014372,-1.4901443253235158,-0.31426875823892814,-1.1417944364216273,-4.156407405977946,-0.4005184656552452,-2.208880031524067,-0.7276227150549459,-0.6207879728783223,-2.2983179872524864,-1.2928618271254189,-1.8377454970287712,-0.2477138409617306,-1.405140820836668,-1.1600007545687072,-0.5614478627169988,0.09337303885635659,-0.8092780041620837,-0.5376984229071251,1.0296943168446682,-0.7447012683638086,-1.8660789995580063,4
-0.7056209315266031,-2.0683314342430754,-0.6643501536383039,0.351012404271544,-0.5861812085632079,-0.16924375621048646,-0.8868609301738322,1.3085544107352338,-0.8059889573311048,0.5306329070358503,-0.4696186492936328,-1.3296542725462615,-1.370318996448362,-1.6137637693856466,0.48385939303548375,0.7764797421252785,-0.5180587675008037,-0.7804692354058786,-0.40827451903565626,-0.2538760081342859,-0.07125807489202442,-0.09390012062943051,-0.053641845947291295,-2.022722911120012,-0.07196392056991896,-0.0937804614942182,-1.196853140000587,-0.8319044984076194,-3.295184935013507,-1.5596063320919353,0.2578651164589537,-1.0813303655090682,1.0267424947575523,-1.631680701173038,1.0420774041988385,-0.7860313883437314,-0.6403782090984712,-1.6368037308492214,0.7785444674915193,-1.286589672109105,-0.349436972716101,-1.3979882610932601,-3.974228398067642,-0.43316277113573287,-2.195822311364647,-0.4442561558166902,-0.6350231112233844,-2.083311701458783,-1.479737313994899,-2.020018927024018,-0.1517654846832813,-1.537335799029838,-1.182801820492227,-0.6034009270637007,-0.28896491864843493,-1.0963410509089573,-0.6612445233376146,0.8566098155495545,-0.7597860914706809,-1.8382868550743972,4
3.3008122404784173,-1.726356289588761,-0.34171964920529974,-0.10769171227689,-0.17168111150013549,-0.2545283019546116,-1.156335765275588,0.4834557059332551,-0.2145442879346799,0.9045554395327196,0.06597384296190839,-1.5451743124418846,-1.6051307419201402,-1.6222181845341004,0.03215402759217639,0.829216384226124,-0.16634051594946325,-0.3344249746692858,-0.32172122672388936,-0.2546855333980594,-0.23004757966541478,-0.07291836224374873,0.11693549350905905,-2.2307547826826837,-0.20235917352156543,-0.1059124635437405,-1.4025061049704435,-0.9733893679568799,-3.350714289662799,-1.4927985128944574,0.06164948735428835,-1.0365099985924968,1.0105898628846701,-1.7669739846313408,1.0276615266139457,-0.727361168571183,-0.8571535325740038,-1.5277948774848074,1.0391035592454874,-1.5065764174166458,-0.24652886928716602,-1.2550800304165293,-3.9438447954872364,-0.3778478721167581,-2.1050113340251007,-0.6477709000921885,-0.71896576615877,-1.86272481972463,-1.4313241161405525,-1.9590494428588994,-0.30137880203381073,-1.5372956252308223,-1.0046537205199866,-0.6851050779377101,-0.12294934795660921,-0.9739817082927272,-0.5900021202711849,0.9818210501330337,-0.6614600296282278,-1.9708267658541674,4
-0.8659413631479677,1.284544250981281,-0.3001766598247453,1.3064052886591786,-1.3994745152554091,0.4808475933142856,-1.214111821287493,0.7812450612079405,-0.8659857524265666,0.5282890318691494,-0.23249984078545247,-1.8780937007907486,-1.4474630749188813,-0.7079401286979851,0.4861085370996372,0.8425308535216408,-0.6058419431939215,-0.5647963466081999,-0.6008981512191444,-0.12835091000760485,-0.10573745031577941,-0.30216796443972876,0.11923424297421509,-2.1720855966990826,-0.5312594243646221,0.09271360108512997,-1.1969070163677282,-0.6597426386430479,-3.0457518751779395,-1.5869552935657365,0.16648103703222122,-1.153942163325209,0.6152387739960226,-1.9437078080711598,0.7676960468209942,-0.7874039097816162,-0.8477816327165351,-1.6679582077561936,1.0619713724845574,-1.3334107331365692,-0.2553911521085438,-1.2983945326672655,-4.081258188700301,-0.41733122625884644,-2.219943661460912,-0.4555603845495646,-0.6916850219363203,-1.8486480165945494,-1.392354644936228,-1.9318030790275864,-0.1451137096779629,-1.727786579310106,-1.1757973883789952,-0.7254900757192274,-0.17377825840623995,-1.068181198932482,-0.5456875200056276,0.9692436876332918,-0.545419903447974,-1.8549889769950838,0
-0.900078029165249,-0.9613846121681962,1.0603265553919783,0.20988158881490532,-0.92305144244396,0.010481470338763232,-1.1519051229017858,0.9019662359077889,-0.4729962955586982,0.7854104782779479,-0.6321809799115856,-1.4126618382944414,-1.4979521136686604,-1.3540594948753062,0.21253737748518836,0.6204074724917662,-0.36357311164856426,-0.4430256911481461,-0.3454282391842226,0.11589756244289323,0.10180588147030642,-0.21893737122276202,0.10056476749841392,-2.157932981340101,-0.17822033817461894,0.1038791406577419,-1.2634997175902267,-0.7537050811995621,-3.38991856116254,-1.5437850079830877,0.07951713033801817,-0.9765137363302392,0.7946721583740028,-1.7992848795746594,0.9304295913554639,-0.7787524296312441,-0.789367337375065,-1.5167746716486767,0.6805521908346518,-1.3674321544956662,-0.2574420971052192,-1.3764082165990867,-4.1535167572340965,-0.3522276710065761,-2.1684941292577125,-0.7040864449333222,-0.7455356956607737,-1.8541968236541737,-1.318833221521629,-2.0220226746892034,-0.1464367054633928,-1.5801597791441269,-1.0417071031837628,-0.5093164703121003,-0.017293656227422904,-0.8950688387210477,-0.7073649947555505,1.0613565008421832,-0.6815003720150218,-1.8866138749317185,0
-1.900513916588785,-0.43721703755840113,0.4490413301832583,0.352040151922836,-0.8684118446800827,0.22806054715085528,-0.5562602070360522,0.534105814920959,-0.39191140217731,0.8266787338735434,0.03371226944350414,-1.4897337835066293,-1.3167616697548261,-1.3726915695350326,0.28862800046910014,0.9096384120413145,-0.6276253339601487,-0.6755961057347439,-0.2276724413468233,-0.330618879708906,-0.10977967935618921,-0.37940067838436137,0.004831993082406345,-2.164951875452476,-0.17239881727133166,-0.34068959016612366,-1.5262037846790375,-0.6696566070648547,-3.0986953404756132,-1.5014170063576868,0.10106367722850557,-0.995316619371678,0.8452714461789113,-1.7519915527703815,0.7460382405261861,-0.6920988834024353,-0.8400147522931615,-1.684018677376066,0.9368771793624524,-1.5253977134180075,-0.40195366532315857,-1.1282176961120738,-3.8568893547439753,-0.5172800269205307,-2.1364012117388023,-0.5679265414544304,-0.45831218046769334,-1.8555620549503222,-1.3425023173921786,-1.8536974877706636,-0.3167344082298563,-1.6424832135894105,-1.157701324104208,-0.45733065091572456,-0.1820083383285468,-1.0340130220390946,-0.6832018786489833,0.9219942261035471,-0.5633350889917501,-1.9054588406185906,0
-0.13176730519299215,-0.6408548362329175,-0.41371597728635323,-0.08850850606173868,-0.5993981071082723,0.11708484444588763,-1.062874621323623,0.9733417197585187,-0.13589656227442948,0.9801488494212127,-0.8450855754102085,-1.5382173548783311,-1.1273623938414938,-1.1641957717213762,0.2748565290048209,0.8599454811244357,-0.3510347855131542,-0.3890441901356256,-0.13497365361644542,-0.22636066079181244,-0.07639827365181115,-0.2560253939448148,0.10180490325618494,-2.0295946960081173,-0.36079145007517094,-0.011917357666064873,-1.1174553304622439,-0.602295687447022,-3.524517302058238,-1.5347688956062795,0.1653658829127638,-1.0065791452243378,0.7937575296134611,-1.7297276534376254,0.8030834878783522,-0.7182335880500916,-0.896892518501277,-1.8675693498219128,0.9650986365833755,-1.4529449888363681,-0.2043722240976099,-1.4208897477174147,-4.135538102956153,-0.629279586066187,-2.0715448569957555,-0.6210306132530459,-0.5455780860040129,-1.8347789084427086,-1.423999747743048,-1.8260781656255354,-0.17794923709747287,-1.5278364577017605,-1.4197927320941544,-0.5760303208414745,-0.20739324005449716,-0.9595454406186991,-0.5232425183668666,1.031175318504611,-0.49171736063892013,-1.7940317016513723,4
0.5489480784138823,-0.15868016818640185,0.3738500389903903,-0.3821544389178211,-0.5922900984730479,-0.11941586271249133,-1.5282384340160284,0.42466132872508,-0.9108252716328359,1.121492286960076,-0.2249329774026837,-1.7752611218429277,-1.8883169872950445,-1.7543270589228352,0.29870370735478263,0.6032109187076445,-0.12189516566940925,-0.7670194131735367,-0.4426939319590846,-0.04996410208787261,-0.01437498927821021,-0.39811506540959946,0.012490780794823242,-2.3113151600466186,-0.24427231937926933,-0.18791860238288938,-1.0113245492402128,-0.7255602600261193,-3.2637180318180734,-1.5811255682676777,-0.11742079577828049,-1.0142690283304383,1.2780287561834127,-1.562066774547932,0.8674294175805599,-0.6014892451241782,-0.6291148251883387,-1.6711078713657805,0.9099931727066113,-1.341051846754108,-0.2580317571453693,-1.2376101484371291,-3.7773067670397564,-0.40406449159053953,-2.0566712961105567,-0.6480944516022495,-0.8638336807106606,-1.9488096327123818,-1.2569938217775074,-1.8867110555356377,-0.05148998964383997,-1.5654376121804146,-1.3064239683498189,-0.6857010036503035,-0.269722090616918,-0.8249985480441031,-0.6207173172143456,0.8846126844582484,-0.7358974223544241,-1.8691578476017243,4
-0.7882324224178411,-1.1225684977512465,-0.2207250794344277,-0.3677181057410751,-0.0931438346895615,-0.18875731228504763,-0.6486271039803457,1.0119299214965305,-0.4253106548631861,0.7878984190935977,-0.4792160831823046,-1.416632479339847,-1.4782285820809022,-1.1124748984799724,0.23772316128780696,0.5875649711358581,-0.058229306731526986,-0.5236804796526515,-0.3919665857341812,-0.08780776489309927,-0.1550947483304873,-0.22721150518730493,0.05466397743402268,-1.7222267283392692,-0.41926558819362186,-0.09377819005735169,-1.2119267102214042,-0.9418680443677148,-3.2288355753489775,-1.482202845135204,-0.02417111319695525,-0.9966687230890879,1.0330868565570923,-1.6775846508307015,1.110558643651407,-0.6967525545359813,-0.685555308719051,-1.6701224429638601,1.0636121586779133,-1.17327135836543,-0.2709801447069085,-1.3661189798180704,-3.9934017726326023,-0.37423593339014594,-2.1330363831102397,-0.6958945507872769,-0.6080333453145735,-1.848965075493152,-1.2285182864788549,-1.8904818361485496,-0.21347003297527367,-1.5480385190522017,-1.0315187956996865,-0.5598694867894431,0.0060158147318213895,-0.894424098018632,-0.687799627065933,0.8952083039314886,-0.5973729920110136,-1.7867937311035298,4
0.7188376810522344,-0.9771582792565912,-0.604298809501086,0.7477869609358122,-0.33704801199479884,-0.39002533092517233,-0.6819542430525528,0.554013267957458,-0.1599451452698687,0.980363077312921,-0.293635244500617,-1.6637806608452117,-1.4951169399615165,-1.500254579804284,0.20991246711572945,0.8004418379408211,-0.16740973873116005,-0.6439045925390009,-0.4732961531487015,-0.11169091322861918,-0.1130231824846794,-0.28361963008713936,-0.24093603753723847,-2.2080782258648037,-0.5482445451113784,-0.263360660166144,-0.8731306162725017,-0.7415136443285975,-3.1397550490072645,-1.6526377831875967,-0.23023784848640153,-0.7331519059018311,0.860704948926631,-1.886663612568452,0.8394074057097907,-0.5659516565529721,-0.6676078868769376,-1.5586709745996137,0.9031859291978255,-1.4340730497492546,-0.15976463017868467,-1.1239819993758648,-3.8711388640673814,-0.4758679563395669,-2.2813444286641777,-0.7441403018094513,-0.7475187785876894,-2.1333281776451045,-1.2490118902758711,-1.8926407728176786,-0.19596094653462634,-1.5733721802609633,-1.3033891813648393,-0.4905271034382533,-0.23858998351308122,-0.9326168702107402,-0.5670167721121929,0.9190667783797366,-0.542964661922165,-1.7694811066019247,4
0.08914199750889563,-1.1060224099381426,-0.33152417952708607,-0.1703355342763881,-0.15189792385862666,0.27694735806006027,-0.9750727051949164,0.7281737696587958,-0.41438773813278074,0.7426061602421523,-0.33745977110244113,-1.6294166615164702,-1.4161525698045465,-1.5963448701013212,0.19217297535825273,0.5993939731423803,-0.07681207870576984,-0.6541967808311047,-0.2929172478702543,-0.25000877318803616,-0.3007446850524512,-0.3562701043878411,0.15598176010191964,-2.0939849645418813,-0.5827534293888562,-0.6795279631179411,-1.252244748051946,-0.6469947738910597,-3.1325321370724772,-1.4278572909577159,0.17577676283320498,-1.129489404860164,0.8949094386516007,-1.7084400379742481,0.8141578783969968,-0.5540703489959488,-0.6003198590377182,-1.581083579764395,0.7735217378016267,-1.4693412535877313,-0.46010705992099665,-1.1464451002043587,-3.95235637558568,-0.44768985860686217,-2.22331441397943,-0.8315827706981095,-0.5817693425767583,-1.8221915488161888,-1.3177070585386268,-1.8659205944974,-0.1993820567748012,-1.5581061630483175,-1.215948986432666,-0.5618796537636275,-0.1654346242034314,-0.8214069487988125,-0.49012368712135035,1.020693776817063,-0.684888891270922,-1.903576877263338,4
-1.446993217452646,-2.4666461895489,0.018903531909240476,-0.03808007180711104,-0.8944368642833693,-0.6383157903335407,-1.6149098738154513,1.1737489378701471,-0.34760741920943017,1.0792613908381254,-0.06038978304004183,-1.512282003091674,-1.3316619112106571,-1.3677018951063034,0.489145463974592,0.7483701845019836,-0.0973174612874601,-0.6182711974028955,-0.591084706744919,-0.20486252275395223,-0.3382087274796943,0.006191232093878729,0.02049906437649531,-2.241432586976918,-0.5388401751481333,-0.06769499748706415,-1.1954475464446648,-0.7507009258899515,-3.2752150166130654,-1.5326964634470173,0.06126295694829165,-0.9336672045561053,1.0830795717581352,-1.9289152370105103,0.6779216283807832,-0.7067555967068092,-0.8014601855148478,-1.5541623543422138,1.0852605903356454,-1.4470257756687206,-0.18538250535465428,-1.4089044922217204,-3.97344773462717,-0.4522962896494553,-2.207001249851238,-0.8162628907015091,-0.8640441624714816,-1.996292865732522,-1.392328718239866,-1.8057453027495642,-0.2772847719650495,-1.5024902867788965,-1.0764130175270386,-0.5042001971815196,-0.06411151789785308,-1.0483763722774375,-0.7208268957552242,0.9518411407239076,-0.5694622195917239,-1.8460746484630108,4
1.5945865642463883,-2.0043573797213474,0.4279720890265591,-0.880614356636631,-0.337701070083287,0.38769586827221414,-1.6035394045221671,1.2959265287221042,-0.36845940115745685,0.7397254360484714,-0.35364399270029057,-1.4115036146707036,-0.8410862439360888,-1.2825317401434129,0.19283267130184262,0.3929383846994451,-0.03274148691981199,-0.62999224557185,-0.2835703270408915,-0.3509321287458561,-0.06417585217384794,-0.36202150996575255,-0.08984794922105871,-2.259534750001798,-0.41258661857110973,-0.14920827975506767,-1.1255789366898268,-0.5884763927574486,-3.3889497287963524,-1.529619798416867,-0.03394366857966569,-1.001360309954181,1.1395870864567579,-1.7687992097878096,0.9540122047186665,-0.4540960006920616,-0.8502373689891742,-1.4324451962803064,0.9550479546474985,-1.4713968427493263,-0.153137034695759,-1.22527618647538,-4.137956271699537,-0.36021227501456654,-1.9825944924537828,-0.6096789312434026,-0.7847628512078769,-2.002934943085184,-1.3921218486771352,-1.5864777906286036,-0.17913967223646957,-1.5027225605066679,-1.3620037001725966,-0.536673680389784,-0.1353840898072049,-0.8820518591615852,-0.6549673404063421,1.0045446297726137,-0.7369862621974091,-1.8411084589548858,4
0.6251753371389318,-1.3707542781376592,0.5006692358329501,-0.047524650533126184,-0.284664906210636,-0.09135208110099832,-0.693663420789118,1.0458600124350308,-0.4614450902340927,1.3320925116996292,-0.32712897363135546,-2.1051071295198245,-1.7505050031077767,-1.527870553487591,0.6175045159290303,0.8569486672684027,-0.20351064627678095,-0.6673831925430764,-0.7009211269605845,-0.18756533944325363,-0.08316679731829635,-0.10218965142358821,-0.22630471247319356,-2.1334532196314093,-0.4719285581742681,-0.21939915215708117,-1.1368989359091632,-0.73913841081295,-3.1926258757568786,-1.5870612272737976,-0.011583149065700925,-0.9211730388667584,0.8734960222000314,-1.578908112688152,1.0819443633042003,-0.6038152741570612,-0.7769482019053198,-1.8438596584753137,1.2144451442169912,-1.2861753992310092,-0.09788920726933606,-1.301031601969152,-4.0433596992153324,-0.5817368745998641,-2.0983244190053254,-0.7787620300123854,-0.7233568915069306,-2.0352026144797875,-1.220670407889178,-1.9557244378572762,-0.21132380038974247,-1.4893708797666207,-1.2627052659470295,-0.5783785612821842,-0.10412150254465567,-0.9846056493846254,-0.6409925022182253,1.085543548831545,-0.6334969975172416,-1.9359880186033425,4
0.21265052058082548,-1.1627502360419077,0.9606687041024448,0.15140313417883125,-1.3726885876256159,-0.41693227952388434,-0.7713354041062724,0.6997451284730797,-0.38209408026167774,0.9842956025649696,-0.6267483449102508,-1.494560003208428,-1.670471521671957,-1.7855488386901943,0.5450353193553217,0.8692630701861562,-0.13452301093821586,-0.7305531367274591,-0.33885535499372904,-0.014928546437274953,-0.12513928553387585,-0.2643565917415807,0.031153242772849837,-1.7582983937930345,-0.561019093946282,-0.10111970120091066,-1.193023371287672,-0.7656381223281044,-3.623209811570777,-1.5930080791392127,0.1065284032232905,-1.0382095068116803,0.9556335635119961,-2.0027023387668996,0.8567915866730424,-0.7305692724043158,-1.0964196939606239,-1.5825566345282875,0.9263219280625256,-1.3137306087007863,-0.17423884696354205,-1.2056930534572408,-3.9270715143979142,-0.5376176191720433,-2.202996142720533,-0.6484753646774631,-0.6813183445934167,-1.889277099304477,-1.31439020956396,-1.8246933421725573,-0.0757990577712156,-1.5276577083364782,-1.2311366730322006,-0.6019967275217634,-0.08033332787144233,-1.0938189508302492,-0.5260793766789662,0.9807036732889375,-0.5639105925785286,-1.7164030688072343,4
-1.8548254823453587,-0.9070402512077378,-0.42365322297732033,0.6999375847398759,-0.15472614890766373,-0.14768358392344855,-0.98001539685788,0.7913478046399145,-0.38344798519994805,0.9985413481937753,-0.4083277685409814,-2.0473840638214744,-1.4782677291079696,-1.7300791406316678,0.7622260132104292,0.7504961235013746,-0.5771708444655592,-0.7622491857994103,-0.30830801115464407,-0.07402102201662154,0.2545562208866602,-0.1387562790387006,-0.16603564600907336,-2.362799543074661,-0.49622824189886455,-0.17115420332647097,-1.3794857738492363,-0.770278922740209,-3.3595078298726606,-1.4992852072263436,0.2502333616767447,-0.8387848008146248,0.9566033423623889,-1.7261566644839956,0.8584949231364438,-0.5873442739553488,-0.5969967846347423,-1.6029157982822275,0.9802159550712035,-1.5586759064493168,-0.39455181334204315,-1.1190594778370353,-3.8829842261439627,-0.4931342149692347,-2.2608287967564293,-0.5302870772858223,-0.7438840153454588,-2.023071884541192,-1.4403097197300194,-1.7450398689646622,-0.08911766689859152,-1.5002353781574593,-1.1456596688773701,-0.6131310982536226,-0.07359756055289421,-0.9640577671013085,-0.6267936839875454,1.0811960538717325,-0.8256526400074067,-1.8229709355809873,4
-1.1974547481501645,-2.535102581693019,1.337365950581772,0.05900924436129962,-1.2521193968447841,-0.7409700328881967,-0.44424059266534255,0.4942979211557931,-0.2941357413640233,0.9612681368714117,-0.36496313156785437,-1.2627485250031176,-1.4460576732684338,-1.3979853563510365,0.7032600110824346,0.7170144775725686,-0.3072798764713455,-0.4645623185129234,-0.3717381228707969,-0.15450875014626736,-0.11540933269409326,-0.43477795678805675,0.15508869635599515,-2.038650260258774,-0.1652021568486043,-0.06502934942297002,-1.1460866438714388,-0.6487033406877203,-3.231604358530477,-1.5391267796085422,0.03574725110072246,-1.203526528703884,1.2005005285493733,-1.8277259994251387,1.0963501883393083,-0.5001705671434018,-0.6522188311917763,-1.596328067789966,0.8171003345311303,-1.4112773850433118,-0.15431591261034613,-1.4470092998180637,-3.9739199516599992,-0.3720642961490139,-2.081608986762541,-0.8481247539530229,-0.652260827377392,-1.8906432355001224,-1.4753674191342772,-2.043665364333501,-0.14342524887282826,-1.6669650719764024,-1.415211366013554,-0.6209461633577829,-0.20253311187123632,-1.2192776399488576,-0.631751146840672,0.7582768523148168,-0.7361084701372922,-1.928228498566936,4
0.13291442985344118,-0.15436023948668698,-0.7243148220382275,0.5763650879923323,-0.4721317579985758,-0.4481737247823822,-1.370692835458355,0.9584004723549138,-0.4895498016444692,0.6696942105752489,-0.18903278697235268,-1.2481918913354426,-0.9746401270836911,-1.2786023868542498,0.14922145342692986,0.8730962448941602,-0.20100125415886125,-0.845266307824007,-0.13755514771254385,-0.07910995706935064,-0.18340869983984814,-0.05175684745914938,-0.15349677181132926,-1.679475803649674,-0.2281477084223198,-0.20517399502601807,-1.1745013213950737,-0.7134899247248857,-3.1030939445725063,-1.5699248579179736,0.08476128028578178,-1.0524368982712187,1.255230851190816,-2.1532903490357924,0.9603685740154588,-0.5594367139861979,-0.6130945742333113,-1.5388129401871482,0.8578220186100237,-1.4560329039901896,-0.17588356540348254,-1.3671858348894754,-4.02325791078786,-0.48167219713313736,-2.1441450292708972,-0.6693756173621646,-0.7739673881791564,-2.0115404398335723,-1.402388571859052,-1.8008949953599003,0.001057602437702615,-1.5740584032844722,-1.2442854375070327,-0.4846882433177615,-0.0458940890664266,-0.8403347556609696,-0.6785176180964338,0.9520760212455454,-0.5996202674058375,-1.8028860700894664,4
0.18453134036541052,-1.9577689652190604,-0.2121584337212144,-0.3381896307968354,-0.1447484547170314,-0.41125452239533955,-0.8201247376060989,0.37490673049933504,-0.36865297169783573,1.3237388694398837,0.13093519376818835,-1.6510572865422133,-1.4318666112543068,-1.2977945212779527,0.2317897401504912,0.720351050196419,-0.24969986158989138,-0.523278333615899,-0.344307599140495,-0.24015417593762967,-0.06342274808572052,-0.20119345825943713,-0.022530724006581602,-2.106227749401752,-0.393023507314916,-0.3510262828301643,-1.1294289716379218,-0.6611851551076379,-3.1839440794619707,-1.675989170358917,0.08110506412010605,-1.033428550849816,1.0964773595893784,-1.8398285660302869,1.0913760025602475,-0.3987509915086249,-0.8018548894439512,-1.5670838212365839,0.9733090913998472,-1.386019895309601,-0.04438499525553735,-1.1778619454965504,-3.977778345461366,-0.4796187271961031,-2.030081221208304,-0.6418822252776631,-0.6834947257044892,-2.0242818787274053,-1.4102768879470573,-1.9347691047957503,-0.15423434806036615,-1.6749078689058592,-1.1966795339116691,-0.5805883526506765,-0.15470168567732265,-0.9362189930737506,-0.5754252274916094,0.998524174208075,-0.7145216937253309,-1.8091426441642466,4
-1.2951086701757042,-0.44544768674464263,0.3524315136993322,0.3894983604076412,-1.053846638833841,0.4904415714069553,-1.2364666854667172,0.9306088621057279,-0.32701769317579266,1.0333081560030974,-0.5650093751672008,-1.6828567476660403,-1.1722513547213051,-1.557469113835555,0.11321293201232632,0.7354388958772801,-0.20217606790833859,-0.2269716464148056,-0.2678818051141796,-0.022028031201028586,-0.24660516913471064,-0.39911034154055264,-0.18624263113299824,-1.9288092665174348,-0.34592955171881695,-0.133298109591402,-1.0082916183987938,-0.594478332207959,-3.3018821444989945,-1.2879709716216905,0.18816955740623376,-1.0369413301802888,1.0055622507254816,-1.8203925438000013,1.0562872088807507,-0.7577869783169763,-0.9125132040667375,-1.5503601191918435,0.9624691068540345,-1.3491993240317384,-0.30993760411428056,-1.3069306410009651,-4.088472907286963,-0.39256686527113854,-2.1234954586753023,-0.7068269921112983,-0.6475169965251784,-1.9970606301815543,-1.4667815810060154,-1.9813874816358794,-0.13567807649642158,-1.3933177614963645,-1.2432048631482977,-0.6967707739724106,0.07474807959724794,-0.9795591525279839,-0.6623069085812684,1.1266813168772603,-0.6553739140278283,-1.7899817004366618,4
-0.24546289997686221,-1.4081292233494065,0.4061298949685155,-0.24098518110347816,-0.6745554350640514,0.4407501921599628,-0.9056538107122611,0.5043926913205681,-0.4422599114823358,1.0590583512083014,-0.3846919600859165,-1.6586364605565946,-1.7398377766715245,-1.262811324987297,-0.30013128767878094,1.0841519720420871,-0.2520847771861334,-0.6138832509781971,-0.48713610109043715,-0.39918965959328373,0.03404444657242181,-0.4679561208691222,-0.14381801617953538,-2.146619300384023,-0.6849171501681814,-0.2397001845942734,-1.274570978230532,-0.6070969745235331,-3.1304755012600993,-1.567546577080699,0.07755428851872517,-1.1578648357491332,1.169278070937552,-1.971945765046893,0.9049584373381052,-0.893352945247752,-0.7812136596880619,-1.673944699831935,0.8081720798758552,-1.445529835583291,-0.2750113227505248,-1.3119486958770792,-3.882774168201223,-0.5357106400897254,-2.142173187132022,-0.661623327014734,-0.8044586957025084,-1.9549214431283348,-1.4119138323643345,-1.8922388076910504,-0.11202679084162184,-1.5901204437241494,-1.3357120176308679,-0.6369380265689897,0.10310432039620782,-1.1545218634486027,-0.7915524406007937,0.9621669227879245,-0.7624864116230631,-1.830433538882002,4
-1.1307950520687582,-1.100690749476522,0.19072660474557634,-0.3959902034047291,-0.979740307422126,0.09279087219940713,-1.2069035132158643,0.9721878121305031,-0.32652561154820925,1.010705166507709,-0.3024993168045884,-2.002803042587347,-1.1864063384663646,-1.5429608808070971,0.6080811398934165,1.0515292483081562,-0.3592744964384467,-0.6192678668318897,-0.38146429966104106,-0.11643855082615412,-0.44188634704917323,-0.37906818638756035,-0.08117165430388813,-2.30673894232925,-0.25607699403546313,0.04257049390089787,-1.0678233239446666,-0.8279190581380349,-3.18726373690375,-1.727161362604717,0.10477493905130127,-1.0947237048261738,0.8088136469453591,-1.5387055123931281,0.949228441826468,-0.8300900007046004,-0.8461335977150342,-1.6661205771696037,0.9054407903664347,-1.2082152900369656,-0.14255639846835017,-1.3808044151148873,-3.9903858591353427,-0.30035252055666545,-2.0618861500619596,-0.6582727190948421,-0.5734977252893355,-1.7274422776490446,-1.3472681405883355,-1.7168841815772808,-0.12574758571855119,-1.4799269227352414,-1.1678461052408242,-0.4250511955201027,-0.12863529456524822,-1.0309592787281285,-0.6415122005421441,0.8301374452358623,-0.508796385106309,-1.8473376861793702,4
0.13939979803271677,-1.387758693449882,-0.15102987953814653,0.35488158894033917,-1.011150053085222,-0.1381408639549083,-1.5017794876193784,0.6015842208885526,-0.15385242139490374,1.3640887499197274,-0.43157427626690514,-1.4304940463023437,-1.312086872268865,-1.7083712152265371,0.2973824855699685,0.6984783395563295,-0.14064835458532052,-0.42725368088934923,-0.5487453517215155,-0.0625956825938963,-0.3214997698818952,-0.3583964289141959,-0.2775263437047474,-1.9783120993036187,-0.16114049593257285,-0.13069147707814277,-1.3411275061397134,-0.6512795686451456,-3.3050424762631705,-1.7069956685061398,0.17415977954352085,-0.770303130724171,0.9360334788250139,-1.9038785971306984,0.7551726803321033,-0.6534088732083081,-0.771968411847846,-1.6491315678097593,0.961757762763329,-1.298637557364102,-0.3109743634656227,-1.3460547952012714,-3.8367000205321844,-0.43761139753818584,-2.0125430955832666,-0.6035874827288553,-0.675475162575854,-1.8719965506250762,-1.291568212061698,-2.1255291667516545,-0.14527193785664677,-1.5435054917210282,-1.2220911486671506,-0.7703014175135523,-0.1901134855741573,-1.1110939052519127,-0.5892074946605904,1.034054209457035,-0.6191768480842472,-1.9421891466567525,4
-0.07565584040474528,-0.7278236473819073,0.589274959601249,0.717673710097425,-0.6633089912794762,0.04466140937363819,-1.5548560810078595,0.9959764028233875,-0.2863348900111211,1.3137963860915898,-0.3764340812811229,-1.7602173759142383,-1.5403231547459424,-1.6807139343586293,0.3502355713792142,0.6517386490026421,-0.2250340155110413,-0.772939211832881,-0.27437531735679216,-0.1969174490849442,-0.621332559185068,-0.4998541623838408,0.03363844450600845,-1.9866618152178566,-0.3989842200490488,-0.08441380364076703,-1.5035116148169472,-0.7728963684099067,-3.042128714567125,-1.8030746745507273,0.12217083776728058,-0.8509978406929678,1.0837242674554601,-1.7043627749962218,0.9750143963061242,-0.5408076335609754,-0.7488040378487301,-1.6151911773989907,0.7788925364736943,-1.275696723408821,-0.32913917070609033,-1.3817601228900158,-3.8109591246402728,-0.23687250278801708,-2.0224599544105435,-0.61770034465574,-0.7618470480901505,-2.072971022970833,-1.3592172079498255,-2.0560087616734197,-0.24375184742894818,-1.5070355529785122,-1.3700429652918964,-0.5341640843458144,-0.08065293868663927,-0.7769253639431217,-0.5524749607816287,0.8380412830400629,-0.5375570752537068,-1.8131114299885243,4
-1.4807361011080609,-0.14916735048401142,0.34435845292292244,0.2052206101005749,-0.08763151652622447,0.356632823632275,-1.3112051620746372,0.4938428414749901,-0.9356021267816124,0.9350430351127739,-0.03040157145607575,-1.874570231660745,-1.4093306782668555,-1.3830943664198,0.36402980102640436,0.7282373307243908,-0.21233104538169312,-0.745261664522056,-0.2522583994004298,-0.12982343633376273,-0.3610746954389749,-0.09385757124829056,0.06315796585515396,-2.086196803290297,-0.3412382355666858,-0.3670436886351503,-1.2180362992508285,-0.5577521879035027,-3.1412081555012503,-1.6060501769634565,0.0433950241683618,-1.0147870176257159,1.063724920324175,-1.7722140973832567,0.8498908316571679,-0.48668206214938214,-0.611041734968427,-1.5753248196487504,0.7176439228227818,-1.572362406363055,-0.39728074958680304,-1.1890296451545217,-3.9783787083909425,-0.3634943643936949,-2.0477549790189964,-0.6919799582808719,-0.613084568780251,-1.9617262808109013,-1.428519616415108,-2.084723550719084,0.04737318909656063,-1.4755399255069632,-1.2343771774480643,-0.6451197267493172,-0.15348377528444557,-1.025209820463218,-0.8000102556551972,0.9228458907147138,-0.6687722719804965,-1.882034869733403,4
-0.7770097932376997,-1.9735929907601633,0.07402460838866666,0.10543704729477042,-0.2996561268084013,0.4862931294936964,-0.9793491882396301,1.0394457234965744,-0.5775147264235828,0.872940080255509,-0.6864870112746431,-1.5554445339052467,-1.5048511115389684,-1.520700462507888,0.3075848204387005,1.1160617200934209,-0.6113833747373993,-0.8436104475272473,-0.5160122182973353,-0.0912473796269142,-0.276112320361932,-0.2629692597112897,0.11245057171164843,-1.929793259768255,-0.12381907444040857,0.09154473391828574,-1.1651477553121194,-0.5071943146565888,-3.0726631713094466,-1.57422473261449,0.019103949608541754,-1.0025461912660907,0.7710899665084603,-1.6728230573252552,0.8915295790106724,-0.3822852443180885,-0.8927754678350489,-1.6017094001319485,0.9766539806153693,-1.447423245986771,-0.25916095785221105,-1.335043797689354,-4.001739789679134,-0.5328149039831915,-2.1635442483329292,-0.548919654682513,-0.7264544034006604,-1.935910324650773,-1.3417733271581889,-2.067938168227499,-0.21696995084815507,-1.6364752253240658,-1.1066486422106145,-0.568871198603072,-0.15305864794129487,-0.853172283062954,-0.6384364557114537,0.9787220977340984,-0.47429075912375646,-1.7945498297622031,4
-0.40502010098138463,-1.6211684484075426,1.0992985135673465,-0.059819075185106624,-1.159658456984132,-0.637110500981002,-0.9590192717223056,0.6775187640790838,-0.6002928468656719,1.3073814591706912,-0.3161088429216944,-1.5466893334738598,-1.632168863213316,-1.3619224709436808,0.1062657177786141,0.5875281557159159,-0.5235132867513289,-0.5641627756983415,-0.5443724814465487,-0.4133523966313767,-0.2645816474012143,-0.5208416676054602,-0.04158992352186547,-1.9655191937214953,-0.2784680919723701,-0.11992856480321687,-1.156733295714397,-0.7957884418707359,-3.383623116413006,-1.658327997958158,-0.04749604589655661,-1.0718092017529053,1.0599329062159615,-1.8794304183126842,0.9349379554631727,-0.47343472106007023,-0.6412112733409678,-1.6720483258293832,0.8689417791120011,-1.3304333275299407,-0.1476574126885463,-1.4119219998500183,-4.190941399930279,-0.3444046758028395,-2.1678211984457363,-0.4297338725005882,-0.8094107688870893,-1.9603324967623836,-1.2280848448085369,-1.7793583813240625,-0.10944768678153738,-1.683565828423803,-1.4516420997360822,-0.6356621161918339,-0.01651443454241601,-0.9471505947171365,-0.6305410304675804,0.9269543180494967,-0.6142327280679201,-1.873423109793327,0
-0.37154099512217004,-0.6327130878166669,0.3022214867752876,0.3145971923512937,-0.6006007961630089,0.030072927776686492,-1.09221490865725,1.5085217359732734,-0.5399361227631828,0.950362985900129,-0.1843168720481419,-1.8549847502886094,-1.3350572023738971,-1.7318062861282546,0.42025130548820067,1.230695862679821,-0.51681368122525,-0.7431551122517851,-0.6795861060166535,-0.42112839015205167,-0.3583431554446178,-0.284819283973502,-0.052134208831379966,-2.160846723366119,-0.5086111114209089,-0.31910994315607755,-1.02541963231317,-0.7406110637754506,-3.188819945799922,-1.5561741387299581,-0.00405314005078904,-1.0099499259781761,1.1392548679735002,-1.6190917780824696,1.0478286344810603,-0.6955065653812957,-0.8015456023824897,-1.4750621054870678,1.0172305020400145,-1.465219505101711,-0.26614215640656125,-1.4126502638720924,-4.257227192419638,-0.4625424336706415,-2.2983004682452393,-0.6035999097439163,-0.7572551382137043,-2.0287237181191076,-1.4006060520926342,-1.8649018530089192,-0.07161840130744646,-1.515422782304926,-1.299380656942333,-0.47039344940434696,-0.008028806820654433,-0.9802563498733475,-0.6940950771330543,1.0526150178855138,-0.5372976968935385,-1.9944651971290595,4
0.19702851071282135,-1.0643323759177619,0.6027044148515329,-0.08122293337323161,-0.6461205071916926,-0.5555070015091241,-1.7715801931186932,0.6510500228937549,-0.4556860849317561,0.6603733640502282,-0.4857938378021701,-1.8388090158329256,-1.4716577437091969,-1.7622689937812437,0.15168556195782013,0.8460607121853024,-0.009532278106097358,-0.8292203227987337,-0.415029899692199,-0.1646045490131607,-0.3628189427491454,-0.28723891918838956,-0.10289027513574711,-1.8499019586175867,-0.23278280491385878,0.0900977907961725,-1.2154686965763568,-0.4827195555067838,-3.2530939220491306,-1.5924363673207707,0.021249524371568896,-1.0972849659909267,0.8261155397820232,-1.7994551389450752,0.9388303360755568,-0.6924075103193228,-0.7765443650940089,-1.5810901390164342,0.7203293828800142,-1.4453860731491395,-0.18746798622131605,-1.263244491557166,-4.1344110541577255,-0.48368401969780356,-2.02763583849835,-0.6311077360509667,-0.6146801252236413,-1.9226739195775862,-1.3148462702606662,-1.810596067811922,-0.17546873848470526,-1.5684297932840794,-1.1884245332546324,-0.4871677071718593,-0.19330000196027292,-1.0034259800130447,-0.5990520536097554,0.7407702610342117,-0.6195988789012894,-1.8501901096125488,4
-0.13162729129746853,-1.744955828914837,1.224697862901487,-0.5550106104108802,0.4587946541971394,0.11641416170518104,-1.4410183841012731,0.5221383721674351,0.2394329311899127,0.30944821708288284,0.23846288794688086,-1.8274959216907232,-1.4716014154544996,-1.3994614657005418,0.5409747685545432,1.0037541620114874,-0.4323605552351495,-0.8703338607050286,-0.23585551311268627,-0.05553026747889554,0.022278372528163004,-0.08012206062203564,-0.005619760592906465,-1.9358300109517688,-0.30235168660182987,0.10322990101917609,-1.0172711618355084,-0.5159381831439265,-3.1774089939327896,-1.63494786510234,0.2929802844111158,-0.6832197400311532,0.9155981780378177,-1.6213358551619548,1.0276669742186577,-0.7247177771439625,-0.7138050374874855,-1.6285123436233184,1.0731183593094993,-1.2961292296687559,-0.17929639679288503,-1.3147034287415322,-4.086907757762586,-0.5963222038168773,-2.0930335160239983,-0.6607753676100773,-0.7187745701390497,-1.947233090346612,-1.509573669049104,-1.9208564129134968,-0.12438428790919709,-1.3438606684814243,-1.2296512734729936,-0.6109674819749596,-0.1404926066294544,-1.1600009237943463,-0.5419120837111058,0.8557728304348903,-0.6320084123252434,-1.8214009100464692,4
-0.974701536411632,-0.20619947239364256,-0.40985891319924517,0.07664429315320939,-0.5505327303281403,0.43997873473062343,-1.5065551929374192,0.9450179746375625,-0.3891447960791523,1.0452964857787477,-0.056526354138682955,-1.5437225950726274,-1.4204034825750138,-1.0588955272491032,0.2659858859317349,1.0159359526694876,-0.30036387278340837,-0.5703739513009659,-0.33800692320391235,-0.414953486387983,-0.33743088574681646,-0.22073713592555294,0.02426290464087634,-1.6187824139502998,-0.1850294268044769,-0.08550826220591973,-1.144394126652025,-0.6338152680048184,-3.19800507466783,-1.647523890151165,0.14437199010807913,-1.0327570384499143,0.9672840755191533,-1.6243459421095299,0.9868519870505932,-0.5497667016316824,-1.0044527739326028,-1.6820366009500551,0.9788987804586003,-1.4262233192313967,-0.2787862833134908,-1.3186973905840458,-3.93792620224819,-0.338068666063441,-2.227951121540864,-0.5179922860193833,-0.7731786272226091,-2.0955043484988582,-1.4579382209055287,-1.8419042420618181,-0.03227178538659613,-1.5999104860566453,-1.3230177053820082,-0.5770446301741248,0.06388093055322677,-1.073337113379968,-0.7008312702165117,0.8529666351441999,-0.6806176657271099,-1.8667051320592394,4
-0.7213147991937913,-2.1560153946864804,0.03304353167872588,0.4211961791078689,-0.5493584915629972,-0.12171122738967029,-1.7410391916901826,1.151889679699788,-0.33494483764470795,1.0035368226190158,-0.38827464298613584,-1.9273660118289082,-1.5637076425916283,-1.5041924196144865,0.10266667153137499,0.6165396295446671,-0.1151823655010053,-0.836768174017745,-0.40679137856703723,-0.06539098609902304,-0.13077719492350565,-0.28462475508281254,0.1591764397257733,-2.0910486636837224,-0.2736958892849988,-0.01884030419144503,-1.2519496608517195,-0.5450835471867537,-3.1831191273005275,-1.4977909820554425,0.01867001903042901,-0.7895004445098055,1.0799571455336476,-1.8435120444851285,1.0031337486752507,-0.6739456094623014,-0.6112516013617361,-1.7106335368784849,0.8338005204369618,-1.1814698336474545,-0.20205460699658234,-1.2501390463453936,-3.997870009898184,-0.33229484561765077,-2.107340534225966,-0.4379993290992937,-0.6097319396130239,-1.92953806633015,-1.3350029203425673,-2.005524673673424,-0.11942957463469014,-1.4786287809216672,-1.209865536379506,-0.7120408353033724,-0.2094309356176015,-1.0694179418231589,-0.6344014842107333,1.0173719821193379,-0.7079625175275752,-1.9615900899386718,4
0.18638458672996897,-2.5477323488455985,0.0004255329762856558,-0.020670349436362145,-0.16294665292866994,0.3673079495897825,-1.4468601890847155,0.8932753388399788,-0.6653074315937927,0.1984148371841976,-0.0028366086168530313,-1.3844985985477136,-1.5271568168805336,-1.5359953350624374,0.4994152895159294,0.8618675741291988,-0.24192659398699223,-0.6536856390165391,-0.5692577784425096,0.01707844885067117,0.11474615017708772,-0.3241115779504413,-0.16292613458609304,-2.3910948372540153,-0.10106511629553205,0.08439338002838204,-1.2450382836512852,-0.6377564891314067,-3.214743479045628,-1.567939204039894,0.050089329747814236,-0.9950718427454421,0.973714974092235,-1.7442245431742285,1.011002023976922,-0.764490750909726,-0.768277557581777,-1.6850394684925813,0.8412694485064569,-1.3212962975554554,-0.4013085996766874,-1.3907375897358276,-4.122214156772078,-0.4869341921046482,-2.085428229306469,-0.7103354227073637,-0.631257720515622,-1.9746756166733794,-1.3737145925482335,-1.8455271250572796,-0.20359982516308578,-1.7546833476110186,-1.224157842866582,-0.4213090063769258,-0.1251498973519254,-0.8791017031062339,-0.4495323567209268,0.8320360407812101,-0.626257018822961,-1.9305172875483807,4
-0.059357904975145495,-2.3077429288526936,-0.5145786170828984,0.4387425976651788,-0.5616059976368419,0.4183830090072085,-0.6546476384746872,0.31065282347808065,-0.3568118871082399,1.0181851378872175,-0.7804420823688233,-1.340598291622833,-1.281941882144995,-1.7290272825214992,0.2927662445812394,0.8081482112527549,-0.3396981455774818,-0.6187451576855463,-0.11874716487645054,-0.04805706003778293,-0.3636897031848089,-0.43028135141276214,0.04365846594856333,-2.222430767972226,-0.21455456775997778,-0.015176169569121697,-1.2941051081082289,-0.6791709035231124,-3.0456046081784542,-1.3983469806283335,0.10095350495386747,-1.0250298508499767,0.944893668435255,-1.9357102216515398,1.0285881235843957,-0.5459939602870203,-0.5373216852152947,-1.6293161246451529,0.8832808743365728,-1.283914317164798,-0.4797706813217928,-1.1702380988908498,-4.132011209834371,-0.5757117420399649,-2.188640491487003,-0.6992144222477966,-0.6058777684965212,-1.9203972163540202,-1.450760408712184,-1.9924443551122677,0.0013419184791661765,-1.612951082800038,-1.3523696246561019,-0.5447487873492182,-0.10259175451597417,-0.8460798336493248,-0.6135933235731503,0.9881822987585279,-0.5225601455384371,-1.8002596806450812,4
2.0046856110454674,-1.4296287891713069,-0.19016030583558619,0.1533364759907991,-0.17717286345543148,0.14770426339656584,-0.9522198658889979,0.9113271784940755,-0.6320707072895551,1.2635349745884157,-0.29604420946333837,-1.7624846356983366,-1.1924636679188452,-1.616270395302943,0.31970428586097954,0.9055919980183419,-0.2898529029714506,-0.7513450370437232,-0.47770044104309395,-0.1799119445612467,-0.3388344499872345,-0.5539883787858918,0.07865505764019808,-2.090460590750409,-0.36197729632627873,-0.12718743759593126,-1.2251468698326553,-0.7631552237500654,-3.3373634774306584,-1.9318032408468655,0.21741974360342115,-0.8432816889420742,1.277256224911776,-1.8738522726065554,1.1028956790617188,-0.7975012229621874,-0.7997854788391763,-1.6566565255469112,0.8144242541063961,-1.4782492033322192,-0.4024109614842154,-1.189489686818288,-4.02455122899874,-0.44539124673910596,-2.1734908335462775,-0.61096673746622,-0.7719104577511763,-2.066481993204566,-1.3961470097901527,-1.969210426611677,-0.18375921188184668,-1.7050492075104993,-1.3363584748057218,-0.5478428482456609,0.06956892627570632,-0.9308606433941213,-0.5479053329084931,0.9217005174442929,-0.5552318744194065,-1.7469991875167008,4
-1.0355326642640863,-2.22962593120413,0.23310679772675533,0.5195968000167946,-0.643352864436932,0.428922944874252,-1.0217541870580777,1.0125565481979495,-0.7573881194041686,1.1155026211731534,-0.4797447052157157,-1.5964632835037011,-1.1775677906506963,-1.339473639151297,0.13516819126262947,0.5678349078469598,-0.42203652369173617,-0.49458070044988683,-0.6698319470160363,-0.25048822770813306,-0.07831254102997368,-0.05991749890014855,0.06729625107776428,-2.1040636199320972,-0.3865993744623293,-0.07353229281917113,-1.2393517126331557,-0.7446956983852138,-3.0611042681895237,-1.4689895687947874,-0.0673884599472775,-0.929097657519986,0.9154241699859326,-1.7737565907669903,0.9208444017619981,-0.5668658767150067,-0.7724724809790912,-1.7120122449872988,0.8903440163339741,-1.371368537587805,-0.36846844408270135,-1.1801768158098878,-4.063536846702187,-0.3308402494044377,-2.0568752357505726,-0.600310708127364,-0.7811843368224852,-1.9705114922739544,-1.2762704399771176,-1.9069331925591588,-0.004509261152482749,-1.4789787959116407,-1.2704650818953631,-0.6359839296639513,0.009460934058174261,-0.9681775009841145,-0.4142534147151381,1.0124520329781583,-0.6859535091128004,-1.9105166260788475,4
0.08320748898377853,-3.3806987260463894,0.40681708425267155,0.8173708871297408,-0.006868134319051644,-0.14555617213138158,-1.2497894295339245,0.7127464837966038,-0.5200436516162654,0.8349171664747136,-0.19872124093822324,-2.0412138060409912,-1.5128803532981432,-1.1441511798713133,0.5266099264867445,1.0963249795431376,-0.3110134888442789,-0.5827796862402368,-0.4003316520425469,-0.4267094749134995,0.028242248993232688,-0.07689366275693424,0.10601748147459206,-2.0219871497812694,-0.5863180921972995,-0.11265469788937159,-1.235126715649955,-0.5146148644708612,-3.206751720119282,-1.9152755970010416,0.11785163678107961,-1.0050389085187894,1.0616330172562758,-1.9907380355107742,1.1587946602540216,-0.740635336964908,-0.7272785379127654,-1.5321974789468578,0.9473667898913904,-1.4566877783292878,-0.21052104492106768,-1.297463491308331,-3.9538911879049947,-0.42586752402926803,-2.1569653691031507,-0.6355913906545287,-0.8596692294959608,-1.9816648213516543,-1.4742609749736486,-1.9580398551860503,0.04028686184726152,-1.6055475051802817,-1.166281480975484,-0.592023034388676,-0.05938151778746857,-1.02223040439985,-0.5610394714894568,1.1028786845028056,-0.5641311273393406,-1.8726746650215382,4
0.29754711898554786,-1.5242915824715837,0.3886068436634415,-0.4102661626989489,-0.8661504993994504,-0.24440166524642837,-1.4273993287322888,0.6812285217231231,-0.6495375256126183,0.9824449017035604,-0.7132476782640697,-1.6475352018432878,-1.5507386188362453,-1.6638063922521091,0.038029751287366687,0.4921651772276859,-0.20977303052007867,-0.5663344326643054,-0.19454239122771194,-0.16914802976259113,-0.25248097602614583,-0.06756843812489838,-0.003744348049531502,-2.388357124133322,-0.48838088353040726,-0.12957309716625603,-1.1690554537366882,-0.6741751048371399,-3.222527342104127,-1.6305432677744964,0.1647490471900382,-1.1619357285448375,0.9507156208796728,-1.7722583243780057,1.0603586139662804,-0.39383070184100544,-0.7565123034062885,-1.7722384563007503,0.887344788438769,-1.2688754052418028,-0.03418302473186763,-1.0436091865045467,-4.0530443532347125,-0.5523834105660342,-1.9586541653527247,-0.6367385327269992,-0.5929894320884769,-1.8736686099429378,-1.3804021658576242,-1.9655161290518322,-0.02684367181381596,-1.5556816359043126,-1.2524530993519805,-0.6442626240572987,-0.16701203683743113,-0.9404034053554737,-0.5970684529415806,0.9074160007351467,-0.6425049208006454,-1.9357920444377796,4
1.2674652381676008,0.7331752660404849,0.0361011508554134,-0.8894737634545157,-0.3768300755906269,0.4192418065445389,-1.806871622776158,1.1135055831558778,-0.44136476262419777,1.0922761424155443,0.02404921874415017,-1.6151729203455345,-1.0372494170488387,-1.5529862288381973,0.4577583246225283,0.5463706125196754,-0.5912630586082291,-0.5639268083376691,-0.405183495312216,-0.0017002875618195856,-0.29946326782777144,-0.6843709078132523,0.053461080679106,-2.0337444853869973,-0.4490528886139043,-0.09401705791555894,-1.5709391455089237,-0.7285242698212243,-3.180651493666217,-1.563443264367877,-0.07734269221254118,-1.1820993160713766,1.0334680557054563,-1.8219699581540394,0.9977285518365014,-0.6616706069805665,-0.6185324763208753,-1.686725913984342,0.9725365529095508,-1.330476223305953,-0.3642603604750647,-1.2109589743331555,-4.058034413019096,-0.4644740449530903,-2.040569851098023,-0.5403919057888245,-0.6310208500144749,-2.2126582052852886,-1.2626166385230968,-1.893227464186877,-0.00777231979855518,-1.5155306628848335,-1.2910130461990394,-0.5455296907947338,-0.14985141682862713,-0.7986128562963967,-0.7509409158457608,0.8453014857895973,-0.6198284395584528,-1.988287815595373,4
2.3450533452486777,-1.3545169963843149,-0.6300671517981697,0.11093604164136336,-0.4641482138629042,-0.4966446956180209,-1.4893574903711762,0.7950368853750313,-0.5704417861758738,1.4409781028484678,-0.1572724806662315,-1.5066482182248584,-1.3630961050340893,-1.7593825707570547,0.5159944715922833,0.7531287555825249,-0.20373472178822902,-0.8114121343872219,-0.6625543707077945,-0.4680972932466569,-0.17484079231298025,-0.45102144208367745,0.2598691720584635,-2.163267996878153,-0.5361084593985497,-0.0672854589305202,-0.6632458557015061,-0.7591741698122952,-3.268628519031626,-1.427091413767048,0.27758406814733777,-0.8414839496144977,1.003046401598664,-1.7594178689972837,0.9341211093828807,-0.5682870180371091,-0.7610176610035887,-1.6019394614750895,0.9617845432002192,-1.245594334849455,-0.3529937590919839,-1.3395950645061012,-4.1299638419724864,-0.27075049180310307,-2.1841672211246848,-0.6856038109460603,-0.8487812487255887,-1.9277394915168669,-1.3112430244656128,-2.0009031862176907,-0.11261361206390258,-1.4246789201541574,-1.3380235170083972,-0.6050024034140472,-0.14558054558855074,-1.1059431463831235,-0.5670977783451461,0.7420525510269309,-0.5793155781438102,-1.7174348663250867,3
0.5111975431589362,-0.694217212040803,0.299383152050817,-0.024091917177074457,-0.9278775486496694,0.6867246441324346,-1.3524169814670073,0.8464589129665854,-0.6053841384390111,1.436890115904929,-0.2669909039007904,-1.787333613483047,-1.2278986329632744,-1.4532524728156484,0.4493102113608135,0.7692508779977166,-0.2544837752586303,-0.6348736864235703,-0.6232356068293723,-0.11409241088260795,0.2011562919895417,-0.356303868677054,-0.10070233043482137,-2.1501519089605328,-0.5907477240891599,0.046765503476323994,-1.1948975445594883,-0.6776936122535395,-3.21302034528358,-1.3980378485010525,-0.10355946194725636,-1.1923933042099653,0.8864790854845956,-1.7605988332108706,0.7033592165207564,-0.7991107978840348,-0.930551211189288,-1.676234888742646,0.9524016149640411,-1.259408111983551,-0.371353851805156,-1.1326167542416532,-3.965248159417519,-0.35073011292853695,-2.093693118758621,-0.54658699676599,-0.708674665297926,-2.0857742675097555,-1.1658298195713086,-1.915786491691333,0.023184677659277564,-1.3404676458599656,-1.1785435971113474,-0.5662120520152615,-0.0963704929082447,-1.018961064658649,-0.6489334336368395,0.8290380702055784,-0.652425208720508,-1.7887040844359947,4
0.347115514646941,-0.4730604868874856,0.6899105835202767,-0.15062928510880863,-0.4451187667912002,0.11184205251603302,-1.5437054405832331,0.7317677062735607,-0.7560959927434959,0.9202731623292161,-0.24817918756432739,-1.2092683103008461,-1.2079484802264333,-1.2255816945295985,0.7176272721967987,0.46886398589741674,-0.3902503794668501,-0.5255733620863511,-0.510290509879208,-0.0716720177964655,-0.08554546370169887,-0.2183722907345314,-0.09708398060782818,-2.1645502459298247,-0.7358441424628616,-0.07466351427160844,-1.2650793937283402,-0.7199157978245594,-3.2406983441925035,-1.4688417835963457,0.07531516424003888,-0.9658762042103093,1.0719021330949838,-1.8110676915049795,1.018745507134113,-0.5146710718622608,-0.7066619174908465,-1.5939059756064011,1.055051844926407,-1.1868841118096873,-0.22015919836369946,-1.3973305022706524,-3.908640308646381,-0.5500047289809586,-1.9380806486484448,-0.6984131931621467,-0.7404035271053717,-1.686530285810764,-1.2459014279421885,-1.8905081740870935,-0.12171422772894762,-1.6423883125449317,-1.3505289862488412,-0.680213074140523,-0.05353878421127922,-1.0201873105449328,-0.31060739106091145,0.9570827675513683,-0.6605832110424138,-1.8581495843045868,4
-1.9253721544623752,-1.6436462293145795,-1.4181183546507983,-0.20391359875721732,-0.864833884258013,-0.10029063066748523,-1.4357843455391381,0.5009845797372006,-0.382034599027421,0.9198795890399563,-0.11377816950110126,-1.4960881025235204,-1.3174215310051038,-1.311000208999512,0.10638339638088729,0.7102564592279973,-0.39041993560593446,-0.22632983954816643,-0.5174266852350494,-0.23613436069928873,-0.08097524921097055,-0.08397567225922367,-0.06967613337979608,-2.2613017962545445,-0.5228867386638395,-0.04828807844920595,-1.1311099175956913,-0.8673108171321982,-3.2320008019941535,-1.5240076975638956,0.16062137513614652,-1.2456851087263408,0.9313092473831172,-1.7554128450537905,1.0361442967041166,-0.570399987407282,-0.5805442841510127,-1.6322329204225134,1.0736471421546943,-1.3163900716087853,-0.2625338212872117,-1.284075027305399,-3.9886098712993365,-0.550497150567217,-2.038314540270533,-0.7091676164505567,-0.7485349548172903,-1.9606543841471527,-1.2803496570438553,-1.874136738001659,-0.12677654776347053,-1.5407892129580238,-1.2048962310742863,-0.6175852126050569,-0.08208281587211369,-0.930828492084895,-0.6701866229051708,0.8189830146975692,-0.6217126200484407,-1.822825980829412,4
-0.8655777153073024,-0.07037901027032412,-0.26916826363609697,-0.3618452780938398,-0.47942015747170386,-0.620159552416923,-0.9940794037107938,0.7763120424496092,-0.19851674925520174,0.9908505019145997,-0.3780458267652303,-1.9352200942779891,-1.1591746340739606,-1.461065038673822,0.3051494546046563,0.5159957708399178,-0.481611362647888,-0.6828236031019768,-0.10353816648831338,-0.39909118366848273,-0.29108354996260777,-0.4027662596982838,-0.23685772965645568,-2.1040660132784432,-0.48634547536480927,-0.34403373437202867,-1.0694585049905936,-0.6071166284084861,-2.947275022675867,-1.5105332955566193,0.05875691246394993,-0.9071987868253223,1.1702445783485735,-1.7092674211537309,1.0251794973895176,-0.7332857435387504,-0.758964809233247,-1.4707516274714847,0.9447427784728205,-1.2369308749715346,-0.21726589352667372,-1.1938286408018874,-3.8159675506349933,-0.450327805115623,-1.9536691180978596,-0.647107986483441,-0.6648176095063709,-1.9061986141781557,-1.2956444825815743,-1.7652102040417748,-0.15569540024718997,-1.4348551269213086,-1.2639999478177724,-0.5274760451698728,-0.11730816695205672,-0.8960636297672199,-0.7463631525640234,0.9701805146482114,-0.65980136001383,-1.9029009667370702,4
1.6794141571015389,-1.18870000194947,-0.6105166846173077,-0.08481710032663392,-0.7059638207249765,-0.30362449111740386,-1.5647168707102064,0.4514258412065858,-0.5633422325929247,0.5735501063848272,-0.657966510871903,-2.0078530889991906,-1.6874113435000742,-1.536574305428334,0.22989614335767378,0.7663681839454602,-0.26825831334691763,-0.5804295932194913,-0.4001077307563085,-0.027808097622254155,-0.19386339133947542,-0.19190776868752116,-0.18989526132799536,-2.2794153237697476,-0.23386647851146367,-0.4088413737181453,-1.0861977127986806,-0.8529557068207434,-3.1048821094590133,-1.3211442636365693,0.24971874178470685,-0.8493422840752137,0.9638309565514447,-1.9886433966919115,0.7805823163050181,-0.4918868751164671,-0.5841264611390938,-1.7399636532197398,1.0000422592403013,-1.3508352730289344,-0.26792779953561857,-1.3133579394074626,-3.7602739143413295,-0.5385988088860405,-2.320967818113596,-0.6226074625163631,-0.5700821922066088,-2.0518883908742005,-1.3134220079003542,-1.797061583923471,-0.09911669175125543,-1.3418080639196188,-1.1848370891371107,-0.6341912692170606,-0.13468710097058217,-0.870795208379503,-0.568014439213492,1.0003025355161537,-0.691238106487622,-1.89458964323562,4
0.8565545311417053,-1.648445749176011,0.6089163870080891,0.3474655262638485,0.21079037300344305,-0.5280207894261055,-1.040294202262902,1.075517451936884,-0.6866728431189004,0.42193112984943004,-0.13174525352548078,-1.8670728338061158,-1.6593670748950553,-1.6977492593453873,0.5037542128283715,0.7657422614466481,-0.20015057630317162,-0.35107627951817183,-0.5846806751851487,-0.3177860149627033,-0.12032243506419826,-0.19091972550411296,0.226721337877261,-2.07717899288649,-0.5178728205044856,-0.20986853510935616,-1.1017438994868856,-0.7209444687734919,-3.1034881081411343,-1.6844836818111852,0.1587888319511652,-0.8604928093512102,0.9853888737793883,-1.7931402122962625,1.2139363429232195,-0.5178643534632715,-0.8303718698243332,-1.6812496848520064,0.8453032463527909,-1.4643655776295628,-0.492555031824623,-1.2436533868664783,-4.197219889769737,-0.48358094662532713,-2.034710206363432,-0.5672536979805122,-0.6776686917368994,-1.8549838233310632,-1.3900343374935917,-1.9233638258869041,-0.1586350773415778,-1.5051782224436663,-1.2632527353226577,-0.5472324267380159,-0.2225968461386375,-1.0547068986463988,-0.6516195579197043,0.8869704731455512,-0.6948969586396201,-1.9182717203357222,4
-1.231969830742898,-1.7928230861396588,0.19826936432954245,-0.33897101473530683,-0.42278573103517036,-0.3024542364972007,-0.9959331943456259,0.8111832742338176,-0.7870739290126918,1.1134587949757049,-0.22363002880410693,-1.78488707963993,-1.4111144533982118,-1.4441834579434678,0.29897382824798485,0.8367451177802762,-0.30532147116448494,-0.9445587307759784,-0.5474792302273805,-0.029193124801637382,-0.06039095909665802,-0.33475996469040054,-0.09967876832780004,-2.0987294677786323,-0.3499271034787009,-0.18955387666471685,-1.0479918577217369,-0.7514142276237974,-3.139777187895064,-1.3839483400345438,0.10920769504562648,-1.0081116999502029,1.1462044495312327,-2.0093501426335756,1.0479908382859235,-0.5051175092359994,-0.5248429650555847,-1.7782231401446809,0.896621133612379,-1.2817131106113575,-0.32804774445363605,-1.2158797287929948,-4.01210374885588,-0.6859833443949548,-2.243394429222194,-0.5661374734016835,-0.8072548703302825,-2.0343155837017304,-1.4825463607317253,-1.9469669194275256,-0.28911597063927197,-1.6662311704769683,-1.3076696897114755,-0.5456392769023538,-0.17599046750874026,-1.0812822504751451,-0.7039889138031777,0.8990098837888185,-0.5904850659813502,-1.8890136664325339,4
-0.7027076974564488,-1.946405092434841,-0.01202333531579143,-0.009526026146116029,-0.6653987499653954,0.41216415462980316,-1.4117931421604408,0.6873783983761842,-1.3414242176088345,0.6479210869570033,-0.3006170350436755,-1.654202701801951,-1.252792435716507,-2.1183248415307214,0.12291515928963848,0.9561483746466981,-0.16250888716502915,-0.6220983020200455,-0.5214165983461774,-0.5032498727169721,0.33152664835708245,-0.3461269131510958,-0.10254607210497654,-2.050212193833529,-0.34492452636658866,-0.01514709672766995,-0.9353154319416147,-0.8963719502858953,-3.2875779000356364,-1.7384328456748475,-0.07159182424113669,-0.8888641154850792,0.9790875083518712,-1.8788092684777442,0.9134554462204002,-0.4868450379408509,-0.5365870558705526,-1.6638494762793576,0.932777506523521,-1.1595492273323829,-0.42883618692922987,-1.2832917789731546,-3.9175644152689713,-0.575497499205773,-2.1519062602082832,-0.5065281848018177,-0.883746298676829,-1.8114823841107912,-1.3977645696245726,-1.9595811787798842,-0.12696685039270855,-1.537547496890995,-1.3663230731739815,-0.6209588299262947,0.028366876010683884,-1.1280447067098907,-0.575697137678168,1.1140754051199995,-0.7152213665284161,-2.0050445428039376,4
0.19154808783913646,-1.2114052928198904,1.0243447948827702,-0.39711347092375937,-0.5094697661543025,0.42745751733459847,-1.3339070875283046,0.8650011930889612,-0.6768829484768123,0.537284103008933,-0.09840162449520762,-1.2495634373062803,-1.0656734968545398,-1.7185574612129184,0.34310562371010905,0.7926339679831841,-0.06521285160439744,-0.5176727080159413,-0.3502853073911599,-0.2193399617671204,-0.33975262378903404,0.03485742127249042,-0.09781162939468974,-2.20749198892715,-0.23365312290023282,-0.017102178062111978,-0.8672075856149004,-0.44884628741199917,-3.271242817431144,-1.5176793037832625,0.008466849919469608,-1.0605440220001414,0.9899440450689411,-1.8658864061281755,0.7456187484697887,-0.6609977479486157,-0.5413103644195033,-1.598101877710583,0.8741506093977776,-1.2956443655463161,-0.16197645744622385,-1.206742847100382,-3.855038407322344,-0.4905983532454474,-2.198201969341056,-0.3011413347237543,-0.7318412500545379,-1.8358397351035947,-1.2334832927917938,-1.971617323373039,-0.1617277887451627,-1.6685780590886583,-1.2370250946225319,-0.5057869900772527,-0.14511566648256596,-0.9802249858080396,-0.6537835814049184,0.9533311887263818,-0.6307212044673661,-1.842139349563756,4
0.14005784628989867,-1.412989365817482,0.2618879429997257,0.5264490808574209,-0.6807670361755028,-0.44348113475163214,-1.4716967082674839,0.5585763098833987,-0.9551156879976406,1.1958208509349935,0.14649590007652397,-1.9522131961941174,-1.4147741515679337,-1.054202154067855,0.17373247790914084,0.8209146367393604,-0.2902440829838848,-0.36226653626682814,-0.5011098325985968,-0.09001670018373431,-0.40307104826683876,-0.4590695678535426,0.05769479230984345,-2.09422600477874,-0.5295388904921522,-0.09943388951637876,-1.3421970310812772,-0.8050706254945148,-3.139302671678156,-1.4853219934650195,-0.016959540833862204,-1.0037379422093808,1.1248666560312028,-1.7317791026800557,0.9265597656912238,-0.6535270667560505,-0.5844230617529982,-1.6976784245534324,0.7771515585355981,-1.2383727800364972,-0.4082565266140968,-1.3056351218545805,-3.9354288005013025,-0.5562803260129123,-2.237617224342661,-0.6142301959832067,-0.5748650802325146,-1.781847665512675,-1.1929521165044306,-1.9249816833545856,-0.09340819799752689,-1.5591046484355038,-1.0974989096033243,-0.5547973603277887,-0.17610746316492884,-0.9216627831368779,-0.7557202027755006,1.0768493780769628,-0.6467492998928671,-1.835927747317491,4
-1.5179552006429806,-0.6819669414456817,-0.0424199308843935,-0.24474585146358147,-0.24519383208649903,-0.4692037958322904,-0.7922881109070664,0.6844441817903592,-0.06545854459221095,1.1205862316542612,-0.3181305947487656,-1.9271683013224081,-1.6317881407039616,-1.7417400394436284,0.48553459722282344,1.160901472346813,-0.23911478460675095,-0.5682513903702072,-0.4253171406978295,-0.03704759425787166,-0.3094500662298727,-0.3236997164473294,-0.2257057248926252,-2.315761425361173,-0.7350254751437819,-0.055054179938521824,-1.090160166615564,-0.7469002320761566,-2.998995580710863,-1.4945752460625108,0.09756787684229953,-0.8457743484133243,0.9168124812211678,-2.028005386076537,0.9136410164708569,-0.5255932101719932,-0.6299247465242584,-1.702304565260124,1.1359664652200694,-1.3182517007276877,-0.35841367386962436,-1.2313837731526927,-4.006210740262725,-0.339506768463567,-2.023528815282004,-0.4042922065990684,-0.7560319952918997,-2.0086155068232756,-1.2532478990426392,-1.8955337215651489,-0.02185301999325187,-1.6112209201705905,-1.069408967604363,-0.627642683710675,-0.11195085636759888,-0.8935376370113145,-0.6208855102591084,1.0044372214852042,-0.5892819193063883,-1.8777852847042074,4
-1.1951120894929828,-1.5167563901536374,0.9283457223367148,-0.6126365704604592,-0.7461004736117746,-0.3369286908434084,-1.6767423799377081,1.4345221791074119,-0.6449394272820166,0.804655408262939,-0.042207243453053156,-1.534234137000877,-1.0941577115084211,-1.4242576340304742,0.487702195929277,0.7254532287064532,-0.3998455841605206,-0.36538903546012413,-0.34949169192809926,0.03498695172353963,-0.028100890739681014,-0.051176911413277404,0.0765935147302611,-2.0927010874766037,-0.44892323019650243,-0.06504051535492777,-1.1250133563936304,-0.703032031677359,-3.070744931622794,-1.5130430099285164,0.06835662430425067,-1.0873436661001061,0.9486246178042368,-1.804651591420041,0.9069975504397438,-0.6542042837937669,-0.6397615705129749,-1.6931313121876028,0.7878141180494368,-1.2861166823788348,-0.43816689455336855,-1.2036633830431747,-3.8870879741827937,-0.49500989521167205,-2.1773388540584984,-0.7100694704786091,-0.6949543517088825,-1.9022576654109387,-1.4525708180624808,-1.9596092262303482,-0.10002380321363896,-1.6461234274345489,-1.2155961850354307,-0.6627880800879634,0.018733369823652757,-0.9776544199182347,-0.49779117364796127,0.9649406589848434,-0.5462146123280464,-1.9478765323433227,4
0.7808439164593686,-0.9597874990544435,-0.38855835968242525,-0.3092638903204442,-0.2960799190970427,-0.18124391879982493,-1.5067075549986773,0.5965909637248612,-0.49588783727747704,1.0504535586756223,-0.0034299198901681094,-1.740286801375623,-1.765292950013128,-1.7524597245245321,0.3674383217088476,0.47356578983578157,-0.2679410823931214,-0.6821544064002576,-0.3416469338528678,-0.16247256811131094,-0.2775741864507023,-0.33109728332745736,0.24640707974086323,-1.9972666463996696,-0.3606113126822599,-0.31499979366914266,-1.2049081465062657,-0.4999251753268285,-3.2490098988965377,-1.3872412449012663,-0.16046046044774961,-0.8999602349679967,1.0084103540107225,-1.8442320462863073,0.9660773856750613,-0.6232106612640042,-0.7761173439621066,-1.560896517714854,0.8475374198044768,-1.243065405189923,-0.3717848546756443,-1.190174942378061,-4.0270986489498,-0.5903150579093781,-2.171494428838782,-0.5983758116897595,-0.728949796423658,-1.8573770858584175,-1.2737103839319244,-1.9843994801783307,-0.13383486577257578,-1.5764549741522562,-1.1978024917327037,-0.4957768677733378,-0.17410331586237365,-1.1230788894481165,-0.5659242215123684,0.9183117823048029,-0.630096175820581,-1.9380378167134782,4
-0.45198771098256774,-0.5905138313659741,-0.1856946694077175,0.28061796092259933,-0.6023391808837151,0.472786754756633,-1.4149798715293855,1.0069350277962577,-0.15868149533751652,0.5501697907904568,-0.7449392334491759,-1.7916074052761137,-1.917224901086247,-1.1796592560547847,0.31449322615104824,0.8923236486926516,-0.09927166254807523,-0.702679609117826,-0.265890587113758,0.17608295067139695,-0.0078277906059743,-0.32931233855345665,0.2656848430262241,-2.0394651287133563,-0.5855618685018251,-0.008908346732723532,-1.03990732887659,-0.7609273126758266,-3.343111165693439,-1.6214739545657142,0.05997675043768264,-0.9864092789292238,1.1447497396045312,-1.8246343667198874,0.9037677819344159,-0.6900895644968945,-0.5736785252420098,-1.782448286208192,0.829212904187384,-1.3080179435260015,-0.21170575582514684,-1.3196896266188018,-3.9611236270197834,-0.5953162997278271,-2.0779260018535557,-0.6502937357689951,-0.6306876977109139,-1.8485286422743479,-1.5233527657982397,-1.8900082696801275,-0.037186223138410454,-1.6678119617338387,-1.1338466891883394,-0.41880666263512756,-0.004696376530204147,-0.7459629868300153,-0.605470644207767,0.9741155360848807,-0.7184097804239344,-1.8239000216580143,4
1.9574290159407566,-1.7517871776040286,0.06529431581024502,-0.4228090134217084,-0.9746438809277365,-0.2839400655912955,-1.4521068009002343,0.6277064056163877,-0.4676906034893304,0.660071297784649,-0.3533039517354948,-1.8340425200476063,-1.5692979130010494,-1.5726959636283688,0.013832977458487605,0.9365801755236236,-0.31995683955771087,-0.855701804900987,-0.47600943188277767,-0.04213657576484241,-0.025299260788252648,-0.3337511483992967,-0.18337601774874165,-2.135382734044015,-0.33970611105756626,-0.1897269638819457,-1.2937092103847514,-0.853473192441174,-2.988926162028443,-1.5531930769871698,0.0092045125001083,-0.9893478210827252,0.74225475010255,-1.8600914049063941,0.9300564504089174,-0.5649313714758845,-0.8424336641621064,-1.8063899640210679,0.8144440592302639,-1.2103398064170703,-0.3571322409092707,-1.2952739342321453,-3.9548768161588623,-0.42677516942749777,-2.2917387882650706,-0.7261594393170199,-0.7382406009552275,-1.9131180327010424,-1.4072542695896963,-1.7566842816289499,-0.11353563791157728,-1.667908287971173,-1.1521391917619799,-0.8283452090982772,-0.04702813818016491,-1.09927540838716,-0.7481207577779836,0.9861588348642105,-0.7963199311278598,-1.9143932422859111,3
-1.1908919047472288,-0.5575012776755299,-0.07913502002264422,0.11285179685045058,-0.8888963956180123,-0.32094848198053527,-1.3520782959272557,0.23563273578036015,-0.078609181404455,0.856534615374506,-0.2084342346476111,-1.649738567835286,-1.381120654598143,-1.2286534378395402,0.5108905582717124,0.7820893895243244,-0.11950450200279317,-0.8428421502916177,-0.466696509663318,-0.08324600280461666,-0.4752085501283925,-0.4192588739421068,-0.0011402106899540201,-2.1225243378743857,-0.48814826673170963,-0.23334034470555823,-0.9807234643352583,-0.6000869749797354,-2.9429517504424467,-1.8661622127475528,0.10989482048193706,-0.8396490003008099,1.2485941705248171,-1.8621307440289365,0.9645790493481841,-0.512066928861412,-0.7447894386973153,-1.7231451206168489,0.9942659508520837,-1.333339472362244,-0.28548494240330613,-1.0842367598537912,-3.9815478475416546,-0.37525624338673275,-2.0762198908768963,-0.702863872941317,-0.43441100163304747,-2.159536867047994,-1.260143994521866,-1.9808285718048588,-0.2440652423382012,-1.5309142210730813,-1.3410290452215077,-0.649093005212158,0.000452020192335173,-0.993559603473523,-0.784244529006675,0.9926065560884316,-0.7303126419062322,-1.884863578108773,4
-1.0775795885650394,-2.166253087449702,-0.13042965150250452,-0.34096570171299356,-0.3421701463672669,-0.09042452376964052,-1.1971740100843824,1.0936123754284641,-0.39496771007499604,0.9820407891624354,-0.29836614426821806,-1.6899630443643212,-1.2369097445572854,-1.2882946753321813,0.21681714337513464,1.2946639708908165,-0.31036365716457487,-0.4815155994500664,-0.13440924403686993,0.0517017760526208,0.30819359997527307,-0.33316439567815853,-0.1352791341785805,-1.9527504985719193,-0.2706371010560834,-0.053578962175185096,-1.1001302229383843,-0.8234057858534347,-3.367277121479144,-1.5872657933345544,0.06516919266463855,-0.882209789705215,1.1063987865971288,-1.715707007667252,0.9656121079933822,-0.3632996716225987,-0.704245517159657,-1.6327134782360324,0.9864327715422399,-1.181280986248897,-0.3368159039261161,-1.243457528797977,-4.046894474286869,-0.5036882542855388,-2.2044001224368457,-0.6014277304756762,-0.7742595078578809,-2.0298261444427834,-1.330897551569453,-1.7978867575678283,-0.058525594379752466,-1.433900402222768,-1.1744674776154211,-0.5099714131290246,-0.15287738128238096,-0.9225906541485318,-0.7100594821110974,0.8290266119614979,-0.7402125264207767,-1.7920209933859301,4
-1.010577857001309,-0.7872595588303783,0.3565913562329385,-0.01377319609157876,-0.3723485803943896,-0.13955002523691723,-2.1940386677486368,0.9960336798665902,-0.9399495476553785,0.7027054304746092,0.0974537741142133,-1.672981853965487,-1.2619703589659943,-1.0321066213437358,0.09379451374633871,0.8808625045801655,-0.353638213309378,-0.7797710286113769,-0.2958059159972648,-0.09270448437769366,-0.048435949740238834,-0.13335839989060694,-0.22143459639388383,-2.004698102377828,-0.6711790646424535,0.061605576769477866,-1.1447798637648225,-0.5843439930585727,-3.2333002371619286,-1.7331698653588847,0.1715193323096781,-1.070783607571049,0.8847106595380674,-1.8236289388210631,1.0301870706907048,-0.4636343212160892,-0.531142829813416,-1.8772393844905126,0.9286333991679027,-1.1235514574735437,-0.3382159030226611,-1.4396309428749716,-3.9442840272222286,-0.50162629064542,-2.154527948469975,-0.6761723041865328,-0.7344239529977015,-1.8904318053286036,-1.4367566277825887,-1.8828401471004736,-0.08701534597799425,-1.5210716304852525,-1.249526886986329,-0.6867511138272668,-0.03822196341043835,-1.0896086516462868,-0.6548146018927152,0.8524141628581497,-0.6064128056859615,-1.8081467414893797,4
0.1355510001266202,-0.8285670732109185,-0.7121115441557575,0.6858809319071733,-0.515532795093527,-0.42909963385046535,-1.7403122976167003,0.22003768459752582,-0.9107147011019507,0.6311859758443963,-0.16827179005680476,-1.8266348265464512,-1.2557738512999208,-1.6977935408657638,0.25108990897654326,0.7023083737046577,-0.4522462525706795,-0.7277361318046356,-0.42114657043510556,-0.12103927214238047,-0.47316432632232935,-0.1646597947718752,-0.27088977909269546,-2.080336768182153,-0.383692577038048,-0.39609477940391263,-1.381549594392879,-0.8118891205224665,-3.1562571931062395,-1.4125189046588102,0.0026437198993920635,-0.7912814075164492,1.0700408374574488,-1.9752481320647566,0.6830622916335238,-0.6979866010880373,-0.6372873317351877,-1.5158007992465397,0.9702491100007471,-1.3861451833631644,-0.38340981074503255,-1.3722239915102517,-4.062092014674493,-0.38566474897375735,-2.110588695490607,-0.7964456679645742,-0.7443366385901453,-1.9631677971031107,-1.3131667001137368,-1.807656414008217,-0.08984131364866296,-1.6749506706825752,-1.2564623078047485,-0.622423968362888,-0.24697132538740857,-1.0147688359689857,-0.6101928147625032,0.9137515284907097,-0.7908200432541426,-1.7891988052025039,4
0.7212466691244876,-0.9904340479596829,-0.3475049616494619,6.86878977936567e-05,0.11665877991767148,-0.4898989632980701,-1.1730184065031979,1.2224918587566493,-0.2611269610835086,0.7725264928673922,0.10355247593590922,-1.8614627803187354,-1.3543607010157346,-1.117102227210833,0.2996519183344726,1.0137050953012348,-0.11103621955988899,-0.7452604305305199,-0.3624777678911014,-0.32420454902503804,-0.027249841072451278,-0.21042791816194156,-0.10025170607573931,-2.2250634864855114,-0.5052408095265175,-0.30318460325872193,-1.2929088000026745,-0.5851975838282675,-3.2965533671086025,-1.5556774408560685,0.07336614171396341,-1.1699910463628815,1.2475333992709476,-1.923084087023991,0.8493883851743825,-0.6199473195912274,-0.7937477258827074,-1.55469602598824,0.8231399380053668,-1.2617514539674997,-0.2625469814093784,-1.3309070431636536,-4.066736850883834,-0.46744881160129137,-1.9616763611722943,-0.7753283023309365,-0.730609778837516,-2.03074812700913,-1.4675511029285973,-2.069502112086418,-0.17105256846583677,-1.621083619187956,-1.3480774755918692,-0.6941296530962209,-0.03273809549519882,-1.072211715879234,-0.586662379720304,1.0085486730461368,-0.500274719834706,-1.8581092626167595,4
1.6367014530161539,-0.8451373608075343,-0.3858749109928875,-0.42678575307929434,-0.9764664252453309,-0.7204045972836173,-1.359576096493543,0.8297579197478495,-0.1938649153219031,0.5470005798400603,-0.27368728517945534,-1.5329397884017841,-1.7123452581374272,-1.4726587983489732,0.04575395377083302,0.7571592877740925,-0.33003752243338175,-0.45909765838302596,-0.5684336123331044,-0.06110056185321468,-0.25274134708760204,-0.1833972580766534,-0.11796463678781086,-2.113640559839921,-0.46908284176324844,-0.18890859632135987,-1.2530409962806917,-0.7947295802834599,-2.995067110261933,-1.6515449040401586,-0.021007030654519462,-0.9325819842601543,1.1369090549630265,-1.8703950780578102,0.9489391941948392,-0.5769207079994917,-0.8479495470192762,-1.8167079052099022,0.9391020187194077,-1.3202442044021194,-0.2974710169874496,-1.30562799822353,-3.9428706963953455,-0.5580540758012945,-2.281729708497146,-0.5767790871386731,-0.7274326183743064,-1.9261269626675344,-1.3878027096454713,-2.0502545445253157,-0.11460222013147248,-1.5920930687382844,-1.0604743822108122,-0.5852866460045278,-0.1443733507092888,-0.9573004814180183,-0.5023064069660915,1.1344914809961903,-0.5624603798447103,-1.9376522847430842,4
-0.6679496412736572,-1.0386503410993089,0.4161825627604048,-0.5243081717673514,-1.0780769688450875,-0.7688161900826223,-1.1510090323925002,0.9259528164885812,-0.379598073012543,0.9736265276992176,-0.5111693085884803,-1.3613883229284944,-1.2641880457358143,-1.8197003125942515,0.15683251238544135,0.9595442295450702,0.012967532213731925,-0.71957819016464,-0.09037257539036436,-0.004809591663113899,-0.10518575159687776,-0.02607343835342396,0.025827288503292085,-1.9218932186279527,-0.4527540393156936,-0.10951428280613762,-1.246691577968518,-0.6452198065710882,-2.999665132934966,-1.7881616902850719,0.11824049209468394,-1.0629341800771528,0.957361336226409,-1.6022762735875653,0.9513527757428945,-0.5919456174958605,-0.6571790826571323,-1.4854927207626973,1.0696614336559274,-1.2253839447005968,-0.19577301294850208,-1.2282982075922755,-4.049948452400631,-0.3015787530455877,-2.2225329574655266,-0.5354797088690838,-0.71898254637653,-2.025329742856903,-1.3821835956099782,-2.075122911624558,-0.1384083628640941,-1.3883127777651605,-1.3098121687056392,-0.5098430679448306,-0.030888013721195276,-0.9623570691489847,-0.6843374139636504,1.0513697035819638,-0.7542703771822631,-2.0443936382473447,4
0.25563631640188167,-0.7731970815235422,0.4071896642426457,0.13296853854026003,-0.0998552124146429,0.21047284717265757,-0.9180556995390554,0.908382966209254,-0.7174965525113,0.756033634747075,-0.5416869527255034,-2.044758171355768,-1.318750680202674,-1.7012638392993127,0.08242475921082762,0.942424211682434,-0.4519194238236817,-0.7041663714643406,-0.49881005834523284,-0.08685595285594377,-0.3066847365556334,-0.30699721622509585,0.02842910701057484,-2.1473605431249747,-0.2559405042438783,-0.0207218756188199,-1.2327604219877266,-0.6666327585187323,-3.286193602120125,-1.3342985088056798,0.06663851302167115,-1.0258358020748817,0.9612071353918521,-1.7741693973173598,0.7918860627054519,-0.5205297569982386,-0.5733137182095411,-1.6721097253327206,1.0485723659614221,-1.4289064916847436,-0.1987916535667389,-1.0872864368618569,-3.9469563336579827,-0.4516718820765315,-2.097988180635082,-0.435732349177482,-0.7564932022190843,-1.9183147704089851,-1.1947758213351287,-1.8748073859629835,-0.12502290526466742,-1.519540796408187,-1.5368621690604765,-0.6790539810631648,0.052889696808636005,-0.9086705186560903,-0.6913092307492963,0.9892439166092444,-0.6810071699233571,-1.9418384899334789,4
3.055371610647749,-1.8253020547466714,1.1708365489092962,0.08911749683986012,-0.4398420855684388,0.619204187151986,-1.8037876163477393,0.8812042486484511,-0.4527037653503367,0.5096575242415814,-0.5603380209712676,-1.898208393076896,-1.2194095394796016,-1.4263616348799273,0.015689650945621914,1.0968950721997466,-0.5203419893850801,-0.5878318408288846,-0.49630561412753144,-0.7106670642332206,-0.06176363675419963,-0.39760464763736303,-0.0853951853648465,-2.163242072345567,-0.26984179479859277,-0.20853806353975027,-1.3918583123346535,-0.5412775786557558,-3.4524679922973287,-1.4138206375167925,0.09223292726826092,-0.888372919729586,0.9452373211933638,-1.745961070773977,0.9343750170503653,-0.5174388033469092,-0.7560561516849037,-1.650274456519911,0.9794437911221311,-1.2606477847534348,-0.30302259606925136,-1.2781429294963234,-4.043405115872983,-0.43933529926614734,-2.13195555394178,-0.725413026865873,-0.5549427271419307,-2.053971672009795,-1.4662774260204054,-1.9037746803232092,0.05817974398871764,-1.5166238342122091,-1.4071494547818413,-0.6501011220277035,-0.07089480521314356,-0.9216616712618697,-0.5748892918883343,1.150280204567637,-0.6275500168486927,-1.900700533121594,3
0.6981617215509568,-1.6656347384616048,-1.1937605857607951,-0.33373323939395033,-1.0180890985616733,0.3073996302195084,-0.9534325173271787,0.252129238746325,-0.7402652842829411,0.9646148557074843,-0.5405822337659754,-1.818461617970464,-1.3748341815332392,-1.1955207419514946,0.16309952174626308,1.3927970548042092,-0.3105642039847073,-0.6348165757606321,-0.31066852594652533,0.06818479430923219,-0.36505364893505976,-0.17033246929281365,-0.10031611798752252,-2.1636655667053395,-0.5137422464017194,-0.010266386941299638,-1.2662393381937835,-0.6410898880460717,-3.1136365396335,-1.5267887215068565,-0.03081642557650336,-1.1011797409616153,0.9915972692423195,-1.8846169358018585,1.0324994389110675,-0.4027577699305783,-0.6263774347959131,-1.6702272441688424,0.9680523510364124,-1.0964309324073078,-0.23179562284005875,-1.367952139651515,-4.030234369958163,-0.38535737090912214,-2.3683006720856477,-0.6057142778063166,-0.8077734779445083,-1.9501468689788617,-1.2691288247631762,-1.9608117069948905,0.06438897539727617,-1.5880610564973427,-1.1752751230628276,-0.7017585230193484,-0.1886219662232979,-0.9968500353143805,-0.5560300787609591,0.8505696037686186,-0.7700171351504363,-1.9596932700852787,4
0.07392743921198874,-1.2562023624622092,0.3120873719314813,0.4325517501430845,-0.4622103665486029,0.05364162966667346,-1.4306490370387732,0.43929658220345347,-0.574313318191298,0.7803223629126425,-0.20939646337390727,-2.0121333749692165,-1.3637674344279462,-1.1687362689986762,0.4580304696935139,0.49307498241502923,-0.2577924125254143,-0.18639031375009663,-0.4766329627319188,-0.12183565857727477,0.058598079592459745,-0.10574306364053279,-0.17557053666960504,-1.9774101984885466,-0.409301413585235,-0.07394909035231043,-1.2367877787266202,-0.9078022751889643,-3.315034106275043,-1.5856541667259527,-0.1150930243379217,-0.7968021243360013,0.9586113776947556,-1.9250368884263305,0.9407435668789537,-0.7812255621918123,-0.7613342695400143,-1.707043561279863,1.0311220032236008,-1.3954337261432705,-0.37355492906939236,-1.242527615371048,-3.8763093229995778,-0.5176650954829235,-2.1594765138867444,-0.8639877291278472,-0.7032198338434437,-1.938640453931689,-1.3886019081184482,-1.9065638927036306,-0.10198669338469649,-1.5499878226599644,-1.1740973861471193,-0.5862784999722938,-0.09812282377557302,-0.8469264988143242,-0.6665368296899402,0.9321148752099283,-0.7215118753056253,-1.8616157761923573,4
0.9557102532164055,-1.0857235823317075,0.6719073972830373,0.1949694456359937,-0.840488284565698,-0.4443661532104942,-1.1910862833366254,0.8552802828814315,-0.5139927845064196,0.6165322888092223,-0.27509783206927013,-1.5589433326895743,-1.9998069445659716,-1.3588277225598238,0.18966445341659954,0.8739333815762541,-0.10675342878534255,-0.7185928553359754,-0.6497764344438222,-0.04971485185730162,-0.6108883413565129,-0.2167934224467547,0.2814368003409295,-2.1466668142159837,-0.5224348491371296,-0.0024685396909155805,-1.1169113035036655,-0.8625031149843133,-3.3465890696091725,-1.699540728545846,0.12467780249509067,-1.2566920215019133,1.053722508406645,-1.808575389706258,0.9851026508948515,-0.6129930884179461,-0.7891441401033805,-1.7221261055814054,0.8971459602469527,-1.518353897585043,-0.3302824350206447,-1.2069305198531775,-4.036266173577053,-0.691586360404985,-2.2552842343149617,-0.5656825533025089,-0.7739239909263231,-2.0080092182885623,-1.3960315034592534,-1.9809620996947068,-0.32778367526660335,-1.6622776849930985,-1.3681774075615267,-0.6074355188008701,-0.13557626050939092,-1.026296885391877,-0.6420342417943925,0.8783157119003339,-0.5439547219181198,-1.8615875928031111,4
0.08548438924655881,-1.06069262145074,0.3319484998307402,0.14307848324861697,-0.8030855908433617,0.233776532870705,-1.2136567324061334,0.8628329340274634,-0.14329762688225156,0.9165590136660277,-0.43415615302154587,-1.3896747196649712,-1.1082620464884594,-1.4302829018335796,0.5182112410935958,0.5626902825644647,-0.21276762062785387,-0.822026956107281,-0.17317625090853034,-0.11525487272643392,-0.15295335471740654,-0.15492660789733362,-0.13306009333368635,-2.013508156154573,-0.494508830182759,-0.27926994776753156,-1.2206846216247376,-0.6743795633286861,-3.1753983822552785,-1.6237540458699409,-0.11226972484686329,-0.8678802202027377,1.0161308194574867,-1.818654598802833,0.754016292586824,-0.6641647085028481,-0.8588157339761845,-1.5993542172200679,0.9474542984045197,-1.5018613635893563,-0.2709779791605,-1.2965485811400128,-3.8461063547419796,-0.5303016382703112,-2.1399714459037,-0.5463855063655887,-0.7627243691673273,-2.038221415966075,-1.4828991939320832,-1.8264154397994086,-0.21288355564278036,-1.5680620908764549,-1.253285681786777,-0.6069899968919529,-0.023008422615657012,-0.9658621153044674,-0.6392099455526136,0.902669396622988,-0.5451472118944665,-1.8136817376518723,4
0.032058166604868495,-1.2057367115355466,0.3136608788803261,-0.06015083811694702,-0.46249621704182425,-0.0744717842443088,-0.8312342160444557,0.7283536508693849,-0.752789507636727,0.9371803647168386,-0.4105486829248129,-1.5172694299135547,-1.5906025534421626,-1.249770945275386,0.2576867109606488,0.8518613385032947,-0.6151910073015476,-0.6597065630413357,-0.4348918058112421,-0.17722495949392675,-0.11123834246199701,-0.41794758750198746,0.3235772572742487,-2.0467474400082684,-0.2989541900024172,-0.230780551774263,-1.3256456088873554,-0.7380704162259993,-3.2292342490100503,-1.54641086387081,0.04711218505684051,-1.1138035847248047,0.8516829756201864,-1.6753422132464602,1.0402079168645404,-0.5908619750725466,-0.703856969514876,-1.7130847115396872,0.9127054903110016,-1.3626887201877667,-0.3321860293047453,-1.0831453111942353,-3.946559770106904,-0.3767953517857915,-2.097505406452695,-0.619124205458657,-0.6849533525236629,-1.91350200668262,-1.4324357003713495,-1.784382332175004,-0.058833494938688266,-1.5123963553430575,-1.1874274884076133,-0.6358377787315105,-0.10566121585301011,-1.02017272765994,-0.8387263214357965,1.1192134663927458,-0.5973166018535798,-1.923200256845056,0
-0.5229474164166514,-0.6905371436157717,0.11011551227205296,-0.2636025136583507,-0.8255785121771353,0.14619875940117893,-0.8451672461810296,0.6243448896708624,-0.279663560895106,1.0618371348540727,-0.17669672873244188,-1.924366383882451,-1.2923066359858844,-1.3915697080260347,0.40440619121676635,1.1366344697328308,-0.2974383853948441,-0.8417751787972171,-0.61876623461454,-0.2580614282482211,0.019410790406069994,0.0022280922921918966,-0.14602046323026516,-2.4689003549413178,-0.2912951095643958,-0.19824353739441453,-1.1777787831873314,-0.9139325155766939,-3.2378164202648403,-1.4671581222410768,-0.04811316139569156,-0.9215005305553998,1.1376287528253965,-1.605569579736543,0.8481473098163631,-0.6426918041682137,-1.0198155588675943,-1.869226224138387,1.0374524520295023,-1.3156037546145163,-0.21688259561029036,-1.42151595710595,-4.025306625510479,-0.512754888571979,-2.255571104841239,-0.668756038270203,-0.6862903833488917,-1.9740425705984521,-1.438937066943463,-1.864018676565178,-0.05701475758329502,-1.6858803864623486,-1.2831106059129382,-0.6187588838546595,-0.09723996951994188,-1.033062382202942,-0.5021754051784459,1.0420306474385101,-0.5728350666067005,-1.8453303474331166,4
-0.6976790253547537,-0.291433519488836,-0.023868296390650648,-0.04896108706680688,-0.2252815124785793,0.15322906747346132,-0.7796500093778178,1.0783525138427419,-0.6056189714778992,0.936644737591927,-0.28818408692307057,-1.6128078406050794,-1.5554864434656606,-1.4025464564004921,0.44016645896190015,0.8200942599859871,-0.3008520826711579,-0.6285312744921798,-0.5553876734701029,0.3740735823540845,0.08681984469303863,-0.10773603505982335,0.06438460399882849,-2.256449736241458,-0.3829962409902381,0.08335297341634818,-0.9903745722559464,-0.6360967092919824,-3.36515734690057,-1.4482190072371393,0.06416594045144078,-0.9670688351872995,1.051293238790684,-1.6858159139963356,0.7904751731120837,-0.5928495888485595,-0.7077810456688401,-1.4617080215530167,0.7897911691796364,-1.3792000338198755,-0.4323137621975713,-1.393081903468167,-4.055775679357835,-0.5956609209688228,-2.171043274882363,-0.38711234236219205,-0.5461010857800176,-1.840667049454139,-1.4658231245128173,-1.8535502116180682,-0.10367181564169978,-1.5580393328972435,-1.3408732944775656,-0.5283240602277596,-0.20227246608589294,-0.924458318345842,-0.7480289443683277,0.94331015759704,-0.6878254679597413,-1.8651225900483963,4
-2.0431105155874554,-0.4848497290560816,0.7389338609578642,-0.0940629719836697,-0.5598459696314891,0.04611972276532586,-1.1115653508921497,1.271693455435556,-0.8431475261694261,1.079537373516567,-0.24612723815141305,-1.4823923882745924,-1.393727952801312,-1.8857846629804118,0.3634940080271229,0.7517424846730918,-0.4096853747221073,-0.5994661800636787,-0.5213280139937714,-0.2567789306088263,0.2657848431755474,-0.11813683377077974,-0.1627304912732944,-2.007083152340833,-0.09795962397033087,-0.24688155836970258,-1.1796381105851945,-0.7333992904570906,-3.464092707084727,-1.4079082692206661,0.007706800247630043,-1.1401725519737684,1.1119096033114562,-1.691756383732039,0.9802710413806398,-0.5104154027481865,-0.6307472056513379,-1.6761230255093371,0.9269206648194604,-1.1335330708424673,-0.4147084093812755,-1.3264226149378748,-4.0252497718323275,-0.5525114299903899,-2.3127182081814017,-0.5904301205680668,-0.7518299088474684,-2.021910695911319,-1.2978387839467307,-1.954819562006771,-0.011208799473268624,-1.7241884224619077,-1.2404658088189022,-0.6306480881642228,-0.05183908955913759,-0.9714620581270137,-0.7649955619881756,0.8898155708824672,-0.7156040479961889,-1.8957800471005608,4
-0.7681619989841072,-0.16194248700296998,-0.13986586294023157,-0.0051913526355377715,-0.5988871167813111,-0.28667875815669147,-1.4516368955374188,0.9962097032785944,-0.7195979179623354,1.2061511286923692,-0.3130826364884067,-1.5875874689999245,-1.6291996409549798,-1.2733579651623887,0.2306762498284333,0.7520515392863443,-0.6090161422628892,-0.9514026833468235,-0.7251422628868935,0.07159768317578713,-0.2460821320881982,-0.23465981718674198,-0.21807290785271183,-2.231566267419513,-0.4061289228707287,-0.19771919423434364,-1.006469265212507,-0.3077146846879694,-3.0045691792252454,-1.711946690062438,-0.13529177448916282,-1.0206502150245382,1.0545643420720232,-1.7559946018520989,1.0732052939289416,-0.7097906215665091,-0.91222321700263,-1.581678801283613,0.988896239001744,-1.249163140412727,-0.2297545403521845,-1.1135775910554855,-3.9050838889817623,-0.37175332740131495,-2.097908229379637,-0.7066605070103849,-0.7944387638046616,-1.9835817449598536,-1.405861589699301,-2.1035097777087497,-0.18799767549700797,-1.5428299267501178,-1.1018593224950568,-0.7157340337937179,0.030664026268510752,-1.0032546085934446,-0.74673137379663,0.9480963120012869,-0.6105943546770002,-1.9030392618555982,4
0.8209582017932167,0.34864033249981996,-0.6529190341830574,0.28063511896442217,-0.5045767695665646,-0.07509631267983032,-1.26489076186785,0.7011661981977007,-0.174265508690452,1.1772024425517817,-0.3585543146076021,-1.6968011334364834,-1.189102523114078,-1.3952567455528357,0.3585908490013946,0.7470703285149431,-0.5356613762862171,-0.8293281719368317,-0.7454009149329464,0.17391115082961878,-0.14460106993086763,-0.3203837353229894,-0.2077195074589586,-2.163882820352167,-0.3030474323229362,-0.12064979903857605,-1.0680302421652645,-0.8565535699207141,-3.3634292714196388,-1.5135079622208216,0.1361705868614702,-1.095856921804078,0.9065684823326121,-1.6453682008528052,0.7722690848217549,-0.7099171864734858,-0.5775468212742351,-1.5458045752832106,0.9523583259424776,-1.235246206237571,-0.1702080399404891,-1.2003347902493213,-3.8416323344311665,-0.5056606751007025,-2.1410489052776094,-0.5750611035502454,-0.7422496071112075,-1.9542056616197667,-1.5289650084683093,-1.8932876654014121,-0.1982241222684638,-1.7063576799937485,-1.333909488120662,-0.4811506503331817,-0.1978828557694029,-0.8852626993704185,-0.5580772114336553,0.9796591644856828,-0.4809640502098067,-1.8753029638755978,4
1.2614555187541816,-0.6778620291164652,-0.09347646430035031,-0.068647903366051,0.027089797204724153,-0.17830994231941794,-1.1558810353543827,0.5848603502076711,-0.4679859280494715,0.7222595147347672,-0.501805684285777,-1.7342599775054868,-1.7103027459239228,-1.4032727778888283,0.4629086268629966,0.6625036526536732,-0.6735978626551156,-0.5872075841093218,-0.6871665432529881,-0.10280507526415561,-0.026456729856661115,-0.3062459464303237,-0.14983687679979601,-2.292889252637896,-0.5254419129330996,-0.08192372257382834,-1.4015170368161387,-0.8153597420069613,-3.2052004318418565,-1.6161389596081903,-0.2537667355810893,-0.959607340966485,0.9815365409121894,-1.8491376253061451,0.7910435866311643,-0.458898184826638,-0.6709403211366693,-1.7235836977836019,1.0466352779996146,-1.214517831856347,-0.5490195155185036,-1.4214733441498448,-4.01902373401367,-0.3742956637339325,-2.2406396666992467,-0.6775654977063221,-0.847754457537027,-1.8106271666153513,-1.5297846977431315,-1.8801493471863067,-0.2451557381600964,-1.489567153194987,-1.2779003090620678,-0.5087388646446667,-0.18672872910733382,-0.8752371466279756,-0.6180867762893317,0.9392727516423753,-0.5183933766126584,-1.908140835197018,4
-0.4334225758922006,-1.2481635634595245,0.43896528843430066,-0.5060889400714516,-0.18417952503805785,0.2656696973634361,-1.4418175410230796,0.8699992942020591,-0.5149931946537155,1.1451808289838372,-0.3101162303886758,-1.3420561541327158,-1.3415358724109472,-1.8026858620650381,0.47080162183484575,0.6021686713336513,0.1303187635448625,-0.7784390126484783,-0.3036452397005277,-0.1020858642402584,-0.4080046877833751,-0.18491560225888912,-0.012094140850751028,-1.9865065829814204,-0.6724058475275281,-0.44295736020875587,-1.0545674389313213,-0.88413902108569,-3.560975963375553,-1.6854883361667814,0.006106879137039268,-0.8776702732183455,0.9209229710848363,-1.813860733631551,0.9217271856945828,-0.7209579579234336,-0.7267209711581726,-1.6770854994533078,1.1168647716103337,-1.4176060123547136,-0.37541288744315715,-1.6197879349566893,-4.155923464391919,-0.428414754360337,-2.262740383886068,-0.6242946743818806,-0.6351011546549086,-2.092008818773171,-1.3086070389108575,-1.8720032177952124,-0.13822765566886275,-1.5539473767859464,-1.293624479490421,-0.5887839415066419,-0.030971806667612692,-1.038838887447535,-0.5937783732912524,1.0546588165575148,-0.5009751242248203,-1.9387823474983334,4
-0.8665907769042848,-0.8330232053290514,-0.6040813770113861,0.5563744196447481,-1.1346525801072844,-0.6411242590251056,-0.6148775259644174,0.7776483776972238,-0.45430920965702504,0.7068073907707536,-0.5477891651605823,-1.5816508136239156,-1.2308670874509253,-1.7387284340415812,0.21866508350469668,0.8158645780874538,-0.542250567960092,-0.6925351234040834,-0.32485917171087675,-0.08641575782706296,-0.17657448564466324,-0.5339430466890573,-0.12331301818090741,-1.795415737746897,-0.4799402244922786,-0.19564216467569284,-1.260420787434281,-0.657695530660826,-3.287162236417434,-1.5246081652860248,-0.04765445097520912,-0.9988818725172118,1.0126691601764266,-1.69123000866373,0.6871838026023862,-0.648944493120455,-0.7851490107562629,-1.6725933253054228,0.6743869446720056,-1.4129701346305203,-0.4186276572081398,-1.24748326368324,-4.01825178836977,-0.7047901923858138,-2.1010560073255173,-0.6720568301243934,-0.62883702776463,-2.1502286628719505,-1.3625660466955167,-1.8782564876101981,-0.13656994784626286,-1.604465286643706,-1.1601725199928938,-0.5514517857365627,-0.06778939473449277,-1.007192978651238,-0.7784633903325411,1.0382262096873742,-0.5958375749025261,-1.8818735287028385,4
-1.0695805310935644,-0.3384184657414341,-0.28813820590867134,0.39158793840015027,-0.60037131113045,-0.0712646385663687,-1.2600241262445058,1.405170275388476,-0.7067220207420105,1.0765386716798364,-0.13824312554740742,-1.4496907400554322,-1.678508357807019,-1.065150984953093,0.45308216941479784,1.08417271294632,-0.8198829880818013,-0.5129055382255526,-0.32999824538030453,-0.2664250980091344,-0.07873468696391517,-0.3328110881358246,0.06067443844691317,-1.900043964947849,-0.4411480195105632,-0.16979999031875995,-1.1925637451504592,-0.6654247226592352,-3.4315981469925383,-1.3745159644704672,-0.11526368957521302,-0.9727126743010293,0.8248755782344558,-1.6796983475563854,0.8535075886077435,-0.6862781305386316,-0.8282981619713963,-1.586333523957547,0.9131730078221417,-1.3923742147547002,-0.15177359653124914,-1.123460650634208,-4.05138392383534,-0.6008409274153839,-2.191580998701305,-0.7119626309002982,-0.7707227342824599,-1.9347696504478578,-1.3883292426211267,-1.911148285788834,-0.04989372588476923,-1.6985607530831393,-1.2339718573582097,-0.6188418221766417,-0.18306921042944724,-1.0087299661089786,-0.7483387709760175,1.0288132598080166,-0.5800250088592169,-2.0290076435698396,4
0.46108709293052924,-2.246126013773687,-0.2915244650431275,-0.25248045017274456,-0.6954243943843997,-0.023254287587612943,-1.4558446731120305,0.48457996524874125,-0.7467250431076756,0.7538656533303177,-0.08500338781414035,-1.658615798574458,-1.6742561034270271,-1.5171705186148294,0.18813243902184473,0.8248416604711788,-0.2468193931787206,-0.73260931095587,-0.4089107977217247,-0.4310644401431322,-0.06623204654632413,-0.16542389811210378,0.07576022709209036,-2.2736604279295043,-0.3953470860016873,-0.08316098981861023,-1.2432574195428192,-0.5317350522579716,-2.9753743055213304,-1.4245533575912794,-0.17325009891218365,-1.1237778785957013,1.1558214579188915,-2.0290460897519322,0.8060577022430009,-0.6962185148308451,-0.7369333530627477,-1.4867352246206962,0.9002233308026812,-1.400386787992098,-0.2280270099305075,-1.3688473508389964,-4.001106693238691,-0.42046603716896847,-2.081442827008981,-0.6994805356639463,-0.641530351661628,-2.118075219565301,-1.4110131373817245,-1.9712929080457067,-0.0093433435756628,-1.5671389625881693,-1.250937299838376,-0.5453669095440561,-0.12472390373104818,-0.9614903096853648,-0.6685379165859799,0.8187482257049888,-0.5544292130795132,-1.819570836761516,4
-2.0662555799796287,-0.6206493510562754,0.2603803269389212,0.6091207738542768,-0.545911427068861,0.15220043222200602,-0.6966111688592836,0.7460333682986068,-0.27432402157809865,0.663431298164798,-0.6019546349530288,-1.6046650057973686,-1.3196514046996044,-1.6475707150635668,0.48450388589326754,0.8560795358169956,-0.43387258437768156,-0.8041084394461291,-0.5132278184166632,0.1650413872512433,-0.12174203081101762,-0.07923541371686135,-0.10846963029035822,-1.991067448267306,-0.23283523657012806,-0.13151726793588014,-1.210978544586314,-0.8671067964818696,-3.256968204812217,-1.5171585594638444,-0.023654147720008727,-1.1314969362422127,0.8692875143704469,-1.6405218116987066,0.7475296973551644,-0.5217870698616243,-0.8915677546972608,-1.6911816612570354,0.9970978485854806,-1.5219623838898526,-0.21695538878221882,-1.191331086938713,-4.113294570514787,-0.431200812736737,-2.2090914179712713,-0.7475615997931195,-0.7030935656756727,-2.127270015346775,-1.5017775707781649,-1.7955819052139672,-0.14411055502052794,-1.6556180563983416,-1.1141206160564558,-0.6399389050240322,0.11266621063822707,-0.9675850236086894,-0.8102330897156318,0.9453367527955767,-0.7348976359277016,-1.7410419828128139,4
-1.4259536572818456,-0.7073217761095647,0.9165958612285374,-0.6049479384717977,0.2503166922985536,0.18260908023978573,-1.2448545790913033,0.598838393136958,-0.6503664376493228,1.1114596503401344,-0.6683105049562779,-1.692360342411472,-1.5059022461407456,-1.6593285604171928,0.2901103487457261,0.8870795437599054,-0.7189638361864091,-0.8184765929903424,-0.5445627703137657,-0.1193781538066648,-0.0931119867253068,-0.35059932873042693,0.06271713211070902,-1.8839209962833356,-0.26692201001916416,-0.20850631822264637,-1.0547040257438667,-0.6849697911574566,-3.2595035800699677,-1.6656793608237874,0.08856979677594767,-1.059291871053022,0.969552738209905,-1.84176555427532,1.0230135801336402,-0.5592295981917507,-0.5798730601798008,-1.6879583239501799,0.9173812577975021,-1.3354378080367575,-0.368496051100668,-1.505945827080272,-4.119553856127394,-0.5791342463852784,-1.994996994948853,-0.762445125377563,-0.613685195483483,-1.8917553837891519,-1.374618566070647,-2.157764979380143,0.03551071073213086,-1.597594003828936,-1.1432644067992868,-0.5283999947219501,-0.1423595685078388,-1.0427421038179343,-0.6743690419718423,1.0129646383957436,-0.6429143777534945,-1.7756992612560114,0
-1.4123470323201968,-1.6619083781413653,1.176859739158873,-0.4955801707369144,-1.27964155313737,-0.5587555494728178,-1.4673081506048724,0.6486445859613039,-0.5326275656068341,0.9023796471273153,0.018549193128105212,-1.5308167368051133,-1.5127796813794,-1.465732210603712,0.21752029854169014,0.7952109279227498,-0.40800697452542817,-0.7323070203291573,-0.6000641070066255,-0.21257856567555639,-0.14460726037067997,-0.20907085198957692,0.0907065435048371,-2.1223993039926947,-0.21143700531008286,-0.044356988835410685,-1.1605271578428664,-0.6629474150545971,-3.2353335567581727,-1.412630501374247,-0.03231541627986662,-1.0238429737712735,1.135560834451673,-1.6594128759949214,0.834406290399793,-0.5781885576768591,-0.8198392505333607,-1.440751021018892,0.9354566617755757,-1.3159057879932663,-0.4871782779405442,-1.1155016659498938,-4.032331502424198,-0.5692724713825712,-2.272701378468199,-0.5481539136178335,-0.7883848827013,-1.9795026024554987,-1.4029629506437336,-2.051844781576413,-0.07883324580110755,-1.6191617441665604,-1.2339593693704023,-0.5539453059192518,-0.1233481126841768,-0.8761898854261472,-0.6783200409053158,0.9337059526976335,-0.6295764946153323,-1.7761114491725192,4
0.6520824061623319,-1.796281102624148,-0.4074873802235325,0.2811078861482774,-0.32910484488688685,-0.11926361599137815,-1.2398642053456363,1.0501057082524596,-0.5889466641970076,0.476994628478522,-0.3483947100077485,-1.5478133582423546,-1.187529402573502,-1.4148900099278579,0.18693311965858922,1.0867354625694619,-0.1689801744532481,-0.4482208939080435,-0.31686111478745876,-0.04879374556505808,-0.15463293202855563,-0.11960781699249998,-0.09180739776829325,-2.1362576402885756,-0.46828237043359433,-0.030526445053170564,-1.0209653779392944,-0.7884193959070651,-3.1599622781608865,-1.752020611461183,0.23706602508440977,-0.8756203186064275,0.9147687748693113,-1.5891379757352087,0.9547757871801897,-0.6505037680719854,-0.7099509912230526,-1.6886270287409884,0.8969932231092876,-1.4420398417438056,-0.3301489703062687,-0.990175605411263,-3.91626281626552,-0.39960064665543255,-2.1301394468125925,-0.49201684093945286,-0.7290095176741975,-2.0370471269461308,-1.4061347785033351,-1.7933757785229032,-0.1395215309189459,-1.682162994934417,-1.1717451365669265,-0.4493339276547937,-0.15665814380871013,-0.9046513526006446,-0.3703121822376274,0.9039141920981774,-0.4246267277472987,-1.8099432295827975,4
-0.0026875270729059333,-1.5593899370037627,0.10072061144957227,0.9868858176270568,-0.3421905971621467,-0.002109840058544976,-1.6195674455827413,0.6617491351263207,-0.5785782081339151,0.7734733295937596,-0.09021468534640853,-1.7465645369352065,-1.2257185766810206,-1.3709908146296408,0.2989027630338345,0.9018315526609009,-0.694387172491927,-0.7420410985260548,-0.8073913922720728,-0.5927204396906909,-0.0371227870853888,-0.17967187617515928,-0.1902374765438846,-2.1298520733283057,-0.7016515283746054,-0.12004285651347318,-1.1268494040764183,-0.5863186418198296,-3.275360102736053,-1.6108781355735817,0.08664008672199616,-0.9421755553735259,1.0868744290868946,-1.8195149422317014,0.8500182969793384,-0.680752508180271,-0.8070743864392308,-1.675735704982441,0.7072040436836791,-1.236756817296802,-0.16014876822742932,-1.2627578222240687,-3.9199653487529753,-0.4733896396377054,-2.204748470118648,-0.5231574956038116,-0.6920927228821863,-1.998145606078472,-1.2947787474651034,-1.90146193702303,-0.16007457758908505,-1.4397668296269877,-1.2219622692713135,-0.7743367746824212,0.04767034796237704,-0.9059421499885533,-0.6459257888449563,1.006928015103604,-0.5787989930210142,-1.899022475646958,4
0.9675540020124976,-2.358186838592143,-0.4134175798173787,-0.3551159621979316,-0.21110894601462216,-0.27643602167969655,-0.8826300397105171,0.43865452031678026,-0.46913017429789716,1.2693740887958327,-0.8368869336592055,-1.562393423513941,-1.5102926570779571,-1.7445107130054587,0.15209128889471188,0.8703597573373422,-0.4685988207329994,-0.3013674003015374,-0.6753895971256033,0.040912963905445215,-0.12158433118679464,-0.24090395970710005,0.03714789040560873,-2.1614154235308622,-0.43516570260117626,-0.19926241665284722,-1.2548574032536772,-0.7562027501312696,-3.204819715985721,-1.7660190146103405,-0.0944429582639516,-1.1934811240032481,0.7556272987006696,-1.7202119102145692,0.8685451510101199,-0.421801189539592,-0.5633569320100159,-1.5921562878578428,0.9651080938998642,-1.3115375523866155,-0.45037593784949326,-1.4262827669700389,-4.034790509539758,-0.38966165715525836,-2.1989081212721078,-0.6139799006202178,-0.7663308539300286,-1.9249306849839438,-1.5661331260280242,-2.072518269479927,-0.0554043310954115,-1.5708969323207147,-1.0697115655237563,-0.6301666662525217,-0.011111390575451435,-1.1453121722423265,-0.9367166920407616,0.7798310126296787,-0.6947156662705289,-1.7175373619319243,4
1.589171521548343,-0.36927874414435247,0.46313848018800835,-0.5150093540276197,0.0868585210927415,0.2574190119863043,-1.4447159914286776,0.9017658844151537,-0.3272373559389202,0.7631411608090817,-0.5771222415386951,-1.6192047323431222,-1.4176568850309919,-1.647188853164751,0.08771644369087381,0.7603204413490694,0.0820384704506053,-0.6389697915142879,-0.5718907572834145,-0.2416651561719333,-0.14213206036420675,-0.3868459225858303,-0.058083665017077124,-1.947590800970938,-0.6191337021296937,-0.07301186688398524,-1.3455517551614622,-0.3945224817933038,-3.2713413597375376,-1.6582355628122327,0.22496245380817328,-0.9881281868876539,1.0448264902358222,-1.8620131010783703,1.162723760653414,-0.8107308520030511,-0.7905286667440309,-1.516592206897094,0.8477974211659105,-1.2440080986906938,-0.31581615416254916,-1.337663779633467,-3.935440185138724,-0.34669004275442616,-2.195809535652548,-0.6518879945794872,-0.7328778778276419,-1.9263751755930545,-1.4713480756891237,-1.9617871330462149,-0.2481927755592107,-1.5574914854831403,-1.3534760452571015,-0.5869670540186678,-0.08227445679288045,-1.0505880824890754,-0.6911279636181002,0.8681302732303833,-0.5932173540321541,-1.924722885345393,4
-0.5249641118574309,-0.8519763180633109,0.6346851022061056,0.2944099445860472,-0.48747661435422013,0.30151528825973306,-1.4169799939957897,0.7505974298735623,-0.6061074036578559,0.8647067810798226,-0.3694064317030704,-1.5179433153664095,-1.2796296151852278,-1.6414114597861138,0.3445859695690478,0.77268232724429,-0.41647636198977556,-0.24098433842077033,-0.5339703967762817,-0.19282036409665881,-0.24610562652951884,-0.29607541620978545,-0.09859740123190701,-2.072581018733407,-0.28112214353516984,-0.20385537034330117,-1.185282574465516,-0.7508418858582575,-3.123920076747742,-1.5700541442629412,0.17833581569405707,-0.822277363451429,0.8328688721885273,-1.624346069954007,1.09834654327245,-0.5082713223435293,-0.7375215363554721,-1.588605931723345,0.8372406320718386,-1.3143772035567562,-0.33668739774148754,-1.2228926951891805,-3.784623871832565,-0.524540948729843,-2.3113778237337477,-0.7598141863910749,-0.7682810211298977,-2.0198191325099404,-1.3439123093195697,-1.9696021392795975,-0.15173475032025438,-1.546417941552559,-1.287608555765501,-0.49616233864964954,-0.03188722421012154,-0.8872771118050473,-0.47760339405064267,0.8270391693393175,-0.6654795100327255,-1.9281522694615971,4
1.8079840428736391,-1.4567811008329632,-0.0718149404296102,0.24829483367215574,-0.7625968682831057,0.4064012038771895,-1.9471562674843015,0.6068733449077187,-0.8395640498030181,0.7792750236472157,-0.2950086869417781,-1.150896928431675,-1.4087963300423874,-1.7020460783236133,0.29718583926522574,0.5957144641478724,-0.14916356663419436,-0.5738659886526722,-0.6486202023826533,-0.05520781512464809,-0.2970942805516189,-0.12470235076017944,0.02739793665937241,-2.1654067427669235,-0.38633608757249777,-0.24174007079378715,-1.1574863925512098,-0.8105113848684707,-3.306513135414179,-1.6207943159221498,0.11428756127320337,-0.9650047673549851,1.1060395018943694,-1.6443400868948794,1.0071736714175972,-0.516945074035744,-0.9086401589983419,-1.6740948629007915,1.0942047848518512,-1.3879981035832845,-0.2995244663668268,-1.3336629583443234,-4.096705336771178,-0.4053158402569946,-2.162482927828696,-0.567630606885542,-0.6990687970221926,-1.885396364625008,-1.27538369907941,-1.833598509481801,-0.06108901860987101,-1.4442503865661633,-1.1887781420223713,-0.5928690261993086,-0.06410413479553896,-1.0490481293812055,-0.5774202223460997,1.038468371160766,-0.7569008950515015,-2.0005563337225998,4
-0.8455641595923916,-0.09477820584313656,-0.4440201510503028,0.06654689162717779,-0.22111899886755443,-0.21435419614224901,-1.5914061831863555,0.7374636524471306,-0.550777947583668,0.7816223059286501,-0.004836060255013597,-1.6267044193944658,-1.6446334865810635,-1.7294283629258635,0.09059781510278203,0.844989476400636,-0.6689574558810738,-0.34401256032812194,-0.3638122284363024,-0.14698962169255983,-0.2838243047886424,-0.2598574070879478,-0.04543244777994334,-2.1698854502309497,-0.34735162920433726,-0.03956997586614418,-1.1142713117126424,-0.8427592393050842,-3.1547687235829946,-1.5465995434534252,0.4046297923050996,-0.9500029416058808,0.9971370552382658,-1.7707016937826445,1.0087794286931429,-0.7327525981492515,-0.6844045562141531,-1.6433619972939646,0.8663656426189705,-1.2356875012291106,-0.1575795617607711,-1.431464400008093,-4.111271288410388,-0.19057502186599173,-1.9595294839490696,-0.6459699117110593,-0.8015794461041893,-2.1546058053182238,-1.3906793260101413,-2.038486901877732,-0.20447210476614536,-1.5754279066369177,-1.0510922317476121,-0.6078160901481877,-0.11529287051688832,-1.0841251356436592,-0.6218971748924405,0.9684389953978835,-0.485687534077062,-1.8997115817848578,4
1.2415527202818288,0.5021820315541898,-0.007349741368470067,0.22434430008879408,-0.44771049028786164,-0.2977655624871215,-0.882021950499577,0.7599140674987668,-0.12229340069433176,0.8477626912886873,-0.24884019845407832,-1.6130026003512983,-1.2914472887732142,-1.6823484194026057,0.5233668775793491,0.6236706803935286,-0.5964805251859397,-0.4854865940536839,-0.5768486062932783,-0.21555212505934035,-0.5033431978315296,-0.26642295972836033,0.13472236508989588,-2.0079380323891893,-0.1567976303903249,-0.13844392282512633,-1.4369509021263518,-0.371097642570847,-3.324643620398443,-1.5222190058622356,-0.162058412749726,-1.4050544137364254,1.0384534426768992,-1.8693389705036036,0.8394292587478258,-0.7999854174043386,-1.0078234003283608,-1.4936491746589722,0.8994465991373222,-1.140853366172545,-0.16463042822251234,-1.2924937126826253,-4.150653781297263,-0.4865201298440948,-2.074902415360712,-0.6686177371801671,-0.7902122388358205,-1.8631878927218155,-1.4136329221723836,-2.033861590544755,-0.18988784314855245,-1.6761997276137406,-1.2413699038170212,-0.55560846504299,-0.024787796554556984,-1.0287043309018977,-0.5898575847844308,0.9149839116284894,-0.6395304014470451,-1.7705191041948698,4
-0.048600404274772066,-1.386346248458954,0.2180890920598617,0.4527440540295424,-0.4916022044567868,-0.22499543484347212,-1.0025810122316314,0.39984815996834006,0.2673356143934018,0.8308864581521318,-0.4152065053469487,-1.2564332962515934,-1.029582164730186,-1.177054797737336,0.39347435698980776,0.8909171165070422,-0.32553711947119485,-0.6564313221480406,-0.33097173930264323,0.12198876610279313,-0.23754558833057116,-0.3986019790739592,0.18133692179169977,-2.108359167005624,-0.6694414052330173,-0.21965918818353727,-1.3205471555201989,-0.7695545017646311,-3.147358119889829,-1.4136950821672027,-0.11122416084327752,-1.026622872445244,1.100103681622115,-1.7814970334276954,0.9336587744126237,-0.7139242840662668,-0.7470076786111327,-1.9166145771660745,0.9154188788553465,-1.3045298369486267,-0.3999143565616748,-1.2866321771629283,-4.123440787268305,-0.3184212328455095,-1.9808573768689504,-0.7751071649311244,-0.7212528501598882,-1.9208358464690154,-1.4679032141804742,-1.9137398716452039,-0.05611688368283936,-1.4361919353734915,-1.1503688098012428,-0.596393306217948,-0.2365748764712628,-1.0230888115632903,-0.8024905971573585,0.8139792043456816,-0.6219019760222307,-1.8113568153971595,4
-0.013948106243142102,-0.9630484322948901,1.290242316151308,0.5657001167973816,-0.6714551866852624,-0.009692211514616383,-0.9647169747157969,0.40466256846868004,-0.7220307498689966,0.9194931594284972,-0.4401935120870438,-1.4812311276136563,-1.3981674415270713,-1.6441885239100213,0.31133343365337446,0.8557788124980035,-0.5190215700305298,-0.5926506824591669,-0.4262674974734966,-0.13964873280650306,0.07518625796123124,-0.09657610044640244,-0.28766541429879977,-2.3705551968203706,-0.39711418901619455,-0.15409804212046055,-1.1278773017323378,-0.8380459750839931,-3.3056018089059145,-1.556085880066543,0.02757066631562062,-0.9921640095849563,0.8700355261957992,-1.8127074847388558,0.957402483873431,-0.7737274134236409,-0.6615556091751478,-1.6693632964481908,1.0135427992116735,-1.154490366783411,-0.46629881024659003,-1.084144723213502,-3.9000768201658182,-0.45664029669288636,-2.285711594607929,-0.7238750414617159,-0.6352598062037047,-1.7682430506798203,-1.384500575263834,-1.9672054876560656,-0.10690531794512954,-1.5799257599914802,-1.178064868086552,-0.7356773004365785,0.11637815979429039,-0.8126469844493691,-0.5645044943344718,0.8912304161252135,-0.5925209934644091,-1.7343531937119976,0
-0.5592310259184532,-1.6062454685897607,-0.06547598593620305,-0.03594710499496742,0.09695412139537674,-0.6208137372889801,-0.869674163417529,0.3882600061082811,-0.7009273771010358,1.2698007101403392,-0.5330213938314168,-1.6960990200381652,-1.7094091938644493,-1.0322643847627966,0.4471926824864675,0.4391261657854579,0.009100764361363534,-0.516150585420802,-0.653809027206298,-0.17704136213483823,-0.14226012966658702,-0.030960048326100387,-0.07477349749764059,-2.0660204107925364,-0.43426641122410786,0.14758380055994036,-1.2466126087529559,-0.6954210437906255,-3.4498929817216446,-1.5495278008345843,-0.06109131358784205,-1.063209319548518,0.89157702378693,-1.5739236937804897,0.7072856604305646,-0.3687571769535319,-0.7343845552457523,-1.5601467009400576,0.9425987177781918,-1.341256341975733,-0.30098033659528217,-1.4114898795976567,-3.9664775197284667,-0.41227426623119695,-1.9826360807991825,-0.664430047090776,-0.640370457342504,-1.9153413403508759,-1.4830119713279508,-1.8494333957717328,-0.055061906722249046,-1.4523491311323868,-1.1644212521261121,-0.5200587300065272,0.060027791300401506,-1.0487674424188882,-0.5901622708899514,0.9200117030213306,-0.5071828793065026,-2.107746066057508,4
0.9387066083485446,-1.8873312417537287,-0.3864752436680945,0.03393667917511814,-0.32436481121892985,0.2270225976800797,-0.9304682634118313,0.09169403630566642,-0.6871914521712768,1.0168384453158696,-0.4838192227075307,-1.6612316497723967,-1.6656864734339658,-1.3605086947770617,0.25484023126169497,0.9910054019716912,-0.3931962860179373,-0.45944576727130654,-0.6163010640228498,-0.390600704115075,0.013379689859714439,-0.26912941170476634,-0.033915889873653696,-2.4581395309354144,-0.48135657819770916,-0.2184932362505621,-1.3571139443759732,-0.8464794425221825,-3.091007822741821,-1.5139358161092522,0.06339981849623635,-0.9706413915327293,1.0998695158054912,-1.8928368187148998,0.7746260189308631,-0.7719756344916449,-0.8119585037168471,-1.966632079208932,0.9195708919062633,-1.4719282382937229,-0.43936975933157285,-1.4620539544623636,-4.157638642609198,-0.43117134270449836,-2.091687475305384,-0.5179895505450033,-0.8042439382562314,-2.0367912213895805,-1.3899653368788787,-1.9777754907064793,-0.21280050529142114,-1.522296884829739,-1.289579797760718,-0.5017284812279236,-0.1038687405953933,-0.995985532788601,-0.6104387883212679,1.098700895887743,-0.57283823374037,-1.75072035883902,4
0.7081863487604445,-0.41151413238196566,-0.5475804650878597,-0.07868490708189113,-0.15977051012748422,-0.2376413144968996,-1.3050849469980532,0.8268217780728395,-0.6585099537843152,0.4998184158502156,0.004452635953401174,-1.8890803501458875,-1.1145988955344321,-1.7360573327207378,0.2866343598892323,0.6613392820816631,-0.0812084882732741,-0.7685621473387256,-0.458022985260928,0.09165865710336515,-0.04751822067218285,-0.21611532750411333,-0.011545810769738027,-2.061084400912648,-0.45374429424315227,-0.308626975322007,-1.304584449779199,-0.8495924835638013,-3.3155226853115636,-1.3613905850832164,0.03183739615175346,-1.0964277524646262,0.7947337469394863,-1.7845409623304667,0.8759688182998626,-0.6446641652276262,-0.7107403525039792,-1.5996892210873006,0.9352930253173627,-1.3462639909135026,-0.27975224287892064,-1.308288303637423,-4.008985832400841,-0.3443810572556857,-2.1262052851505375,-0.7184600286551872,-0.7374927386388879,-1.8980553230189907,-1.5747562545908789,-1.7929153733442378,-0.2142617639883655,-1.5503836448982027,-1.3293872934123128,-0.7222863590190243,-0.004079073701402508,-0.8927093618347792,-0.5673210738660414,0.9750474784211165,-0.7576254177265483,-1.9279908271419357,4
1.155827357405903,-1.3356246759722301,-0.20023587631067613,1.1765525298340682,-0.5689144381725028,0.1496531494606836,-1.3988646576826187,0.9049913663238838,-0.32855563632809553,0.5064647982522246,-0.638838036128293,-1.6878562298331403,-1.511587257929365,-1.1313975509842749,0.4537682081250901,0.786189720483857,-0.2689065281678922,-0.585286855980278,-0.4276726175985407,0.09771272522236105,-0.2660416610516483,-0.07420228778165036,-0.08324026955004096,-2.1178667451114985,-0.4037423836016621,-0.35466066173645483,-1.2923629762515874,-0.5651206844943982,-3.029125585975851,-1.7111935394219442,0.25435692739546384,-0.8103115517083265,0.8807677147434216,-1.7494869779221576,0.8877402479928032,-0.706899532312258,-0.8904034672664749,-1.7324608008501918,0.8806965513394098,-1.1510609980493518,-0.13722592606581527,-0.9830402224020885,-3.831670144334425,-0.48025582314215426,-2.1481182880453926,-0.5934931698587238,-0.8010012992968886,-1.7843404456035177,-1.4299229387040235,-2.0206907027049206,-0.29900745190930644,-1.7741060212014323,-1.1576260835887653,-0.6062798959742749,0.08938992006072805,-1.0797521663787837,-0.7433668492089712,0.9929130576038836,-0.6304466141383462,-1.7398283041290235,4
-0.5946286233929158,-0.8640135879928044,0.4434946670517221,-0.41386175048682927,-0.8382682317630827,-0.01698814012659436,-1.4607023924020692,0.40565804482871604,-0.5346729382808318,1.1376250061760953,-0.0842465172420469,-1.5335896352206293,-1.315384456746508,-1.3935720701126975,-0.0030191866782673937,1.0247631042968568,-0.4503198276072903,-0.4028220509618916,-0.23917119542044998,-0.06707559449414066,-0.2062415291892059,-0.30811740944014787,-0.24540764532999157,-2.079888221782877,-0.18700054490904566,-0.3305403278554616,-1.1739100199600352,-0.7073207276918095,-3.1913096770807083,-1.4674344214558932,-0.07791859653052788,-0.8658558620157679,1.0277007511085126,-1.5265235348151571,1.1059791553964837,-0.7600653860543765,-0.7256244802817835,-1.6412106238864477,1.0261048198557519,-1.3165353202677226,-0.36823204249818564,-1.1083990617780197,-4.044700402539164,-0.5455783316839795,-2.1353240071417616,-0.6319344503022334,-0.6247772840868036,-2.0899904217453655,-1.4647387479845044,-1.9266270220922117,-0.2204952399403776,-1.3884522984433927,-1.1056452308816205,-0.5686984517048181,0.0011288873673733907,-1.0092814541347461,-0.6559350248280137,0.9460511797781701,-0.5888780547379829,-2.076435300254918,0
0.3147288380551561,-1.789954516369571,-1.0827398479856876,0.5017320887263865,-0.17768731995911063,-0.34427350589981065,-0.925142929810066,0.5515021501212073,0.09979623928516479,0.6845916134390155,-0.4191613176185036,-1.6156953421592801,-1.1160573083818481,-1.5060281141188117,0.35826204510476034,0.72621763022386,-0.2483374908759584,-0.5468109337049394,-0.6259847203542794,-0.22683184677911625,-0.1680656058384656,-0.38699123222798004,-0.20660422153591637,-2.0919915562109876,-0.2620230477171456,-0.2881250321699653,-1.0108607943464718,-0.6575025433039096,-3.160028733745794,-1.453188818744755,-0.12715078593687093,-1.0088248835371636,0.8794208097814304,-1.5150317488591831,1.0653066623602305,-0.6467264975010858,-0.7019594705317669,-1.6514840409344007,0.8385026842754789,-1.4923222307455206,-0.373073838600138,-1.2926807770907685,-3.835334927953519,-0.5102679782330442,-2.1582600393183258,-0.6011903329924083,-0.5965264312640948,-1.8961273339758302,-1.4197544982633694,-1.7953331509739443,-0.20749363006985783,-1.5786054688464657,-1.2064796820731367,-0.49138610073808564,-0.18052235565268404,-0.8442132885982809,-0.5387945186888097,1.0269669073113592,-0.6659975832768178,-1.794033814575994,4
-0.5420969142425325,-1.8452647106872753,-0.6430697208418231,-0.40116272496131733,-0.7888571372324835,-0.14219648514954783,-1.1827869021746067,1.3299619725446905,-0.381348870191183,1.5992743661433901,-0.2857653793497367,-1.7418839248779583,-1.361523605881599,-1.5442277187777704,0.21060694603279506,0.6585363467851573,-0.19873802511172833,-0.7047778900289595,-0.540259928891055,-0.3107894613490405,-0.3078979313958987,-0.08917808602538488,0.018952779030714982,-2.348198452055286,-0.5662027674313151,-0.09552424083377554,-1.201391212971102,-0.6204571073313865,-3.3580553087366303,-1.9094326324754898,0.010289143367286254,-1.0172534716258272,1.1957622272571742,-1.6764302031706173,1.0564226633060125,-0.518601609873024,-0.5570265148746024,-1.6029276421867218,1.1179017585550042,-1.290408383833856,-0.21510307489667124,-1.3077341464094645,-4.022449376128654,-0.4741180735998434,-2.0870529207088735,-0.7017614672062145,-0.7693707284591659,-2.04063676983843,-1.1372740007573026,-1.8517200134927259,-0.25819035601082363,-1.4494582117444121,-1.250139637795991,-0.43755834282939926,-0.13308636403170154,-0.8644907848708747,-0.5330351090801089,0.9843432132733273,-0.6573219724676206,-1.8832919474703194,4
1.7720800576536768,-2.1651405409770543,0.18988429437012708,0.09405188566857012,0.11249818344927298,-0.9753525616357436,-1.2296424249759634,0.8254980941177803,-0.824802143929114,0.94318659909788,-0.24008562914665094,-1.949374146879168,-1.2723722620594387,-1.4916245763492464,0.264112480040065,0.5663606427250552,-0.2966963222680554,-0.7372895268943822,-0.16864875661585083,-0.08301638106212542,-0.17267293334026965,-0.28329240893558655,-0.07732986203290401,-1.91321084036148,-0.18135021218783312,-0.19862895653002724,-1.0221449325870484,-0.7082593700083956,-3.389661906249909,-1.6904043694524569,-0.16654687987497088,-0.9516477184966713,1.1365095606599183,-1.5361637463781677,1.072831502306464,-0.4141743230193601,-0.7965943213957238,-1.5680291878246055,0.8514008438735216,-1.4120118879680283,-0.12628464104758091,-1.190553326644063,-4.028803454819666,-0.5232536704178871,-1.8933871030457397,-0.5583385216165919,-0.7025771776510031,-2.025030776116939,-1.3569025697704609,-1.9463545140013063,-0.18285761429853634,-1.4559079586058392,-1.046929450620037,-0.6669927487681503,-0.1524272515758238,-0.9256270660249397,-0.7051393730729552,0.9599643156244856,-0.7275381674555306,-1.9098712910071325,3
-0.6653352899821201,-0.6552830956645648,0.6213385196729698,0.5948738456063107,0.24824585028514734,-0.15458170458802897,-1.3908303985559918,0.6789770767301342,-1.22427148410644,0.7848341619465654,-0.20629330831058032,-1.2235632440007875,-1.5523547948252545,-1.5289065642277644,-0.04846348585690513,0.7838986303976607,0.0426109274684327,-0.5842171922705708,-0.43955110727454033,-0.09917344358758855,-0.09296384493899082,-0.1702818612380384,-0.05423302158569873,-2.1698094251704,-0.6884642347728289,-0.17414162332625688,-1.539926652177457,-0.761505974758872,-3.267757462970472,-1.5558559249440995,-0.04623934211462475,-0.9546608527861778,0.9641478693974592,-1.8522635868218384,0.6136978366341748,-0.3680254478202836,-0.8035258925171634,-1.5485624514052223,1.1888793863622296,-1.297727885641907,-0.2535670532686234,-1.4308336281465204,-3.8306043465021613,-0.5284009195049618,-2.1119706694940366,-0.7813093732015455,-0.6257949758646038,-2.0128237736138863,-1.3598886443735538,-1.8834544096576393,-0.11730295236814436,-1.7100012736787333,-1.3325237134061902,-0.5326850367053975,-0.05675386286820188,-0.9633531759316797,-0.6561920635160645,1.0301646407654557,-0.853774287819601,-2.015642672253635,4
-1.4547834529078698,-2.009468605693025,0.4384305083801807,-0.6891108855178613,-0.5508456483469024,0.3476284457233772,-1.3556905183849346,0.7041730213276725,-0.4698220843272408,1.0942393612230674,-0.20952784694986865,-1.8462165498924326,-1.3124045074996067,-1.7455475243286127,0.24588224594727198,0.9869219105933104,-0.38846923411510315,-0.40907679042232775,-0.41514975541152754,-0.12449044116232036,-0.20914724901836573,-0.2004020703832231,-0.029349881662816223,-1.9259728116732584,-0.6178136910523097,-0.2630326371972099,-1.26784071037641,-0.7330412993375335,-3.2266802547349243,-1.6267263964269412,-0.06493008952049287,-0.9651353534249685,1.0594345475077216,-2.005635867254245,0.8599389247479924,-0.5663175877439178,-0.8346380450130358,-1.6334890014428922,0.9511616362982583,-1.3051124248135457,-0.41950849230311105,-1.1943054718149353,-4.073035675750673,-0.5134082217941709,-2.1308481060590747,-0.6283966441677672,-0.5660965965817228,-1.9088464089845052,-1.3779306635965063,-1.7922639024592844,-0.03466641504659855,-1.586553110641281,-1.1260546316054536,-0.5696061246886128,-0.019326127263472798,-0.9359998909000017,-0.5206905560579785,0.8587708940765826,-0.4385333317612401,-1.9293367268366746,4
-0.08660747050365526,-0.6124379441736739,0.3149525875837762,0.686914816332371,-0.5534397512573033,0.009007629993990296,-0.9933963598627041,1.0319348822571182,-0.6796640000412216,0.8516797271785539,-0.2453035584914309,-1.5300908285067574,-1.6280088668338402,-1.366137885596847,0.29368266685458533,1.0625136945375364,-0.4850888683915202,-0.6631168321553464,-0.5462467568730728,-0.22674402247967412,-0.06405630944623078,-0.04251799470648518,-0.11745635278852627,-1.9339530620926062,-0.318255530418154,-0.03923034167083486,-1.2881868749823748,-0.6863162308023587,-3.0868440301893094,-1.531870417964746,-0.1110734793408219,-1.0689404882651883,1.2367933013195564,-1.8129852180079733,0.9558176822778679,-0.6236975060890028,-0.7229938591768298,-1.653054917772888,0.9404388677214776,-1.3789945610512073,-0.20389761325630296,-1.4235843740196708,-3.9422037553117497,-0.30956844120421023,-2.164534524961965,-0.6263203653026083,-0.6933299509506656,-1.803654269096727,-1.426714638044733,-1.927472832379709,-0.20153086117399427,-1.6166190946880181,-1.143244668124901,-0.5090520278614686,-0.13674793636035443,-0.9930248850305574,-0.6869893771744681,1.0430012365666002,-0.7291293609014601,-1.825017113835398,4
-0.7029172013300897,-1.5046940138193508,-0.20238959085609803,-0.6035834526791206,-0.3473692504415752,-0.35812741158249084,-1.5265110199932603,1.0315079122591553,-1.0451695431475447,1.296817126520823,-0.4654545034122445,-1.8611931207801715,-1.239381878018328,-1.3371032345280436,0.633613164778937,0.9791303245750901,-0.15046082690489823,-0.6194225588668089,-0.7459550009554783,-0.00019017249284830617,0.029931699529888,-0.14445558360156727,-0.013197847690656777,-1.9984854308719673,-0.6073054538129572,-0.0902255548403823,-1.0641527365368735,-0.7339332516381194,-3.202265005036171,-1.2108388181827676,-0.04187333554917729,-1.0547328894584063,0.9653961395860036,-1.7882207181932694,0.8126876273377865,-0.599584855171108,-0.7845512301606158,-1.5519267555071188,0.9991301942238079,-1.4303290729633225,-0.1511661549857748,-1.166415077292735,-3.865398084303977,-0.35221006631649027,-2.2237817314557176,-0.7469172269637696,-0.673556230549875,-1.8686860366942446,-1.3470690822875386,-2.198166262935157,-0.05797375294305808,-1.6821633859750325,-1.1726619362487471,-0.5007847368056939,0.005882017929742064,-0.9730234009065168,-0.5760572344581503,0.9251556846262946,-0.6558290608515589,-2.0094005479350323,4
-1.448915978200613,-1.664810525782011,-0.10125390979330437,0.8800860658102608,-0.8318446856489182,-0.07610212417818074,-0.9714743289987239,0.8829598300177527,-0.3482671515216832,1.022289640252577,-0.19677810721005087,-1.5878741395176754,-1.292741702214181,-1.3798676355323227,0.00826205642065575,0.5619486410025383,-0.3741772978567032,-0.795921523705505,-0.272028696447681,-0.21101128796049212,-0.02508142226397235,-0.054836498069132045,-0.10311170312883793,-1.8579332550693366,-0.31856628717347535,-0.3167867581244457,-1.1601704589414972,-0.6918581475697281,-3.4154665414146193,-1.6536164032529348,-0.13292625766039096,-0.9696334470606024,1.0819320043899738,-1.794472553019415,0.9426226801824867,-0.6966277532695166,-0.6032537390501422,-1.5102919364976235,1.0217350129172766,-1.1824030606726152,-0.11196212544334666,-1.0874186735900473,-3.979098811023146,-0.28673193239988,-1.932317035813618,-0.485600810212374,-0.5923648462137119,-1.874734812515714,-1.5659138534953168,-2.1157676605170916,-0.24897523055220128,-1.6097466533451679,-1.169665527698444,-0.598771438823559,-0.12229310591048112,-0.854740631358087,-0.75241445916312,1.038569956587332,-0.6585306672652799,-1.7143369145874123,4
-1.1062329991711053,-1.5137220825598656,-0.21452358023380724,0.32713617442635495,-0.29838650542398165,0.06286659282934651,-1.3951547461150822,1.07560005825334,-0.18958927553577543,1.1893383193447347,-0.420447809912842,-1.5550146289967661,-1.3611567731025687,-1.1149081359281068,0.33787999213354536,0.9082610973371912,-0.24239849322655238,-0.401257285819107,-0.5853875606658632,-0.2759108677951543,-0.18379760516018614,-0.2411684585715801,0.14042188068160663,-2.3206230383435216,-0.5072421649288259,-0.05991754679915801,-1.2225207987716387,-0.5178126395124154,-3.0074324693938976,-1.7834941157873732,0.07119996124422845,-1.1684520328244559,1.0547421677092865,-1.6514407695034288,0.7071503160976469,-0.7184893776424056,-0.9347157775272114,-1.7653576709802885,0.9138972790468438,-1.17823470418952,-0.5158925795581434,-1.2165525964586557,-3.9345738175991363,-0.32098025288781495,-2.2940475207137854,-0.5862324852625693,-0.8424787002150197,-2.0130392367304526,-1.381052869312612,-1.9045720138656175,-0.184173360379474,-1.5653938197300457,-1.2440954033688771,-0.4999277893857518,-0.16444116243510992,-1.0634012980371963,-0.4912715340098036,1.0948159306213128,-0.6389380639035342,-1.7719123707727054,4
-1.2802867822778348,-2.154733320733245,0.19436490120047828,0.17659957592845865,-0.664209488878816,0.1168121047213807,-0.7960328413058908,0.4243661812968558,-0.5397797216927201,0.6069568437626416,-0.6193894804139213,-1.965347788272594,-1.2153883823747362,-1.3806329155960995,-0.02272606831414531,0.8079074481635703,-0.3404616351841409,-0.7832562830162473,-0.7019843657581097,-0.6052252264812887,-0.3235773828944393,-0.4511003388863314,-0.10731930785995579,-2.114116192356333,-0.7557123897923228,-0.014862858822978164,-1.3221575233258949,-0.4818818869931307,-3.044146312521558,-1.502418838403789,0.009856884335574865,-0.8418020427528238,1.3326482761850353,-1.8264115465924862,0.7232705839403915,-0.6084421957938675,-0.6778722230285352,-1.4662892791957556,0.9537693747394368,-1.125068906800618,-0.34456756657558296,-1.219471126626195,-3.931863495676164,-0.43839769756544483,-2.198669994730973,-0.6443489332709096,-0.6494723282098362,-1.891828672581123,-1.420453653838679,-1.850297454927512,-0.022641715425162315,-1.452853437060988,-1.3309716803911877,-0.6569080354268343,-0.08489566830702865,-0.9960346288953943,-0.6572272161730234,0.9784481855908466,-0.4726401427649302,-1.8042218544775284,4
1.5244327313038797,-1.4449389784245659,0.9717265494531998,0.10869005477747677,-0.9071290720411807,-0.1323400205319079,-0.9371111349287947,1.0897109897949702,-0.35320477199526973,0.8774957274109576,-0.20697768370655753,-1.4203408879105264,-1.0166695115276092,-1.112631904516357,0.2907611401925843,0.9025923796987725,-0.3887320013550072,-0.7195614036066986,-0.026807149189564505,-0.25528926785999745,-0.024839122221210458,-0.2521970865753205,0.3453781923674043,-1.9278112176403783,-0.34247756907433197,-0.31842485081732197,-1.1629547184936508,-0.8191458919458177,-3.136663807565348,-1.5790320086461378,0.08524752571422978,-1.012699617179691,0.6251337871059433,-1.8088782887602846,0.7470496271693032,-0.5914834247443648,-0.7236805829931872,-1.7216695123960686,0.7863925924114339,-1.316523601016583,-0.400404916653313,-1.233957420365412,-3.9314671123051523,-0.4869560999923398,-2.170590206644549,-0.6283583745895756,-0.671200910600929,-1.9100551282123037,-1.4831636602815021,-1.9251645184846378,-0.15110394515085665,-1.7480284861427384,-1.2719833437248447,-0.6541962120057153,-0.20743098495528017,-0.8620856324643404,-0.5672415026747673,1.092604521807337,-0.5328147297412954,-1.9329139945962874,4
1.2474304649698174,-0.043049551388705476,0.3258902789480934,0.3852532770988197,-1.0960947243986037,-0.304101971689664,-1.3105855831905464,0.5290513274211248,-0.576279547245332,0.603992890582957,-0.40060178924075995,-1.9505098758599075,-1.2926626233551184,-1.1363643911159547,0.13790117915075614,1.0880751922609655,-0.22717326377061028,-0.860083803998974,-0.376139722841138,-0.29005803816966813,-0.013274819706741714,-0.34353926255938005,0.003517389957475893,-2.2419475380492715,-0.4736209130423436,0.05928324252908604,-1.2638501351697007,-0.8538329280192771,-3.2624251063478846,-1.6820065157888617,-0.0831943069518346,-0.9291261510861161,1.0533364981191988,-1.6578345322714576,1.009339961233842,-0.5841071828595442,-0.7928405233664333,-1.724821233167543,0.9146344362331692,-1.361439614192668,-0.25711574868030745,-1.2602433505814785,-4.078297573435563,-0.5430751243372541,-2.2949401868591304,-0.6841117691362337,-0.6785495429035839,-1.845507374430261,-1.402733886283553,-2.04181240902881,-0.07875157242344351,-1.5294868466755152,-1.0426687139838064,-0.5066876717594724,-0.07753046517370146,-1.0346814070504526,-0.6269702709893705,0.9349248885089354,-0.5967759675701255,-1.829906883459404,4
-1.6360316226946057,-1.1560001085549367,0.21855981271242197,0.6882616888315816,-0.7149161945011122,-0.07856142178090215,-1.1582287333099235,0.9307622449752053,0.0060472510582442185,0.6842116232583206,-0.2675004652396349,-1.8365759066345884,-1.3789452735798209,-1.219407779672208,0.4022376328947707,0.9434301257003258,-0.09113336303820616,-0.36092196711435925,-0.5760886903498537,0.09623566898547131,-0.09873419267338127,-0.11370302538053287,0.056637514401921954,-2.0525989689082698,-0.3555734178607165,-0.05093227819713425,-1.1719442820960415,-0.6684946476508987,-3.4561835479246463,-1.6113939374074027,-0.028217206821611135,-1.053760668952862,1.3511914156307059,-1.8562441239792222,0.991939493140614,-0.6578725522948976,-0.6655546505337265,-1.6201381220590028,0.8224072535919684,-1.4567819511926594,-0.23671287593976087,-1.0471441736901244,-3.9402803534242192,-0.4854969401076968,-2.2055775040713383,-0.6205230136425581,-0.6269329500241019,-1.9060547336989142,-1.388966477223013,-1.9586124399607412,-0.002977935769123974,-1.6800724385577537,-1.2518544160350575,-0.6064836977634502,-0.08368093266274822,-0.9745050454094388,-0.46924384270414643,0.9666670897479027,-0.5825805672026237,-1.8317004886775294,4
-0.033468767097852466,-1.0375265979426622,-0.06693410404078548,0.13584845802485462,-0.40103681235346056,-0.15064722583938941,-0.9446188111543161,0.7072886058215363,-0.2628051469157483,0.3959625217518835,0.2462388379260242,-1.3801407941631378,-1.7660960387038664,-1.5420664408239033,-0.010260761970662724,0.6460068146096252,-0.12005298713455209,-0.3441672639105299,-0.4306563232452112,-0.05582032664794609,-0.11267162250674365,-0.16243666408542257,0.0011047711306470254,-2.34363008918673,-0.6222131476717154,-0.07813103739156987,-1.2150847516369114,-0.7436672407509743,-3.320445182306129,-1.5149705284242891,0.0737941203568537,-0.9003727727661205,0.865357995560518,-1.9164498056811634,0.9297114338518422,-0.6263503406479096,-0.7578535222091344,-1.5400975680605562,0.9590241619569715,-1.2389618823701884,-0.09837629388416841,-1.4364549252958703,-4.069686678438219,-0.4601562066332721,-2.274411710852171,-0.6823948936859483,-0.6572068214754802,-1.9720092437898937,-1.309499321292307,-2.001651756429732,-0.10088188766187067,-1.495714010516563,-1.1842285111254272,-0.5015597376892419,-0.07204906825125132,-1.018279291402238,-0.6591401019143097,1.0546377163673037,-0.7646193286017872,-1.8290995325967805,4
0.15276434937784542,-1.9369418377210064,0.06268607597797055,-0.36375364220862016,-0.10155685734197217,0.2296623165005769,-1.2124785186915008,0.652428965857061,-0.583702919096005,0.6923845765591135,-0.2701493129856833,-1.5789661929588468,-1.1581070859161842,-2.0829302637276155,0.2029994521955811,0.6352082557442497,-0.3709999055832298,-0.6316604632769413,-0.3808395040569998,-0.28694286001462094,-0.0942255101070846,-0.43506341561649375,-0.1220172803373168,-2.1069557182435115,-0.42415332097935415,-0.1640605848261072,-1.2114496300880195,-0.6195240587263452,-3.2036746512682113,-1.771716164181855,0.08492849356244965,-0.9333759149592609,0.8374044811915955,-1.8944593770411995,0.9569957725107529,-0.5108175016390049,-1.0143755256936204,-1.6515159333455591,1.0587081090657884,-1.2770545057092466,-0.3729094259147394,-1.0574844364918963,-4.072626506568339,-0.4242198120064217,-2.110119392704237,-0.7401725653380475,-0.7498783082735391,-1.8239218664616754,-1.2840954337074095,-1.9828214416750163,-0.032598700810102355,-1.5661299446621348,-1.2683562204750094,-0.718044084127504,-0.2041177771046337,-0.8372643058987511,-0.6693018518985058,0.9851119885956104,-0.6406738514982302,-1.9552979923804217,4
-0.19006601472117343,-1.20807772024815,-0.43132880240917515,-0.47824830615760505,-1.1798843030535364,0.1791616319668532,-0.9709189448073716,0.6940868555719953,-0.46784873013143363,1.0866172518010053,-0.3226401711515459,-1.9405992791497408,-1.2642547645825883,-1.222289169661841,0.5277348219011198,0.5769812236654999,-0.2433292007873234,-0.7084471309706392,-0.4145164445320344,0.011952111456658476,-0.01135684077910698,-0.3086758231008992,0.15990970547276032,-2.2250233448232497,-0.17169292402146263,0.026216245116160275,-1.0457170625680448,-0.6207213928294606,-3.300874648978602,-1.4840535145697245,-0.22891056342097013,-1.1798560925773383,1.0641756641364162,-1.9829728541430955,0.6663880928274041,-0.5635308881726911,-0.48680063505312743,-1.6476043378564764,0.7485135997005942,-1.1158467185751584,-0.5260155009021856,-1.207595504461327,-4.034470359905718,-0.49494406151708786,-2.035389092555863,-0.45765805330997733,-0.8597061106295861,-2.025976933123485,-1.3648816247834876,-1.8695421695149075,0.020128996039959268,-1.509439526270944,-1.3596503992301974,-0.6382952518724408,-0.0709121135467133,-0.8338252919457433,-0.7471067670939503,1.1111084958880668,-0.7434045031215952,-1.9004588931363906,4
-0.22721039166835924,-1.0264904011915896,0.08692438620497478,0.2587070509205707,-0.44011388821841985,-0.2215392980727792,-1.5411997814809624,0.8723428161117983,-0.5371898210003826,0.8958841783706045,-0.7361138326693001,-1.5884958689180395,-1.2869152547171328,-1.3224794537854536,0.22878205504789517,0.8163318171600523,-0.13539499979710898,-0.5989661289678386,-0.22017628636547204,-0.19463699602694484,-0.03475170410717575,-0.22210944198525273,0.06770611859156996,-1.7984231773455743,-0.2940237729790324,-0.12111669070613613,-1.340209352361109,-0.7765444611569448,-3.1901963421837194,-1.5302347267438088,0.05484014848973261,-1.1669815374463641,0.878601190800175,-1.7776972704691825,1.0128284505895644,-0.498633453618735,-0.9559318501719299,-1.6894296597684908,0.9849800789067993,-1.3861988521771995,-0.21995967008316888,-1.3568219956764385,-4.115679555458731,-0.4846722513306949,-2.1171842827866265,-0.6629129690303979,-0.7958608984256944,-1.8985291907001276,-1.4626349649366372,-2.0187911680260937,-0.20979440582606262,-1.525053305091337,-1.1373657547314937,-0.5638182451797528,-0.21543836085648668,-0.978836460357642,-0.6735129413171839,1.0459512994878495,-0.6127085840858519,-1.7646942222382511,4
0.5227112313635558,-1.073696255622078,0.28828563917594396,0.7921266859359171,-0.6974540436473026,0.11894025441700179,-1.9790765789468114,0.6312388277441497,-0.2837692054123562,0.9590123131536712,-0.6022094150832416,-1.760577976024426,-1.2142233479601021,-1.390138363118546,0.2548116634885863,0.7687290610661065,-0.32952651914692377,-0.7637983845781018,-0.2289107294523181,-0.4387130085311624,-0.03716300806253596,-0.13981021849274652,-0.2666477547678502,-2.2504415563798257,-0.2565203970889596,-0.1393180757836988,-0.9832099824747966,-0.7538539726609012,-3.0730838890338164,-1.498044709225262,-0.055397769612700376,-0.9628754598648765,0.9902556598799245,-1.9133240650504806,0.9689825084015765,-0.5595264837774384,-0.7344693902649081,-1.6331665330325325,0.9282819744102503,-1.4004158772887016,-0.25550990243474186,-1.3318192603895544,-3.9121605590532553,-0.4646533146642455,-2.1946767966626664,-0.6913973342585428,-0.5519129387567168,-1.8490735953196744,-1.300015353781397,-1.9405635912546366,-0.11163341157904351,-1.5247376659404601,-1.2964165146169926,-0.6324850656360671,-0.03155212941427321,-1.0694810165366921,-0.631917123341978,0.8078663942653482,-0.6541378825042482,-1.889522587215126,4
0.8740845769577547,-1.9431193516497016,0.6169983203108825,-0.2685951021952876,-0.7771054977369953,-0.3194577411937039,-0.6308417586860054,0.6521034985900406,-0.3854442663898733,1.2739810839109245,-0.464907340803822,-1.7376765965544925,-1.4924691061550148,-1.4576287209691412,0.379126811581332,0.5432546104042894,-0.3727309188685944,-0.765005931458166,-0.6801048403285923,-0.2574893309060451,-0.4339814902885373,-0.34479739745042787,-0.25298406413409646,-2.245276112125779,-0.627112627472957,-0.19122824530144084,-1.3029486508465187,-0.6667617921941965,-3.3846395459796517,-1.5807031767930118,-0.05912202606154675,-1.0659927002710479,1.3294691513155468,-1.802946149984062,0.773734809886248,-0.48843564399241507,-0.6895090103059405,-1.6844835317012101,0.8184499769141891,-1.2139538337091957,-0.36183329809391107,-1.3169691551342493,-3.897996003064891,-0.5190759120999814,-2.1929551850163964,-0.7226792924388299,-0.839788042453518,-1.87990213340933,-1.4574893338449262,-1.9461275522519947,-0.10568455846698555,-1.6035244394715649,-1.2161774668272247,-0.7329748872240196,-0.23535596612537216,-0.8426985487685232,-0.5497087043169291,1.0506918520078414,-0.8743155682049207,-1.9211767451766812,4
0.23591556886181517,-1.3394615373180105,-0.381193906144084,0.054038259584993115,-0.3762249602593404,-0.16800030395070592,-1.2123134086642249,1.4110068535697433,-0.6384725470182526,0.6886460138432258,-0.23402294183733774,-1.7829706375532353,-1.337461510110028,-1.3908925444775675,0.24869587956133998,0.8109943531894533,-0.5524697178983506,-0.9195602712518459,-0.29834269371162264,-0.14086970943647464,-0.10671950132735084,-0.3689186358567408,-0.03617785367804942,-1.9929722762905377,-0.3215428419187476,-0.1991741641484263,-1.0027662690610428,-0.7387052917807375,-3.18721613537934,-1.581491818789976,-0.061698484858460925,-0.8158808421680624,0.927608975129209,-1.809194270781276,0.9273767307714146,-0.547881738704114,-0.677682949346552,-1.585472661378938,0.9851692355925284,-1.4333455466790912,-0.33407756058978677,-1.1447299941317453,-4.071730094547381,-0.3316783042795027,-1.9912126530268675,-0.5300960466384897,-0.6725590895533078,-1.8566336884182766,-1.3691789424013352,-1.826541954994991,-0.06327193200345496,-1.5613959910055264,-1.1111426112532428,-0.6688513393951722,-0.0677753382948085,-0.9951796193482407,-0.7429553596734014,0.8858161973506833,-0.5831236917562715,-1.8245802375351958,4
0.4100189198174864,-1.387514765830454,0.08028890352790699,-0.02183748977549016,-0.3841500526584418,-0.4020272330487066,-1.4206167861645458,1.1402472640752899,-0.5099884501111159,1.036672260405808,0.14807345874126848,-1.4626620171514808,-1.319282048712791,-0.9926582641219996,0.25804140782629875,0.49799514913928644,-0.21622923327654053,-0.6155580264890108,-0.5126046265089229,-0.21007880797782366,-0.17083820424267981,-0.3274614086080618,0.009169450478637209,-2.0461777798291747,-0.6125709279391017,-0.24001182594061204,-1.0415283501102628,-0.8750508287228163,-3.154496303255722,-1.5928914183410048,0.15725655258765495,-1.0886205525501147,0.9577092877601603,-1.883466808635797,0.7064376610213883,-0.7114977477208302,-0.8603559379145026,-1.6259651738470493,0.9941350642166196,-1.2506749080033213,-0.392888585789559,-1.5157303492075886,-3.9025552670500567,-0.41704215771081643,-2.223520175474409,-0.6898943260828795,-0.660566757886148,-1.9886968665058804,-1.2545808071191886,-2.0195044860674423,-0.21715087519967868,-1.36965869679842,-1.1839014395829202,-0.5338029417258634,-0.20848091676680006,-1.0132303963290794,-0.6781826020705302,0.9224824039284831,-0.536127669764941,-1.9126985650489625,4
-0.4398372217724255,-0.6669964546795778,0.6871671564587402,0.0617400825124485,-0.8586836827915705,-0.20779482812159206,-0.9746294074562565,1.1173922121060502,-0.2748411566926653,1.0057058923772813,-0.3889796307428871,-1.6862510663818693,-1.6920247963587596,-1.3273200746311857,0.3431277068204416,0.7050083148977502,-0.42653445655650984,-0.5716036654611596,-0.2714319908537618,0.041025876036139164,-0.03673851070252521,-0.3778074825439144,-0.06461144905016969,-2.0160847807146225,-0.5994508728929846,0.07012699742426803,-1.0653291230813329,-0.5163570660799636,-3.2886699667133237,-1.439766588252687,0.32867184488690454,-1.066533663464046,1.0669204354836148,-1.8196136642304985,0.9912328623042084,-0.6841955507035762,-0.5866078512955354,-1.6915220113910014,0.8870537775423224,-1.405736641483232,-0.33944356915049545,-1.1327604537242617,-3.93234832713151,-0.531048386419539,-2.0827267083458496,-0.4821573771617913,-0.7962996827042892,-2.034195452068653,-1.2282699946131543,-1.8799720270027296,-0.25831323500404946,-1.5044767766782352,-1.149257490047487,-0.5704607813222449,0.04259213106552051,-0.9506319444678427,-0.668845520145419,1.1014619238928898,-0.6418554664367592,-1.8923063979294943,4
0.14698993892257942,-1.514078005012398,0.05505539394189535,0.13904168565204583,-0.693376819463085,0.06219576497279289,-1.3477762249019805,0.9911770372572128,-0.7372948203103554,0.7449881020155387,-0.3435029098325333,-1.7122148682865876,-1.474311793726675,-1.5285840047035717,0.30162166317072064,0.8710774484905365,-0.4837166331096844,-0.6900406585156822,-0.6242021357329182,-0.24624509355647667,0.0036902439875623194,-0.17850453908216224,-0.0005483069241155394,-1.912322976641919,-0.5767218872112769,-0.4666019692461129,-1.3676248982327333,-0.7337269437572251,-3.073675460349309,-1.6755902309519255,0.05817375000218455,-0.8203835625271283,0.9423405303662028,-1.6641232502374592,0.9041153954486606,-0.441118741575247,-0.6571456299826178,-1.650992299030286,1.0331535767055535,-1.1778328090585863,-0.21187572642012706,-1.305465585279674,-4.101881137249484,-0.49660131630487536,-2.1895287536824197,-0.5838000232694303,-0.9040155281058346,-1.844482700060664,-1.4527244030194097,-1.9747189180634082,-0.027168858816605787,-1.4932097761471677,-1.190947431361917,-0.5919523526245773,0.05957576927954841,-0.9622216342388683,-0.7747411686721601,1.0819424648845888,-0.6271008674982335,-1.8270165773831326,4
2.173310405675693,-1.3820187217707138,-0.5897066779789117,-0.7351882305949788,-1.226335154372701,-0.5952785352882366,-1.389284963947154,1.0080018287339505,-0.636170781352641,0.9753084147405852,-0.31580996999786237,-1.6354927920770639,-1.8854188045637899,-1.4834519046035461,-0.134756958559561,0.7563246656285176,0.024454505255340542,-0.9360203181254062,-0.5666930993587289,-0.3040062551567464,-0.12498628943730639,0.0533245617425564,0.007819074466714204,-1.8089697434686056,-0.42920736655788744,0.02503568102891826,-1.1426397069639052,-0.7102213991985727,-3.194725404166399,-1.3455358476922537,-0.11613741288813956,-0.7874488761443483,0.9314070959889245,-1.6160753606247988,0.9444502894260338,-0.4525731440878029,-0.7574035847483392,-1.828364004862059,0.8760483909779616,-1.1894001857987642,-0.21894601681036613,-1.2345756542044282,-4.033003069764902,-0.41658570667484307,-2.177712169219904,-0.7408123429225677,-0.8494434863438622,-1.9700116696061951,-1.400890535724126,-1.9205191357713025,-0.18473432418990937,-1.5968930629114768,-1.0780589406971746,-0.6134206543635015,-0.2827748349831658,-1.0385056044088379,-0.4600606639679493,0.9420177948988154,-0.6865374260561631,-1.7643624146530164,3
-0.1719142081122103,-1.4559296225761458,0.10578453522465808,0.974670015156001,-0.9191562026174305,0.1891243526154045,-1.5937360398972127,1.2374052429914892,-0.936852617699185,0.6181746206364744,-0.31452818678790606,-1.70510806803538,-1.117835125431006,-1.4235592496916583,0.6500159813512167,0.8152121687293596,-0.34882253431741156,-0.724813098128829,-0.39194272786473366,-0.3014928764330315,-0.051808711534570964,-0.044098422544344845,-0.09263104532484626,-2.1357941674813463,-0.20985081626064075,-0.15952626610596826,-1.2764614492122122,-0.4492273306210507,-3.0589538396462364,-1.4791674783170012,0.1271973081823766,-1.0481284625442888,0.8451046510834743,-1.6980661064745124,0.9198000567426975,-0.7370478294687645,-0.6845477993211503,-1.7487617155043398,0.7871670342544866,-1.4335358682003754,-0.35672781239723206,-1.2491675373874056,-3.839678450464382,-0.3348913828412635,-2.0367373593363514,-0.5542884384491782,-0.6419445151959803,-1.9368928428828467,-1.2581508750039745,-1.8201293112968202,-0.11639795047363159,-1.5211133815636595,-1.2205716722003894,-0.5917671453360319,-0.12734724828042618,-1.0432779255674403,-0.6886329156202796,0.8892041900131006,-0.7568032888644625,-1.7257954090886463,4
1.3523404894803548,-2.006021506328123,-0.017731321266124367,-0.7071716447012034,-0.8054364098883358,0.6698441419957523,-0.8519356109612992,0.11203506042977618,-0.3752104058251326,0.6660438810586871,-0.1471562896079955,-1.5833041061250752,-1.258365677487125,-1.6031873244567072,0.42953616705699266,0.7101250033060708,-0.23108467232792834,-0.45669980031869556,-0.5223685324175977,0.12954554368704113,-0.0471460323226784,-0.3154800142749268,0.4206386399067246,-2.0658514965128645,-0.49892592426091,-0.0529529534307724,-1.13944026524217,-0.7707335299889541,-3.1262756729554773,-1.7067138338609364,0.11787914703175634,-1.1413926621193045,0.8137321018642162,-1.7838711128541471,1.0857018681615194,-0.6102398226917939,-0.5775613519321,-1.6918320225445957,1.1048324249805408,-1.2703479813056,-0.3980191876531331,-1.2139378394284854,-4.2210377080745705,-0.3312402657897494,-2.1705229700046136,-0.4891031016775853,-0.5714296781474273,-1.821523714999814,-1.3631461450556848,-1.905957621496027,-0.27770712807580045,-1.5870451007562194,-1.3049910728465806,-0.4870153384627345,-0.0020069869191291084,-0.8564890626575372,-0.5493871980391827,0.8871104223596183,-0.6118654707335619,-1.8224468943714223,4
-1.3416388380992141,-0.27383236407681055,-0.5016721998170213,0.4891889313640963,-1.0206311057327135,0.586016615155449,-1.2481641680074065,0.9528791896758351,-0.5315682650773093,1.143647830307549,-0.2191320615818145,-2.05967103050553,-1.053174319042501,-1.3657091790620417,0.4174596532749447,0.9045078203935748,-0.4303114165469082,-0.7838191504141399,-0.663591622108346,0.18473623974075565,-0.24216276449538837,-0.10250591403298767,-0.042671680014464065,-1.9378813646697448,-0.3912655198380921,-0.1875603734168098,-1.0635183749891146,-0.521717360234903,-3.2120831545217974,-1.549003839918225,0.2411640512331445,-1.238257406819065,0.908301902543805,-1.7143690775400235,0.8854653856661614,-0.7156792405607159,-0.7142291585426079,-1.5808570373724031,0.8537508900339658,-1.4096027758532128,-0.20407172004875102,-1.3689943629580579,-3.850398683467052,-0.3692396833817526,-2.1992144630338495,-0.7161347678917171,-0.7211249881852807,-2.152691724886143,-1.3002088889084689,-1.9300434152289119,0.08684329114336053,-1.5562805699639868,-1.3431450315893576,-0.6388881285826521,-0.16240451664094802,-1.0519110211606706,-0.7303041306826904,0.9960798967979319,-0.6950178828821622,-1.8853713590738999,4
-1.0871666771501665,-1.0210120641489535,-0.28231010432392756,0.5523032235155135,-0.32409690810370156,-0.02720376383242175,-1.3697372849819403,0.8852307204846152,-0.2670311765581197,1.4476314763509583,-0.11817976409739067,-1.7099366612160507,-1.8346054622846677,-1.706235234883005,0.5096446744873923,0.8373974382315323,-0.42671279168085285,-0.885432172039264,-0.2386788347062118,-0.30597083022385607,0.10968066525804876,-0.44574907270068376,-0.22947664949215668,-1.9748164713532474,-0.46970553737254844,0.08908857536339607,-1.1667112997065416,-0.5836535479866833,-3.1789992366009883,-1.5779111484090902,0.206558170233835,-1.2825498896216783,1.17625082021142,-1.6586060786435137,1.0411549343352147,-0.6485717077706875,-0.6287366544102172,-1.699147976331698,0.8758221130147733,-1.4989739845012537,-0.20230810339390354,-1.2468047835520961,-3.959121658106656,-0.5232698316574428,-2.2927535531948675,-0.4259400893185622,-0.724125998040125,-1.9236224014885668,-1.464880351990486,-1.934105473614675,-0.12297499192680142,-1.6037451415972748,-1.22850775428293,-0.7505860361775113,-0.04589606666835916,-0.8087376908576942,-0.6226921233380022,0.8683024975920794,-0.5899632822368663,-1.5967431316472438,4
0.049275107216661194,-0.9030059466922209,0.18758932790778102,-0.6455892562484478,-0.613743690793986,-0.17622635095675174,-1.2084884725693525,0.5537173760976435,-0.7007445343504666,1.4330125907274616,-0.18918209955847926,-1.9132666634737787,-1.5117584343692296,-1.3073486495120394,0.4885532309995116,0.697085959214018,-0.6306058559338903,-0.8650669479325768,-0.347823408293202,0.0013396883018768069,-0.2091937938384087,-0.24237363632321912,0.06333727241210477,-2.014067244005025,-0.33610627073331634,-0.25508254337204805,-1.0951352317714271,-0.8434031041005843,-2.9704237986127224,-1.7141871461077096,0.10777062002922301,-0.8604197900927869,1.0632100886067901,-1.8270191230495756,1.0028755852214042,-0.9851752568716086,-0.5691633332978724,-1.627581202210673,0.9825964901185732,-1.2860534120269496,-0.4772667948469064,-1.1690033042246093,-3.9364189441929134,-0.4586389185606827,-2.058765254265601,-0.5346023419510035,-0.8725710706673315,-1.8542099886264436,-1.3453413082103083,-1.8163605753488852,-0.1505344462251323,-1.6577022930201493,-1.0512704121169645,-0.5331735103550683,-0.15943313265034412,-1.0704033282920002,-0.7122810102894565,0.8425909159112603,-0.4549650689184218,-1.915319863419062,4
2.4328800276859095,-1.9517076588508653,0.05436286075003003,0.41572446146520475,-0.9777135816853537,-0.4543973178202998,-1.3877442573427339,0.7772119545662003,-0.4659806710109014,1.0875777161292595,-0.11032049179739917,-1.9470610034563747,-1.1465915936980418,-1.2594942153334103,0.27415949021719044,0.44308761936017066,-0.5664768434497779,-0.7994032183403351,-0.299009812525869,-0.25645644361636466,-0.003924850269745761,-0.47115912970204443,-0.19182025982674186,-1.968471092595868,-0.4166574369265145,-0.12611498327532208,-1.134699601202808,-0.8639307078308276,-3.2161401056098375,-1.6603124278476908,0.15802468686259258,-1.2028726899438524,1.0584573264212713,-1.9536133781173755,0.7846697347567416,-0.6360504377745921,-0.835024147577418,-1.533792928042744,0.916703969671543,-1.4157280231894422,-0.4507459220540811,-1.1891462996781879,-3.953619952897997,-0.42620794876328455,-2.050541111367759,-0.7891396572423426,-0.6688186372085375,-2.0192225083204605,-1.5318764866854828,-1.9616217207698277,-0.15127313388946512,-1.4310710050482787,-1.2808271390571584,-0.6718623013446239,-0.07249760490481684,-0.9640725309765318,-0.7891151588923699,1.0421597266263787,-0.5095127748179205,-1.9445758403995377,3
0.0548420938316322,-1.2473470845738177,-0.17513010476883512,0.7016050228081493,-0.22094679708609039,0.08950076409882021,-1.1909286385870075,0.6800654345762596,-0.2596099989229005,1.2013482020720934,-0.6339714206012304,-1.818230447697443,-1.4772778844436623,-1.6041334418160047,0.07185451614574812,0.6362990130530201,-0.4298200930103065,-0.8001583911880557,-0.29754311502783304,-0.33645956119712317,-0.1870824705805585,-0.3142364389115722,0.08670881338849194,-1.9844886131088317,-0.5893575698388499,0.06456129014795667,-1.1450585127945188,-0.5979800832800497,-3.4152823325046433,-1.4771830915954736,-0.03480071225334098,-0.9089737417402632,0.9474647998992989,-1.9145846514539506,1.056860301637672,-0.6410226816985949,-0.5938239239725536,-1.7020871624337377,0.8458377757609394,-1.2945910995254182,-0.33135200924384645,-1.23041502590446,-3.8756173343451885,-0.2760269163575982,-2.1921645651585546,-0.682629309762963,-0.6713130599226582,-1.9315883438292911,-1.3176830894861298,-1.840759472600103,-0.16131205985231573,-1.6041526482327944,-1.2172683884770596,-0.6751173955432483,-0.10554684160706189,-1.0013958138269763,-0.8299829701352275,0.9325885765412879,-0.5457764293228992,-1.9993287645256765,4
1.7273959704696655,-0.8026376406178374,0.6072759156228905,-0.229527694182606,-0.29137790130342633,-0.7464082761155132,-1.3841254251878057,1.0361734421583206,-0.6860376278028356,0.9649640654685955,-0.3935722281848687,-1.8524498393674023,-1.663297715155199,-1.2171242420797828,-0.02292070492077103,0.6821401929990452,-0.22393496540876123,-0.4652222807198111,-0.20069254161420588,-0.30950353468041836,0.152671919497885,-0.3446184883552357,0.047867969571277674,-2.181044251758685,-0.6941975945804002,0.14277895949593927,-1.2298915159511155,-0.8310895717978559,-3.1552979660426286,-1.613621501503414,0.2676279946524094,-0.8864844672203764,1.0635386424524524,-1.9502735787544097,0.9602491219888218,-0.5198855520235993,-0.7400795926014752,-1.69824196099716,0.98323542611836,-1.1760391809452293,-0.1868984307555842,-1.258961528145796,-3.868689657735478,-0.21512574297127163,-2.2573014626385164,-0.5108341537511079,-0.4882449481716964,-2.1103947715987807,-1.502754311844558,-1.940851900050524,-0.15266281697259584,-1.6868832804780898,-1.1814403969792957,-0.741410399811327,-0.08637589475836911,-0.9403747241065363,-0.7031265604605663,1.1363693029537474,-0.6047086939362738,-1.9008283812128022,3
1.2931143122678903,-0.8684578458063505,-0.45014115818266254,-0.22771419833289452,-0.3126291980152355,-0.03487728516491183,-1.7499538220450597,0.29452052519286664,-0.601002169323095,0.9548965811764596,-0.4921540095562968,-1.339784874473772,-1.5138593146753299,-1.4513690300605824,0.6006100262957855,0.8629440797977336,-0.49634306401411776,-0.4431778090922015,-0.46906479597277495,-0.2047591059764845,-0.10984774731072804,-0.20031878451082327,-0.28141882426561304,-2.1633538314756207,-0.36788901944804664,-0.06040761705804902,-1.334947110108326,-0.6642798638911851,-3.3810825991045945,-1.5570542818771476,0.23929130245609886,-1.1874462652166133,1.062057430418954,-1.9283910725793294,1.0738119659123002,-0.6909895523854107,-0.9357977864188877,-1.6742473984813144,0.7861594365133842,-1.1318961258638034,-0.35027605576152754,-1.2343033527268115,-4.0162356920673865,-0.24484523055643867,-2.280336494846758,-0.740635410016221,-0.8048636021300393,-1.9184250943446173,-1.4617986109510477,-1.9171151709047152,-0.12590929160255093,-1.5129331595371318,-1.3074345629356852,-0.4532492050178073,-0.07937717300644827,-1.0783954389918118,-0.7936586536528972,1.0641094180158561,-0.8528452534378651,-1.9093106886605091,4
-0.8875842770747734,-1.1675423826778186,-0.801290358353789,0.14925821973610226,-0.37678884623255804,-0.1937546172857757,-0.7310517958127853,0.9052027884492939,-0.8844621450772095,0.5275958697183694,-0.441997821433197,-1.6242080085998993,-1.5675746074018426,-1.2180363291592773,0.3577722082799733,0.7324139057046346,0.06352385806987554,-0.8803617656967326,-0.026033809213032333,0.08157593407577868,-0.16734440302884665,-0.31365932540276037,-0.06057344313478587,-2.0672820441900535,-0.5508782482248298,-0.24046384409117494,-1.247964721305399,-0.7811962730623576,-3.3699997006012614,-1.4825340483947562,0.14720137025358845,-1.1632686298035992,1.026210616731304,-1.5197343269984085,0.9535115201829899,-0.710740946351067,-0.755866074378368,-1.527512178378022,1.0495245391320127,-1.1451364203465364,-0.09381723879569884,-1.289890543524521,-4.069427397856051,-0.5181211808932707,-1.974022605399267,-0.8488875133520635,-0.7073379331288783,-1.992311204357775,-1.4490652645834798,-1.7261780089316545,-0.20599264541327267,-1.4455123137928547,-1.2443634061527271,-0.7146760916983044,-0.04875375297377223,-1.0909028566497019,-0.6973209952916406,0.948934843466066,-0.48701231848445126,-1.9640161420610878,4
-1.8250686505884914,-1.8621372481241754,-0.4210898942147848,-0.5175332470814439,-0.7356053882729396,-0.03312888517723957,-1.5229507636778694,0.7489046135331545,-0.3978808867245389,1.207080589949527,-0.2363019589439886,-1.2786212925093736,-1.3880021827152271,-1.4239635098022443,0.17969293781637294,1.0093569973398775,-0.2423798907490237,-0.6018148984455978,-0.2898100727620333,-0.06194494383880332,-0.08440756819367412,-0.3416455308372193,-0.10536047617532751,-2.019182238940543,-0.4634267351461995,0.09163914210587279,-1.217122679173205,-0.7166974293783701,-3.2705209684412258,-1.5541956237589833,-0.026991726645688476,-1.042909995784914,1.1047931629680945,-1.974267945098736,0.900769517159867,-0.48661569547170896,-0.8009649378800414,-1.689548293457617,0.773317029463307,-1.3621798391017463,-0.4109715618720493,-1.2502728375803434,-3.911686374187337,-0.5007170444438847,-2.1906345953335156,-0.5849113291135785,-0.6116190729344002,-1.8790840302058658,-1.5559632386985172,-1.7340622932310124,-0.11726033346659467,-1.338148636060707,-1.1693734650631031,-0.6137670119150197,-0.14671134057209195,-1.044446009635646,-0.6207362948284862,1.0373519390040455,-0.6510345003506918,-1.8575931573812385,4
-0.06902163052282417,-0.6900450339461057,-0.22301076118054236,-0.17789199920096493,-0.6714694177852478,-0.25946316852767665,-1.4281875403144384,0.7286785093910504,-0.4623949032957728,0.9931894730409444,0.019971791630394198,-1.8419733614926135,-1.414235325440776,-1.2965657682090994,0.4161756540940407,0.7728348410048342,-0.2646175806401431,-0.5722328759699762,-0.4899990469517662,-0.3003905256158651,-0.30351328642673736,-0.5182425287905188,-0.15353987659585827,-2.0968716224483606,-0.10771914293545365,-0.28953289496434265,-1.2046434939696684,-0.8687707626178279,-3.00967941559003,-1.5618638737768353,0.06649150783335434,-0.8880171170031819,1.1798413733378301,-1.7945063834924218,1.0711606151005768,-0.6442741425811075,-0.8019399465646054,-1.4764920015352756,0.8356401435082541,-1.3611288536231123,-0.4201052505966959,-1.0798731286399648,-3.8564641497621213,-0.4709119925271353,-2.0305366227814976,-0.5451712841945187,-0.8177369868772939,-2.00592702279168,-1.4899932728947185,-1.90159021876184,-0.12104635928740894,-1.4759831343577658,-1.298910461652711,-0.4740657259456017,-0.1949360690751334,-1.0214857182091626,-0.5445358110689354,0.9814187358933727,-0.6281563106533842,-1.7642720501691123,4
-3.259016214018464,-0.9744856317136024,0.2166178862893737,0.5307453790468242,-0.9564251945823922,0.0193360238339374,-1.7580521918952277,0.23669667855643584,-0.6538236143352266,0.9338153514990393,-0.17286888842949,-1.8493584310604216,-1.6049982409381822,-1.6997962748097064,0.052424273051424886,1.084564108392434,0.06265823324740638,-0.28026388364342425,-0.3828221291988736,0.09637131167924148,-0.17908942325739774,-0.4755985551214692,-0.23897676629683962,-2.011569385017132,-0.2503653518304694,-0.15426072668523205,-1.3162888947022644,-0.6552579869844818,-3.390478461136109,-1.7844503181670404,0.05898819829307488,-1.0146559923852039,1.1511857554573293,-1.6629471645134088,0.9907256241708505,-0.527300130092016,-0.9205761742863996,-1.8466242377077395,0.8620713094672929,-1.4121705542845797,-0.1332638405682445,-1.3567281723267228,-3.9385363370017816,-0.6084996192252586,-2.1886516795838107,-0.5421117376074229,-0.8426151614125419,-1.784314471676669,-1.4752039229676652,-1.8486735182017622,-0.20539445152341568,-1.6136929307142631,-1.3549104935658616,-0.5510467445271996,-0.20574425490644266,-0.9409331866977779,-0.7636296290981295,0.848966991748146,-0.5626708512428369,-1.7267330749171412,4
1.3997986435574719,-1.0996690072538324,-0.2941226637895562,0.5023178411641895,-0.5292743192948063,0.07417626133174074,-1.312144129132574,0.9563152958345178,-0.4053836393553383,0.8276928375268752,-0.24512083681169425,-1.6592219231124554,-1.580652347150521,-1.6109697672180403,0.657457005970286,1.0721929599089308,-0.4774689931028848,-1.0359387566986493,-0.4487307017617856,-0.2206828223657109,-0.14449109260656468,-0.22839788696520316,0.1077002404846138,-1.9696646693118662,-0.48514903925175645,-0.3053739425247043,-1.2300422705518086,-0.9879915231063195,-3.2803865424403487,-1.5404681331882104,0.13683188065231777,-0.9378989012793115,0.9766160530622466,-1.8070432417090383,0.9440411790388635,-0.5578864358109837,-0.7793027624075075,-1.6746632793838614,0.9239282205172753,-1.204591847945737,-0.36523046953300364,-1.4019308701947977,-3.943427640874291,-0.37638093470409506,-2.253975622911735,-0.6755326560967749,-0.992229604275078,-1.9669560149218175,-1.3541580768731447,-1.976288964513932,-0.16434244443394525,-1.621315023694926,-1.1891330260082735,-0.5474449898969613,-0.07668546654668695,-1.0134935439919361,-0.6861084418312684,0.9001009097283803,-0.7245713933917627,-1.9893380599931691,4
-0.9480988709125816,-1.6510869944166005,-0.47513045662776277,0.6633146475880353,-0.975021196000684,-0.11820944306490264,-1.319052534533266,0.6430814442307643,-0.3024548094685949,1.1378092771677508,-0.6506527911152049,-1.6558383606933809,-1.6403617684011256,-1.540001437488825,0.09577371631685638,0.6965219861415234,-0.1196337562547361,-0.6363190607426018,-0.34830018897169523,-0.11315144075775804,-0.2196843229328172,-0.17946429767752542,0.22476467444301024,-1.9797804321118035,-0.6609555574160217,-0.3157649232169569,-1.1932988447622923,-0.4492111612989215,-3.1489231684210393,-1.4370940240393422,-0.006353679673481168,-0.8691348300932884,1.0251898535889137,-1.527584797709243,0.8529712465230852,-0.6430611573568836,-0.8068571221001771,-1.7444740059846673,1.0675131193292304,-1.4264106886808474,-0.1843721727281758,-1.0421876970277366,-4.017088896154854,-0.4980108910104973,-2.0547064523347234,-0.5387249698004636,-0.6366053431121037,-1.901182903763051,-1.3922195449958286,-1.8811089503640854,-0.03425404963639812,-1.5252611775959748,-1.2350467328291697,-0.6176143188665973,-0.07391837592327431,-0.9782239229709687,-0.633610632610405,1.077918151085585,-0.5807987723350865,-1.9155400992967018,4
-0.8697075778810776,-1.1864509303161532,0.2780219234372416,0.48373829184066724,-0.05507249925584812,-0.012785334664823844,-0.9310088386566373,0.7069990747157682,-0.9648072056712638,0.6834711076633888,-0.5435596373329116,-1.3760483246566135,-1.1894211464361095,-1.5588340028331276,0.1279085447588897,0.7824003042974292,-0.270593324872147,-0.9423840500067021,-0.47892689719098347,-0.10728431481153662,-0.23408598963977803,-0.28128431693530276,0.17859285221364724,-1.8905564838310487,-0.3772244927833229,0.1721175374408428,-1.17705751193022,-0.6010897976134063,-3.2743658261833386,-1.7007632882359003,0.09919086649201102,-1.0210654529108185,1.1427332409430435,-1.8771346476441582,0.9141418913796016,-0.6793938642552724,-0.7009015845268556,-1.7805270499639276,0.9530628927069195,-1.2898382501127126,-0.4019344135203546,-1.1414261108693913,-4.001564382542362,-0.5234252123820418,-2.293060840179317,-0.4370525548484009,-0.7573250238590923,-2.075050509414735,-1.6206169678124622,-1.9569219681625125,0.001573869386413157,-1.6397409921090635,-1.1191913319846731,-0.6889073771479433,-0.18433686425593115,-0.9929063686303036,-0.560242376285831,0.9192264960493848,-0.6296427133238778,-1.9328093702503517,4
0.3117839099856616,-0.44156451758843407,0.12396464633422301,0.21145936378705504,-0.4571232517665303,-0.6495409716840732,-1.4213281934717565,0.8794240617030765,-0.04424259967077526,1.1371346653518988,-0.3850771106011737,-1.572199503029729,-1.7320451366727672,-1.0261485195210436,0.4407430585607499,0.763482426141089,-0.45027932727784403,-0.4496208858838967,-0.4886291828179672,-0.23377088046277122,-0.3434564794922413,-0.5495408313646362,-0.07012642386322032,-2.203043530499787,-0.5988088743264619,-0.3683491212141561,-1.075641859181846,-0.541495166509967,-3.117396233929042,-1.5554312071897791,-0.04145023467557796,-1.1309001540966948,0.9501563317702328,-1.8966760865530026,1.0173810744558485,-0.6153437439111092,-0.6459187648603458,-1.661707754665061,1.0077100011337423,-1.2426564415239547,-0.37251270130951375,-1.381933905349995,-3.7310811589328794,-0.45875048016722814,-1.9258399697366244,-0.6866981904908979,-0.846030861427473,-2.02470732913812,-1.3947450923975282,-2.0072975330987366,-0.08529595676685164,-1.4751428099424984,-1.1137126043980083,-0.632408837164264,-0.18066137793480205,-1.0742110331820467,-0.6973533311269945,0.9159226456274143,-0.676004920837313,-1.9664197720792154,4
-1.4881899477430474,-0.5270756917559379,0.1906130961130164,-0.18450476309311475,-1.0158767419781214,-0.030384155187936995,-1.4608619632340996,0.7019997909442456,-0.5667651352631436,0.5158963111280117,-0.7130539242102982,-1.588891957356964,-1.2912536648933244,-1.6487700341526819,0.2949476227528471,1.0887490356445337,-0.44738159020863744,-0.9144128961833778,-0.4355993982596575,-0.29318186934759105,-0.23378889856724586,-0.6315565743328448,0.030015165275830036,-1.8803909414618223,-0.6651871444378108,-0.0728683995964518,-1.2165819203344506,-0.7254614086217562,-3.3673900287835434,-1.4797611271578994,-0.14430686764735134,-1.0849974642723559,0.864411003845855,-1.6276535273161254,1.0118774056419408,-0.8326911964731076,-0.8869760167218623,-1.6295293588277706,0.9973573001630158,-1.2089886910444851,-0.3324778332339271,-1.3728477103294214,-3.8687176843486855,-0.36954356861465615,-2.3216656260814403,-0.7330704922793063,-0.7106693818565559,-2.043731621973814,-1.2927526916559902,-1.9026113396125401,-0.034460134155474165,-1.5711449149346606,-1.3262493777880418,-0.47861868878913916,-0.07498332030452748,-0.8860069301541995,-0.6207458227521805,0.8837257445399056,-0.7211252599552842,-1.8480618054988116,4
-0.4707916215521334,-1.7877987176403778,0.5325655464034924,0.589856869004536,-0.5698258933530354,0.025364473802832077,-1.0457161130816248,0.8274572257639102,-0.7221650718985403,1.2505307273027815,0.01705686786708116,-1.4707792428088242,-1.108030936841188,-1.6078971749513957,0.32550094564355764,0.6922869342498529,-0.015019193273493214,-0.675511914997978,-0.36659070528120175,-0.09535405608805819,-0.3121429759410927,-0.8235579277049805,-0.011856131145052674,-2.1490557184852137,-0.4704704628679802,-0.13317303541108275,-1.1422731468588372,-0.6791912751594213,-3.2827712347537665,-1.4427508476349165,0.12844546905346824,-0.9609704031422232,0.9894763465404818,-1.681907631109229,0.7996172261523089,-0.7742114092829814,-0.8377457264284904,-1.6091724315209022,1.084738348833158,-1.3609525711361155,-0.2953257767199869,-1.372409593353212,-4.042877862152705,-0.48153182328272426,-2.008290587234615,-0.6112676248181584,-0.8136432689630448,-2.0562901709820856,-1.225099560432842,-1.9725888276763506,-0.20390857669752416,-1.6860947630840353,-1.2595864562589691,-0.5033355674703986,-0.08118366199159226,-0.988228879255919,-0.6593806014978846,1.0018043383547701,-0.645309897809882,-1.9019293494878042,4
-0.5139294090137724,-1.67144172575871,0.8142850326925072,0.2549492046682179,-0.8735596624912456,0.313493728963316,-0.9631310287125583,1.1656920897462488,-0.5736908292962271,1.1188599961102101,-0.09987836027997204,-1.535353487901844,-1.3831704292333205,-1.228190548463947,0.3930388996092079,0.6856342235725058,-0.20646217428636798,-0.38796454945758957,-0.6086212226951591,-0.06286541672677916,0.35889378782851267,-0.26371587346004294,0.02370052677899056,-2.351356222635368,-0.39986550099765783,0.15770607493990435,-1.4517254878924042,-0.7600172533856593,-3.157240595041138,-1.5492880621999114,0.20274204525050463,-1.0350076428517445,0.9111195797783211,-1.6874391698848195,0.8325184020153089,-0.5330297845811525,-0.6273253053849788,-1.5470466043138664,0.9944154934338187,-1.450896602894828,-0.0166773724136825,-1.4381115501952275,-3.8185914110201957,-0.6079478009422101,-2.122950837956611,-0.5413699938132586,-0.5462096286997004,-2.0644961911208255,-1.3959914071138164,-2.0515124107819003,-0.18922983362591103,-1.6249029792114877,-1.3380814314709777,-0.6107228092638092,-0.05816348797088076,-0.9271511884992872,-0.6263529269272436,1.0270447057682077,-0.7245396123310667,-1.8622144751848124,4
1.6739418005071585,-1.4997096584171576,-0.15355290122861573,0.6436417972304402,-0.5913923348367357,0.06132015718494996,-1.7753045640616665,0.5883528544686732,-0.8097837234915175,0.934099058870476,-0.6553358279982687,-1.4171975699302561,-1.1969007609460172,-1.3139014895007903,0.4185810941030188,0.6654481513519341,-0.6253819949350634,-0.7022475082284558,-0.25455794593856834,0.06180062950763476,-0.22433724727841606,-0.5165964449760352,-0.017555862544323786,-2.097193875899608,-0.3225219130197373,-0.038338738036963554,-1.0284757892067655,-1.0195434428585184,-3.283663707664992,-1.4907514726308158,-0.2173359709922941,-0.8552604263727791,1.0974681293569382,-2.0566934885087083,0.8584911135047106,-0.6561765344677163,-0.5067524724010932,-1.5624749038235228,1.0743162368023287,-1.3537563939625072,-0.44013675475329567,-1.3730251783682301,-3.927124791583957,-0.48430814997421506,-2.2583417572929143,-0.6698463570134803,-0.6520004915005169,-1.8094758173918228,-1.3627665441882695,-2.0325499043037047,-0.20394318090958147,-1.7042557346271037,-1.355228298785874,-0.44520979311646147,-0.05331135800881577,-0.9106656534281521,-0.5912857076753762,0.8814844109285426,-0.5995753155475545,-1.7372546818415313,4
0.05511956301288101,-1.9068948968798174,-0.8904356964581902,0.07215820923890527,-0.4117358751405957,-0.357711303733675,-1.2563538377044354,0.5746073203651876,-0.6422489881120909,0.9704180278328379,-0.24581854788080243,-1.7541796748239018,-1.308545641385123,-1.5548361343179409,0.038482152727635055,1.0540021388387775,-0.017597255634056508,-0.7137097613880647,-0.1706482044169329,0.04834905995582739,-0.3299977809659681,-0.4037753378710841,-0.3378284775460619,-2.227047199491991,-0.44077600354968116,0.18778734745868408,-1.3578349576285078,-0.579575236675131,-3.207695907504619,-1.3161792823252159,-0.08243117218147367,-0.8282620226885167,1.259900373386945,-1.6774583032118622,1.0105117259661764,-0.6465999601113992,-0.7959727455882964,-1.7870869264271485,0.8669499747383228,-1.4806966581984542,-0.18093130880406344,-1.4193469634840232,-3.9138885466375077,-0.40132063449211886,-2.124762679171146,-0.6682162973993553,-0.596868425247641,-1.8784667809020617,-1.4572761023403067,-1.9302023923643647,-0.10540658337573192,-1.6488144105965907,-1.2631364493333763,-0.49433608712842336,-0.2335415197116642,-0.8338651103640807,-0.6881568934867641,0.9774872215389829,-0.7873137671312552,-1.9982061291106366,4
0.384660490795389,-1.1007575482424963,-0.7321780659421487,-0.24492144965978246,-1.2619476690795584,-0.1549453888512395,-1.559435376905935,0.7199810685633028,-0.7723193404460046,0.9158406248964027,0.03221840125282183,-1.6220341725896739,-1.4763320091021859,-1.3109252417891284,0.028627336231705935,1.0245673927251937,-0.25621092123938377,-0.8894918629515944,-0.6826019629692046,-0.31262440945207626,-0.23804866683612189,-0.456869598235057,-0.08191602640079193,-2.104382456356564,-0.43364490408167755,-0.16915469374966033,-1.25297274054624,-0.7437024564470796,-3.1698366394963187,-1.683620877123539,-0.07381502807372407,-1.0744280455409816,0.7786370108458381,-1.7861099481616274,0.9977040592535389,-0.4744379033628327,-0.6205487271989354,-1.657371175195124,0.787971000433284,-1.4284081091885217,-0.362329812983789,-1.4938410762520784,-3.963488697197004,-0.31537161919440887,-2.1017525217879167,-0.7042127182653162,-0.7720888673415841,-2.024952342402589,-1.4565436215008067,-1.8632836298514155,-0.1626054850668483,-1.359297119383617,-1.2294842938609767,-0.601999688212082,-0.09296372185377369,-0.9382657784454257,-0.7547347198616576,0.8881540570047024,-0.6946861184140803,-1.6903356207987315,4
1.7258787710042096,-1.0912279898622947,0.25521146492008584,0.45586892157458236,-1.449273442562284,-0.0012490560353726199,-1.5328908542936583,0.6148280840794479,-1.2765762293256326,1.0549377744500321,-0.46481405268057996,-1.6479317160109586,-1.1921694832334269,-1.4940886747665982,0.44746914502506235,0.8899660949288848,-0.17265881161384053,-0.33005484732436563,-0.4428701582380332,-0.24913289564207453,-0.3026303519967432,-0.37201269044062046,-0.015106546599852118,-2.0599422810556236,-0.377297873208009,0.019712693613553683,-1.0282684312078811,-0.8475802449034823,-3.0875210780110254,-1.5435705523050893,-0.00800730343081624,-1.066224060613638,1.0243871780359626,-1.6851776366108338,0.8054746575697259,-0.7292895689348159,-0.833275823484614,-1.6376789606775481,0.8969513975392087,-1.3500995375929348,-0.14062629399954527,-1.3339038147009767,-3.982503550142561,-0.43657140451492427,-2.1086143872490966,-0.7230490756653758,-0.6040714755408413,-2.0048947455448904,-1.3826309709040032,-1.8525437081534641,-0.20291302648981754,-1.5515304628836735,-1.3329319079536792,-0.711870037050101,-0.23773712366623057,-1.0481773480095127,-0.6710891809986473,1.0303483268953484,-0.5711961577373934,-1.8284830836086143,0
0.3252391046188123,-1.697770064572409,-0.33770393462922643,0.5983155718565387,-0.9500186598435644,-0.19577506841557124,-1.518942571880164,1.0495347659484597,-0.21097805273312953,0.5247017906013387,-0.36144568389304643,-1.9981258773281958,-1.4777410547835554,-1.6963321784260375,0.5455223801489343,1.071716394762216,-0.2776081361928902,-0.7915043497393572,-0.476504233401829,-0.1544572377824564,0.12364045011962377,-0.3369912813690577,-0.16283946143335568,-2.136875666114319,-0.5154768537061158,-0.22795646857874752,-1.2152283588575399,-0.7013452626287163,-3.7131744698576243,-1.5842314789947014,0.1626806108717301,-1.0115371511858022,1.118920561712014,-1.9146921572244966,0.7592639604346333,-0.6478498045587332,-0.8132740479509576,-1.7535259410604704,0.9446092961797512,-1.3324232679943255,-0.12463531443252504,-1.1963865411391583,-4.212530074384343,-0.41382534934388737,-2.249492623380769,-0.5385930394437558,-0.7310823807313331,-1.96350926658875,-1.4103186196233626,-1.9916611442103271,-0.14726770809428785,-1.58987538320873,-1.3203198673199112,-0.579774157625816,-0.05346207155928331,-0.9576403049573344,-0.682062510704625,1.172772840083065,-0.5918554333175369,-1.9982542160126227,4
-0.03610351371866629,-1.0119352112578561,-0.8330400173520315,0.051806127778017894,-0.6478301778366258,0.319644770323275,-1.3790895786137995,1.1652186228020982,-0.9814064626293635,0.698984207889356,-0.8180306002138973,-1.8817023810671099,-1.7441027572555339,-0.9958461012556721,0.05075263396563606,0.847696709994795,-0.4433907314615356,-0.6885569516264551,-0.45211027297102674,-0.41910708794897616,-0.469106499814321,-0.41521422178078526,0.03647770184611519,-2.066378938415434,-0.5847491809191638,-0.29616436594725315,-1.0661318569275657,-0.6506552862172793,-3.175030465975948,-1.4768701626232408,0.08376887641232167,-1.0628142502096538,1.0187327916755342,-1.768952935911531,0.9969275848299618,-0.6841930424583561,-0.8644954593865816,-1.7574726941919445,0.9474372162512001,-1.3393464926732674,-0.33586634113211095,-1.356577395549546,-3.98606363524178,-0.4934505333216789,-1.9201229684432906,-0.6016199167314202,-0.6531700559826779,-1.983172894019005,-1.460815891449609,-2.014454288010199,-0.10183221676165924,-1.5706680935310975,-1.359736505075554,-0.5792385544280559,-0.015882846986517457,-1.030176170579922,-0.5766853954625131,0.8531663261060315,-0.5039298912702469,-1.8220892864441913,4
-1.8490767010081037,-2.2432329244818208,0.3996054721625037,1.0968644406628587,-0.4075490267207207,0.31609840323549965,-1.3692794115577829,1.2563910385366557,-0.3192935130642781,1.344319354002692,-0.19476537889306497,-1.5488902265198816,-1.6231932202670374,-1.3030256372913525,0.19547524947612147,0.43960576736354845,-0.6037927170502418,-0.900622245762096,-0.4331322115900213,-0.23079229759756792,0.13428944246376173,-0.44341308805846613,-0.1442840669750774,-2.1980061536601876,-0.2680752666112527,-0.16739535740648892,-1.3597085274810947,-0.6588188255364221,-2.953557862986531,-1.3689983690569483,-0.08290957144207155,-1.1280087034079742,1.1442865088047829,-1.8966635069302624,1.0999299854719982,-0.5132998695550338,-0.9424302362527828,-1.6600853488272138,0.8746150797768354,-1.398120668311766,-0.2887646328011295,-1.4009601157690097,-3.973039290788357,-0.4509807490519087,-2.1251852825395243,-0.7127280739168789,-0.8053378815801615,-1.9721652998171768,-1.3542249750098996,-1.9648643660534637,-0.23436991842267085,-1.5064547005151447,-1.2565132925734988,-0.5921885318121245,-0.16947639312398313,-0.7765801340228661,-0.63476591761435,1.0536598542707911,-0.5883204429500897,-1.9952500777363915,4
-0.5617197457257139,-1.350692101054079,0.09102621437650073,-0.11871334265354866,-0.63279870697146,-0.41325819872757236,-1.5818253923775678,0.6016990001018824,-1.0749619758242734,1.1407622802854271,-0.5250423254867754,-1.3715845734541932,-1.6100221499150098,-1.3286242801562183,0.05811926881473173,0.9474555001458603,-0.4697910648855484,-0.6291926151142421,-0.23722208640145884,-0.005127920647834405,-0.2204721354137579,-0.24449729433165507,-0.02211669472999668,-2.0238810832388996,-0.6138080304053956,-0.1719173425697504,-1.114182849991554,-0.8589843542838659,-3.114458257749605,-1.691945353065524,0.046459126885539326,-1.2027718012883086,0.9874372838705643,-1.7208855351030414,0.8326001108007631,-0.6791344523207907,-0.5243286510426911,-1.6346439727444182,0.9270858023121136,-1.5838105158548643,-0.4539493125427693,-1.338532306398076,-4.022105883998385,-0.38301826767723407,-2.0205375852465743,-0.6045050854626512,-0.7442608640189494,-1.8823843243440275,-1.439889240309623,-2.0571135572227703,-0.09579228401448854,-1.585564616998872,-1.3229112351517713,-0.6724412876320787,-0.15205521472286587,-1.0102801736337266,-0.6819929313302734,0.9282236823549346,-0.6685418419841761,-1.852430647908406,4
-0.6730017082508589,-1.8031572894693726,-0.17665072566307471,0.4190975584176674,-0.022795729885003446,0.19500925307166334,-1.1260357507730214,0.6080876328183845,-0.8154115589006383,0.8165320023906787,-0.4173010275286806,-1.217492919337524,-1.112442724972766,-1.2626359407939,0.29095414236699696,0.7927988949650365,-0.2842450215489643,-0.5267087068077814,-0.4928741355154167,-0.04304545551263095,0.025265812095046608,-0.33090123766407215,-0.15290661308487,-2.264947575331542,-0.341196117345465,-0.17027370670889275,-1.3072199946382765,-0.7428516819703397,-3.224853586468961,-1.4363627715708551,0.04051983907769842,-0.8411815477093196,1.3140377200653004,-1.6607959871384805,0.9011588857230469,-0.7097159766149947,-0.5561934641247546,-1.4736123002305246,0.9607643963579543,-1.3391848726292974,-0.28102150777559615,-1.157948001518098,-3.9885951479085895,-0.7268276920384407,-2.0777449669214065,-0.6767248640085242,-0.7200480225544439,-2.051830812993555,-1.3523628879236747,-2.1019805643932328,-0.08951382082252238,-1.5397198649340778,-1.0368366001833789,-0.5442741365270255,-0.20488805676720986,-0.9015734617888409,-0.697497347380031,0.8587166942861661,-0.7254642559613079,-1.8658476362813035,4
-0.8809296856724743,-0.37353203624529696,-0.43239255959489464,-0.23835657737833688,0.049647720796820116,-0.0005398985398597234,-1.0851098435398419,1.1465881892267955,-0.19860585762702188,0.8143760297884601,-0.30282554514036086,-1.8562659106955741,-1.5035293013807598,-1.2980628644949923,-0.08667133178456454,0.799412032450141,-0.14893325803744478,-0.9063077025850348,-0.6159138168821416,-0.32121333756873965,-0.22513182245508656,-0.5186022182351484,0.11466149170573456,-2.032292404986185,-0.6271003129817218,-0.17051223446381134,-1.364564605084443,-0.7141792371435101,-3.345228246343004,-1.5943299639284751,-0.08206727689257402,-1.004265112341516,1.100259288892907,-1.7860553471182716,1.118869144273071,-0.6624715708747786,-0.8500161167635507,-1.4868895553505284,0.9269934852242879,-1.4484799009417135,-0.16030849426761482,-1.196949258614736,-4.14033296516869,-0.4151459598989413,-2.138657351568772,-0.5739601688201692,-0.7056953528784817,-1.7275837031538073,-1.4729550034302032,-1.9974290070288112,-0.07841152047203395,-1.6380612242290364,-1.25198659815247,-0.5660666556734875,-0.16753625464215374,-0.9177990129065695,-0.6164400151664983,0.9814812786308804,-0.5060283404906591,-2.0015345792713273,4
-2.3207278133151874,-1.810582524307264,1.027805837451296,0.36614158689287923,-1.2926173411364743,0.3296841964938246,-1.379697362338346,1.2747027523310233,-0.3666426736845874,1.3103157664619822,-0.10968907699932598,-1.8182318371485007,-1.0910627320602733,-1.578606471568291,0.4726248815316949,0.8493173342014924,-0.614388170873569,-0.3057175697416111,-0.4184924357720238,0.07412301680629735,-0.10712016312279263,-0.5232090901604158,-0.11717010964598577,-1.9937881984608576,-0.4916287396460035,-0.06266534204492757,-1.3231031594825666,-0.7931946487872972,-3.1565973929478846,-1.5482696020751063,0.09085751210708395,-1.1248832843013046,0.9268136187311382,-1.8342198356605324,0.9944637094800406,-0.7025884999988189,-0.7148896687208163,-1.5400522638693932,0.8851872571962548,-1.1230280349793067,-0.17224350964522644,-1.3449358011348542,-4.176050126296057,-0.7340110972587335,-2.083344109308497,-0.5853711727971345,-0.792949682694274,-2.0675863899177647,-1.4400741440568696,-2.1453404303026997,-0.3094487692086487,-1.4900106000212319,-1.1708064664196955,-0.6166051533801632,-0.09857286723382708,-0.6711875645646215,-0.6216656149943388,0.9041613085196955,-0.5354109787847733,-1.8730588619880597,4
0.5901292196655467,-0.7391076571555382,-0.691891123058257,-0.054736219144355475,-1.3213840524467186,0.11760131020254055,-1.094346613542295,0.8569379084276605,-0.8698315037634532,0.9921290395992004,-0.025876785730548357,-1.8056276598783245,-1.1819004186598367,-1.2765568699565086,0.026999887487287266,0.8073821679219816,-0.38211221611474583,-0.7671200024979312,-0.3639483774543509,-0.11071809236630206,-0.31802877731078194,0.027787420141481445,-0.09230354188909566,-2.0139518017830516,-0.5252595569455748,-0.0989378733393852,-1.3972310970390602,-0.5434047213092591,-3.1277618965044223,-1.3901960715684376,0.04622243197335716,-1.216131667805636,0.9075060764290743,-1.5714854783215984,1.0414109619951564,-0.903298270235594,-0.7621574131595418,-1.702984224150412,1.1255992596301323,-1.41626781062138,-0.32002960177562656,-1.1996288022087411,-4.065381657612563,-0.36537407484869383,-2.1432588488246456,-0.5087820256686375,-0.9531779825324131,-1.9964082203702949,-1.3381644695638333,-1.9525096712675347,-0.12293777497088021,-1.5778822380733213,-1.2144829239931874,-0.7452197910182836,-0.196152342889564,-0.951710471350553,-0.5391722808471315,0.9603776831766838,-0.6284418162630457,-1.839101654893977,4
0.1069936790629751,-1.7341166888765964,-0.2093524048535903,0.5666845224854606,0.1767223936071416,-0.2980547987634997,-1.276144779524902,0.8221115971407648,-0.7185410523640348,0.7516150672551125,-0.28879872577675936,-1.2421634836760962,-1.9139104986075948,-1.6789246575914565,0.27330500125073026,0.7369567530373041,-0.39731081455218414,-0.7919006302317068,-0.2233036169380242,0.03225817031926434,0.06242125194767639,-0.33144409829219873,-0.15194859131036018,-2.0416815669531374,-0.39217042446904826,0.09140471360700919,-1.2504590631043646,-0.7046091117453244,-3.235614807657785,-1.6989398189805607,0.04779072662820955,-0.9688447341123324,1.0228831558762999,-1.7788865730637513,0.869574698085798,-0.6938824913483418,-0.6815689314479823,-1.8370974908756514,0.9715630752684552,-1.4027869190540312,-0.24068922761538844,-1.4105266454382805,-3.9970350944335147,-0.46269712076582603,-2.1034373972476392,-0.5345895765051305,-0.6104232607465006,-1.883360464996183,-1.407523902324601,-1.6265581922431238,-0.1949981042777813,-1.519347178240911,-1.3691592432483999,-0.5886339660025246,-0.060157764098192984,-0.9379410028068672,-0.536481031106525,0.9422443544465238,-0.6517234776833881,-1.8866318623118838,4
0.5181771064124623,-1.0918019659618596,0.43625467953522673,1.00905135819638,-0.4906428192043375,-0.06265227888066914,-1.9388437297376528,0.6332661590893568,-0.6684206424638575,1.0415611699459575,-0.262791341398995,-0.7580997257412052,-1.6062005528938603,-1.1771205949165358,0.20895730036993876,0.7534273279907664,-0.4286825517807095,-0.6957410451469186,-0.23874677038225767,-0.48635668828364464,-0.15604156855120713,-0.339696240633893,-0.10151088558663965,-2.0060404239758682,-0.28654459918075237,-0.006540804734503539,-1.1101617564560338,-0.8568539926197413,-3.108680368962236,-1.3973839306998197,0.20077238334217695,-1.0754758849809767,0.9869631481604416,-1.6432034375093274,0.8354427571104817,-0.4707697844961183,-0.7210018749424979,-1.753572757198506,0.9446491102775283,-1.4463421374254053,-0.4556813373682723,-1.1476019769459889,-4.035357767913643,-0.48241387350260684,-2.004691848359228,-0.6987268553790806,-0.7521468395848454,-1.9475303728959303,-1.5355074185743456,-2.035547179236957,-0.04112661506428962,-1.4349224997308418,-1.2790789684788613,-0.5953110245753872,-0.13088408865723455,-0.843258245358913,-0.6507701840188389,0.9641411326343748,-0.5545793947433025,-1.826707732364984,4
0.8508517044647095,-0.42854136783790986,0.13568862241513308,-0.2571613352989269,-0.7806291715678328,-0.5661643657358504,-1.0349656594948717,0.8643185079434087,-0.6508055512039218,1.0024789332565283,-0.8761350261356821,-2.0127298470207813,-1.8600657089212316,-1.3970337895867573,0.2375670378631443,0.6219460066819751,-0.5205000347507458,-0.5923000788918498,-0.129878295797276,0.09572276635309093,-0.3048790335889857,-0.38905383092929713,-0.20599130175186056,-2.0895869630157997,-0.5231645294840707,-0.10090459394946727,-1.110488236996376,-0.5356180047753584,-3.3361146227940877,-1.5752310734785744,0.018081167954273718,-0.9560342265554362,1.0893641529031546,-1.7768819376191445,0.9893918366977131,-0.8036002931764901,-0.4484887891025028,-1.7626212111079889,0.9765100844083127,-1.3477668317015763,-0.2617893462376201,-1.4016835706371522,-3.8347905036212273,-0.3660253107282392,-2.0167830860857983,-0.40098044300855357,-0.6436628105211042,-2.043693948922527,-1.4240215152849243,-1.8783548161914856,-0.13369129336505264,-1.5090919926278474,-1.181868292796275,-0.629041991316848,0.0426986349884822,-0.925273533067427,-0.5638341751015423,0.8454748968095963,-0.6354079519140546,-1.8857908508643637,0
-0.2087808125478019,-2.274204099724254,0.36398686158676147,0.7269770682928096,-0.5566187098499168,-0.5103780657317519,-0.44504721508020906,0.6949701939523214,-0.689929414148801,1.0079331678730057,-0.10332666468419208,-1.785034298165744,-1.5278029063863725,-1.439313661861087,0.1783575653827766,1.1560670180452115,-0.32465030292889807,-0.6488138536982069,-0.36440854499011,-0.19932796895517751,-0.23222985077138344,-0.28770659121839803,0.10213978343417354,-2.1017719082560835,-0.6470590232569868,-0.17010964289279493,-1.0460215701986049,-0.8533094503183994,-3.2512356268403537,-1.3769995730804228,0.13240829753082828,-0.9086199274011697,1.1950187365304958,-1.6368140474006527,0.8611341836824273,-0.6224054440420024,-0.7169748835913803,-1.8402429853617632,1.0246940781023497,-1.4888531130366156,-0.3039653058697645,-1.1554522926869917,-3.8650660881966257,-0.4744699105840109,-2.020068143804317,-0.71709659447924,-0.8203565428269728,-2.012403210487288,-1.4640844807566897,-1.7879108958404555,-0.3524072024025825,-1.5294777197459397,-1.2235073644690029,-0.771869740178792,-0.08734454863015331,-0.8639487641333969,-0.56897233805424,1.1021623052380434,-0.6431181949589532,-1.6408636623685728,4
-1.6930159107140499,-0.9579410262381489,-0.06611552602171705,0.3119221594614682,-0.39933566665200537,0.17335946037540195,-1.3363591246785127,1.2143447664487619,-0.514955348674662,0.7303191780761759,-0.5947785748187951,-1.2941112639076697,-1.3207586152817659,-1.4707869695174538,0.3485050953868449,0.5134442535118171,-0.12638324404381604,-0.29371366355292594,-0.39969236611822984,-0.24325508098763826,-0.060396924765680954,-0.33433537588746376,0.30697865324539814,-2.0698800221390536,-0.5518346268720773,-0.0734193663883853,-1.1240144386040993,-0.6291769627400015,-3.3282487947199684,-1.4224160660577483,-0.02882300371156067,-1.0999729322029719,1.1164752311101298,-1.8517206784182543,0.8066150232093001,-0.7582226269346306,-0.7341819203060668,-1.69018477003193,0.9277781478311341,-1.3998420623768266,-0.16778155116499074,-1.156760025450438,-4.104366661762537,-0.3041106021768294,-2.1667794064299195,-0.5796711759454514,-0.6559789686554437,-1.8640257605628983,-1.2812040306442394,-1.9950170789777595,-0.09664162833482418,-1.516526326921496,-1.1838347582707476,-0.6145475306329198,0.05013845114188448,-0.8929834719579879,-0.7692693048626779,1.0389988289363303,-0.6109086885817733,-1.901594486914101,4
-1.8506681390222242,-1.8875377906600264,0.4411972770016433,0.4644317808492016,-0.8863805321829883,-0.20708732938885996,-0.9255482904639502,0.9130681928788268,-1.0865055720388388,0.6916894593022251,-0.6009776644144679,-1.574002836594992,-1.3625938932294506,-1.5498875596480532,0.16804080926446213,0.5571943430046278,-0.2471266692751001,-0.7739212360889903,-0.3709432234342516,0.0008898651926046997,-0.08496500028298312,-0.2464352654836986,-0.0980766007891719,-2.0014825962731106,-0.5003409031194622,0.15902978679248747,-1.0971027908063993,-0.6936143756935259,-3.200796312917979,-1.675142125512946,0.001536890466049528,-0.9229236734559128,1.0765193564759699,-1.802990135640815,0.8818633910070018,-0.6801836571856829,-0.6357227261595075,-1.7199738599696714,1.006705116550923,-1.2206125216540136,-0.22586956805465008,-1.1983233337952452,-3.8550095592792593,-0.44916256190051734,-2.004077869118296,-0.5955049973367613,-0.6339842274907419,-2.133515506046682,-1.4719987387445395,-1.9116516533409695,-0.21108305915050124,-1.5756560531812767,-1.2274488070088745,-0.5265004445989047,0.028885223219280748,-0.9943757546153755,-0.7504680799587351,1.10772847578707,-0.5847090436328538,-1.7955680753955834,4
0.9407519706349344,-1.4131732169140467,0.7191677761264486,0.10678722460312177,-0.6086667472632543,-0.5562105942165745,-0.4895827676502582,0.8015464224008971,-0.5634733482519191,1.1065578100191469,-0.3055931314568116,-2.0208891199446084,-1.3707054392293108,-1.7121481552743303,0.45871875206941015,0.41192173570241336,-0.665029396837702,-0.7658163615053716,-0.3518073258542155,0.03941210594107272,-0.24810920876506407,-0.16504002295078207,0.03939360015571093,-2.2293699445471926,-0.422180048453704,0.024760343612560187,-1.227015606778323,-0.5559413139914244,-3.2423926373439294,-1.7262446295334128,0.20931215138623036,-1.0419256940327595,1.0059844171146013,-1.7700435797249325,0.7640210627851665,-0.6080189533326736,-0.6729028845386775,-1.5176347753210193,0.8350787017164727,-1.266639566618848,0.028335853449767467,-1.4032417059139557,-3.7620386866687436,-0.491427054135443,-2.1877110312551133,-0.7645136622933308,-0.5127905823867769,-1.8099148256916642,-1.356168371611667,-1.945859332904284,-0.17491031054692147,-1.5411891343910364,-1.3208715439229748,-0.5560667307160537,-0.015118811204989507,-0.893095654649442,-0.6357806859874495,0.9244215248147619,-0.6359347980390405,-1.830987948700485,4
0.3814528158150289,-1.8669996677481548,-0.4524670165742105,0.07706720354507049,-0.9030245627865505,-0.7175117954404351,-1.0749250556391838,0.8422644777219606,-0.5010906500861326,1.0409734933408898,-0.269627345721129,-1.5696290366692336,-1.5632489592222725,-1.2234894783702492,0.47592965869496806,1.1097623943740147,-0.5129599668506939,-0.7572951758884406,-0.6427822958243724,0.22823609568729436,-0.16574792987515283,-0.07603683198233349,-0.19943859827852903,-2.2560343749957013,-0.4896896675003751,-0.019257911987925133,-1.1986766345172424,-0.5751551954016838,-3.213213020480019,-1.761549187489514,-0.01462727614343181,-1.0259343724021532,0.9704504959553513,-1.771361952702114,0.7875107922402498,-0.7776341285984839,-0.6061041474219551,-1.5368995545808932,0.6914907416697871,-1.3492430910351882,-0.3167962192521929,-1.2841046526593347,-3.9536685557200153,-0.34178817992913335,-1.8524920188157348,-0.48964004853038523,-0.7060152123105415,-1.8210974081108362,-1.3461127207888348,-1.8912822012471506,-0.02975992820383898,-1.6864482860180627,-1.2212191672937376,-0.527715243248821,0.03888585755759752,-0.8016841422368164,-0.5968830337646293,0.8898152624458727,-0.5983312614577342,-1.8791112369341747,4
0.09026246007560167,-1.2401469222463006,-0.8882836870039638,0.16158888942757363,-0.5431218114600088,-0.5590900547532929,-1.522631921738553,0.5982189007505168,-0.2753306695081006,0.7668220861295327,-0.2493031017763147,-1.2656683757590224,-1.4425322825270026,-1.357954107154646,0.5671474862541386,0.9546085016082462,-0.5761881953571566,-1.0303516293287633,-0.3559503334274458,0.07753578638342332,-0.09114346644757339,-0.21305918387924916,-0.4380459780174678,-2.1211654514739013,-0.289506833316525,-0.2502197771927108,-1.2640163664792456,-0.8108997672851205,-3.0580123490347004,-1.4317331056925175,-0.09614009728240444,-1.0051524882860055,1.2088775526641906,-1.8326069263961264,0.9411276773927353,-0.831088858684298,-0.5547091691432215,-1.6788448823711322,1.091824134490633,-1.3276419308855476,-0.2506330297083563,-1.2545934817233402,-3.7898240108406593,-0.42389716874268213,-2.00837232434725,-0.7002041989864303,-0.8495661731451145,-1.8327828373769246,-1.5553935772831873,-2.1835162236709733,-0.11661507842940977,-1.61787065141825,-1.1899966124257626,-0.6777687168281671,-0.010711445102604689,-0.992723927732637,-0.5711775454836892,1.0910062468688604,-0.6201502854406946,-1.777488077203166,4
0.3446725231459175,0.028899947771017898,0.5608767135944615,0.155002374915749,0.006504381287322669,0.4319559609036301,-1.7961078260803276,0.7189597633704031,-0.621303232742587,1.272324351607759,-0.1955852117188766,-1.51952512848206,-1.5247690314410234,-1.4662167660016687,0.16994409971469643,0.6808250615779614,-0.046826480643606894,-0.7662205436764893,-0.6629866579695125,-0.0637044618724389,-0.29796581005314415,-0.5443716020084721,0.2574884938133577,-2.1661611587919336,-0.4267187408321656,0.09734392424089316,-0.8813335728999073,-0.6495861538095143,-3.122773924362679,-1.5072725641222517,-0.07932604991331435,-0.9892641403462931,1.0645395522159604,-1.8542945506300192,1.0695927969005754,-0.6839781973332351,-0.6932793979048744,-1.4091204947055926,0.9021472306998941,-1.4069129839583892,-0.2138397875958482,-1.334135767257396,-3.9681685253764525,-0.3832057050222726,-2.0291858503763396,-0.774441417974721,-0.8040848917992982,-1.9032844610462687,-1.3066499285249376,-1.899975411650609,-0.22919273524160516,-1.7568605687754242,-1.2272850039350012,-0.49862800681097635,-0.24550481830062695,-1.0194716349006014,-0.7076207944392174,1.049206714545254,-0.6599479379536024,-1.8082087895300551,4
1.0412876919658984,-1.1793120630724563,-0.24727912759680087,0.5197569099014818,-0.7353983655251605,-0.5195051200531398,-1.339278078880304,0.8023813316262777,-0.01619468055149509,1.1934584345005017,-0.2808975554729301,-1.5691575520198657,-1.3512307232835699,-1.6009998518652127,0.3554501443802789,0.9145901280280274,-0.16588474372581832,-0.7364377071044649,-0.4314760378276352,-0.20357337315589125,-0.29227609897492124,-0.4373205329248605,-0.052202175717725355,-1.9699404300297276,-0.5319226500030646,-0.0747431630410686,-1.1576295954808895,-0.9177240926424262,-3.088065836491266,-1.7862131831744918,-0.170048315468332,-1.0721532864688044,1.0360414940994802,-1.7680812105669848,0.9609744538897649,-0.4664029905463948,-0.6682901187225461,-1.5510540624424836,0.9207753039803905,-1.249711904585353,-0.26292016568694254,-1.3274564892961027,-4.014552805701242,-0.483970286335849,-2.147985757825571,-0.7782279791129062,-0.6824930840431822,-2.0887065293230895,-1.5187864478127295,-2.1124184186228208,-0.2841719934844552,-1.5520769441988431,-1.2738725287809163,-0.57612528090974,-0.16028318552110724,-1.0824541867702226,-0.5068334070678379,0.7702499074016453,-0.5960422373533961,-1.7237875967302587,4
-0.8486959768323276,-0.6648236680530103,-0.004003205908885768,-0.5429627069020154,-0.06543611066010069,-0.021228344113636,-1.5178739845258165,1.049565947281352,-0.48251892516914385,1.1120563958575442,-0.11081585886068926,-1.5978846182661361,-1.5484214793486597,-1.4281401937274911,0.31882452961599217,0.3197846870479104,-0.3988948872214864,-0.47817686042185603,-0.30580441446515055,-0.1091939388763917,-0.16009045169730163,-0.2948419189976802,0.09403049926153592,-1.8507627928722599,-0.3774306242581633,0.004162905622993568,-1.406924542105759,-0.6558204993859906,-3.1700759695620038,-1.3832332726988645,0.1509570125069336,-1.017763376293424,1.0996941875990442,-1.6918264834478685,0.9472417301569792,-0.4430848772278555,-0.704749140245917,-1.570805317107102,0.9217583266930793,-1.4341515993985499,-0.44599472062834045,-1.402961898474092,-3.902691202467947,-0.4890118025410774,-2.191474594489844,-0.5097235377880949,-0.6992621605479791,-2.0686910026004326,-1.4138918275747516,-1.8582425898531134,-0.126848796558252,-1.5639459966648714,-1.186562738306094,-0.5276069638810298,-0.06268383652403482,-1.0237011515036454,-0.6702921159690551,0.9899433747909065,-0.6003255170461631,-1.7211753999011146,4
0.7758395257895588,-1.4949391429079295,-0.1449161564995401,1.1798146526706978,-0.6110990351528599,-0.30104127085824867,-1.4935144955230275,0.8015668898323238,-0.8283829252932275,0.5090625055329154,-0.6093521012139902,-1.3635341706006532,-1.4903984547232496,-1.432208413792767,0.3124446208790427,0.7809419508815953,-0.3417935250251515,-0.4406085959751628,-0.6468226720665743,-0.2619046413325784,-0.45505879898999385,-0.553654326417045,-0.060127828346842965,-2.1383988284674964,-0.5081800027963844,-0.16749967919886366,-1.1600708284091272,-0.7207191341117664,-3.3542703914170233,-1.6533116396836225,0.2167473571038541,-0.9698244867014052,1.1006136513941107,-1.7732014294141663,0.8915054193074189,-0.5270347485078066,-0.6617869118219782,-1.6840242551588238,0.8154912831993679,-1.3817195059564455,-0.4490810736130565,-1.2985854281843985,-4.111391221178474,-0.2793491264258128,-2.2048519273126597,-0.8102729147353649,-0.6200482777318398,-1.9885611236823946,-1.3288948138070902,-1.9217239276304043,-0.0412004595521098,-1.5815722421281069,-1.3164637194879343,-0.4969763705779535,-0.13695489654026785,-0.9997746129190386,-0.673388473082769,1.0240393347232566,-0.565568989336216,-1.8363772807797325,4
1.2988747366465625,-0.694248520439243,0.17349162117425623,-0.09226489877247745,-0.3532727318157357,0.05472805238439782,-1.0376656497177024,0.6101924039877971,-0.23510090261963285,1.307553142903744,-0.434167638946914,-2.047321897090012,-1.6104510417391835,-1.4223839427878688,0.5419738041322988,0.9581118788256155,-0.08036254459111153,-0.7060130496474607,-0.35370613831879216,-0.06621857613019638,-0.058359200046525714,-0.40624406181701245,0.41753921508565567,-2.0011089188536024,-0.32272853512813626,-0.32017103701591965,-1.5239366887717978,-0.7438651364703633,-3.036647493060245,-1.663603298651695,-0.21141012614707333,-1.165246218301156,1.2602586706298993,-1.7537062923375046,1.0658017548127192,-0.7517504546524517,-0.7718117235909645,-1.8269392222130105,0.742246723192129,-1.4199553874778057,-0.28808468415620075,-1.221297131369707,-4.020921354659551,-0.45636160234435674,-2.1376037669689225,-0.6115448471460306,-0.7275036874643636,-1.9161970343169934,-1.415952161539882,-1.9773236380955512,-0.04252008572652055,-1.5196865376285549,-1.3127710873384184,-0.43760263559765034,0.008927225010679676,-0.9923282052128068,-0.6423284392471438,0.9505183832977542,-0.545428869753282,-1.9565471960540886,4
-1.168323101630023,-2.3829781610867458,0.11502675104731029,0.45649539584478593,-1.1530522264674947,-0.18360295368279408,-1.3464600888317602,0.7039722308598853,-0.36268151145542926,0.9242636304957372,0.16616372814921132,-1.8009248100037636,-1.622701470614561,-1.5039694232883636,0.14072929346905183,1.0132393198426495,-0.4859742266089221,-0.42726104652193386,-0.6715462819304869,-0.28083051930593683,-0.09173795597443599,-0.3391593329331432,0.17394701692682726,-2.1850021952920304,-0.2456519663206873,-0.29336399320705475,-1.1578783190996325,-0.6740248672524517,-3.210508639593684,-1.7761805470896772,-0.16834531546373144,-0.9877123647000486,1.0469433350691997,-1.899066576626577,0.994168409242446,-0.5745585683931256,-0.5509894751620926,-1.3841546589288873,0.8680245381828957,-1.4062991577133068,-0.2704216121417027,-1.2587652875965256,-4.093581638513498,-0.6733150578202731,-2.0998929473180885,-0.5317259799523391,-0.7955143225751574,-1.8015419342502157,-1.412375698879663,-1.890777856294111,-0.2388949879332225,-1.4857426259588566,-1.3522897799629707,-0.5507191628848297,-0.02182915258391724,-0.9965614503212307,-0.4800503502777806,0.9916246716658578,-0.6583322387754607,-1.8320068669188367,4
1.7306232308602576,-0.8088935790805873,0.2874615993717713,0.3216355708524614,-0.5123671479777123,-0.47431957008574166,-1.968109208099182,0.40129512801520073,-0.24195311158325133,0.9236017911326769,-0.12048648834441505,-1.8274348321921623,-1.2318186881932836,-1.3540762988700636,0.048804386142277334,0.7155451769686568,-0.38785671272528977,-0.47423952281748427,-0.5252438858768503,-0.4395105271327942,-0.09685801878176509,-0.0760247302107036,-0.12552169346928915,-2.1833219875474805,-0.29055128044583833,0.02175276284137906,-1.2678007228351225,-0.748218876817533,-3.1573210681593133,-1.5284597302716678,-0.029345089141288506,-1.2713164364285867,0.9394917060755646,-1.773222840897992,1.043204685645759,-0.6131541690024926,-0.7965482551790661,-1.5798920379442492,0.8131420089770977,-1.2646768840326803,-0.2584892117899401,-1.1664582883084968,-3.7858415728543227,-0.38273084631065596,-1.8696113195257855,-0.49679431976778266,-0.7845480532035567,-1.9416894986715922,-1.2326054589515985,-1.8921455423200513,-0.10086832802205062,-1.5846124056010493,-1.0806903895152562,-0.46251335570008456,-0.2345543411223713,-0.9626990024670846,-0.6429855446633027,0.9664299514003766,-0.718472272735022,-1.7570137552228564,4
-0.7663756959304935,-1.8127527497034126,0.1517209783518309,0.2851948473936576,-0.6310127494061689,-0.11586665316324846,-1.626704465127595,0.6014813495015231,-0.5782128308997072,0.5339617437704156,-0.6221206593356934,-1.6860540210704642,-1.1908185736063521,-1.5516983946086527,0.4216661690760126,0.5344137425223271,-0.4678243867396963,-0.758838035277982,-0.2729705538202026,-0.34682824563177883,-0.16473398510090376,-0.11362545554781917,0.42215022436704613,-1.8485736944046216,-0.34742450205255826,-0.1083024560528244,-0.9987000750988628,-0.8693146964169315,-3.128384632275485,-1.5996904448074394,-0.003774590040490862,-1.138447539644572,1.0116937136630388,-1.7059394257186862,0.808427433025964,-0.5608484385977315,-0.7325768747878408,-1.7206526910465991,1.0918939071773186,-1.2891911844364263,-0.2564364149536886,-1.141399361846868,-3.8658613716278123,-0.4722172540418121,-2.0737626518673404,-0.5994119473647649,-0.5720398031657339,-1.9343302950813488,-1.4702656814091133,-1.9859340870609064,-0.06449271593412692,-1.5513424175423445,-1.2563450500495827,-0.5154730957079793,-0.32919183238271266,-1.1489217065739314,-0.6676623192236543,0.8669940296834431,-0.6065528359679362,-1.8253655741341486,4
0.5000200258852574,-1.9894178834716385,-0.24404671612620338,0.13733913183107477,-0.003426287302122022,0.04993069127463673,-1.8410247271061944,1.354667486347764,-0.6758258430970563,0.865170480921063,-0.43000364272624203,-1.3506717847493244,-1.3403575172159332,-1.6366992335583022,0.3112431839847223,0.9143822263494825,-0.20278838592830506,-0.49878330076485144,-0.21316565963627965,-0.26135650738160865,-0.12245444025404581,0.020754220206081808,-0.04412098175036727,-2.0954138720518745,-0.6059345888836247,-0.0030300299636238093,-1.5026122836248186,-0.907017703509974,-3.1010278572370944,-1.5171418351777999,0.025894772204001777,-1.0443493483157373,0.964547928354912,-1.887087231983716,1.0932858625245847,-0.6808926501637147,-0.7678538188489341,-1.765812496033914,0.9755443796819844,-1.38607143478323,-0.41907827861550967,-1.498941308373459,-4.018079563114767,-0.38906868492174085,-2.1238463790508573,-0.7154236483849084,-0.673326759040599,-2.004445935729306,-1.5095762624539515,-1.9819595856602654,-0.10659835549748051,-1.5890743816311006,-1.1351924286849686,-0.6948767876365077,-0.01977448460975223,-0.7665369736567145,-0.4890430048160472,1.0228534280252244,-0.5365694611314741,-1.855594952598186,4
-0.7655630453743272,-0.7371856535111965,1.7225067596136099,0.4628543617979085,-0.4625313975560122,-0.18806919805045497,-1.2194812098784804,0.9265336075564292,-0.6526702364972128,1.0160888628577813,-0.2848485638774895,-1.5875455612540486,-1.696288636868323,-1.7623503463813266,0.2259713463805284,0.9586382599334139,-0.1559200325881259,-0.8384804874547519,-0.2916327186357534,-0.23768112393701973,-0.4979700536676489,-0.14544773457603197,-0.20519748703761342,-2.226695062945736,-0.4702787982465214,-0.10395469316868297,-1.3104870521257355,-0.6944807451931767,-3.3565233741994223,-1.491938372703654,0.11643029216010396,-0.9524537050550117,1.0086001410812513,-1.8064099594560994,1.0842126613373322,-0.5995947542162002,-0.571855262081965,-1.6339016757014029,0.8722697339501192,-1.337337525288634,-0.19006651286273787,-1.2279155064390728,-4.163761460139811,-0.7034605707499194,-2.183127874943837,-0.5629540560868623,-0.49405472326561634,-1.9006934216341973,-1.2700470200162701,-2.0086406621002983,-0.262701592637424,-1.5655698685652393,-1.2334094874764654,-0.5055363567082594,0.04983324603197148,-0.9452631411170394,-0.5184125186507154,0.9025627273091146,-0.6115823751064161,-1.929914512940739,4
1.0694781768886803,-0.6719764754692507,-0.37055640046382166,0.497452506595628,-0.4927281054474874,0.2130152380683824,-1.1097856289612213,0.32354812300087166,-0.43815608520437554,0.7566243021903035,-0.7007831127054927,-1.7615324745387604,-1.2023928678515476,-1.3837918275715793,0.43819551289130454,0.7520599309890402,-0.45211527082809344,-0.6517704150226095,-0.5625126884644273,-0.37690610282447157,-0.2564899295967537,-0.4004533692476573,-0.0024909013424383314,-2.107401264671537,-0.3915262001372574,-0.3215958040887025,-0.8772075253459379,-0.7925588816609921,-3.105207804630076,-1.657834417671543,-0.1447587283908527,-1.0141405145557174,0.8843747732953495,-1.8843448362145025,0.7423578376406686,-0.45573229187336917,-0.9299586624186306,-1.8457335198635796,1.032988367914014,-1.2978300461133687,-0.34493925806726816,-1.2499088029521659,-3.8926558970041203,-0.7396223704819243,-2.158201973092963,-0.5035953778462391,-0.6728806680409724,-1.8845701160164028,-1.3043570350538571,-1.824854462945002,-0.1405868540177612,-1.5672942621043062,-1.3463941269391195,-0.5211890172718007,-0.07449493808470226,-0.9520047845368242,-0.6351457875659687,1.0685534655317908,-0.5637085308390619,-1.8844061395514238,4
-0.05532768356659298,-1.0333629704376837,0.4352587462813374,0.30660408610320344,-1.4147003336501025,-0.27988779029870836,-1.3739970289810453,0.8088332673612991,-0.387587062994996,1.1031097920246513,-0.14136402314983032,-1.5890299283794134,-1.3264063175646181,-1.50489621303262,0.49140480346707205,1.1206526538336234,-0.3624063972636542,-0.6290826628152149,-0.4496944718979796,0.10493011267107227,-0.195170910985518,-0.15550742360241707,-0.08407476103067449,-2.1589823395820624,-0.02401178429701295,-0.13939707709533428,-1.1120241991499087,-0.6253776723339437,-3.1965102862929764,-1.4073274023467142,0.2001504382215597,-0.9686065050237308,1.0198244811341564,-1.648567158145118,0.9847004693831518,-0.5476829048964045,-0.6561350668610517,-1.528556430886815,0.8470092808111405,-1.4979381194175172,-0.15124233117387542,-1.3425813653313519,-4.246947776392077,-0.4283318778350015,-2.1719970812639193,-0.609348362353768,-0.7403615739462007,-1.917686011793783,-1.4205606416100787,-1.9522195062959924,-0.29026195690441203,-1.52167465553715,-1.19969809293197,-0.6459498494950832,-0.19262941322708477,-1.1181015110235197,-0.6755281634349428,0.9591916736392605,-0.6321287881243659,-1.7902144044759787,4
-1.0176091625746113,-2.3606824800364734,0.48648230341447396,-0.15996475716740371,-0.517970057357623,-0.06863883196784275,-1.3762523852217459,0.7997698691071211,-0.6827928274320125,1.1981744834583838,-0.19514320767341103,-1.513683909662028,-1.641259151279441,-1.4885663462505894,0.20936997015215913,0.8576153738285426,-0.44316618160427945,-0.6678073951895408,-0.3280250964030085,-0.033331170136536234,-0.3218480784982355,-0.16730250627866683,-0.024643580419510647,-2.01642856522986,-0.4117091157287552,-0.11584168024458852,-1.39784355724772,-0.8371760155645362,-3.3589207214008843,-1.641499735841022,0.09614150696853534,-1.1022735583040204,0.9384622220723696,-1.6433230721999754,0.8552109263338861,-0.6053705303837031,-0.8171800706626626,-1.816036947370804,0.7989596072394243,-1.2933919070254247,-0.22076448682761288,-1.2904518113382033,-4.017330282292609,-0.49576843389406017,-2.107818128640645,-0.6953889259662192,-0.7113001994531664,-1.9292272293429606,-1.289691743878703,-2.048343457875426,-0.20382503372141386,-1.4725366049989608,-1.2222079356214852,-0.6129091768967843,-0.1025064905567719,-0.9374241628070692,-0.7112125730593588,0.7939556098168543,-0.6743686490824878,-1.8410230663016736,4
1.5706380409724643,-0.7918297777802268,-0.47547167919695044,-0.03156210567482559,-0.9185343636196055,0.24800300499733158,-1.4172843410938398,1.1044859789907413,-0.6567332498372982,0.574075310237522,-0.5657718059720117,-1.7212354337328277,-1.6070030360037615,-1.5154053180427038,0.6789007792114186,0.8149038093469427,-0.6080903249879404,-0.854125155578441,-0.35734152864380925,0.06293274629898185,-0.11882073997341322,-0.3897331848746949,0.069585805947144,-2.0874267176794503,-0.3930761080579521,-0.02024002237307493,-1.398225117876188,-0.6658767777315341,-3.240007330705607,-1.682642508593483,-0.10106984014390522,-0.6358010573222401,0.9176146959155981,-1.8334675469655686,1.1636307236710521,-0.7740840552475925,-0.9022608856823454,-1.6390733140877891,0.8259129929349124,-1.3572910705109085,-0.36794790088106466,-1.2253605251094177,-4.074499762851219,-0.5319764123629427,-2.1175116615326215,-0.5886455572618188,-0.7566362269695591,-1.9926751146907777,-1.534360728287172,-1.8640429959881541,0.016895971991001735,-1.4909109441494715,-1.1419395943655206,-0.6186739627562496,0.06946122558878381,-1.0732266139246298,-0.5954973399526743,1.1492773354935635,-0.6207662393623143,-1.8044501168692215,4
1.125389375781022,-1.8644569532875543,-0.5986780717212887,0.8360206785288088,-0.45928343709457164,0.6439575887636866,-1.9042341142512926,0.7148290910041027,-0.5994116877001916,0.9015224320322045,-0.40097336690150714,-1.5787351431749297,-1.7231069848559384,-1.5155435616176614,-0.13968993307959265,0.9005321881728233,-0.6516123807105367,-0.9898581691722309,-0.16726706045606476,0.025282873306113285,-0.3803400600022232,-0.14481634692378526,0.15487006575219586,-2.031087881557538,-0.3905598795284082,0.10811866896599906,-1.3257475160625312,-0.6795399592497174,-3.2394229818475706,-1.5379550717629715,-0.08443058278728248,-1.0704641654220461,0.9239511291507427,-1.7651717832030145,0.8400224599067387,-0.5324633167465849,-0.6964194492442123,-1.576781868735268,0.9197836385624455,-1.3842890872181066,-0.3890459416762953,-1.3460833674709534,-3.961200191675292,-0.38300853700611226,-1.9921874526262442,-0.6513220387219191,-0.766865834776574,-1.9429403242301602,-1.349126930324948,-1.8628753807292553,-0.25343823538772037,-1.4498247185403512,-1.329643016742441,-0.5645231181860447,-0.22912568954223506,-0.875728916816125,-0.7132272400116205,0.9247142082015891,-0.5730106866430823,-1.9382069503280208,4
0.5882590910193553,-2.017630464998012,0.627095194678253,0.06134693855064588,-1.0467380200860104,-0.7901984450865076,-1.4527476361085294,0.9106162441179975,-0.4563529899801489,0.7103622159381874,-0.2290284860427868,-1.7899563761657706,-1.3897510591516118,-1.4184335340244871,0.5293412716154466,0.9006870965609948,-0.42772022317757263,-0.5904024822928889,-0.30299183932376095,0.19997782784580664,0.07772560294943462,-0.0019085766934595072,0.06452668227803597,-2.139122278632995,-0.2955830159313042,-0.13123782706354162,-1.0944885711387091,-0.8087467682948446,-3.1626699470892343,-1.529986776527481,-0.16301315477699652,-0.7123758913701749,1.1278309601294927,-1.8112795803899664,0.9856462277949768,-0.4870119839620818,-0.7159612624897929,-1.65693717906199,0.7808745499924316,-1.1655113377289625,-0.19913675110802048,-1.176984329720042,-4.057920007561884,-0.4969096403867783,-2.2629100609494435,-0.6601543368830113,-0.7421798224612388,-1.9995631452248417,-1.5951739459140224,-2.0445661131907173,-0.25721947246633153,-1.522564048783889,-1.277841269649466,-0.7127062471322857,-0.07077344530959989,-1.0468485497170779,-0.5172751770620713,1.072019257576729,-0.5335407322466852,-1.6892848505693194,3
0.20004838717659335,-1.7212151710361339,-0.13271185716168216,0.9938996341566685,-0.734259744695329,-0.482593714385057,-1.4588372956799642,0.719792776435015,-0.37562628163548895,1.1091771520477445,0.1390679799333434,-1.7619200668933905,-0.8694036568754779,-1.4685284640505503,0.24701436865890264,0.5200975434565973,-0.05034342445337897,-0.556738841120626,-0.5091262266648249,-0.2713740541941114,-0.25166632613592954,-0.5118946945908442,-0.0907236882930374,-2.110000261747884,-0.26523700287211516,0.015086112849949096,-1.0766659038279927,-0.84850187894028,-3.2587065850566943,-1.6705129717596279,-0.2177685018292981,-1.1237294909343105,1.0033996828920038,-1.9920797278185924,0.8060530806795652,-0.6985347941823771,-0.7027767134985641,-1.7415003990888154,1.0453807747850665,-1.4454593517161063,-0.1548243473532647,-1.2026099125609502,-3.8500898712038745,-0.3980323801616823,-2.1105830257064286,-0.6694713900488715,-0.5197061212069849,-2.059326623489943,-1.3927498606991469,-2.1333781211266123,-0.1666397116646077,-1.5225702572507127,-1.232921760742249,-0.7512219834716373,-0.03288966978118765,-1.014714680982361,-0.6075434908819481,0.7679833193070028,-0.6355167075357465,-1.841914869344313,4
