Feature_0,Feature_1,Feature_2,Feature_3,Feature_4,Feature_5,Feature_6,Feature_7,Feature_8,Feature_9,Feature_10,Feature_11,Feature_12,Feature_13,Feature_14,Feature_15,Feature_16,Feature_17,Feature_18,Feature_19,Feature_20,Feature_21,Feature_22,Feature_23,Feature_24,Feature_25,Feature_26,Feature_27,Feature_28,Feature_29,Feature_30,Feature_31,Feature_32,Feature_33,Feature_34,Feature_35,Feature_36,Feature_37,Feature_38,Feature_39,Feature_40,Feature_41,Feature_42,Feature_43,Feature_44,Feature_45,Feature_46,Feature_47,Feature_48,Feature_49,Feature_50,Feature_51,Feature_52,Feature_53,Feature_54,Feature_55,Feature_56,Feature_57,Feature_58,Feature_59,Target
-1.1522670480560648,-0.5231732378860687,0.5956445195177943,-1.9931170430464804,-0.5090563815792036,1.3182747967893178,0.1462405873855308,-0.6862677768542369,0.3659729003338519,-0.9817185684207548,-0.41166444753035125,-0.6175315232235568,0.17557019618721026,-0.8128678395397451,-0.8440117862431281,-0.9841070977008028,-1.6120595112036107,-0.3589875286785833,-2.0293366209823955,1.4260751143110468,0.4011500377235565,-0.629298662480401,-0.6726691760629948,-3.026476741388815,0.005444412006739785,-1.5721803457400316,-1.105275367507684,-3.3139281972216885,0.31242884468503823,-1.797430009288842,1.5342206278962456,-2.25523380422818,-1.1759094083782757,-1.7187323478005403,-1.1332747412126136,-0.4323984990454498,0.1040108568456716,-0.005561604096413042,-0.024682255597424332,0.542218641011299,-1.1415754283456423,-0.47192562637734703,-0.44973773813441786,-0.8019957461528815,-1.2196818671446683,0.45661566777451434,-0.11739244232787668,1.7449479447315572,1.7590464212118957,-1.4763631043695415,-0.11718188071911761,0.6532659729376601,-1.9984060170230995,-1.3040312372997336,-1.1675484904123798,-1.0051822861582764,0.2594685791858243,-0.5999305952460192,-1.432399615562844,-2.9562045423162138,2
-1.266985462704369,-0.13128139569232794,1.1056963998966045,-0.6966919285065659,-0.0594466021415712,1.920195899183089,0.7089988796025971,-0.8642292972196666,0.06554359481156408,-1.5271889190686554,-0.741375746755722,-0.8426835594424187,-0.24944423734146037,-0.5681903417542883,-0.8245533826268453,-1.371562410905173,-1.4256659843963886,-0.7780755066834142,-2.2120035484223757,1.109810072460567,0.1742426412953474,-0.7671344332231209,-0.7834340055260451,-2.7870467620303545,-0.03889286392642252,-1.4278912767456833,-1.257613585458417,-3.5077872208413323,0.09617790759162938,-1.9049596598023462,1.803637954948639,-2.070184317449272,-1.1002532857498932,-1.7590412851556279,-0.9661057791198612,-0.49336507817266806,0.13569062205415308,0.023492187949573112,-0.1473833384019469,0.5733603105726329,-1.1895723654679176,-0.24690122194929137,-0.18334421370138138,-0.7510098268493763,-1.2607004201473604,0.40029292586872844,0.1293665098051593,1.6388173647379853,1.7609485267110982,-1.4048905298769607,-0.12285919957286659,0.677013832689293,-2.0134055192795413,-1.312340935532823,-1.129908658478455,-0.9458742796222418,0.23263297368499258,-0.4263836587259497,-1.539134579002094,-2.8901502242544996,0
-1.1331027922403392,0.04701634598728918,1.505217303927445,-0.9595255276359735,0.29410615622111497,1.2825599748530736,0.37029462632813875,-0.37557278741829714,0.4545077870521799,-1.2619149182714076,-0.1116450552738768,-0.5448327460447869,-0.1879235222358369,-0.8271769507348492,-0.40926997599260806,-1.2220603205245733,-1.6408859036331238,-0.43007129994340754,-2.056549772959871,1.2284149890871905,0.47377567193343206,-0.6857842411597763,-0.8639565402863909,-2.6649274435646855,-0.17492557084335122,-1.3529256902709896,-1.2325143408829153,-3.3923854673350644,0.07398082882424775,-2.0201837075071687,1.573634968420073,-1.900509376055046,-1.2883594598202752,-1.523050136293796,-1.006632539514965,-0.3084153374992246,0.2880479051075134,0.06339207238240671,-0.021634306522106392,0.753751596550863,-1.1937943560772433,-0.28964875034635873,-0.3203654802073618,-0.8012997029492531,-1.238340356373586,0.4972906240765279,0.12009899815333423,1.9719222154071192,1.767512519589676,-1.3903819268558844,-0.19362983559241656,0.8453811188580436,-2.167910459883091,-1.3601033142511891,-1.1371216069939472,-0.8439633806162605,0.2686777832114296,-0.5164730598391299,-1.5526713243225365,-2.8252467626386824,2
0.5439715977285738,-0.15583667340453855,0.7666833679491214,-1.0439229163429273,-0.4886649430944964,1.5030837828548447,0.48304915183245467,-0.023432256108961935,0.3404916962072382,-1.459785051367131,-0.06325778760349934,-0.5128595347810677,-0.27187908490330365,-0.37135536544956194,-0.6914659254114657,-0.9326963608082491,-2.1065378766203167,-0.527226347776955,-1.9985654710606797,1.0049622755244092,0.28789497443789897,-0.5491073235872974,-0.7255798976307117,-2.5630093589133707,-0.16838112851191034,-1.4697123906186609,-1.0653208080008931,-3.3462232828779923,0.21088410852213674,-1.779734046205582,1.5641846795332217,-1.8568074309296632,-1.2485099364092018,-1.7907917026539,-0.9184098854318548,-0.5891120915224226,0.2682454717376582,0.20389688656891608,-0.11294877150680943,0.4857168506038195,-1.4161145413582996,-0.27683869211123757,-0.40300797772611535,-0.7679511815764568,-1.341645559407655,0.2746264543802767,0.1345541485444676,1.7320205021179647,1.66479945647546,-1.7063454626245604,-0.08374287827986801,0.6553628767017406,-2.089540511895096,-1.1033911147396043,-1.09449231449404,-0.9788464657938133,0.31247409355002875,-0.5159141078156343,-1.53417557815675,-2.849840624454967,2
0.7985643658231721,0.8450292040958705,0.8617525583062716,-1.098690072481681,-0.4416203543649678,1.0662574605501918,0.8699713071387145,-0.6234885234524087,0.8967050227677539,-1.7785936750920617,0.09456404599988794,-0.4497513948237971,0.07870877190727574,-0.43860332850474437,-0.5882683262950671,-1.0236639489537822,-1.848044903968349,-1.1251280846140228,-2.144485732511898,1.100988339985495,0.21609720335484978,-0.680573215673842,-1.055876610762443,-2.696662758564676,0.09276132870575199,-1.4770348428477567,-1.2133757927129183,-3.3427738568314314,0.3817858851643059,-1.881058925895033,1.825119390676767,-1.9834157592364487,-1.1732674981034454,-1.715498155727808,-1.0472239911729837,-0.4183477591642404,0.2575375937580105,0.15641776567753196,-0.20848478435441187,0.4312665522755278,-1.3970585768216413,-0.35636458807929,-0.20838028180894566,-0.812664586389215,-1.403114107977472,0.27794508374714644,0.02635957739262637,1.8003728944571846,1.9250544581760007,-1.4788912788637656,-0.11098404410127627,0.5626087805091226,-1.9855834826622785,-1.3855986535434377,-1.0337539465945778,-0.9491423542956823,0.16087495053872125,-0.42966039837765885,-1.5101276122746252,-2.9980566495009855,2
-0.7281579560197893,1.5276907039795784,0.0936137256989259,-0.7475260558352402,0.2887137981191997,1.1690983962606762,0.41936605823039064,-0.5036160591946488,0.3833829203895748,-1.9736725421606804,-0.37348681702739694,-0.4639832085352276,-0.15169649485242073,-0.5240514736883497,-0.5067238862158486,-0.9478794307695735,-2.1617361373457165,-0.4680077368484738,-1.8725253181625334,1.2994241088706653,0.36982334822402463,-0.4167329279771028,-0.7556839427418628,-2.6191263589277582,-0.05360674318430381,-1.5673706008882309,-1.2148004682089923,-3.636189329933553,0.15796068680785527,-1.9148424096890029,1.56388007749215,-1.8314558705243396,-1.3491763996974409,-1.8504802988937352,-0.9793010633669306,-0.28900079191027456,0.028122578449906205,-0.1006881608871138,-0.0010202596665842556,0.6324996808345802,-1.1980168144610364,-0.501343106061593,-0.03678866238540787,-0.7288337791184435,-1.3349727964006974,0.38383594176123753,-0.1896690079189415,1.7802091627809922,1.9036982582375876,-1.534085711275908,-0.11779279375187336,0.553805893850216,-2.0434773702523152,-1.3714363693518228,-1.1826838884085475,-0.9268780160083946,0.26778965388141324,-0.2256553418487689,-1.5116604417981436,-3.023201126966707,4
0.3144239475070999,0.18548627321579844,1.8171046666393509,-0.406356551828131,-0.018375318529979246,1.0621630310982788,0.7337763686825961,-1.5429674749478672,-0.10244435282983289,-1.8338732848804469,-0.7602415896842024,-0.5783083284076882,0.01607084041353382,-0.26481543056524576,-0.20595697229175713,-1.0459700695203973,-1.8956780194021472,-0.36463149795705546,-2.135386372271253,1.0259354805801846,0.32178128821786356,-0.4828186158851814,-0.9564601789551043,-2.65064094239052,-0.4202182084980268,-1.3213416598760799,-0.9565858807359295,-3.578102996448113,0.050243127009969774,-2.004469143257437,1.8892755787897642,-1.9921644424924536,-1.232011704384517,-1.7263537134639528,-0.9542171498974115,-0.2753219237677508,0.2927994026334957,0.21634601920171664,-0.04023608203121776,0.5971372530665257,-1.2196704064557844,-0.43783079521300733,-0.27920232000733525,-0.7656407841329029,-1.1761434325001123,0.3050187800814956,-0.040096601638774,1.6736296830542028,1.599076807665793,-1.387480704046683,-0.19872771963103164,0.5045327882439936,-2.0727601277255587,-1.1065841480925769,-0.9884736312453688,-0.8886367144196987,0.2194297851167391,-0.4971350868658581,-1.4105537389505234,-2.9384940624097413,0
-1.176016255615369,1.3066329998458968,0.5363266775081892,-1.3734904477369163,-0.03745004106538108,1.6134031448818935,1.3985870204382018,-0.9158294789851196,0.05132724978777098,-1.7601620303738086,-0.3911173795206972,-0.2831990777859176,-0.20260074001579617,-0.7412360331448798,-0.5978992581357699,-1.2384482831158279,-1.8492721338414597,-0.27273416776768994,-1.9228152537574326,1.0891280380614012,0.3087468208359703,-0.7291612711113675,-1.1440247925428377,-2.7835005541386857,-0.08451821354648384,-1.57624991385994,-1.0085063405972219,-3.1529486136725833,0.40335610485246154,-1.6005977292126345,1.7289220666615592,-2.100858498110229,-1.3322563746643332,-1.7021455044436227,-1.1533877474756224,-0.4289634297026481,0.2676973316845502,0.0967729695003953,-0.08992696216535265,0.42351842162380393,-1.418602588667775,-0.3273801709202338,-0.13498204951468765,-0.8977371102100866,-1.13236420353412,0.201514138272888,0.15624211031210236,1.7427248025056443,1.9578386304763769,-1.4605978564242976,-0.18606659072781098,0.6313119787673219,-2.033668775103247,-1.3357277884292085,-1.1125190032283283,-0.8381374378165728,0.07950277179705414,-0.4924339041847051,-1.542103801033683,-2.9706205695757117,0
-1.0571444529318803,-0.19060917809699274,1.7530550923652988,-0.6796813210661927,0.15392831592123898,1.8066890690833612,0.48132894281164823,-0.5132810094576512,-0.02360547915118727,-1.5742186369969984,-0.4133578286905031,-0.3466035277098332,-0.3766930289127538,-0.5519419067777185,-0.4287639299633665,-1.2469613771149834,-1.6693431957610412,-0.5895580354715707,-2.1811476876872935,1.4202087017419875,0.43225095342958414,-0.6378787055646914,-0.9243943824574764,-2.554038307569481,-0.12262602894974828,-1.3833928751557114,-1.1559862495594284,-3.4392794762305074,0.10483590039227894,-1.910501252408376,1.6349208047263408,-2.2573562663772293,-1.2257678313520532,-1.570544351626985,-0.9711564897893776,-0.05456969495373015,0.09575451383014161,0.2364535531772754,0.09261158173110814,0.4628463156408704,-1.2837554282089618,-0.3866415041187199,-0.2684406380833666,-0.7116216513461835,-1.373067676340847,0.3235794183741552,-0.07597346392692882,1.5842879194244162,1.8104407400241855,-1.543413590109416,-0.08016742410611312,0.7141584185582044,-2.13339948252766,-1.3401370159064439,-1.0653677399534527,-0.8027733083469287,0.1365778638541917,-0.500416861190165,-1.564148223584493,-3.0205760398332107,0
-0.7891847581351025,1.7423089412418236,0.3675619305005814,-0.6883014048072352,0.0634329613917162,1.2607979497466315,0.6461866752566071,-0.6553553890253601,-0.13607059709586106,-1.6196609950580378,-0.10419721790643577,-0.2923867271583031,-0.1355561583940767,-0.8561234339383641,-0.7411123511010491,-0.48663764392059505,-1.8965227025045548,-0.6790779064028094,-2.120222630359839,1.2716455677979817,0.3325201312791116,-0.4398754979350231,-0.7712644290963515,-2.648652919677169,-0.09966360533496679,-1.4362123734981829,-1.222316948898817,-3.4016705433277683,0.24593096440475826,-1.840091802253542,1.5057163055812248,-2.127706050463543,-1.115879887361668,-1.7832956205423178,-1.0342711936678068,-0.2702241982971864,-0.03245508042231232,0.09370751905832178,-0.18037819446221465,0.5105543660041013,-1.1774200679894449,-0.5309809725270743,-0.38475901929428297,-0.8812087933020786,-1.1689030131338387,0.16767162428598825,0.1244326994821116,1.7175723656899682,1.654808197612966,-1.5158635781752763,-0.23716890099132237,0.7193498484720549,-2.107048122686104,-1.229919628371273,-1.0797189269975216,-0.8526215222214671,0.2951140611889224,-0.46652211546691813,-1.5263510026394624,-3.118919076643507,0
0.9473399367812193,-0.27974359836347384,0.9348026820014927,-0.5106989789699196,-0.17151638318950976,1.3650747619659738,0.8217041321985947,-0.48558412734224005,0.2314906804140621,-1.271648468144278,-0.3965701709958595,-0.6396383345813372,-0.05376917166054129,-0.4488878431586268,-0.6979515498592859,-1.071573936817317,-2.0143616816697265,-0.5961733032351865,-2.0486879962799507,1.163734477657533,0.44892156334739053,-0.7011560049752605,-0.7148352077564658,-2.591170426517247,-0.11644592742612712,-1.4789705978806695,-1.0551914078377587,-3.4922620902251826,0.12511706934447656,-2.084881301159855,1.5439959281599391,-2.060613178964022,-1.2689511670781013,-1.6791907354025337,-0.8912262849921364,-0.27019772181535706,0.0935986213624043,0.11714592768806537,-0.0020745894730514747,0.6584087682057131,-1.3210298746144131,-0.37061884347421126,-0.20888948536578777,-0.7886329800013091,-1.4283187614053263,0.26341405191478606,0.20316503152661108,1.818447429786354,1.7257391760229295,-1.5721228511551644,0.0708216661133107,0.5003831199334535,-1.9573470032634126,-1.146883996671897,-1.101419973585131,-0.8719271963057642,0.20656211093652047,-0.5331110511243413,-1.437269420764118,-2.9787980957153763,1
-0.9281834509255296,-0.06368960892305486,1.0806238533261414,-1.5259769540325792,-0.5253982785970505,1.1345313805195414,0.535488988522768,-0.9434441460799725,0.7016870649279502,-1.0446500469245428,-0.24831160828240584,-0.5993620814569646,0.2436392405484506,-0.3836373236263038,-0.5364192799223839,-1.0649819325197603,-1.7390870045442273,-0.5061005138371267,-1.8520236679448767,0.9916638268125211,0.42665835126171264,-0.5680314977360821,-0.781889223161679,-2.5999024236400783,-0.4971221987867415,-1.6371152588899862,-1.151861007809319,-3.204339771595045,0.1793843611815586,-1.6770616858523086,1.4365192974062841,-2.050891604356777,-1.1775781617520253,-1.7209132068694943,-0.8245204560662716,-0.17523564496570374,0.011372148700187892,0.0020889201898582135,-0.10708084143129629,0.47959232082127623,-1.1701510342978212,-0.5742223329703917,-0.18970581738763648,-0.9173016427556234,-1.0790489081984471,0.3368246497136347,-0.0058709067649251115,1.7769708337164252,1.868892410433477,-1.4636913438705696,-0.029570930671300108,0.6809685736618106,-1.9872964301604121,-1.2529351791140684,-0.9867609140163318,-0.8107876616764027,0.29420873368224104,-0.6985104247454512,-1.576905157242511,-2.9629647073588052,2
-3.873821194026601,0.298360373462769,0.5628819337525568,-0.9280304389422285,0.045835861962019345,1.25524593481717,0.5787681624547085,-0.9908355652963237,0.678429098677412,-1.438907680365439,-0.29734084784356235,0.11018323917498585,-0.31969436678191365,-0.4383046147230757,-0.832586938260397,-1.2095825425988291,-1.793184253087559,-0.5856533301808792,-2.005889881640949,1.0982621682811762,0.6405131473325751,-0.35500952353978477,-0.9396319774738531,-2.7768349390397606,-0.20104099253832042,-1.4854297586779797,-1.0373726070744695,-3.4791948900250462,0.04225734020394464,-1.9229740485325748,1.7964522142505706,-2.009219045140868,-1.2784958491087863,-1.5144768037458298,-1.0874526780314888,-0.4524599562492872,0.376178581063365,0.11695867427885204,0.005706359265802555,0.6637704063331058,-1.29043322779162,-0.532171467119155,-0.33639190566334415,-0.7720359335967191,-1.1524274186696708,0.403440033456049,0.10191498789953152,1.8100560540818664,1.6124487420913003,-1.3974846325460355,-0.3581337156081049,0.5867129339323847,-2.1274484625560617,-1.216700435749761,-0.9938121905360179,-1.0251274972685862,0.1538228758984265,-0.5843784696300833,-1.7065795906113728,-3.054809789652931,0
1.4409240097521785,0.03133717573851147,2.1048562662069292,-0.8212634535314809,0.055398260456245796,1.6024298406699409,0.8371034692653387,-0.1906280794674513,0.5769356242314507,-1.4778835635439274,-0.3788633663209066,-0.7987180693687987,-0.07721171939395081,-0.5030999370184398,-0.6152780358775005,-1.1835820265759005,-1.556420110547433,-0.4382882277147403,-1.8517085727061149,1.1923642405083232,0.42965111640648346,-0.8557199815687955,-0.7044366090195829,-2.6406122630846163,0.10200954075935748,-1.5492904737355213,-1.0140758078882048,-3.5815485780075487,0.19858542645498992,-2.0274390869425964,1.5790611725548214,-1.8518001020175632,-1.2913874104919034,-1.6086221329445518,-0.8360050120228214,-0.41032966673541615,0.07950409005092376,0.2189850928903651,-0.00506175294349262,0.49523908948253503,-1.110739483909674,-0.3985648417401353,-0.4358588927094478,-0.5598212400654855,-1.181439479075444,0.32948243825204504,0.06555562575980906,1.7595210446014533,1.7421407580335193,-1.674254708726583,-0.15588794408210324,0.6873924482425642,-1.9918578738434132,-1.2756636046179322,-1.1322660691566095,-1.0544293830028282,0.41629677998851006,-0.33910446286949847,-1.4599257287256902,-3.0603389303258144,1
-1.8813249123901832,-0.6919856419693846,1.0695601233268286,-0.7198714074986228,0.16780859086337663,0.9362602076283266,0.5742057148651655,-1.0953296816307385,0.45357660872430705,-1.323520634703227,-0.47998417434821383,-0.5405459188562218,-0.12328520604095825,-0.7928275881925413,-0.6920524716379078,-0.7239331173855079,-1.9488366851411028,-0.6305596352248052,-1.9913425156995337,1.3155071304678716,0.47039237986915916,-0.8084485748017651,-0.6568059315152659,-2.527890899295349,0.006017931135399862,-1.4874968095081371,-1.4326327717961014,-3.316726366881404,0.16300526826766618,-1.9114531861265265,1.6253497360118232,-1.8088309421228188,-1.2533865385990053,-1.6488870717490671,-0.937969172757264,-0.2326390319185385,0.2933689458877138,0.16517566910301834,-0.15566986129635554,0.4887619342636073,-1.3172695053358559,-0.4235003655435105,-0.45511641845086837,-0.7785451849864483,-1.2790081062848562,0.37473048637608664,0.09225906570863436,1.8059096302160602,1.622046818192248,-1.4116463099693384,-0.2262707072715484,0.7453660984515946,-2.028448211729771,-1.2950192514513816,-1.0405793421229375,-0.9562900996399367,0.2248085348299734,-0.46624768176347375,-1.5484065415550852,-3.011672044857796,2
-1.246946107277648,-0.7110106728809917,1.8709756330280292,-0.7701258592718077,0.3455594086591263,1.8865999771057107,1.2693860713131393,-0.5626681523333489,-0.08925009186505434,-0.9846715123654537,-0.787292642584747,-0.47141396347225234,-0.31794242948854007,-0.4553438292417745,-0.38551780222069243,-1.0046778445365498,-1.813525672283902,-0.33463414782885265,-1.8926500498299277,1.2080449005812688,0.37863101761535956,-0.39464480379479583,-0.804908722254298,-2.6790591553815633,-0.15550007805386531,-1.3417483605585026,-1.4120838943675937,-3.278628560385284,0.10542393721224297,-2.218911519487715,1.8204854103191037,-1.8880122145471805,-1.232653259482761,-1.6234853702510692,-0.9426241459934986,-0.533270194138224,0.06818724074987537,-0.03391585459430346,0.017685287906303346,0.4138797282725769,-1.268492520483716,-0.42528485182626946,-0.3766982336643784,-0.611929722007422,-1.2339422500916137,0.30626772638550837,0.04974157452785999,1.8028011208780017,1.8640083437780608,-1.3939599209184914,-0.07442716011220217,0.7026712214218496,-2.011164334840041,-1.4074324046036024,-1.1063068086918786,-0.8552874199058446,0.20648671079024444,-0.5097997072944123,-1.5254091166964168,-3.01054182457595,0
-0.38303635396666924,1.0738235713310953,1.5217997491708528,-1.41716238277647,0.015545919803274397,1.7961489164564721,0.6807731707132837,-0.9515073342990578,0.4921601842202931,-1.8673555026110993,-0.30417895578954945,-0.572776014805696,-0.24862188779533365,-0.6259277545715554,-0.5957443187161892,-0.8762323074294672,-1.7353131671461537,-0.31835101624076123,-2.132443660168587,1.2623058142448236,0.6606623920474691,-0.6770548307461418,-0.734892408168326,-2.9351496259537098,-0.3067694444741066,-1.4228238742493937,-1.4322829233184418,-3.32775644721102,0.1368555376251498,-2.036771438377142,1.6842978224859186,-1.8976645736314144,-1.2829954919092015,-1.9309224053285403,-1.0861969634089828,-0.25362854750208663,0.16035043316886727,0.023824404733869556,-0.15786586582263495,0.8099236621589005,-1.0047334152396217,-0.39789348119388634,-0.25204546884022333,-0.7331258629613031,-1.2241690189716727,0.33011086704068593,-0.09929766774772325,1.6886330421090354,1.6738496164192502,-1.5818275075372092,0.013366073560540565,0.6557790038869197,-2.0586449282443207,-1.2280835591041415,-1.0816532459003516,-0.7079353664573897,0.3121537782074044,-0.5201585125737594,-1.4673868403255679,-2.9335544664146127,0
-1.4020843307921744,-0.03325972678780226,1.1881829308373868,-0.5325449287910408,0.21178849801477234,1.313630233094107,0.9522076869297056,-0.7189379728376488,0.10322504432572184,-1.662438547598483,-0.14081465542589247,-0.4203947846608924,-0.0962948175570083,-0.6101901567997899,-0.49986802490829696,-1.0528813282124838,-1.6641511998248963,-0.553357297525323,-2.0371475105473693,1.1035314401890206,0.00689571425392127,-0.4086159090786232,-0.8627870409329311,-2.5726403612560684,0.024341758617755782,-1.472453552760546,-1.0959573599821377,-3.5388527771382536,0.2527984259286625,-1.8343823391144767,1.7386661231730847,-2.1257910580878674,-1.2229685814494917,-1.8388628498849346,-1.0658568213807789,-0.32302605627449643,0.19957886325277668,0.0451047823762082,-0.032886740584767316,0.46131061598298845,-1.3908458932632168,-0.205727435059548,-0.25834762929322636,-0.8994368230768404,-1.3389451451357968,0.44831351300358746,0.27257802314529656,1.775654629643158,1.9009591080225,-1.4337489366728768,-0.09532707897084092,0.6959651860618579,-2.006303305777064,-1.3522161008081848,-1.156125362921349,-0.7200043441063906,0.38355774006252474,-0.40276703223651483,-1.5640031808662114,-3.058821537328927,0
0.3006126193889047,-0.054449054046856016,0.5386753667021822,-0.8807659441276245,-0.42628880951463005,1.2565803708878616,0.8974461295269163,-0.7894796888307656,0.5462130377141613,-1.4928750995314983,-0.302317444802858,-0.19724768944784749,0.1412782733999821,-0.6474939491574068,-0.9484654349548086,-1.1032361501373888,-1.708671978771516,-0.599837252800297,-2.1185116778848343,0.9900350046899835,0.09183035925872496,-0.2360211504412018,-0.8207216486314698,-2.83272030557212,-0.03817055931609878,-1.3942464890857371,-1.373910366670404,-3.6484476100161647,0.153646974185564,-1.8510239962464108,1.732596103747787,-2.187228252173953,-1.2118142374759602,-1.608111608911479,-1.0632799807609166,-0.30981418372357833,0.25844112298406,-0.016701899636874476,0.1213765965799107,0.6262462093593879,-1.234718217808837,-0.39574178536007937,-0.2717363625605606,-0.7765583867221829,-1.3461187652136084,0.2084698285491801,-0.04735620324962671,1.7586370043415105,1.868771422849116,-1.4049245896123208,0.05439876474878716,0.7248497971368184,-1.9236885286664496,-1.2945483342287263,-1.046576707349742,-1.049208861480664,0.260830270907396,-0.5706591997651564,-1.6468543758836913,-3.0539898406627133,4
0.26828566905733076,-0.25759663772194896,0.8979549344270868,-1.1757430226684564,-0.322048298769782,1.1935793264625536,0.10571124251472441,-0.6658291601645457,0.6233977758576559,-1.069334659995799,-0.06579702613096333,0.04501162268114223,-0.40196339886344234,-0.6193209835339955,-0.31801880022411255,-1.0820349705650523,-1.957449882605047,-0.5325944499886117,-2.2933685710134677,1.272699387246527,0.22242455304763228,-0.8159018096179949,-0.8161729047531118,-2.851207306320389,-0.0936450052026669,-1.381423005501312,-1.4589560173971021,-3.3929327761835473,0.12994073164281866,-1.8602938768678767,1.6679856488692797,-2.1410788526254514,-1.3289303352549868,-1.8142475430476026,-0.883692911171229,-0.43742724984260084,0.1770440417177256,0.025144307798554345,-0.08304144011181788,0.6459522399396235,-1.351365135602259,-0.3430802503605306,-0.20729540897950513,-0.7533709919561269,-1.186688594648081,0.447481032786777,0.08436870067890043,1.8229880180622733,1.7724429780014415,-1.6170513800200375,0.010732924480921308,0.5759582303963289,-2.0518982698850796,-1.210093169721491,-1.219208351797085,-0.9676524516744831,0.1311217004883706,-0.4289837920265252,-1.4978295724086623,-3.01559570040377,2
-1.5288985946231846,0.6900723453806922,0.30966504705821163,-1.4177351046002546,0.11385736178465225,0.5771956140573946,0.48602665991942073,-0.30237780431727235,0.5174284791314266,-1.4800362023366325,-0.5140913724809255,-0.7969514860503756,-0.34651538506068424,-0.5624158019755446,-0.39654098600457716,-0.8587384554161377,-1.5240514577153625,-0.5517487888625824,-2.102952643066786,1.3671812975077489,0.316552517069222,-0.44108335681018557,-0.8070678606303303,-2.8355007528184606,-0.13138179930186566,-1.584868413512479,-1.2513843004895335,-3.2564158926779045,-0.21088282860928553,-1.9134721249241213,1.6816949024756034,-2.114009479552116,-1.235727307382914,-1.750399527850655,-0.8642895965925352,-0.2669267316788385,0.20340923814805162,0.27591727983881986,-0.15421097343099388,0.5755064864693822,-1.3787417553368726,-0.48045179630503454,-0.17989754024497806,-0.7625811311609357,-1.1780861070207802,0.518884136870566,0.10450493051405446,1.6777558237755346,1.8492902618177642,-1.3540068613465333,-0.023319120650838812,0.8745352065495361,-1.853559117505752,-1.2418095361867096,-1.057093320444109,-0.8085618800877911,0.4833255588306419,-0.6252964986535913,-1.5181867377117881,-3.0046583520205314,4
-1.671818688958945,0.09536007947873787,0.691118067543259,-1.7263866789907738,-1.0191134977225897,1.202950094738655,0.456860388645562,-0.9562082410541497,0.2957751554627666,-1.4243209753396415,-0.4993434126525649,-0.38348355594145833,-0.4425273122221275,-0.31471364574771565,-0.6126320359379402,-1.1094126880250779,-2.1066657172131933,-0.5011239522193436,-1.8657678129020312,1.0075870030457381,0.27856292072181915,-0.4182916066725346,-0.6606815579841061,-2.867270409365093,-0.28353809401309216,-1.5119552445419713,-1.282156048851137,-3.2719245376193897,0.33346365809502876,-1.947965990554201,1.8592437670129396,-2.0632453984340384,-1.0645749971421934,-1.6370964914902153,-0.9321215075407612,-0.3360051243117012,0.2117698534103928,0.09487782358234245,-0.27225141572341616,0.8316545876174467,-1.4839819124316032,-0.2650482920121831,-0.6285771084430414,-0.7750641533914007,-1.1697714043892418,0.306746312974242,-0.13705701522690156,1.653732415045881,1.681488243600486,-1.5888712205595705,-0.20106069033027585,0.5822365720974584,-2.1421587454492363,-1.3133730068421583,-1.0674265448627935,-0.9252083323998183,0.2280378933975074,-0.6352641521323829,-1.4370242274288132,-2.9302991430278613,0
-0.3768775980090836,0.21228014199086787,0.8779010941422741,-0.7682145179701366,-0.5205308262092494,1.6157947616662534,0.34001084299874135,-0.8225919427533905,-0.13805147419926228,-1.5258682678133222,0.0031125602365568716,-0.3168253308755534,0.0069177755827722065,-0.14344174175031338,-0.5546155126120862,-1.012380572073323,-2.1781097407383085,-0.45466980469926077,-2.0898599768830644,1.2528627510445207,0.30343485594069275,-0.4145114729129419,-0.8284872989856791,-2.856179858936346,-0.20271812406306555,-1.6936121602995753,-1.197427913488067,-3.4960546724926913,0.28781734860734043,-1.8570868480786105,1.5045400019555137,-2.13457949254434,-1.1458976512845929,-1.7460352550021458,-0.9514581060624958,-0.22169517677221692,0.08538312365717549,0.06859852243534258,0.04076629221067796,0.548938329906952,-1.2510903317568292,-0.3738892387788679,-0.4190563138033214,-0.5135871495677419,-1.1912447281899383,0.3705080066323096,0.060717513734830614,1.8779757779146198,1.7859616878991618,-1.521196311202191,-0.1669141803786744,0.7366962138021368,-2.17052295892628,-1.298819825694296,-1.056100492369678,-0.9765160199725237,0.30685168669838314,-0.42594542140334035,-1.4266427296547797,-3.082152641150993,0
-1.28621529716154,0.7905310109341026,0.3564244347537109,-0.3808072805566519,-0.27606748705376627,1.4165425005663008,0.3852339532706583,-0.4072818306413915,0.8953385637892824,-1.3579873637504627,-0.834362053039922,-0.5708814486130932,-0.04996264993303101,-0.9590704504759008,-0.8586692102907544,-0.8906350636767315,-1.8358618249743384,-0.5621907934024637,-2.0033428750654276,1.21697794583936,0.4261604319902848,-0.5299722686298616,-0.6956604458801728,-2.9269100430297996,-0.13240753600696728,-1.4109943111806742,-1.1455985018234864,-3.681142275880046,0.008923581032342365,-1.7423151120715863,1.7174709533541008,-2.255921702462275,-1.2508286133710642,-1.6828418599807828,-1.00232776368871,-0.305612917681986,0.0799289269943842,0.003693517436854206,-0.12972626579425983,0.5994302698258814,-1.3268033430669397,-0.62966677794548,-0.17633936591513577,-0.690462299476545,-1.1749685989530327,0.47418711865081553,0.23767941674296636,1.5424598744917175,1.776628811030225,-1.5058622069357592,-0.09440166971784472,0.5815885335239559,-1.9096356963661665,-1.3329218388047719,-1.1758913703073108,-0.8857547957857068,0.26026720976061946,-0.4583711173103407,-1.7762863839545342,-2.995408328385333,4
-0.11280613417377178,0.30325689553042556,1.2304034306461071,-0.8045191887887312,-0.3874182299001901,1.3114194655918179,0.6053507383828347,-0.8418333914719937,0.23097401678233556,-1.5531143945512549,-0.7042984898187185,-0.31863166284601385,-0.4336397967517078,-0.9420139186843306,-0.6831146933370399,-1.0775224420847347,-1.7888597339617525,-0.4683568119486143,-2.112021924143769,1.1358808203946156,0.2974592046860298,-0.6090037854987893,-0.6134730659504903,-2.7710223156961424,-0.05710029219134513,-1.2970429608547318,-0.9806903159534813,-3.578484935867237,0.2710261633074545,-1.817012442037986,1.5289622716912366,-2.116812977612555,-1.1851119374669647,-1.6241721747225073,-1.2441043599263673,-0.29556092702572806,-0.021249776743935522,0.02513661916996547,-0.2428736689140926,0.5166215816175784,-1.2503314126061136,-0.533186127809777,-0.2344633785085989,-0.514564221307314,-1.14150634996656,0.2601734656151784,-0.10838800074321162,1.6649457962530505,1.7506400967467866,-1.529737921036482,-0.19081816722489803,0.6794076703135887,-1.9842856921998921,-1.3112746432066735,-1.048179234199339,-0.9779662362132159,0.30463337455985007,-0.7017399455295767,-1.610051485452292,-2.868969006679735,0
1.750137252584524,0.9881607435965516,0.4362989970547977,-1.0249015146008367,-0.5550409353920001,0.9555977250040526,0.8198536252483278,-0.7980528433616293,0.4560366097349277,-1.5239306223239375,-0.2531030443487985,-0.6345654892629206,-0.38572038200212166,-0.87728604013057,-0.7128971689181614,-0.9243616131507466,-1.7249982186108341,-0.7211644172780118,-2.246403134483235,1.3209046492635914,0.3399530025907252,-0.5507045449856173,-0.8305901650545544,-2.64769747395684,0.03444715190957964,-1.2717371734145917,-1.2411150039229764,-3.4783824921950033,0.02786983700057108,-1.7053558686941424,1.6815839558402599,-2.0361816342666175,-1.424601788932526,-1.765668624897459,-0.9771725455871711,-0.380377453346612,0.11296349552431283,0.13022255657666637,-0.13935399413628363,0.6108873014222446,-1.3965792204326752,-0.3348332418359693,-0.324412132164233,-0.8549031223106598,-1.125855751560831,0.3892741150128835,0.03433310078666075,1.7416857160254353,1.7829707018530667,-1.5214599053789852,-0.21426302908682826,0.6249803611382334,-2.0336378108746964,-1.1621803070096657,-1.0331586250273557,-0.9242239229804532,0.49050472951085444,-0.5652438301186811,-1.7285434471770391,-3.0340759001555373,2
-0.51583087894248,-0.031483855405809724,0.8245457615338726,-1.090131505920941,-0.2495891889322416,1.8714198887399762,1.0179005935776781,-0.6705590422173426,0.028577809757411393,-1.6062470054396483,-0.37020239355377305,-1.0734961023078193,-0.5668286046611901,-0.8916643809145031,-0.6328776739644554,-1.000287347879387,-1.7978946635434883,-0.786651087561794,-1.97784790136362,1.3435349532322405,0.3647560188136939,-0.6864760631721004,-0.8042373426640566,-2.511871695126964,-0.22433609432823964,-1.3455869990199547,-1.1484162035497751,-3.287346011993263,0.2205537225797072,-1.760286942737063,1.622769256544392,-2.0737112142132808,-1.2546540554211454,-1.7716000704916872,-1.2146777202630483,-0.44372417439603073,0.2297662779531997,0.05521454381380744,-0.2286116701497403,0.5913424061931,-1.227420580349887,-0.5042407001514034,-0.19781225008128178,-0.6905733098970502,-1.2655974890526174,0.3829791693328179,0.105885438802263,1.8062635838003327,1.7381451199820814,-1.6236366448725985,0.013916076376304098,0.6618689789607691,-1.9903611807333266,-1.3542910008937619,-1.0145632759312186,-0.9347724156417183,0.3107787806296498,-0.6933611249996393,-1.5686310911457886,-3.086579432198513,0
-0.5564140438860471,0.011931293337335225,1.037912229242902,-0.900025699112947,-0.00185586880212508,0.6633192275409533,0.4535277698530322,-1.2798528187505513,-0.0901321100283195,-2.111487118421955,-0.43438918068721066,-0.6063075648245105,0.34945675428468936,-0.828679849104031,-0.6548755159716139,-0.8474905228111642,-2.0228147718938954,-0.8139985977271416,-2.128863456353425,0.9671944079665851,0.47871745389154474,-0.7620242279479317,-1.020497098674705,-2.3987129349972607,-0.16827783442940647,-1.310703549342771,-1.2613422837476227,-3.4811312750668972,-0.12354779693408308,-1.860513032941295,1.5678556196575952,-1.9217534550135602,-1.3534622490987587,-1.7769161130471494,-1.0584919093553067,-0.48465231084139704,0.183916915531848,0.19548557128043081,-0.05877188442329462,0.673794254577006,-1.1688793788067018,-0.5182616452671533,-0.20979002596074298,-0.5899869889727576,-1.2336912223660477,0.342031699652548,0.18450114152648459,1.7560820657802652,1.7303200605026678,-1.371308719856381,-0.131859262115346,0.5363402170817042,-2.137744445526686,-1.5003476875821355,-1.0944173090625327,-0.9267932860457121,0.3034393115449667,-0.5780247780174069,-1.5967346604240404,-2.9203556987509613,0
-0.646441278446789,0.8110417257396323,0.5245733871780137,-0.6170092805613491,-0.08506328254203625,1.7437017999980575,0.5243065798997567,-0.5059445582939333,0.10133936713504967,-1.3664948150422067,-0.34149476652509975,-1.0899718853160252,-0.24031006240496425,-0.9918492780759205,-0.7060360466975448,-0.9159233554030675,-2.213968952705936,-0.613189093005462,-2.2028446943281548,1.3334849076339041,0.3344071355089184,-0.5835550727050136,-1.0664529927177482,-2.5377365836518364,-0.23613404656409315,-1.3973070792463196,-1.2164680622613722,-3.363977040597494,0.08754121672462746,-1.837402135708519,1.4322874199757596,-1.7575626839781415,-0.9643083263034953,-1.7015147430641477,-0.9179160270261605,-0.25623580824277586,-0.12931168336973148,0.09938225939080653,-0.09567911173009265,0.7921513944405816,-1.382454379534396,-0.4686829498823679,-0.2896652625589465,-0.685699750715702,-1.1821737628226159,0.13505774475348584,-0.1659368485258663,1.6316176587641738,1.5894374835312544,-1.4052141789318013,-0.13036572463669796,0.7436924274027061,-2.0605516903688352,-1.186671548866972,-1.0934142276353478,-0.9572124997273421,0.2364937589678601,-0.21741678386384816,-1.6168677984364077,-3.067445501696701,0
-2.043221197881692,-0.35619468029824064,1.0107605384280975,-0.5474529565047099,-0.41617654408278326,1.8639943697126884,0.9021233846143124,-0.15711807147230572,0.3793585135250863,-0.9318191251816543,-0.5352130421588182,-0.6315793356199373,-0.014671711473453558,-0.9608116208560102,-0.4147053466372214,-0.9751928082436929,-1.893520325932976,-0.15746771165989137,-2.0553450541389804,0.9805537596140748,0.321651875397387,-0.5884270126556032,-0.7910034568141074,-2.509045470631562,-0.07511340448434924,-1.7178330126813033,-1.214496443571697,-3.4624503851805963,0.2216047140602549,-1.8260671672984075,1.8449000174482695,-2.1213790714954355,-1.0015046235437133,-1.6359739403665101,-0.8497925538113765,-0.26490060592919784,0.3148051256343736,0.3023831222870066,0.09499011996262904,0.6085602588651948,-1.3676698373531688,-0.4202524970723059,-0.39597430412140255,-0.8711060917062023,-1.1296049324867845,0.4336372126792471,0.059878505933629575,1.838514537939474,1.7827116548429927,-1.283211976116781,-0.024804216381247857,0.606182995235895,-1.98655816023441,-1.2345663286097122,-1.0619866616048697,-0.9626797458232023,0.06309324775097083,-0.4740718207722942,-1.6441421826663118,-2.8787918219087074,0
0.05470922780725085,1.326764192354703,0.8326892290371875,-1.0838799032597033,-0.11468017512701156,0.8680774459579426,1.0443704188875484,-0.7875853056469926,0.10591525875533694,-1.559254155027752,-0.007708238931930789,-0.47080644626625767,-0.28462508505551853,-0.5835580895607269,-0.7601949622633281,-0.9643344295751834,-1.719918672183531,-0.28459050644790296,-1.8452644677836423,1.2763421891092457,0.42300201744831817,-0.6588453478767643,-0.9432525148743484,-2.7240465685537867,-0.09687307186434843,-1.5291815183245148,-1.2479011034091978,-3.666575330847955,-0.0011910743462062445,-1.9502496548077521,1.5612358515245521,-2.0131228936464733,-1.0823726063627743,-1.7881257210083157,-0.9513466759189082,-0.4940961891172013,0.07529201324579762,0.07332736210750651,-0.12358483829562195,0.5435026261988867,-1.4411273608647062,-0.39402588197095606,-0.16532153032265895,-0.7659906199448508,-1.240683890858792,0.430209177227573,0.0033942063424906507,1.8155637098020163,1.7233885117791332,-1.476659430299697,-0.09179551841744896,0.6673310807066654,-1.8848131245272666,-1.2933868711761844,-1.0368549909367941,-0.960580956234879,0.24694513776075194,-0.4680390790024977,-1.5367133524018701,-3.0231173505501348,0
-1.2175498420172413,-0.6288426503756778,0.9099628050528363,-1.7610267656215335,-0.32721079720884505,1.0986087982599935,0.24053696229533333,-1.1024349055904672,0.10940367999692366,-1.2890086291145528,-0.29939267166644695,-0.4897696434937297,-0.16424865107782105,-0.6415168139765139,-0.4884000296927369,-1.1607355516312725,-2.0428860369867667,-0.722455743963148,-2.0718078532772806,1.3194331071661154,0.025285148532556367,-0.573392056440056,-0.8974057150471737,-2.6766458529240458,-0.1408991324666746,-1.5048065870001488,-1.1072436113211377,-3.3987296698600384,0.19233043350631762,-1.8750552182842943,1.5571821941873383,-1.8446346585209665,-1.1895215125168055,-1.849261067128989,-1.041965797195679,-0.27881068524402575,0.11056789176538605,-0.05739446614851865,-0.20244247175105853,0.42378495849873354,-1.3746489888285556,-0.3242170838798113,-0.21777979110588278,-0.8063911827457907,-1.3202441667169997,0.28834543581007605,-0.058990944909263696,1.9647215937665798,1.6303836747559062,-1.5072709918503557,-0.03168499583277659,0.5642549642327493,-2.067733623939569,-1.2034370166141197,-1.1023790215765978,-0.9030816739481153,0.2979849474888006,-0.6311022635905637,-1.5265517517126894,-2.928495046619082,2
-0.8432173841952965,0.523890330177464,0.6523823888404269,-1.1138051913824791,-0.4012304068954755,1.1419104040352388,0.9533969636158721,-0.7771590184265772,0.7251110838206464,-1.8516271299522196,-0.29079928162342755,-0.815896250517055,-0.254657198799305,-0.4340184090115875,-0.6080675630282932,-1.128983167066046,-1.9215362577401836,-0.8365062369868631,-2.062470342971406,1.504551965869847,0.14427046490351503,-0.7423584251893514,-0.9074764178142136,-2.642900304199322,-0.30988042352173417,-1.3149008952038408,-1.211455318402967,-3.621451535884104,0.16613092901876114,-1.81696927643453,1.621800712124412,-1.8823108770139152,-1.365578579632855,-1.6607501557649489,-0.9816645830769246,-0.07583226070904309,0.23899702472954104,0.0658874055653101,-0.04615238249089835,0.5755903006649349,-1.2409435796572117,-0.2608000597525081,-0.3784821934383502,-0.82859343879369,-1.1768684923026524,0.27567313493393764,0.056786527186420875,1.7430315866684836,1.8489417890463893,-1.722667745953513,-0.07117539739489895,0.687677923273124,-2.0225557800965834,-1.371872447529097,-1.0457834104099808,-0.9336016067049162,0.28754288730653826,-0.6248375697632372,-1.5828569964232204,-2.9833526365769303,0
0.7173491362029648,0.06576941686765034,0.6961580118459301,-0.5011694100321897,-0.005011473445708082,1.0482407849458562,0.7519473527685538,-0.44549524780809485,0.3096888806711583,-1.5601718914400544,-0.10360598012234212,-0.5496669801893086,0.06534810604945912,-0.7048044674084275,-0.6907008330243849,-1.3757637635225697,-1.5179759270875397,-0.38017717141890556,-1.8660476548129719,1.326974885115645,0.2531813528103278,-0.7413554226901069,-0.9250214536744079,-2.5449584233148252,-0.24711168061903646,-1.524675075095736,-1.2293832946778227,-3.3155011724872026,0.08070152637375631,-1.8024997743241609,1.7704938978158147,-1.7807741150176835,-1.0977828743328026,-1.6312234407765551,-0.8699693242112981,-0.22470959673937718,0.19077559342789227,-0.0030848550203866065,0.16874330751523015,0.7761083972658118,-1.286577542017083,-0.5268011659318733,-0.27890027852367577,-0.6552574619356095,-1.1740289414907314,0.5937315197195389,0.14750578081339571,1.6984182136433839,1.752705444625393,-1.5856276657893849,-0.06259882444372963,0.6264779919788348,-2.07805376735819,-1.368279506522876,-1.0095692165006271,-0.8392449938601725,0.291513883845847,-0.4963565074966907,-1.551364111358527,-2.9278184027055167,2
-0.15013092885903773,0.16001602081158664,0.7112753923034927,-0.8681552402304443,0.07653627700342286,1.132173126154974,0.7750764374525605,-1.1322270647326436,0.23972464269343274,-1.3561962484976806,-0.5936796161677512,-0.9579250145800375,-0.255739007839759,-0.6227119004942177,-0.818320653363636,-1.4269024829371395,-1.8661914564270743,-0.5962650646494263,-2.2459216281633285,1.2180299280715225,0.46262443009104715,-0.37171455043530144,-0.8114185330340754,-2.7496841858577286,-0.1854420230425057,-1.439659473329934,-1.2376627728830458,-3.5590843295856147,0.27142642239703063,-1.9835618422348724,1.6662741232271037,-1.9944785317838012,-1.1889895778435733,-1.728482968808377,-1.0709322365158689,-0.2728090192494629,0.10520600687240944,0.04427302482393351,-0.10413173124360775,0.48741019120962137,-1.3913500501643628,-0.1939129303216139,-0.39641026594055284,-0.6045430394772893,-1.2495187274174906,0.5221777688261613,0.038918978530304564,1.6825513881447558,1.9891156033977868,-1.484232364678609,-0.09494840765734806,0.5663717135620897,-1.9258165232621267,-1.2277530878913985,-1.0649739491079966,-0.9013573999864144,0.3224672467997329,-0.5492296851346895,-1.5321042145288772,-2.9557225705862358,0
-0.5569014881009982,-0.037822743723422036,1.416508198396164,-1.4757437371038333,-0.35741626825555944,1.5029643937640835,0.8553754143935541,-0.7902186933564626,0.6028579668805325,-1.5472900736530395,-0.29816711965200493,-0.5275766873212259,0.18334545767857013,-0.6379185178549784,-0.8831861813568657,-0.9716344990392031,-1.7490418489770692,-0.5716559527933062,-2.029507893114993,1.392538778988274,0.4522693070904995,-0.6634850425620523,-0.9622394824583044,-2.307364740666716,-0.06921849290424362,-1.4824975731126266,-1.1248044661317695,-3.647212251375231,0.06494875099929995,-1.762689854019476,1.8550926972558117,-2.1152906583700517,-1.1618032824294955,-1.6989658541206383,-1.0136119165715798,-0.4047542527578064,0.34278519837608407,-0.1136104520095488,-0.1827205031930223,0.5230162213089884,-1.3337854177419806,-0.6018465263024935,-0.32095721380683234,-0.8210342508382519,-1.2908244931208728,0.2024119257550482,-0.014531580471832846,1.6492146048139824,1.741015162704958,-1.4625013944474718,-0.16596538215081919,0.689491089100013,-2.0719124236684565,-1.3287266933569752,-0.9352050634214104,-0.8537184317606329,0.25766393468288973,-0.640255535819173,-1.6324949191648628,-3.0365192636765697,0
0.21836141675312037,0.05134744260773258,0.8739212700978897,-1.1716927635034635,0.2885186317184295,0.6604985410848232,0.952753020299864,-0.7659532460509305,0.17994945721992694,-1.4985710313442098,-0.5557180332036424,-0.7120013746943353,-0.23059852039755596,-0.8129764192274578,-0.8573757628922052,-0.7588548769393924,-1.7318227512333724,-0.49961086489106676,-2.0858195243732722,1.0310843904109797,0.38781868574586864,-0.5659638051439877,-0.8187777249191955,-2.46727134337101,-0.37752033784505734,-1.4501624475778803,-1.2677542045518715,-3.5167367308421587,0.423956070021544,-1.9307936381520767,1.68930883570286,-2.1110414507576514,-1.300565394175801,-1.7347682664605835,-0.8771950669374236,-0.2735441831919783,0.0021848008041397693,-0.036877475869047424,-0.1485185851773738,0.7390043424977581,-1.2057443529523164,-0.4193995629577454,-0.35441541140413957,-0.9496585336865077,-1.083829789524271,0.45825307836708506,0.04164362562027713,1.8377174052880467,1.81548392117237,-1.5512704814168976,-0.056138633972560914,0.8152366254734658,-2.150750165087708,-1.3519331066284046,-1.0059199202748215,-0.8692913136148083,0.14723093904161166,-0.5259603436513357,-1.6127562645726405,-3.145533810564958,1
-3.284531569214672,0.1619918305749266,1.730419016876107,-1.2441369509057765,0.22690895218093263,1.3883571985830745,0.7786763044299602,-0.7686808644031282,0.17388558663585774,-1.4484271589263236,-0.3005084006407881,-0.5417817827818356,-0.06905806957684205,-0.983993594724005,-0.642623189131627,-0.8973807833711747,-1.9357880665336236,-0.4996820297587266,-2.1551623484962814,1.7428578298862254,0.48604946761076384,-0.5186835508569158,-1.0316524485817282,-2.436771051672599,-0.4671926195971226,-1.5766159098245582,-1.1559436040730606,-3.307103730713614,0.2761748749856162,-1.9561868365704778,1.6529106840656198,-2.0359963537604706,-1.1188356777568838,-1.7428811383831555,-0.8042933158984894,-0.3621666769161049,0.11394304633787877,0.1299784086682499,-0.22618254635397494,0.710708627060329,-1.507694219188864,-0.3478681248285344,-0.4058845860967012,-0.7606617105054574,-1.4424183098074252,0.34197036866101577,0.24752409219415017,1.740055690837526,1.5708989250583358,-1.4561587822236088,-0.10709828153081175,0.6744816317674707,-1.9788850897389665,-1.4117478520468607,-1.1525051475751884,-0.8344133906660928,0.19831873084662888,-0.4267970858509401,-1.7252721684357866,-2.794433641344083,0
1.0855475823078269,-0.3270659919156145,0.9936340740534332,-1.3499577527179223,0.40814524217976883,0.8885765527929843,0.5488398383244361,-0.4658113287278529,-0.16913373348405275,-1.3510786780461632,-0.32704552989441926,-0.31189967623285714,-0.4474252362359674,-0.4304833852466715,-0.6250599301744788,-0.7344282434644156,-2.0110011359862625,-0.32726931137105036,-2.154506022620613,1.2646484885628781,0.2515036605132345,-0.5792017978810147,-0.8988654788842327,-2.585567295359239,-0.20413374370875878,-1.591792904314114,-0.9962930754918702,-3.1852312328194516,0.12236143226766313,-1.8661680960419633,1.809615411286868,-1.9065038307621924,-1.1143470421439974,-1.6610502353180994,-1.1077829165868438,-0.3888886756182043,0.13886527713074942,-0.06517706222723624,-0.0025544953797418113,0.6461847250001164,-1.4182217432348885,-0.33870497935739013,-0.20121908459298965,-0.5459235478376191,-0.9948901899272768,0.36671138411349574,-0.1585184748466592,1.8718828387225612,1.8013629815681154,-1.4804461450629414,-0.10354495642593788,0.7152981277323808,-1.9184839703866712,-1.3246307481094617,-1.1907908581375055,-0.8192625783084835,0.3728452774323159,-0.5451196606257555,-1.498022392646387,-3.063784797124667,1
0.9882808145753766,0.4438887592727405,1.2579678074283474,-1.8999782787940367,-0.5611151787241045,1.805955729617828,0.9558005312669249,-0.959191665978568,0.2102122048482523,-1.359901365194588,0.06893680156678944,-0.7121544143070546,-0.17899727776645916,-0.6635421845232299,-0.6088943810374045,-0.982883282456849,-1.8259358659708818,-0.45744645809356593,-2.182676164439956,0.9405030985670597,0.2475873495546747,-0.6172920551357152,-0.8672107069720955,-2.74404887701929,-0.46488072254699697,-1.4521502389665186,-1.1830546824178325,-3.3701365902912563,0.45749014224099616,-1.9368307984387692,1.488830003928264,-2.0078033550582823,-1.0306748489712874,-1.7356890813178105,-1.0516850374136577,-0.3876069243960145,0.06895209821705126,0.23530093132504354,-0.3617543455215736,0.5360891799967645,-1.236244401476646,-0.2996887133881584,-0.261762109680124,-0.7956269408280514,-1.2927250310249823,0.16476512491804657,0.021950004212823768,1.7287473528927795,1.7134120542854816,-1.3993788912671699,-0.17445086255895698,0.8291351649790855,-1.9475791522466344,-1.1783097864394614,-1.1181910276645555,-0.8759472956660384,0.25256017160585187,-0.5461545145545948,-1.5273849868800602,-3.023271184391555,1
-0.6459806317687433,0.4978005629500337,0.18729974829620222,-1.4877175934974751,0.455577748423348,1.5844870794376513,0.1762173287971356,-0.7212338220355827,-0.3140749051443932,-1.4598778962044763,-0.42999407786439603,-0.5810955993406541,-0.10264415531313109,-0.49093126505501206,-0.6233232579861592,-1.1391366995687182,-1.8635782597997503,-0.5819570249313972,-1.9745265327173889,1.1253298138939412,0.4595698278817686,-0.5122542132688594,-1.265679677476669,-2.925508813832632,-0.0965857866100677,-1.324066719088907,-1.1454878252953704,-3.477173148792415,0.12351468367949359,-1.9061887529051873,1.7630777984116017,-2.099609822945402,-1.233391494686012,-1.7789325432000047,-0.6470280598684858,-0.30533799403575457,0.3097398258421652,0.1122214127290766,-0.13462358764269944,0.5587168865457466,-1.2703042395196098,-0.3146268074333921,-0.4123160597408525,-0.8103815969106709,-1.0773481649860404,0.26714620111639237,0.08778738698986677,1.7665806049357233,1.8140053002524432,-1.4401633666220248,-0.3015504637441961,0.5429992400188313,-2.0640014532652846,-1.2397590183047,-1.0908575902260726,-0.938088979921597,0.34352825368881085,-0.5583568443695077,-1.6144223991673767,-3.028747413954877,0
-0.8045724453322823,0.4800678529074792,0.7829779864897577,-1.2793195247403188,-0.22469432483141624,1.3828728980199767,0.9950255325015929,-1.4220716510895177,-0.11942779633745709,-1.5898291941717153,-0.20292007959942637,-0.6267181838420508,-0.22144547758024363,-0.8429758663385654,-0.4218710510553281,-1.2924722334717398,-1.7012294707926998,-0.22116196904620816,-2.202034727024991,0.9582867263580894,0.2805186075716347,-1.0480276717884267,-0.8258083992296422,-2.5296115797945067,-0.10881943253069974,-1.400172885495652,-1.2285293409679503,-3.65463194183284,-0.0008905307796351625,-1.9832854795588541,1.736313797131302,-1.9550983184919504,-1.3137597988942116,-1.8324226320925017,-1.2064183721648878,-0.5972872875815747,0.02022167243195619,0.11279176209614881,-0.30777128967636613,0.6978017791868645,-1.5896193100891411,-0.4993536531968981,-0.28551557012116136,-0.7441773523303673,-1.4408604027315806,0.47493391377887517,0.10208238781479864,1.5121080579163362,1.8483109183314346,-1.3927392934634713,-0.1904477199388211,0.7650796720797864,-2.146757638461082,-1.1590736733767264,-1.0939481311086652,-0.7107675215392797,0.15667107301438066,-0.5388358435067275,-1.560909483320139,-3.0436646915096093,0
-3.032841001076174,-0.6178668848855945,-0.013758057601800266,-1.1445887366092518,-0.11111806729770471,1.4893431025295671,0.7063433633337436,-1.286932041858418,0.49043063188684644,-1.5711468396969648,-0.42659992431569516,-0.21291560856294378,-0.4082284068359694,-0.5007939642078388,-0.9705126399832822,-0.7988857377791678,-2.1357261410627393,-0.3819190075612691,-2.068624134483591,1.1590219284151642,-0.09049016097222551,-0.5912048918660202,-1.055107864632501,-2.792123108850009,-0.12124537159962703,-1.6534761420056072,-1.4149539935859128,-3.2647849746080797,0.2319795116491833,-2.165907867331216,1.706604628146969,-1.9939069277356827,-1.233155215667376,-1.7735793361999348,-0.937951502120752,-0.24798863233596086,0.11390361238990568,-0.014355172770537591,-0.2732837985066653,0.8586212093599436,-1.3411796542379528,-0.5581207323761036,-0.2767010871033797,-0.577866589376887,-1.2460495128840803,0.16732430756072614,0.08027598948054931,1.7159812675187085,1.829995749677052,-1.5692347998751917,-0.0057615948378537535,0.8211309972208873,-2.0063620876855732,-1.2094436150260588,-1.1513476259055455,-0.927887652869322,0.06462496546292967,-0.5265716925966827,-1.4158466076766234,-2.924124722298805,0
-1.698670512640878,-0.793972361308165,0.6738008554446185,-1.8226834293671668,-0.06924592257057458,1.191251498778025,1.1692704086336527,-0.8350171772683791,0.003277724448457614,-1.1483399756281512,-0.25001601828115205,-0.4152382355805333,-0.02609534282510126,-0.5217499262860976,-0.6086553417226275,-1.0149946710356892,-1.9069437801722242,-0.43309865342786735,-2.180876191262477,1.172062752890916,0.6049832872331914,-0.7040243564428897,-1.2010324706942286,-2.8593220837063558,-0.04855596925393568,-1.4867132710759297,-1.302686154551978,-3.3141242225469125,0.09061125707702664,-1.7474296628939625,1.5332211705453438,-2.157361837055924,-1.1184985631628668,-1.621582939405856,-1.057729495557875,-0.3450610083846503,0.12311005631564124,0.2176376632239377,-0.16612734336357343,0.5346945686859629,-1.2498049409564291,-0.4517378867315246,-0.14616244394064515,-0.7781577566408026,-1.2736445407491073,0.37940388506369715,0.050718396596087185,1.6398920502202803,1.854632670938888,-1.6198576266258913,-0.09209453286953528,0.8426169398469392,-2.078685452456973,-1.2696532589202143,-1.2507765045325598,-0.8402466623646593,0.31786464170439094,-0.5323381528089431,-1.4447584140553087,-3.004024246551303,2
-0.919117881004591,-0.10095671326547834,1.6697872928448876,-1.0993558583826568,0.2447032732964926,1.2925153675211165,0.9207569989514353,-0.7431511182682632,0.45900503564609335,-1.1901933619258174,-0.038546469950427625,-0.36218800798705486,0.11349630854569959,-0.6950058005605435,-0.49232272303902025,-0.9573589834489519,-1.8244013254250149,-0.7255117452174974,-2.0267728770823137,0.9873547005193529,0.36162406982145906,-0.7050366298709481,-0.8913721795964625,-2.6518044136147148,0.07400633894472125,-1.166338572939533,-1.2450771873724742,-3.0840867695465093,0.14945937075575336,-1.7692874589782657,1.6508801523224121,-2.1511911230251166,-1.0527052190296649,-1.6708142209004435,-0.9879595493345865,-0.2163315823255093,0.18043343811283513,0.11227937801860823,0.0747154757429001,0.6348037466890942,-1.3095111395658274,-0.4537768391418189,-0.24540316187284952,-0.7031884280118536,-1.0885141640955212,0.24253184285963503,-0.0074497897259320905,1.682625366165781,1.5523839414030995,-1.3747601731009018,-0.15474658836878685,0.5957356316680549,-2.062186686270228,-1.2638120486345472,-1.0816322597934938,-0.7486439451583271,0.20464332169434374,-0.42869659451752373,-1.733873161407275,-2.933504240668961,2
-0.7904229136447977,-0.30506479187316593,2.0159873881831953,-1.1456095214167508,0.3574839766334048,1.4701549306523625,0.7734384560949836,-0.5206522403132081,0.17258221893819378,-1.2024573486043246,-0.5504884204656275,-0.6810857224266916,-0.2929441825076461,-0.41606305921576675,-0.3696836148503787,-1.0041512474092142,-1.696556901172422,-0.33234036465262995,-1.9680186585189825,1.1135960569058658,0.37507683976122363,-0.611718403911958,-1.0729072687805452,-2.5140576085300337,-0.5527738978144188,-1.3344921135486347,-1.2575857900884146,-3.4757275784896624,0.25277866872534016,-1.8847200496769074,1.514900467984546,-1.8941987309642403,-1.3870951036324866,-1.7288387596876587,-1.0921702779889508,-0.22353031723482983,-0.05706500308588175,-0.04003602171932952,0.08589578656523023,0.3591925000402932,-1.1142898957274163,-0.28732778244799784,-0.1300188742654141,-0.6292938052858498,-1.271237553921817,0.4310887545217523,-0.0792236552206039,1.8130776329856226,1.9078744178897529,-1.4482715227818042,-0.373235328260546,0.7383723844443141,-2.1321021910967035,-1.1603363696157687,-1.1736688615612936,-0.8174847884281199,0.27538969678489256,-0.37762121977347474,-1.5615171715009961,-2.8436051030217486,4
-0.5131704178876547,0.7566618904272482,0.4935896174021766,-1.9334019001220366,0.358528905740094,0.8319905730176572,0.421085269946061,-0.6570291474085821,0.038123365967207945,-1.6714331803294593,-0.6383195342973014,-0.5723193195014885,0.1195047141089392,-0.17010258513515308,-0.44761210237365195,-1.0727745795015755,-2.01314293619051,-0.6536885048837231,-2.2131334839964256,1.368557120904121,0.16134619654839513,-0.6499214308115533,-0.6575913065617077,-2.833262367658728,-0.196024999782951,-1.6105579536792267,-1.1273587297717504,-3.344455980631376,0.2518148875414963,-2.1273712679605175,1.6903068281398086,-2.1417412291832734,-1.067230494735866,-2.0127375856953655,-1.0552125642060055,-0.3896257995607451,-0.0517294484585612,0.10160876805253188,-0.03674310636660778,0.49390570352329777,-1.3864820947275565,-0.46825502661876467,-0.6100534423356482,-0.8463113134241866,-1.2658213373804164,0.4898738071832436,0.022230121194419084,1.8528499819896216,1.6827889619359122,-1.3771363997901553,0.10438050944304356,0.6419810766124955,-2.0209205638772456,-1.3646483189281509,-1.0256239919318135,-0.9713791277670614,0.13054498111129656,-0.3278076641917729,-1.7428459064782014,-2.983176947898247,0
-0.5705558195630044,-0.6950211860032893,0.8067845484182274,-2.2407015447189416,-0.5440566222410417,1.0191219868162311,0.22231139749120826,-0.6919518597303213,0.1926547553254394,-1.135756467125485,-0.08540531753045866,-0.3397772293670341,-0.21185709802734196,-0.41797018064444125,-0.8694011071187754,-1.0631926428806235,-1.7854964648387777,-0.5053141433943596,-2.131400966967757,1.2654446881617138,0.32793424959560585,-0.33034137153212584,-0.820586971457046,-2.438554008962154,-0.16703800556808068,-1.6325904530403965,-1.296280895412072,-3.4306137138828583,0.2026233291289615,-2.0415085463605003,1.5204028222872423,-1.9989653554338096,-1.1405955436066364,-1.7000426771475752,-0.8608747919109133,-0.42461004181280687,0.0710774317005155,-0.08362542006220844,-0.2733878049781642,0.5294996601964082,-1.5916562438067197,-0.4730835379309524,-0.17600323642041668,-0.9619237553968759,-1.2640515128744814,0.4273679559232523,-0.047674831452432564,1.7999594931976899,1.8476749346357706,-1.6534102680313951,-0.28602039979176236,0.5879606192743349,-1.9974332943246518,-1.257575818673974,-1.1063836217100775,-0.7466267641228383,0.23849459032999376,-0.4419830722962152,-1.5264538551919762,-2.9736378061000885,2
-0.9485271486570792,-0.006417154851588058,1.5429036064532289,-1.1843959054188162,0.6649540223232654,1.1031897933503734,1.1944678614629969,-0.40513641786005133,0.314428978515766,-1.7063205816391096,-0.9398089928563841,-0.8534574547260774,-0.298182646783225,-0.42118585516343554,-0.7695329552741099,-1.3601695172722568,-1.787171361599702,-0.3310968386982389,-1.854229041876088,1.2094620586420899,0.44932672907247273,-0.4213464438651052,-0.7616039118429898,-2.634579967597681,-0.4326544315806874,-1.192868671356643,-1.025025211165928,-3.415441624429617,-0.00819750515181139,-2.2522314918947264,1.6639265650935244,-2.1489486099248056,-1.118527170367713,-1.9298316437017702,-1.066205410582541,-0.38444769128903294,0.1838084356623269,0.06007924045371871,-0.03318857345750205,0.7298147876540098,-1.3239492925264196,-0.38352736805573623,-0.2329404820139767,-0.7705941224441031,-1.2170897586885063,0.3102826686822907,0.054050136806423205,1.5961810382108688,1.8814181496875064,-1.5132387547472452,-0.12808801855434995,0.7552760761786084,-2.072810932506959,-1.2636895359108824,-1.0669766723720528,-0.8400068985818593,0.32930329480436754,-0.5878174929907185,-1.61128989769679,-2.9624342504409187,0
-0.6892369069964741,0.977300230449043,0.03649079563826674,-1.0357298114268603,-0.6250755047650914,0.9595942283881549,0.8833793175056734,-0.8982642147523626,-0.16695166728629118,-1.5507822040317065,-0.12548391633244818,-0.6995397416064725,0.27363517234955537,-0.7187554604267788,-0.6401386514100853,-0.678827885138036,-1.8761619969841623,-0.6562214472731662,-2.1284495774322707,1.1921466736178756,0.2594809254711456,-0.3443302437996041,-0.9215697159116472,-2.65252606970611,-0.37676992727954695,-1.7651699010544073,-1.147468897835467,-3.343604912693144,-0.00603160176613271,-2.097271481919303,1.6524071063416725,-2.2426330249290523,-1.2419693113252102,-1.733834638879495,-1.109509127841063,-0.3258176843374144,0.23860367715068945,0.11012789835425318,-0.11797437869597033,0.6795982026496228,-1.2394878048562505,-0.547379913803044,-0.34550614656753875,-0.8101525350847016,-1.2370869374273612,0.4307747195305428,0.13667760538158313,1.762300459500812,1.8001691450582569,-1.6307598407105452,-0.2842588218606914,0.6411064103509004,-2.0131787956991385,-1.2936731510093415,-1.1433395938690736,-0.857236382822253,0.3211833494009229,-0.6010638368754029,-1.6553846507563954,-2.8707432701909745,0
-0.25366480911684325,0.8047964990132934,1.505676073065667,-1.2162361466935019,-0.026689365658421997,1.197125177145337,0.7812174459018656,-0.4700165040273742,0.13145686933469813,-1.8585855526913948,-0.05271094509247845,-0.37278500636486855,-0.11928978214132044,-0.7271488933969401,-0.4712456163110469,-1.139286972789611,-1.8045883133049485,-0.3858668511062573,-2.0806757823737025,1.0438352458273625,0.003712019303453329,-0.6027653818011048,-0.8790211726487345,-2.5997825387295914,-0.3313215445062443,-1.6510633435239117,-1.1773136889324187,-3.1609302673300084,0.20325746206129303,-2.0727799387255974,1.7003625076552868,-2.0078057049031273,-1.4261945879971296,-1.7562243778988609,-1.0238595141076279,-0.30540773739531546,0.29378620413725187,-0.030275482341186974,-0.11776229026166693,0.6903326973615955,-1.2690711840894813,-0.5334334357366252,-0.23204789834970677,-0.5646132706776176,-1.376352395477115,0.2771479143182155,-0.033541221938619054,1.864848668492202,1.8549460992091265,-1.3560709924172127,-0.1187839707553094,0.7837896031867991,-1.9938324327219672,-1.210667314466148,-1.0823601445202298,-0.9392594840844428,0.28592185764915573,-0.35090323058333905,-1.7218210338859872,-2.9980148158714495,0
0.05838718975604751,0.658203444729764,0.8330184837051577,-1.5892223071264142,-0.43848935075926293,1.173601215301156,0.8918134024638663,-1.0308966631255818,0.14026234440351878,-1.5218799927526556,-0.08645848771351286,-0.7745016334672922,-0.5309904553120652,-0.49781202869969565,-0.6067104367870279,-0.7909964680475139,-1.5865882306507575,-0.4085441874253853,-2.0295494453417073,1.5294761672503212,0.4198050864613636,-0.4098629383064386,-0.9501138908492016,-2.6607869068262318,-0.1523244376988409,-1.776047060619874,-1.3653621499183872,-3.3351904215050125,-0.05471070042424353,-2.0251647050858708,1.582528160954607,-2.1247318754764533,-1.1920280267285084,-1.8549911087700162,-1.171295146662809,-0.21667978722336645,0.28123932154764725,-0.012942970902719578,-0.1609925423497236,0.6588446034547146,-1.1918035372667983,-0.5502723932968105,-0.21581209208705085,-0.8932674326170758,-1.2876008796249352,0.5270080083654546,0.019702922802129614,1.74655508583226,1.5429777231372157,-1.4359267972309468,-0.17127873987375772,0.7368491480732468,-2.0635162994266234,-1.2434184596462845,-1.2381117503117833,-0.7718431646137663,0.2762803580560293,-0.5645506573868292,-1.770369906758191,-3.047196856704105,2
-0.643659366663865,-0.1838884132508128,1.453866488479564,-1.202014722545547,-0.34010824725667566,1.2056361993354172,0.6257636813501744,-0.902545460935568,0.31666342673419456,-1.341608922424359,-0.21980274087558332,-0.08204688155413081,-0.23218437572687578,-0.7170230130314337,-0.4946702184185652,-1.0486693758525996,-1.9253001554381222,-0.6959885475218409,-2.0662710033515697,1.3474550531775475,0.16804154480984138,-0.5571490532956762,-1.0164561051022973,-2.695944759413469,-0.2715116020426669,-1.5539342974539403,-1.302496563314015,-3.5288599525253246,0.2215132773608452,-1.8871700048412696,1.8196816293584526,-2.1241026462207886,-1.103459303716085,-1.7911538440952883,-1.0431067876249465,-0.3584878907732167,0.12549003526200994,0.13836751930655927,-0.09113962444321436,0.5441248766901172,-1.3612992348867412,-0.5341595588154772,-0.4740356502964649,-0.9515661266058888,-1.268052106593653,0.30653859602859235,0.07456476747807513,1.7614285016820759,1.675037366718776,-1.6533864470643342,-0.01785829559601111,0.615134380307554,-2.01085017641823,-1.3185747279023654,-1.076594799103215,-0.9521433282683964,0.265924422131265,-0.40669525085438607,-1.6735970746315936,-3.0019056460873483,0
0.35164799616692943,-0.01699029531684021,1.31309213863222,-1.157828821230592,-0.08494580790077244,1.3499335863573398,1.3791239847363568,-0.24252868272086103,0.25925857761084403,-2.101760049073222,0.10109011380322552,-0.8870107130638223,-0.39611927314061024,-0.2800011789941623,-1.109811522623271,-0.6440303611163655,-1.6965848684270797,-0.7903157772324438,-1.8975840870011422,1.167554289605318,0.537211525602744,-0.597750113248547,-0.6233223174214791,-2.545573728444945,0.1621987104393186,-1.3579685000889892,-1.181392028342787,-3.477615877009873,0.27183702393785436,-1.9945657712768141,1.5444445357447392,-2.0685924192871847,-1.045023629154363,-1.75515081073308,-1.0117194879442624,-0.2822858159571013,0.1714363705511477,0.1452194326366314,-0.1470551798499427,0.7941741463010471,-1.4283020612465178,-0.47778353722858397,-0.03701837384647538,-0.8091062072317555,-1.3484786196644198,0.2872460616594118,0.027690979149869954,1.725928371872833,1.676391774853366,-1.508653439810241,-0.2362315782903124,0.6760939425307906,-1.7917611897161867,-1.509345887906896,-1.2159983651290556,-0.8027417017249304,0.2762201565195057,-0.5314087771888305,-1.6760551573860818,-3.0024009822937825,2
0.18852284879478753,0.4029302776586778,1.534482441992264,-0.5071264824875691,0.2021891753956357,0.9546185954418827,1.264877171238644,-0.8226552275752097,0.3039316599588425,-1.4328629031421467,-0.07825147099525478,-0.818118991202019,-0.31046852631836175,-0.3565340000663589,-0.9230032482141348,-1.0150705891715508,-2.0044498846006573,-0.876437693110341,-2.232456881820269,1.3422381314460285,0.3973974098004753,-0.7480602567932242,-1.1004362765922096,-2.8323738478230664,-0.21593709075003004,-1.2201492050211835,-1.2859918279211766,-3.391401784061677,0.15340534917993692,-1.8305845835258896,1.57551152340984,-1.9678844415441576,-1.186770325840058,-1.6943007309633882,-1.0120159753096598,-0.45936364110487615,0.14300428305061608,-0.14177764147509953,0.0278803017533258,0.6924143935803406,-1.4186744048958717,-0.41672571000849784,-0.47845303636890646,-0.8267725318739665,-1.0868123039200301,0.32806654352666054,-0.012671353504292264,1.820230894515609,1.8830097833193267,-1.640970015008278,-0.14938608471694595,0.6817974340574883,-2.0670588449094556,-1.3114177225004422,-1.0562208050467943,-0.6762360990225904,0.3903084087194662,-0.6340313406340035,-1.73555808030961,-2.857213742380544,2
-0.4000414487622387,0.8135228667488638,0.06883640160263993,-1.2993307685829636,0.16462703340466572,1.4423386796634492,0.45832086232262526,-1.123885903389633,0.3075167023994462,-1.1399612514831372,-0.5641641897335352,-0.46292695333558403,-0.16925729585735935,-0.5523345668154171,-0.6462272696557932,-1.0300723264479736,-1.9687107805413766,-0.5627264790968965,-2.096435466271295,1.3633675554770681,0.3513964838958649,-0.4825795029925126,-0.9448554113111899,-2.723539061726107,0.008924435494281374,-1.281840575122006,-1.3297379285094546,-3.3982910228564007,0.12460532401973468,-1.863291689762976,1.9001642635509226,-2.0376167326421606,-1.1434377821869022,-1.7390372373356064,-1.0539502430771428,-0.17221817540259252,0.19041135803313522,0.12531809175717273,-0.10008338420003092,0.4930275587281616,-1.2795365677138153,-0.45862464818481996,-0.3375349505048229,-0.6956150394537544,-1.1460690812220125,0.37522619183446093,-0.06287117565928146,1.4813272528963977,1.654825462597981,-1.4668507777576019,-0.12272269508224684,0.6426739887517521,-2.0315123410108167,-1.5567862578220573,-1.170246062332181,-1.039158478917647,0.40061059886306066,-0.6159219004146672,-1.5984941500403813,-3.0182881393647403,0
-0.5897519177225399,-0.24544271785242366,1.498587068429325,-1.3117272106369913,-0.4203454150155716,0.8866099563817744,0.41891730591635923,-0.9440538064932055,0.14752384680040243,-1.3784932563559513,-0.6101386080050093,-0.46463609570838993,-0.17773026566209407,-0.9810344635855204,-0.9046881930723771,-0.8897940544175447,-1.861557362687107,-0.7036825315180746,-2.0598114439912982,1.1795733065868106,0.15571139131798334,-0.8150851028875283,-0.8032153399468037,-2.5366804331295314,-0.1512966902694035,-1.3727163392328812,-1.3437450760018317,-3.356410459409938,0.16356328347640925,-1.8460734594175463,1.5784540112060883,-1.9996518094178333,-1.2311723966189378,-1.811283831259884,-1.0898181268146525,-0.3595829969106939,0.2107041766778211,0.19849293435748133,-0.25067019915909294,0.33448225250966257,-1.4239435083218397,-0.4007553787182454,-0.47853357719463036,-0.9044122057941371,-0.9786794276501936,0.33204463140525653,0.09459596737655238,1.7174158908874444,1.9019120733759785,-1.3896539989800287,-0.007300554408501428,0.768395202322295,-1.9869665097648828,-1.2600627122933516,-1.2496909317167253,-0.7951724717505542,0.1273614573207372,-0.42753285662323337,-1.5766913664270887,-2.963316003960728,0
-0.6701517840003891,0.8347564296899328,1.0309827468975903,-1.2779008392601383,-0.9140739481420235,1.3470115303674985,0.41610696044645706,-0.963432531088777,0.13092026614095192,-1.7553222351848645,-0.287119738698011,-0.48801341090807393,0.048268589833388026,-0.4014430770290319,-0.29878374760120846,-1.152205241588217,-1.7872599082934262,-0.2761497005417636,-2.458813002458422,1.202095802304765,0.09159813037451425,-0.6974349292966855,-1.0668344571259663,-2.605355778325452,-0.039790216392563305,-1.381120405586228,-1.2273296151014468,-3.5951635025247723,0.10521148071783121,-1.8630161125985036,1.5139829034809755,-1.993541523366694,-1.2700312922392314,-1.809386748675048,-1.0584896175610792,-0.4489020030826164,0.13840915917094804,-0.02899607321135428,-0.11900572958162481,0.720055223430626,-1.3696421806764691,-0.5680152884350481,-0.21910124033582595,-0.7294160834949684,-1.0899482973310841,0.3329070552674376,0.0866585840476278,1.7504080500681358,1.916816056888711,-1.471131190744184,0.03172450043978939,0.7111634797994008,-1.913192309073618,-1.3117363086231786,-0.9862275615031515,-0.979254506727198,0.1882119478332087,-0.6225538169801219,-1.677658231098701,-3.1349493564913504,0
-0.16252930888582295,0.6542289421012606,2.3434526406432576,-1.4828834583979678,0.09746740749174625,1.131706519968877,1.273140068047393,-0.6718189838114124,0.19522145103496322,-1.7147228475215166,-0.2239281225978319,-0.31494330411212895,-0.2979884992537496,-0.4998290887104875,-0.8977688457138826,-1.0182343591345389,-1.8165451924799751,-0.6175297945881788,-2.181880789710706,1.0985437283565862,0.243405328247382,-0.4146998115634859,-1.083718822485206,-2.754785038424562,-0.01169602938194425,-1.2096832580652843,-1.105023962046346,-3.414385105639048,0.34459389946618435,-1.9894409375047426,1.4149200145680003,-1.8282044013506709,-1.3694737992921648,-1.7906403121344456,-1.1649745588691642,-0.40524123554831454,0.016910732176156268,-0.01878694066905652,0.013554285749476272,0.5521159981755419,-0.9916303480214179,-0.36901291912793327,-0.20886702356217995,-0.7067046558060182,-1.328262233261222,0.5018539137595216,-0.11497838801417504,1.7403196820490858,1.6270403805213474,-1.4875210778083954,-0.16200450265835503,0.8300689607334413,-2.1799608978615015,-1.232448664204045,-1.0241546112094824,-0.9136359997937062,0.38561558131424634,-0.6801882384871885,-1.6103605785502786,-3.041405586932595,0
-0.7810602063756072,-1.3811620466441736,1.3867205111138583,-1.7493339244739001,0.8861272591295927,1.514143399626917,1.2096499279600477,-0.735811729168779,0.3714398858090316,-1.7255348575733602,-0.30593157092192036,-0.5590935424187697,-0.7158807982531232,-0.7519095276375483,-0.7071921043625774,-0.9952671432647064,-1.826348287214524,-0.49932927977723063,-2.149789761663395,1.267688497137261,0.43494973757965105,-0.6420945145168,-0.539885732902325,-2.79257088842809,-0.16585948513498164,-1.3520910785463423,-1.056209149499044,-3.4929099414308946,0.1793509859516144,-1.8727176844643236,1.680726174123832,-1.908321056477994,-1.383874532925303,-1.8859868114986407,-1.032907318837264,-0.3901352310547619,0.026995959789725965,0.02831155384690022,-0.08065210716236834,0.4690240554169667,-1.3133664454892033,-0.7751436792174651,-0.17817476009850966,-0.7789362675481997,-1.2476385537259576,0.42501522117488116,0.032982135138104635,1.6850035390164324,1.6226772012735586,-1.152144143120173,-0.14833811627128402,0.7028257143281319,-1.956587517067243,-1.2931178483739594,-1.0838196333450723,-0.8522120432898029,0.2592518511765755,-0.5655659896803567,-1.5489945536324083,-2.9319966779748996,2
-0.587361245195523,-0.2586898569075675,0.3453084167335684,-0.2885030608774688,0.005550971945472778,1.2115228573235968,0.38987526175744636,-0.677608559777369,0.40147558696714813,-1.621922055622017,-0.36760640650500576,-0.1295259061019154,-0.21297278624369512,-0.8654485668047666,-0.9735542571052631,-1.0046054160118059,-1.7929904144389115,-0.8832557224899826,-2.0416952921819633,1.1309418856404565,0.5724952698101624,-0.6808639757638557,-0.5669681496371961,-2.252044777444456,-0.33455441312272305,-1.2578396302618586,-1.2389456670924317,-3.3555586869673046,0.24991134877640267,-2.140002760804835,1.6979913787439087,-2.0891035043644988,-1.2051685398427219,-1.81862296797898,-0.9500773328778966,-0.2910778360893783,0.09178698461316895,0.01936522702895284,-0.09001390424787284,0.5043031923658816,-1.2763182504915014,-0.46926571974759457,-0.22765609720124408,-0.7524572241479213,-1.4536413486394015,0.3177390701085438,0.07555031784730235,1.6110365874928785,1.9123778501815627,-1.6520952844500059,-0.10267341822517753,0.753309576018862,-2.140055672255758,-1.2667515687952897,-1.0988922815131221,-0.8225228074154028,0.33519799700002906,-0.437974931836113,-1.6253810728093179,-2.9452159704751693,2
-2.075620012047747,1.283339878478821,1.5776594676486497,-1.4712331742524554,-0.5975700140457365,1.1170912019614085,0.5523343176642217,-0.8551609698039755,0.08670414297418949,-1.9667789019284803,-0.30617553592533586,-0.22521836625920044,-0.11068632635147496,-0.2924732595095892,-0.5743577002115459,-1.3077388276582198,-2.1019095150472387,-0.8118500825685515,-2.0509868450175093,1.1473557927556788,0.2905527521811124,-0.23228258717430272,-0.7544430730145311,-2.800483411576393,-0.037000874423462254,-1.3960195529965085,-1.202661666403796,-3.313951052740962,0.38778632725593054,-2.0140057245320135,1.6785439267683124,-2.1219564200185,-1.5538467767653308,-1.8854479702694282,-0.9859422803876128,-0.3896711052529698,0.04095389833485162,-0.03318568601385692,-0.051907709175923605,0.5775230804126776,-0.9920249251720186,-0.5351238939538864,-0.02765889012005135,-0.7053647962959202,-1.1053345603770528,0.37759201585829905,0.04990031980293221,1.8144717258323628,1.662718375775824,-1.4211102118767858,-0.18161107733649712,0.579781987140793,-2.0858715962313004,-1.306978326088961,-1.044576781764457,-0.7751440524312816,0.3018597370186601,-0.5135399191750678,-1.6574396272848801,-2.9391730998465917,0
-0.3708165177527192,0.4281552293986564,1.1715005639003957,-1.237731017338382,1.0261638024426958,0.9291509585194777,0.5303249592932466,-1.1980526702143635,0.11072540492547582,-1.6193668962328027,-0.7257029901498633,-0.827182243718648,-0.3251825291156542,-0.40367441057131914,-0.37931761055505214,-1.258820510509379,-2.0169857992320557,-0.717550994931737,-2.209084805651823,1.2856406563456084,0.2929968227749585,-0.5264064546686537,-0.9639383241422511,-2.4419712439316044,-0.3607207388626211,-1.3814562345447432,-1.0864955814096655,-3.529572930092231,0.17629915709772234,-2.0840444568731358,1.650277242601086,-2.059150542896804,-1.3507060534194724,-1.7943429059484994,-0.8908946944351942,-0.25413134830468204,0.18441205467558708,0.2766616578521994,-0.017851931739096036,0.4977834411804075,-1.4139297138412243,-0.4906368562082488,-0.23417158649880787,-0.8772697344177398,-1.1626074305479952,0.46991381265844523,0.05932953664591323,1.945876738132153,1.6387377652898292,-1.426491407441945,-0.2657719042071647,0.7887927405039467,-2.0732871717893695,-1.3292744591672174,-0.8826480069734841,-0.9401687195817989,0.4740339647880758,-0.4275982994885754,-1.4472462038435578,-2.8731850731821194,0
-1.8196906602167862,1.526573595303765,0.5419601349970224,-0.9556907545255606,-0.25387642777755115,1.8376860308249805,0.6128359482501861,-0.6208833458709853,0.32343104542540657,-1.59734527213031,-0.11868253087137862,-0.7607885628273446,0.001974069088799907,-0.7365930772651967,-0.5660348386525292,-1.212598506305424,-1.461602239683646,-0.6247363672467319,-1.9433024655056619,0.9145639328374386,0.6093205358322911,-0.3922446294799804,-0.8512902418011418,-3.0081889088178637,-0.385123866895951,-1.3416845910855315,-1.0683328581630578,-3.24806253830488,0.3693251192580429,-2.3440903209650727,1.773652364748123,-2.0055204480696256,-1.2127270375957793,-1.5227859449282835,-0.9263554757812165,-0.2581552299157055,-0.01935739214574969,-0.02323919522418548,-0.11506559517109272,0.47850806619037245,-1.2827533115393042,-0.33611094509045,-0.256071161231801,-0.7235017218275805,-1.2375820958291126,0.33056296933352997,-0.12326290156022829,1.728847767143341,1.7428723400758805,-1.4291016574204811,-0.2638019649727619,0.632705036792111,-2.1361365507558827,-1.433265195640404,-1.099472947256458,-0.8823397011679462,0.4044748148839914,-0.5393402436831832,-1.5509725037494693,-3.025521177429834,4
-0.8425144323042038,0.5339644260914713,1.690302027298392,-1.7535394821477426,0.36971577105103254,1.5650186688588086,0.7291827561012014,-1.2255085850291925,-0.01715640179659661,-1.371129991475725,-0.3401975026793962,-0.447453094639451,-0.17451999116563646,-0.49492977085178,-0.6191264444319544,-1.2196473104417305,-1.9657576604908502,-0.38717908680969304,-2.471713191078126,1.113645267625938,0.6464056927598667,-0.42117740224985056,-0.5173421322090977,-2.5352165241467493,-0.257214374667463,-1.5038181740488135,-0.932881403134145,-3.5031854133033766,0.20934121363703334,-1.8805118705658947,1.689260756667541,-1.9990240051528345,-1.2443938560027255,-1.7663777761291448,-0.978838762186284,-0.6372059044883926,0.16031749067966689,0.14242757375672094,-0.22866378774357804,0.5937490412201825,-1.4442221536769044,-0.3767457958030108,-0.48048146086314386,-0.8197076413163088,-1.2230523840837797,0.4620207965330908,0.3359021698454646,1.7139861364980276,1.8473624256823244,-1.3483780473136555,-0.063019834596661,0.6560446757982448,-1.9391975314918004,-1.3018981259272895,-1.1462732405932234,-0.9519788661843441,0.16008491893248006,-0.473759445391151,-1.6480388038663956,-2.961709499980073,0
-1.1365114495968114,1.5546483511051847,2.3543595733676,-1.204732380161545,0.3288574082700139,0.8532425005074827,0.1934242435238308,-1.3618511525558712,0.533258043980825,-1.3614433685949794,-0.4839608004281562,-0.16649752704657578,-0.31869157428266115,-0.6637952270091853,-0.5099962580250673,-1.1631852397718971,-1.8704102997654712,-0.38438844357721347,-2.142732682175292,1.2018490669730553,0.5332019857651179,-0.5854641667258632,-0.8850089368339724,-2.9193416856241154,-0.1402559294343032,-1.464147561688884,-1.3601800483572521,-3.485391215158284,0.09918089220383221,-2.3368118420374393,1.643816653543355,-1.9803674731065355,-1.3417309318271742,-1.8408687845467406,-0.8959514370252288,-0.020852965342384677,0.17820011169788763,0.0369497560765698,-0.0353618283316689,0.7040037588992791,-1.2361763461004265,-0.49239729537965565,-0.2290845230715089,-0.7641874632827318,-1.2072076427551177,0.5265116533946365,-0.06654929113631763,1.9610242318440885,1.860784104193794,-1.551207104526056,-0.16828331395680785,0.6560742645418803,-1.9254790401954327,-1.2335137457469767,-1.2148207531247963,-0.779773682094893,0.3290204766170567,-0.5320528245418784,-1.7010601238888852,-2.9027186946315258,0
0.9812682846473405,-0.38429167936306907,0.07369095967541661,-1.2054333032784008,0.13777035782965966,1.2296986455002084,0.5299724691719552,-0.8493701632128436,0.5764806418011333,-1.529118194775682,-0.4261107126807865,-0.8527974658372721,-0.6383294447033405,-0.4595309614556987,-0.6416402929868236,-0.8620675145411022,-1.9177064294764359,-0.3034646326312652,-2.2533366795190126,1.3675228016909404,0.2123088929870901,-0.3490037723501431,-0.7247106911414377,-2.80777252501748,-0.0761872583744807,-1.096342717468677,-1.0129003090457398,-3.2818580390829397,0.0988185736307457,-1.876627573988415,1.3393744535180865,-1.8944019896132165,-1.4688272524502874,-1.6688952677014746,-0.9259638255815714,-0.613896476602724,0.08967562631428044,0.2708730233470928,-0.012387776148801724,0.444244011878284,-1.3382804505542414,-0.28446954280729164,-0.629244265497773,-0.9585999663450271,-1.143675556082637,0.41833384470048773,0.22407578793616503,1.6965854700076584,1.703860744171016,-1.3298047961909651,-0.05794820159287674,0.7763270732965701,-2.001846791657178,-1.3223184895316593,-1.1427188942226945,-0.7440498051324862,0.34424783192619707,-0.32912474141670567,-1.4988366434953904,-3.2001086477874408,2
-0.9760440968780376,-1.2728466253594881,1.0506532095004926,-0.5823404888859612,0.35641013894473456,1.450089498580586,0.9901283735025543,-0.8777368573358476,0.2714824493566167,-1.81347930968134,-0.5997796611299676,-0.28077684355701604,-0.24454150357873572,-0.40404465880665247,-0.2863414778605333,-0.9908720993453987,-1.8483628922437112,-0.1834067134582002,-1.93790509380984,1.4570580009406922,0.6502177283669479,-0.8470242191778973,-0.6925138621644378,-2.5911935354112874,0.1045847212686074,-1.4890536861079204,-1.161861212313837,-3.4599910511159484,0.031894364449822965,-1.731593315083457,1.6428665437222618,-1.7904439819332096,-1.2097444324570144,-1.9413270208296691,-0.8403639483034226,-0.5300676324420789,0.2083138503385151,0.15795076942575137,0.18780854327728458,0.634178213079469,-1.3550881306498943,-0.5418190726486415,-0.2401363644524572,-0.8266683065255721,-1.1252353223204348,0.49473507091137525,0.03923133284187125,1.7303505319108776,1.6095549841910515,-1.487060991039569,-0.15485425964072297,0.7122330469662388,-2.1557417445913107,-1.2088376488047314,-1.0861204527805326,-0.8143231353262268,0.33525820948353263,-0.4229685518992471,-1.4109657732517915,-3.080028358593849,2
-0.7941856147859916,0.9534915314564462,1.0248173789716215,-1.2170891517923217,0.430982510872485,1.1004157988768668,0.13689213344099305,-0.6573253240137911,0.37377848383884815,-1.836636425893629,-0.12604778673103673,-0.5121136971859062,-0.04576725065215828,-0.30997710554755464,-0.8896146016476241,-0.5449274973875586,-1.9244773837533253,-0.9559672993581622,-2.1956895127742,1.4146422841818018,0.04022186371871145,-0.6174366581143137,-0.7672526902008553,-2.8588421213187587,-0.2312760169264378,-1.4391673153957285,-1.0962839668329774,-3.397886500209351,0.03036025606154863,-2.011537059124642,1.6268044935507766,-1.9810823680897387,-1.2475218219491846,-1.740410972895466,-1.0982117782359202,-0.2416076678459843,0.06631830478788601,0.19694018310096717,-0.08549787454379738,0.5340209572520355,-1.2485281182661183,-0.25423325054794177,-0.012500217894373722,-0.5948154796633309,-1.183194802267382,0.2825248617400758,0.15255399985017243,1.8786343253039082,1.7059262393740555,-1.6842041009607205,-0.0840386364903283,0.7559248983507553,-2.092468917381496,-1.2431560074171488,-1.00946260514437,-0.8690263149089322,0.3006374782676922,-0.44745048002687626,-1.4655271866771626,-2.923340623355927,0
-1.4948008202632557,1.1263394280692216,1.2520469248093133,-1.4016195612506228,0.5959666445374505,1.6377122977549452,0.8955696091162048,-0.9148970733775063,0.3960112050558998,-2.134806004070205,-0.6385773798425778,-0.3636734868123854,0.2383845011474257,-0.6718794020908255,-0.5514671368297648,-0.7741915606282962,-1.6821781847579067,-0.5141912372938474,-2.0723029779842506,1.2636618857216964,0.3430381278841614,-0.6451408948942399,-0.8799236484817147,-2.8699623362577094,-0.17825457303572229,-1.4491550040639865,-1.185002891414755,-3.4112944697011387,0.04889565397726128,-1.9536684885238897,1.5776533544179177,-1.8641385009791658,-1.0804736133932855,-1.5173027430304702,-0.8475630716556444,-0.365270310665311,0.15641779458134353,-0.012253302462863894,0.04256305003610525,0.6552731122844341,-1.3069433047038552,-0.2831813343972172,-0.25074673407743764,-0.8609428133429123,-1.3127958818452257,0.28044616647599463,0.2200811717583739,1.818813704731244,1.8376339097268548,-1.5361426934642075,-0.19980109590268721,0.5168199063189591,-1.9180622024252596,-1.3228814558330304,-1.0464483528438786,-0.8712854808189421,0.06244010909791142,-0.5170887227302167,-1.5574570098443339,-2.956714022984665,0
2.419178394130438,-0.08137463554946517,1.5308283233626296,-0.48163520437762797,-0.38356475364680515,1.64687080982838,0.5213932669793573,-0.7921593865847768,-0.005238853985098907,-1.2952494633420475,-0.27494925660607067,-0.8157312204293719,0.3101464538926122,-0.37644946661357326,-0.9031684474487719,-0.9431109368823818,-1.976794608004985,-0.502674998462801,-2.2942870736488876,1.2099665695821187,0.372804417630061,-0.5138228132290117,-0.8463808664984426,-2.613879543709693,-0.050896316832830996,-1.4385045598614363,-0.9037903186351667,-3.567921201000856,0.2108623459295915,-1.8605105342620418,1.6557441885569613,-1.6982198390537149,-1.132314593533703,-1.8681178044362132,-1.0639181515892135,-0.09695881152591507,0.08245581740417873,0.1475941867229566,-0.1625739362789384,0.6773835812386253,-1.2223760779752937,-0.32048551291864696,-0.2911787584608144,-0.7039721882101394,-1.2462570639234491,0.4115081638368155,-0.005823229396185917,1.6490956533383196,1.7629730780078254,-1.4843192983167308,-0.19922064669285422,0.6157566015122826,-2.008463811264738,-1.327821506925072,-0.9493325621924771,-0.74945823479969,0.30373089658500557,-0.4208898585769879,-1.5630549131085643,-2.938977271889042,1
-1.1988971858522515,-0.25447677939570135,0.9413853987673991,-1.1754735523634698,0.1331966507224241,1.4215446131472915,1.0962562761061283,-0.5432162723631337,0.7331052769111241,-1.884852949455713,-0.4219625212025748,-0.3166804522866786,0.014920855964296487,-0.5141911799909689,-0.9000512610798458,-0.9432113099308594,-1.9616195716721854,-0.6579576632402909,-2.1230874063385285,1.6441574229286815,0.13074750217262526,-0.5493843060535485,-1.1759707281384641,-2.7136726932778688,-0.3932657393729687,-1.315599346970929,-1.179898409584585,-3.311956446173959,0.292913576401568,-1.8401819913645903,1.6142608633513829,-2.068533484916237,-1.2360717581540068,-1.9674311999359444,-1.008672356220481,-0.1662473155966414,0.021764764585988486,0.026111829381917508,-0.13134416670849608,0.2382436956299563,-1.4328142529077357,-0.6121891360789803,-0.3099014239333231,-0.5881168243369158,-1.1204337777276954,0.48716658235757093,0.026308247854438322,1.5793215710710837,1.703651844979719,-1.5780828849627706,-0.06946739661469416,0.7957791414662156,-2.120325909255064,-1.1954519374808161,-1.1053170727891635,-0.8165787991958068,0.26648922863940366,-0.6524943917184928,-1.5165305313040112,-3.013644406993746,4
-1.3161399453057192,0.20309057930199162,-0.5664180026338408,-0.6821682933918349,-0.48056800283633505,1.2759321880874563,0.6156996780971192,-0.8277468459111701,0.40154457816960376,-1.3777476507239037,-0.34457325421268586,-0.9124398826851667,-0.11784630789198926,-0.7904294689353846,-0.7347664746036362,-0.6394301254893909,-1.9410969776258011,-0.7733475586018477,-2.193040793271842,1.2897573374047278,0.3146414145680557,-0.5849536673812328,-0.7524460808937772,-2.470701409665251,-0.01196284758802088,-1.572972153864796,-1.3692618893330761,-3.5390081551025907,0.19552584277624924,-2.0744072879278748,1.3867169175969791,-1.836987006637862,-0.9269258592517824,-1.8849303523230663,-1.064699826584049,-0.42242194591666943,0.20277171575014946,-0.025962030771876435,-0.3521807027871054,0.5294216125541958,-1.5052557724637283,-0.3220381795485056,-0.4016627666269679,-0.6381126472054675,-1.278756753448113,0.28815534560034095,-0.03351051680377595,1.8649083541109786,1.793419945899453,-1.5263977427106625,-0.06660603079552549,0.8545882004931802,-2.053979415993138,-1.1683835391982167,-1.0475958449355787,-0.7827032483692287,0.22552327373923628,-0.5792922670117311,-1.5309828884835825,-2.890865161218627,4
0.6339166540793862,0.2777725310797989,0.49567704732496765,-0.05929539187287314,-0.34595447370453997,1.5373792372556419,0.41911968505772335,-0.9744423815842298,-0.17822097477650878,-1.7690199220748455,-0.5915400638672845,-0.6297306541053224,-0.22897512593388994,-0.6930635984162703,-0.6099820583737043,-0.7469001201977215,-1.614555872259664,-0.5937799947694383,-2.2894122522367932,1.3920698844342834,0.29024092640879184,-0.9011477160906873,-0.6771151009148928,-2.552426434879545,-0.3039306180741802,-1.8042130539694037,-1.0944126284205689,-3.438403798186437,-0.08453426551669138,-2.1092763271598702,1.6076041870307496,-2.1003828933764552,-1.3172015857713597,-1.7274202723342038,-1.0656724991607887,-0.4133455276437009,0.15199976667952425,0.05400052826485608,-0.24790973138039338,0.6958125076851792,-1.3848600942322236,-0.3092621177614655,-0.10921140610160332,-0.6616624504393063,-1.2310864233779582,0.34242863901724685,0.12000258574682035,1.7398489998603406,1.6213106572433698,-1.5982301804240495,-0.11021656152952042,0.7013292420908618,-1.996999754217489,-1.3189338114173301,-1.0050136669722387,-0.890359087441714,0.22031065229733449,-0.540045377706987,-1.5300846158029937,-2.7727150990944667,0
0.5081475549701994,1.20402982681295,1.1010872548403878,-1.8468066931339773,-0.5375453728631507,1.640958260266166,0.28435617401031454,-0.6560449424186893,0.16172306900597494,-1.1863373569741176,0.27307571786695994,-0.2661862866725483,0.10851060923104994,-0.42172244549409055,-0.6777778465826676,-0.9459096316546328,-2.3014938269524454,-0.32137301573220356,-1.9600292932225831,1.294071704964745,0.3500516346536359,-0.593028324906017,-0.8125629538131331,-2.703294543194728,-0.22872051016880224,-1.267493653524559,-1.24599004286985,-3.646232482838717,-0.10364487794466165,-2.134274929682985,1.547828459186941,-2.0637207913763893,-0.9986943436063762,-1.9462889735299032,-1.2407997859430266,-0.36275771912928173,0.1029926802821482,0.23336068497628087,-0.03695060703637423,0.704880415991701,-1.2200219168030348,-0.3168681901522838,-0.2552171323694043,-0.6766572921783788,-1.1857704066014565,0.17456207420592168,-0.024735371719493776,1.5853443384851957,1.7775571043262424,-1.5768091633441381,-0.16543164190333987,0.7384429129818706,-2.0522447420823493,-1.2346278838276896,-1.0850653080933288,-0.808748440339863,0.2580834187950628,-0.5337862056557708,-1.5212237435158593,-3.077512406283983,0
0.20032032905272934,0.2720723159997479,1.7822692664442634,-0.917546257873037,0.8121479164316293,1.031690984940214,0.01846068502268383,-0.8507054749044693,0.17188528981078505,-1.9040110213130093,-0.24115405818267716,-0.2579806902473791,-0.5160070167450734,-0.444495272058652,-0.714072839066367,-0.9842218104083169,-1.9924716347541689,-0.3437968215334473,-2.132830080399945,1.1849467881638651,0.14503088815242962,-0.4300672967901414,-0.9471610841291083,-2.7429170421677256,-0.2411832639496295,-1.4913372729508845,-1.4479297029834437,-3.521393742845414,-0.07427018986662517,-2.0188695879956464,1.4942550036812527,-1.8733438497569348,-1.048050972623649,-1.6179566165000154,-1.0883359342633696,-0.38990279947271833,0.1420947793515778,0.09857062398594951,-0.050137039794946624,0.37779804360485314,-1.2731578597862787,-0.3496277710607685,-0.11751157524021913,-0.7471860068813265,-1.2366403959577734,0.31341676568777815,0.12545058036173487,1.7471115486030744,1.8907513062324204,-1.4242812190023788,-0.10352519788965558,0.5308748887290059,-2.0133756313310065,-1.2513264984384693,-1.1119360856271892,-0.7062564177088274,0.28016640286582517,-0.6107781222140454,-1.5890407818317418,-2.9468357521715243,0
0.30877182733652553,0.5953019622385742,0.8526227387387063,-0.908200028168209,0.30974185935718557,1.8126709707790756,0.65323149465577,-1.42036740208164,-0.025334071302939604,-1.372628997781364,-0.22785420780002166,-0.42807176080236087,-0.396533139304878,-0.5304790513387049,-0.585485750920221,-0.8812436354188442,-2.0987330832109525,-0.6190397353296111,-2.12743767058186,0.988598493487844,0.0415086261967717,-0.6117334893617498,-1.0005890885810347,-2.5696349150362683,-0.07357990500332742,-1.5068550326373031,-0.9599171196709946,-3.6552566196616296,0.08119051368230068,-2.0069645752793943,1.5251031995668647,-1.8919200873743576,-1.1319668662917663,-1.9221438509937152,-0.9796130894487759,-0.2649161763089083,0.24468991868657594,0.036036843594168616,-0.003670356032013669,0.6701881226388072,-1.449858567019083,-0.3555651747677102,-0.524100137687449,-0.7535153974706984,-1.176345851310935,0.2882426262864037,-0.188539911005214,1.6410588912617372,1.9100333272860954,-1.528797333303097,-0.14352241511152505,0.7061623021073176,-1.91778924112252,-1.3072478864839048,-1.037139934822147,-0.7485766120972052,0.2200344747541163,-0.5172646037300707,-1.6086589835972542,-3.023731767933458,0
0.6804280948319327,-0.014567209559295358,1.3656071530351401,-1.2914827958044564,0.07235839760116368,1.8149467853173995,1.1389129172909374,-0.7818958434500561,0.21735646645758772,-1.7090545953493421,-0.2505065447462352,-0.35942110544903827,-0.35525807100037204,-0.4375658537823234,-0.6941359362077628,-1.1376428977684343,-1.7148310409827991,-0.5896996916165294,-1.9525452605092553,1.140353883477359,0.1872356253375744,-0.806020249318791,-0.528737870054754,-2.6887799977626443,-0.12604964370132316,-1.559913234871595,-1.0407092526113169,-3.634134994975162,0.0853951581860924,-1.7825960698516239,1.702209169635926,-1.9420150388786863,-1.2219575988394014,-1.671105185002188,-0.9273901094223705,-0.3167739318729838,0.09420628161003684,0.04068519945606283,-0.023184698093853248,0.5249719663508667,-1.3851778046747005,-0.385686008908723,-0.2738432090103367,-0.5044474095383615,-1.3843044325018916,0.4084575908981969,-0.05281283386250582,1.7377119073926988,1.667238483831815,-1.5797545014740955,0.02288511181377023,0.9239316943841573,-1.900538943056699,-1.280939427406018,-0.9243962015307741,-0.9826942164277614,0.22792161352783213,-0.6338015981381137,-1.6072031853814117,-2.731332072202112,0
-1.525131901775608,0.45444717750411723,1.528460556965177,-0.762010595748476,-0.08577288547186566,1.179022697293764,0.8376470683729156,-1.066754780228148,0.19980755587803292,-1.3250612868209122,-0.23312647809186451,-0.43767315807562124,0.22557307192326742,-0.37307758444244865,-0.6040092489235914,-0.7540861364731264,-2.091060035438791,-0.25699636400722514,-2.3132813980725833,1.5821174335385932,0.20279584674804468,-0.5263475038720659,-0.7380560867567986,-2.665988062297922,-0.21415343704118142,-1.3394833493779623,-1.3095555098453247,-3.6107008650975776,0.10473606477174367,-2.1945110717378986,1.5244075526384848,-1.9642634900813951,-1.4307849675508753,-1.8252437481165944,-0.9303029391426566,-0.49629974656481457,0.31707677989343264,0.03981974718051981,-0.021525694157554218,0.6206926621553128,-1.335154792194261,-0.4764831521802071,0.00990084792424234,-0.787982518627711,-1.0932402885384975,0.5030214073829029,0.1213373572227221,1.6370618541064703,1.750505247057496,-1.4164078633282888,-0.26676891773202865,0.493327903092621,-1.9335600584500234,-1.5264765899217376,-1.083829459910005,-0.873328554352158,0.3121213830132965,-0.5520097789554924,-1.6023118163977688,-3.019069235073194,0
-0.4228932578321248,1.0909239592038935,1.1592595758081177,-1.3537076840858233,-0.3547634108200591,0.5621654059712694,0.8157396391002875,-0.43743249079621177,0.18509588734069574,-1.5580407684558464,0.09323052444378777,-0.5944746372404218,-0.10349795510881774,-0.5754431307635193,-0.8586777482780732,-1.0833773564233355,-1.6899786307352218,-0.5593602269620185,-2.216610283431705,1.3888934183453037,0.4478649031270928,-0.12730430952603072,-1.0002480800481788,-2.6743919303180492,-0.14491943646478944,-1.600390091696626,-0.8892408060682576,-3.5043914501682276,0.4967206213857385,-2.12674755314492,1.626217818004688,-1.8290148209806565,-1.3795830467176673,-1.67627008945403,-0.9242388569288547,-0.5275535064972732,0.05552952260115994,-0.04065909470190489,-0.08375360397910346,0.5069229570504021,-1.1439288963335736,-0.4698001793472444,-0.27213800667151034,-0.5789297573096173,-1.1736766139995742,0.266481018687206,0.1486539502279525,1.600715718156345,1.6622365026708636,-1.395845686530609,0.006909102166882258,0.6455112714871726,-2.0147252190638834,-1.3493082330775636,-0.9505933201424975,-0.8837022136036037,0.3510433109955275,-0.3128692309486055,-1.6788297375869647,-2.9883401580989917,0
-1.3835641554935991,-0.32747855987919816,0.8262617281788569,-1.8047754594753171,0.14896819733752828,1.364066078839612,1.3758288824480198,-0.858915512452066,0.3346724705824805,-1.3076561890079683,0.19147860770103953,-0.19546856138821134,0.11630408774768403,-0.8663459743921759,-0.4504324588178404,-1.0368932436911573,-2.090012943482942,-0.33539656973657833,-1.920678541185899,1.309848474504037,0.14417647323341345,-0.5820501425966736,-0.9536421413061786,-2.605063542538506,-0.14175912023003312,-1.4374311846771586,-1.2662657435660316,-3.396747770615046,0.2839367399559505,-1.8132471350717094,1.5159215695803674,-1.870377720737014,-0.9663228994987696,-1.8009875217715268,-0.8740925237979303,-0.32477900762194056,-0.015338146813572845,0.052045719737662824,-0.24748725214541703,0.6694795780321777,-1.384442959689797,-0.3108492725518607,-0.1577886682727142,-0.9811217137903315,-1.3896287087195325,0.43091468643680875,0.1215537700638952,1.9894151319117273,1.7565408994288494,-1.3501407196348771,-0.053587568397082286,0.8943722143002489,-2.0065656440143913,-1.3453892251408386,-1.0242925238980398,-0.9632176402719813,0.43096675865600687,-0.5117428938513432,-1.5910123790298911,-2.8736240822759993,0
-2.817432389078575,0.9063919746307377,1.0956906380235991,-1.242298771247487,0.4542168595895431,1.8469943972543894,0.6772999793099495,-0.584765006719556,0.1615713721826183,-1.4263744167348287,-0.280674887113147,-0.5370842349463557,-0.3466498093699296,-0.35750908923686375,-0.9288993979118159,-1.198531389352297,-1.8486622565181559,-0.7467664963194867,-2.1375009940505003,1.2844174711264524,0.2467955489443649,-0.5883813267625758,-0.8005508215886347,-2.637828073694358,-0.35219312905590355,-1.4596007830727822,-1.3010554939268448,-3.6253842628671435,-0.1648378994755787,-1.8959551103638776,1.5093368503522302,-2.2253733795314163,-1.1559439243905276,-1.6957091322994922,-0.8313059877838049,-0.2265382140675936,0.10639335739836571,-0.09146898329823383,-0.20258307568710526,0.4896771438315503,-1.3278851389737916,-0.2814467608217237,-0.3294421958716387,-0.6260783481900007,-1.3060469126273269,0.4391616292628598,-0.05466451844427235,1.8095374857808915,1.8120662873230533,-1.4783795681749763,-0.24833885473643144,0.7641715784190564,-2.0985135878177212,-1.2588348232180422,-1.2195827177286243,-0.7939048591672451,0.29003514432512517,-0.4824167872300371,-1.6159496657114194,-2.988664161990528,4
-0.7379710492467236,0.45714363448784767,0.2654417479082142,-0.7661397825627496,0.258432201336178,1.1573608771482589,0.7886873209008199,-0.6133864277858534,0.07889669887782051,-1.2419935837664797,-0.8652306472681485,-0.45771634084654433,-0.23488908923558727,-0.5343197494428575,-0.5187593201378731,-1.467783458400171,-1.5793942198715456,-0.5178853353284595,-2.371820120455799,1.1694640441220103,0.46960180999028256,-0.29335831435183624,-0.942102018945521,-2.7156724726712755,-0.32856770422819215,-1.2926501234899286,-1.1518623466920588,-3.3768819084382797,-0.13121007838523102,-2.0871302433821373,1.7734412076962958,-2.087635535985867,-1.107952048678581,-2.0050553649008296,-1.1885324449410404,-0.36061298327886865,0.15631375441097903,0.11222120913126316,-0.13971688692198925,0.6027279586178967,-1.4489527780293574,-0.65017335032895,-0.1994097781082042,-0.554466623717047,-1.279065267680069,0.43134546982906796,-0.08612986718088611,1.694166489334678,1.6338007688024785,-1.5082461885593563,-0.059649688702849035,0.6081633607814545,-2.046123296122057,-1.2847136170668256,-1.1902491340307693,-0.8200145107498199,0.3437094384475301,-0.40175334317406813,-1.5782366665926313,-3.0969353964842337,4
-0.8519672761548652,1.4108701604718918,1.4236499683256587,-0.7246794326143058,-0.4370944137091525,0.7286977421698845,1.3087459642042736,-1.0381065877998845,-0.13042658125188689,-1.4322380537650745,-0.19208590735404696,-0.15291718279746191,-0.3337276423609955,-0.41172303151085987,-0.502124198693586,-1.1410416690825236,-1.8436743907655475,-0.5905272876272236,-2.352226464277297,1.3573646390047784,0.33876511052453634,-0.8058066516030886,-1.2313927250724372,-2.883624917881744,-0.11107478767941698,-1.512778141884883,-0.8793517047090607,-3.2097834499074653,0.010307012611516314,-1.8521194179475806,1.5012656168511114,-1.7879269102684519,-1.1391147982061973,-1.6765951227434148,-0.9797490442331106,-0.326327858605179,0.07867686450762557,-0.007790645058748755,-0.04071494262176498,0.6194880083237431,-1.246119696236559,-0.5084781713873103,-0.30575954307659503,-0.7330219215262785,-1.1388390489468383,0.36156608646304783,0.26110246397696235,1.8901557599259575,1.7602797445715443,-1.680043352928399,-0.2628085629719405,0.6615306185379085,-2.0556346478524485,-1.2614661267907206,-0.9950848708326497,-0.8139994979124151,0.2892508725342171,-0.35392787521629965,-1.5349544524368448,-2.900531734790095,0
1.250259245854254,-0.6037990830637916,1.2217585179591968,-0.8516795141649156,0.1303163319544067,1.449672591125372,0.009146837589719459,-0.8588491232784206,0.38185954207394346,-1.348716315734754,-0.31835604186112026,-0.40112005663958705,0.1323523168579997,-0.5443484700548318,-0.3618621944005808,-1.3208846454800263,-2.126309534362951,-0.4658075832575222,-2.460305350890522,1.3453182583328422,0.3301196798987597,-0.3390159191069359,-0.7281491086164625,-2.69579006827309,-0.18369336173385142,-1.5265674899950328,-1.1571212548159966,-3.2753612539842516,0.0665940361940414,-2.015095281942074,1.5544057934309108,-2.1767714578340445,-1.2207272539917389,-1.7878295484111406,-1.2672072211610192,-0.2894029495377779,0.2489112716227142,-0.019950557383402706,-0.056951977409238665,0.6891124736849908,-1.3114950575938955,-0.3739033303080344,-0.288334462397773,-0.5678337959608285,-1.1667848820630757,0.49687515107701274,-0.05340972412752945,1.6420920713220863,1.8422687144925245,-1.3241068343387206,-0.0495632333263052,0.7564322088623485,-2.167088550124615,-1.2291749161790788,-1.0776010596286278,-0.8669538793521111,0.13382848062695776,-0.5939297910408238,-1.7300443271719217,-3.043049163889613,2
0.5731068850196152,1.1773058146913664,1.4975950942297918,-0.9954369797542116,-0.3253563911051969,1.1330126463269814,1.0569380946873892,-0.3770991163311281,0.7225036839194058,-1.1291166661821985,-0.40190275531559233,-0.9767275130285695,-0.24560146404606903,-0.5189041582373255,-0.6796733037094218,-1.0841625704395186,-2.1844302474365795,-0.6198641720955609,-1.9747341595877965,1.2448602245779374,0.6062027561648747,-0.7907470199852843,-0.6580927400695934,-3.024985795512716,-0.021920729004332118,-1.3341162097446564,-0.8995700739455871,-3.203694431493359,0.21768992536545403,-1.8739928436736337,1.5404114968025346,-2.002164248163774,-1.2352639307696858,-1.8031354400095434,-1.041429410172867,-0.23143608280479067,0.28782180992091644,0.12433042214162054,-0.09580443066861632,0.412967246417153,-1.1274050167938947,-0.29294136746667654,-0.22145263007811614,-0.8929681677008642,-1.2024701279412353,0.423944925859052,0.029932252381538474,1.5662795503922566,1.8125528287203359,-1.4303464702156594,-0.142942619359829,0.6261257518815875,-1.9545871751555897,-1.2385570689905943,-1.0716969366772335,-0.8976735412757947,0.17684016010443046,-0.4235223793601063,-1.6163521806522156,-2.9259985307229037,0
-0.3466522852050197,0.45593354862031765,1.0446455561960497,-1.8632681982768315,0.4973477564800314,0.6684919746306743,0.9888662310033958,-0.5587183663138595,0.2680102704010021,-1.0609376086087312,-0.17080438843241177,-0.462941245317794,-0.2560615969611487,-0.4756696363664433,-0.7238031360184785,-0.7449146218990859,-2.003861591783462,-0.601692811329084,-2.3102939348474676,1.42468763259446,0.2480128407353484,-0.496155265219223,-0.6677752176153959,-2.71253967246314,-0.03304586885144481,-1.7581681280509092,-1.1425415904309904,-3.2934042906169143,0.3256765969915733,-1.9452919940066196,1.7040460950245475,-2.003212158441916,-1.286835820002749,-1.666163536054921,-1.0912099719188868,-0.504133792056879,0.26078825600847333,0.25978955224607825,0.06805401270694003,0.6154055594434436,-1.3190253763247857,-0.3637116291944939,-0.31750426053863506,-0.739347933850115,-1.2957056724349711,0.37917161932278654,0.2526309739389823,1.7142739304366654,1.7776423039583515,-1.5301771820517234,-0.15887377719657775,0.7469040317384853,-1.8934588291344199,-1.323385867304321,-1.0978506455994879,-0.8320648629946956,0.28936343240784257,-0.5848010488815987,-1.6555005423821143,-2.9199985456114717,0
-2.516823214800833,0.36315834242013,0.7190179843667726,-1.2981358738373217,-0.027702313186039364,1.856481904659701,0.6683742782600336,-1.0912035459019807,0.07012950849972738,-1.7750861305871508,-0.2048207788938808,-0.5440562621585068,0.07278889082844303,-0.6683349418472233,-0.9938568174338782,-1.0848435683710531,-1.531146986718828,-0.3776793482491603,-2.0842297039308364,1.0530677112535718,0.19612906789033902,-0.6347738135958667,-0.9530975613046727,-2.6135261513962047,-0.13324829562539628,-1.6566067138609755,-0.9425664133436078,-3.3344068150356834,-0.04043747724205374,-2.1083342682706703,1.6753200881456192,-2.1476067998567867,-1.1973066658038347,-1.7122596768952736,-1.0779930840333498,-0.3590618622055465,0.2884495399706861,0.09657494924106685,-0.2078332293436661,0.4193695988088758,-1.370510461793636,-0.5265096694860041,-0.24239075068376278,-0.7958313000020136,-1.1808156261361449,0.2697476003476842,0.219676275816129,1.5435459678583998,1.7565420374777634,-1.262858911190186,-0.08303559146292014,0.810222908583182,-1.95041042652909,-1.2449273723485799,-1.0604376511207625,-0.9146437691509081,0.25108098478753305,-0.45878759179773193,-1.5476594496286067,-2.9726839246194143,0
0.7403090780101221,-0.3842448963460994,1.6475215881434715,-0.9436903429574708,0.12136609102171012,0.7404022962331938,0.864318545038058,-1.2859578712347004,0.9744715019581331,-2.1237526513117184,-0.5710858218727672,-0.6817607693296902,-0.01389323975828266,-0.5482589524842605,-0.40575867113723,-0.7593082931961708,-1.6248636186461596,-0.36925632934932284,-2.135946448403829,1.6177742620957494,0.32849716889473873,-0.6870005138152896,-0.7068482063623498,-2.447527785336134,-0.19551383447765708,-1.4802712248799756,-1.0453912339288693,-3.5396195436035014,0.4923508050915268,-1.753187558121914,1.5247853459817913,-1.9488685531093475,-0.9506821453987104,-1.645056645693925,-1.0410684680731428,-0.45909551533587506,-0.030073560467266613,0.17691695616863226,-0.15300451115267905,0.6504510423550252,-1.2114818087109904,-0.5912543939504521,-0.19667338530720985,-0.6954522296441881,-1.2891562531553702,0.5268893616965885,-0.0014442054653230965,1.7811234854048341,1.7488331391317946,-1.5493331414490303,0.03983614915734138,0.6921817441638483,-2.03364997183452,-1.3359446196729354,-1.0945505379566332,-0.9527285895991051,0.1699256967875878,-0.39795383853112143,-1.630765543800186,-3.0170844705573883,1
-0.8235306176302414,-0.04897827548669886,1.5778393789771297,-1.8402135420937968,-0.08365041292133943,1.5737819739038716,0.959251238466877,-0.6785205399620575,0.40448386855211116,-1.3858153480195465,-0.07231176102974834,-0.783158619440589,-0.17817681394066948,-0.276841853450044,-0.7309616653054469,-1.1086563243204923,-1.61207281876895,-0.6391926933493212,-2.087541382720784,1.127497278641334,0.169601592999307,-1.0033692834300991,-1.0874288065672708,-2.586808468185651,-0.20822234744763254,-1.3699659949075809,-0.9760186069503767,-3.5265892207242118,0.19145638655924643,-2.0592329302997574,1.7145554790511686,-2.0864000516350187,-1.382474986876768,-1.7628564317923612,-0.8589625661640692,-0.2295894885074884,0.19155420261611117,-0.011993976152969335,-0.1973381577410821,0.6391554334931022,-1.4325658452357877,-0.30253572117426086,-0.2580429154902619,-0.6492378779485022,-1.1354348117660968,0.39378848423785534,0.034773034814384575,1.6521742794598222,1.695521775596466,-1.3501547790370054,-0.22715770167093757,0.7870344288271076,-1.925679676086412,-1.3285151395461843,-1.0432603022308613,-0.96261215028086,0.2484360858901744,-0.3715116988679607,-1.6888277890648022,-2.923651769221788,0
-0.01222473701671678,-0.06215032805065551,1.352653353458742,-0.9897379914687687,0.7573404395825226,1.14232788252017,1.1849937302274978,-0.49258571324681066,0.4665175336314929,-1.6009219940881552,-0.14196902677849804,-0.4786204844276329,-0.08731446225702895,-0.482068534624404,-0.7579591207813593,-0.7704396137116447,-1.6039524770554707,-0.5286370283232019,-2.210552691680317,1.1887955153492538,0.45120338453613884,-0.7717253656904508,-0.7613963935973436,-2.695907054386069,0.05037670298945135,-1.3164009540031798,-1.1052619632455971,-3.517763310742995,0.27743149330674305,-1.9196491649207226,1.6319805318344311,-1.8154749084005808,-1.1814138342702347,-1.6955233536578136,-1.2026216574506121,-0.38370675840289886,0.31720440463216193,0.1002079534958483,-0.0044382922205031955,0.737441965606809,-1.4029384509459881,-0.29543784808805174,-0.2670938789300705,-0.7790464332838392,-1.2039743609579758,0.346131011677728,0.10718896541091949,1.7656124466816037,1.9079717853745721,-1.476082571010896,-0.18589811641825582,0.652412578348305,-2.112058446960459,-1.34822220092877,-1.0380320850458284,-0.8191396094298662,0.26596178130524173,-0.5401861690599825,-1.5281578934415876,-3.024385120473958,2
0.06963418277778122,0.7925930606184123,1.001346078864186,-1.0796501340109095,-0.07454426342587617,1.2075847284688017,0.7801158797500017,-0.8844138215653577,0.24356118232587848,-1.2817033093060703,-0.5152719385176654,-0.43071526998492504,-0.13462413648146004,-0.6476423232314232,-0.791237978895481,-0.7041424676865207,-2.1518298862988123,-0.5531845860149797,-2.1049681418845263,1.0203675690604341,0.2449621876030328,-0.7878232962144154,-0.6885185397755826,-2.6348592556869757,-0.06491675773967684,-1.4342150667997329,-1.1302443398008855,-3.239626324945857,0.07740549139258948,-1.56472928309097,1.6208290782200425,-2.0250576795515727,-1.3239536530482348,-1.699286366014979,-1.0594624468133953,-0.37761507399037775,0.10200252724114656,-0.1666891500128817,-0.07755542776770778,0.6177316339934555,-1.2988595223418038,-0.31723879803757343,-0.3444176800107426,-0.7039254629398365,-1.269337486892405,0.40039047175528253,-0.0024330268514864486,1.721656356368262,1.7056415475736877,-1.495740547961414,-0.32217311116445213,0.5522644025575203,-1.9383646502410081,-1.321263264895357,-0.9866387936042178,-0.7654516175676611,0.34996441218036867,-0.4593965733391478,-1.544410800943247,-2.9614673632283193,0
-0.8145453686877868,-0.0983065276975586,0.12103130971373832,-1.3174274147276384,0.22150338860368707,1.4824101534990184,1.1927809071292859,-0.680940174980638,0.286715617422054,-1.5098373273885455,-0.028164428988189966,-0.3392890150961001,-0.21040090379630394,-0.642028549590342,-0.8560071037988687,-0.760638884730172,-2.078670966885689,-0.6444439464778374,-2.2656460914796703,1.485257872102665,0.19909064957772674,-0.42029549481977635,-0.6645619267240085,-2.629574590922522,-0.2736207186219331,-1.4489267663525796,-0.9302140527342933,-3.5235502540173096,0.09975200967862183,-2.0114405296385685,1.5450027100770907,-2.003990465390163,-1.1516922608511482,-1.7199881131173258,-0.891859293329137,-0.3591082495904917,0.2651367532932133,0.10879686649059067,-0.18547284691018084,0.5811955104364893,-1.113968976418507,-0.4443646578709918,-0.19826548406233613,-0.8720910685518852,-1.1874223508953246,0.374996918364687,-0.11448259558361715,1.6741961816119326,1.7685091001446613,-1.5341431202167848,-0.1210649543934366,0.6474877187039053,-2.167086196708181,-1.397282556597717,-1.126943029543431,-0.8926606685977686,0.256713954399264,-0.349711980417976,-1.7432784627278968,-3.007476480661774,4
-0.8920026298989747,0.02011353323209203,0.8557316973221702,-1.4068949113468399,-0.3249159043102072,1.2731916495774187,0.45624771598511116,-0.8786331196135015,-0.14310555979222622,-1.280868131787956,-0.055925086712882294,-0.16191243457112303,-0.188044188562504,-0.4803026302219709,-0.520407184876748,-0.9599657513892447,-1.7937496492794351,-0.34316712701865015,-2.272425506361639,1.0375865549401213,0.41278039951009626,-0.874775992731988,-1.0485053024437199,-2.676410973640247,-0.15228400318335614,-1.4475064609795916,-1.3383637472182381,-3.28859302030308,-0.09438680340338335,-1.8985979022326482,1.9550994768821208,-1.8664964882638282,-1.2169796205935948,-1.7819431110325048,-0.8843609375364797,-0.4307932475018095,0.01086264170252467,0.049202616756755004,-0.11549382853647654,0.5712661072589378,-1.253924272704744,-0.4656384171281639,-0.41991161075123185,-0.7264423214682827,-1.2372787010665898,0.3511781556439177,0.12133754147577382,1.65886770292109,1.8763321536563786,-1.4282579445984978,-0.16012125434894842,0.6786843968727683,-2.0441022092475625,-1.3697336180136408,-1.2945264756179007,-0.8252915513698283,0.22713003637706095,-0.6637672316157628,-1.6797291998525936,-3.023957088254838,0
-1.8510292868469937,1.0612682351460712,1.0669374834441556,-1.1773808817050817,-0.13284704660775082,1.2120730539773044,0.1459571926252211,-0.726777929416036,0.10877369150820769,-1.3456694247700303,-0.2572566397841294,-0.8374375170267535,0.05509835928177467,-0.8157532752922305,-1.1975253425305488,-0.6078018832988987,-1.9625444841087178,-0.8117749971041481,-2.4871628040967337,1.1960125778603958,0.36231381656225975,-0.7291118404340502,-0.929188204054821,-2.7308762239803817,-0.17939782893253756,-1.3475686199196735,-1.147384534661649,-3.251788139993734,0.21914315965355927,-1.960565045265535,1.8392403882381143,-1.8763077034346405,-1.048093709149161,-1.7462321727990404,-0.981078304168833,-0.24483892970928717,0.12448544612680965,0.055502468037358414,-0.06211652361623761,0.5268908622732039,-1.244356365614086,-0.6743284465780331,-0.06353981961559255,-0.7501124509202102,-1.232879068505467,0.1821596995641429,0.017898386132620594,1.6634427937809024,1.9814238072358024,-1.3635618362263784,0.023720453291028926,0.7971797867234061,-2.0731151521179654,-1.1853318553694585,-0.7608457757294675,-0.9408714564354469,0.28987283935925506,-0.5154903616702972,-1.6970156332813304,-3.0349275786483916,0
-1.0645486680554797,1.2308315216721724,1.1258761049123684,-1.4619189495232654,0.4942921066638034,1.4156184226185795,0.4158263949116358,-0.9643929857811211,0.047197953247593905,-1.0925099061579258,-0.43339453861335925,-0.543339644343551,-0.42564877407786345,-0.40569954822552595,-0.6177473553659192,-0.976219896584677,-2.335012757239319,-0.9792374366917662,-1.998140424276318,1.28522502776293,0.5454849262417987,-0.549419751573055,-1.074540174977471,-2.826054823241536,-0.46784436030585513,-1.3869359884481858,-1.3391275069651205,-3.2022530066392085,0.0990003154568873,-1.9210005119299516,1.4245372561780765,-2.063100338935009,-1.3220449769051812,-1.8900159378125625,-1.0564148584758921,-0.3334807764788762,0.11643868367907126,0.012202474861214993,-0.09549788008622934,0.8392476414489123,-1.3229426360119227,-0.3517731298767148,-0.3216180570452679,-0.8255166241925793,-1.0945570090925543,0.3988232635059141,0.09827952020847186,1.8284305211182728,1.9090121039306203,-1.264965145379352,-0.04754101071942679,0.6653780496927374,-2.196049122597096,-1.319745569725729,-1.117458322231195,-0.8779414567293822,0.2866256277487977,-0.38373934457494974,-1.7011919888436708,-2.9270864006202246,0
-0.016896038922506684,-0.8981616559843578,0.680430073265524,-1.2102113928770108,0.08334992885569646,1.9412215505293906,0.9062456296032895,-0.5727141212350546,0.2938174288565144,-1.373680954922419,0.004213225269289356,-0.2629737762683185,-0.36754943898419634,-0.6086294418026723,-0.7458597038670777,-1.1860796347383677,-1.8954811894708625,-0.08549450277003345,-2.1432855126315618,1.271570612361367,0.35670447888839013,-0.4664538598110142,-0.6849236013879513,-2.499006391952542,-0.28842199628350246,-1.3681938961287206,-1.194602381289895,-3.46259089677337,0.05391304507661969,-1.9309676032411816,1.631370806610739,-1.981089919062344,-1.1379904765031505,-1.764642711962096,-0.927937520446338,-0.3068499421052953,0.15752308917184132,0.00833397434535986,-0.07543285697183207,0.6329221392118732,-1.2499599829389583,-0.535076969204872,-0.3972932049435831,-0.9286733501854709,-1.1985875662702525,0.40839489723644723,-0.14831807019945623,1.9000401618089886,1.6323401999208527,-1.4200379522387458,-0.019679964093251165,0.7389085971304911,-2.0185790284029084,-1.2047293207523415,-1.1097984180383822,-1.0693538060292547,0.2937073465379045,-0.4315738150542182,-1.516007368370881,-2.9383246826136444,2
-0.8396861568748049,0.14163108352689874,1.0707109964679742,-1.4372313467412727,0.039006920698271864,1.0930720504728293,0.13658091688227703,-0.601833181979625,0.3441995617550274,-1.6564425521000605,-0.23102569912479967,-0.9863843011626034,0.033417264220232085,-0.743918803849596,-0.8196450052437328,-0.9475150423901404,-1.77301319234986,-0.627979148096588,-2.076147654006046,1.1088298805624197,0.2599977870845648,-0.8447043012937689,-0.6258586900885355,-2.44062462806756,-0.015719552991818403,-1.6682497143503956,-1.3105127038554176,-3.24180090182584,0.07932079387319815,-1.9845787192426758,1.599235447408232,-2.097164922168439,-1.2303092996869953,-1.7436192657894423,-1.044818999396118,-0.3815019187292178,0.2724579933608954,0.18645263908618015,-0.15446895595012972,0.5187540345807763,-1.1583475757979231,-0.2731473153893259,-0.34010331609851663,-0.9059779620035878,-1.268199361483472,0.4356262482577611,0.25932774285369004,1.6638740280918232,1.5808554850331658,-1.264221041005073,-0.11071568624289659,0.7740981150634426,-1.9428383767568336,-1.2933240954592256,-0.8639850363060766,-0.9222549209458965,0.15247142597608462,-0.6005774114181927,-1.6856980149244964,-3.016638615191558,0
-0.2581824066646262,-0.20343171103480956,-0.024230108860835764,-0.7747222311779762,-0.165225923132489,1.5465872048457066,0.8362835720774671,-0.9511652661872987,0.4909416994021825,-1.334642652767657,-0.3196026305343076,-0.8221326354483713,-0.4245849412407964,-0.8112441170195941,-0.7716426893155224,-0.7276731600038973,-1.4339002900927484,-0.40780643434559066,-2.3305384330095333,1.2904765728772365,0.35551340404583387,-0.6729154133167723,-0.7338226489169877,-2.5110032392296224,-0.2934898356287171,-1.5351453658915728,-1.2055628816411441,-3.462123227016317,0.20908425554061175,-1.938984281460928,1.7969951388686403,-2.017833951349485,-1.2470494985778093,-1.4798253602012572,-1.0429418618037123,-0.3289684365469535,0.08211862902383307,0.022060455687095304,-0.0724109157366157,0.8779796131372617,-1.2876272463916518,-0.4331082120378439,-0.3096604065255896,-0.8363810726173437,-1.4171894875062,0.24105377742392126,-0.04346154554606586,1.7270396130566383,1.6871565808805824,-1.6700024127496986,-0.10814227467231866,0.6874388831306468,-1.9824628448639494,-1.2950277522864952,-1.096150798192843,-0.9444114716808922,0.33291670060932954,-0.5770950237384204,-1.5542880627369706,-2.991485996809087,2
-3.0091876151583006,-0.23314624398926076,2.0566694319630967,-1.2749887809572273,0.08628558906155981,0.28010922005207495,0.5876464703566517,-0.38409772277963544,0.555162072989398,-0.8319815744393705,-0.253291068510434,-0.5175922119136498,-0.17250348343903918,-1.0918831160374411,-0.4878722528702679,-1.14585110100768,-2.0677368834404426,-0.446276947743489,-1.9058066008223353,1.0860627622425258,0.260516622337755,-0.46730464969133534,-0.9283274243312148,-2.4397304675013047,-0.30274093092540594,-1.2860691888228075,-1.0078735878117087,-3.294760318374298,0.26119475200555525,-1.8988215765645582,1.4954314886032192,-1.8733238856779026,-1.1734233394443976,-1.6395438418611183,-1.1504761043024025,-0.46679479148426495,0.36669266547197443,0.16689708588131222,-0.10114599811441667,0.7603947676642095,-1.2501091891082547,-0.6467086325566594,-0.34301355965069336,-0.8795175342354608,-1.182041400326915,0.4304919212042707,-0.011007358474247421,1.6817643341192294,1.782505584059902,-1.4077442357489605,-0.16990424970304557,0.5120047816095826,-2.0510659982670534,-1.413703422095181,-1.0823401113924795,-0.8449471300352618,0.2674713487168777,-0.5517059640647373,-1.5924018761732828,-3.0733020389953225,2
0.24065036476152324,0.13258855469511677,1.5107664722018006,-1.8221324336338665,-0.2686907794695854,0.6568944024345136,0.8681962469466609,-0.8249817465458338,0.49532831149651946,-1.6573259214292608,-0.004887777607908261,-0.665183296544219,-0.04834203814931651,-0.6050938667460083,-0.19789023192043476,-1.1191751420925926,-1.5698750223298248,-0.8083731950549935,-1.7941960447590408,0.8708123731849196,0.318446534765957,-0.3783577961514063,-0.9964537533085179,-2.54366584199524,-0.14832017567792477,-1.5098518883277212,-1.2662776981384876,-3.3472598884537845,0.26003462399506255,-2.056083787178675,1.6704410241273027,-2.181490350850155,-0.9563776319500417,-1.5603648836636244,-0.8402025888611888,-0.3934220103828865,0.04675178232774807,0.02716301225371197,-0.12361837564375132,0.7299807926714325,-1.2713364110297314,-0.6201264389089519,-0.5657661108142367,-0.5970665045837698,-1.1556251414834717,0.3947947999751374,0.05575826310135769,1.737335870833891,1.7534322521408738,-1.5996601527652532,-0.02603081943078256,0.6388782568937247,-2.0824481066674028,-1.3263373380288166,-1.0131127170140475,-0.842927241822588,0.26262876127798135,-0.47617007686044777,-1.6792119784209851,-2.9750923611283393,2
-1.7503391741770096,0.9244518124577478,0.587396761261719,-1.242971859447627,0.9266338680523556,1.3591908155415955,0.7675952408020182,-1.0867703179976929,-0.09540332079235037,-1.529276063785394,-0.19208203434577853,-0.1851208260842745,-0.41094175568833174,-0.8384204367676928,-0.693502230105263,-0.8157174983641313,-1.7724897055330449,-0.4034694793752188,-2.3606143878119448,1.1874337789525158,0.13867136218764778,-0.4711199786802799,-1.2289230045507047,-2.4631427756926887,-0.10297815950364132,-1.5067647678460117,-1.176422099534542,-3.328713533642168,0.07589238262683842,-1.952730390283597,1.7855889840169317,-1.9092956711840494,-1.1603730817360256,-2.1593761017691593,-0.9925330655694706,-0.5771361548452276,0.13212211503972743,-0.09868651591080935,-0.09269535498002467,0.43147629102832863,-1.2249857026423172,-0.46882932741450567,-0.20730773005133024,-0.6043938417627972,-1.1536916007875897,0.36528586947182523,0.0740338463509751,1.7709634156504659,1.750241258670219,-1.577877984308183,-0.09566138168025766,0.7711464805492682,-2.0250112978838457,-1.1664136720147504,-1.1713437272568372,-0.9252789600746332,0.24401209175662544,-0.5473414703442716,-1.7929902183534248,-2.9164525680264677,4
-2.115427611770514,0.6255785710498463,0.8826230158733686,-1.1630736540686666,-0.31116712743129793,1.8492516960619283,0.8524458981939352,-0.7241327178204974,0.19751828703369334,-1.6746262611886151,-0.5726016176019895,-0.32788692296043503,-0.07638600844148176,-0.5979219115697311,-0.7869707457323561,-1.053010397585761,-1.8940218409386662,-0.3838487462999679,-2.0087099154846637,0.9977596834513274,0.24636897604853703,-0.5304611565361754,-0.60089359549433,-2.4497596322038664,-0.1941698330842466,-1.5585210731447852,-1.006646723269924,-3.452735325170425,0.2866857174045336,-1.9020090787356254,1.7253253195298213,-2.1704447128462,-1.19628046490328,-2.0576605704782356,-1.0817124035729013,-0.4275319001187369,0.1430326028350384,0.06888977546397788,-0.10296115181970428,0.7950776029038422,-1.3676622296627883,-0.4162101469195531,-0.15753021713645587,-0.8360729619423781,-1.0362620668254487,0.3931205429413497,0.022259352487409352,1.8235059990128337,1.9686995460794152,-1.5584367798392047,-0.1734856755676266,0.5339609953642213,-1.8397517289142022,-1.2744487260531425,-0.978054984541634,-0.8758736419808228,0.3967201217359362,-0.5508955406876648,-1.6036984899555105,-2.9977101163523425,0
0.9049802381558393,-0.620081722098148,0.4105289211486637,-1.5636894363421614,0.7702846711978638,1.1069505839471911,0.2712693565378282,-1.1602555970604354,0.3220236544750819,-1.345347318881712,-0.4082769219555985,-0.3651603536898441,-0.034295422558359545,-0.43036910208235923,-0.7189388359529668,-1.6325942952635508,-1.7051386119521565,-0.40419899749599497,-2.215588247164291,0.9033896225166811,0.3911404523284395,-0.7555240723514349,-0.8599777396326782,-2.9305265709584902,0.1686490547317923,-1.5238202433088186,-1.3977061832720516,-3.7097531926274097,0.02038712783566346,-2.189637636054545,1.6301740787413916,-2.279324147142869,-0.9417462044068015,-1.586219425728317,-0.8313617286942181,-0.22339036170991772,0.25090165691508126,0.03356593234012874,0.011196439930579088,0.6108211276694726,-1.440686579238381,-0.31670468389762657,-0.4470707610149499,-0.7074460987954719,-1.3275622495959798,0.39105875719474764,0.07567369512543437,1.7240290742947875,1.6561104414664392,-1.5810333791691664,-0.14740143087940524,0.7272759517122351,-1.9421294174671293,-1.2799252583905818,-1.0241830585342269,-0.756906245600069,0.3807052485051771,-0.5760890307542538,-1.6418958472714347,-2.8503172413405857,2
-1.8601132191527179,0.8860182560802603,0.3257112635380014,-1.0525282032757006,-0.042316102042712134,1.4913896097281156,0.5257370538030545,-1.4172665940147167,0.568063521196079,-1.3329167101999686,-0.18652728275582975,-0.48402293324653556,0.13958776580553145,-0.44728338984824656,-0.760818635711679,-1.1768722966936347,-1.8442246563807323,-0.49281784559968317,-1.8739626346279261,0.7744420372008485,0.4696806429197681,-0.6538183634295801,-0.7568490853865906,-2.6122378352751183,-0.2640246872930327,-1.4272929018907308,-1.2150030175163307,-3.723952777193176,0.15334466352607526,-2.016030959648739,1.725415285595901,-1.8432363087096215,-1.1925032337504857,-2.115637497537283,-1.0968233568246077,-0.44539428908601997,0.07024455341641639,0.07653143239336196,0.05205075407219048,0.6950533123294979,-1.38188073673923,-0.42834630097144344,-0.36138507720755475,-0.6731000558096514,-1.2165806572398712,0.43886685723397223,0.18262194853573047,1.6502835057679364,1.8549853844831246,-1.5245261095162097,-0.06080108050353011,0.6642456642508004,-2.0535100436953786,-1.1780956386907842,-1.1485794342749454,-0.9638405839795675,0.3320444781125894,-0.5514812527319877,-1.6114759808937558,-3.1355640795907984,0
-2.05312468493404,0.5337045777610033,0.6255178025205783,-1.3596096262541288,0.6671939804136289,1.2401748747840502,0.5853289847260609,-0.7649082928681604,0.4289773790370188,-1.4752546314106902,-0.29951922682832705,-0.587397473894741,-0.22399782208335894,-0.6728413975611208,-0.8215394381940875,-0.9969906907319086,-1.8359847034264352,-0.6844000083412216,-1.887353407942139,1.1949269578622048,0.31736520817944364,-0.4968597385508763,-0.6810387315705388,-2.689755315892761,-0.2221773431643469,-1.4746889859450223,-1.227075188318757,-3.4458071947531326,0.03694035095245751,-1.916821618960051,1.7210559018543232,-1.8534830872174386,-1.0731365188483473,-1.9390907033647489,-1.0854035861755589,-0.23334613160799825,0.3326975351059456,-0.024091584568576282,-0.1696530713792051,0.7640526551909248,-1.4419734344049777,-0.4662915321695698,-0.43039809716742916,-0.8470799240428121,-1.243812541803616,0.4476170729852259,0.14599671528336428,1.681013903968319,1.4935858271353522,-1.349232070532809,-0.04361271133794348,0.690767565566507,-2.065212627748355,-1.3674466267422252,-1.0174345359333214,-0.8290297995467584,0.12657133773378623,-0.5041435724128777,-1.5220750274869554,-2.878405700154415,0
-1.5891107077926225,0.6653001761534887,0.8770168916790784,-1.45122324187949,0.15147251880961168,1.3126324337202362,0.7791588192424863,-1.312128470137437,0.5462705118669002,-1.3454713478667686,-0.5179805361792869,-0.5023248736415605,0.054995878924851305,-0.9029249232113592,-0.6050131453827898,-1.1440426277775502,-1.7238813669493054,-0.4423224601976176,-2.0761627028241834,1.0391571162082256,0.24057373759773754,-0.45274169383097385,-0.9496625489524325,-2.924344931802825,-0.2523462520306089,-1.302515801427814,-1.0720601606590459,-3.374185750149976,-0.05110409252544204,-2.108504467539154,1.849618400599271,-2.1044609279530024,-1.0901377166153714,-1.7724831527195568,-1.043342327407939,-0.23027223305344835,0.1773198614286035,0.1933975250744038,-0.09775890695976822,0.7093560380591561,-1.5753757058744087,-0.5143163369914926,-0.09228467400354765,-0.8202485584607402,-0.9811730053492473,0.36234634066126375,0.13323073398973073,1.7406613129132174,1.7531776255929021,-1.5557717208577142,-0.08563647302770676,0.6969572738207226,-2.053352134671246,-1.1055059128314975,-1.1387952996684239,-0.7517544694307834,0.1917131756922647,-0.5372645396653669,-1.47871626007388,-2.9876211984515724,0
-2.725686107834164,-0.47312297235979317,0.36790116623478564,-1.0740655282085323,0.02316348929322265,0.8896375856532082,0.6744697124317709,-0.650200353348091,0.4394488166938043,-1.332685305235043,-0.5462524228967044,-0.7045281376165954,0.15330097775779944,-0.6202920427530292,-0.9678504262645868,-1.100418050392024,-2.0106123685750763,-0.5708315839904619,-1.8710613689658213,1.3214276532842788,0.3208673582667587,-0.3960303443907958,-1.0047670248703466,-2.702124913580092,-0.21262985511464144,-1.596981597954918,-1.0653584849468727,-3.4118098221013686,0.37619553124578475,-1.9695715409216186,1.5172755949441321,-1.9819748124918903,-1.2642990804963992,-1.8159074083110835,-0.8679822895474439,-0.33814050609684904,0.1313987884613313,0.16073686696475767,-0.1230279977188207,0.7279500543731806,-1.302259443255952,-0.4736713460627752,-0.322285675815479,-0.7499412557876097,-1.4494670999820347,0.2951732791928651,0.06643567446002964,1.7926667390199162,1.7826339863918137,-1.641644637403846,-0.34692049587921703,0.712384139056999,-1.9686020358423242,-1.4259802399809216,-1.065502802351526,-0.8361333880128023,0.41004692196457826,-0.46016639147920024,-1.5090826175184202,-3.0585731978690682,2
-1.7727105048406937,0.663549594012081,0.3293298925324607,-1.7606709421306608,-0.19276671580501203,1.2323888859891983,0.513760775726146,-1.1178930683281312,0.25108223845847305,-0.8324965769546047,-0.1752192092588773,-0.3589196829687672,0.17610408607139194,-0.7020369746097563,-0.6553337760456912,-0.9439731997201789,-1.6834734171080201,-0.4367640787600522,-2.2078434766156256,1.2276873997300761,0.5274581597069872,-0.7333647057137896,-1.0613764877539411,-2.464223396222934,-0.38278361425329005,-1.4718468712642032,-1.037052577496321,-3.3688695919168996,0.09795342084162913,-2.259560713871226,1.449862862241355,-2.0555520414574175,-1.299688890569807,-1.609657526708803,-0.9352782382501167,-0.4135314956457006,0.0019560939215451933,0.23270738152047651,-0.02337537895659972,0.6151192150777983,-1.4841766448665412,-0.3943615809626517,-0.3600293459805955,-0.6473723043656288,-1.1990339412824533,0.48487244413823277,-0.11803176215486255,1.7643259483690836,1.755149275939332,-1.3650831311193146,-0.00507243627834067,0.6031748715026404,-2.083859040109483,-1.2391271307112335,-1.0477084967955277,-0.839021298406667,0.27406436534243067,-0.4774199533475919,-1.5083420361196809,-3.014072994958649,0
-0.1139580451665706,0.4929921651453101,0.39370801019570056,-1.6956295342997296,-0.14169976078194282,1.5350522184271251,0.3727239998963305,-1.103666139900882,0.6214722348526858,-1.5073868455428914,0.017522350380405727,-0.4819840837512036,-0.05433651957545954,-0.6559774039108498,-0.6209863761614595,-0.765336282382501,-2.167565100566894,-0.48811524909882104,-2.0104849960208986,1.1015528618315134,0.5338234235321098,-0.5804797198656502,-1.011594696018911,-2.532267942479031,-0.03015994997651597,-1.5987391533034234,-1.0666892199704021,-3.401557629219985,-0.058401999002239496,-2.028259121776014,1.6239345478053744,-1.8957829884010442,-1.0994290858711442,-1.9490506134155814,-1.026265438989364,-0.47024420419912905,0.12668760001684587,0.1870936962688457,-0.02954752293363013,0.5390465367561003,-1.2258870943962064,-0.43494570591876885,-0.2011165841942296,-0.8388186872093613,-1.155839549802984,0.5166488181375217,-0.28554302702036516,1.8071070849100361,1.8348690821311342,-1.5294899965336026,-0.10874843428664813,0.5231624207000061,-2.008256057006183,-1.5132997228097378,-1.2986705280721667,-0.8000683427853494,0.2801030571277979,-0.5034970658950202,-1.6019173923488348,-2.9622403629191214,2
1.0027817217807895,-0.6317392818305141,1.0500749884029374,-1.0904971970600676,-0.1477872136881987,1.897369562500605,0.8846694570431652,-0.8098435634730742,0.6016077612369848,-1.350450294225328,-0.2189078328285936,-0.3918379954042486,-0.4431942547965513,-0.45631181729219805,-1.0411982347355222,-1.2319364741006016,-2.0393940067103773,-0.476997560220294,-2.0879777684600147,1.415638932888201,-0.011640666318034176,-0.6559867550913107,-0.8813333566012911,-2.4411535453052955,0.1217716307361138,-1.3793458423809535,-1.3450660306209743,-3.4001634134410414,-0.11207930786091413,-1.893208159361293,1.874611736085378,-1.8808325941854254,-1.2215695232575043,-1.7433629765987286,-0.840235500065331,-0.6170547524794093,0.06623464601741595,0.050569806103279664,-0.17848300349555274,0.6440229516253564,-1.2653139272866547,-0.37473791144870466,-0.365327248812893,-0.6976012562968746,-1.2118425239590738,0.35866232100833806,0.0454852926500769,1.5523718640965702,1.8471879519334848,-1.4271777797472278,-0.13001737385310003,0.7190020652339272,-1.8448871053848561,-1.1220767821047348,-1.117500070177226,-0.7701004183384385,0.17308150897876684,-0.3663871223500771,-1.6213873790031248,-3.0796603241273943,0
-0.9263364560148534,0.059291609162117176,0.4519031432065416,-0.4005208561189514,0.4420275455860414,1.1123797659089856,0.6536575685542982,-0.721303006205532,-0.12329166419227972,-1.3737079456521746,-0.08231413523817102,-0.22519148409830714,-0.16457163713136197,-0.7740775085908055,-0.8256473670597979,-0.9584388957770077,-1.9278069303281542,-0.9120376802446909,-1.7771475327909878,0.8887430467211034,0.7601067170968638,-0.6188844497787752,-0.8680076599037695,-2.935109991823712,-0.014758476083892996,-1.7638484615111623,-1.0675224690375296,-3.4495054466781325,0.17352494178299127,-1.9823085696504759,1.5706026738660406,-2.116317147763127,-1.3122475167525833,-2.0580726932711775,-1.0426683582627707,-0.5250657160832383,0.07443788307023627,0.09483948369976153,-0.083020142891197,0.6903981373373135,-1.2995867741838623,-0.5070413364444766,-0.21742915575806587,-0.7886545117375842,-1.251942599168829,0.2393142480901435,-0.027604504604506447,1.7627973821339071,1.692811649716722,-1.4461496968803036,-0.29456819684733365,0.5950913043423672,-2.0831455615909444,-1.3666057734015795,-1.1977651068293307,-0.9066352681195183,0.37910837322736424,-0.43445849084302945,-1.5711397320988576,-2.797459430965691,2
-1.5752474592795025,0.8652390145229037,1.1866624904824594,-1.8031578770533567,0.09257353305753083,1.5280674457073615,0.542784081848347,-0.6026877642424667,0.3733809736873786,-1.4623713192530605,-0.17423807804271785,-1.00036640401424,-0.20291902829770103,-0.45866469096228907,-0.6198168784434229,-0.9252330410017352,-1.9832589410821881,-0.9114902570100794,-2.1929980056921905,1.2300319261912016,0.5617872063746958,-0.8344224524283639,-0.8278552281381866,-2.611703626317084,-0.1131396145841031,-1.4008052319417366,-1.1503070700037021,-3.4386724030492455,0.1482724951019277,-1.9392865095934417,2.0298192752871618,-1.818016399351911,-1.1997850643542987,-1.7651336739806458,-1.1846829430503174,-0.4635919917299932,0.07549250493197857,-0.07684600635589989,-0.03566773934872156,0.6412621385761208,-1.3336281420901208,-0.5171861547595049,-0.24733141955916405,-0.7387984293307338,-1.2160922267795848,0.49682993275729104,-0.08400614957985901,1.748787636119069,1.8027419674746645,-1.4598848985237496,-0.10045779047470481,0.568817713249628,-2.1937246642339248,-1.44023582375975,-1.0867329945486572,-0.8297933893887272,0.2515418575525116,-0.41433419626697326,-1.6197638242431842,-3.0860797220293663,0
-1.063853190926736,-0.4265343540661116,0.642092112326234,-1.2593620937302774,-0.13537250337771572,0.7878766967309963,0.593864693058028,-0.9602723895006927,0.11789480791993488,-1.423580682411002,-0.26419714586364024,-0.5257643515909866,-0.19077688940747467,-0.9297987435702011,-0.5922737227288,-0.8810469064745454,-1.938039751986707,-0.6222046092432248,-2.1951445268260987,1.1700233405453735,0.3596699253532414,-0.6897153064129614,-0.7745201073649365,-2.8879584845808615,-0.40703665255608384,-1.3400565695850322,-1.2381687906888914,-3.3433581589124666,-0.06832018349466534,-2.116229738046582,1.756992248623057,-1.9907275444155532,-1.2347118281626486,-1.8274468708019367,-1.0861237019158079,-0.30610309291106363,0.23493285253785554,0.011138590687763919,-0.14918165263348368,0.42670687241235505,-1.324445182668927,-0.5207775675108138,-0.2166248645797168,-0.9027686302679243,-1.1674405223435302,0.27843518237063514,0.0885928060851654,1.710229173311698,1.6147366987195642,-1.351857601312048,-0.1505272170298912,0.6535596799730546,-1.9545683360764559,-1.4054055127742289,-0.9815117527165936,-0.7881934127344944,0.3604692205182751,-0.5576747995333347,-1.5348789572093637,-3.064365121095147,2
-1.0993196806838332,-0.5994324675317911,0.9082681707407847,-1.5693289701049573,0.573568520704345,1.2683870134140984,0.501497961416407,-0.8733129157186846,0.01762814990046699,-1.8113899456123828,-0.4416994089458991,-0.9870172150038976,0.024504709455746593,-0.7400072945146852,-0.7717364783499471,-0.8776391284100757,-1.932503287369128,-0.5628150512546723,-2.401399807159597,0.9459095369362439,0.3032496997616078,-0.48595982298459095,-0.8463675310065076,-2.650674229302608,-0.3727791036461857,-1.427218661611874,-1.0295230676274016,-3.560096473262086,0.21299411904043286,-1.9092831184464345,1.6689358232415132,-2.190332045434302,-1.216231669540232,-1.9333180683843174,-1.072080746445272,-0.24109203666512596,0.22024421066971545,-0.11581105923775054,-0.13881723044592784,0.7060691602343664,-1.1465995660887542,-0.5830516742099956,-0.1344877799833486,-0.830055149925552,-1.2763828834831503,0.44997240517519554,-0.22308211551302742,1.886226790355713,1.655672079746036,-1.3227557954099416,-0.19042960000086961,0.867178814867406,-2.014917057838784,-1.297400104698742,-1.083120396491639,-0.7907961102430224,0.4110876124264642,-0.4117393212545287,-1.5998191823648396,-2.9927835030562555,2
1.0405593687020898,1.803106020933078,0.8671810904121534,-1.2024114291409862,-0.07860063666595586,1.7890354120742966,0.7052306760656221,-1.0175712349920838,0.31896705086335103,-1.4481764966325432,0.46110006222449285,-0.5270008072487362,-0.4048120627569546,-0.43642643253323476,-0.33007923787471366,-0.9205116817728243,-1.720841015602324,-0.537567567652732,-2.114682312957644,1.1793646029079423,0.37247452412951837,-0.5242814782679656,-1.0110932766295897,-2.530668530990622,-0.10762384266602772,-1.4027852619965542,-1.2191628026140133,-3.7681735856128014,0.14520691249829235,-1.8809113687128032,1.7145470006565746,-2.0947990728657153,-1.2056703173690697,-1.7878861942147928,-1.0394165120147487,-0.3176872569549949,0.15613137749807585,-0.15486867895553919,0.0546102870931095,0.463035230868993,-1.3138244909276886,-0.5794753345432737,-0.1812267477832588,-0.7557046358591424,-1.3603233471085578,0.22422342699771325,-0.10147636678929639,1.726092343241028,1.6799503193730514,-1.4190894655021968,-0.12915701121689746,0.6437919614421669,-1.97756200089782,-1.1840254858532706,-1.1318251842731182,-0.7642562846535562,0.23966559345737248,-0.4280287421684804,-1.5156435824110284,-2.966057235198456,4
-0.5475812232529771,-0.32921880824469774,0.637300415086593,-1.9700657160055104,-0.41281768114047057,1.276299654257726,0.7660509690530589,-1.0657123644872597,-0.04448570097418186,-1.049268388800682,-0.3082698263973138,-0.43284423342151673,-0.3614378437700947,-0.7579346354415577,-0.7662078575113258,-1.4546478907650258,-2.2074079397760538,-0.2949939070899631,-2.075871919267099,1.0690396180508164,0.14076990493106564,-0.4036327256783761,-0.8513526715692454,-2.72431557266159,-0.27063139274866055,-1.819837836220761,-1.1660527951057926,-3.528885144848937,0.45824376139342715,-2.0555603020511963,1.5630105156250322,-1.7210930548825263,-1.1932959024249739,-1.758043428471851,-1.071245836905595,-0.29541309549062417,0.1448574008500425,0.10505761826444995,0.07370246844600375,0.3854497169798471,-1.36077424948504,-0.496306967472846,-0.04875496616528627,-0.721991622353819,-1.0852392531803916,0.3832726301456129,-0.05495734923240653,1.8377959375603328,1.4839577310780592,-1.4879948935080138,-0.23020275506215837,0.7027310529446507,-1.9855683399226352,-1.1987533362551335,-1.1809793494097938,-0.8008711704268884,0.41780795471911125,-0.45358466748592174,-1.6610774224864595,-3.127622977325757,2
-0.6727927997435807,-0.5226567700745558,0.5813486910764334,-1.0056786145744232,-0.5973341343264119,0.8575739084529526,1.1271317939018957,-0.8067298061294417,0.13015003122411392,-1.5536571680462925,-0.027182814705212333,-0.41797533466112924,-0.2747437219233527,-0.24991110738967598,-1.1308496576560458,-0.9059988673441076,-1.9698041561810364,-0.781918131923337,-2.039089653450023,1.22755295020947,0.6973210289487971,-0.7061038400056173,-0.6363939202436055,-2.550112867144978,-0.038368080039722946,-1.482929087977895,-1.1199043889561238,-3.5333146047455712,0.030167122563118737,-2.1331000743495148,1.7944279729745216,-2.052892221208119,-1.3721163915458336,-1.777524897430205,-1.0161934698534953,-0.25516665596999377,0.09722422641589284,-0.04029440773909197,0.023534352436614767,0.7021317930569498,-1.487698264308491,-0.6227734175565115,-0.3100250441678336,-0.7290611914781274,-1.3084937985591623,0.4326909080322273,0.005601822964470295,1.8529323536134907,1.7393420211792874,-1.4057392222433218,-0.17559659118370327,0.694361276737324,-2.0709086045480514,-1.2966980150967593,-1.3458485002435199,-0.7003241716130162,0.4048674313909863,-0.5464499458326791,-1.56105813890306,-2.9515655283176665,2
-3.5676903402757203,0.7009216584084461,0.7055085397949886,-1.0286379835656203,-0.2596826972334967,1.327139342475062,0.8016822384200408,-0.7570774534141169,0.5117588666622066,-1.4724388672872528,-0.6525225953390137,-0.2863478597447268,-0.6051257442820606,-0.3097860061343317,-0.9079174291789676,-1.1367061070474596,-1.7438031373383904,-0.5422517363911044,-2.2408137907666363,1.1218528016966376,0.14231942713185564,-0.575464809774119,-1.0199458135764887,-2.6443259242318247,-0.2005134348284926,-1.5684590015395519,-1.3124335389503146,-3.538964676761311,0.0016944961897739919,-1.922861053822617,1.7463872547927235,-1.954850512399803,-1.3718945542640308,-1.8854044627822142,-0.8443800976445099,-0.6538624586032044,0.0748849200761722,-0.08161378768094762,0.04406556580365065,0.7393260033817179,-1.3462277470327113,-0.5393225568049377,-0.4170547654435779,-0.6376282452496196,-1.3962581345584173,0.4840261367365415,-0.017945078976175664,1.6930356670896995,1.5795953143783927,-1.4038654481154174,-0.146653911644813,0.5351504559639041,-1.9818183938824916,-1.2320232923443555,-1.025363809420809,-0.9284191380879058,0.5475639373475332,-0.5659913371255324,-1.4254178415965706,-3.233171970271779,0
0.28203867560962936,-0.2808654438347692,1.0173830647633322,-1.037411770604553,0.002588921298573634,0.7554802319756394,0.23136855203721557,-1.1242437909326017,0.3048444974266361,-2.041459654991647,-0.14361817108763697,-0.3829636952717643,-0.1523408417923056,-0.8473748238685046,-0.950137186262588,-0.7787537577347028,-1.8192494717335037,-0.429002068640212,-2.2814130380215385,1.2325009606169264,0.35430317801907546,-0.6646420889098595,-0.6798731547590923,-2.4267828338194546,-0.15944629646765157,-1.6181379125475719,-1.1389324063329545,-3.464325077918661,0.09099382180998282,-2.1506042070815687,1.560157728580552,-1.9859243444955008,-1.1122621248920361,-1.7535898417016713,-1.1564334442630935,-0.5063473958024135,0.2416065833737246,0.21953185194798627,-0.1612019343087791,0.5374440532639164,-1.1693051557360914,-0.2969536278735394,-0.3376132735326654,-0.7608069759917331,-1.239487691149231,0.15687003433825136,0.3321485963800669,1.8279133820068385,1.7258915131086585,-1.3651954655044745,-0.01054199899020089,0.7713895039769828,-2.076345418334366,-1.2763325215199604,-1.1164746699279275,-0.7961470227714122,0.25746680961046525,-0.546234042302179,-1.4015143650111077,-3.108763653449726,2
-0.1820236731410395,0.24765123026899194,0.23761953022887428,-1.9112923480981028,-0.3120361622082221,1.4641632071240585,0.5854256958170697,-0.6469607638979755,0.03095502769808217,-1.8457401702336176,-0.13561930276648373,-0.5175968876631001,0.018130666469455797,-0.4946257967917895,-0.5499193110353807,-0.6926472931076917,-1.742336637562068,-0.28357321326614704,-2.1289864701595236,1.0377130063540747,0.14579744193546762,-1.0473151789122117,-1.1215493054887586,-2.7645152836556908,-0.17704877168314292,-1.6666608841831727,-1.4371503299618134,-3.551594554042967,0.1321506626493357,-1.9884486531530396,1.746907526406538,-1.999407726426698,-1.3082375427035102,-1.8340870747018008,-1.2000125028911506,-0.1503909991100653,0.09841722180273745,0.17998524542114147,-0.167637261190981,0.6747796362807886,-1.0804678766184408,-0.5477830257930284,-0.1655228048273753,-0.7008249103738574,-1.2593838336707477,0.3749684385446794,0.06002597193661356,1.6490896515743756,1.857368332607907,-1.5732199105480293,-0.058793869407997995,0.5961254440598839,-2.0792824472129037,-1.2720508787798188,-1.0898973252992032,-0.6286997602297265,0.2569665468160627,-0.5188952391540432,-1.549533605026888,-2.8520721875084436,2
-0.3353656531943673,0.7446592003198926,0.5785301805360934,-1.545325831058366,-0.07341527805165245,1.5516438298444386,0.6513187287651081,-0.5029143492708753,0.1786223475497053,-2.089738194041971,-0.29294843839988377,-0.7077813395579954,0.2350425417760138,-0.4672720489557895,-0.5812704336359287,-0.9229014860670384,-1.9156495591632305,-0.48520667820454116,-2.5444483522052335,1.462629741035129,0.1657083783029519,-0.945900961167402,-1.0745322939673279,-2.8072235305628315,0.05940943905555185,-1.3871404814865531,-1.3573394728190025,-3.5037953412086984,0.21484073436385193,-1.8252100402624034,1.4401442555049817,-1.9060251377774904,-1.1356595135440204,-1.7882821157051458,-1.0942580602563128,-0.4170691974338021,0.13224742688114588,-0.05931477716231019,0.061830240019182026,0.36817310692731686,-1.3886042521127147,-0.21883948444078943,-0.45000417110525726,-0.6353761100364673,-1.073688489749817,0.6066260364457082,0.017006672419148803,1.9013142350109524,1.8771210234485993,-1.5484659208914655,-0.13279399080734605,0.7708445944202389,-1.9557426114438574,-1.4048724839588538,-1.0920659764448937,-0.9465398798882344,0.11944563393350821,-0.52659286389065,-1.7105909596935953,-3.0607651769056243,0
-0.7087602398169113,1.2589979774482858,0.6287419285402496,-0.9257964622853032,0.0768848615549889,1.4834423487195523,0.8227038440996145,-1.1708070048282668,-0.10132237838120667,-1.5326508625342403,-0.1438523514804697,-0.6983728203554981,-0.20952153696900258,-0.4061558465064815,-0.552785850708567,-1.039128299828526,-1.733464740014178,-0.462907848647636,-2.1251311323862545,0.9722164062472362,0.5265304092648022,-0.8740621661538885,-0.972286407035551,-2.5271660781172276,0.045958351299336786,-1.4046625083239996,-1.1204051495697005,-3.650858154620956,0.2837168146157692,-2.102611041784139,1.5816250115220822,-2.149473394060612,-1.3874921422852726,-1.6635268820457612,-1.0114737087262913,-0.20133622937406265,0.10622082178166536,0.01511776179463066,-0.2586199973628145,0.5545162307085953,-1.3889248745233387,-0.2993124374688204,-0.3785040005758572,-0.6956946089172527,-0.9940457997101184,0.3509408139510876,0.04352517327588964,1.873647588605401,1.747397347113559,-1.5492446964504658,-0.2216721120382753,0.5134185535575468,-1.958050232456777,-1.35865453440113,-1.030334108929564,-0.8684550206669235,0.2611300207532279,-0.487778670459092,-1.4200030350507622,-2.9874936316567164,0
-0.142346059703078,0.15358838989214343,1.5503465619120473,-0.5035786258159884,-0.20112341662905006,1.404074083218831,0.8672810925992666,-1.120268147149882,0.23454399227048436,-1.3076697625406193,-0.1833308270683865,-0.15306612454937324,-0.14701883465476107,-0.8939506867196783,-0.5888555255359287,-0.8747232766480161,-1.6406142156177352,-0.3145872656706077,-1.7211830448413872,1.4312933206010716,0.4475735787152502,-0.803418651848252,-0.829359569677002,-3.0370422296997672,0.0870506606567712,-1.6234663312647057,-1.070086070017778,-3.2971169268095544,0.21677430001025277,-1.8932155029328337,1.5046010296236758,-1.782536252080604,-1.156146607613967,-1.654698667828923,-1.032889492409926,-0.16084555996176392,0.1944371831944243,0.04141149364814083,0.02907650635625099,0.48828912743761443,-1.4317009514439614,-0.4284643255392408,-0.42148619315765,-0.6556508931435826,-1.290205167824656,0.2886664360454583,0.1725356238575355,1.7187397227519998,1.6632919665425747,-1.4397948343315872,-0.14949934463008221,0.5848622109046895,-2.11522822582182,-1.2937042615505723,-1.0637495611076426,-0.768335337868349,0.3658478974167044,-0.6221597345634445,-1.6188765217914178,-2.9047609450522494,0
0.22926838412360784,0.6759715661791681,0.5641974942403485,-0.6765898946724129,0.0517569908972881,1.1334779508141175,0.4897166194554453,-0.4936316896710525,-0.04284193962182292,-1.6684330382880406,-0.4227481634781134,-0.6127836604043333,-0.2684568947615972,-0.7572733800319638,-0.6233065489069544,-1.028134970335146,-2.013458186521567,-0.5705544384782619,-2.0380046173557114,1.1286209001737055,0.2611661805337036,-0.6100117276613165,-1.1980233698534741,-2.890012397537346,-0.11765694814222834,-1.3501433655882125,-1.3629169232874294,-3.6461634658753903,0.07304521186270853,-2.2424647972688767,1.7539147815542393,-1.8606383685128167,-1.40641428679482,-1.7439379252008231,-0.9959124490870199,-0.2883134889433901,0.14717905956339833,-0.031037892430197556,0.01695832782297127,0.7217788368967958,-1.1776580835221175,-0.6220063127823264,-0.3777095920217357,-0.8214477115351737,-1.0463586863635048,0.33957466470037656,-0.021581669486670597,1.6206006886400872,1.7412544663686713,-1.4744270453893555,-0.1502573084007052,0.8394063987639524,-1.9545314624692378,-1.2379207176846465,-1.0913420227234956,-0.8305238745899721,0.25757529880452584,-0.5584769363845703,-1.5762037502342623,-2.981365715668727,0
-1.1284160767123592,-0.5090943159708036,1.340447560942903,-1.4496651984094446,-0.3722812489914618,1.0989795450360265,1.0088358255501848,-0.9003058127988952,0.040665286406938395,-1.4518191168633277,-0.4018568960326877,-0.5197678673469458,-0.007765336551109808,-0.8600064673010774,-0.6269595524891866,-0.9867345337513046,-2.050607130446251,-0.5718421234906612,-2.1102884373275517,1.2557750351951011,0.1618790313201817,-0.812059959846637,-0.7309192218025332,-2.803904981122955,-0.18981647370861782,-1.4113317457047798,-1.2687049610336023,-3.54750176311511,0.028119764946696213,-1.8735641495196915,1.68141404536421,-1.7821048485725517,-1.126164006046111,-1.6285757397373493,-0.9276907333851779,-0.3817571282453952,0.06951220962551624,0.11298850442194636,0.003944181025948193,0.49676434503851874,-1.2765382601641666,-0.47234505989710435,-0.10617393923467988,-0.6984502974286517,-1.2060867031078168,0.2226245838189626,-0.1916944824554591,1.6879380236100225,1.76291914674652,-1.669430134936721,-0.033014365034205156,0.6726933376820893,-1.828959212531848,-1.311708819277733,-1.0656742093965395,-0.8473949712585339,0.16755008001275026,-0.5599755331350882,-1.6449604399718507,-3.0969665580057675,0
-0.07691900888349257,1.0363919695693697,0.9126176359641104,-1.2278033714245695,-0.11435265437963571,0.7331755857946902,0.8284476157431926,-0.37530150226688286,0.5602833535849663,-1.123579901392589,-0.11780765308939842,-0.22947160495302776,-0.03588837389570261,-0.5642219202399554,-0.8264266509613614,-0.9324832077890107,-1.8424723710400737,-0.3042610322148782,-2.0427651656380297,1.1773759725254413,0.22138817517303566,-0.6917555309507422,-0.7805984905527542,-2.7718307677174283,-0.5210420114575022,-1.0381913854753821,-1.103059666678638,-3.4969450046896777,0.023234203700887135,-1.8995946598235194,1.4937460689207778,-1.7955818220661142,-0.8736077811476023,-1.6533939148382586,-1.172748609144165,-0.3507165514821076,0.03476907690996629,0.07317483957602977,-0.02893993022878192,0.757793251452911,-1.295895217736198,-0.3107042167955235,-0.36643992740881826,-0.9041598230851174,-1.131948457298652,0.274356867151312,0.052821491395814005,1.7074172953683053,1.5689642399731953,-1.5541502988930664,-0.20813467672044153,0.7346984865034574,-1.9607511068520385,-1.3105938853500427,-1.1373806516824372,-0.8182961392234178,0.25592373154053516,-0.4669466015582071,-1.7271179534050058,-2.9251454661511658,4
0.3284767174375899,0.48826244224334925,1.0058288480747308,-1.8816849467402146,0.2277578277735405,1.1597914854034495,0.6337982165597498,-0.9333054082498167,0.36444627839193033,-1.2467574237519767,0.1373477735919869,-0.4790348479061691,-0.13642770602607962,-0.5268123632541479,-0.6825073211711797,-1.0960266263064569,-1.7448996422184369,-0.4246633252057317,-2.150071721472764,1.2250793454693796,0.21740161193184931,-0.5092895652475757,-0.8472522994705779,-2.704864696109263,-0.07495852950593355,-1.6047586818326,-1.2278464631934298,-3.6419548002176807,0.5957407040699686,-2.187414275892395,1.4853161925898928,-2.1023164071318368,-1.1139230415537895,-2.1008309406331476,-0.8179758050971486,-0.35860867215424297,0.08494819331579578,0.003284992363134627,-0.09951684371118251,0.530202375187763,-1.462439356038797,-0.4207738176116634,-0.39357546200832877,-0.8703257680762451,-1.1440086638017963,0.3786030631033127,0.12745568550220482,1.713055165240024,1.722916269535004,-1.3825940748438066,-0.11609756489468692,0.7189076663723235,-2.032761688914753,-1.2490152698369636,-1.0826495283280524,-0.9083246257511933,0.26884037758255697,-0.3760849354568274,-1.6338998154359103,-2.912356318780049,2
-2.75884883071982,-0.34464756674879293,0.42381429848528474,-1.3455020492743766,0.17177670053334831,1.9229679150316403,0.4006402881382941,-0.4546172012243157,0.18704085777744767,-1.5887231457165585,-0.4307663942183343,-0.43978350210246475,-0.11518490447103796,-0.5880801896744902,-0.8838474128256073,-0.9005133608685525,-2.2246325586691422,-0.6186978822892166,-1.8176019015809728,1.1636689958348287,0.30168246684854005,-0.5511501050593393,-0.690923240121113,-2.8733970790352994,0.09119208529172651,-1.604661183727414,-1.3204047968511707,-3.2220094268288215,0.30066269258821493,-2.106144944520704,1.7235767436672356,-1.884066790696929,-1.250695721201727,-1.8045518988037481,-1.028647571747508,-0.30316529508288875,-0.042129657775504814,0.3141748338168794,-0.21689463440968013,0.762126746220787,-1.401380295908883,-0.3986516634798394,-0.2713085163580022,-0.8603682823700759,-1.1035778187651644,0.29457158018179747,0.22652614860185324,1.7088693698550712,1.8500086341761024,-1.474893692522409,-0.13513953691639677,0.5274441667170993,-2.125446851227797,-1.2551587198749896,-1.0669580609246947,-0.8569629584788199,0.21866578099409634,-0.5316593917974691,-1.5690848864258058,-3.0612279734167327,0
-1.6547379585708977,-0.33239346303036355,0.17328904097457065,-1.0179257010438199,0.257830919355466,1.8269414092130503,0.21726346225039483,-0.7569767734190945,0.5149452524528177,-1.0943753952872073,-0.19337709175923468,-0.774458404459683,-0.21284513912488912,-0.654980157334097,-0.7406155848346933,-1.1606315052500553,-1.8604287774897408,-0.33107355846011044,-2.028510416429747,1.131521213938977,0.26615203338297966,-0.5419835722749029,-1.0111135086111263,-2.720193236894061,-0.4824380866662024,-1.8372931153229253,-1.1860829193770643,-3.3864922471632295,-0.03624862472159951,-1.8324214692075407,1.718455212981203,-1.9349690632633896,-1.1317068055623982,-1.7356948345172032,-1.034661685440534,-0.1578758802734365,0.005935181101876741,-0.04049934704782751,0.1564204777563463,0.6999629792425535,-1.1195200257746283,-0.446201303712948,-0.25238400333943534,-0.7346816286972482,-1.2352363670865472,0.22307117007564364,-0.01482129824824014,1.7695321144748806,1.687377350734852,-1.5875416367275943,-0.12233836885380363,0.5317929546950944,-1.9626201791385078,-1.3763842405439803,-1.1262928603859998,-0.8494907154962098,0.24381888878285815,-0.45701146090427613,-1.5223957789940017,-2.9785800075867814,4
-1.0298228734491603,-1.2994264457147189,0.9527033329777984,-0.8668564807989882,-0.26895756766015555,1.4991231948375279,0.4755191413878669,-0.9909651281407004,0.368364785012688,-1.6833704222927488,-0.15491208020868896,-0.6395050980150148,-0.07351458192936373,-0.7588250255106758,-0.781123681597969,-1.099462380464257,-2.091055167874828,-0.5059197558772098,-2.2631224782284725,1.107031381399609,0.40896236023443744,-0.6915720504480805,-0.8455017644524959,-2.4860684054250233,-0.07899208890574001,-1.247398078140254,-1.1874125700084663,-3.3602213235348195,0.01964977566252929,-2.1426536601430772,1.6667110529594829,-1.9004018620105743,-1.1364681310213398,-1.615901459349745,-1.0434962449839122,-0.2862830358010251,-0.08882614022262977,0.026823055475629222,0.038396365804419214,0.7064296780596837,-1.3301974678493353,-0.27471372593328325,-0.2946384128958127,-0.914637976615281,-1.1943789239817946,0.49932849651422284,0.13796916441757812,1.6340076154543828,1.616798148885953,-1.5610609305649281,-0.24461475938809446,0.7504787303381627,-1.9800580535134027,-1.334928115242061,-1.1068306745475178,-0.7914096069882882,0.1981433446704356,-0.5782091522361141,-1.6259453791117384,-2.938532229066921,2
-0.9591270434508701,1.2446086934571552,1.049065934374645,-0.7955052936415336,-0.24123917606534467,1.2592836215688792,0.620423456825739,-0.9387775130334448,0.3506345272397996,-1.6645212367932543,0.047661679690563064,-0.33165581466995164,-0.058910086518515314,-0.7301191101065053,-0.21864230867875084,-0.8979982036992717,-2.0120814389475448,-0.7361817736113393,-1.9216046219990004,1.2118823465183182,0.4102483458926023,-0.6240703088612949,-0.708641962967467,-2.6027886629843677,-0.26142790465598914,-1.532533563867693,-1.1352851491504692,-3.1377689093686465,-0.26541002479484743,-1.8373652919958816,1.6976164693753457,-2.0386275299572056,-1.2055237447087865,-1.707012918853453,-1.0722875173829662,-0.16548236357353205,0.3408607100786384,-0.054721623749874396,-0.22530114000782694,0.39377007497499106,-1.4047820866327358,-0.47536739534681643,0.013625431127911536,-0.809057894462696,-1.167390788850655,0.2590887431580479,0.04933617161005957,1.6624969100129696,1.833169976779249,-1.4824644499476156,-0.16078072882944056,0.5859291354637479,-1.908879725540313,-1.3591095012560122,-0.9502920598056102,-0.7890254590537372,0.18882711897802135,-0.41349186209858607,-1.5342269433306142,-2.894870227950453,0
0.8865542360985291,-0.628980715203445,0.5776078795730303,-1.889405978839683,0.006098889233021199,1.2770379138702284,0.19170519265932345,-0.38899328119455334,0.39882647315149156,-1.600812168352494,-0.15724430741386328,-0.22825449350074994,-0.46792650848844264,-0.7822827078555441,-0.38527335011395114,-0.9653222231422811,-2.0275856690975136,-0.7232233454323045,-2.1207856020597595,0.7961335784300703,0.7271295735412755,-0.657460319808073,-0.6989171359806967,-2.8018754707636955,-0.4118934813841075,-1.5916332090574414,-1.392548135974923,-3.4991113493534116,0.18664592162631277,-1.9690093593516798,1.6457635293391937,-1.9466465831284931,-1.1413031737257036,-1.8294962620504949,-0.9726736482746995,-0.25373775318430397,0.3811673540698489,0.057640131782157676,-0.22028849585187066,0.6544574071260065,-1.2232087936142402,-0.6038299254379318,-0.305938427880619,-0.7843030070595814,-1.212460778090245,0.28046706209830613,0.0047564053063531425,1.7382491866448229,1.7920902693155265,-1.5735902659560752,-0.07396277590458769,0.538320302278624,-2.0106799825315087,-1.464978324558417,-1.230978974595541,-0.8949987774894003,0.3252440587875605,-0.41270194074689154,-1.585155245066031,-2.8046001827820626,2
-1.3352267169666943,1.2926791033761447,0.9727944763236702,-0.312300112690311,0.25085527704150784,0.9450129235243081,1.0985935070034547,-0.8216375760664165,0.12375032809985675,-1.9992993180200815,-0.24529153602596473,-0.39285909938799196,-0.024360514891307722,-0.8800086627484082,-0.8193005430921886,-0.7803658675866573,-1.8654699090160478,-0.2391470408469834,-1.9348579531569314,1.3200019132650926,0.4652623060730305,-0.46317801277251147,-0.81081985192326,-2.8988609841936492,-0.009126271762977561,-1.4231157611694853,-1.0507044120568654,-3.576379724795311,0.23564728455020995,-1.9984005032390308,1.6593285505234523,-2.2669272355293777,-1.4047866851629716,-2.006548463289633,-0.8604277189759066,-0.25949755187623613,0.2314658545563798,-0.19862649775728225,-0.1060401364068472,0.7657180650258517,-1.3330702703025423,-0.56816896942683,-0.13560878453750744,-0.7855357070254856,-1.3240410672670408,0.26704744304057665,0.06438918690796404,1.866722255774248,1.7064337214846728,-1.3847577910171727,-0.131892852142381,0.7498620953150473,-2.0694864970529516,-1.2220177511154167,-1.0435005462868554,-0.7685835566371853,0.23990912786926896,-0.5240392394665038,-1.7300101053583383,-3.0974807983236703,0
-1.9443704797409675,0.7774850413409179,1.281602758596434,-1.3743868844361657,-0.04315282039120069,1.8734589577828211,1.218860022823978,-0.9160390365239545,0.06599033304776375,-1.753504388797806,-0.05895715760684683,-0.5463460316492142,-0.2962767291089856,-0.4416138130375231,-0.49812559406969115,-1.239896905485828,-1.7387693693004265,-0.5890820179750373,-2.0166414667193164,1.42805562121392,0.13042061029005955,-0.692610875302713,-0.8254720845046382,-2.4850630926937427,-0.46693124982343553,-1.4178360568644102,-1.0774434554260834,-3.4026271917369137,0.13011144673750513,-1.8959050687855332,1.532421688387411,-2.026865121605482,-1.278727523675937,-1.6950753530673,-0.8224569544832535,-0.3749281166867383,-0.1049593098417324,0.07794957807042124,0.1756022771441516,0.5214795707510326,-1.160049049392582,-0.6594402593105683,-0.22948671745486363,-0.7711716679647413,-1.301072368667875,0.30507259512724205,0.053155480245638306,1.7480334056603573,1.5427877606126106,-1.6671044349523758,-0.1574599703713088,0.6692259006739385,-2.1053913880923103,-1.2755570857416307,-1.123883124904796,-0.7886737554318057,0.12856095429792094,-0.6573105437742387,-1.6915577426700303,-2.9084618397708555,0
1.7378645346762487,0.4539791388234998,1.8904284373364808,-1.399009238038016,-0.43716535312376253,1.4437633402519114,0.9889986096574623,-0.4724503772548639,-0.1229172916256876,-1.3978343584842856,-0.6121149311420795,-0.5182320604480779,-0.3972158099701044,-0.45638963457379406,-0.8900480941325671,-0.9412778309383866,-2.1323160143574404,-0.4198561310142153,-2.1417294336076096,1.1101273178042221,0.4126769846433722,-0.5845104451859418,-0.8215391479720657,-2.6998925458642877,-0.15951282597428407,-1.3021460671987932,-1.0926439349638177,-3.155298129007579,0.124824340146422,-1.905556829742668,1.961708432570121,-2.030782467639707,-1.1320650806345072,-1.7595121327033083,-0.9777136269073415,-0.44175030191854675,-0.10211622929227948,0.22571504919986693,0.016483868634729976,0.5843688340721086,-1.403418469542933,-0.35473957400172407,-0.3415603286544216,-0.7036510874045383,-1.286668839141126,0.2939361629020456,0.021235811712623016,1.7206036391776907,1.6683985438153617,-1.349707295687369,-0.07283650163539461,0.6592591948850788,-2.038972532871142,-1.2937966065268556,-1.066862503225025,-0.7762678277837927,0.3946152556830764,-0.5802227703798699,-1.605456339835838,-3.0794901786821467,0
-0.7768014709806769,0.211750338698308,1.2557005813478166,-1.1825155162777845,0.36325977927021624,1.6081876940742745,0.5851112875438595,-0.40155247953553674,0.4679790298627471,-1.3005192202623408,-0.4569426921539952,-0.12594269211191367,-0.2520315489167613,-0.7259544019190027,-0.533509126617159,-1.2359148798467319,-1.6668216840806456,-0.5189656720237319,-1.8091666435338274,1.1427756649354803,0.21788427862626025,-0.6805706469916866,-0.5648329320480584,-2.8603791478594136,-0.11031893434896121,-1.4364987055427343,-1.3881709806948284,-3.5161170809238995,0.1810559090928398,-1.952132854336401,1.6683963233474706,-1.8277966362820761,-1.1499516451402332,-1.7841050636185138,-1.0488290261196016,-0.4094374175287328,0.07271895495850154,-0.022539774917876676,0.047439657427448934,0.5492399799060932,-1.4354634706002276,-0.6403353805017777,-0.2804431610647878,-0.7742534633272994,-1.2107605642440502,0.19772530725218995,0.08583705491093717,1.7237478678094753,1.7393464312305276,-1.3584472881962475,-0.14833539114847116,0.6143566216870395,-1.9155512437398827,-1.3220592012712025,-1.0750039118586978,-0.8013286712148767,0.33341743212241937,-0.5880453765273512,-1.736805434962801,-3.064618459527994,4
-0.5819667933376746,0.48807652077566704,1.3454744878076177,-0.9287000240219472,0.7716634476193241,1.3876064370449779,0.45778447087191154,-1.456319600451501,-0.15703736958439146,-1.3200576760271552,-0.3488979325899925,-0.2752589572257811,-0.18328826613276344,-0.653338938535349,-0.7019468325217599,-0.7805084754609873,-1.9341114420998604,-0.5122499194543206,-2.109127729265216,0.8984348371159625,0.1497872888972448,-0.8214835121601396,-0.8615931851902224,-2.705319217099586,-0.2807561055132848,-1.6363339912478247,-1.106256945911286,-3.4493506316943257,0.12823566904835815,-1.9709168828109278,1.4553421420762975,-2.1504416319706574,-1.0986173638769279,-1.7583385618579133,-1.146228130016405,-0.263856347536279,0.1153145182270466,-0.004487973836073383,-0.18236805652729346,0.49999486956428996,-1.451684932615139,-0.642430434195467,-0.3947895135425582,-0.8356993407816935,-1.1441791601701685,0.4946104636586991,0.10643583190698461,1.645464911613745,1.7751062458688054,-1.5211595131736142,-0.1733228354774084,0.7669867739018054,-1.9292805955343366,-1.2608179157372108,-1.1953695142519638,-0.8034616535573544,0.32186771853223667,-0.4432057837822655,-1.6488588389595615,-2.8664103291911345,0
-0.6133932033037867,-0.02894894197085912,1.3314714179055067,-1.2517394695824604,0.5071157783823453,1.0313364461451187,0.38437775741304253,-0.730076905552121,0.13946924345988684,-1.5137952994330492,-0.22973414106282744,-0.10528136581221981,-0.21165947456523346,-0.21061036216916684,-0.6273979172220452,-0.6599071575098951,-1.68362244427048,-0.8467228322156028,-2.3364688478491127,1.4315649964715993,0.3804160160625971,-0.561790750822344,-0.8477600370410282,-2.545488465156446,-0.0005411898501332946,-1.3939277187242665,-1.079573931295808,-3.3753964977407316,-0.018211439594278483,-1.9542331134057815,1.794578558911646,-2.0854312836148483,-1.4031808924563305,-1.6102321994249287,-0.9777901750071258,-0.49874783281679536,0.1060908711471734,0.17527522391861497,-0.2693661269931781,0.7522431218177287,-1.3274382894062955,-0.25314580824968136,-0.38373439633259954,-0.7662923609975028,-1.1461132894507506,0.3537225350938346,0.02186845489586592,1.757058282764241,1.5067346938005954,-1.3263133129392837,-0.23981993953321168,0.6415783326771654,-2.0228525726849735,-1.2202880879567526,-1.0139883632307787,-0.8664624495305856,0.2214625470546811,-0.47608241789821404,-1.6419681818277938,-2.9221598811445886,0
-2.2010531782063696,0.4885836524680389,-0.0430756783420716,-0.3762612973191922,-0.1518489864101919,1.126189453725305,0.1429306654268504,-0.5594281534457837,0.046927453495260174,-1.1584969020441558,0.08964455198674864,-0.029744087315322076,-0.026498139204265136,-0.44188544566203514,-0.516370192918756,-1.233358761551324,-1.78514478328321,-0.4628083558478309,-2.0483040120593943,1.4362114059323612,0.3483461258285908,-0.442733061378931,-0.9955345417470047,-2.6068510900692536,-0.1055465352834631,-1.5372172360585483,-0.8900349456052933,-3.390442240305294,0.16527035160379575,-1.7945438169043766,1.466484981832498,-1.9723251207418209,-1.2757839035971148,-1.629602562240491,-1.0325634977329703,-0.31976035653680307,0.1229756383177307,-0.14510469398498138,-0.3078051823096716,0.5289869736823345,-1.2428958411221913,-0.4051499543054383,-0.23768185232201675,-0.6537825301773805,-1.1284945032385707,0.32634655959318637,-0.05788899317592974,1.7269313903728767,1.786363075420796,-1.4330356711723076,-0.179972429432991,0.6922074512500591,-2.28802058886986,-1.2832017190922393,-1.1044009851750956,-0.7889429662212183,0.4333208504205912,-0.42644136963255963,-1.6498547274264865,-3.003824916226313,4
0.8291748735168533,0.3101815054678461,0.7330192458181989,-1.3593804067654893,0.500687342206335,0.8682897640919425,0.3986942828073951,-1.02205751565961,0.18753720804981142,-1.4194083592844056,-0.5491144665191339,-0.835911384475863,-0.04955667808703779,-0.5619853649887152,-0.8583520474893757,-1.2933608614369958,-1.6522525051083663,-0.7381666683707158,-1.9017985122511656,1.162738077423978,0.519837058919527,-0.632158370287873,-1.0662906698079306,-2.486353017755092,-0.337301707796783,-1.2753900228136161,-1.2892387896460884,-3.2749838985102135,0.17680670691025072,-2.141357629739919,1.670621636811033,-1.9208891542419335,-1.2322427840202548,-1.8889105250468325,-1.0177454965822332,-0.4071230288030598,0.3149132322891697,0.10038224378168761,-0.13463116139325665,0.6990186249236868,-1.5035706261606887,-0.37693136400164007,-0.2509610232873163,-0.9251882044635645,-1.1031264823991531,0.28410353505586033,0.007856746881879033,1.7928376609540675,1.6855008196972776,-1.4405591353395337,-0.18811302909879296,0.7408256100005851,-2.137252220626071,-1.33290555512114,-0.96774325963947,-0.7548126961945164,0.24538148071308774,-0.432026418129765,-1.683536048885094,-2.907532504240009,2
-0.41847342197202586,-0.30463904062672076,1.920512448722775,-1.9531066045020133,0.44541580200376607,1.574215429216739,0.6450009956393419,-0.5395923010102103,0.03074076153943825,-1.4224301021008463,-0.09670731637875676,-0.5768852518020435,0.06983247737181134,-0.4260322709484261,-0.2892221459577783,-1.2195751584508245,-2.007112337372274,-0.6275174617305713,-2.0679359056140685,0.8881361866443882,0.3918032925532607,-0.6817446470380707,-0.9484489923067021,-2.8475170674827295,-0.12146285904822789,-1.515076462730928,-1.2264337948711144,-3.5709657391696643,0.22983556492611235,-1.7607054795274575,1.4068654938124117,-1.9655872312406322,-1.1311261484980006,-1.7139999871915585,-1.2601145959125932,-0.2631691426612633,0.1378450510792743,0.0608282431704997,0.07801264764234356,0.6597391905416936,-1.4355169470118672,-0.22169702016675163,-0.3339028068639187,-0.6940813629586863,-1.2547668341436853,0.4198031559169502,0.0975403800753068,1.6517654724806656,1.6435525648642382,-1.4601007499818246,-0.14102117091636146,0.5728905055636188,-2.0638745191761445,-1.3702139863089824,-1.1607993078129748,-0.9013356579895747,0.252746842080515,-0.5245632594436502,-1.4989031145029057,-2.937924518650874,2
-3.28625288798771,0.7158636345312184,0.3544943161669004,-1.2467045162880552,-0.22360921369253045,1.5662306655294318,0.3741647494623881,-0.5735251266963908,0.026509698075921045,-1.578953579939975,-0.486064460464516,-0.14932096412061696,-0.28283284914015633,-0.8646309625997254,-0.8188009811363407,-1.2010957786590026,-1.7031099316291578,-0.6010371693064538,-2.3850847724725175,1.1482924951048168,0.27790943283265,-0.2827107881966187,-0.7218224374666913,-2.3861087185830407,0.008983288817918073,-1.2339815731076809,-1.1057861330584495,-3.4897389968646864,0.2422434492968248,-1.632063630440547,1.4527002385950945,-1.796068278867523,-1.190435298746656,-1.9215985563650941,-1.101099205766012,-0.34110660300312945,0.11908595883528793,0.12550877782961406,0.023985811670621512,0.6606153162827898,-1.1991951881483809,-0.3575586127062897,-0.11820275852419582,-0.9007949635170571,-1.3223527306526166,0.28449513693658746,-0.05482334248527622,1.8611256844645774,1.6625134041982788,-1.426731497629353,-0.05838523312392478,0.5082280963485194,-1.9851867828572778,-1.2942965818718812,-1.0108137356896376,-0.9442682983260439,0.17512303645780244,-0.5637101546603459,-1.4868950798243055,-3.011374248778022,0
-0.19880394480055325,-0.36093499268658924,1.2462282847683306,-1.8466158388777714,0.055945127807146194,1.4884635829262367,0.7491417665351259,-1.0307462096442421,-0.24468627792493552,-1.6787654935228566,-0.3649940697482789,-0.38902290098186,-0.17667932973029302,-0.5589050249575782,-0.6889700958713649,-0.9424288045061491,-1.9327049241745433,-0.5389873290867095,-1.973865823705012,1.5133855084125274,0.2762491383525526,-0.6297667748514877,-1.0207749232130523,-2.651087929341052,-0.027639555956306017,-1.5022774910522452,-1.085757427822538,-3.248180103533555,0.1965532183717623,-1.7535773299749224,1.676982162960678,-2.084865686634134,-1.1891404616660413,-1.8527794985221744,-1.0538156843114193,-0.3518271518564704,0.06172393347283704,0.27164006460606954,-0.11795288509308785,0.5753052362865011,-1.3916553903050932,-0.2533954099884397,-0.1680258650562278,-0.8366267862921173,-1.1570435404941686,0.29759355713194047,0.03856535804534767,1.9597951014523947,1.668844316724642,-1.6636437361393719,-0.09139896949102333,0.6939463957320754,-2.0459549394887064,-1.2938671561867447,-1.123697844582976,-0.9477761407987716,0.28472125260492265,-0.5826687979805723,-1.7168261174045243,-3.003706645624609,0
-0.08788357205291542,1.382291565177308,0.9040402467913495,-1.4526459665960578,-0.7686131769776389,1.360752313726157,1.2495084232708793,-0.9854479785176067,0.20502584542108435,-1.4849496944573706,-0.5247421784506087,-0.26777823784196986,-0.36507084566366205,-0.3568791182302219,-0.9823645356041701,-1.2720161804132788,-2.027786789567237,-0.504809359760696,-2.1914076488808765,1.1032273813380844,0.2055086371341927,-0.9348835741046854,-0.8923773912184936,-2.655117912662788,-0.08421739339219586,-1.3637756186935783,-1.005342138033112,-3.495602070019326,-0.06006000989581903,-1.8784717484063396,1.7491690817361456,-2.0153944199834837,-1.117931627891347,-1.746081831090526,-1.1222768718040674,-0.33064830444731474,0.010685384881104876,0.15159550680900774,0.03646825840326812,0.5886906470216893,-1.3967084370898748,-0.38131452051861836,-0.4351779298843873,-0.6532586559039432,-1.2921265471151813,0.48420309197217315,-0.12577070599790338,1.6904160747502486,1.8051961354671882,-1.701858048952552,-0.17672342548998932,0.6041969110474017,-2.112470350145246,-1.2623193793239051,-0.9962824443134483,-0.9887215605834525,0.35581483459117813,-0.6581019644168504,-1.432810040125402,-2.9781621252873625,0
-0.825249251275531,-0.010279116925607346,0.9556522966266194,-1.92480120085385,-0.15422676471719052,1.255437788487542,0.7780742758574613,-0.8125454021933484,0.2210394316860761,-1.3698261369207518,0.20490876919570494,-0.13695870759542422,-0.052371218100698474,-0.9302084301574657,-0.6697223950567565,-1.372106563292876,-1.51070360368636,-0.31997497966574556,-2.13928705005208,1.3335256666776147,0.2753281905280439,-0.8719916843152822,-0.863025905218787,-2.4777708966060072,-0.19169306661250185,-1.6325915370415398,-1.1513647964241231,-3.244799431552414,0.27172017643870505,-2.1304193543549523,1.651088234975672,-1.881766420800975,-1.3213268887792113,-1.7263791077233166,-1.0582283867154698,-0.1935087917492187,0.32685195862749183,0.17469503075135664,0.10957415091506462,0.57548893820023,-1.3094899427399496,-0.32246054152320147,-0.2190969495799855,-0.7603671559835176,-1.3360892060611032,0.24764278570647152,0.0009803740974212716,1.6862407616408832,1.6495141997465346,-1.374440782429149,-0.056898342055096376,0.5452610045444499,-1.9384551905741585,-1.2265227248980533,-1.112233371981381,-0.8038375683319436,0.21067199112612744,-0.4237403705736495,-1.680599738607009,-2.9778244419559243,2
-0.829770078012916,-0.3793441598228293,1.1947904322451088,-1.1189117813419052,0.12441026918723572,1.1946650595418407,0.4661520496352771,-0.4084708624141298,0.027442268465953545,-1.2085276230310165,0.29033439368676994,-0.5381079532764141,0.0005549578511026831,-0.4387305270530661,-0.7358071123528902,-1.1025372675674896,-1.9711610681839389,-0.6778007918187055,-1.7936442773199768,1.2709698664006353,0.34766288010974133,-0.5251795236465835,-0.8457529167210251,-2.567682129773342,-0.1062079426358248,-1.4644914989099356,-1.1183192364238232,-3.485858474564826,0.049004756938724164,-1.9380003442608837,1.5785982931403542,-1.938907359962582,-1.1152029603101854,-1.6067952162552381,-0.9296948895788446,-0.36995021851065685,0.14464642996641267,-0.06823887588855196,0.14654923962405586,0.49842019753634914,-1.3675405105690268,-0.5454064186288936,-0.37720689431759913,-0.657673638354998,-1.1354644235933324,0.3622487595670911,0.11607414935263163,1.7618140692439443,1.600706469555901,-1.358535066745413,-0.090310126366414,0.5237077000317728,-1.894025077621308,-1.2197813411329372,-1.0499889271657121,-0.8772870061725796,0.25955453197953776,-0.4449057973955931,-1.6397645662048117,-3.052800936053333,4
-1.2119145749163929,0.3287029789813182,1.4963236473021264,-1.9440487953204222,0.1528878801260279,1.4623935841670026,0.7885454655670425,-0.5467700293909968,0.27903972903541696,-1.0008600682614173,-0.2701148464337588,-0.8453289249875753,-0.3963359087077313,-0.3751399443722287,-1.0403145432322327,-1.075568787596734,-1.742351804513075,-0.5508425558734784,-2.1074114224239775,1.1264526391410206,0.4180761282402925,-0.9838547456662559,-1.1450773325544972,-2.5092271751355195,-0.22687117835799006,-1.1635211624448025,-1.3592790294649093,-3.410352950936044,0.189077604511122,-2.105376129117302,1.8062955501601319,-1.7369357365790798,-0.985834532306264,-1.683138070082611,-0.9559122853924016,-0.4822521434455114,0.16134634451461452,-0.026305922107431323,-0.17916668693305693,0.541793542765258,-1.377922087205575,-0.508777717104381,0.08490286954828674,-0.7837294367587752,-1.334641101686291,0.4314232567172848,-0.05636833286747171,1.5446843231350769,1.6521686373064897,-1.4301634356619497,-0.02948901532049386,0.7339422148833069,-1.9671349614217895,-1.293607186104433,-1.1979394185239536,-0.7894271428767292,0.2771646004657975,-0.5393472574702247,-1.4715703823240638,-2.8558995100225673,2
0.44796738621471255,0.04557814437509328,1.0712903148086481,-1.3000077625577187,0.3353998788309928,1.470322230612356,0.6961797436532462,-1.1024748033938867,0.6368337016824874,-1.4552323031718022,-0.6030370037257982,-0.6228935893009869,-0.5271858529937088,-0.6839689882424921,-0.2934147803604512,-0.9998014885010833,-2.022993820425562,-0.5786036288845187,-2.4298114111495273,0.9813107171461946,0.5100232096616708,-0.45570893078395625,-0.7822940010943183,-2.5320623976567607,-0.26078949114810024,-1.6175932654393426,-1.1473784704196834,-3.5902312574449615,0.008284190188245222,-2.096795445180973,1.541765269992522,-1.8404490545907313,-1.2448942848532252,-1.5463968146225482,-1.0605245837001196,-0.1981270602212484,0.055881899798438606,0.22838026253868104,-0.2605336938577889,0.5060443342448285,-1.2557648258876248,-0.30480774227081503,-0.1436103709551006,-0.8059088462852756,-1.2964805603880993,0.5383642927497296,-0.07424824243651035,1.5429792241147449,1.795630454522755,-1.3749531965683506,-0.23933553830443718,0.5310989724045689,-1.9863102643999673,-1.3714008599562397,-1.1240646392517013,-0.7951735760355872,0.22152635369309198,-0.4461931252006338,-1.5249218398415514,-2.8849342453475204,2
0.3471795747253764,0.5585424378865153,1.015165259539747,-0.634076056893314,0.7064077748846891,1.6125745735899266,0.9010070248178521,-1.0599606112237416,-0.010805873481419315,-0.9582604638356491,-0.31423177509508193,-0.40348086868614186,-0.2326398044731626,-0.8912510615423965,-0.3935078141151656,-0.8592473295085353,-1.981298174946874,-0.6519791555974787,-2.088015478658258,1.2254991696786246,0.22557710802849906,-0.7790972507904533,-0.7087141801671074,-2.9747667838428553,0.022440849950536412,-1.5700096903117235,-1.036810237580659,-3.4764065207570187,0.2626334940016974,-1.9738569417022438,1.6215804867605734,-1.9857742100365523,-1.2399395036739214,-1.6647054889612682,-0.8705345720615626,-0.4083651157861883,0.2710830293391377,-0.02741327797063907,0.009916900925062588,0.7008701223981803,-1.499259644542782,-0.33838746181504986,-0.21827852330211717,-0.6761078361067085,-1.343958247586463,0.4672053809617671,-0.023090291734846634,1.6459400913337547,1.6492976646413153,-1.5245646148790777,-0.1161957656714186,0.8723455843719806,-1.9741148020587234,-1.3070084371458497,-1.1668197862492187,-0.918649227963579,0.20307526763102887,-0.5757622360318186,-1.6236931682141662,-3.0798057443361473,0
-2.295966671210253,0.18540142464108766,1.1008051381520843,-1.2283581595471738,0.4992297701155418,1.0803878854332243,0.8058884315685473,-0.5800877231007842,0.49153078146225276,-1.3906906327660338,-0.33150260769625844,-0.6673868671073004,-0.335463972437741,-0.7221033600221239,-0.9028666385575838,-0.7329900814390181,-1.9122891636710075,-0.44358196262576804,-2.193126144639574,1.1281596048223124,0.45118135260131725,-0.6032049172435408,-0.9825862165803382,-2.834827246651678,-0.24237139845504893,-1.5845930055724604,-0.9198931079097894,-3.4275837976802377,0.2792635716576014,-1.864441173959443,1.834598444281595,-2.042871538946637,-1.2951138605779335,-2.1071235577877854,-0.9135423387536692,-0.4546865460014534,0.22204934565724782,0.04504588204442629,0.0741512394785977,0.7646885525841124,-1.4006798226755786,-0.4482082482807928,-0.10416484543939641,-0.7227020001355069,-1.0595446676388536,0.41242781870705464,0.04049598241033094,1.7413884969439755,1.6508388346383385,-1.6310568170486324,-0.026832619546341085,0.8719020265563316,-2.0233253476468076,-1.3203244198030593,-1.1163399658078925,-0.9241441694763137,0.26912743881698836,-0.5501416154403462,-1.4650304363092386,-2.7505792890400143,0
-1.6085501430616755,0.8704295430828001,1.710130155356107,-0.8001242028095203,-0.3966845011994257,1.6874334433175182,0.65005368213847,-0.7203400975275516,0.20617094428001242,-1.4352710222071554,-0.3646344730903729,-0.8057430621545234,-0.3403782491664023,-0.41361858879498903,-0.6331647260277534,-0.9116234419713459,-1.832070950815213,-0.4381619510603545,-1.896249816118162,1.0222144840486986,0.13963984322652087,-0.5706920188327987,-0.7755256214186002,-2.5700233224154925,-0.048033988291883434,-1.5361740855051138,-0.9992397525965385,-3.4242919135096876,0.24011803435641477,-2.0561664050521955,1.4846564022480384,-1.9561235793110168,-1.120291972733197,-2.0995826809402027,-0.8783432391844725,-0.4884466191028613,-0.11461549913591373,-0.08694182326939826,-0.10098653685503778,0.7360524454597636,-1.3925468299481119,-0.362615620472167,-0.21406564246030219,-0.8393057889827266,-1.2157639428619291,0.2526351604502944,-0.06301194696293713,1.7261456301522595,1.7386111314682964,-1.572310601178756,-0.12411851151707548,0.6758534780171467,-2.091227412638584,-1.4303450403118927,-1.1222495954725833,-0.8477987523454951,0.2932030155355295,-0.4004351690881743,-1.6906692384859863,-3.0776577173734947,0
0.6072405176844856,0.24298854672945402,0.396735481363763,-0.8996810625749214,-0.3431473229808505,0.7990946930011247,0.6793558295913485,-0.7940117402448518,0.38107346353410665,-2.047461543905388,-0.48643028216192075,-0.5084738535461235,-0.15723039733664335,-0.4780741681647329,-0.856282377675573,-1.0415553619978972,-1.9524107069369852,-0.5601887580813726,-2.061931161855174,1.1468585945110499,0.28755484781618285,-0.4414831787978487,-0.9180203316353359,-2.421286642514997,-0.2327347603989023,-1.4269917563922336,-1.0193149121760472,-3.4211540180223095,0.28069449409363467,-2.01489525109415,1.5303426830417122,-1.9424176569460163,-1.175055461397303,-1.8821795422602028,-1.0824775018871455,-0.4343505057194856,0.1277132337560303,0.019913940149109827,-0.036768879786167094,0.4737388590443976,-1.1099951288860488,-0.4740215449955855,-0.2512574310722106,-0.9428860583921095,-1.3354251186877508,0.4703295762296235,0.17304982915146724,1.9453966283162565,1.6295704872601222,-1.3593317216555152,-0.22710231305784967,0.7131835785060916,-2.2525945935995177,-1.2263207731445709,-1.0781473322691937,-0.9510970261253795,0.2982493173194499,-0.5912382335221948,-1.5966553204100997,-2.82538603728874,2
0.5785040479141773,-0.4295861241851351,1.1562932069821334,-1.7795175760468602,-0.11589009875244204,1.6942592886811472,0.6602099965876826,-0.8353185638456783,0.05207140131990509,-1.6749284089741399,-0.643449753710055,-0.32721142273981685,-0.1525852316094696,-0.3677166730077391,-0.540453601381998,-1.221837221070381,-1.9517252522543076,-0.6608912782866343,-2.078033455838358,0.9502131872354196,0.3181609914506062,-0.49487755468750744,-0.9861030664261045,-2.7208289548122737,-0.36592441894943967,-1.2729739515283942,-1.0615125939467347,-3.125172158652268,0.15549928194827653,-2.064161362468469,1.3787203273624682,-1.8325999962675033,-1.2337825021665079,-1.8536904877362577,-0.868397347199684,-0.39466426589205744,0.22817642566763932,0.12900803941434663,-0.052879124047452486,0.6390054649644397,-1.2431605713749792,-0.5007526247276395,-0.23242606566035284,-1.030205978730877,-1.1576370070787316,0.3440136040209215,-0.019199810234226733,1.7529893573934212,1.9032272141216113,-1.4349391194108039,-0.11444432797686009,0.7699012263711622,-1.9503749910258887,-1.4012551524297971,-0.9156371190149581,-0.8394941209801985,0.2117492970653353,-0.5669586800838614,-1.73888664177243,-3.0600792050632237,0
-0.7088388785596688,0.9668728716498817,1.1609161842648041,-1.1728479128744993,-0.6679450236790678,1.9144275683844794,0.9525137659823535,-0.6704838028984831,0.17761350736454487,-1.5403867463779426,-0.21331638710041553,-0.5630194278693734,-0.06049523952460634,-0.3892617994434417,-0.7367145780361446,-1.018656440397615,-2.0024034877425114,-0.4553348861048656,-1.9584214360451548,1.0279446978770903,0.29384842852607496,-0.6920271108429211,-0.9775758173881991,-2.534589873355893,0.02956910657327136,-1.265687417289056,-1.1261988370250102,-3.4448094671292644,0.18203625815475838,-2.045473169821662,1.9722718540186108,-2.186633351631906,-1.228176807875109,-1.5281118825428306,-0.9938007875378869,-0.2946077976211604,0.3540444484814663,0.2518334612953438,0.006822909349715217,0.6564333203775271,-1.4117245447466698,-0.3725237589227648,-0.21173205714998164,-0.7918507687539988,-1.305781503345588,0.386252051007153,0.018901997046025274,1.6806871208886542,1.6989143532068935,-1.3427505269745061,-0.22704150586639943,0.8103661042040013,-1.9117639653828653,-1.2132928694648875,-1.1830470224159666,-0.8909561618691697,0.3604281968780584,-0.6300772693740296,-1.5868920019449,-3.0510329495706037,0
0.30336021853797734,0.9027505816515308,1.0040709274532296,-1.3238025126138513,-0.7857410188670445,1.2058856689837756,0.020145204448250076,-0.7845760214501609,0.6608738092687203,-1.6645860309475773,-0.32208836927375345,-0.48298581097507154,-0.33982870677667915,-0.41065523258278364,-0.7877316858312953,-1.0165710739347116,-1.6900694249697614,-0.7032672864910015,-2.150066390868288,1.2586680144660223,0.2945054060477165,-0.5300347662447545,-0.6313580960178746,-2.5852506258256542,-0.2159395894855293,-1.3217717206130057,-1.2488389998716607,-3.6175539691321243,0.12582881048027608,-2.1909518660620746,1.4885993848904844,-1.9797597716342115,-1.0733259926644725,-1.5925887973090944,-1.1672423861266226,-0.4842089037949613,0.3227651212396716,0.0849308561206339,0.07652331278898716,0.6025456191786001,-1.2296871239887874,-0.3094948209692416,-0.3898367674644658,-0.7037979308068992,-1.2801762584206258,0.5116100282362523,0.04888195545752127,1.7149011875187858,1.791678635639624,-1.3514844240395485,-0.07108670762136786,0.6287794069465313,-2.0781700236276266,-1.3396588239569374,-1.0120588447916945,-0.8675120370717356,0.2714773825870709,-0.5249939544957926,-1.716661038452451,-3.060483924696648,0
-1.311834773587273,1.6134790927489902,1.485010964421107,-0.34862713435481585,0.21412483248302477,1.1305355075735954,0.7677811529912538,-1.2239790346728026,0.38377999379885186,-1.5507013175933215,0.005882084882184502,-0.6397635037280204,-0.28079535630042074,-0.2688574386554009,-0.9627122007419258,-1.0591754389485335,-1.719603649308432,-0.5554567114505159,-2.1328143185287236,1.104125977393252,0.2879988373815914,-0.6589300198987735,-1.0373771319321872,-2.7971121163819546,0.03982245008634222,-1.7428787255077167,-1.36471766078869,-3.385299749917808,0.26075717918720837,-2.1410964065939218,1.8094950484226584,-1.9635835634151122,-1.0724629177715193,-1.8607564017159217,-0.9617558309829213,-0.2983816733391292,0.06279381624103124,-0.10256134302300202,-0.1791403220071715,0.6191653093490074,-1.3440069743282532,-0.4824533149613054,-0.49598977920310483,-0.8682844101282213,-1.225784645303468,0.4536469087934045,0.18042744803192154,1.8662014531201023,1.5064373899018348,-1.4200220282515064,-0.10764948521914104,0.6405145847874973,-2.0606697974285515,-1.2261629514823729,-1.0380286045544744,-0.9398276464648535,0.3852704740802927,-0.4289732047174653,-1.5228625670136662,-3.0847421314370567,0
0.3331028105605952,0.45679553203730305,0.5348722492309385,-1.0895984143871469,-0.03308291430383122,1.5086999105972676,0.010026294386679346,-0.6717611669691158,0.061336766601769566,-1.0015037553801722,0.11210983265711899,-0.359794400278831,-0.14084068742742023,-0.2442234146323095,-0.71758082453101,-1.1262525293738261,-1.7857225407994592,-0.5546392443271425,-1.91302617038125,1.0173949745543633,0.5792025439281983,-0.6597272374903194,-0.9391908934340182,-2.7681883729633876,-0.31886455072276354,-1.7351062493771934,-1.2553512614529356,-3.367505445567772,0.2665477489144644,-1.7140367876967146,1.6232873065573514,-1.9491734623334296,-0.9067486298417162,-1.776913342460628,-0.8936577957247342,-0.28753301686892435,0.030138955928096414,-0.008646259283103294,-0.26623201308936917,0.7297582620690558,-1.331410988063755,-0.4253218833580301,-0.09435319643580917,-0.6679302982244979,-1.3867878960338362,0.36787090751629514,0.060830970613355656,1.7915193729971888,1.6773545063605044,-1.47101295926463,-0.02810778988887927,0.5371855393193711,-1.9455730854929416,-1.4459549223961081,-1.1149493086995246,-0.7169220038783526,0.20079667939329732,-0.6368155358169026,-1.4951377003350197,-3.050789042804713,2
0.7733003658571588,0.5634837719016785,0.821302660294017,-0.18635620969264544,0.29912529802499893,0.9991025245194292,0.6684689684947218,-0.9468778611805402,-0.02579421022225864,-1.2418644625505766,-0.45318316679426945,-0.4447792392684136,0.06566213537789944,-0.6614125893270857,-0.6924193236571045,-1.1707300367443367,-1.7814403528659926,-0.26183743697918455,-2.0248895135651996,1.1226005575298725,0.3280955586998324,-0.7768545809685103,-1.0610777647676035,-2.954125519822421,-0.03404976003142188,-1.5598247819246749,-1.2210746860847996,-3.387707151934443,-0.03644167785428895,-2.0711841681529966,2.0532674034729346,-1.8276983673594331,-1.1240180444234946,-1.7484183349217386,-1.0232130020012717,-0.3778774973031235,0.2843420757790638,0.2348274162935074,-0.18770616366156334,0.7397741817634055,-1.4037710271195245,-0.34543445899024566,-0.17643020706155121,-1.01555959055886,-1.3107308427458202,0.10792007093991363,-0.03537671023852469,1.6407732766693477,1.7589064696899028,-1.4661882937704132,-0.04912937160966095,0.7431495588946317,-2.0121608127076493,-1.1609217446073279,-1.2183356326348165,-0.9416688283294008,0.08637037878753004,-0.5292443819798669,-1.628800847775324,-3.12082538151613,0
-1.235797115583897,-0.5490669230678237,0.9681293405240694,-1.375672179521227,0.21405167599239988,1.7109925613106711,0.7855428949593304,-0.8216108934326343,0.18127135606570668,-1.49696156489096,-0.2871589241004272,-0.9169692289874045,-0.34524025143957077,-0.749168115137004,-0.6326772465208853,-0.8779851504246279,-1.9667181870968822,-0.3596021649229256,-2.2465945340117885,1.3293444336571174,0.46001522980306075,-0.4110505823040325,-0.7971408296385203,-2.4906215425682445,-0.3623819490350746,-1.5854669209948349,-1.2010226625368345,-3.3167833836429,0.01571304082585101,-1.9000831039216382,1.4147122675050903,-1.984570133633198,-1.1619785859856147,-1.9332323570991312,-0.9778340301044194,-0.3222503327600761,0.14915972116036672,-0.020254400265196065,-0.0026720337937192057,0.6122994736174684,-1.3823749462211765,-0.39786980391612214,-0.46813399924507737,-0.6443507724243664,-1.0502377642922502,0.2069254102607861,0.10032733733216313,1.7110331569389075,1.8426979604803915,-1.4552484475599698,-0.018912770222238723,0.6823551322426326,-2.001956745533425,-1.2729895020701076,-1.124247463141863,-0.8221052534289516,0.17049024830507187,-0.6746826765047359,-1.5853366871779346,-3.05422835565272,0
0.2047647069426023,0.7266481086767839,0.9854360731065333,-1.3653060379155388,0.2796261796702,1.399958272519002,0.5854968541960963,-0.5482955274127417,0.13062355684803045,-1.2831006430725063,-0.35075652433587146,-0.45028683070049197,-0.11994300220639839,0.06978517654709648,-0.7234455944732645,-1.1676144334462202,-2.029967702955959,-0.5201036405504436,-2.3811845473459163,0.9597222366189133,0.3442524497532326,-0.6069637824000336,-0.9299091789797527,-2.491821608778645,-0.22901372627006286,-1.5169510545590061,-1.2549782287991924,-3.3766125009354306,0.2295450393731585,-1.8424785745858545,1.4622314740803037,-2.0411812771679725,-1.0039761087990826,-1.7491835930006783,-0.9922006908207337,-0.2268277330523173,0.2612256354823912,0.17124394731489123,-0.08607505652212061,0.7587129882668566,-1.3959183442305159,-0.38993221561634667,-0.25129400488784515,-0.810941914940462,-1.3652447700188355,0.09230323779840105,-0.05737111017969068,1.8021396113535944,1.6953815223041395,-1.3072796079984035,-0.0826911198633433,0.7034935711070445,-2.0142792155747724,-1.3404605487401158,-0.9016135858817677,-0.9292729725465168,0.24567796948612913,-0.4505682164119598,-1.6092901391796457,-3.0147670639827155,2
-1.0573077444212755,-0.4304976582461386,1.1325918710326464,-0.761749890407308,-0.1383887161901629,1.338261955499557,1.2016851511720883,-0.5735205023609543,0.03642706466991977,-1.7977790988841074,-0.03291205379038645,-0.44754137693139356,0.2293449257086565,-0.4637605496684818,-0.7078170542323329,-0.8865144546601649,-2.003090942515044,-0.7825168492651882,-2.0214099724414702,1.3550727750394103,0.10190058532331217,-0.8423564363446239,-1.1277546361396817,-2.6598908385952633,-0.06748782342464332,-1.5659412338455772,-1.3767121151720374,-3.5703376983251935,0.21552114215422508,-1.8230308575249015,1.5766768144472896,-1.643463637167609,-0.9452335926354176,-1.92937706166088,-1.0130660359206975,-0.3032440261947512,0.13588796741399142,-0.05226377190442401,-0.09778058240111338,0.5585365817309017,-1.3558284098641233,-0.5208152937259258,-0.33336529460863795,-0.7986438423746739,-1.2054321463000561,0.40670448970950046,0.08306130922713661,1.6078406895998962,1.7322088507680637,-1.4605582359451896,-0.04010693063716167,0.5867705513458275,-1.862999541332387,-1.2367468573318163,-0.9838857055970759,-0.9924084901857968,0.22099903939560944,-0.4888484925957208,-1.5450718321988641,-3.0254656893252725,0
0.8829706347260183,0.8652721668828178,0.3616349845936535,-1.336135358794106,-0.5915292051219561,0.8515272791736918,0.7730428049488555,-0.8391583000541429,-0.15083876036763944,-1.5960877615216076,-0.5710773616058518,-0.30599656647564055,0.004978348980356262,-0.7555377565743993,-0.5821217063374197,-0.9882076119586265,-2.038777971081448,-0.565394207695697,-2.3442748795390767,1.3592340473594993,0.29787299485794794,-0.4273328540938273,-0.7127184575530258,-2.686990340130261,-0.28625055954371803,-1.551622725338245,-1.258137196598096,-3.630655151178116,0.09117022457705949,-1.795098677046687,1.6461645162254717,-1.961801040516676,-1.3199285070748605,-1.760991409570341,-1.1616969976820346,-0.34767300768072246,0.17370459432828775,-0.08589178526053359,-0.22878369540084395,0.5661005663833846,-1.3105496389556555,-0.31063907539223207,-0.14129048125140925,-0.5378676764675502,-1.1294526808675829,0.3279922605454754,0.15608216541271613,1.701452091333501,1.638904872155693,-1.493593580523409,-0.08047942292455305,0.7584486053874676,-2.0941378137332745,-1.1792445026592746,-1.088703391958213,-0.8179712550639344,0.22212976922121658,-0.6686428438324895,-1.5336597510435028,-2.9235190524804873,0
-1.402500368077527,-0.403343911032228,1.5002062485188703,-1.226275421631128,0.33410700896592105,1.3372829834380788,0.7554169487486613,-1.1989571035840298,0.11915241855503016,-1.6838945910660976,-0.059036915007148194,-0.49442554887395523,-0.12369855493799864,-0.5412232371644767,-0.811619826599272,-0.9091391264922706,-1.956052694067407,-0.27888285865718965,-2.0765514301118917,1.1577255526565686,0.0999978607084897,-0.81049533423013,-0.9047593858976626,-2.4866035997392064,-0.34360745102988777,-1.5980103225573121,-1.0691036175154485,-3.561419670839197,0.04529271645855147,-2.0774434180362618,1.7004259693227357,-2.1073859354914046,-1.0233848430720942,-1.8271165941816838,-0.9505394795119161,-0.2461722752089699,0.10904894483343361,0.17540252224622427,-0.177514113383827,0.6916454270764625,-1.2202489345566196,-0.5154965504026627,-0.3610350727350013,-0.7480548186778088,-1.1868652327448914,0.32840189736054654,0.058252298486448174,1.5448547504240968,1.6700523722823126,-1.4765132784637411,-0.2577893794519266,0.7679286367926467,-1.9203820862208718,-1.4128852667132568,-1.03128134521719,-0.8935810848209328,0.3637232424907913,-0.38696948998136627,-1.541079618287388,-2.979506341529642,0
-1.605808446392544,0.8351795249670092,1.8282869200357954,-0.9675247646964165,0.039393964618290124,1.2989916162639497,0.6031301674341608,-1.0625062497398716,0.5585373901320173,-1.3926121406338374,-0.41243001920661376,-0.7366495484426071,-0.11962586139903415,-0.9157584380145167,-0.7334232860489318,-1.1441661759540573,-1.5942604817952497,-0.8163032845590312,-2.0980880865850207,1.0684940124265345,0.394157329550779,-0.8765634994257819,-0.8571074329613578,-2.4172816193816264,-0.12638573184081675,-1.3165495485970593,-1.2466011558285388,-3.193922775435502,0.29538212828741783,-2.0521548940007555,1.7771661402949868,-1.9053394371678047,-1.3891804417578881,-1.8711189760072031,-1.1145052048823114,-0.17589200988470444,0.16224623338328742,0.05347914149579257,-0.1200342770972955,0.6381667028387633,-1.4676962881348805,-0.2407893337880671,-0.44541970256472463,-0.798133333786446,-0.9854030090752459,0.42757994380223996,0.04486137783936731,1.7173522298165627,1.660584447045256,-1.4733701322642296,-0.20877733036435947,0.6018460132028014,-2.1606850953486596,-1.2990781841607504,-1.1067480338605595,-1.074987401465609,0.3349660379826812,-0.4402972375166497,-1.5057198715520532,-2.9374141934644866,0
-2.6494259433531293,-0.16181494816288222,1.0038717041727159,-0.9082157217268578,0.3964533029791003,1.4361067186564411,0.29166050993883147,-1.180997378137051,0.3639451500074483,-1.5253836909964789,-0.20162870590400783,-0.4436232054742819,-0.2867369262988122,-0.28941129608378957,-0.8032690719242638,-0.9755226815525654,-2.293271125836897,-0.3708305985845177,-2.459721423782797,1.0161963204644704,0.23174162305419382,-0.6070640345414461,-0.803839550530796,-2.4615683013285503,-0.26936732028374016,-1.5295442694172134,-1.2950230194966865,-3.3609231916402815,0.274762411807367,-1.864987321823116,1.6984336260023096,-1.9105919467162769,-1.1894692099427946,-1.7154543375080358,-1.0073836800940488,-0.2846611040897306,-0.02628686043497344,0.12104215690739142,-0.05649333541035452,0.5112569501161235,-1.2339114667670155,-0.5195210535381007,-0.3139416222526843,-0.7890206951404761,-1.3639059486001335,0.4355701727823137,0.005250838913158515,1.6962400345483457,1.651129323956901,-1.4004120095197508,-0.15637981998941244,0.8301774507303807,-1.9683001372257543,-1.2248284887034304,-1.052318488956911,-0.8580785960257773,0.3894140740904863,-0.40923790782446223,-1.5537941066860559,-2.996917346346115,2
-1.1232365603047163,-0.4565025311110753,0.9643040528536779,-1.3592819269931853,-0.2147176973540005,1.6174659625953616,0.20437580798910937,-1.469735452262077,-0.12881811830666756,-1.2529084361176444,0.044444344157464066,-0.36412220626333497,-0.6313719070246937,-0.5887592202500511,-0.6315275645964935,-1.0832185443671971,-2.231729293230648,-0.701355894171661,-2.1565099356217656,1.242428995065037,0.25168063740173063,-0.551559407552038,-0.7664622683540615,-2.6878654588569466,-0.1592011950827639,-1.7056642532589992,-1.1025395497523505,-3.289617567267626,0.23524252359951306,-2.0601135870559952,1.5779176599642273,-2.001423142570326,-1.174420938225274,-1.6454229061989896,-0.9765195425220858,-0.5692873429892952,0.07333899157874514,-0.03753341766240641,0.03767493779442488,0.3640398007789206,-1.455338729061905,-0.4566600186019441,-0.3342826182008892,-0.5631771430691241,-1.1339356282308586,0.4567498372809801,-0.04103378675233464,1.6227376150242843,1.7275876859529022,-1.5665185398896886,-0.04160605206057297,0.6762894431139659,-2.042411275093651,-1.268028186919763,-0.9855170862153866,-0.8181992303438308,0.36855755179015626,-0.3282748951222162,-1.704196194930014,-2.9672916472007946,0
-0.32879788760397893,-0.23159355420256067,0.11438766811389234,-0.6081287881618145,0.22443882720367112,1.0884837305814121,0.612942315467029,-0.7726254590921371,0.02645931774973717,-1.4119619434173885,0.08094531592934634,-0.4364811245831136,-0.42610935472599526,0.03209925414950554,-0.45799098272537486,-1.2453309506492258,-1.8870471127025394,-0.7436613773040645,-2.315513212699959,1.4094727500363227,0.20238231378973914,-0.7996253714378904,-0.8301680406928755,-2.8563463242103317,-0.3409240787295018,-1.6055428662377718,-1.3055538787486407,-3.4392040714435024,-0.027287303802438434,-2.029686802060626,1.765953754721347,-2.1640100917503102,-1.2352099431002492,-1.5432326625719557,-1.1885033965124532,-0.4367280181866131,0.17225072245692238,0.1361927568378924,0.01775745628041908,0.5131070215982296,-1.432320715427678,-0.4886008486715758,-0.35027146226484485,-0.8785721647588619,-0.9772125779370577,0.292407975729987,0.1041925239083293,1.7483789338209308,1.6914059513759068,-1.3458800594707907,-0.2292686850209579,0.7037018089347438,-1.9262587425835895,-1.3201248453880672,-1.0851230020395453,-0.7820403473107161,0.3135165204434002,-0.5457260476783207,-1.6225760766080946,-3.033530621120627,2
-1.9314661443152175,-0.6800544459112137,1.397330368838038,-1.4106616051131382,-0.33437056434778584,1.1832857930637857,1.0326199341834026,-1.2772467885245287,0.7544674618911846,-1.3242486304054994,-0.2530353659597439,-0.630669784298066,-0.22773353095118892,-0.8637680396854849,-0.43954007335922807,-1.0031036625665046,-1.9571694686873395,-0.754630936923069,-2.2337523450081926,1.3895094577563543,0.29003276310071613,-0.4469432325622411,-0.8325986215835507,-2.5738478800829667,-0.2897435871409272,-1.5322234234467358,-1.2176439357336435,-3.780288702949739,0.26656943197442434,-1.7530371739324473,1.5637596134245968,-1.8273560572399155,-1.267044941311389,-1.7514424852956274,-1.0689255097968002,-0.20172834948807064,0.05241812153549094,0.004169398757162095,0.03819968159104706,0.5366162887173117,-1.282700204603617,-0.46467657459113626,-0.2032843664947957,-0.7460156320882556,-1.24001769582757,0.23706973137513654,0.3950064929823673,1.6470307140982023,1.8239203342801065,-1.4029386134656863,0.11550990000939867,0.7352524418653118,-1.9315495554701485,-1.4752218530408685,-0.9853465200510322,-0.896239950578925,0.31536274885860094,-0.5178100621610754,-1.5412062767319232,-3.091009819032778,0
-2.1039265037396437,1.3071966578356742,1.53796069112977,-1.6516351846405228,-0.02306901453010509,1.648525653899694,0.5294313293313988,-0.6554852777266993,0.28004127207567175,-1.5908971667978726,-0.12675770677662163,-0.4891537522498346,-0.176026830966767,-0.8171688464852875,-0.6711554461354098,-0.938216343949263,-2.142774794325146,-0.45885901743874574,-2.082634990252516,1.1104396508659127,0.22116502273323188,-0.422652104194822,-0.8687105523022711,-2.846363614913981,-0.3582153437262057,-1.4628083481896925,-1.3059097103776613,-3.476654930973097,0.12116269891314399,-2.0490372538519472,1.5045955609431803,-1.843544925111419,-1.2813496955104622,-1.8255593342286633,-1.3846493596555158,-0.3484103452862738,0.18298699981280211,0.26957173047983596,-0.017842141150265514,0.6821727281765646,-1.1989868738479397,-0.4402853174292259,-0.3152428097072746,-0.7127878694940647,-1.2968929720945703,0.37345540877052297,0.027991063467170767,1.8961595049578834,1.5573033979810489,-1.387188353451783,-0.053694255127105406,0.7055850770492829,-2.062391907483254,-1.20024855756539,-1.0785134201066497,-0.7438698139671017,0.07382765047057699,-0.46490840442143966,-1.6467494495570538,-2.974249618868056,0
0.5573205641081772,0.44906918243395266,1.351676472119629,-1.449473389068091,-0.6109490489679548,0.7863079131192146,0.20053202444668694,-1.0065447419939173,0.13825482595786062,-1.810573170580068,-0.21804325532367014,-0.6001311176850742,-0.16856401877963179,-0.5260623209496953,-0.3965907397946227,-0.9323299102686199,-1.846889956542785,-0.4560303397336885,-2.2138902062453343,1.1645714087810999,0.5844286290643586,-0.532734611545732,-0.909701401016505,-2.5200449505984968,-0.3384748060207826,-1.2897557954649568,-1.2526058194534673,-3.647756118334824,0.12556880280498922,-2.0046170636057137,1.54937307362684,-2.083897166192653,-1.0702942243025015,-1.9326404479649806,-0.9652048173665783,-0.2742054911372135,0.1282105265151587,0.009945319372410347,-0.27321359629212666,0.6806901530557085,-1.2374870059245813,-0.3301096308787694,-0.2917542863203843,-0.8370151774666676,-1.249510793856149,0.37157244517485116,0.11398901920420011,1.7137326382392313,1.740378306075657,-1.5392912752220027,-0.054709838465681324,0.54865050575049,-1.9708265859348943,-1.29457233800281,-1.0347972322815429,-0.8646070898120016,0.27882319367253405,-0.590454428113536,-1.6612507636170337,-3.032265710598578,0
1.0035373645231744,-0.14399780849690774,1.4232482436982448,-1.5222467779339155,-0.41973274401386357,1.3057452220822932,0.5773921536651975,-1.1286809511499856,0.9007046290005862,-1.584479398099249,-0.1309367922889205,-0.2766604471021385,-0.4887895779848941,-0.44430969514740537,-0.8097661090080054,-0.8567117480845505,-1.5787001087907349,-0.4390137679421068,-2.151941388822057,1.2437432724711368,0.07943354090536975,-0.8071925532921143,-0.8501391649332537,-2.613101591086772,-0.1127881053525655,-1.5196198389642346,-1.0268168088209655,-3.272913350146084,0.3477853577991663,-1.9979919263554529,1.5712108566100986,-2.1320268600564467,-1.190484711527862,-1.918708083672055,-1.041912885517622,-0.06020323898994018,0.31401040503422334,0.027328126391438945,-0.08937786883819607,0.5292965446439624,-1.3296019431369641,-0.2789175805196875,-0.14397594269304487,-0.7803474135315374,-1.1279445356165227,0.18116783769001538,-0.10198159132269874,1.659167020046604,1.8866711403444931,-1.4410355538218709,-0.10475064113356526,0.7292332156420808,-1.9427794066856698,-1.1778448200345832,-1.208756761769359,-0.9463188598607645,0.2466282495393683,-0.7228056101225285,-1.7500421826895904,-2.8876025321867456,1
0.7846706684337911,0.13583627664359768,1.683613764197388,-1.6300859156764291,-0.11110977539256307,1.3820847739570175,0.43212237041822205,-1.313794951347276,0.07513257482821672,-1.2178330057819966,-0.2586643210454518,0.04445415840149014,-0.0970994861240855,-0.6719748777952432,-0.9635956506950358,-0.9806222337459317,-1.9524525858991129,-0.5297941598141865,-2.0569943949394185,1.1844471540563488,0.4170527384944056,-0.8907557796144016,-0.8600098433798394,-2.5364635092167327,-0.12262083531233427,-1.4667272911636435,-1.1653201785471625,-3.3606154247424556,-0.04120832209262423,-2.004018969021306,1.622592378575797,-2.0518616638021467,-1.315510684354956,-1.6175489991861496,-0.8370848408405964,-0.4431025459230317,0.02753985528747517,0.12757344092413866,-0.13851012214970856,0.4373139267750449,-1.2869567576848684,-0.6202526664991964,-0.21317349433528388,-0.8943759995385956,-1.1995684295245042,0.3069433213227133,0.16840621943606132,1.8233296140806226,1.6644157564391235,-1.4699666030007488,-0.19530008373747554,0.6532342405602305,-1.9574976661725814,-1.3471192120121638,-1.0611929701097764,-0.9895513308892092,0.25249719664753995,-0.6282442003873674,-1.543496103186944,-3.0439541514269632,0
0.2076081984386372,0.892105676851446,1.3888246536873792,-2.0579773289072962,-0.07471818085395887,1.316681149450706,0.8921258607149956,-0.6449786565912803,0.41066106352628673,-1.5588667153384104,-0.2578973494859474,-0.7697855646536883,0.10587670827927886,-0.3497170413071704,-0.6214748054792546,-1.1037604343922116,-1.8564686235459065,-1.028752541369688,-2.1558854273312757,1.1510920957339135,0.17008436364692212,-0.7990144823084614,-0.9351223079926074,-2.425978011301361,-0.38113184942816114,-1.4828851278685273,-1.0895271764291263,-3.5359070203876524,0.42314140753592,-1.8094334203523035,1.5625869426450105,-2.0407566218664983,-1.0132311199583657,-1.854689294924533,-0.969553410720137,-0.524217975331283,0.05729446849230621,0.11286150592105487,-0.2066222084743588,0.5927243493455383,-1.2448250209291793,-0.465538616330787,-0.24821535391577554,-0.7327765258872728,-1.108806003290969,0.38367938207028274,0.02692460372022608,1.6794962247540124,1.8223424874963963,-1.4919433444191885,-0.09676273224950718,0.7787811292734943,-1.9154272047830874,-1.2117296617084685,-0.9486037992507471,-0.9572825107490237,0.15585196631982193,-0.7537143795698965,-1.6333839867587965,-2.89780404232323,0
0.5005877049748076,-0.26112152412766876,1.2837811632491523,-1.2919348462820484,0.5873613491543663,1.2978672118530739,0.38915274115401477,-1.0942806934991045,0.49297451679895493,-1.6405828114320502,-0.19223096180307186,-0.15715242427854603,0.10306163709429028,-0.5786689733160332,-0.8985405711620679,-0.9681953146767808,-1.500284109406953,-0.20584716039792522,-2.099004032140809,1.054939114664748,0.2213169598678637,-0.5017843146414697,-0.8690415060175629,-2.5906219542495377,-0.11629750166501547,-1.3879370810092408,-1.0768658393096584,-3.4942646228358596,0.1547090848189815,-1.7952505901075055,1.5700641244648779,-2.061508739513473,-1.0062177761290423,-1.8635143439291468,-0.869575873741858,-0.3330591161857835,0.021084197011606992,0.11801454636659221,-0.11520669331963937,0.6746728440924952,-1.116359573679643,-0.22772245915010825,-0.32775506943534377,-0.73256781945046,-1.1371139550305103,0.580563610323799,-0.04003273089838383,1.7394961151004287,1.780950939956016,-1.4789579347988293,-0.06562665327984284,0.7291923990739895,-1.9888991399300413,-1.1966559239182062,-1.1152770305673199,-1.0087082101059146,0.3073907379687177,-0.5611287191856795,-1.7149485233279538,-3.0949581611481705,1
0.9471939949307991,-2.5752344682234853,0.5271105300290504,-0.36908106112988814,0.4039095034760565,1.8321849802008783,0.5263434855244267,-0.7402350369853901,-0.14216337778472748,-1.6795205682899474,-0.08158667205961043,-0.5341856093605042,-0.4126660061630157,-0.3763028607569516,-0.7888634274035784,-0.9854106522576974,-1.683225108505802,-0.6000838831613975,-2.15562932698995,1.3241542267583641,0.44875780901026346,-0.5964731931487397,-0.6053879656856354,-2.785150144190823,-0.496732082650258,-1.4737545934144967,-1.3877484797825907,-3.2397390131805386,0.14180089053405717,-2.0038859145709154,1.6421615406831493,-1.933166751172324,-1.4368868958681316,-1.6572686207105,-1.0304116134502947,-0.5083397570824619,0.19746520274027318,0.017485062055650237,0.05074422905744441,0.7125009949836474,-1.309926813567919,-0.49848631648392794,-0.3619902364361182,-0.7202728203962947,-1.3042168470967561,0.25147077716738386,0.052157988308726914,1.7055578603669503,1.610781459981982,-1.3945714207506574,-0.053714742271353394,0.757553202560606,-1.9924876102672853,-1.2998392653680089,-1.0612291282527664,-0.8267665750508771,0.2956867323018814,-0.3428287605392599,-1.4830681447110736,-2.9754568045964414,2
-0.34063476945083737,0.45199416482987387,1.6928692422605298,-2.2805752679637674,-0.2599441933514651,0.9582217748654318,0.7162337428546629,-0.9072660113580651,0.18917544853882282,-1.5342450207040925,-0.09677072360085032,-0.6617843469498126,0.1082961823975061,-0.9311884910490993,-0.4213611947024316,-1.1361363701110965,-2.200273402230792,-0.47998900785181986,-2.154317270605879,1.0959430085631767,0.3155108942253512,-0.3659426736883672,-1.0682018350286002,-2.7260773119074715,-0.19244519456033668,-1.3088203607158613,-1.191773542682733,-3.298737409966137,-0.2305117602940237,-1.6789060809350078,1.5003180952987696,-2.1066962353459395,-1.2480402582007848,-1.7606485416923516,-1.0818104957611379,-0.31747198399805726,0.21905469460433083,0.13287907109880032,0.012758194577295517,0.5834708953019339,-1.1377353490825972,-0.41623252066304983,-0.32646181020383075,-0.9974683761138826,-1.1800155478652916,0.08956700633681963,-0.1682580481622804,1.8011548592177695,1.774955154339634,-1.4643464901337548,-0.22362721959315196,0.7456046770801142,-2.137690216240068,-1.269233332875079,-1.3223633928714866,-0.7924916409266808,0.2978307218142327,-0.45816268754688605,-1.5302416485461112,-2.8513232490607723,0
-0.8724899639404144,-0.0099892260073014,-0.05516838858487827,-0.9465568609351196,0.4935381209921651,1.4051565719494599,0.7298580505005836,-0.9713362513868742,0.29498273513417417,-1.5077767370013249,-0.24042921273703863,-0.7328804772674101,-0.2020698634786384,-0.8171432453392753,-0.7550644388491201,-1.125947437214667,-2.2465337112840755,-0.5948771024210234,-2.1951107712263362,1.3173490791421734,0.6405885862928979,-0.9683986608804952,-0.892489928292456,-2.475938027615462,-0.2966569878147902,-1.414510408272732,-0.9862407276428393,-3.314367428853721,0.16710936709140628,-2.0733087934042387,1.703268970149837,-1.7730525506427701,-1.3129955024491304,-1.6228501659574555,-0.96775837612732,-0.2327360869763208,0.038859110772217736,-0.016733406285331653,-0.03994988795755941,0.626841428665079,-1.5136188933145793,-0.4974598392491604,-0.1833091126989968,-0.8135686959605744,-1.3441173456696947,0.34258345214747027,-0.019068060811359977,1.6355572886283392,1.7615876440182112,-1.534413286367369,-0.17577934486066588,0.5178876342657859,-1.9946012329318257,-1.3423659445278548,-1.152429290801457,-0.8997409986577363,0.31705485568480973,-0.4870080348581932,-1.4650698937424842,-2.9119372343752103,2
-0.5504909219998444,-0.1682044926800343,1.7337406853384807,-1.6630537575472606,-0.5131435755334832,0.8081012119073723,0.2777521213915421,-0.47336583746290856,0.3585346057020471,-1.8322847618756106,-0.18922068991497054,-0.8796475081254316,0.11613233550759877,-0.6015343795037017,-0.8242225661047833,-1.2471474579962916,-2.0270427455710545,-0.523478690155742,-2.281341703730229,1.3737621454003703,0.48709429296930673,-0.4190258626735992,-0.9573335462044136,-2.890685416196233,-0.13180390702487074,-1.3962608324100252,-0.9328977322217411,-3.6241508084278484,-0.029829001255758464,-1.9452501088027319,1.6198340265294306,-1.922183149864829,-1.0817839381427945,-1.4940764341986579,-1.1041616168603026,-0.30408770979587785,0.041775811359226867,0.17901920663635987,-0.202780120229466,0.5671127428350501,-1.3882889940243448,-0.5326299043871556,-0.3283404287286631,-0.7475750209729016,-1.239103612711009,0.3776268909054331,0.14666754454011943,1.6972253393909742,1.705049155153132,-1.5828538301019728,-0.22292515029717058,0.8250973975987839,-2.0952889772671206,-1.3070889280760307,-1.1087298315660403,-0.7867616766068499,0.34876344300737816,-0.586599637363427,-1.6606516253151344,-2.9455753300729945,2
-1.165857304603593,-0.3428221150870725,1.1167389902397589,-1.2115699681095373,0.3672523869503495,1.5544970789262202,0.6592440321086802,-1.0988990951244941,0.13564891675806326,-1.515155747339797,-0.4406996576727138,-0.4052965941974548,-0.4484412711631456,-0.6938595404210439,-0.2670309264337385,-0.9007780367162769,-1.7186478712207562,-0.45624993112238144,-2.1749476780607164,1.0275551361667288,0.4345366978003058,-0.43235227294946643,-1.125492248361052,-2.5990810370611253,-0.19546562195874445,-1.584732560479434,-0.9566360388475464,-3.581963878116827,0.5352542187731759,-1.9899567443932762,1.662680617995547,-2.0647814007761243,-1.3183202414857287,-1.9889958055874923,-1.016203216364295,-0.33788184508973723,0.24987925940282113,-0.005488324888038798,-0.2112631611771744,0.619328974513191,-1.1212099743134742,-0.5575457549524895,-0.48613955449791957,-0.9642641763195319,-1.3023210423223457,0.3203946492069271,0.141738526066935,1.5603973717434716,1.7030545925026128,-1.5225243245795541,0.005988803493528649,0.7525133179582055,-2.111794958146524,-1.4253707124294004,-1.0729431962241767,-0.8977455285478252,0.2299669791090206,-0.44178574662378095,-1.587607896956574,-3.123106575651575,2
-0.7154272434162828,-0.3418759441643041,0.7388963629318848,-1.0413549660818033,0.38224413671531454,1.6366319996916452,0.5280435587390793,-1.153474535611935,0.6077115877001391,-1.0582531923193894,-0.041796084512372184,-0.617415626672744,-0.3138802719075897,-0.718086889490529,-0.5820783346301925,-1.2260730580519383,-1.7520832964990214,-0.31075138095053906,-2.0050433365533196,1.2487366181552824,0.522002245406868,-0.5889452101490031,-0.6584013268612859,-2.399696562000839,-0.16087179896428455,-1.5035634637479771,-1.2745035710181043,-3.3924528056483654,0.0394437216305899,-1.9438003529533339,1.8414512138405548,-1.9128910683083387,-1.0044541211253817,-1.7948963333995374,-1.0677253849663995,-0.4336194241705968,-0.24524468312288006,0.04834742451786392,-0.2546291705069277,0.6843086122391784,-1.1150166955900906,-0.5401718015913681,-0.3935952208034889,-0.780494536506689,-1.1366518686364795,0.40282748381628,0.16533258586374727,1.841868535440887,1.6532116415730769,-1.7073051326408692,-0.1292213393113083,0.6522687097175691,-2.1871528758709173,-1.363350972058967,-1.0321451113536977,-0.9747684407990199,0.4027705600136249,-0.4288558726429574,-1.5896772158784083,-3.065257017511189,2
1.8640204503282147,0.7690564161740143,0.9989127107881891,-0.8969567575395804,0.4036774047606523,0.7435158261620777,0.9900273371886457,-0.8956354231803761,0.0917828145093427,-1.0875713565597787,-0.6169436987694965,-0.5771557460422169,-0.22785628494771681,-0.3894239747985304,-0.9171256007625074,-0.7125114929885639,-1.8235725048683804,-0.8654351812024886,-2.18557033709484,1.2909377514291718,0.19253927233303833,-0.7335843445694914,-0.6451559705000183,-2.8703392166916943,-0.16914805718866016,-1.5679806795359388,-1.0842335207504692,-3.682925420466606,0.2148049306548043,-2.0124375842952107,1.5704389838407327,-2.0525207548968365,-1.2089025825460467,-1.8205286871716564,-1.029391926504771,-0.4885052923607323,0.01448624048184588,0.12159534925159937,-0.1681108023511996,0.5842882065962504,-1.2885655309056634,-0.32901811875588743,-0.16345822784318703,-0.7070490072580969,-1.282741608396592,0.21617720122846665,0.01779390416737487,1.971403432602148,1.7596814198942945,-1.5854039275899492,-0.14956723467920352,0.6614929919719438,-1.902286661938926,-1.3904881212291722,-1.0301531293853623,-0.8794722826624384,0.12131568790972483,-0.41072732669204803,-1.7568099889676612,-2.868896729039975,1
-1.2848056255496587,0.4715755053196363,1.4979117715025407,-1.3501596133170206,-0.25135204646602644,1.7171513382551156,0.48645878386102126,-1.3018040843991916,0.29564550081775454,-1.6786147431562106,-0.44329425090757246,-0.1256683979651197,-0.23978195622761828,-0.19158664312843382,-0.5215724644309605,-1.197984460066633,-2.136311476844563,-0.6120548406958916,-2.0983357752328016,1.3467416416209246,0.5412977231796696,-0.2779608658604936,-1.1482066007869278,-2.8133968283393185,0.04762141512456558,-1.556374462565112,-1.09765147703384,-3.3743258027199228,-0.10760625897880077,-2.0069415584190367,1.6098964628243453,-1.87613533123496,-1.0336381060525697,-1.6763848256351583,-1.0030255441567544,-0.23430566238404113,0.2070218455647353,-0.14880570780099228,-0.17844838953542624,0.6431674335417642,-1.255121109789697,-0.25803630354564067,-0.2774505292819735,-0.7581230186976378,-1.116086569335606,0.36166478998687207,-0.053674720775653106,1.6947675544704537,1.729012899144646,-1.579830551991773,-0.25750542806663934,0.6751711659004678,-1.9771793130772133,-1.1989037907708486,-1.1299298995895064,-0.8556219076066408,0.3600065836950498,-0.564094954536643,-1.558885894038046,-2.83278424284887,0
-1.316309712683141,0.6887820979124735,0.42270618785778713,-0.04884480032320804,0.09419779752079305,1.5945731547711057,0.8283939076875912,-0.9666119597453383,0.2300933148733556,-1.9676765632443651,-0.5549523654879922,-0.9024900807734437,-0.006511583460297565,-0.19308639653786197,-0.5749005569643602,-1.1697481124443019,-2.21695324439378,-0.26405988790585827,-2.1378018387999904,1.2585525913200677,0.18556278742263613,-0.4889520984971011,-1.2575493798473818,-2.712287210544541,-0.29680123984735585,-1.5852157145836319,-1.0184773619476182,-3.5456578643429064,0.13310150566313797,-1.8531705823153473,1.546354924427942,-2.0719635395162146,-1.2904405701096378,-1.8613297358587861,-0.9862074811006205,-0.29568704672032586,-0.02383765131538304,0.08741226320079731,0.041554029106288554,0.6705513738655,-1.2895871892539865,-0.6506104497320255,-0.30204698154795057,-0.5779018721902599,-1.271463561720479,0.3054613281500156,-0.13637780344885772,1.8732928967524587,1.5645859390088594,-1.4553179234848397,-0.10594154236408453,0.7679068070648588,-2.226353928962248,-1.1897388025266813,-1.2483870303229565,-0.904662621900562,0.25427669526722996,-0.5320388581897348,-1.721889673546933,-3.082367054807797,0
0.4650933774319247,-0.16716304732203563,0.3871778532944793,-1.0594055098074,-0.6109265893831389,0.7956619472014475,0.29588494326405046,-0.5720970782047076,-0.3468255794063637,-1.4026786541127698,-0.41478910028183413,-0.4434383382121091,0.04930228071666656,-0.8969021370219598,-0.9910164190489232,-0.9311295679817027,-1.857198047479341,-0.5709731279931418,-2.1640688307515465,1.4013686605515296,0.17327470055479977,-0.4003098004286454,-0.8723394517126759,-2.6533209731664504,-0.13095831643387484,-1.2366248637972417,-1.193819893471235,-3.335229538267484,0.07202526635628555,-1.8073625927522559,1.7035326145282212,-1.833093705726521,-1.155201758144642,-1.9380875196844434,-1.041223807498275,-0.3266164742345564,0.017620635490270153,0.051904383848850336,0.025776573598682573,0.6130918344409267,-1.2398139841638072,-0.5341406424626105,-0.24118728831070094,-0.6235411746335429,-1.192979180960827,0.27924534182821437,0.14392321574375355,1.644879363756112,1.705850636425217,-1.5055756476905857,-0.16944209069441643,0.8664531495494076,-2.090097863318018,-1.1717597267338626,-1.1439368702889376,-0.9416396835107242,0.20320962952353133,-0.54817886374321,-1.5685610675288384,-3.089000865995529,0
1.5680168179843554,-0.08357040267503524,0.7923280361646616,-1.888707414291229,-0.5153949239351786,1.5465661640500212,0.7719089253494641,-1.0578874633177693,0.09028365595547516,-1.1808467472931015,-0.3779587858998093,-0.5252577209494225,0.07553735676836887,-0.8076986820599504,-0.6812798285132153,-1.0827423110543826,-1.9050527001721367,-0.604793940286334,-2.201734804087697,1.043532348136306,0.2840560988498473,-0.5901708043513393,-0.8740389239030999,-2.710798408288223,-0.38515572211184523,-1.3302727806728671,-1.0612768533374095,-3.422195347731207,-0.22781002179246013,-2.038001687842901,1.6205485165738855,-2.0131425436915062,-1.1603479238914716,-1.7952607411549435,-1.034496561037332,-0.45937777023369664,0.20140724358065817,-0.10377338937416716,0.3221639985410278,0.5485652514634364,-1.4683653281093956,-0.33016846127617583,-0.07194496269817763,-0.7836186502147401,-1.214959793360204,0.4924472725026672,0.18525757461514644,1.9927602243842435,1.9403793233799305,-1.5511402999640826,-0.08724184212636928,0.6484266681371967,-1.9293358368634193,-1.3045776853355115,-1.029726331277168,-0.7389739326063858,0.2736717591470409,-0.5053833867612629,-1.434747052831835,-3.0056995812531553,0
-1.2065837114537592,1.5400748326374667,0.3413735263592914,-0.9880844293403104,-0.4279030881106549,0.8574849015614014,0.2903132579364835,-0.7191709296659605,0.24841304075289142,-1.3162191257799434,-0.6419446049761777,-0.35793500363451786,-0.3297920758850784,-0.08695848206742768,-1.0710913952135577,-1.0362190437569743,-1.9728311629818778,-0.6747313711347482,-1.868642219413373,1.0086146735577144,0.2638861189766558,-0.4662108569183144,-1.0543314634068224,-2.78461597234658,-0.37083349467590065,-1.5354011896799848,-1.1173482828095727,-3.404181890236502,0.27963803025507195,-2.0418623218420655,1.5064043079810365,-2.0859331668594794,-1.211245554707648,-1.829796343526921,-0.9865956532873466,-0.32385424019522835,0.13832415001657508,0.11050949918133347,-0.0796275597320095,0.6046229281350575,-1.2235099968207215,-0.31596054942338603,-0.3143737598516967,-0.663916494421762,-1.3527395672152907,0.3089527860030734,0.033930338140100595,1.6788923277902137,1.8885446143382794,-1.533664065105555,-0.15779293049915355,0.6954405163205113,-2.000604150780205,-1.3420892210403168,-1.209801956032342,-0.8784587851495,0.39560561328190297,-0.5743210788247859,-1.6754826860451157,-3.035742864453096,0
-2.2764660199415507,0.42538502767989406,0.8504456778445204,-1.2044625768159796,-0.42515330597458917,1.0958185214028733,0.9563092533497699,-0.7826649413047649,0.26570932449251106,-1.9255553609707687,-0.5554641199839065,-0.33348345541451535,-0.4080915225277203,-0.5424163111379208,-0.905986626713133,-1.070487311083404,-2.171435123079908,-0.36866875444047836,-2.0702004116482917,1.1346402503392576,0.2913787501536595,-0.344998213306304,-1.1566891273182793,-2.851418072339067,-0.1974057960468313,-1.51510695826498,-1.2169767357960108,-3.380195154390321,0.22419301527661653,-1.873428027941672,1.5725136724637496,-2.3565801828568236,-1.2173849848850895,-1.7762595098573801,-1.1840831343645402,-0.5168003836030558,0.11294052901181344,0.09159927833165321,-0.2765453874389051,0.5763066462356002,-1.1327359361548934,-0.5836701196548065,-0.425329547075647,-0.8938667961793431,-1.1101475630460624,0.39686841387047034,0.09060589361073418,1.7178089859664287,1.6961015363800076,-1.5512108600023515,-0.0458876947934686,0.6753917117426912,-2.1424433391846125,-1.121947950123424,-1.058146375196513,-0.6881516235177587,0.33195804535694645,-0.5391299832692186,-1.6922685915915352,-3.0885522017364226,0
-0.715224618819135,0.07387007917740304,1.3038649207520343,-1.2686064962344885,0.4667788301942715,1.1159341743648241,1.3467452827897792,-1.095455046682778,0.3409933379133818,-1.0710197958229575,-0.2966213728352557,-0.4599856147423702,0.1201842590813425,-0.5002531765177852,-0.745116844602633,-1.1796822665184141,-2.300564885765975,-0.4785633619290284,-1.9892947332485682,1.6541993426340562,0.15101126152666067,-0.6198006634710783,-1.029937195534297,-2.725512279270155,-0.0891847397171491,-1.5305262853512598,-1.0545395181202037,-3.569388471873396,0.19777178387823374,-1.7683853813049852,1.4082463944158643,-2.14706304393307,-1.1324573310787553,-1.6835560438144448,-0.9938852358403009,-0.31093995179622136,0.14406369452951387,-0.06932873601843029,0.09333263481279286,0.7539525231018083,-1.2343766784729733,-0.3676443547813209,-0.5090026411884135,-0.9079912977768805,-1.2500621059605086,0.4090580497965258,-0.0522031677623013,1.5897799479235637,1.7431101051704612,-1.5413043153525965,-0.07867768459616403,0.8737979579521592,-1.8950210854172367,-1.409671590019591,-1.0844094850909225,-0.8961865722531093,0.35523067746569914,-0.4255477289698171,-1.63508583139044,-2.9764292577857,0
-0.8711757930460997,0.36373351201835474,1.4720903607289264,-1.3308948108265053,0.717193771081389,1.3385985446658764,0.9439406552702073,-0.7046988613883133,0.07575459031078857,-1.868789820347052,-0.43433775007089104,-0.6906306054232096,-0.5071124537823695,-0.18592596887564872,-0.6437656923018282,-1.3065456582917674,-1.8192596470012496,-0.6157897239014819,-1.9479686462647134,1.1408512375350828,0.1776360425134222,-0.38326207025634706,-0.9311083370229422,-2.4502298807189,-0.2485462448385926,-1.30786232993418,-1.5115814006590345,-3.682638587452999,0.09031151390030673,-1.9761829596341378,1.7948039714423543,-1.8828924766506083,-0.8790458189184749,-1.6380968469510313,-0.9691470072083137,-0.2778091435021123,0.09392317715960348,0.058547354143386646,-0.25950554087739697,0.6776334628549315,-1.3768988095509018,-0.5110553061327593,-0.34578254950074827,-0.5312573282216319,-1.1056966911264356,0.4926831022607972,0.02932638451806281,1.7755793527720216,1.5791080252712968,-1.479546609973702,-0.013521318771994043,0.6982963916702335,-2.1733987072351155,-1.2053965221700744,-0.9943808382602657,-0.8411833238982237,0.34145893938608696,-0.5626815321224844,-1.578305826545557,-2.92569303475314,0
-0.6668892162039071,-0.3352406031943259,1.1979746401469793,-1.0236875800394116,-0.22462444190405784,0.8265901921593611,0.6546354192127277,-0.81102370504516,0.3547303516706063,-1.2976190798189586,-0.19014826660908996,-0.554890761269295,-0.35231115473067703,-0.6014901455647175,-0.717728316834646,-0.8423258084187236,-2.171377188359666,-0.508984878335625,-1.9632716311621856,1.1596071562351296,0.3125350381767354,-0.5169236149067166,-0.8923884696636085,-2.681283110973126,-0.21441087697729366,-1.3903850158147626,-1.1875795328702834,-3.2762821990760918,0.29490420691412544,-2.0969676276400766,1.588432619153805,-1.8141997962287426,-1.161138548081306,-1.6849096070005998,-1.013553292732109,-0.35777298809214286,0.2586351125072231,0.1707776941184666,-0.09275109780027364,0.5510539412175105,-1.473288556038875,-0.6039526752813593,-0.4647183624382955,-0.8121592996870335,-1.0606369130435784,0.400135506422819,0.13704384518021923,1.8371712392500248,1.6351320792181054,-1.4443150728714274,-0.09371580413364142,0.6403647037903812,-2.088829813530024,-1.2952381112401277,-1.0677721432094154,-0.8383331281394071,0.21815708714856785,-0.5697559768342262,-1.641633365628852,-2.986437864489692,2
-0.17487414305440246,0.26296632146131016,1.307766730015739,-1.0116251837869394,0.03884116140131501,0.8176328034323155,0.38576880370732325,-0.6351758297218523,0.1366993614573226,-1.4623749422810164,-0.3168241371262741,-0.6353961789035107,0.012632981008289412,-0.29017609789926985,-0.6614206185830908,-1.2538417955112848,-2.136293317687979,-0.3662866109725844,-2.0579153021278884,0.9817731614725446,0.30004871680257666,-0.6223684474155091,-0.9822900276276637,-2.660116660107622,-0.27702716731350496,-1.480379252484575,-1.1886016943130828,-3.450190431755273,0.14252813463347042,-1.8469104167727954,1.4836199030014203,-1.8793710442721492,-0.9932612706920577,-1.6229070427559666,-0.886293799589985,-0.18611170411126263,0.20626060387791156,0.08951911575512161,0.02281878150119844,0.5226620072501768,-1.4230143304030778,-0.48571053848423423,-0.2701447999473495,-0.8006270105819318,-1.1412262423446096,0.42300934215767844,0.028049592731625456,1.7215846166649857,1.5483664002097,-1.4832935838114067,-0.05095439975286577,0.6040103948164625,-1.9654259680280535,-1.439516955462983,-0.9466226770504664,-0.7925442669938059,0.35081784725052695,-0.42775764804073774,-1.688611724864462,-3.1879087187688415,2
-0.1453472216928079,0.2785439206018054,1.7689137711608065,-1.7507441346110473,0.03764876778866936,1.001292752903719,0.8633058913418556,-1.2274533832662806,0.08877341162871633,-1.3720823998716882,-0.06259204144073396,-0.47172400271338183,-0.29272853570116675,-0.43656176874022956,-0.6941822516742864,-1.4285572209268178,-1.9960315051645763,-0.38906075694666403,-1.63241294062076,1.2040436374361574,0.5553501056976049,-0.7517967439296357,-0.8476279183300789,-2.6021848616360317,-0.28542156023682874,-1.5414170270789629,-1.0502274403005012,-3.5442659604642315,0.1879087765395822,-2.0007225309394636,1.583363921346872,-2.0554830886898094,-1.0513591463615874,-1.7301328876697306,-1.0655734688167846,-0.35838688179066747,-0.07027947049231775,0.17363506843248572,-0.18448566500413857,0.6539304633955727,-1.4013226510414891,-0.45689568569502104,-0.41532733000819244,-0.7237696105462184,-1.191562296478424,0.37806941698608104,0.08803105176362247,1.7543625416383841,1.672396596145382,-1.4611514562626724,-0.0940784187361884,0.5944958060527408,-1.9927952640984574,-1.2534409128187018,-1.1106265082209608,-1.007878278739942,0.21978100221813107,-0.616903649680655,-1.6927048722295377,-2.803530335120368,0
-0.11019102160412442,0.09616149923563552,1.4030940111443622,-1.1714115861753391,0.7459046668691409,1.1654442752805285,0.850893747258952,-0.30806968155866654,0.22723333494539605,-1.8163749147252883,-0.5025990614785121,-0.3238527062764465,-0.2932613392441079,-0.4937315989122038,-0.8846495333615674,-1.1245164065306392,-2.1383699672436918,-0.4524340165071867,-2.0039470485766415,1.3531000480076936,0.2989013444999174,-0.7692138214401856,-0.8125732029839203,-2.4746147368631712,-0.4079146771420424,-1.4202841973300953,-1.2237275280264852,-3.5162578271743365,0.23182729354583537,-2.129777408585126,1.6398598071778314,-2.0648100148634736,-1.2959680728036733,-1.9391039317363028,-1.106750443221208,-0.22396308294076547,0.2727895003957975,0.13642138157720202,-0.029264760749404206,0.6925869102259776,-1.1918754939465233,-0.4293122949197684,-0.44932960065842964,-0.7719433303205511,-1.3138472168288187,0.31735106626945564,0.01025597530142867,1.534669669005607,1.8645332200857159,-1.2615362060547282,-0.053080034851810245,0.7134491343346707,-1.9976395014748434,-1.2962251690342594,-1.1290798090273608,-0.8387119381301947,0.2847940822738953,-0.6075490719555132,-1.4756507881459648,-2.9367674422397245,0
-0.8547211597138099,-0.7597473841094958,0.7963985220378261,-1.6970466345815094,-0.13631776962850253,1.0360252365828841,0.3945868778479453,-0.723366143096249,0.14113974367779147,-1.7506873409782406,-0.003437165127966768,-0.4910540852031304,-0.062028108239518764,-0.7273644829182011,-0.5708638266456595,-0.8377142655134098,-1.6566202727236627,-0.40984482675133305,-1.8374579867261256,1.227315357950511,-0.0004028248316876315,-0.48666943369810306,-1.0770647694838256,-2.8277989308489184,-0.3803861054233846,-1.5661667717868994,-0.9319555352762147,-3.538242165630592,0.35107422074193967,-1.93364423081236,1.7170412141573348,-1.9816624127733717,-1.1252578850122301,-1.97040785698064,-1.1881647044966437,-0.3837208538185009,0.12725148305712905,0.07163014557852194,-0.1287224775172914,0.6266841935005973,-1.3390115402326208,-0.5469380877720413,-0.33105044069122563,-0.8277912843922187,-1.3732921266472415,0.2448207190354018,-0.05913094497921638,1.7683780108192417,1.7588967558290367,-1.5012371436910465,-0.18030941550617796,0.6428155757917804,-2.0719228304928916,-1.3011841129631374,-1.1029723625997012,-0.782696121044335,0.4015744366918078,-0.3758404567037947,-1.625015311510661,-2.90987323059475,2
-1.519902791465068,0.9926818704249241,0.6797409343841614,-1.5065294797894253,-0.47295100985505595,1.4297586894525511,1.1125011288049924,-0.9552752874622574,0.5015862304403716,-1.7693578939199677,-0.07512468312679799,-0.4254330502134722,-0.22565611378825756,-0.7787177229612084,-0.5501912323684566,-0.9710902557035549,-2.17556411459911,-0.5583737944281888,-2.162056258059449,0.8754525592832278,0.3165532017586225,-0.5109102959260483,-0.6765264662034117,-2.8118029264466053,0.05659781430476879,-1.5070954308493834,-0.8872197971278065,-3.3298192389254715,-0.09369117149869824,-1.8615914001113867,1.7946049686108017,-1.993882281646622,-1.3495465834315175,-1.7062398589056662,-1.066979496143782,-0.27038349817577034,0.01797313168746796,-0.012286022698952181,-0.2302146750419457,0.6924780651679522,-1.450497698938983,-0.4168627639988916,-0.23105468743837956,-0.7936784326242288,-1.1713349629539718,0.4516297893103627,0.06975867346836029,1.796419275096005,1.663617994878937,-1.4458676655650349,-0.29256539310807295,0.6874068258450017,-2.128276612966718,-1.2355426128429579,-1.046197373271616,-0.9308074835348694,0.27223081784285497,-0.48593920998753687,-1.534420929126851,-2.987430446571059,0
0.11724441474819991,0.37592909718314416,0.6006378011707778,-1.8085725418454133,-0.6289959973527811,0.9535831468325963,0.6503142379212173,-0.9838984874794502,0.15350016621353443,-1.1303172801660957,-0.22325940453911736,-0.633029932577923,-0.0018468653066521235,-0.529394091213108,-0.7511587846720867,-1.0869085289142477,-1.5713821197719586,-0.7215361969246432,-2.1810227655327785,1.3580378326102798,0.5149201513025246,-0.5949090999037931,-0.9429557122387016,-2.800772628017069,-0.07446864840173624,-1.547446625745887,-1.0583975635753946,-3.485710346906481,0.1798531790242785,-1.9811134033959656,1.511886216166142,-1.774737259034642,-1.3139316278549733,-1.5345131066349205,-0.8557833523477626,-0.40065140533273036,-0.03570868848393691,0.1344917528784324,-0.0340804783411672,0.5780606757335232,-1.3258323054005468,-0.4538933071893236,-0.2708500818595611,-0.7875331330211679,-1.3986208279971661,0.2173753423575169,-0.026096163261057834,1.6613279697245762,1.866412422422467,-1.4056668230048397,-0.12708876323637963,0.6243416868360342,-2.137021480289375,-1.283769370781389,-1.0253423163516662,-0.8463648559080532,0.14490129893807957,-0.5795601248937479,-1.4895409804304975,-2.9482994373458418,2
-0.7220362721791447,0.9426493811445318,0.6601351261019883,-1.4015349541529287,-0.4768230772459995,1.2867219648675032,0.8073353349320344,-0.985633195328923,0.17942548150708942,-0.717522377908935,-0.5906160905758849,-0.5606650373138734,-0.062089453036558356,-0.4752582068409978,-0.7595311064110595,-1.010706599633586,-1.8278581905186522,-0.5684294119261769,-2.0388063775835974,1.1263917470014702,0.07010829623250658,-0.8869440571599292,-0.9255690372114326,-2.604398951922483,-0.037961326329205985,-1.2872001490014904,-1.088166647818111,-3.34770846794569,0.022753489645176955,-1.9476157665755227,1.6308210096924998,-2.0238394480051527,-1.017806949809839,-1.7828077655788928,-1.1798533558448747,-0.4251130172662931,0.16242724565627878,0.0381767588388941,-0.044714841959228424,0.6685130733919301,-1.1881215399865126,-0.2702683277914477,-0.2648384665601872,-0.7692077961270483,-1.2791397047635917,0.3058551205863023,0.043490646577322684,1.6941622447425728,1.6099741498704065,-1.510351080485488,-0.061887807580132015,0.7125126142401557,-2.045409051465469,-1.245661285503143,-1.087497408539276,-0.9004545487403345,0.2475108441251708,-0.4846496382466615,-1.5995281938249468,-2.871490481365583,0
-0.56669463043848,0.3533410701972186,0.3864781342739626,-1.2592800504497998,-0.3773755885915478,1.5487721376070422,0.44621986180739226,-1.1822597109101818,0.18988173796533742,-1.0884595596878603,-0.4459425588081951,-0.70310240797153,0.027103758845474446,-0.3324547467441472,-0.6932714116610846,-0.9587478000059785,-1.7173202059348764,-0.6921983261201023,-1.9836858597632032,1.0722182802031754,0.24959311091520198,-0.5611729759371088,-0.9392543746197795,-2.5162062472956266,-0.053976924237561175,-1.1872834865635693,-1.141013877391987,-3.4547417978219617,0.09670026036353543,-2.153261118703413,1.8448531781254207,-2.133269931601242,-1.3086928767474983,-1.8679763838804369,-0.9750300490412112,-0.20185281660202817,-0.007474404330227863,0.14375415482517562,-0.09976044323792395,0.6527689050678467,-1.5466028073265123,-0.16453264698519804,-0.37695297976294945,-0.7400551121548089,-1.1685404243179895,0.27100585674354993,-0.03070580209757627,1.8523133727542063,1.711978240923844,-1.3498690710505588,-0.08778647666351518,0.808403842571489,-1.9447869960801025,-1.311917073580711,-1.2921326864758096,-0.7252384124031742,0.28587439797416103,-0.45195387693490274,-1.4986854648554213,-2.9275664282999676,0
-1.831979110359276,0.6272046015591858,1.3896195625734031,-0.6798873028637306,-0.2530313186055241,1.930733983892063,0.6804836786760571,-0.21983339482028375,-0.007110237096250166,-1.9695421456991715,0.06672031991889332,-0.7666518999206002,-0.45290297174614486,-0.6141485031673475,-0.5238984569738638,-0.5725187422938762,-2.0179818600553174,-0.7537812047248437,-2.300268535999512,1.323918829305657,0.570950098085337,-0.5801992284652208,-0.7147278595783052,-2.4541827038103565,-0.256196227855407,-1.3305190524245571,-1.2340646915022324,-3.482337551510924,0.2047550574755867,-1.9060330070384757,1.7332310313160695,-1.8494753608283048,-1.1501523421683064,-1.9119031699002278,-0.7944754542563712,-0.004340680919793227,0.28759122380933244,0.19882433462194535,-0.03144733163473937,0.4870441825513484,-1.2611200030755394,-0.3263896437193658,-0.028860435491650988,-0.6897810308640798,-1.163534940520702,0.33958845423758743,0.2931439887400337,1.5323213449415705,1.6581774929921664,-1.4249599596739386,-0.2405129326032866,0.5900135435646753,-2.0166058822828092,-1.1832185945708957,-1.0471644088811651,-0.9731666871526204,0.30506500453871443,-0.4574430231783297,-1.5478110833504402,-3.0536093486284686,0
-1.403909702326607,0.32732377889121694,1.0028785213311446,-1.2056506850095299,0.46733095356679205,1.369708147926943,0.7314640504090413,-1.1240390133130633,-0.2173480729173088,-1.3785058589447383,-0.0843962675059731,-0.6586168234075558,-0.0684158370033667,-0.6822486651639865,-0.7345369062174829,-0.8134639250836523,-2.0097295319351063,-0.5762381197596497,-2.1363514290434207,1.2598046622695784,0.44816330146134753,-0.718596624854163,-0.7480875668872206,-2.588724414999941,-0.28508673979366217,-1.5290343298650668,-1.0228412836361518,-3.555697865078479,0.19581579673478744,-2.1033348491669903,1.5426772196792942,-1.8539120548275914,-0.9719325592858009,-1.7277558287965349,-0.9268242669160738,-0.25846320801559264,0.18777219659715844,-0.007332115611728723,0.045460486684641865,0.8347818665987048,-1.353070077658275,-0.3290219620259123,-0.29986819252436586,-0.6019916463348018,-1.2832665133722139,0.39458360447844504,-0.122934420229971,1.7300812640842513,1.8265651832705214,-1.5312531943175702,-0.1542633952708823,0.804439338680093,-1.9834358781712034,-1.211050000284167,-1.1245355054123227,-0.9493863833195655,0.19292772650647183,-0.6149241187227676,-1.5897276714806239,-2.949624170073866,0
0.4746436671190134,1.0497926124720562,0.9348428730512303,-1.7032267000362202,-0.24317365312163702,1.4242899147457728,1.3956054375057971,-0.7472735558795397,-0.09300313196670934,-1.3469617919140093,-0.45304533667607044,-0.4725885395031581,-0.0005245455059243731,-0.5474963989445001,-0.7160987583328771,-0.9861223933143641,-2.0255842100471737,-0.45879883381423425,-1.8844421115747865,1.2000128510698473,0.3901015006637818,-0.6396166390297781,-0.6584827359014456,-2.525064361306287,-0.43832927546679645,-1.2495902771510312,-1.1176124351628485,-3.5659717038039442,0.056431640720832094,-1.7891253180999374,1.8302371480592277,-2.223283342284208,-1.1759361545650604,-2.027142923364202,-1.0263957978313583,-0.2801372969880005,0.2389118740424874,0.05483008068748384,0.08567114434134526,0.6200967113557053,-1.2424204941782984,-0.5922569033200012,-0.3573978392419671,-0.777119540279504,-1.1588155535220606,0.19394919122891893,0.17087088009597987,1.8009855032035214,1.845719264588279,-1.627683251797127,-0.0976882763966014,0.7470432564427786,-2.06081731611475,-1.3927944606620417,-0.9965167658966847,-0.8958710608322591,0.31030351501331865,-0.6049468543948532,-1.7049629636207166,-3.0991234182963865,0
-0.6508507489924449,0.6724383050066258,0.5863983141909379,-1.6439054670990711,-0.34253277867382026,1.7955587958863046,1.121359270478655,-1.0401135994107547,0.32160739078721506,-1.7642898939522613,0.30957968332765107,-0.6714621220325955,-0.11537676572057703,-0.626195375820285,-0.6320079581656325,-1.0850571406669727,-1.8978463825530456,-0.5479086338559718,-2.023822623731444,1.2490961917554944,0.2780935452214091,-0.6498935982222952,-0.9614485756143961,-2.7221471483116426,-0.2199354911574078,-1.6742324543555533,-1.0828791682186178,-3.3969288285324937,0.05715882866191631,-1.9727160174731393,1.597519174849935,-1.8362873071630574,-1.1264944501627077,-1.5974346576413696,-0.9673174274506312,-0.5271957214017045,0.09215051524826229,0.029025715923614394,-0.22158150398932352,0.5799896557683942,-1.3954281706420655,-0.4528762065508933,-0.33699350602240563,-0.8600632796811295,-1.3507140919497804,0.25615002948356336,0.047296547887192154,1.7609451354798795,1.8805420599973461,-1.3941321620468006,-0.09749159692692899,0.736407935484529,-2.01870660629357,-1.1400136563622507,-1.0382071782494755,-0.7255927409945903,0.24013754998878342,-0.46388495668915486,-1.5125964184756255,-2.939646736690596,0
0.07231507481760291,0.13944399936581628,1.344473978145702,-1.2412013941422726,-0.21299715698755037,1.109941047748837,0.388510209212918,-0.4817648144926204,-0.1861016912041274,-1.7443923993366268,-0.09301890948785335,-0.14514677519323915,-0.24938555233957577,-0.36307533714912377,-0.8981101418418833,-1.0001691744451722,-2.0372411839766773,-0.6026197829023593,-2.071441899344869,1.2815711517136967,0.469786131773437,-0.4348558431528231,-0.884115834506966,-2.7063174345907224,-0.1791260053443111,-1.3992564686986277,-1.2290028312019168,-3.3496162826487077,-0.05003723873897767,-2.002584399045575,1.6700367359719084,-1.8455608476314773,-1.0261115391935667,-1.6879612338720404,-1.1672505813240273,-0.2933113598078799,0.14449090520113636,0.0038182673220728477,-0.1920879899872192,0.6563330232966402,-1.37079874616962,-0.3164600069494731,-0.25730333182164233,-0.7962724714739632,-1.3239582204731895,0.32880976539250817,0.05625918757907375,1.8546552494789945,1.7885325558555012,-1.5177774699030386,-0.22491943772978745,0.5193716159201597,-1.9473554459954954,-1.2555972705864233,-1.0339237890091821,-0.7557428636761048,0.40699047953746653,-0.49568320220956535,-1.597996409186494,-2.9461129729861377,0
0.5158860787816085,-0.7009659326095945,0.5123478387801724,-0.906499465162586,-0.20101953197802136,1.5164498916698796,0.8089024514793489,-0.6402189853283093,0.6731194751751064,-1.8109158146033617,-0.20007361399307608,-0.4842949725904685,-0.4887474459921764,-0.4104893470090271,-0.7421227449526663,-1.2822398571159324,-1.7156059925025495,-0.9020545734674992,-2.369364339004515,1.1231463314012096,0.4917035818769292,-0.521423418933908,-0.9239608218354047,-2.6728932183570797,-0.48875511499321617,-1.5806515128754446,-1.1802757897989122,-3.245085635559545,0.1671630277188252,-1.6862506586377222,1.439013053362693,-1.8911337216770372,-1.2933512949081276,-1.942403023135868,-1.171948273985928,-0.020202129324248586,-0.21463115094571739,0.060498092548792445,-0.11544572485308205,0.639103000262888,-1.4530935497959505,-0.4163431448254881,-0.4304960455347616,-0.9070851678119898,-1.219161879470713,0.26317856753999336,-0.04770573641072037,1.8104981438810392,1.7536449572321724,-1.328096735758018,-0.030635889524648102,0.7130372569479373,-2.180679586511703,-1.220820173558181,-1.1205870705766399,-0.940756332733909,0.272640573390136,-0.4598757708629752,-1.590422642539687,-2.891019182562652,2
-0.42418213141030553,0.4106285487590923,0.6114366768889434,-0.9602803787172342,-0.032089772987169904,1.266305577802557,0.7492112199974232,-0.2540406744866417,-0.04608079357189748,-1.441517118328035,0.24569572136482754,-0.8052974027067943,-0.21506610151417277,-0.05733249026140519,-0.3818171493697079,-1.2702462047447876,-1.908076917495834,-0.3721548874674717,-2.1974976616869557,1.2688438620130575,0.19439678978755798,-0.6820923931516203,-1.0811788428694595,-2.7788834703819383,-0.4638052597162762,-1.43948361548334,-1.2645264394965439,-3.6613436655903433,0.008695713758870433,-1.8167299104527017,1.3807560478422696,-1.9347208404870868,-1.0054260405282962,-1.6927828734832975,-0.8659665005162883,-0.4838702519821342,0.1372623672198752,0.4054195120882383,-0.3520307706040827,0.6612073235840685,-1.171637504831317,-0.42687721364940157,-0.48066035238058336,-0.7035246859702862,-1.149163867525951,0.44759938662492915,-0.07982291558827546,1.6774882111777638,1.7790408752747096,-1.6699904093219555,0.021994007037925173,0.8160210946905901,-2.093301344026341,-1.2400374246141357,-1.206688250365959,-0.9532031302298438,0.28241429931216955,-0.34987472360486915,-1.5948482416541234,-3.067590723621114,2
-1.4389570791649255,-0.11076220964779349,1.0477073811796158,-1.1070347301777208,0.48337027643290126,0.8861210643848374,1.0123356010441393,-0.7652359517573903,0.29900552302194233,-1.2887831161512096,-0.6028795748992003,-0.633946807705227,-0.09876364670490306,-0.44899121675991616,-0.5024387767498405,-0.7349632210230537,-1.5900603318203002,-0.6820708113119889,-1.9122443128377884,1.2502375797417757,0.6767901170644084,-0.7541549588314207,-0.941526982023803,-2.5440129558909175,-0.0724991013032079,-1.5122706524598009,-1.2310417563701181,-3.4969297861203588,0.32288748660640043,-1.9498947620281775,1.523448265114308,-2.0804785890876567,-1.2380721576277252,-1.8834099439454857,-0.973423020870724,-0.3835367320268613,0.1844066772240973,0.039772145489818965,-0.14911578932744007,0.443104725861174,-1.204917008005952,-0.5037272687838301,-0.3497040956369524,-0.7739457192865772,-1.3407719414610497,0.3667708216535017,0.005418972393677439,1.764538358055164,1.8446141125172897,-1.4415118350033933,-0.31685514952894633,0.7038284918585733,-1.9217550438121347,-1.1930195483935826,-1.2515125149075947,-1.0723749307208115,0.3565517034393054,-0.42126726592700015,-1.653496168591336,-2.970400033359775,4
-1.0014994425692794,-1.0346095653752512,1.2384418475068704,-1.1186794647088287,0.22771686935490765,1.3288957816877964,0.9610150262278047,-1.105637477953688,0.4335634648188954,-1.5534203594893221,-0.15151952995295054,-0.44620094212838446,0.21502903127597972,-0.568649354575621,-1.0376181266798996,-0.9379257317472066,-2.224324054028043,-0.5434321189159371,-1.9548771766601272,1.0546108206604436,0.40189561669118723,-0.4087180384818758,-0.9528279701234407,-2.8971437840376506,-0.19592624375454562,-1.286184944471205,-1.1384366200096372,-3.4502490261035486,0.18081210680079976,-1.8159511192760869,1.743646839189825,-1.6779054589167308,-1.1745409407273941,-1.9069951041709343,-0.9458765929127912,-0.4957668556846907,0.26185031241873113,0.04001570942285492,-0.18962455717666105,0.5886276790632755,-1.25130760619964,-0.2156074747430231,-0.2742256664215382,-0.6797997382882567,-1.0244868832635234,0.5145128078191433,-0.1457341068111095,1.8571809044404013,1.643239314704978,-1.5560410009186607,-0.2640070222854848,0.7625311002656361,-1.9649483040889142,-1.2705545846905186,-0.976434544830954,-0.7608100133984624,0.3689128167612449,-0.6548110653081032,-1.5489743091630233,-3.016203495286494,2
-2.098304330819044,0.3541540833350137,1.4646213091109206,-1.4728504621160012,-0.20327292100213246,1.6200622767265207,0.52989969422677,-0.6418247705372437,0.21760973021849372,-1.8134691930377558,-0.3608265642992893,-0.44645763486412865,-0.22618162969815386,-0.4505142991328668,-0.7073666105293094,-1.218561404928641,-1.9173621432564207,-0.5871043095836896,-2.0574149651879416,1.1010152556753474,0.2105056255658647,-0.6282433701987147,-0.770371108593791,-2.575413856109347,-0.04901888767440801,-1.6741566690743022,-1.014891673569006,-3.363721336287244,0.10424859751305365,-2.0074090617511535,1.565478088571808,-1.940676021203907,-1.1849202186223482,-1.6395762198085284,-0.758210691269208,-0.41679717071805755,0.24495223442880953,0.21391700334501115,-0.00595733739972662,0.669450929714666,-1.4852412184424684,-0.3363490120866573,-0.14807466601697308,-0.7561906988461362,-1.3624130071199503,0.2721680129947146,0.13432601197153884,1.8293832952323343,1.8540983300242289,-1.50604829802815,-0.07867907366818218,0.7127575460353125,-2.138501510987529,-1.255335800786791,-1.0882736456599449,-0.8087973071815985,0.3327279362251321,-0.3531371898205982,-1.6162028175600245,-3.0606065429117963,0
0.09538780383702838,0.939807877998286,1.1994590458073704,-0.9968979009917955,-0.2895912976260612,1.6193186333544778,1.1850205186245475,-0.7846169021253631,0.1920132954548411,-1.3695004454890027,0.07119559690965988,-0.5000289985473796,-0.4418175516509715,-0.6028215403272801,-0.813172992597086,-0.8668132330394531,-1.9030432704404128,-0.34198294213549196,-2.25553778680277,0.9690290665609549,0.2883887897079087,-0.4124697966893508,-0.8445485740476721,-2.79424022244068,-0.4346505966748182,-1.5420863239412181,-1.0756100844782384,-3.5557047141189817,0.020470336673667516,-2.052489896348998,1.505407023511062,-2.086627552776879,-1.0664206408738872,-1.7716481093958458,-1.1907389758886844,-0.5126142779271498,0.3102840989252661,0.05257739080297706,-0.017949086823206353,0.5095990184897392,-1.2749810258053016,-0.6009413586604262,-0.2927092759788427,-0.8074152133028851,-1.1436530884466014,0.33085585934288936,0.16366597097540375,1.6737570516006777,1.8502089048080432,-1.431811867836818,-0.2663796422058818,0.7556025559713471,-2.054880627720665,-1.363782370183289,-1.0635121840823374,-0.8467161666877215,0.2745362652972844,-0.5052171015932548,-1.6010955726363725,-3.106864632723242,0
-0.1103067795888047,0.8676917828606271,0.33185295406491155,-0.9584031471693029,0.11408626004064766,1.527683543503465,0.8179378618598555,-1.1072754485537049,0.5500763613262537,-1.8748359544685327,-0.17410314296201895,-0.8288404579876152,-0.07628504102940852,-0.3639810873553696,-0.7406978903887628,-0.961549158017009,-2.0708630155693144,-0.6343239911855744,-2.0857782800493347,1.149900285365045,-0.17477340391603557,-0.5464430535841819,-0.7606426200830245,-2.6099282019183345,-0.16464732573674185,-1.2769364725695482,-1.1445822605277198,-3.540982837730116,0.10470992824565822,-1.8677238253522621,1.7767155093807934,-2.0836573454522194,-1.1351052650121538,-1.6373518386777002,-0.8711532920574512,-0.13577696078648166,0.04130055024225619,0.02048942426302535,-0.13012029568418076,0.6438232509854338,-1.3228885879749774,-0.5910253019657706,-0.18093977975692366,-0.9180683686330031,-0.9584642520643185,0.270720587634677,-0.14765743312793672,1.899197682682608,1.7654054962784884,-1.447549521523571,-0.16666062440623772,0.768257297724972,-1.930805612979236,-1.1986515995891314,-1.0163782517842037,-0.8513274596606524,0.16786653034962729,-0.46369207966937925,-1.5621771631159729,-3.016279881611633,0
0.6420749934552187,0.4312965197485218,1.7311289562711403,-0.9022958111912149,0.19526315613864145,1.1525034998528176,0.8304909206721136,-0.8266432912586401,0.025464110240839055,-1.313473910242436,-0.3878856656244034,-0.11053592497575271,0.30259939509159517,-0.8018912916343878,-0.41049858315871823,-1.5330870423429914,-1.7090671412845118,-0.6756902700791491,-1.9900339374192992,1.1028761307142496,0.25683247042069524,-0.5161977873120743,-0.9530734560988355,-2.627905215723728,0.039175860113854516,-1.518867429495955,-1.0342363492117896,-3.44483394219757,0.037568989190474356,-1.8314774618463625,1.5936414247017177,-1.9801475434650924,-1.2955227626640309,-1.7922522420543303,-1.0222985359258006,-0.40255577517349395,0.09547174086335382,0.04084487173974337,-0.04892002639492983,0.5338448149778975,-1.2090338854374947,-0.5588359766518893,-0.37686733124344907,-0.8202321866119592,-1.067065427336017,0.47372236760400965,0.11475149982342954,1.888673246962391,1.7916877303789367,-1.6250455837764926,-0.15659218719354964,0.7950451689482195,-1.9675912760902408,-1.3119147362775203,-1.1724110506305665,-0.7151972229101407,0.29455858143168556,-0.5046858589464336,-1.7318893698305864,-2.962522208232614,4
-1.2305781574251367,-0.8565201315178222,2.090817105487796,-0.4508330814400411,-0.1427049127987278,1.0823239237331175,0.20788194533037185,-0.5476392954674134,0.03867897054683825,-1.6490184320344814,-0.4408307280864364,-1.111076836116001,-0.030949564294695725,-0.28632151318023774,-0.8668500460987794,-0.9892809616768542,-1.9280637924502848,-0.5865427393461886,-2.1782817401573027,1.182358462729961,0.36014579478298414,-0.5379552488799025,-0.8322660681951962,-2.6245027491897863,-0.2729341193762025,-1.6720507980725745,-1.0324841300276386,-3.1789914575133604,-0.0890599914082022,-1.9698708206253233,1.6997724508983312,-1.8775937928153192,-1.1276271307418886,-1.7895075909812672,-0.9968557768304228,-0.21816795922947957,0.13976468713009257,0.14073916746294357,-0.18455877319701064,0.6089865831735208,-1.2374143712291836,-0.47677795933230205,-0.3874345999455512,-0.6446434410575621,-1.0260747321271932,0.3071888690167613,0.0548707784472217,1.7125201689402967,1.6276868294027318,-1.514474089664404,0.044977472563585336,0.5245559148342342,-2.098621590792935,-1.1696164612215145,-1.0517907403350655,-0.8908760811925295,0.34772521975494697,-0.4866634346683561,-1.6258567219191078,-2.891821516629536,2
0.5263954407262964,-0.2335215213257923,0.4272114551440145,-1.3660896400760347,0.05660456422208489,1.3863652451932043,0.21951326068859411,-0.6963568113151373,0.16818432887801202,-1.1180596391260478,-0.3562071243531042,-0.33203594410829124,-0.15292689272728657,-0.4404709032725297,-0.8295593528671905,-1.127060652680624,-1.7940107907596223,-0.5248421653439462,-2.130789194044495,1.2386846495199404,0.2793666185155815,-0.4425202214666869,-0.9257681910498199,-2.4468319784570647,-0.3102503105022415,-1.5669569063041715,-1.119529705696822,-3.444296281113904,0.16200579241388585,-1.6623560750870963,1.5617707645108967,-1.8766059229880905,-1.2089580299817695,-2.0960417240529186,-0.96468205836967,-0.36147033034860376,0.22326839956966807,0.19261612517260016,-0.15163297201729248,0.3582980464218025,-1.2712381031179236,-0.46861080372497965,-0.2743889440492376,-0.7839297109225186,-1.3064001166434416,0.4300340859946879,0.1097829191596389,1.680759719890275,1.7965050830610128,-1.6099199899444645,-0.04636009949357882,0.6648518338548599,-2.1127923619127658,-1.3499017047923358,-1.0835302472837056,-0.8977103233823329,0.40516173925912635,-0.6823585636143945,-1.6233486074724672,-3.0215628121056146,2
-0.8994854315577421,0.25904642750840656,1.0354414525880058,-1.3217169958365123,0.034690684997168895,1.1250765239556566,1.1198829245690263,-0.29219431289574604,-0.04477305749954805,-1.7802384423247954,-0.04300289439573701,-0.7796057547300368,0.1723340578201798,-0.7998429444449653,-0.7033142983313618,-0.8751369518979802,-1.887059706982014,-0.5612281704134626,-2.273738796855151,1.1754759711079976,0.558159964892889,-0.7208279366550385,-0.6493632616081315,-2.336911770937517,-0.22073328962566346,-1.297862690317306,-1.017112342127789,-3.5767055341053364,0.05417019944057673,-1.8190817537655133,1.403524070477599,-1.986869583465119,-1.2965292170053102,-1.8349646516340055,-0.8102077302215592,-0.3644777765087504,0.3265352732173732,0.0447086349725341,-0.05490086403797817,0.6824687908054194,-1.1087831361230314,-0.48821837043058314,-0.30159724105875035,-0.5620231509879184,-1.2201665371496546,0.40013316454340997,0.027486539388296746,1.7349235723010827,1.469357404183529,-1.5207018211325354,-0.09879425957181089,0.8245881524108808,-1.9341441906149714,-1.1978279823766,-1.0862095856238434,-0.9815508749228447,0.24498616500203976,-0.45541780244341856,-1.63047695271411,-2.9182658624452795,0
-1.5435623282416222,0.6089385345177016,-0.20550624875806256,-0.595607365841001,0.22218934455368214,1.3582389562165034,0.3987302255709268,-1.259516670213941,-0.11028525981898835,-1.3839656364739858,-0.12107735981096188,-0.5906462412985688,-0.33525379934311894,-0.5046364292583646,-0.7516606069936804,-0.7864301886727461,-1.8146785499635474,-0.2697084890636302,-2.041038469465749,1.0527299583718048,0.2171255329690234,-0.9209771400255031,-0.7649882429881909,-2.5377612941980785,-0.11732558170916374,-1.8131492687120814,-1.1520470716871316,-3.2976169161221707,0.11957660838496664,-2.2367406119064226,1.8364177208211154,-2.0055257508017896,-1.1793543160616584,-1.7828181027207135,-0.7404609196979668,-0.29469677937651545,0.17236010580316263,0.24090668877778196,-0.1034107073319413,0.42421309628978066,-1.1019072814104103,-0.5020301322334054,-0.12073080371094713,-0.4235337055108993,-1.3435492773661786,0.44847709749969766,0.018069695610607294,1.7672727184251877,1.8241625462987499,-1.5081698111492676,-0.12788094729490374,0.6035560163045355,-2.1514820299821755,-1.2314504016596215,-1.0101017123161835,-0.8134351053694397,0.371990967493051,-0.5217628979677589,-1.6523978208798031,-2.9949723688151226,0
-1.1248325280350966,-0.7277955328020637,1.214294848829371,-1.1037433930359037,-0.8995787504075216,1.5998922260263777,0.17328844062194698,-0.43929820382528784,0.33475157334252714,-1.3649914435422594,-0.6824183792016338,-0.9660070553385625,0.10994682575869841,-0.8893510697011273,-0.8245465542981207,-0.9563795690908286,-1.9354033668863257,-0.6644489046224311,-2.0478439091277343,1.0012662443357145,0.43488529809781495,-0.821189564140132,-0.606026734910042,-2.6339061994403252,-0.3415806602062498,-1.6768711947155204,-1.1353440566713775,-3.3771336260065175,0.3191681907994348,-1.9568011696735306,1.6008279735508926,-2.0267267420328103,-1.0709098938032784,-1.8160521194505133,-0.9125822530430788,-0.4405235819641672,0.1564690879773587,0.09941065187511419,-0.07067132041876706,0.648384011189983,-1.3910819930124938,-0.42376732907626813,-0.07323823640484736,-0.7312395574379417,-1.2614082533845674,0.32435155762849427,0.11351402533334816,1.7965293534761002,1.7661567486284466,-1.5015404595247903,-0.2860353347048038,0.4598072223928964,-1.939979509276038,-1.4374255251701649,-1.0319835140570972,-0.8635079764229742,0.3218981365866423,-0.42278915281178914,-1.7922198555959359,-2.947303390452689,2
0.07449590025422625,0.6466571757026237,1.463574839445648,-1.323665849343274,0.2751763910993172,1.583966185701984,1.2061658970586357,-0.6196988121994885,0.5679769195279744,-1.3932369041914212,-0.41851116564676893,-0.6109826427996852,0.2357748665258822,-0.8996235432732416,-0.7727045717416305,-1.176885324339729,-2.174602823552048,-0.45767979778140966,-2.0251102384239226,1.4782666966776694,0.44622761026947244,-0.8828120681461693,-0.6065878981183599,-2.505880896842496,-0.34176737366653465,-1.5204857710892248,-1.1414666687069284,-3.6336755139832393,0.2587653440552092,-2.007862265488756,1.5278350105141827,-2.009025014697344,-1.3844630150028947,-1.7239094388448775,-1.0792012487893299,-0.43468631581858713,-0.18718139189552946,0.030677603902632175,-0.04190332188162263,0.6030802257086029,-1.391263353177646,-0.31307103065710146,-0.28923512056255946,-0.9213574236833845,-1.2698622096283594,0.18333673696612998,-0.029532724343364777,1.8290701150493185,1.8150417218028219,-1.4789386777689213,-0.08989186922355662,0.7347730259164461,-2.0108201374239894,-1.2663801383940114,-1.1655208099951242,-0.7678325868267241,0.2650042338803759,-0.5158014583520323,-1.7039814814203036,-2.9646662904926946,0
-0.9197381004616596,0.2628478515156275,1.547824643298377,-0.7931959634272119,0.22462642074715672,0.6908767450133632,1.2601185889553594,-0.7577919395012578,-0.11873162480136651,-1.8310921323416147,-0.2150260156769715,-0.7275993293533409,-0.366831577345725,-0.5182066500324919,-0.7801250238048707,-0.9389662263715858,-1.8048362417090722,-0.496400225680039,-2.0120439436102853,1.2197038810563683,0.36925383574636905,-0.6441705780331402,-0.9005635289649553,-2.604539217135232,-0.18393231914306005,-1.372797936387883,-1.2459259332912318,-3.4894552438489654,0.006955894499891646,-2.038401754727505,1.4827755792220116,-1.8004683092973903,-0.9791826808056191,-1.7895211571277556,-1.0837110180679157,-0.22172644533273544,0.0018816641035482584,0.08553252208060033,0.09956731497705956,0.44725762829798216,-1.3548593939773224,-0.4598949229752747,-0.09551504737445121,-0.6749711956216963,-1.2651281032891868,0.398475697992915,-0.17735720559506865,1.7648063235816969,1.8453456163537292,-1.4319706534388277,-0.12365382132106882,0.6032562259531837,-2.081702427279684,-1.3555554463874706,-0.9342353779153121,-0.7708122283333078,0.25990497076810326,-0.48212299045693446,-1.410340755569962,-2.9954889060218477,0
1.0019093266770636,-0.3711171888512068,1.5460186466504742,-1.2402920192004008,-0.3318733998451631,1.3302139975975975,0.85773335110675,-0.7124668727974677,0.3578837752898989,-1.4466812423178816,-0.1883851354953005,-0.4481959453282921,0.04682847995627809,-0.5789301789421267,-0.5283405765451136,-1.3000527137113567,-1.4815498735559947,-0.3749352945720249,-2.1657096440378334,1.2187202550408214,0.23021405991914162,-0.4761705927235018,-0.730847970557736,-2.4770912907740485,-0.2697034224377467,-1.4622603953748992,-1.2609467291620622,-3.201539778571818,0.05634880997284962,-1.753894303000758,1.823214497305601,-2.125350207917458,-1.015355262981261,-1.6208652900498755,-0.8409232334171912,-0.315386729405251,0.07880032678103964,0.10019973314227319,-0.15726287064928574,0.4959020454240602,-1.2645500789147597,-0.42092506892993375,-0.0706503363940251,-0.7162840985519046,-1.1642882688616016,0.30885695777669997,-0.003260284312835357,1.859960877128854,1.7834081039738265,-1.4379136086656548,-0.08711705831383429,0.48185365286247306,-2.0408284397058627,-1.2494739299137405,-1.068171440313099,-0.9614165938602178,0.18956355735568278,-0.44497536549272165,-1.5815796192825753,-3.0642504764628313,2
-1.3718247652472355,1.20601330316858,1.1447383651616385,-1.9235270157956113,-0.17774764102635826,1.5335123637201886,0.7003258089937753,-0.5718045715895337,-0.08521773598275639,-1.2669126658722079,-0.41023293081605383,-0.12199741670496111,-0.08397678442215167,-0.5281387930958802,-0.7890058553753228,-1.0099615274341565,-1.863181930978066,-0.46527029372980466,-2.0483407214335996,1.3098818010223283,0.5951077433020949,-0.3524467879376838,-0.7073466004587323,-2.5185540654009806,-0.07194171377093084,-1.3653734297995916,-1.3558302123825672,-3.521618341970168,0.14123878051251407,-2.133343769733589,1.6586129405847496,-1.948543172246685,-1.1050933834140255,-1.8222255276398462,-1.0377607835669558,-0.181950214322234,0.11672981439031008,0.02160024372391804,-0.09643158949823744,0.7081387119218411,-1.3970194840466899,-0.4821434999639932,-0.5695027993693784,-0.9150736851029142,-1.2209282437639588,0.36347796886839406,0.1661730174415669,1.6494201989333162,1.805208040008618,-1.4675215347179382,-0.018300722069009123,0.5827566590937338,-2.1539734293950006,-1.414362976871456,-1.0886064179333106,-1.0354425873783475,0.43741777185212727,-0.4614328366700301,-1.5218376666921305,-2.8569203169676647,0
-1.346704010846028,1.4971791924222697,0.8982192491235115,-2.2749930858315013,-0.22153284120965602,1.7287107788786038,0.38193571758902284,-0.7236020216677836,0.6963820295442906,-1.8153968169279153,0.14199884377653293,-0.1786037651047191,-0.17067487319913643,-0.47712322996341633,-0.29001180733808923,-1.1579833896157645,-1.7965387396230617,-0.3388006943060373,-2.1782053475009993,1.3132916693047407,0.683109257344966,-0.543755674576961,-0.791914490713015,-2.6000659697735093,-0.3716520685174621,-1.4815665959034081,-1.4911348272319733,-3.657825707568556,0.05114386227660342,-1.7964930130286045,1.519265933016067,-1.879651413790992,-1.0267227302346855,-1.7217127828076888,-0.916440617553056,-0.14487731552759087,0.24123531160653683,0.1021275009292947,-0.10580152253344914,0.6937368761786843,-1.2906559774093433,-0.45657110022997477,-0.24154795968044362,-0.8165469264738292,-1.1623464011414288,0.2713561427405808,0.1281890082881176,1.7372276954514803,1.6791544629405186,-1.3898251932184076,-0.166749527359568,0.5749103741491196,-2.0644261237367285,-1.125329618783471,-1.0618290191225028,-0.8910885976195013,0.3897258116418113,-0.31494174818221415,-1.478058379829363,-3.010253098303402,0
